,R2,MAE,MSE,RMSE,MAPE
gbr,0.9792213860335739,4.731545002026797,56.24458777828553,7.135203231669857,0.010063464498635509
rf,0.9702880418234454,5.345417977150537,76.74691153049118,8.425872199339835,0.011469449278336593
xgb,0.9686992794682435,5.202510727913149,79.2030547394883,8.612158524858097,0.011237521721388834
