Base Model R^2	Base Model MAE	Base Model MAPE	Base Model SQE	Base Model RSQE
0.925499594861263	10.592794378734292	0.024096983064639393	336.8930874588836	18.354647571089007