Base Model R^2	MAE	MAPE	SQE	RSQE
0.7809523405127964	6.746666666666675	0.01314142630906467	186.22516916099772	13.646434302080442