Base Model R^2	MAE	MAPE	SQE	RSQE
0.9650983650543372	6.614550109109548	0.015615833468900697	157.86607607932342	12.564476753105296