,R2,MAE,MSE,RMSE,MAPE
xgb,0.9679480498486205,5.752992275653591,117.9521583817318,10.700974942367363,0.012544025833333295
rf,0.9678467502185241,5.729064197482561,117.66799973505454,10.698527785027625,0.012511961231098453
gbr,0.9595941204988332,7.693657047405177,146.76286156157698,11.983703585651963,0.016951005574059135
