,R2,MAE,MSE,RMSE,MAPE
xgb,0.9736762586485188,5.009047117540914,70.15922675302359,8.049966472240461,0.010773513206794243
gbr,0.9735096414536007,5.0545394416761775,70.33456243404082,8.032623206563336,0.010876639675167587
rf,0.9707696137061651,5.31507167683076,75.62736379436183,8.435619693891686,0.011395585259551949
BayesianRidge,0.9252214313895528,8.979594176642024,189.2401299578168,13.437988173576674,0.020075281682650527
