,R2,MAE,MSE,RMSE,MAPE,SD,ASD
xgb,0.9804877578056777,4.432728967626611,52.76867337467429,7.191284970902063,0.00940003720987809,7.265263667425252,5.758924038240256
