,R2,MAE,MSE,RMSE,MAPE
gbr,0.935195539525276,8.23625505627118,192.0586933466929,13.58664702775516,0.01791392855379273
rf,0.9242234092585685,8.44369687796205,229.56477318409907,14.623934470971605,0.018460251668571757
xgb,0.9062377168523584,9.433642778367968,286.1426319714013,16.394766715557566,0.02023451279398048
BayesianRidge,0.8878118685075622,11.194380272966995,333.6033368122945,17.924479645944377,0.02461756685731272
