,R2,MAE,MSE,RMSE,MAPE
gbr,0.9158784127455984,9.446994311273139,249.16080791352147,15.189829721020724,0.020509275619748198
xgb,0.9098717876759774,9.474936703518704,269.1136292191133,15.797841580961267,0.020378665610327456
BayesianRidge,0.9032304211350046,10.23858752567215,287.22884041070273,16.32376382961944,0.022202809874381675
