,R2,MAE,MSE,RMSE,MAPE
rf,0.9809664082472302,4.708781492223755,49.772883120141415,6.947961877266904,0.009875749352847789
xgb,0.9794751217539434,4.67233485743495,52.993136315459594,7.131224652429955,0.00981944619450762
gbr,0.9780667968697335,5.2991863986477,57.09515097680926,7.500681137890217,0.011119141586209394
