,R2,MAE,MSE,RMSE,MAPE
xgb,0.9199847804597722,8.736812542064769,234.3488078044324,14.663119425714601,0.01891298483184005
rf,0.91562069484511,9.307481678651655,254.90262489530647,15.509510616355419,0.02052956492003149
gbr,0.9099997291001787,9.340213599602203,273.38648447815774,16.01094966391012,0.020420795337640164
BayesianRidge,0.9018668042174491,10.560147440700316,288.3181280857659,16.399434177475392,0.022837318304420862
