,R2,MAE,MSE,RMSE,MAPE
gbr,0.945548488458735,8.336338649779659,164.21210490242032,12.683286117505698,0.017575860387377663
rf,0.9418126045598972,7.594815003818686,175.25008819283107,13.043919747884157,0.016126636294269546
xgb,0.9386294538820881,7.526163219036886,185.32388896047388,13.23796745729805,0.015997255507708023
