,R2,MAE,MSE,RMSE,MAPE
rf,0.9564809753023711,7.049048816842964,131.44629557236289,11.294313782824787,0.014873485788324276
gbr,0.9514091878738782,7.89646208374243,146.51127202531143,11.978903413949983,0.016611111245050176
xgb,0.9456733688555803,7.510277210471147,161.5279123402194,12.569981919144091,0.015861209398688157
