,R2,MAE,MSE,RMSE,MAPE,SD,ASD
xgb,0.9631697926856466,6.097589836252223,140.13729689835378,11.645508405117727,0.013396976851260973,11.832593445317755,10.144164677364847
