,H1,H2,H3,V,P1,P2,SASA,NCI,MASS
A,0.611253197,-0.09375,0.5,0.189003436,0.623076923,0.112469438,0.443484792,-0.682792486,0.38170656
C,0.442455243,-0.25,0.5,0.30652921,0.423076923,0.312958435,0.548629365,-1,0.553874806
D,-0.166240409,1,1,0.274914089,1,0.256723716,0.595944424,-0.907366164,0.618047485
E,-0.084398977,1,1,0.426116839,0.946153846,0.369193154,0.699211416,-0.685580917,0.693374584
F,0.902813299,-0.71875,0.5,0.793814433,0.4,0.709046455,0.836650394,-0.462868607,0.790366097
G,0.539641944,0.0625,0.5,0,0.692307692,0,0.330829891,0.561970153,0.306379462
H,0.089514067,-0.09375,1,0.542955327,0.8,0.562347188,0.760420578,-0.812269819,0.736473569
I,1,-0.5,0.5,0.642611684,0.4,0.454767726,0.679684566,-0.578179264,0.607687318
K,-0.47314578,1,0.5,0.687285223,0.869230769,0.535452323,0.847915884,-0.606592284,0.688319088
L,0.836317136,-0.5,0.5,0.642611684,0.376923077,0.454767726,0.725122043,-0.360602011,0.607687318
M,0.621483376,-0.34375,0.5,0.646735395,0.438461539,0.540342298,0.763800225,-0.715413503,0.704561223
N,-0.104859335,0.6875,1,0.403436426,0.892307692,0.327628362,0.621479534,-0.695793091,0.612759461
P,0.355498721,0.0625,0.5,0.287972509,0.615384615,0.320293399,0.55125798,1,0.521534993
Q,-0.140664962,0.125,1,0.554639175,0.807692308,0.4400978,0.725497559,-0.378426239,0.688086022
R,-1,1,1,0.721649485,0.807692308,0.4400978,0.725497559,-0.378426239,0.838756329
S,0.202046036,0.15625,1,0.20137457,0.707692308,0.151589242,0.487420203,-0.701333739,0.467626355
T,0.2685422,-0.0625,1,0.35257732,0.661538462,0.26405868,0.572662411,-0.710568152,0.542953453
V,0.846547315,-0.40625,0.5,0.491408935,0.453846154,0.342298289,0.617724371,-0.321984059,0.532360756
W,0.708439898,-1,0.75,1,0.415384615,1,1,-0.459790469,1
Y,0.427109974,-0.65625,0.75,0.806185567,0.476923077,0.728606357,0.889222681,-0.563925676,0.876285892
