,R2,MAE,MSE,RMSE,MAPE,SD,ASD
gbr,0.9428011751214249,7.879383025513398,195.37526262222178,13.768741499448177,0.01690791569750478,13.975666394555468,11.542290794201707
