,R2,MAE,MSE,RMSE,MAPE,SD,ASD
xgb,0.97452862942377,5.042081290829566,67.39699670480904,7.825730305066462,0.011044519835009701,8.213418244621304,6.483661032866475
