Base Model R^2	MAE	MAPE	SQE	RSQE
0.9351883404366804	9.204518566568424	0.019522888768896195	226.92622375775707	15.064070623764252