feature,p_value,score,rf,gbr,xgb,BayesianRidge,mean
p1_H1,4.50488735514237e-05,16.882762187800147,0.0001354883697630386,0.0,1.0801765e-05,0.09644054209043715,0.02414670805625048
p1_P2,3.869565150223395e-06,21.71348211191813,0.00012943353216275105,0.0,0.00025254436,0.07287700998478423,0.018314746968247843
p1_SCT,9.207847172821139e-08,29.217835880603978,5.62816780181313e-05,0.0,6.393099e-06,0.024930613245472865,0.006248322005579998
p2_H1,5.757339466520988e-06,20.925760678028237,9.89999800441965e-05,7.723218050046524e-05,9.6067335e-05,0.06735152176423313,0.01690595531497129
p2_P2,2.1881628331337109e-16,71.24991287276714,0.0002441830462454056,6.415855159975069e-06,0.0002494842,0.07623718188477406,0.019184316247716656
p2_SCT,1.812287070459251e-17,76.74869238678474,0.00018047415473628563,0.0,4.4888043e-06,0.11986054916781239,0.030011378031707014
p3_H1,4.712976347752876e-06,21.32231378984906,0.0003932725854069149,0.003202844296584398,0.00010900757,0.015340642279581275,0.0047614416822722785
p3_P2,7.239533321441416e-27,126.54861485554395,0.00025620735095322665,0.0004396212236444728,1.2694798e-05,0.0746620068508488,0.018842632555858607
p3_SCT,5.974718367533474e-10,39.55984352298949,7.77961566012747e-05,0.0,5.1031955e-05,0.14024339996717025,0.0350930570197132
p4_H1,0.001775174055573281,9.853136284846647,0.0001481070065755374,0.0,0.0002297072,0.10787586982768779,0.027063421010070168
p4_P2,4.746312419475746e-12,49.701456051235276,5.3854965296279775e-05,0.0,3.2678985e-05,0.06276685462984838,0.015713347145038116
p4_SCT,0.7727934795784587,0.08343304832780296,0.0,0.0,0.0,0.0,0.0
p5_H1,2.0835713970616863e-18,81.56267792046486,6.220415457995031e-05,0.0,0.0003498183,0.19849769541162232,0.04972742946462725
p5_P2,0.009939150025415138,6.686534148627953,4.268154039573133e-05,3.5162615613051914e-06,4.82579e-06,0.07972844150766403,0.019944866274855654
p5_SCT,7.467005632099748e-07,24.996343632115465,4.338713372688321e-05,0.0,6.5877e-06,0.17468059460950464,0.04368264236086466
p6_H1,0.005032512308332034,7.9237269602031155,6.584621488404196e-05,0.0003705512263779564,3.811317e-05,0.13916799509505054,0.03491062642621743
p6_P2,0.15751450549479348,2.0027197509438994,0.0,0.0,0.0,0.0,0.0
p6_SCT,0.0027261869331147524,9.054246301389757,0.00017210118733743438,0.0,2.5932439e-05,0.04308795746644552,0.010821497773146376
p7_H1,0.08413715906999365,2.9926289673874904,0.0,0.0,0.0,0.0,0.0
p7_P2,2.267112224766053e-07,27.394635930369482,5.688909913330589e-05,6.616888054237256e-05,2.7116981e-05,0.0182244724636174,0.004593661856091532
p7_SCT,1.3507736926120635e-09,37.8690485255682,0.0007431475984751674,0.0,3.192421e-05,0.18498047042939772,0.0464388855594449
p8_H1,0.1006962865123083,2.7024495348049955,0.0,0.0,0.0,0.0,0.0
p8_P2,1.0252588171892246e-07,28.999916358213284,0.0002445682637174442,9.000847048136883e-05,1.6981352e-05,0.13924924903092958,0.034900201779286794
p8_SCT,0.7358534803289649,0.1139059518624786,0.0,0.0,0.0,0.0,0.0
p9_H1,0.0005280980386222229,12.139529446670414,0.0006223324548552217,0.0,7.538478e-06,0.0776811804721332,0.019577762851197826
p9_P2,0.04292741201982269,4.114997189716153,0.00012563260862546655,0.00010733761051424757,0.00020519404,0.1012084627954666,0.025411656763440045
p9_SCT,7.476778528625952e-15,63.538048797963036,0.00024041447479652796,0.0009028431333460476,0.0016712558,0.2788838197307164,0.07042458328446735
p10_H1,4.551169514392183e-32,155.69546289535677,0.0011129532245878523,0.0,5.1701613e-06,0.08715464611240324,0.022068192374580315
p10_P2,2.67513790069572e-13,55.826284634815345,3.371368597173183e-05,0.0,6.272562e-08,0.04906631094055059,0.012275021838035199
p10_SCT,0.0009312115960238827,11.064972756940119,1.2562420277582566e-05,0.0,6.0147195e-06,0.17619978591342556,0.044054590763294404
p11_H1,4.718064482989693e-05,16.79264195605716,0.0003269943645848929,0.0,9.3426344e-05,0.2031839570466144,0.05090109443889791
p11_P2,0.0007761707516294796,11.409102213692117,0.00010327106120962327,0.0,8.740661e-06,0.0730757188030331,0.018296932631218833
p11_SCT,0.002601560381673238,9.141091570882447,0.00016752152376162973,0.0,5.7250333e-09,0.0804114467959263,0.020144743511180317
p12_H1,4.3298998241685184e-08,30.751077697090334,7.412565252217213e-05,0.00011795218304183146,7.043298e-06,0.025876232581752246,0.0065188384288179455
p12_P2,0.7355482450567945,0.11417962571113703,0.0,0.0,0.0,0.0,0.0
p12_SCT,0.06853558446127561,3.329220952697056,5.232158115266471e-06,0.0,4.8766665e-06,0.1450864745729759,0.0362741458493929
p13_H1,9.85346134753867e-13,53.041200681078585,0.0019102918829554385,0.0,0.0005289415,0.007180365288366863,0.0024048996710903684
p13_P2,0.16308802396985692,1.9499419992743536,0.0,0.0,0.0,0.0,0.0
p13_SCT,0.0012232307316964535,10.551197584710623,2.6911997911263304e-05,0.0,6.348502e-06,0.16723368378611866,0.041816736071560244
p14_H1,0.5447938222376794,0.367127516041386,0.0,0.0,0.0,0.0,0.0
p14_P2,0.0316491704429478,4.638185881120335,0.00013906273025643954,0.0,0.0001681926,0.08919473147426464,0.022375496699446367
p14_SCT,0.3830781948675489,0.761871363767624,0.0,0.0,0.0,0.0,0.0
p15_H1,2.5507723897065245e-06,22.541888476211174,0.00010005681288423844,0.0,2.522634e-05,0.1552492231031211,0.03884362656396581
p15_P2,7.886734830992563e-08,29.532076952254567,0.0003524796613259225,0.00071932102763091,2.585343e-05,0.05000089731482291,0.012774637858239643
p15_SCT,3.2803236946056256e-09,36.036848105370474,0.000184060272138644,9.119410051073742e-06,4.0940507e-05,0.11224714344451754,0.02812031590854197
p16_H1,0.03687649982716471,4.374800810333873,0.00017825996038219036,0.0,4.561192e-06,0.04874096259974019,0.012230945937998644
p16_P2,0.09822695649663152,2.7422706625602986,0.0,0.0,0.0,0.0,0.0
p16_SCT,1.735573955758415e-34,169.64339057627052,0.0003078256120718465,0.0,0.0014962826,0.10949364863647498,0.027824439221882193
p17_H1,0.5099755564728014,0.4346149177174997,0.0,0.0,0.0,0.0,0.0
p17_P2,1.478328737933026e-15,67.06565347343493,0.00011444391433607306,0.001524812193027187,1.2491774e-05,0.08823808553118287,0.022472458353190068
p17_SCT,2.793583736746421e-20,91.2672125332519,1.4740286341429628e-05,0.0,0.0001359163,0.046796199022833884,0.01173671390223601
p18_H1,0.03203597800542615,4.617185384968413,3.481463895621886e-05,0.0,1.7321163e-06,0.035547568112978586,0.008896028717055856
p18_P2,0.0030340301242271716,8.855960721946197,1.1306342885293542e-06,0.0,7.720331e-06,0.06374887342355422,0.01593943109727781
p18_SCT,0.01478678585710997,5.974772141945794,2.018246060161508e-05,0.0,0.0,0.4206305537839269,0.10516268406113212
p19_H1,0.06379598762850411,3.44804927072491,6.368531233862442e-05,0.0,0.0001117061,0.10561839732671512,0.02644844718388952
p19_P2,4.589380925496988e-14,59.613685774555606,5.2574793336914407e-05,0.0,1.8978153e-06,0.02785343202243865,0.006976976157771228
p19_SCT,2.1483517199693758e-06,22.883822687652867,0.00011352326684975581,0.0004961161497366092,0.0,0.29513651567786553,0.07393653877361298
p20_H1,7.851573511808495e-57,311.13678488938905,6.167648562666288e-05,0.0,5.1069883e-06,0.09202535977707364,0.02302303581274581
p20_P2,9.993879276921518e-25,114.88804945013004,7.203215924422737e-05,8.819375078104381e-05,1.463948e-06,0.0015614862008753463,0.000430794014731189
p20_SCT,7.071197978262903e-46,238.83035414917975,6.500256350036244e-06,0.0,1.9442047e-07,0.0764536201850479,0.019115078715465857
p21_H1,0.08243321824755999,3.025962109226552,0.0,0.0,0.0,0.0,0.0
p21_P2,0.2442444237181818,1.3584832522493016,0.0,0.0,0.0,0.0,0.0
p21_SCT,0.2348643802360399,1.4138788852918174,0.0,0.0,0.0,0.0,0.0
p22_H1,1.5385386228448406e-11,47.2165019977682,8.597772265140446e-05,0.0,0.00040210743,0.012259576678497143,0.0031869154571277252
p22_P2,1.4119594339234675e-13,57.196317990374716,0.00011996883270646868,0.0,1.6891647e-06,0.012079911380739215,0.003050392344541223
p22_SCT,4.6457596539012354e-09,35.320191795795225,2.2808983157727087e-05,0.0,6.953324e-08,0.06402424396697572,0.01601178062084415
p23_H1,0.2820016481108125,1.1594151340836332,0.0,0.0,0.0,0.0,0.0
p23_P2,0.28162436171938704,1.1612363222927877,0.0,0.0,0.0,0.0,0.0
p23_SCT,0.004480383167409077,8.136959782674362,0.00017353834202900044,0.0,2.0571371e-05,0.556631873013577,0.13920649568173932
p24_H1,0.0288969246443067,4.795832927398389,0.00024994017425440955,0.0,0.00054201257,0.0975263807170354,0.02457958336461401
p24_P2,0.013853063026403165,6.091050734713221,5.7816146365621795e-05,0.0,7.8022475e-07,0.026011495907084625,0.0065175230695506525
p24_SCT,0.16428288354692047,1.9388956738027001,0.0,0.0,0.0,0.0,0.0
p25_H1,0.20439829225521045,1.6140292868446164,0.0,0.0,0.0,0.0,0.0
p25_P2,0.002182076093012869,9.468083126994333,9.069534642735296e-05,0.0,0.0,0.017106988948951227,0.004299421073844645
p25_SCT,0.4952309644024945,0.46568599950855977,0.0,0.0,0.0,0.0,0.0
p26_H1,0.4657164300922657,0.5327729322468258,0.0,0.0,0.0,0.0,0.0
p26_P2,0.829480360902049,0.04642218954430816,0.0,0.0,0.0,0.0,0.0
p26_SCT,0.875229287991789,0.0246753866253993,0.0,0.0,0.0,0.0,0.0
p27_H1,3.1939185079029044e-06,22.0946521968928,0.00017756770166156165,3.3006878540487533e-06,1.5651782e-05,0.00989929133676198,0.0025239528770001816
p27_P2,0.0004055407794852339,12.64243403822706,0.00020004398702222142,0.0,1.9979636e-06,0.009171048882085182,0.002343272708185929
p27_SCT,0.5866706698253621,0.29587983592561523,0.0,0.0,0.0,0.0,0.0
p28_H1,6.6998622585054726e-37,183.81557766908034,0.0007757161324974749,0.0013159667511167515,0.00015997284,0.23151109585676047,0.05844068789561473
p28_P2,0.0008878148233236577,11.155069151253565,4.4667469075801914e-05,0.0,1.046332e-06,0.0013232102314850141,0.00034223100815145577
p28_SCT,1.1857691087583594e-22,103.76737476232202,2.379638642157314e-05,0.0005677225005255782,4.7723586e-07,0.40313770535897925,0.10093242537044608
p29_H1,0.34455789919407287,0.8947515025988968,0.0,0.0,0.0,0.0,0.0
p29_P2,1.7139402230095075e-08,32.64218231039035,0.0005161186663326199,0.0006453983502067892,0.00081647147,0.06547381528849663,0.01686295094307408
p29_SCT,0.21056329484200736,1.5707688248341531,0.0,0.0,0.0,0.0,0.0
p30_H1,0.9823863261671043,0.0004877950436747819,0.0,0.0,0.0,0.0,0.0
p30_P2,0.23052316978081144,1.4404336482531253,0.0,0.0,0.0,0.0,0.0
p30_SCT,0.9122271609759406,0.012160426919030003,0.0,0.0,0.0,0.0,0.0
p31_H1,0.0004977457561245027,12.252121333607924,0.00020475971303943085,0.0,4.8017893e-05,0.018932837888819012,0.004796403873784005
p31_P2,0.5705986471388235,0.3220217006668697,0.0,0.0,0.0,0.0,0.0
p31_SCT,0.5356896068376569,0.3840115075736874,0.0,0.0,0.0,0.0,0.0
p32_H1,0.005051200686587971,7.916934529109057,0.00021025510889822598,7.190225577965332e-05,9.93109e-05,0.051196946203136036,0.012894603616654505
p32_P2,0.021264878323136914,5.331766216808333,0.0002544789115681265,0.0,4.102021e-05,0.0056553634032620766,0.0014877156307826318
p32_SCT,0.005109148211769278,7.896035191860612,2.9264550138527262e-05,0.00033140905035303555,0.0016509456,0.11927460522996981,0.03032155611579497
p33_H1,3.673410187835486e-23,106.47940687636982,0.0004235693375480748,0.00026109672737950433,0.001367586,0.015224289911545971,0.004319135485709275
p33_P2,0.632688355212117,0.2286570329570122,0.0,0.0,0.0,0.0,0.0
p33_SCT,6.0312680734234535e-09,34.783460002838154,0.00043301883086090717,0.0026025675506851816,3.6729197e-08,0.18424382943938583,0.04681986313753234
p34_H1,0.0006570578627605574,11.724657340694305,8.369945864004581e-06,0.0,3.815267e-06,0.1364301921967471,0.03411059435241879
p34_P2,0.4657162590360062,0.532773341035903,0.0,0.0,0.0,0.0,0.0
p34_SCT,0.07776507702584252,3.121242891902402,0.0,0.0,0.0,0.0,0.0
p35_H1,0.7708809944287721,0.08488418810608829,0.0,0.0,0.0,0.0,0.0
p35_P2,1.7638599378207944e-24,113.55592717584008,9.98926055677564e-05,0.0,8.88952e-05,0.035948031997278,0.009034204950244533
p35_SCT,0.007035756962294897,7.311990359827965,7.79149335101619e-05,0.0,6.522961e-07,0.2230232169608797,0.055775446047617534
p36_H1,1.8075639008752988e-06,23.228168620353966,5.5036484584052714e-05,0.0,2.2765084e-06,0.2318525550522623,0.05797746701132147
p36_P2,0.008515869281324587,6.965637684513964,3.9327579166529776e-05,0.0,9.365567e-06,0.009020105736240248,0.002267199720643255
p36_SCT,0.06478294424083349,3.422542692597996,3.013436685165905e-05,0.0,0.0,0.1507153832696194,0.03768637940911776
p37_H1,0.003297660260337101,8.701813197028587,0.000551270201690801,0.0010656196838441086,0.0002456611,0.07936097789977184,0.020305882220430324
p37_P2,1.9195794672206084e-24,113.35776925974801,0.00022077605142796288,0.0,0.00045669955,0.04122719879846735,0.01047616859960433
p37_SCT,9.404827989229295e-26,120.45676981320152,0.0002913546646338769,2.1434704789017402e-05,2.124307e-06,0.22084358724297523,0.055289625229850106
p38_H1,4.988237550196307e-08,30.463014462793666,0.0003230312487751769,0.0,1.6390642e-05,0.09766773257784886,0.024501788617277493
p38_P2,5.460831255832248e-06,21.03046492082942,7.967938452082431e-05,0.0,1.995993e-06,0.03578881332560488,0.008967622175778593
p38_SCT,0.05029325597757983,3.8464841327382806,2.370674648052666e-05,0.0,0.0,0.24289011487000808,0.06072845540412215
p39_H1,1.5077836832814284e-13,57.05538938790558,3.0210820187535853e-05,0.0,5.3148375e-05,0.010390731403004283,0.0026185226494774916
p39_P2,3.3213142597795852e-21,96.11319846226134,0.0008230950363675141,0.0,7.1782466e-05,0.001162514005441362,0.0005143478769437072
p39_SCT,0.25532130318817414,1.296324036008088,0.0,0.0,0.0,0.0,0.0
p40_H1,2.0070910560120812e-10,41.83017575932425,4.290977273434076e-05,2.590594234988031e-08,1.2291074e-05,0.05568038684923842,0.013933903400528606
p40_P2,0.0008140346854209501,11.3190151091954,0.0002743581720271845,2.986450852360541e-05,7.184062e-07,0.02204965825160518,0.00558864983459573
p40_SCT,5.2711718845628895e-17,74.38600309084013,4.345810002338777e-05,0.0,2.37556e-06,0.06317994985056842,0.015806445877626925
p41_H1,2.803386513073207e-05,17.80930292326175,0.0004136474690925529,0.0,5.677471e-05,0.07634395221939266,0.019203593599210075
p41_P2,1.4617485820910328e-17,77.22545328860775,0.00019969678027798013,0.0,0.0010586461,0.202442942091491,0.050925321250070474
p41_SCT,1.5816298500701588e-18,82.178699567612,0.0001258376890281517,0.005362668935673824,0.00039606614,0.3744344122011002,0.09507974624183745
p42_H1,1.265235537655737e-28,136.26857773947305,0.00011102046915253607,9.059778128350528e-05,1.0509364e-05,0.0629338347023265,0.01578649057920916
p42_P2,0.01653713914662335,5.775912772696257,5.0539362399870365e-05,0.0,0.00016882265,0.0993966272777296,0.02490399732191688
p42_SCT,0.027237756277170157,4.898637465894263,2.207216573842757e-05,0.0,0.0,0.30105924176607274,0.07527032848295279
p43_H1,1.1794281401453226e-29,142.02834538497927,4.0341128698591015e-05,0.0013323154412850972,4.6423673e-05,0.14496232620292662,0.03659535161141674
p43_P2,3.0638049734076654e-29,139.7056695090122,0.00017173144243202645,0.0,1.7842723e-07,0.03799568595677761,0.009541898956609547
p43_SCT,5.481323374318823e-19,84.55258104129261,2.229228983150181e-06,0.0,0.0,0.10248911198146841,0.02562283530261289
p44_H1,0.005860279006940526,7.645139444543564,0.00010461975450961639,0.0,3.7319599e-06,0.05988686810858033,0.014998804955735107
p44_P2,1.7118005427019097e-08,32.64473708234559,1.4579638873122081e-05,2.1645699779027082e-06,0.00039169646,0.11278526264311829,0.028298425828827085
p44_SCT,1.1842363882683948e-06,24.0727856243654,1.1488486665602764e-05,0.0,4.932315e-06,0.09615577558560287,0.024043049096772927
p45_H1,0.16716750256508373,1.9126027418625504,0.0,0.0,0.0,0.0,0.0
p45_P2,0.002821582127335991,8.990459746036784,0.0004061890495601627,0.0,3.4029144e-05,0.06838921488906745,0.01720735827076803
p45_SCT,0.0006217058611279393,11.829561944620563,0.0008295773967429379,0.0008881808884801524,0.00018914722,0.12189677474813229,0.030950920063395348
p46_H1,0.03639099809063776,4.397558879551471,0.0001961229027288409,0.0,4.487863e-05,0.07297486134926366,0.018303965720606434
p46_P2,8.160712993661129e-08,29.46276612248734,8.951654560459857e-07,0.0,3.6944175e-07,0.006141743930703106,0.0015357521344773082
p46_SCT,2.2342259717716257e-11,46.430656082367,8.986214531949925e-05,0.0,0.0,0.0736833561779985,0.0184433045808295
p47_H1,0.8492509318766788,0.03615814022170625,0.0,0.0,0.0,0.0,0.0
p47_P2,3.1250055719554085e-56,307.02335175426674,8.98686829473134e-05,0.0,9.822838e-06,0.09556879317953061,0.023917121175210714
p47_SCT,3.969690841442799e-31,150.33931798780017,4.271782751335906e-06,0.0,0.0,0.2424185775592145,0.06060571233549146
p48_H1,0.7386952286645905,0.11137557106105717,0.0,0.0,0.0,0.0,0.0
p48_P2,0.02010939577518369,5.430102081463945,0.0004683838866445776,0.00019997290634490126,1.7324244e-05,0.031147562564570044,0.007958310900453448
p48_SCT,0.04728146937230262,3.950902395693646,0.00021768420887664333,0.0,2.9977775e-05,0.20776310501796855,0.052002691750418696
p49_H1,0.14873985914611504,2.0902746297028205,0.0,0.0,0.0,0.0,0.0
p49_P2,0.1861906666107652,1.7513465303516773,0.0,0.0,0.0,0.0,0.0
p49_SCT,0.01216076754339583,6.324027558975396,0.0002824916822018062,0.0,8.3116574e-05,0.08267997581066515,0.02076139601681362
p50_H1,5.588616868784475e-34,166.69360025746556,7.90969000104207e-06,0.0,0.0,0.15111325550602028,0.03778029129900533
p50_P2,5.560340883930718e-19,84.5204599986257,7.514356563593618e-05,0.0,0.0,0.041781378766998827,0.01046413058315869
p50_SCT,0.001076389937890801,10.791823657599325,6.946574649391619e-07,0.0,0.0,0.025098810714585675,0.006274876343012653
p51_H1,2.3995290604112352e-21,96.8560609021328,0.0015118883563909197,0.0,0.0019433944,0.22252808756413392,0.05649584258646248
p51_P2,0.00296621530777484,8.897822688277667,0.0003331060261125325,0.0,5.0321756e-07,0.07788401038662322,0.019554404907574843
p51_SCT,5.291040369155073e-13,54.36771842969436,0.00012261452588549653,0.0,0.0,0.1378558173630212,0.03449460797222667
p52_H1,0.3751106855628996,0.7877880640065217,0.0,0.0,0.0,0.0,0.0
p52_P2,8.123135549288699e-06,20.24500289542392,0.0003396376782695691,0.0001130359122407411,0.00024352765,0.07836466295326554,0.01976521604961267
p52_SCT,1.214547820368059e-09,38.08905304232704,0.00023587401650555074,0.0,4.1287385e-05,0.019437806785070795,0.00492874204666956
p53_H1,1.6106835771242577e-16,71.92366017417268,1.4556388123461329e-06,0.0,1.6341146e-06,0.006416143316710484,0.0016048082675298393
p53_P2,0.00021575756567729888,13.850542812273028,8.923833462851087e-06,0.0,1.5623984e-08,0.027582316581010655,0.006897814009614348
p53_SCT,0.0005500557463764896,12.06208915111161,3.6597906066295074e-05,0.0,0.0,0.028634788126103997,0.007167846508042573
p55_H1,0.6349325700156857,0.2256517775411061,0.0,0.0,0.0,0.0,0.0
p55_P2,0.8438557825492898,0.0388269831407611,0.0,0.0,0.0,0.0,0.0
p55_SCT,0.0006161373704238664,11.846635145408738,0.0001777868687086281,0.0,1.4752483e-06,0.07189566183239045,0.01801873098734188
p56_H1,6.890671045012612e-13,53.803808771801414,7.119355894586615e-05,0.00040552601916969195,0.0009153351,0.07043199752780674,0.017956013047442074
p56_P2,0.001735877053863409,9.894981904101561,0.00010158893415546148,0.0,0.00041166783,0.12026113452016458,0.030193597821565155
p56_SCT,0.8368186302387318,0.04245671718450305,0.0,0.0,0.0,0.0,0.0
p57_H1,0.004127701303506222,8.287714295584356,2.978980899823274e-07,7.13357166276291e-07,0.0,0.06397717614258086,0.01599454684945928
p57_P2,0.0036463806789622036,8.516174070626098,5.27786355479474e-07,0.0,0.0,0.024239362250595704,0.006059972509237796
p57_SCT,0.0045928423270711624,8.091427574004495,2.978980899823274e-07,7.13357166276291e-07,0.0,0.06397717614258086,0.01599454684945928
p58_H1,0.012769156561736487,6.236626619621801,4.189892365015225e-05,0.0,0.0005743618,0.11494124426068782,0.02888937625207571
p58_P2,0.09925534668739767,2.7255548977754285,0.0,0.0,0.0,0.0,0.0
p58_SCT,1.0,0.0,0.0,0.0,0.0,0.0,0.0
p59_H1,2.9417265044578743e-33,162.5234187682153,0.00011894607421329368,0.0,0.0004312388,0.06693766999228933,0.01687196371413633
p59_P2,0.00012426993089447022,14.913374807796021,7.99730968021658e-05,0.0,2.6168912e-06,0.12804891528218715,0.03203287631753527
p59_SCT,0.3119550364236697,1.0240338755218432,0.0,0.0,0.0,0.0,0.0
p60_H1,0.3000604156893518,1.0757068142439998,0.0,0.0,0.0,0.0,0.0
p60_P2,0.009686878678798394,6.732881689676848,7.405959403762008e-05,0.0,1.5506747e-06,0.0463883960223219,0.011616001572767484
p60_SCT,0.00011059287717540679,15.138746354436405,0.0,0.0,0.0,0.05576353244177918,0.013940883110444795
p61_H1,0.8532630581304079,0.03423722292466445,0.0,0.0,0.0,0.0,0.0
p61_P2,0.7600506311054556,0.09335938817389733,0.0,0.0,0.0,0.0,0.0
p61_SCT,0.709484332642994,0.13891887171419745,0.0,0.0,0.0,0.0,0.0
p62_H1,0.004450047271734478,8.149442083630413,0.000405228514593973,9.129736334943164e-05,4.2265576e-05,0.0676903842396895,0.017057293923347597
p62_P2,4.3661760533548445e-05,16.94374221475826,0.00020160723151853353,0.0,1.2348777e-05,0.0599293764251487,0.015035833108439475
p62_SCT,0.4656662935906771,0.5328927583989396,0.0,0.0,0.0,0.0,0.0
p63_H1,0.550592206452479,0.3566435270170647,0.0,0.0,0.0,0.0,0.0
p63_P2,0.7113698887669331,0.13703690954700115,0.0,0.0,0.0,0.0,0.0
p63_SCT,0.917336424412494,0.010780954019939079,0.0,0.0,0.0,0.0,0.0
p64_H1,0.035313997795058144,4.4492020948255515,0.0003696251703710832,0.0,0.0024764538,0.019933048384896058,0.005694781834098768
p64_P2,0.9368334257468242,0.006285682205373928,0.0,0.0,0.0,0.0,0.0
p64_SCT,2.3030350730112e-07,27.36290254634811,0.0004499756668700894,0.0,0.0,0.05346956130852155,0.01347988424384791
p65_H1,0.012516547182968263,6.272384257410303,9.567412155804513e-07,0.0,6.4995686e-05,0.013271815815067185,0.0033344420604542128
p65_P2,0.09230480149505096,2.842408715688114,0.0,0.0,0.0,0.0,0.0
p65_SCT,0.047082096978342605,3.958061260440328,4.618780630550046e-05,0.0,0.0,0.11274326287769912,0.028197362671001154
p66_H1,0.7198793810872965,0.1287243006181933,0.0,0.0,0.0,0.0,0.0
p66_P2,0.30972324662301287,1.0335321956456829,0.0,0.0,0.0,0.0,0.0
p66_SCT,0.33590459564083863,0.9274257105703329,0.0,0.0,0.0,0.0,0.0
p67_H1,0.08566733948190217,2.9633123521397544,0.0,0.0,0.0,0.0,0.0
p67_P2,0.6961071259556697,0.15269386832152598,0.0,0.0,0.0,0.0,0.0
p67_SCT,1.0,0.0,0.0,0.0,0.0,0.0,0.0
p68_H1,6.6049346921410225e-09,34.59676466337964,2.184719510292002e-05,0.00029363909722784394,1.5491363e-05,0.16005356575455026,0.04009613585252742
p68_P2,0.16411414359952822,1.9404500663678652,0.0,0.0,0.0,0.0,0.0
p68_SCT,0.03204743763953051,4.616567273315762,3.530676492136906e-05,0.0,0.0,0.15819041573813208,0.03955643062576336
p69_H1,0.0004156898383868451,12.595290696461493,1.1152809548537817e-05,1.0608565401774053e-06,3.0840245e-05,0.06539837308058727,0.016360356747923323
p69_P2,3.642638147559481e-05,17.297315416339277,5.598661650301361e-05,0.0,2.5344638e-05,0.030063226576795214,0.007536139457782999
p69_SCT,7.008312443114307e-28,132.14114852427997,0.0,0.0,0.0,0.012645868478316405,0.0031614671195791012
p70_H1,0.6337574011495444,0.22722241702437596,0.0,0.0,0.0,0.0,0.0
p70_P2,0.007633414148921553,7.163885155691706,2.4284347836706404e-06,0.0,0.0,0.009391620965225004,0.002348512350002169
p70_SCT,1.214325129920092e-05,19.451981345055316,0.0002638984130053837,0.0,0.0,0.1869304039310571,0.04679857558601562
p71_H1,0.8430968659534251,0.03921031795642964,0.0,0.0,0.0,0.0,0.0
p71_P2,0.8063114941183709,0.06016768512294361,0.0,0.0,0.0,0.0,0.0
p71_SCT,0.6255402705725136,0.2383928595817059,0.0,0.0,0.0,0.0,0.0
p72_H1,0.10039951595736124,2.707178504701251,0.0,0.0,0.0,0.0,0.0
p72_P2,0.05611122917165386,3.662337892180569,1.5685361972666165e-06,0.0,1.8393945e-07,0.006502539194941753,0.0016260729176468952
p72_SCT,0.08224117178530066,3.029765691489062,0.0,0.0,0.0,0.0,0.0
p73_H1,3.4826539903603405e-13,55.26168451948888,8.126666323840341e-05,0.0,3.3350384e-06,0.06962190996099887,0.017426627915659347
p73_P2,5.147345395068408e-06,21.147580789921655,1.679095143649029e-05,0.0,0.0,0.02335481753628517,0.005842902121930415
p73_SCT,0.8048679431477347,0.061086463890823214,0.0,0.0,0.0,0.0,0.0
p74_H1,0.04798463604048701,3.92590622314285,7.822936774337457e-05,0.0,2.6767777e-06,0.028312851074133,0.00709843930490407
p74_P2,2.119223288392138e-09,36.93812598182643,1.4344730309615698e-05,0.0,1.7946077e-05,0.016345429084327567,0.004094429972833247
p74_SCT,1.8359138446918185e-09,37.234555133533256,1.4344730309615698e-05,0.0,1.7946077e-05,0.016345429084327567,0.004094429972833247
p75_H1,0.0011199216213933104,10.717177072258597,9.161503407885736e-07,0.0,0.0,0.010522541070839298,0.0026308643052950216
p75_P2,0.0009713221100715805,10.985407484101733,1.4422032385252812e-06,0.0,0.0015499755,0.00797294883950308,0.00238109163090648
p75_SCT,0.12593467360093108,2.348178590537896,0.0,0.0,0.0,0.0,0.0
p76_H1,0.9184843274864202,0.010482571899935676,0.0,0.0,0.0,0.0,0.0
p76_P2,0.564961043962376,0.3315392642294641,0.0,0.0,0.0,0.0,0.0
p76_SCT,0.3179481462404763,0.9989613280575309,0.0,0.0,0.0,0.0,0.0
p77_H1,0.8080892208116132,0.05904634949288768,0.0,0.0,0.0,0.0,0.0
p77_P2,0.12497895850790328,2.360106338883293,0.0,0.0,0.0,0.0,0.0
p77_SCT,0.753905788737955,0.09836440386421998,0.0,0.0,0.0,0.0,0.0
p78_H1,3.3624807504207766e-22,101.36418472158962,2.518433825053797e-06,5.9459639106061644e-09,9.988653e-06,0.013351411617514105,0.003340981162548637
p78_P2,2.179265769084434e-15,66.21918449404212,6.857411668184435e-06,0.0,9.838568e-05,0.01097550761470428,0.002770187676782598
p78_SCT,1.0,0.0,0.0,0.0,0.0,0.0,0.0
p79_H1,7.83503588928405e-47,244.90554788998364,4.7099754185014404e-07,0.0,5.031713e-07,0.06571569079826334,0.016429166241774564
p79_P2,1.537678486957945e-18,82.24171907764907,0.00010207507021760938,5.168088469729041e-06,4.107245e-05,0.01866742849054136,0.004703936024726173
p79_SCT,4.772587621962036e-46,239.91282629190403,4.7099754185014404e-07,0.0,5.031713e-07,0.06571569079826334,0.016429166241774564
p80_H1,0.025618546102875166,5.005465535421487,0.00021276034782525668,0.00021314390858736366,1.2290929e-05,0.16402724030726867,0.04111635887309036
p80_P2,8.187689290910564e-05,15.720982265329626,0.0006373099460257314,0.0005277713823252158,0.000109679546,0.024004170806494904,0.006319732920175949
p80_SCT,0.4011657101705197,0.7057900455796873,0.0,0.0,0.0,0.0,0.0
p81_H1,1.3412238973763862e-10,42.67177973188728,0.00020196803709291114,0.0,2.6496384e-06,0.08153630942972184,0.02043523177630819
p81_P2,4.4790935936487603e-08,30.682113087122687,2.070361249499284e-05,0.0,6.388111e-07,0.06388867258462524,0.01597750375205906
p81_SCT,0.0030642070401888984,8.837638129559803,9.972911049659861e-05,0.0,2.7924698e-05,0.23004065794667158,0.05754207793875723
p82_H1,4.0392734367751794e-25,117.0174572385052,2.4528938220596685e-06,0.0,9.1289127e-07,0.036274045346337554,0.009069352782856548
p82_P2,1.1581113307002894e-20,93.26668603972188,1.16347712586255e-05,0.0,1.0270322e-06,0.003238025174267068,0.0008126717444380171
p82_SCT,3.2046469360695744e-12,50.53391906966945,4.600984622511238e-06,0.0,2.7543948e-08,0.17915687661209234,0.044790376285165606
p83_H1,0.19166572739139054,1.7084560262108488,0.0,0.0,0.0,0.0,0.0
p83_P2,1.772496614359676e-07,27.891782809267134,0.0014627772934334064,0.0015039757372414101,0.00042617953,0.04192823644175344,0.011330292249525878
p83_SCT,7.382499471561608e-08,29.66620939888055,0.0006587320905522275,0.0,6.6353255e-06,0.2981961850073239,0.07471538810583464
p84_H1,6.144393210095227e-09,34.74527056868357,0.00012886034003867298,0.0,0.0047692982,0.10711533233176189,0.02800337272994839
p84_P2,5.0713211609446346e-14,59.398482826106616,0.0003564309636904163,0.0,0.0,0.0306976808906352,0.007763527963581404
p84_SCT,0.013022255934025468,6.201523379427992,8.285325053730018e-05,0.0,0.0,0.2456790900385913,0.061440485822282155
p85_H1,1.6223529343506552e-31,152.5475368793373,0.009599613845298442,0.01778335592749945,0.0010192285,0.46177948989021295,0.12254542203640745
p85_P2,1.8072652252684802e-13,56.6667228211138,0.004576502328417938,0.0020233502822905904,0.00066746445,0.273618315267038,0.07022140808286839
p85_SCT,2.4596394452174293e-38,192.36582005873487,0.0001702970167292317,0.0004824945194929203,5.957767e-07,1.0,0.250163346828237
p86_H1,0.3008527293536117,1.0721828802573707,0.0,0.0,0.0,0.0,0.0
p86_P2,0.5292586404961225,0.3962563826102047,0.0,0.0,0.0,0.0,0.0
p86_SCT,4.870453300165344e-08,30.5116333901007,0.0004610556249449367,0.0,0.000119453776,0.07075199112209617,0.017833125130829908
p87_H1,0.4975443811885307,0.46070744642330996,0.0,0.0,0.0,0.0,0.0
p87_P2,0.7637667123827642,0.09040186864126515,0.0,0.0,0.0,0.0,0.0
p87_SCT,0.38792249107283205,0.7464844354508139,0.0,0.0,0.0,0.0,0.0
p88_H1,0.2561952297807575,1.2915615915016008,0.0,0.0,0.0,0.0,0.0
p88_P2,0.0003044369929559622,13.190343614706919,0.0001460310276664298,0.0,8.476798e-05,0.014668814887953512,0.003724903473069823
p88_SCT,0.00013281156764999,14.785001337511169,9.888072067187766e-05,0.00020903236068532205,5.436508e-05,0.3665003923107555,0.09171566761766324
p89_H1,3.830756116733922e-78,469.7602463887085,0.005794073257375938,0.006773716764768929,0.0016669668,0.4323892960514516,0.11165601322483003
p89_P2,1.8056203284588865e-09,37.26893519643704,0.005203963412576843,0.026715835079007866,2.0612522e-05,0.19694098729212495,0.05722034957651455
p89_SCT,8.475399601854654e-38,189.15413971990503,0.0005265377926724109,0.00013140149654732652,0.0006191332,0.03736744695053802,0.009661129854359197
p90_H1,1.7798904887465095e-06,23.258944981818402,0.0013121168583651492,0.0005415343977524535,0.00011420847,0.03164986951327452,0.008404432310585743
p90_P2,8.996519736558957e-08,29.26493015776728,0.001038468240028484,0.0013850637310958362,7.91156e-07,0.11252908412330277,0.02873835181261328
p90_SCT,0.7545798234820051,0.09780839574545548,0.0,0.0,0.0,0.0,0.0
p91_H1,0.8428219535818738,0.03934966124771554,0.0,0.0,0.0,0.0,0.0
p91_P2,0.024345029658484063,5.0945496883622345,0.0003419090296264981,0.0006213557749425347,1.5787559e-06,0.19813468453133054,0.04977488202295684
p91_SCT,2.4485851292800134e-48,254.56373068428795,4.678583442869595e-05,0.0004746888407867519,0.0,0.17904931398978532,0.044892697166250196
p92_H1,7.72790316206384e-29,137.46159772164913,0.0003172453849698438,0.001245417356979125,0.00016449875,0.3698785572044702,0.09290142967401849
p92_P2,2.1840887295071104e-10,41.653910130100044,0.0020014316853429024,0.003224449990377839,0.0019165663,0.11477183133643236,0.030478569823433135
p92_SCT,2.2153053348548235e-09,36.846574155431036,0.0003144673695212733,0.0,2.6018488e-06,0.06880368589236191,0.017280188777668678
p93_H1,2.782674424368006e-85,528.7233111038687,0.045991098640434935,0.0444246533252041,0.0048836772,0.21597662268541776,0.07781901297101683
p93_P2,4.2682990848691604e-26,122.32805226000937,0.0023639994054303845,0.02607711893912272,0.0032513905,0.06555747039645395,0.024312494818166545
p93_SCT,1.5904875988330776e-32,158.30911534893536,0.0003654647640470056,0.0005974808063801174,5.0835324e-06,0.42895583014407235,0.10748096481172852
p94_H1,1.7046369778361874e-05,18.78480583617593,0.00020025578242779807,0.0,2.6307034e-06,0.003483975715708137,0.000921715550389093
p94_P2,3.272404848229238e-66,377.8873690052308,4.4205439552452996e-05,0.00019702315742372507,2.1830776e-05,0.15878771839526254,0.03976269444204709
p94_SCT,4.5390996920977796e-77,461.1576750017301,5.6432733775897485e-06,0.0,0.0,0.294312194189534,0.0735794593657279
p95_H1,0.033839010289184075,4.522674743108743,0.00036644513901644285,0.0,1.7269524e-05,0.149683518454025,0.03751680827915937
p95_P2,1.6020386438059294e-16,71.9355004846093,0.003637792127178039,0.0070513298415217,0.0025127316,0.18912287701038463,0.05058118264211532
p95_SCT,1.1896130826410189e-07,28.69863921292612,0.000143091678326154,0.0,0.0,0.14702497633805853,0.03679201700409617
p96_H1,5.330209576001272e-14,59.29121050496789,3.185026002501219e-05,0.00026920964800065435,0.00043173233,0.27070015031788885,0.06785823563967852
p96_P2,2.0938082835053557e-18,81.55172937050396,2.543512853698841e-05,2.213160677238417e-07,2.7710275e-05,0.10811959867269078,0.02704324134817133
p96_SCT,1.0167443122607514e-08,33.71146553144431,1.945480752039604e-05,0.0,2.7719264e-07,0.5129416094605104,0.1282403353651678
p97_H1,0.00013499945823376212,14.753460264108911,2.162060089486796e-05,0.0,1.909288e-05,0.11516740176010376,0.028802028810347942
p97_P2,9.704247612670107e-10,38.55378150864219,0.0004094453080056371,0.0,9.957145e-07,0.08930564740293509,0.022429022106349793
p97_SCT,1.818043021459397e-07,27.840503142576168,7.041849049139881e-05,0.0,0.0,0.08326858798829607,0.02083475161969687
p98_H1,1.8015595469399653e-08,32.54022757516034,0.00022845953034876187,0.0005975649084042881,2.7701426e-05,0.06036461720287684,0.01530458576690907
p98_P2,8.62661042334129e-24,109.84729313372696,7.269270331976717e-05,0.0,5.055135e-05,0.13408739834909908,0.03355266060034897
p98_SCT,0.4158109722547466,0.6630042062415886,0.0,0.0,0.0,0.0,0.0
p99_H1,5.756210655450399e-09,34.87940241878238,0.005299122652366426,1.166544294386099e-05,0.00012608744,0.026116775233198664,0.007888412692491829
p99_P2,9.491436920683369e-06,19.93768170867626,0.0012175697734295517,0.000510835979648467,0.00012016861,0.06313676037275591,0.016246333683961056
p99_SCT,4.2899137388871234e-09,35.484192409767985,0.0006238504583098675,0.0014561562375576614,2.7963015e-06,0.16463357893428693,0.041679095482910426
p100_H1,3.268138074488e-08,31.324237424508794,5.280785735473683e-05,0.0,0.00067992555,0.11283514983615325,0.028391970810820837
p100_P2,0.002414290769308372,9.279894704631891,0.00013847900053073916,0.0,9.1510486e-07,0.0077993585799772756,0.001984688171342753
p100_SCT,0.0002989044489364619,13.225447346125673,0.00011767950485256815,0.0,0.0,0.17241986952733973,0.04313438725804807
p101_H1,0.10272613089441683,2.6705083447592037,0.0,0.0,0.0,0.0,0.0
p101_P2,0.003107370156268124,8.811747740589741,5.773739156834647e-05,0.0,1.3283658e-05,0.1458471683649516,0.03647954735353212
p101_SCT,0.01545128491571206,5.89654770658198,6.554339833409824e-05,0.0,0.0019964648,0.13371906682687573,0.03394526875492787
p102_H1,0.13544182000278865,2.234756136929933,0.0,0.0,0.0,0.0,0.0
p102_P2,1.4323178140974284e-26,124.92256976449721,0.026671826743907508,0.02907813951223576,0.1498436,0.10583598547366631,0.07785738877559585
p102_SCT,1.0359014679543251e-05,19.76515808228807,1.981342629566423e-06,0.0,0.0,0.2646642514148653,0.06616655818937373
p103_H1,1.4935754385365867e-07,28.23801587683577,0.0012322364658235243,0.0005215234848798435,0.0002512581,0.011769024126261615,0.0034435105473055823
p103_P2,1.3517049691484283e-05,19.240968622515865,0.000292998464249292,0.0007251712241061937,0.0012134231,0.2453071565765998,0.06188468733945121
p103_SCT,0.020331587552298937,5.410744948549398,6.168429342967394e-07,0.0,0.0,0.10591141256641554,0.02647800735233746
p104_H1,2.1972140618263923e-12,51.335038563104625,0.00030173893249622235,0.0,0.00016043267,0.012218641438455767,0.0031702032597513835
p104_P2,0.0003613634529088953,12.862592019277795,0.0002691595669787913,0.0,4.0643343e-05,0.03977173816150556,0.010020385267821022
p104_SCT,0.0052260583836159225,7.854598005446694,8.821932042624679e-05,0.0,0.0,0.07166895051071906,0.017939292457786325
p105_H1,0.7649854719905995,0.08944319614135213,0.0,0.0,0.0,0.0,0.0
p105_P2,0.05869519243292963,3.5869668752125934,3.081209692194607e-06,0.0,1.806471e-05,0.1769216178329791,0.044235690938009255
p105_SCT,0.07516089819029564,3.1771177994355333,0.0,0.0,0.0,0.0,0.0
p106_H1,4.0120108684338694e-21,95.68184454550625,0.0003207200678452207,0.0,0.00023227344,0.16438592363871907,0.04123472928570804
p106_P2,0.11038840338965619,2.555891330551283,0.0,0.0,0.0,0.0,0.0
p106_SCT,0.012008026383749182,6.346678065260941,2.423252902585306e-05,0.004545016028531079,1.834226e-06,0.057346802909925484,0.015479471423384253
p107_H1,0.582406253375332,0.30267542450547674,0.0,0.0,0.0,0.0,0.0
p107_P2,0.0002253182046416288,13.767269760392214,0.0015028486226610447,4.320827760955209e-05,1.7021805e-05,0.02837323591370583,0.007484078654625137
p107_SCT,0.23906389163689498,1.3887510046213347,0.0,0.0,0.0,0.0,0.0
p108_H1,0.588583677883489,0.2928638060654802,0.0,0.0,0.0,0.0,0.0
p108_P2,7.1855693532931915e-12,48.823878056513706,0.0006444519499561914,0.0,2.6392777e-06,0.16011661980234482,0.040190927757495686
p108_SCT,2.6294231870954196e-10,41.267098501836315,0.00018229531212575237,0.0,0.0,0.08478734609951873,0.02124241035291112
p109_H1,0.11561617822454069,2.482611602970635,0.0,0.0,0.0,0.0,0.0
p109_P2,0.1429054068507175,2.151795959548351,0.0,0.0,0.0,0.0,0.0
p109_SCT,0.11106790056318241,2.546152384180308,0.0,0.0,0.0,0.0,0.0
p110_H1,1.9318082314608284e-08,32.39752590598976,0.0001889237863721239,0.0,2.4869334e-05,0.014635008871070509,0.0037122004978815664
p110_P2,0.024416592851706886,5.08941643325506,0.00038683714423650887,4.460206792491435e-06,0.00018692057,0.05294523603202191,0.013380863489130042
p110_SCT,0.15534716015426836,2.023821035875593,0.0,0.0,0.0,0.0,0.0
p111_H1,0.0002256103121150586,13.76478207891634,0.0006385349056440902,0.0001778873419924133,1.5982805e-05,0.05852896117484788,0.014840341556884289
p111_P2,0.6388832245843956,0.22042045220336762,0.0,0.0,0.0,0.0,0.0
p111_SCT,0.08535340488806137,2.9692804758827487,0.0,0.0,0.0,0.0,0.0
p112_H1,8.113097897955663e-07,24.829976005757256,0.005197597723991015,0.0064217018371772495,0.00059246266,0.04320429243714529,0.01385401366464817
p112_P2,0.5038084441304114,0.44742179166612916,0.0,0.0,0.0,0.0,0.0
p112_SCT,0.9700025825766995,0.001415271234503924,0.0,0.0,0.0,0.0,0.0
p113_H1,0.168449451217458,1.9010844857830234,0.0,0.0,0.0,0.0,0.0
p113_P2,3.586538359858269e-21,95.93776017956635,0.00010436034982662335,4.8162307675880575e-09,0.00010932592,0.041789333052185886,0.010500756034502314
p113_SCT,2.966268031205041e-18,80.77409799167722,6.248268055527873e-05,0.0,0.0,0.31882262030067937,0.07972127574530866
p114_H1,3.395756758583831e-30,145.0687106282833,0.0015887716648280842,0.0027490041438166224,0.0023794686,0.08535045520325554,0.023016924913518862
p114_P2,0.7460517037915972,0.10497133485550987,0.0,0.0,0.0,0.0,0.0
p114_SCT,0.0012704073643027942,10.480080545902386,5.592561341119356e-05,0.0,9.595667e-07,0.19527452802862036,0.04883285330218419
p115_H1,5.2883363902465e-11,44.62020087248224,0.002352874094084019,0.0014565446975742674,0.00047342404,0.018503439234537032,0.005696570515446365
p115_P2,7.769370900492406e-08,29.562511187919466,0.0013248897480217492,0.0012393646340289,9.856133e-05,0.09121502631688501,0.023469460507146586
p115_SCT,0.0004844712603425305,12.303565703459261,0.00037787392800656773,8.615638326474411e-06,0.0014125489,0.2688868532914067,0.0676714729493593
p116_H1,6.789767488192217e-17,73.82706484219682,1.4379958277690188e-05,0.0,6.811384e-06,0.0052860147407521145,0.0013268015207780859
p116_P2,8.459918968478972e-27,126.1770440986173,7.064285641796257e-05,0.0,0.0,0.057058404407913495,0.014282261816082864
p116_SCT,4.360395417777327e-23,106.08196924033413,4.564955283994691e-05,0.0,8.49295e-08,0.1434460209590399,0.03587293886034582
p117_H1,0.0012088129633631383,10.573488156021352,0.0017731492710989492,0.00021634411282878783,0.0001112362,0.1261409720440135,0.03206042540713774
p117_P2,0.029827884286866058,4.7408144555670235,0.0015662142248478107,0.0022699494879434698,0.00015437283,0.12987291824693184,0.033465863697067506
p117_SCT,0.4980950606903115,0.4595281232658095,0.0,0.0,0.0,0.0,0.0
p118_H1,0.029144536393296123,4.781020670735689,0.0008176133378198203,0.0005385853245814563,0.00057904946,0.21964840678233108,0.05539591372656339
p118_P2,0.9048987654160578,0.014285928814500607,0.0,0.0,0.0,0.0,0.0
p118_SCT,1.7424365452277514e-05,18.74172032782176,0.00011631681078079317,0.0,2.6955732e-07,0.0972673295707834,0.024345978984720722
p119_H1,2.323256063641644e-18,81.31948195651381,0.00041784914602434347,4.221788421289918e-08,9.5255575e-07,0.20141140582292358,0.05045756243564593
p119_P2,1.4316275286562938e-28,135.969895276629,0.0026273159924565274,0.0012063217539687314,0.000100390025,0.09195180261599405,0.02397145759690025
p119_SCT,1.523700121388914e-26,124.77536203419918,6.038446085423152e-05,2.673513545399778e-06,0.0,0.22891122827425942,0.05724357156216476
p120_H1,0.7441173974886588,0.10663491557290049,0.0,0.0,0.0,0.0,0.0
p120_P2,0.7451830293214394,0.10571664039671992,0.0,0.0,0.0,0.0,0.0
p120_SCT,0.7306911260666451,0.11858389163808529,0.0,0.0,0.0,0.0,0.0
p121_H1,1.0366745530622286e-15,67.8407830737736,0.0017904915388794098,0.000770562622288649,0.00040490326,0.19362595315550155,0.04914797764360024
p121_P2,1.2514999736955134e-22,103.64277268369906,0.0012144011663828198,6.592708456274059e-05,6.143654e-05,0.04481416725032658,0.011538983010749971
p121_SCT,0.4984548618523986,0.45875877234818896,0.0,0.0,0.0,0.0,0.0
p122_H1,2.310554792047854e-05,18.187978801809898,0.00014752619936879565,0.0,7.1891677e-06,0.11076254917162205,0.027729316134677218
p122_P2,3.115567788917184e-07,26.753458438935905,0.00028243123897326146,0.0,0.00022391486,0.045037619189740426,0.01138599132213253
p122_SCT,1.6648245335931157e-05,18.831239235363736,8.527713426872335e-05,0.0,0.0,0.031322121022346446,0.007851849539153792
p123_H1,0.450236686586137,0.5707714569543928,0.0,0.0,0.0,0.0,0.0
p123_P2,5.864528412678524e-32,155.0665097408504,7.687508716337164e-05,0.0,1.2639903e-05,0.0017697929974595386,0.0004648269968324085
p123_SCT,1.0502837512062715e-08,33.64493147357441,1.9992847932997502e-05,0.0,2.8828817e-05,0.23863945097985356,0.05967206816130884
p124_H1,5.073192585055827e-72,421.61078481851024,5.9103922083572264e-05,0.0,4.6340247e-06,0.07757066834655903,0.019408601573326315
p124_P2,4.737012592548815e-131,990.2323566312342,0.019356422910762984,0.006519051800447153,0.00022207093,0.08514613130129167,0.027810919235232996
p124_SCT,2.5006099824001935e-93,599.011146235573,7.332049572966298e-06,0.0,0.0,0.40787805643789804,0.10197134712186776
p125_H1,0.5581573628759611,0.34327274983474754,0.0,0.0,0.0,0.0,0.0
p125_P2,1.0269599183770609e-16,72.91461168312757,0.00012231235739737658,0.0,2.1498738e-05,0.09985128620323859,0.02499877432456497
p125_SCT,8.364634770495462e-13,53.390355275820916,2.4589613842731086e-06,0.0,4.237168e-08,0.012268558548998585,0.003067764970516033
p126_H1,0.236526366280305,1.4038696096911387,0.0,0.0,0.0,0.0,0.0
p126_P2,0.22181930439780279,1.4955384542778416,0.0,0.0,0.0,0.0,0.0
p126_SCT,0.12014276351689802,2.4220618172013717,0.0,0.0,0.0,0.0,0.0
p127_H1,2.6471919870570688e-21,96.63151490763836,1.7619539687198335e-06,0.0,0.0,0.06987381925376449,0.017468895301933303
p127_P2,1.1638091869017977e-44,231.15819165501662,4.0616249132478396e-06,0.0,0.0,0.010767701252704077,0.0026929407194043312
p127_SCT,4.859872585144288e-32,155.53260899321523,1.964354612689827e-06,0.0,0.0,0.07811086217626187,0.01952820663271864
p128_H1,0.0014682071806097772,10.208512090291986,9.264048670177104e-05,0.0,7.5923913e-06,0.07314461318604404,0.01831121151600759
p128_P2,1.104264500180386e-30,147.82249152871108,9.005864449137036e-05,0.0,0.0,0.08578466062967134,0.021468679818540677
p128_SCT,5.001690272234833e-10,39.92908997492688,8.988542502414427e-06,0.0,0.0,0.24819017111613242,0.06204978991465871
p129_H1,0.00016138146855498227,14.40922132807386,9.925976681017176e-05,0.0010047042503263425,2.1079384e-06,0.10994289194961647,0.027762240976281098
p129_P2,0.013129046322859408,6.186922698438734,0.00063785737159072,0.000649878992823174,0.00048786166,0.030157553824882746,0.007983287962343237
p129_SCT,1.0046206038773368e-60,338.2789232765898,1.2655278846078602e-05,6.647358117651862e-06,0.0,0.012372024653568925,0.003097831822633164
p130_H1,3.9843346863496854e-11,45.21443828297552,1.2542906803498241e-08,0.0,0.0,0.03058784236693486,0.007646963727460416
p130_P2,0.20129042528583976,1.636426539589261,0.0,0.0,0.0,0.0,0.0
p130_SCT,1.0,0.0,0.0,0.0,0.0,0.0,0.0
p131_H1,1.522653254030444e-23,108.52457882786076,9.421984312172452e-05,0.0,0.0,0.042912309171365515,0.01075163225362181
p131_P2,2.191951799557149e-12,51.34013213501805,3.0756702257608844e-05,0.0,1.2332285e-06,0.010039280210440437,0.002517817535310777
p131_SCT,1.3245942400832092e-08,33.16951953140662,3.2460417662465866e-06,0.0,0.0,0.13758616971732088,0.03439735393977178
p132_H1,8.535866692681739e-07,24.72817881394932,0.00015834997204744952,0.0,6.2457816e-06,0.03357733003457103,0.008435481447056041
p132_P2,0.05421591745105014,3.720007984389337,0.00019923366854529312,0.0,8.1684275e-06,0.127399897602902,0.03190182492473298
p132_SCT,7.923944105232454e-06,20.29404607892976,0.00043675632026362964,0.0,0.0,0.1969758346597895,0.04935314774501328
p133_H1,0.9615628813020929,0.0023243706298544673,0.0,0.0,0.0,0.0,0.0
p133_P2,0.6124494798781736,0.2568811265662132,0.0,0.0,0.0,0.0,0.0
p133_SCT,0.8228201030837979,0.05018192463229459,0.0,0.0,0.0,0.0,0.0
p134_H1,0.061536133772555665,3.5080763704605182,0.0,0.0,0.0,0.003328387495550756,0.000832096873887689
p134_P2,0.06153613377310472,3.508076370445684,0.0,0.0,0.0,0.003328387495550756,0.000832096873887689
p134_SCT,1.0,0.0,0.0,0.0,0.0,0.0,0.0
p135_H1,2.826339875898297e-12,50.80043689377165,0.00010907243845824804,0.0,2.1734731e-06,0.041883709001705086,0.010498738728328088
p135_P2,1.010919199459651e-17,78.04420871936861,6.246878653688553e-07,0.0,3.778752e-06,0.00019897823752538897,5.084541934485142e-05
p135_SCT,3.2028599396933645e-10,40.8562012828808,1.089854891885912e-08,0.0,0.0,0.06000484516505041,0.015001214015899832
p136_H1,0.3616357478838913,0.8334240375208847,0.0,0.0,0.0,0.0,0.0
p136_P2,0.21555614259351139,1.5368209431188684,0.0,0.0,0.0,0.0,0.0
p136_SCT,0.00047133497664357017,12.355898698821465,7.835574836171046e-06,0.0,2.8900237e-08,0.25815324005938245,0.06454027613361388
p137_H1,8.990865971465863e-26,120.56326200864126,1.5027084505717721e-05,0.0,0.0,0.07329855345123519,0.01832839513393523
p137_P2,8.47181840468425e-09,34.085677930419756,1.8893147898367998e-05,0.0,0.0,0.006789567482518659,0.0017021151576042568
p137_SCT,4.661645450103602e-24,111.28295319748032,6.6794486882437e-05,0.0,0.0,0.07447814597006654,0.018636235114237242
p138_H1,8.941706756564225e-13,53.248131096471226,1.9450316168942676e-05,0.0,0.0,0.004647918368743132,0.0011668421712280187
p138_P2,1.0198982078736068e-22,104.11551539603288,4.911317580738549e-07,0.0,0.0,0.006638878891032581,0.0016598425056976638
p138_SCT,0.06153613377241814,3.508076370464278,0.0,0.0,0.0,0.003328387495550756,0.000832096873887689
p139_H1,1.1332565673670614e-21,98.57342943165723,1.3004944819002338e-05,0.0,0.0,0.031959542682450943,0.007993136906817487
p139_P2,6.5239377800004e-19,84.16190114092528,1.6656002970368154e-05,0.0,3.3785224e-07,0.0342726492354758,0.008572410772672089
p139_SCT,0.002875889069317294,8.955121031952924,2.684419281457726e-05,0.0,0.0,0.0337246645321356,0.008437877181237544
p140_H1,0.26556040439155193,1.241756726045339,0.0,0.0,0.0,0.0,0.0
p140_P2,1.0565104521464156e-10,43.17061945319626,9.865272267469058e-06,0.0,5.933063e-07,0.03382747959637767,0.008459484543738972
p140_SCT,0.004694336774231561,8.051301797966637,1.1615633093728449e-05,0.0,7.4780305e-06,0.5229400634398934,0.1307397892758746
p141_H1,0.00030366206946287746,13.195221433996453,1.9035429642154687e-06,0.00010654723377675703,0.0,0.003885130371985287,0.0009983952871815648
p141_P2,2.17116609564925e-21,97.08475549903774,1.2126417039613123e-06,0.0,0.0,0.032152301534342426,0.008038378544011597
p141_SCT,0.4507143249352259,0.5695683152821339,0.0,0.0,0.0,0.0,0.0
p142_H1,0.49728551742534743,0.4612625865823454,0.0,0.0,0.0,0.0,0.0
p142_P2,0.9088696316201319,0.013112715102981594,0.0,0.0,0.0,0.0,0.0
p142_SCT,0.6938356533523118,0.15510741530020508,0.0,0.0,0.0,0.0,0.0
p143_H1,1.461921405857766e-17,77.22519097597727,0.0003140269624078226,0.0,0.0011256806,0.0711931915088278,0.018158224775798395
p143_P2,1.8887003307765718e-07,27.763453375713496,4.949185408255691e-05,0.0,2.6995694e-06,0.03821161541010126,0.009565951708408396
p143_SCT,3.652867046102525e-41,209.48599378578177,1.5011521586422488e-05,0.0,0.0,0.037861370862025984,0.009469095595903101
p144_H1,0.4735986555841166,0.5141887100530285,0.0,0.0,0.0,0.0,0.0
p144_P2,0.0012165853246568724,10.561438394746624,1.8308225642467142e-05,0.0,1.5784377e-05,0.03549976234675421,0.008883463737338096
p144_SCT,7.282242221841446e-18,78.77334064222636,8.619306207816271e-06,0.0,0.00050099334,0.003970112591304058,0.0011199313087485222
p145_H1,0.33169259801359374,0.9437418341375233,0.0,0.0,0.0,0.0,0.0
p145_P2,0.0001285644437536733,14.847755240932655,0.00010568225917458772,0.0,2.4707214e-07,0.01855332310071536,0.00466481310800673
p145_SCT,0.106436888703421,2.6138678286775225,0.0,0.0,0.0,0.0,0.0
p146_H1,0.054460526122995685,3.7124456874314236,4.8798221702870095e-05,0.0,0.00023024152,0.11822958331593598,0.029627155765219886
p146_P2,0.04253192920792364,4.13076429142369,0.00014584175607903688,0.000127984957789676,0.0002481284,0.06506000767956681,0.01639549069904522
p146_SCT,0.07781129862639644,3.120269476668072,0.0,0.0,0.0,0.0,0.0
p147_H1,0.00012115912585167984,14.962353667582736,2.3155017209137025e-06,0.0,0.0,0.023136942977667517,0.005784814619847108
p147_P2,9.830886202922096e-08,29.085065378510123,0.00010089980012761359,0.0,0.0,0.018460856968189405,0.004640439192079255
p147_SCT,6.570030779792639e-37,183.86593792119473,0.00015107621251248012,0.0,0.0,0.3110222273813179,0.0777933258984576
p148_H1,0.48027890886957725,0.4988266505167281,0.0,0.0,0.0,0.0,0.0
p148_P2,0.948358424240439,0.004198307985345134,0.0,0.0,0.0,0.0,0.0
p148_SCT,2.7730423009636704e-14,60.700652494481645,5.459204761986186e-07,0.0,0.0,0.15110864449769312,0.03777729760454233
p149_H1,0.0027535795331879447,9.035700302560901,8.458204661524198e-05,0.0,0.001296857,0.32232923255546503,0.08092766790619016
p149_P2,1.8538282762961275e-08,32.481753796105835,0.00041520917829429365,0.0,0.00014528827,0.15246847307873873,0.03825724263215742
p149_SCT,0.12470446842959526,2.3635508795791056,0.0,0.0,0.0,0.0,0.0
p150_H1,2.8970986134134433e-16,70.63344431239989,8.046275739376734e-05,0.0,1.30630015e-05,0.07856769286151653,0.01966530465509282
p150_P2,6.327460740449165e-22,99.91059780595384,0.00010885599555464691,0.0,0.0012364065,0.003562886266137565,0.0012270371914671922
p150_SCT,0.004137796989546092,8.28321881084305,2.6875291191052424e-05,0.0,0.0,0.04175639085980045,0.010445816537747876
p151_H1,8.807753997468882e-22,99.15141963374212,4.902156805445702e-05,0.0,5.9847007e-05,0.05443063418965497,0.013634875691158236
p151_P2,0.7576267166144793,0.09531658342560644,0.0,0.0,0.0,0.0,0.0
p151_SCT,7.271422145613716e-05,15.951268366381543,2.4776624349641385e-05,0.0,0.0,0.09574092801737752,0.02394142616043179
p152_H1,0.0013466196317121692,10.370671400299509,0.0019086511682095291,0.0011861159670844524,2.6511014e-05,0.02138512614567649,0.00612660107370689
p152_P2,0.1673640451433588,1.9108302459702649,0.0,0.0,0.0,0.0,0.0
p152_SCT,0.1751941809440718,1.8420996366332645,0.0,0.0,0.0,0.0,0.0
p153_H1,0.7930680345600809,0.06887512387321845,0.0,0.0,0.0,0.0,0.0
p153_P2,0.9053198049265728,0.01415911495442155,0.0,0.0,0.0,0.0,0.0
p153_SCT,0.10173542555650282,2.6860106041756793,0.0,0.0,0.0,0.0,0.0
p154_H1,0.40918786318461875,0.6820746833759955,0.0,0.0,0.0,0.0,0.0
p154_P2,0.001099466746405029,10.751878746133565,0.0005990803180038168,0.0,1.9365154e-05,0.09162480792162642,0.023060813348408316
p154_SCT,0.6912273332984652,0.15790588653828438,0.0,0.0,0.0,0.0,0.0
p155_H1,4.076046485700906e-37,185.09551741307772,2.765977027600355e-05,0.00047086363970053643,0.00015529647,0.18908384529647385,0.04743441629354017
p155_P2,4.3493414506113384e-13,54.786481009719125,0.0001199374305986927,0.0,0.00071277365,0.0036547011125824813,0.0011218530473522973
p155_SCT,1.5627491364077196e-73,433.29642242110424,6.648831794028797e-05,0.0,0.0,0.004630594279470441,0.0011742706493526821
p156_H1,0.00015061173482882484,14.542342527938407,0.0001776715540393287,0.0,1.5487161e-05,0.021023974269651934,0.005304283246263597
p156_P2,6.4175894857130874e-06,20.710888940249458,2.529657921093479e-05,0.0,0.00015753636,0.0143198050611591,0.0036256594992699833
p156_SCT,0.0002791362788633246,13.356476161544519,0.0001416358446371307,0.0,0.0,0.4899206587348306,0.12251557364486693
p157_H1,0.002565974524371298,9.166667933752391,0.00020092650073984272,0.00022775872135456752,6.3148254e-05,0.006973229595387722,0.0018662657679735897
p157_P2,0.8469253337282149,0.03729646697798908,0.0,0.0,0.0,0.0,0.0
p157_SCT,0.6155545856656639,0.2524175851084413,0.0,0.0,0.0,0.0,0.0
p158_H1,0.0025064681968801935,9.210254132925456,0.0006738379434069507,1.1450977640438726e-05,3.8047372e-05,0.06978130314294784,0.017626159859016922
p158_P2,6.530811986279706e-07,25.265077071512877,0.0001702376953901482,0.0,1.125367e-05,0.002394902411601807,0.0006440984442434062
p158_SCT,0.8556650189259644,0.033113154373900854,0.0,0.0,0.0,0.0,0.0
p159_H1,0.6217679888024509,0.2436323438361448,0.0,0.0,0.0,0.0,0.0
p159_P2,0.01386000888785901,6.0901562200293435,0.00094643274855187,0.0,1.817644e-06,0.10144976899325636,0.025599504846460435
p159_SCT,0.007519014879872021,7.191292891026116,1.167399034423985e-05,0.0,9.705645e-08,0.22138561113956234,0.05534934554658914
p160_H1,0.5893720270629578,0.29162671341026547,0.0,0.0,0.0,0.0,0.0
p160_P2,0.5893720270639786,0.29162671340859075,0.0,0.0,0.0,0.0,0.0
p160_SCT,1.0,0.0,0.0,0.0,0.0,0.0,0.0
p161_H1,3.171253402039279e-06,22.10880742856292,0.0010457890227648864,0.000616899732627406,0.00015407929,0.2143752971078336,0.054048016287634705
p161_P2,0.1067688535720761,2.608906809145853,0.0,0.0,0.0,0.0,0.0
p161_SCT,0.35800986115387357,0.846108530023057,0.0,0.0,0.0,0.0,0.0
p162_H1,0.0003969811472689219,12.683131796822016,0.00015719535481452344,8.592123554458768e-05,3.896585e-06,0.1192442190234321,0.02987280804969414
p162_P2,0.0026387740583565028,9.114723448749123,6.226067442437091e-05,0.0,1.6843002e-06,0.2010285377485327,0.05027312068078254
p162_SCT,0.9428410414254946,0.005144949445738893,0.0,0.0,0.0,0.0,0.0
p163_H1,4.0212408249099687e-11,45.19507630691378,0.0006082908197945382,0.002945476626316568,2.1507103e-05,0.31844504389344724,0.08050507961067864
p163_P2,1.0240050451564466e-06,24.3636405321313,0.0003515768224531975,0.000681650453694678,7.3433956e-05,0.01414544886266914,0.0038130275235915695
p163_SCT,2.5903078598110813e-15,65.84267987422768,5.8722871011600076e-05,0.0,0.0,0.04361480133254545,0.010918381050889263
p164_H1,0.1108657453620458,2.5490429091192786,0.0,0.0,0.0,0.0,0.0
p164_P2,2.308981489853476e-08,32.033137664773925,0.0007367585448099471,0.00043734204584716213,0.00089036074,0.026864900893070132,0.0072323405553530885
p164_SCT,0.001137046258189649,10.68861613735622,0.000188673053229316,0.0004167961940185117,0.00026045818,0.0988397701920041,0.024926424405390654
p165_H1,7.706265410678098e-27,126.39957281780863,0.00020044985098355503,0.0,2.1743856e-05,0.2775820889712158,0.06945107066943508
p165_P2,0.002802354455038314,9.003137906388364,0.0001662907795148789,0.0,9.475296e-06,0.08733334987048158,0.02187727898646987
p165_SCT,4.018839210539705e-68,392.0614353160119,1.856761312935762e-05,0.0,0.0,0.21028997981876768,0.05257713685797426
p166_H1,3.696270299761856e-10,40.557990203045286,2.9542850920951044e-06,0.0,0.0,0.06226173543143734,0.01556617242913236
p166_P2,3.119074482217259e-19,85.81915285325488,4.790233168806363e-05,0.0,0.0,0.01891979913053637,0.004741925365556109
p166_SCT,2.679758506858852e-21,96.6035688025904,2.2267642019217163e-06,0.0003845452577926358,0.0,0.12564458056071554,0.03150783814567752
p167_H1,0.24534860299724792,1.3521332452990602,0.0,0.0,0.0,0.0,0.0
p167_P2,2.0929646342965586e-28,135.05258977310513,0.00027145477495600103,0.0006576357496672736,2.9961092e-07,0.1419421103499921,0.0357178751213832
p167_SCT,0.04318545040142488,4.104792057214604,4.3159716188407344e-05,0.0,7.758561e-07,0.31552528860131657,0.0788923060434033
p168_H1,4.4323266393583077e-14,59.68874711463533,0.0010866250209665528,0.00034791214162432807,9.175722e-06,0.23740130306730073,0.05971125398796557
p168_P2,9.707925197544808e-26,120.38173897029374,0.0008116849810617606,0.00037695498345432555,6.344751e-05,0.23345872837107376,0.0586777039607157
p168_SCT,0.7503861116594027,0.10129594049774121,0.0,0.0,0.0,0.0,0.0
p169_H1,0.011989484119713635,6.3494479366970396,5.680858754409306e-05,1.5515795504719308e-05,0.00014790024,0.06536049155370538,0.016395179043817733
p169_P2,6.22966452343456e-14,58.95537861991792,0.00030036196506143053,0.00029378919036059055,0.0002072095,0.07192021260934743,0.01818039331468359
p169_SCT,0.7874635656494449,0.0727495742973571,0.0,0.0,0.0,0.0,0.0
p170_H1,0.30748555216560824,1.0431455921035846,0.0,0.0,0.0,0.0,0.0
p170_P2,0.390494919508795,0.7384246637160704,0.0,0.0,0.0,0.0,0.0
p170_SCT,0.01829103554422224,5.597380178977958,2.8732661281750645e-07,0.0,8.455763e-07,0.34568796013305214,0.08642227325899715
p171_H1,0.08575542306933524,2.961642079240776,0.0,0.0,0.0,0.0,0.0
p171_P2,5.1506064983144053e-05,16.621768141057327,0.00025502932803699756,0.0,8.260426e-06,0.12411907784772068,0.03109559190033997
p171_SCT,2.385544185468813e-18,81.2604031719165,0.00021236310864490254,3.6343868730728675e-07,0.0,0.07158920589992386,0.017950483111814016
p172_H1,8.38575576240755e-05,15.674631308133463,0.00014784205251124839,0.0,9.271662e-05,0.06438469008426512,0.016156312188789802
p172_P2,0.008496619968521213,6.969732946467919,0.0007142874383673336,0.0,0.0002212553,0.13828889607184675,0.034806109700948926
p172_SCT,7.659803995266712e-06,20.36103060264157,0.00028009713363087566,0.001069307583132684,7.411062e-05,0.4459925305853825,0.11185401148043836
p173_H1,3.4875545317932446e-20,90.76433694717092,3.328212934707549e-05,0.0,4.695683e-06,0.047727283174150245,0.01194131524661095
p173_P2,7.393071652669844e-23,104.85944289539499,6.057259856680711e-05,0.0,1.8381253e-06,0.015574960169870844,0.003909342723430852
p173_SCT,6.184221093510276e-08,30.02599514281209,6.485285371587631e-05,0.0,2.5513793e-05,0.09353952328853442,0.023407472483796165
p174_H1,0.5523899383469419,0.3534348789494174,0.0,0.0,0.0,0.0,0.0
p174_P2,0.29121406521076015,1.1158834861723008,0.0,0.0,0.0,0.0,0.0
p174_SCT,0.4059150849344798,0.6916669596464329,0.0,0.0,0.0,0.0,0.0
p175_H1,5.800497074750411e-28,132.59607231779853,0.0007395789890225158,0.0,0.00043737952,0.12279624366363305,0.030993300544075415
p175_P2,9.124184556357852e-28,131.5070941250843,0.000782060991768549,0.0,0.0,0.07256409639940378,0.01833653934779308
p175_SCT,4.538705539363043e-19,84.97622248516758,0.0008296903271435333,8.2126578721413e-05,0.00042653666,0.2258558531677265,0.05679855168309256
p176_H1,0.8482491432651167,0.036646250311161234,0.0,0.0,0.0,0.0,0.0
p176_P2,0.02903346137864681,4.787648918004243,5.881671349423396e-05,0.0011907054664362605,0.0,0.025750624976408884,0.006750036789084844
p176_SCT,0.5770710315619464,0.3113196037956488,0.0,0.0,0.0,0.0,0.0
p177_H1,5.15865700274261e-37,184.4885939693334,0.001064568008181436,0.0,0.00010449404,0.03540824828170622,0.009144327583378386
p177_P2,1.1165184257136462e-05,19.6174226937962,0.0012256870851735369,1.8675851874765756e-05,4.629901e-05,0.034964235624267336,0.009063724392863126
p177_SCT,0.5701944972892963,0.3226978918012437,0.0,0.0,0.0,0.0,0.0
p178_H1,0.0015039527838006479,10.163426893778322,7.354113703995807e-05,0.0,9.891766e-06,0.008319626734369166,0.002100764909412253
p178_P2,3.9194361825115465e-18,80.15269946250832,0.0003828272463078524,0.0,9.914353e-05,0.014681118981680326,0.0037907724394848213
p178_SCT,5.09621752805635e-07,25.76318190351162,2.6516744362585356e-07,0.0,0.0,0.007879079344050997,0.0019698361278736557
p179_H1,0.06380242483281483,3.447881546171289,2.6648850365987265e-06,0.0,0.0,0.04574506863993061,0.011436933381241802
p179_P2,0.12952836634439913,2.3042140295536284,0.0,0.0,0.0,0.0,0.0
p179_SCT,0.3325832539392575,0.9402686624799915,0.0,0.0,0.0,0.0,0.0
p180_H1,1.3045148332489238e-13,57.36623457170621,0.0007083939278293372,0.000947422403186549,0.00045605248,0.0683259657754854,0.017609458647390188
p180_P2,7.324942770910604e-22,99.57447223418366,0.0009757347122784522,0.0011248044136708232,8.558388e-05,0.05845310071203495,0.01515980592967564
p180_SCT,0.006922112214840427,7.3416077681415395,0.000841772690561668,0.0016447330169707763,7.5844364e-06,0.37612271260752994,0.09465420068786289
p181_H1,0.05719467567347901,3.630294287767475,0.0,0.0,0.0,0.003328387495550756,0.000832096873887689
p181_P2,0.09314073607919313,2.8278557068083177,0.0,0.0,0.0,0.0,0.0
p181_SCT,0.22221920204964987,1.4929500923191439,0.0,0.0,0.0,0.0,0.0
p182_H1,4.410395541129085e-24,111.4123325918678,0.0002511940512221918,0.0,0.0,0.1255281635704169,0.03144483940540978
p182_P2,2.267661789310883e-35,174.80400823234734,4.812790075394051e-05,0.0005104347361315113,1.746607e-05,0.03901987869501902,0.009898976850690635
p182_SCT,7.484164600754894e-47,245.032525286544,7.539481299015175e-05,0.0,0.0,0.0006629778451416263,0.00018459316453294452
p183_H1,1.213259097328227e-06,24.024369071574586,4.0766525345669835e-05,0.0,4.5038433e-07,0.06631383931340798,0.01658876405577198
p183_P2,2.1145478688632752e-13,56.330073409382145,0.14842491273245575,0.12079319601181913,0.3520948,0.068462984057183,0.17244397302040612
p183_SCT,1.4188274705314161e-12,52.26487208491223,9.845435206443696e-06,0.0,0.0,0.14258485954490552,0.03564867624502799
p184_H1,0.013719152886284806,6.108387223143926,6.262492382341473e-06,0.0,1.969007e-05,0.026836041232019728,0.006715498448392079
p184_P2,0.001956492298314526,9.67151614436964,7.121237974934379e-06,0.0,0.0,0.007425819709479915,0.0018582352368637124
p184_SCT,1.1000805144145256e-11,47.9241178689864,1.6541883831830788e-05,0.0,0.0,0.1845987108259738,0.0461538131774514
p185_H1,6.579423391495859e-13,53.902440245523785,0.00011977618758745,0.0,1.3801756e-05,0.052691450794497226,0.013206257184474391
p185_P2,0.00460879028737656,8.085062936808518,7.799263813310141e-05,0.0,0.00010964705,0.005737919033332943,0.001481389680724321
p185_SCT,2.0918255737346493e-08,32.234895345145624,3.955080602665218e-05,0.0,2.7327753e-05,0.046357658002296694,0.011606134140288889
p186_H1,0.6962953884346399,0.15249480985212094,0.0,0.0,0.0,0.0,0.0
p186_P2,0.7418830988484378,0.1085745367151177,0.0,0.0,0.0,0.0,0.0
p186_SCT,0.6428908901345315,0.21518995476175204,0.0,0.0,0.0,0.0,0.0
p187_H1,3.1865664787660683e-16,70.42439329594241,1.6208149191336735e-06,0.0,3.712023e-05,0.05382961386281102,0.013467088726816415
p187_P2,6.106397781152306e-20,89.4964990040987,6.710926745069916e-05,0.0,0.0,0.015595784686596944,0.003915723488511911
p187_SCT,2.088703815368049e-20,91.92683981830486,1.5965944401542555e-05,0.0,0.0,0.09812663592307454,0.02453565046686902
p188_H1,6.429421339061857e-10,39.407567630488046,1.6310535210295633e-05,0.004581068020188355,7.805675e-07,0.0885305150239095,0.023282168536706584
p188_P2,3.384020957441557e-28,133.8936640566168,0.0013676686680454784,0.0,0.0017919387,0.0628602413497559,0.016504962172876562
p188_SCT,5.375473567849412e-08,30.310934382946446,8.594791928040308e-05,0.014424845388889518,0.0,0.18316328696288112,0.04941852006776276
p189_H1,0.9411822787358534,0.005448448642648221,0.0,0.0,0.0,0.0,0.0
p189_P2,0.3790513518751951,0.7748736993689364,0.0,0.0,0.0,0.0,0.0
p189_SCT,0.18110722796557402,1.792504991604865,0.0,0.0,0.0,0.0,0.0
p190_H1,0.9076850965584133,0.013457360803747697,0.0,0.0,0.0,0.0,0.0
p190_P2,1.0933766242378809e-46,243.98252230555897,0.0003359822651691781,0.0,6.9594835e-06,0.06247677951798697,0.01570493031665686
p190_SCT,1.0400302643683766e-17,77.9811397656252,4.490495486660768e-07,0.0,0.0,0.08121660904383987,0.020304264523347135
p191_H1,5.68996799813642e-19,84.4687450591077,0.00012751131742371605,9.72587963582531e-10,2.7192155e-07,0.03431248037875137,0.008610066147578303
p191_P2,0.7940094334986272,0.06823543933287851,0.0,0.0,0.0,0.0,0.0
p191_SCT,0.5930900740023826,0.28583773016479513,0.0,0.0,0.0,0.0,0.0
p192_H1,1.288086664732929e-11,47.591182039830485,0.00012595358171034842,0.0,0.00038422793,0.0859829057957062,0.021623271825773813
p192_P2,2.6770583418421246e-05,17.899560637578322,2.6890943425607806e-05,0.0,2.0237605e-05,0.012308742325679349,0.0030889677185226383
p192_SCT,0.00035803949254154357,12.880244134503771,3.029585248327526e-06,0.0,0.0,0.028152205323852184,0.007038808727275128
p193_H1,0.001150788708682859,10.666010001141506,5.9284218197596795e-05,0.0,1.7756646e-07,0.10906289364597276,0.027280588857658303
p193_P2,0.05046156349727907,3.840845706133121,6.523030341686166e-05,0.0,6.6181483e-06,0.08106199405060331,0.020283460625577725
p193_SCT,1.9975681251342427e-17,76.53291397608703,3.669754986665851e-05,0.0,2.9242328e-06,0.3235752179034454,0.08090370992153577
p194_H1,0.00086672938731526,11.200469797773529,8.094612459721082e-05,0.0,7.942341e-05,0.14778863526757183,0.036987251199902746
p194_P2,9.198644316206558e-05,15.495314479106177,3.319580810870674e-05,0.0,1.8041392e-05,0.03441472995320769,0.008616491788264237
p194_SCT,0.04083357147440211,4.200277382989766,1.7638122904749545e-05,0.0,0.0,0.14287752381316762,0.035723790484018095
p195_H1,0.5561449666193276,0.34679587833667574,0.0,0.0,0.0,0.0,0.0
p195_P2,0.05039301640260629,3.843139675932806,4.4072518944460274e-05,0.0,2.1282705e-05,0.0023955326205930077,0.0006152219612212177
p195_SCT,0.2956635133378835,1.0954829099749006,0.0,0.0,0.0,0.0,0.0
p196_H1,2.665181571813976e-19,86.1728784489211,0.00014854553527996367,0.0,6.978725e-06,0.0618372031020494,0.015498181840631328
p196_P2,0.07395264274852274,3.203754464720276,0.0,0.0,0.0,0.0,0.0
p196_SCT,1.013730854828117e-06,24.38382488668157,9.975743653168196e-05,0.0,2.5996977e-07,0.1054847832541593,0.026396200165114396
p197_H1,0.0020596134860916783,9.575712097670705,0.011699496927382301,0.0017473183847932794,0.00028458334,0.07586233517349064,0.022398433455643182
p197_P2,0.009949416588975675,6.684673653784361,0.0002814039707473902,0.0,0.00013121286,0.12871001325645137,0.0322806575215078
p197_SCT,8.834284501804148e-10,38.74843649111935,5.943333818026372e-05,0.0,1.7184251e-05,0.2813698407451409,0.07036161458362823
p198_H1,5.281541250740512e-88,552.033144496093,0.00026355560876537346,0.0,0.00038219395,0.08162748629694824,0.0205683089629983
p198_P2,2.540311756992644e-05,18.00223368412435,0.0004913687278039726,0.00025924610320417234,0.000101838246,0.1489572131646998,0.037452416560511265
p198_SCT,4.912247238508453e-54,292.11756196241015,5.032065269530905e-05,0.0,1.7939504e-07,0.19493239386159097,0.04874572347733272
p199_H1,4.2583813615998054e-06,21.523472089380164,0.00020709980533224943,0.0008118349329082298,0.0,0.018548499649355978,0.004891858596899114
p199_P2,4.049989647767801e-06,21.623029166332735,0.00015141128882114867,0.0,0.0,0.042256576622761596,0.010601996977895687
p199_SCT,0.026166692876874804,4.968532419158572,4.352277816864619e-05,0.0,0.0,0.14663220569690713,0.03666893211876895
p200_H1,0.7210098508498678,0.12764208686066794,0.0,0.0,0.0,0.0,0.0
p200_P2,0.2536617475914675,1.3054233771437949,0.0,0.0,0.0,0.0,0.0
p200_SCT,3.978764074910188e-23,106.29426822080006,2.5595267256611035e-05,0.0,0.0,0.22915894303911735,0.057296134576593494
p201_H1,2.710749425518192e-47,247.85194715266442,0.0007254553434687609,0.0028469647664091644,8.014251e-06,0.05932514330596431,0.01572639441667363
p201_P2,5.878665672177267e-88,551.630802355743,6.252694708729034e-05,0.0008652210349680624,4.0913764e-07,0.07784969249767135,0.019694462404341948
p201_SCT,1.5849930184345902e-75,448.913135728509,0.0001305638581617911,0.0,1.374781e-07,0.32213541447124894,0.0805665289518768
p202_H1,2.2841583562838983e-15,66.11672783225342,0.00011209705046248393,0.0,5.1275678e-05,0.10771857273426186,0.026970486365639455
p202_P2,0.15852792961808995,1.9929662324372384,0.0,0.0,0.0,0.0,0.0
p202_SCT,0.8121217396109242,0.05654411007783559,0.0,0.0,0.0,0.0,0.0
p203_H1,7.37504823091434e-23,104.865089645089,0.00015537725904077847,0.0,2.5331707e-05,0.030282733174951497,0.007615860535157594
p203_P2,4.874659292886256e-58,319.4687440728231,9.811383613128956e-05,0.0,3.4373967e-05,0.0019239755325595768,0.0005141158338296552
p203_SCT,2.231533008379893e-26,123.86788424354229,4.080514849246869e-05,0.0,0.0,0.044189344114125784,0.011057537315654562
p204_H1,1.035370106941275e-15,67.84353483358075,0.0005416419358623404,0.0,0.00096672704,0.09179105955914034,0.023324857132530703
p204_P2,4.883235500760514e-05,16.725595979293793,0.0019654844235113245,0.0,9.252006e-05,0.06375905130795745,0.016454263947464166
p204_SCT,0.9534659376811476,0.003408024660516205,0.0,0.0,0.0,0.0,0.0
p205_H1,0.5949314267922106,0.2829983567680544,0.0,0.0,0.0,0.0,0.0
p205_P2,3.782433866978746e-09,35.74341699775254,0.00030663110224856945,0.0005771678925574691,0.000121666075,0.025981900122329378,0.006746841297995572
p205_SCT,2.2023091698840822e-12,51.330118442458264,9.727187020269334e-05,0.0,0.0015339142,0.14589596646518485,0.036881788144099
p206_H1,3.391383956118483e-54,293.2012986584862,0.08517543603514008,0.07659050694595004,0.011711905,0.37828101245551227,0.13793971505391975
p206_P2,1.1578809563173314e-28,136.48299851007462,0.0003083777085805514,9.200170746206322e-05,1.792027e-06,0.015022601117131067,0.0038561931400380115
p206_SCT,2.589130597417569e-22,101.96599859118156,5.604670923406842e-05,0.0005426120594029048,3.2568496e-05,0.7869195090806758,0.19688768408631654
p207_H1,9.341393026247124e-45,231.75784605457872,0.00039534586569587877,0.00014262997076648423,6.576394e-05,0.16605412915947237,0.04166446723382035
p207_P2,3.161346571127156e-49,260.3195178323108,0.00030678306495085603,0.00893018998479288,0.00048876315,0.3158931639358945,0.08140472503421574
p207_SCT,3.138422708731809e-43,222.22190749241184,0.0003889625437634273,0.0,1.6045233e-05,0.015251448213957405,0.003914113997622483
p208_H1,0.0016168280822322142,10.027889642503833,0.00030119790873705854,5.424184970525499e-06,2.7684853e-05,0.007789078717725925,0.0020308464161568605
p208_P2,0.6529208712088235,0.20243176365574259,0.0,0.0,0.0,0.0,0.0
p208_SCT,0.57988259662386,0.30674445061948447,0.0,0.0,0.0,0.0,0.0
p209_H1,7.291158488068495e-12,48.793034487272536,0.00015120350519146476,0.0003108673258331723,0.0007248531,0.08476041625007343,0.021486835038935455
p209_P2,5.061821582167269e-11,44.71203548631937,0.00030227032913736893,8.364412734762389e-05,0.0,0.0004295001231552673,0.00020385364491006504
p209_SCT,9.051077889453467e-29,137.0789318910881,0.00029282299826745864,0.00270382150482271,3.5204764e-06,0.6708992056455234,0.1684748426562563
p210_H1,3.006612163296546e-07,26.825199406909682,0.0017872686446337317,0.0022688198020720776,0.00055848894,0.13054196282847297,0.03378913505481462
p210_P2,3.393788549623966e-17,75.35930453377637,0.0014488251097590286,0.00024942847186730407,5.979203e-06,0.034625804044680096,0.009082509207275827
p210_SCT,0.6995318003230901,0.14909615650961736,0.0,0.0,0.0,0.0,0.0
p211_H1,1.9703651462012932e-12,51.56656660316191,2.9849550859052786e-06,0.0,0.0,0.08936792248493358,0.022342726860004873
p211_P2,2.4905107046295977e-25,118.15677832344967,1.5385958815944104e-05,0.0,0.0,0.01931382028254019,0.004832301560339034
p211_SCT,5.419733359658985e-17,74.32461497998213,1.368348520821422e-07,0.0,0.0,0.03227572354300738,0.008068965094464866
p212_H1,0.15036977094865395,2.073574811754859,0.0,0.0,0.0,0.0,0.0
p212_P2,4.347072905757398e-28,133.2903353716296,0.0006446262991566425,0.00018603843913611443,0.00012627202,0.09499817723673373,0.023988778498244403
p212_SCT,0.0003518836058732966,12.913377600242017,9.680495765549564e-05,0.0,0.0010826781,0.08436862409746733,0.021387026786941613
p213_H1,4.601281769660785e-11,44.91220143796284,0.00028791207358367103,0.0,0.00018503229,0.03880417136594646,0.009819278931843879
p213_P2,1.8570495896887222e-07,27.797602929868095,0.00024441131420711913,0.0,4.0437753e-06,0.06703310217098521,0.016820389315131617
p213_SCT,1.3309633899892106e-15,67.2949025213691,9.289940714582237e-05,4.833249483076476e-06,9.871564e-05,0.17398525364867487,0.04354542548586589
p214_H1,0.06863856700839144,3.326737728106979,0.0,0.0,0.0,0.003328387495550756,0.000832096873887689
p214_P2,0.05388410650096614,3.730324349052778,5.157626086879944e-09,0.0,8.2293826e-07,0.0015352105423164565,0.0003840096595510197
p214_SCT,0.06153613377261053,3.5080763704590807,0.0,0.0,0.0,0.003328387495550756,0.000832096873887689
p215_H1,3.0301777470596363e-16,70.53484908958134,6.520304924390506e-05,8.023064694675272e-06,8.868339e-06,0.014168478466374344,0.003562643229862437
p215_P2,5.98459293927233e-09,34.79942700441481,0.00041653238918207394,0.0041642354371281085,0.001080035,0.048406506479492115,0.013516827326244788
p215_SCT,0.5317828449646758,0.3914182916632026,0.0,0.0,0.0,0.0,0.0
p216_H1,2.0736549995780488e-20,91.94325128913943,0.0003145521481984094,0.0001225879394796846,2.7869226e-05,0.3417905516022595,0.08556389022897437
p216_P2,8.712996684283559e-07,24.687027535716098,0.0007849528158400472,0.001275230050720175,0.00036634842,0.04035012401996865,0.010694163827630988
p216_SCT,2.0997140014555978e-10,41.73607307143273,0.00010700489628011364,0.00019030917278619672,1.2783634e-06,0.060816135548297776,0.015278681995180147
p217_H1,2.1306234236210513e-06,22.900334257529547,0.0005251243864064725,0.0,2.5220856e-05,0.18039450011883842,0.04523621134021244
p217_P2,0.0004923500744489073,12.272862408558428,0.00015395440832002166,0.0,1.771963e-05,0.11266394932245943,0.028208905840371105
p217_SCT,0.1570029738493763,2.0076700904662563,0.0,0.0,0.0,0.0,0.0
p218_H1,0.0009431756986765026,11.04088203585265,0.0016843301753547205,0.002799053527672779,0.041390643,0.09707390138703105,0.035736981903456026
p218_P2,0.8874294083366484,0.020054905421520674,0.0,0.0,0.0,0.0,0.0
p218_SCT,0.8276563064065683,0.047436623216149866,0.0,0.0,0.0,0.0,0.0
p219_H1,3.094468176720417e-11,45.74549322326445,0.0006710020939014574,0.0014250217139360213,0.00055466895,0.3070674872936911,0.07742954501286138
p219_P2,3.194608620176136e-07,26.702976228070696,0.0005405548123807574,3.881417938213563e-05,2.1445701e-05,0.07346624208397468,0.01851676419427186
p219_SCT,7.27335092395014e-10,39.15162712210938,0.00020872127782910676,0.0,0.0,0.31820679067962965,0.07960387798936469
p220_H1,0.05281145906975293,3.7641415966699032,0.0003710439792372182,0.0,0.00026764537,0.07696127333408943,0.019399990671642157
p220_P2,3.282328517548465e-07,26.648400629618845,0.00011478490821551201,0.0,0.000107999134,0.013381933986755386,0.0034011795073285037
p220_SCT,1.3609978899751267e-09,37.85344672642701,2.3476633675092515e-05,0.0,4.7610882e-08,0.060991825290143846,0.015253837383675322
p221_H1,0.0037441373902221326,8.467377160291214,3.365166959440928e-05,0.0,3.631309e-05,0.07281782954445078,0.018221948575853162
p221_P2,8.996166319515935e-13,53.23518819146975,0.00016552696632316711,0.0,0.0,0.04053809452368487,0.010175905372502009
p221_SCT,8.4711930016041e-05,15.65497761052702,1.827586537619864e-05,0.0,0.0,0.15770886901720785,0.03943178622064601
p222_H1,0.7178816832492032,0.1306493462767457,0.0,0.0,0.0,0.0,0.0
p222_P2,0.7178816832512152,0.13064934627487224,0.0,0.0,0.0,0.0,0.0
p222_SCT,0.717881683250712,0.13064934627530173,0.0,0.0,0.0,0.0,0.0
p223_H1,1.2009388331665732e-72,426.43317143882547,0.0016694373509729987,0.0,0.00044884655,0.017962974748150187,0.005020314662096137
p223_P2,8.786463570835453e-25,115.19031897619399,0.0007841332877638862,0.0,1.4847357e-06,0.08805456543260082,0.02221004586400678
p223_SCT,1.0252525592284932e-15,67.86499694036137,0.00017639230007499717,0.0006690678086274831,5.89739e-05,0.07156660470986022,0.01811775967946212
p224_H1,1.9963343533689673e-14,61.410777729872926,5.0370370570171154e-05,0.0,0.0,0.028954764448181403,0.007251283704687894
p224_P2,1.4820519403529135e-09,37.677182001883054,8.457399888116011e-05,0.0,3.4052312e-06,0.00377884989575017,0.0009667072814465399
p224_SCT,7.765094562450504e-16,68.4726450263361,1.3218516466773231e-05,0.0,9.066938e-07,0.05836701120659854,0.014595284104216117
p225_H1,0.19672068131586165,1.670109636411382,0.0,0.0,0.0,0.0,0.0
p225_P2,9.651513002556578e-26,120.39552399380494,2.9128144582606537e-08,0.0,0.0,0.014599193633972902,0.003649805690529371
p225_SCT,0.061536133772521005,3.5080763704615614,0.0,0.0,0.0,0.003328387495550756,0.000832096873887689
p226_H1,0.03709986894139334,4.364435740663378,0.00011753139477489474,0.0,0.0,0.022265938735661486,0.005595867532609095
p226_P2,3.193532142623669e-14,60.39584212027161,4.0448726518747516e-05,0.00012526889091405512,0.0023031933,0.056515565650747744,0.014746119147873684
p226_SCT,1.710099657794513e-10,42.164337115837085,5.256717949255723e-09,0.0,0.0,0.042261670696767194,0.010565418988371286
p227_H1,3.86636127929538e-11,45.277560724972176,0.0003553210548586239,1.6498560244642003e-05,2.5382771e-05,0.0969685451861568,0.024341436893096924
p227_P2,2.1385369562958074e-24,113.10485084770463,7.717992881758942e-05,0.00022482240268146018,3.3682018e-06,0.07105256292964889,0.017839483365727025
p227_SCT,3.49255530212164e-29,139.38756468370212,0.0009384817352622717,0.0,6.2800395e-06,0.06908419721134021,0.017507239746536275
p228_H1,6.3941900287417636e-15,63.87755112127267,7.528803130563592e-06,8.114371194599938e-05,0.00021605816,0.16443455663703488,0.04118482182912019
p228_P2,1.3557130216156967e-28,136.1015925901623,4.991127392274261e-05,0.0,0.0,0.0007620629574784232,0.00020299355785029146
p228_SCT,5.362933435209036e-22,100.2905542038416,1.247779695779235e-05,0.0,0.0,0.06823373177818805,0.01706155239378646
p229_H1,1.377913092346027e-23,108.75692214972428,2.610549094691225e-06,0.0,0.0,0.033923530541638346,0.00848153527268326
p229_P2,0.000816732280169459,11.312759879047661,1.3110283862983092e-06,0.0,1.3586489e-06,0.016158226774995097,0.004040224113067253
p229_SCT,0.717881683252724,0.13064934627332725,0.0,0.0,0.0,0.0,0.0
p230_H1,0.4288982760175776,0.6266183565883818,0.0,0.0,0.0,0.0,0.0
p230_P2,5.709694710083744e-24,110.80958711260544,8.693172599897395e-05,7.706796574902857e-05,4.7540183e-08,0.038589843185548305,0.009688472604369914
p230_SCT,0.9101742303779189,0.012738376599694212,0.0,0.0,0.0,0.0,0.0
p231_H1,0.04423144029368406,4.0640728971925,0.000798165927549917,0.00042671241303405617,0.008075597,0.15220453792101504,0.04037625325657068
p231_P2,0.0008043798302437036,11.341576414246047,0.0002494641077403185,0.00029133846547435636,0.0,0.1297746296414245,0.032578858053659794
p231_SCT,0.26419305744682703,1.248891230660997,0.0,0.0,0.0,0.0,0.0
p232_H1,0.18260003088732873,1.7802805544550462,0.0,0.0,0.0,0.0,0.0
p232_P2,0.5137004378945039,0.42700849163098115,0.0,0.0,0.0,0.0,0.0
p232_SCT,0.6019992294835278,0.2722676350800015,0.0,0.0,0.0,0.0,0.0
p233_H1,0.5697874645637575,0.32337985502387273,0.0,0.0,0.0,0.0,0.0
p233_P2,0.5877934799612555,0.2941071998717652,0.0,0.0,0.0,0.0,0.0
p233_SCT,0.7127191361167555,0.13569918761660613,0.0,0.0,0.0,0.0,0.0
p234_H1,1.4184815151680604e-09,37.76786275895478,7.161296996025848e-05,0.0,3.2141773e-07,0.04940179776615058,0.01236843303846015
p234_P2,4.826933520182622e-15,64.4883521284669,3.5908479954571816e-05,0.0,4.4518686e-07,0.024859438321400876,0.006223947997052929
p234_SCT,3.0146816849259367e-12,50.6635506786786,6.535563331523194e-05,0.0,0.0,0.12052234989814432,0.03014692638286489
p235_H1,0.002290614616789944,9.377708325463917,6.186494584824025e-05,0.0,3.0362985e-06,0.025827540595388436,0.006473110459932771
p235_P2,0.7348670715484362,0.1147916856052238,0.0,0.0,0.0,0.0,0.0
p235_SCT,4.014433722777776e-05,17.107585895762767,1.594149460943118e-05,0.0,0.0,0.015822481307949495,0.003959605700639732
p236_H1,0.02431163415251717,5.09695053593852,2.4135959496546948e-05,9.950418149772221e-05,0.0,0.0662631953215341,0.016596708865632092
p236_P2,3.4743235807872776e-06,21.92743900590672,7.313418493918543e-06,0.0,6.629854e-05,0.024013536864895983,0.006021787205930564
p236_SCT,0.4132611371941639,0.6702926747194623,0.0,0.0,0.0,0.0,0.0
p237_H1,3.121628774013679e-08,31.417757485223607,0.00021944036540113754,0.0,0.0,0.08193375329817898,0.02053829841589503
p237_P2,1.594547698362581e-13,56.935334979277364,2.856768408207087e-05,0.0,6.8518835e-05,0.05816345225424609,0.014565134693376567
p237_SCT,1.1367695070815645e-18,82.91761167826677,7.489978742327679e-05,0.0,0.0,0.06778739690540947,0.016965574173208188
p238_H1,0.4766204375783407,0.5071962509992661,0.0,0.0,0.0,0.0,0.0
p238_P2,0.04748414695990984,3.943657494302741,0.00024046920891694542,0.0,0.00018670918,0.018706288243910237,0.004783366657655978
p238_SCT,0.3095598808281379,1.0342309709918736,0.0,0.0,0.0,0.0,0.0
p239_H1,2.2071339667407057e-07,27.448763255887865,9.843133748588239e-05,0.0,0.0024362293,0.1633600340256625,0.04147367365594668
p239_P2,1.2877718681574304e-09,37.96788570897398,0.00023491452698874685,0.001195165776675773,0.0,0.09267117738607757,0.023525314422435523
p239_SCT,0.030022707146766837,4.729527765860461,2.297487198153961e-05,0.0,0.0,0.13588590434424144,0.03397721980405575
p240_H1,4.335016497263582e-19,85.07934647648852,2.8228435139917467e-05,0.0,0.00012357184,0.0769751729318535,0.019281743301078586
p240_P2,7.380175891395907e-08,29.66684858278645,3.5937260601463963e-05,0.0,0.0,0.07022159358787433,0.01756438271211895
p240_SCT,3.688992324031748e-32,156.21688357954835,2.630910801819055e-06,0.0,0.0,0.18612354974416978,0.0465315451637429
p241_H1,0.0012265236669105615,10.54614395613886,8.467786852249301e-05,8.274446866457611e-05,0.0017943693,0.02338801458940736,0.006337451558950929
p241_P2,6.863278515211657e-16,68.74279309876869,0.0002265716418637716,8.306638299551687e-05,4.00062e-06,0.00616809467653611,0.0016204333303014846
p241_SCT,1.7893225956126046e-05,18.689567693301235,3.053456090359014e-05,0.0,0.00012448497,0.15708941362701223,0.039311108289479334
p242_H1,0.007243925093831457,7.258988425430703,8.31607166712857e-05,0.00019263606173223626,8.5491365e-08,0.008056312749356866,0.0020830487547813716
p242_P2,0.3247473615039961,0.9712581007086184,0.0,0.0,0.0,0.0,0.0
p242_SCT,0.03328165842695389,4.5513153500360986,6.068085255978858e-05,0.0,0.0,0.3686767029939803,0.09218434596163502
p243_H1,1.859568461123524e-07,27.794863843585762,8.321829148507187e-05,0.0,7.3926304e-07,0.031834962848671725,0.007979730100800117
p243_P2,0.00025049081268139437,13.564025784156328,1.687694503617358e-05,0.0,5.188412e-07,0.09739378851340184,0.02435279607491067
p243_SCT,0.008210644675548598,7.031720761643024,8.107723325071465e-05,0.0,0.0,0.03154535904368394,0.007906609069233664
p244_H1,0.6375803936140729,0.222137327861055,0.0,0.0,0.0,0.0,0.0
p244_P2,0.8970281100029709,0.01676223191978223,0.0,0.0,0.0,0.0,0.0
p244_SCT,0.29222142891767194,1.1112299593576014,0.0,0.0,0.0,0.0,0.0
p245_H1,0.005451182438977743,7.7774094259067335,1.4497959671816524e-05,9.186814352127563e-06,1.5090859e-05,0.05869833848220258,0.014684278528819449
p245_P2,0.07341393159209503,3.2157820102018735,0.0,0.0,0.0,0.0,0.0
p245_SCT,0.11265101498730369,2.5237149220239137,0.0,0.0,0.0,0.0,0.0
p246_H1,0.7401639838811755,0.11008012376543011,0.0,0.0,0.0,0.0,0.0
p246_P2,0.8971361521393029,0.01672687820321954,0.0,0.0,0.0,0.0,0.0
p246_SCT,1.0,0.0,0.0,0.0,0.0,0.0,0.0
p247_H1,0.811715451681111,0.056793623477128914,0.0,0.0,0.0,0.0,0.0
p247_P2,0.613933301521366,0.2547420309743655,0.0,0.0,0.0,0.0,0.0
p247_SCT,0.00023764247271999576,13.665044337112327,1.592522482888222e-05,0.0,1.7454628e-05,0.32388606569607037,0.08097986138712375
p248_H1,1.8742543150359434e-06,23.15590630147951,5.357267602841123e-06,0.0,0.0,0.024298817674451946,0.0060760437355136965
p248_P2,2.5567060114809494e-06,22.537263706873482,5.770543725374292e-06,0.0,0.0,0.006981732566498128,0.0017468757775558755
p248_SCT,0.03586492051825413,4.422581508415629,3.799375925182702e-08,0.0,0.0,0.24405539966504908,0.06101385941470208
p249_H1,5.521548183529203e-08,30.256409825535673,2.247095600433844e-05,0.00017131889143065878,0.0,0.002938988509648349,0.0007831945892708366
p249_P2,0.6367388565407708,0.22325063884400442,0.0,0.0,0.0,0.0,0.0
p249_SCT,0.15704959180067524,2.007218185586765,0.0,0.0,0.0,0.0,0.0
p250_H1,0.2507872567127924,1.3213591122287178,0.0,0.0,0.0,0.0,0.0
p250_P2,5.3744304259843014e-05,16.53894834086581,1.8379095939273058e-06,0.0001891264617964023,0.00028991493,0.0017871439864623842,0.0005670058209170628
p250_SCT,0.9934506960727038,6.743212163892716e-05,0.0,0.0,0.0,0.0,0.0
p251_H1,0.0003879455245295768,12.72706748005636,0.00018970920720099669,0.0003175943007557592,0.00010531235,0.21629925780778644,0.05422796841612352
p251_P2,0.734763456057675,0.11488494784273254,0.0,0.0,0.0,0.0,0.0
p251_SCT,0.5623203941141289,0.3360608885354094,0.0,0.0,0.0,0.0,0.0
p252_H1,1.8224282204623311e-09,37.24978903503107,5.828023753594784e-05,0.0,0.0,0.04007212200851645,0.0100326005615131
p252_P2,5.0639219128418296e-08,30.432378644294257,2.1543655683944473e-05,0.0,0.0,0.02102022535169117,0.005260442251843778
p252_SCT,0.7231357545921231,0.12562087025314633,0.0,0.0,0.0,0.0,0.0
p253_H1,0.011739992822837012,6.387152318612949,8.604650106565831e-05,0.0,0.0,0.10764711071333267,0.026933289303599582
p253_P2,0.5844306720204904,0.2994368959289154,0.0,0.0,0.0,0.0,0.0
p253_SCT,0.0029672410971775067,8.897182236215,2.312540942713397e-05,0.0,0.0,0.20272549569213322,0.05068715527539009
p254_H1,2.0427333397818787e-09,37.014041339999956,0.00010585314752026918,0.00016701256030200718,7.795398e-05,0.15805713593387194,0.03960198890464107
p254_P2,0.787929114173094,0.072423405690985,0.0,0.0,0.0,0.0,0.0
p254_SCT,0.21518377253101675,1.539320351449512,0.0,0.0,0.0,0.0,0.0
p255_H1,6.937542815646111e-06,20.556800328482588,3.7052711863503485e-05,0.0,7.0818515e-07,0.12122189610431945,0.03031491425033448
p255_P2,4.458823615009801e-17,74.75579363145691,0.00014788367958372398,0.000199140722591335,0.006121481,0.06050019879227988,0.01674217600797982
p255_SCT,5.1155629712579595e-15,64.36214288534087,6.0592633286145534e-05,1.126313332878607e-05,0.0,0.03428396546378072,0.008588955307598914
p256_H1,2.8623424485029085e-32,156.84722728666662,6.247801236392283e-06,0.0,0.0,0.10897007169349544,0.02724407987368296
p256_P2,5.234458931847405e-07,25.709398314450087,3.797747057703589e-05,0.0,3.3421409e-06,0.03351835374862285,0.008389918340017875
p256_SCT,8.062176271514517e-19,83.68723770231288,3.0233107544356697e-05,0.0,1.2592179e-06,0.16933562364240004,0.04234177899196725
p257_H1,6.582186445145239e-58,318.56482799755713,1.1663664451787075e-05,0.00015723801547846546,0.0,0.1720836174525025,0.04306312978310819
p257_P2,1.958564791029857e-05,18.512139191484387,2.6547896802496564e-05,0.0,5.917609e-06,0.11687423127279377,0.029226674194670864
p257_SCT,7.905041608609182e-40,201.35814240019639,1.9874416212144708e-06,0.0,0.0,0.5206257382285541,0.1301569314175438
p258_H1,0.00016055265764797317,14.419142541896818,0.0006664387994997821,0.0,1.6429753e-05,0.002327358439130261,0.0007525567478017848
p258_P2,0.9626522811777855,0.002194386126583098,0.0,0.0,0.0,0.0,0.0
p258_SCT,0.022677032645117844,5.218857734947456,3.14902695698145e-05,0.0,4.4574413e-06,0.21954134282791657,0.05489432263468762
p259_H1,4.288629074999953e-12,49.91625174384028,1.1138143766994531e-05,0.0,1.5844253e-05,0.0035063878462609772,0.0008833425606644689
p259_P2,0.3716876828453326,0.79916169672045,0.0,0.0,0.0,0.0,0.0
p259_SCT,1.1460545941802654e-08,33.46608352552783,1.030765079538017e-05,0.0,0.0,0.022050345466545523,0.005515163279335226
p260_H1,9.504822537259589e-33,159.5922625467986,0.0009672430037769172,0.002670572849486267,5.8226997e-05,0.41556440643225523,0.1048151123205723
p260_P2,2.0587222040303142e-20,91.9596547912249,0.0004379114419463037,0.0,0.010474834,0.05120933140464796,0.015530519126605493
p260_SCT,0.06999996830180334,3.294280818932961,0.0,0.0,0.0,0.0,0.0
p261_H1,0.40698262494578863,0.6885256470858205,0.0,0.0,0.0,0.0,0.0
p261_P2,9.828784860738999e-22,98.89983706735909,0.0001471744434879595,0.0,0.0,0.04175787175899195,0.010476261550619977
p261_SCT,6.098519061595584e-05,16.29304575496541,0.0003085843737139127,0.0,0.0,0.04813267947497798,0.012110315962172973
p262_H1,0.0007013203574234136,11.601094238371061,0.0002291511643954787,0.0,5.2471078e-06,0.01697411865447722,0.004302129231659468
p262_P2,1.3603210514517787e-32,158.69849678559572,0.00021556693435828623,0.0,8.073686e-06,0.14260264638906836,0.03570657175243942
p262_SCT,0.3360206131911383,0.9269801708269625,0.0,0.0,0.0,0.0,0.0
p263_H1,4.135458687856561e-29,138.97739869946585,3.3435944455590985e-05,0.0,0.01243445,0.06418691355126858,0.01916369986847424
p263_P2,0.00183768795305583,9.78847027378087,0.00019349598410360055,0.0,2.1307811e-07,0.009687591293422566,0.0024703250889089976
p263_SCT,0.35395658161724197,0.8604990656665086,0.0,0.0,0.0,0.0,0.0
p264_H1,2.6412860866815846e-48,254.35145815993687,5.674583526282083e-09,0.0,0.0,0.07354910282478959,0.01838727712484328
p264_P2,8.69572703076632e-32,154.09037036247284,3.792105239049147e-07,0.0,0.0,0.058536073675914874,0.014634113221609695
p264_SCT,0.8600092771172086,0.031129307367141146,0.0,0.0,0.0,0.0,0.0
p265_H1,9.329274983100247e-06,19.971684834509933,7.596960981064383e-05,5.6319408598481425e-05,7.5605208e-06,0.17561177570658032,0.043937906311440164
p265_P2,1.6495153803452658e-17,76.95737462932051,5.7325552202352614e-06,0.0,9.348558e-08,0.007479207643275944,0.0018712584210195302
p265_SCT,6.357519656442642e-23,105.20863819236263,1.79549158567994e-05,0.0,0.0,0.21731433084168256,0.05433307143938484
p268_H1,0.015671733154165354,5.871362273905002,0.0005277333106119433,0.0016380714189936033,2.4016812e-05,0.2742065655173795,0.0690990967647335
p268_P2,1.6151865543709222e-47,249.29295925062362,0.0022943669309395485,0.0027046747174355556,0.003104511,0.23028117872520423,0.059596182830875984
p268_SCT,0.001226585100630054,10.546049805437564,0.0004239665159432509,7.424460944443137e-05,2.4581666e-06,0.41170837729665954,0.1030522616471596
p269_H1,0.06822339574157935,3.3367732985667446,0.0008453558977729722,0.0015665415708840474,0.00024721064,0.07765285138176392,0.02007798987324417
p269_P2,7.923846790155228e-19,83.72602799201736,0.0004213671955861755,0.0003298998919380996,0.0013859088,0.2810859375364262,0.07080577835766175
p269_SCT,0.05511135670942098,3.692499125294979,6.0962981253531646e-05,0.0,4.010815e-06,0.08472571073803312,0.021197671133519513
p270_H1,5.012917199154762e-28,132.94722540128504,0.03382151871190867,0.035932363737404376,0.06804649,0.26673755574281544,0.10113448151499016
p270_P2,1.1938886116441924e-05,19.485412433024354,1.73019411841618e-05,0.0015879054599028193,5.7995265e-05,0.015043970788927559,0.004176793363702828
p270_SCT,1.1636322484912971e-10,42.96866079506271,8.672306506645822e-06,0.0,0.0,0.1628384453456718,0.04071177941304461
p271_H1,5.969032175942835e-16,69.04841907102981,0.0003576362147984332,0.0,4.5114402e-06,0.09527382546168671,0.023908993279180855
p271_P2,1.8007199871604895e-17,76.76288878868772,0.00024622439599082,0.0,0.0,0.07909006134008575,0.019834071434019145
p271_SCT,2.4215500417925333e-06,22.645385313936412,0.00011886083205246437,0.0,0.0,0.25817792983094007,0.06457419766574814
p272_H1,6.946783590172216e-10,39.24694274532572,0.00021977633299614415,0.0,0.00021690299,0.1698351436483978,0.04256795574293844
p272_P2,0.40962473880338746,0.6808027545307496,0.0,0.0,0.0,0.0,0.0
p272_SCT,2.9494307409377727e-47,247.61731869504078,7.273714854401326e-05,0.0,7.0448646e-06,0.0979387177214138,0.024504624933629492
p273_H1,0.017225611884823033,5.70359624016497,0.00107589657385051,0.0,1.1694475e-05,0.007299514648885683,0.002096776424378743
p273_P2,0.0005184576537500685,12.17456467613394,0.00016221471559067302,0.0,0.000111188005,0.12175319239311176,0.03050664877834223
p273_SCT,0.01585160183063115,5.851082601818464,2.4555050858474246e-05,0.0,6.528352e-05,0.37596616164343616,0.09401400005417798
p274_H1,0.5133765513974107,0.4276660786099898,0.0,0.0,0.0,0.0,0.0
p274_P2,1.9988844425629108e-14,61.408017590622315,0.00012407242628834444,0.0,0.0032838664,0.04137550635860767,0.01119586130830598
p274_SCT,0.6137763012452226,0.2549678333304252,0.0,0.0,0.0,0.0,0.0
p275_H1,0.0010293551322969176,10.876000405722133,9.543052659777591e-05,3.267967481231117e-05,0.00057190546,0.04051690632202541,0.010304230496027453
p275_P2,1.5850143261613894e-08,32.80214641423619,0.00014893331703652398,0.0,0.0,0.09877775715281568,0.024731672617463053
p275_SCT,0.028021580913763167,4.849279386569362,7.224982468042404e-05,0.0,0.0,0.20555774568027463,0.051407498876238765
p276_H1,6.3026548094071e-21,94.65173227220868,7.76141546289338e-05,0.0,2.9220012e-06,0.18515078514506253,0.046307830325212455
p276_P2,6.471921172349197e-05,16.17752217128454,7.732535695597777e-05,0.0,3.5612604e-06,0.04427365877402523,0.011088636347852274
p276_SCT,1.8320610255699768e-05,18.6432144588734,4.8051793570756584e-05,0.0,0.0,0.14792651613874988,0.03699364198308016
p277_H1,2.8133364602721475e-17,75.77440149582918,7.654527263173085e-05,7.341424810643577e-05,9.176724e-07,0.11843184874110546,0.029645681483566753
p277_P2,0.024948216972657013,5.051766078133391,0.0002415101105575414,0.0,1.00958886e-07,0.06776612894890123,0.017001935004586115
p277_SCT,8.861127134605252e-19,83.47549338353299,0.0004854886877140259,0.0,1.10543894e-07,0.17873656119862485,0.04480554010755823
p278_H1,2.981898282822823e-44,228.59648544188272,0.005472008988282375,0.009586341434951398,0.0103653595,0.2798111939439083,0.07630872596307287
p278_P2,0.20361469690031733,1.6196382932471312,0.0,0.0,0.0,0.0,0.0
p278_SCT,3.825300910433654e-06,21.73632182242329,3.601050083327911e-06,0.0,6.611915e-05,0.02943916627456098,0.007377221619060422
p279_H1,3.6603372610287306e-23,106.48767403072155,0.0001653883442953081,0.0,0.00027255848,0.11333262834432882,0.028442643791699248
p279_P2,5.124769735919763e-30,144.0623528230937,0.0001537360064479199,0.0,0.00027440494,0.1047669390251333,0.026298769993293395
p279_SCT,0.5382904180776344,0.37913484309744083,0.0,0.0,0.0,0.0,0.0
p280_H1,4.6595498791499236e-35,172.9739498626122,0.0005170157375120393,0.0,3.3773736e-06,0.23268555007465283,0.05830148579643109
p280_P2,0.3389996654723101,0.9156100279966457,0.0,0.0,0.0,0.0,0.0
p280_SCT,5.751800696287139e-60,332.93398569601544,0.000783919865512811,3.188544581214571e-05,7.002478e-08,0.14657114102587943,0.0368467540904967
p281_H1,3.808053899546051e-17,75.10457092254647,0.007487815913445258,0.00013205678562840296,0.011755641,0.19063447787052146,0.05250249779702455
p281_P2,0.28909421153833087,1.1257436941576506,0.0,0.0,0.0,0.0,0.0
p281_SCT,0.8132971687711539,0.055825511574381835,0.0,0.0,0.0,0.0,0.0
p282_H1,8.10074940284443e-16,68.38006988835387,7.011374829454724e-05,3.0617276529325183e-06,0.0,0.1306974351622914,0.03269265265955972
p282_P2,5.8892051890893636e-15,64.05619801202371,1.5914491367971688e-07,0.0,0.0,0.018240616893037895,0.004560194009487894
p282_SCT,2.540231542184275e-24,112.70199028380446,1.134450502930682e-05,0.0,0.0,0.3014322744317139,0.0753609047341858
p283_H1,4.586005329261126e-15,64.59964500520066,0.0004906987092194017,0.0,5.8167444e-07,0.021051889247576835,0.005385792407809546
p283_P2,0.009976829601143784,6.679715550497191,9.08197681856242e-06,0.0,3.440641e-05,0.06940496115112017,0.017362112384515373
p283_SCT,0.015401502880620282,5.902286501628029,9.59318386435471e-07,0.0,0.0,0.010859620217611261,0.002715144883999424
p284_H1,1.1312609155057772e-36,182.4686664616539,4.3806409145580866e-05,0.0,3.1701973e-08,0.023112066396116376,0.00578897612680864
p284_P2,7.873481482867819e-32,154.33640276127457,4.300672441284115e-05,0.0,9.236249e-07,0.0655543051743673,0.016399558880918957
p284_SCT,3.2028281876602227e-27,128.4969182772223,1.8167678225569748e-05,0.0,0.0,0.05903043326481181,0.014762150235759346
p285_H1,2.1029466445576693e-69,401.67857474245267,0.00010102393829594345,0.0003604571789176201,0.00031136227,0.1406984397505959,0.03536782078347108
p285_P2,6.543524521733335e-27,126.78981379616987,2.6016986032040932e-05,0.0,0.0,0.13948020503694955,0.0348765555057454
p285_SCT,1.6270752387368706e-106,723.604048727654,1.0,1.0,1.0,0.7080687250359959,0.927017181258999
p286_H1,2.1939981466228142e-13,56.2510253498589,0.00016646255863676457,1.3096994323177652e-06,0.00041046194,0.001948811546547072,0.0006317614371113967
p286_P2,0.00019762355637512874,14.019269977576679,0.00015422099199579884,0.0005949138159191318,2.1653432e-06,0.017157006648885458,0.004477076699994066
p286_SCT,0.007592852108569612,7.173554521348925,0.00010148316851859108,0.000607490039850653,2.5400388e-06,0.18261356822591915,0.045831270368284466
p287_H1,1.475261769004185e-05,19.06888296949906,8.649498670175126e-06,0.0,0.0,0.003065857459995544,0.0007686267396664298
p287_P2,0.001461394065066558,10.217231714220556,0.0014624558350729005,0.0,2.0817915e-07,0.03552101085344457,0.009245918716915626
p287_SCT,0.9059359157968971,0.01397458039911588,0.0,0.0,0.0,0.0,0.0
p288_H1,3.70847981117333e-26,122.66158931705742,3.387739160678499e-05,0.0,0.0001814381,0.1788377284710489,0.044763260989601726
p288_P2,1.3027478929060323e-10,42.73260380775213,0.00013635584809354852,0.0,0.00043303688,0.05927130553631695,0.01496017456682662
p288_SCT,5.248405431298322e-14,59.32453089912763,2.8139005450481407e-06,0.0,0.0,0.2352825411905985,0.058821338772785885
p289_H1,9.394325527749231e-67,381.8876304568124,0.0003981776533100146,0.004074758922195589,0.00012707079,0.13538837278860763,0.03499709503781079
p289_P2,2.700795246700871e-23,107.19299958572441,3.770288865161668e-05,0.0,2.1867486e-06,0.03868952319321932,0.009682353207614841
p289_SCT,1.9178604172879582e-25,118.77311967598668,6.927504951650861e-05,0.0,0.0,0.09837115549159656,0.024610107635278267
p290_H1,2.807819153127135e-21,96.49688619581302,6.952606733403609e-06,0.0,0.0,0.011209159491317388,0.002804028024512698
p290_P2,5.918370795302638e-25,116.1187602572395,0.00011283258051269792,1.2664036013321725e-06,0.0,0.06426612555732936,0.016095056135360847
p290_SCT,0.018576995873830226,5.569960925927087,0.00011415915435822298,0.0,2.0638913e-06,0.03883084898448731,0.009736768007540291
p291_H1,7.433774035975109e-10,39.10636744232549,0.0006651950890211215,0.00045221780342104485,0.00018575731,0.21823394428085363,0.0548842786203034
p291_P2,0.045098355185737946,4.031087593790978,0.000782184299015194,5.178236983714408e-05,6.7511886e-05,0.030409358119252407,0.0078277091686012
p291_SCT,1.3220571446129337e-09,37.91351182447448,0.000558590122185559,7.104035455767751e-05,1.4057508e-05,0.3671490264513455,0.09194817860913507
p292_H1,0.06888019867811028,3.320926899744244,0.0002668425764073445,0.0007293769891461361,9.399302e-06,0.01782968545335459,0.004708826080262948
p292_P2,0.002459159446317832,9.245664339769498,0.0003381367473980765,0.00014685535318907002,0.00045626896,0.049583350884889875,0.012631152985706856
p292_SCT,5.824754413819113e-09,34.85506960205335,3.617718895651111e-05,0.0,0.0,0.09702218046160042,0.024264589412639235
p293_H1,3.0038547556716016e-20,91.10268982857949,0.00041162780139957297,0.0034045172897673058,0.0010221951,0.025115719995665448,0.007488515045274343
p293_P2,4.3150045845442914e-23,106.10622115770009,0.00017242665538752349,0.0,0.0,0.17561695747619024,0.04394734603289444
p293_SCT,4.5663354427529797e-17,74.70313787596194,4.890816811272712e-05,0.0,1.0863908e-07,0.5242896612744552,0.13108466952041153
p294_H1,1.397144936156987e-66,380.61366667657813,0.009987916382837138,0.12878268920893382,8.605214e-07,0.1986191898935293,0.08434766400168126
p294_P2,6.817998393676594e-45,232.61755423231253,3.4701926120310862e-06,0.0,1.3087607e-06,0.05898414400443863,0.014747230739441616
p294_SCT,0.00032963902034118783,13.0381966899904,7.064790720105414e-06,1.2281997466365738e-05,6.7655026e-07,0.3906114937247816,0.09765787926580642
p295_H1,0.7230824679114518,0.12567131094959427,0.0,0.0,0.0,0.0,0.0
p295_P2,0.9238598149627778,0.009141538357104361,0.0,0.0,0.0,0.0,0.0
p295_SCT,0.9638556592467304,0.0020551585022284607,0.0,0.0,0.0,0.0,0.0
p296_H1,0.3645163475842468,0.8234713875072874,0.0,0.0,0.0,0.0,0.0
p296_P2,5.327200622381867e-13,54.353171336292206,0.00026163107897090644,0.0003953609509085126,0.00015810097,0.045556948873257674,0.011593010468539463
p296_SCT,0.31420096347405213,1.0145645556533487,0.0,0.0,0.0,0.0,0.0
p297_H1,8.586454046734515e-17,73.30918538164971,5.75267355439975e-05,0.0,0.0,0.05571973383476851,0.013944315142578127
p297_P2,0.0055539983885436305,7.743234677891606,2.2094662212522745e-05,0.0,0.0,0.04162832418770415,0.010412604712479168
p297_SCT,0.029232605615145155,4.775783983032106,2.335898149754412e-05,0.00034436168739471076,0.0,0.09071731585704915,0.02277125913148535
p298_H1,0.14250104188406815,2.1561644502993533,0.0,0.0,0.0,0.0,0.0
p298_P2,3.2303373689439893e-09,36.06849547490985,2.5895321625235607e-06,0.0,1.3480135e-05,0.04780923889132369,0.011956327139581426
p298_SCT,2.342353623103873e-43,223.01161242731675,0.003855971633885339,0.0,1.0825797e-05,0.37489960753694856,0.09469160124203091
p299_H1,8.983962193730023e-22,99.10597732539631,6.393478865645819e-05,0.0,2.0263944e-06,0.061428017949958356,0.015373494783263877
p299_P2,1.3408390918709053e-19,87.72030485274223,3.986749403739741e-05,0.0,0.0,0.017559480318136696,0.004399836953043523
p299_SCT,9.159617282800724e-23,104.36394567823287,9.272880676020968e-07,0.0,0.0,0.4301437719534708,0.1075361748103846
p300_H1,1.4222768256952053e-23,108.6832014091016,0.00014439057099693029,0.0,0.00026609615,0.07328419016661865,0.018423669221214627
p300_P2,7.28981231856654e-23,104.89198307114172,2.3387182316684907e-05,0.002631089946463965,0.0,0.08006816126278721,0.020680659597891966
p300_SCT,1.9807881445420922e-14,61.427681404749094,1.7210752270517264e-08,0.0,0.0,0.1586625270196405,0.039665636057598194
p301_H1,8.380638286136492e-07,24.76495430247694,4.862335168116108e-05,0.0,0.0,0.008144420402106984,0.0020482609384470363
p301_P2,2.7182059431835986e-10,41.19790924325116,7.742893180694588e-07,0.0,0.0,0.013550929049195576,0.0033879258346284115
p301_SCT,4.9257382358025284e-30,144.15915285218634,0.00010886388887569628,0.0,0.0,0.39204367152218145,0.09803813385276429
p302_H1,0.08835720673546894,2.913128501669633,0.0,0.0,0.0,0.0,0.0
p302_P2,0.08835720673544759,2.9131285016701014,0.0,0.0,0.0,0.0,0.0
p302_SCT,0.0883572067355704,2.9131285016678476,0.0,0.0,0.0,0.0,0.0
p303_H1,2.829084121021103e-26,123.30415028312714,9.17056738576022e-05,0.00022022656980833115,4.330188e-05,0.193365733954588,0.04843024201943512
p303_P2,2.386392619701524e-24,112.84817374737163,1.5735536495246334e-05,0.00016282784473201382,8.100086e-05,0.012932081551942603,0.0032979114475126066
p303_SCT,8.211192210326246e-31,148.550455203251,9.183494794128982e-06,0.0,0.0,0.036619241822582596,0.009157106329344182
p304_H1,0.15165861922152918,2.060514082527749,0.0,0.0,0.0,0.0,0.0
p304_P2,0.7523532403528544,0.09965168460127698,0.0,0.0,0.0,0.0,0.0
p304_SCT,0.06153613377249537,3.50807637046222,0.0,0.0,0.0,0.003328387495550756,0.000832096873887689
p305_H1,0.9409652580615833,0.005488803167418458,0.0,0.0,0.0,0.0,0.0
p305_P2,0.940965258075014,0.005488803164921459,0.0,0.0,0.0,0.0,0.0
p305_SCT,1.0,0.0,0.0,0.0,0.0,0.0,0.0
p306_H1,2.189614688295738e-23,107.68022079522976,2.200292548042076e-05,0.0,5.782362e-06,0.004112281013138848,0.0010350165752105215
p306_P2,0.19482151409626597,1.6843796641002986,0.0,0.0,0.0,0.0,0.0
p306_SCT,5.283116551216773e-34,166.835146588067,2.347131991793423e-05,0.0,2.8599421e-05,0.3400549415658768,0.08502675307671297
p307_H1,0.12522144702194923,2.357070381523427,0.0,0.0,0.0,0.0,0.0
p307_P2,0.21244753288907037,1.5578459003553282,0.0,0.0,0.0,0.0,0.0
p307_SCT,0.9685637070865262,0.0015543712867317953,0.0,0.0,0.0,0.0,0.0
p308_H1,0.9131128596626602,0.011915274426678148,0.0,0.0,0.0,0.0,0.0
p308_P2,0.8209061640358012,0.051290790008679865,0.0,0.0,0.0,0.0,0.0
p308_SCT,0.8482533917134413,0.03664417314028331,0.0,0.0,0.0,0.0,0.0
p309_H1,0.8304837531494703,0.04586905168955356,0.0,0.0,0.0,0.0,0.0
p309_P2,0.1396885076475957,2.18694086786784,0.0,0.0,0.0,0.0,0.0
p309_SCT,0.24577139314887392,1.3497110768552714,0.0,0.0,0.0,0.0,0.0
p310_H1,4.4815921807737804e-05,16.89286973499312,4.319127826043187e-07,0.0,0.0,0.14321142230130346,0.035802963553521513
p310_P2,4.0949298542091795e-05,17.06884728625569,2.8855214524525027e-05,0.0,0.0,0.006252355961721034,0.0015703027940613898
p310_SCT,0.6509039938072616,0.20495947051123922,0.0,0.0,0.0,0.0,0.0
p311_H1,0.001545615587586764,10.112232190769433,4.8547221201498234e-05,0.0,0.0,0.029469270226171438,0.007379454361843234
p311_P2,0.0002375808779628588,13.665541801495488,2.798085275033907e-05,0.0,0.0,0.02442981996537225,0.006114450204530647
p311_SCT,0.7977145956239803,0.06574868832842698,0.0,0.0,0.0,0.0,0.0
p312_H1,0.7169983857588944,0.13150567287102807,0.0,0.0,0.0,0.0,0.0
p312_P2,0.7169983857585365,0.1315056728714324,0.0,0.0,0.0,0.0,0.0
p312_SCT,1.0,0.0,0.0,0.0,0.0,0.0,0.0
p313_H1,0.0907768161011565,2.8693845688864066,0.0,0.0,0.0,0.0,0.0
p313_P2,3.6019612537956143e-05,17.31924767863229,8.855235727132166e-06,1.0123131043367637e-05,3.3320125e-06,0.008067953502562324,0.0020225659704610154
p313_SCT,0.005821940449107671,7.657127547880507,5.828221808074723e-06,0.0,9.130468e-07,0.1310860236690042,0.03277319123440062
p314_H1,1.317662370313954e-33,164.53716991107558,0.00011427745580979634,0.0,9.105027e-07,0.0662539912151504,0.01659229479341658
p314_P2,4.6257245251808246e-12,49.75596192639751,2.081664648350896e-06,0.00027750360387240045,3.1535071e-06,0.017119998372532478,0.004350684287044054
p314_SCT,0.04548670449434008,4.016527748508886,0.00011605998311205412,0.0,1.1059672e-07,0.4646907157145689,0.11620172157360095
p315_H1,0.9502458740544375,0.003896635732178415,0.0,0.0,0.0,0.0,0.0
p315_P2,0.947922344633568,0.004269612913811696,0.0,0.0,0.0,0.0,0.0
p315_SCT,0.7606781975032834,0.09285627621315706,0.0,0.0,0.0,0.0,0.0
p316_H1,2.4335879978165448e-14,60.98270979544835,6.072624253634112e-05,0.0,7.338117e-05,0.012962598590811494,0.0032741765004561515
p316_P2,5.902623803996502e-07,25.46809242873106,0.0002671694306921452,0.0,3.89539e-06,0.005846355684397176,0.0015293551262496562
p316_SCT,7.865113127561955e-33,160.06477078828493,2.8761712467008443e-05,0.0,0.011715108,0.3138352748373814,0.08139478603681477
p317_H1,0.0001622011421806582,14.399459980881517,1.6568626938579713e-05,0.0,0.00041397125,0.038057260630363965,0.009621950127976155
p317_P2,1.1227853273446516e-05,19.60639213964077,0.00032445481874474193,0.0,5.1130766e-05,0.052837246536360696,0.013303208030332272
p317_SCT,0.3090409045384014,1.03645401305174,0.0,0.0,0.0,0.0,0.0
p318_H1,1.5426179365339813e-16,72.01866214228862,0.0006268449317431088,0.0026768007856219455,1.0605202e-06,0.10559317108802127,0.02722446933138717
p318_P2,0.00023900963652848665,13.65403598660329,0.0003433387214883702,0.0,1.753199e-07,0.10369969954613928,0.02601080339688123
p318_SCT,7.909195427986183e-36,177.48836512522752,2.8080207256331084e-05,0.0,0.0,0.26318030654687247,0.0658020966885322
p319_H1,0.07027794004780141,3.2877370437050124,0.0,0.0,0.0,0.0,0.0
p319_P2,4.936669265434051e-31,149.8023105705961,0.0003688844443841182,0.0,0.00017186557,0.004579357088103739,0.0012800267754788665
p319_SCT,2.6114436906321464e-07,27.109318884994664,6.169422494377194e-05,0.0,0.00016254229,0.1827554898763876,0.045744931597409846
p320_H1,0.9897731482681171,0.00016442752424730456,0.0,0.0,0.0,0.0,0.0
p320_P2,2.409761133147022e-11,46.27148056551697,6.772809068443803e-05,0.0,9.864123e-07,0.06256530740846189,0.01565850547785166
p320_SCT,3.4962900238357686e-12,50.34920053768745,9.274509638545464e-06,0.0,0.0,0.025935198557215378,0.006486118266713481
p321_H1,0.10093354103080168,2.698679905217107,0.0,0.0,0.0,0.0,0.0
p321_P2,0.17136037518734873,1.8752998382022883,0.0,0.0,0.0,0.0,0.0
p321_SCT,0.00039549564202046733,12.690285125094338,0.00013915142544746313,0.0,3.0007923e-05,0.010292460896566715,0.002615405061193539
p322_H1,3.2747317641218974e-27,128.44380809839393,0.000952071843283098,0.0011504395282570033,0.00041466492,0.020568495097254925,0.005771417846023052
p322_P2,6.423728460092348e-33,160.57023026152382,0.0003407627166649014,0.0060567101766269985,1.598276e-05,0.14958041110746614,0.03899846669008402
p322_SCT,4.4697896013669505e-33,161.4765710003963,0.002254864300810958,0.0,0.014138753,0.25089345056557755,0.06682176686524467
p323_H1,1.0874893436044433e-12,52.83107200691934,0.000494751728152742,0.0002952581237357748,1.5181735e-05,0.16168913733791848,0.04062358223116484
p323_P2,2.691180606850217e-05,17.88925993660539,0.00047029012174648946,0.0,2.7227798e-05,0.12025676657987654,0.03018857112479213
p323_SCT,0.001890351493518442,9.735705818007661,0.00019681481181622366,0.0,0.0,0.2658869476907738,0.0665209406256475
p324_H1,1.5509683677775925e-05,18.97047653386283,0.0003932435992563679,0.00018747785559931242,1.829639e-05,0.17866598711778203,0.04481625124076145
p324_P2,0.2737931638896542,1.1997485841096633,0.0,0.0,0.0,0.0,0.0
p324_SCT,0.0004827291225241381,12.310422934895506,5.245813237446642e-05,0.0,8.810521e-06,0.13363854526686028,0.0334249534799936
p325_H1,0.17734435361755077,1.8238443670932225,0.0,0.0,0.0,0.0,0.0
p325_P2,2.8514926353558784e-05,17.77600618665699,0.0004607724223208727,0.0012215821566853875,8.539872e-06,0.016747512321981708,0.004609601693346191
p325_SCT,0.022462778944933898,5.2355104580494,0.001696394269986038,0.0054419297363819934,0.0058763986,0.1697737676992266,0.04569712258773401
p326_H1,0.0016051102372576257,10.041505412369112,2.5614868182105782e-05,0.0,0.0,0.047786949179328055,0.01195314101187754
p326_P2,5.345018075743925e-19,84.60909776949566,9.352317337562482e-06,0.0,0.0,0.009278397822478355,0.0023219375349539796
p326_SCT,2.654728137159382e-12,50.933385027928956,7.904428716252217e-06,0.0,0.0,0.14184955244913627,0.03546436421946313
p327_H1,4.743851051182207e-08,30.565227839683832,4.336343315359876e-05,0.0,5.6588783e-06,0.05807079953436485,0.014529955461456655
p327_P2,3.1569872367444315e-11,45.703447576713586,8.591037381773771e-06,0.0,3.9155875e-05,0.04624205912177686,0.01157245150857189
p327_SCT,1.6332238433035866e-14,61.84500545867096,5.900031612016083e-07,0.0,0.0,0.15774112241407337,0.03943542810430864
p328_H1,0.0002624898666883495,13.474306984921165,2.8121561835827408e-05,0.0,0.0,0.131449592564445,0.032869428531570204
p328_P2,6.761744077024454e-25,115.80561254385586,2.369941978967198e-05,0.0,0.0,0.05289235812928459,0.013229014387268565
p328_SCT,1.3811532004318525e-23,108.75145788562068,1.8336377887443615e-05,0.0,2.5680367e-06,0.2708950825597966,0.06772899674360461
p329_H1,5.405393455039687e-08,30.299646052263203,0.0002494514877311845,0.0007163582529980377,0.00027378442,0.27669509144617604,0.06948367140143212
p329_P2,4.1617114859098135e-05,17.037287101748266,7.68788714409106e-05,0.0,3.3009887e-06,0.06252808618692446,0.015652066511775708
p329_SCT,0.5939517376471699,0.28450677451993645,0.0,0.0,0.0,0.0,0.0
p330_H1,2.9077675218176406e-11,45.876327107544455,0.00033952492192880674,0.0,0.0004351519,0.25255532095411765,0.06333249944085138
p330_P2,0.00048437412511854214,12.303947380055606,0.00015299409907391668,0.0,9.559715e-06,0.12800045121881404,0.032040751258267296
p330_SCT,0.001105136714837743,10.742194457178703,3.646046950827668e-05,0.0,0.0,0.07663526935943082,0.019167932457234776
p331_H1,0.015279937839371182,5.916381243010178,5.6862257089428514e-05,0.0,4.226885e-05,0.09167791761719774,0.022944262181056392
p331_P2,0.6708503314705806,0.18077948530087118,0.0,0.0,0.0,0.0,0.0
p331_SCT,0.23510726573994864,1.4124107618566741,0.0,0.0,0.0,0.0,0.0
p332_H1,0.00014406553352937405,14.628041399068657,0.0001358977169135241,1.8070561810041562e-06,0.00030760744,0.1160646336467418,0.029127486463806203
p332_P2,2.763655290062541e-06,22.382379053875063,0.00040462989914499863,6.653121815589475e-05,0.0029211757,0.044415566322029414,0.011951975779164903
p332_SCT,0.47446161403640574,0.5121844229083808,0.0,0.0,0.0,0.0,0.0
p333_H1,0.00017351811007305083,14.269559107066158,0.00022317095376932022,0.0,8.360446e-06,0.05466799081042772,0.013724880552642394
p333_P2,5.219740999937019e-08,30.370728895640816,0.0002175353538651022,0.000537102715928458,1.2321862e-05,0.03714566075291266,0.009478155171280044
p333_SCT,4.744661568729634e-05,16.781687318370984,0.00011956349592296697,0.0002672621462064788,0.00047338556,0.020727096234614887,0.005396826859267653
p334_H1,3.71709672567939e-34,167.7209681595321,0.0003675753113609929,0.0003580387803864502,9.121842e-05,0.1387145349552001,0.03488284186640552
p334_P2,0.3511659110813269,0.8705387984474059,0.0,0.0,0.0,0.0,0.0
p334_SCT,1.4426512016480488e-11,47.352173240674105,0.00015954984823282842,0.0,0.0,0.02650723802206203,0.006666696967573715
p335_H1,6.54651197255727e-14,58.848574128296704,0.0005239040205085027,3.3493111943935735e-05,7.108609e-05,0.2207453672540822,0.05534346261946832
p335_P2,6.2535210788151785e-06,20.7621306361997,0.00011729974262535425,0.0,0.0,0.008085465899543334,0.002050691410542172
p335_SCT,1.7109566489546003e-07,27.963214339906397,0.00028165469668002064,0.0,0.0,0.21755233937726295,0.05445849851848574
p336_H1,0.2507805086804088,1.3213967863476823,0.0,0.0,0.0,0.0,0.0
p336_P2,0.14755739416814034,2.1025202003653147,0.0,0.0,0.0,0.0,0.0
p336_SCT,5.997529585774352e-09,34.79498903572506,0.0002111397020100417,7.052358192465788e-05,0.00012820307,0.07449447496350617,0.018726085329773677
p337_H1,0.5431040290618625,0.37022192959764305,0.0,0.0,0.0,0.0,0.0
p337_P2,0.006248616536261185,7.528044950325916,0.00017409706478086154,0.0,0.00031439107,0.04847777050379223,0.012241564660294938
p337_SCT,0.12127848009937126,2.407266496883713,0.0,0.0,0.0,0.0,0.0
p338_H1,3.4899514703680083e-06,21.91852360949232,0.0004128829297430826,0.001090346310567012,0.00020392754,0.0591918993554132,0.015224764034509772
p338_P2,0.03586326477049398,4.4226608698692536,3.425922769712789e-05,0.0,0.00010132296,0.006646747033700624,0.0016955823061041632
p338_SCT,0.00027710825829553934,13.370445638416598,0.00042638160658840053,0.0,2.5249134e-05,0.2760684480621171,0.06913001970057991
p339_H1,5.42559644417e-24,110.92868838224688,0.0008533868264991267,0.0,4.570211e-06,0.06960491640926351,0.017615718361659764
p339_P2,5.475188037401575e-42,214.54370553914399,1.8105897672782075e-05,8.161370171237045e-05,1.7387557e-06,0.06433593199589448,0.016109347587748315
p339_SCT,0.3526245931503701,0.8652774850550299,0.0,0.0,0.0,0.0,0.0
p340_H1,0.011275486878413885,6.459601199675695,2.7006379601238936e-05,0.0,0.00020691217,0.1912318317605637,0.04786643757734947
p340_P2,0.16459117130014828,1.9360605157193058,0.0,0.0,0.0,0.0,0.0
p340_SCT,0.5661314608644821,0.32954817767947214,0.0,0.0,0.0,0.0,0.0
p341_H1,3.290592175361125e-05,17.495898902702226,0.0005168691671092971,0.0,0.0,0.04779378288497563,0.01207766301302123
p341_P2,0.0359185032091525,4.420015315662828,0.00017953233539528163,0.0,0.0027221707,0.012266539856519331,0.0037920607153750195
p341_SCT,0.1846986368564802,1.7632901237645209,0.0,0.0,0.0,0.0,0.0
p342_H1,8.593468410159072e-09,34.05642353485532,0.00014099133944242383,0.0,5.5646473e-05,0.06180680045553667,0.015500859566970168
p342_P2,0.0034429478303485395,8.622146051066512,9.267501019035847e-05,0.0,1.2555597e-05,0.012058338108067498,0.0030408921788382995
p342_SCT,0.0009864267141070002,10.956305817269511,0.00023532226072252253,0.0,0.00054066227,0.16959235066880693,0.04259208379884445
p343_H1,0.14154778794667602,2.1665182992709413,0.0,0.0,0.0,0.0,0.0
p343_P2,0.008920359934150213,6.881712988556362,8.20674771320966e-05,0.0,7.4885286e-08,0.014802878081938114,0.0037212551110889346
p343_SCT,0.11582581896042936,2.47974977355003,0.0,0.0,0.0,0.0,0.0
p344_H1,2.094659738141162e-09,36.96220081251729,0.0014806535477360123,0.0030475448347444313,0.0015073505,0.11791916277621883,0.030988677908789487
p344_P2,0.15853823103026876,1.9928674535952806,0.0,0.0,0.0,0.0,0.0
p344_SCT,0.5697930602531504,0.32337047326337875,0.0,0.0,0.0,0.0,0.0
p345_H1,1.8772442854469733e-20,92.16913729702581,0.00015426691616321513,2.6041013414109163e-06,3.6061974e-05,0.15381670556661578,0.03850240963959069
p345_P2,1.1033895704060273e-05,19.64073474607931,0.0004313414888113645,0.0,0.0003450079,0.03732814595651705,0.009526123835030485
p345_SCT,0.00692736684155863,7.34022739052354,5.870848439711622e-05,0.0,0.0,0.10454920656703594,0.026151978762858262
p346_H1,0.0004557550621405505,12.419915054411433,3.235667407563258e-05,0.0,0.0,0.018615832486179727,0.00466204729006384
p346_P2,0.00040705498097402885,12.635325157960041,4.164151094000185e-06,0.0,0.0,0.0007025123246567356,0.00017666911893768396
p346_SCT,5.3877797507298074e-05,16.534119311616177,1.0130782250139594e-05,0.0,0.0,0.16718517112772419,0.041798825477493584
p347_H1,0.006311163106402181,7.509884298954508,0.00030039544236374574,0.0,1.7982179e-06,0.01959938751840736,0.004975395294669976
p347_P2,0.5349279063971182,0.3854479093817283,0.0,0.0,0.0,0.0,0.0
p347_SCT,4.3848114996491446e-05,16.935437041434334,0.00013686127562767317,0.0,2.5334595e-05,0.06342101319696393,0.01589580226694622
p348_H1,7.090032248321081e-06,20.513811015472243,0.0015553939799603826,0.0020037528790272877,0.0007795481,0.16798328769018847,0.043080495656755056
p348_P2,0.20050187845501113,1.6421742094141663,0.0,0.0,0.0,0.0,0.0
p348_SCT,0.00047872077902789235,12.326295778980601,0.00017453481084176583,0.0,1.2220218e-06,0.02483678847435299,0.006253136326736525
p349_H1,0.20104678842408708,1.6381995580536584,0.0,0.0,0.0,0.0,0.0
p349_P2,0.4607654200468717,0.5447061953116894,0.0,0.0,0.0,0.0,0.0
p349_SCT,0.0038231197109343975,8.42889168214492,2.428653459856383e-05,0.0,5.0727867e-06,0.032685534241398674,0.008178723390682978
p350_H1,2.2943112802825707e-19,86.51008253087551,0.00016945447076644404,0.00035692099723738424,3.0411193e-06,0.08512470156377476,0.021413529537762415
p350_P2,1.8851209557505242e-11,46.7884069980236,8.641174236640848e-05,8.506663153702675e-05,6.18771e-05,0.016894106299470434,0.004281865443583788
p350_SCT,0.060381159444845345,3.53967079217201,7.516563791534037e-05,0.0,4.8947813e-06,0.04322482764714553,0.010826222016600502
p351_H1,0.5794328268052769,0.30747336715091406,0.0,0.0,0.0,0.0,0.0
p351_P2,0.5992534335659674,0.27640499224705345,0.0,0.0,0.0,0.0,0.0
p351_SCT,0.9174783124825989,0.010743842874031332,0.0,0.0,0.0,0.0,0.0
p352_H1,0.9168523691154553,0.01090804649584034,0.0,0.0,0.0,0.0,0.0
p352_P2,0.7557439044947575,0.09685222300684959,0.0,0.0,0.0,0.0,0.0
p352_SCT,0.029319414875198995,4.770638311730036,4.3837017649695786e-05,0.0,2.7985272e-06,0.06739278198255892,0.016859854381864194
p353_H1,0.9870785322974949,0.0002624995183751101,0.0,0.0,0.0,0.0,0.0
p353_P2,0.9086225278875134,0.013184237106492027,0.0,0.0,0.0,0.0,0.0
p353_SCT,0.8792027813037567,0.0231167758693471,0.0,0.0,0.0,0.0,0.0
p354_H1,4.628635861809343e-13,54.653467086612174,9.631493758547886e-05,0.0,2.192572e-06,0.08079257895723765,0.020222771616726535
p354_P2,2.8877861870658854e-08,31.576572181307554,0.0001498079629197737,3.708533545446247e-06,3.7458587e-05,0.0021348312506573527,0.0005814515835382468
p354_SCT,0.001182366154577113,10.615086673932357,2.9864332338235847e-05,0.0,0.0,0.07901462426652642,0.019761122149716162
