Base Model R^2	MAE	MAPE	SQE	RSQE
0.9674365649666318	5.9840218687524835	0.014177376579228644	130.8755999818758	11.440087411461322