,R2,MAE,MSE,RMSE,MAPE,SD,ASD
xgb,0.9841236528431905,4.22570199791257,43.32201945185428,6.466129958394417,0.00890388103231079,6.58210890821235,5.047229314691783
