feature,p_value,score,gbr,rf,xgb,BayesianRidge,mean
p1_H1,0.0004037271428036165,12.650984141080487,0.0,8.462543887828331e-05,1.7694549e-05,0.06695090818041745,0.016763307041988952
p1_P2,8.721407766749185e-05,15.598549406954383,0.0,5.01353320360591e-05,0.0001729225,0.06436397114467264,0.016146757245210794
p1_SCT,6.106742234532359e-07,25.399835372598282,0.0,7.785731762872833e-06,2.0431796e-06,0.06567860360623133,0.01642210812940359
p2_H1,4.997457693592105e-06,21.206139978916802,0.0,0.00010365399968354846,7.84163e-05,0.00771057568515754,0.001973161495833475
p2_P2,1.4814929106630561e-15,67.06098665081373,0.0,5.864940993152707e-05,5.116925e-06,0.03479536091544996,0.008714781812587197
p2_SCT,1.911679884476477e-17,76.63032596426322,0.0,7.626805470346833e-05,1.5350528e-05,0.1433699053573526,0.03586538098500754
p3_H1,9.920229093296422e-06,19.85051405627413,0.00021023594438542763,0.000290020331376269,9.0771246e-05,0.027522694857605206,0.007028430594740609
p3_P2,1.5580507255697064e-25,119.26363305350687,0.0002453378273746088,0.00031366783947523195,0.00016359512,0.06463696979063761,0.016339892644215565
p3_SCT,2.2254236769261259e-10,41.61481493226163,0.0,0.00019162474877964066,1.7681623e-05,0.11484932951466181,0.028764658971590706
p4_H1,0.006683265897991154,7.4055121961976065,2.114962376123867e-05,0.000142219416567204,1.6408847e-05,0.0348773336080004,0.008764277873815183
p4_P2,2.4303293708907408e-11,46.25359638592255,0.0,0.00016723846953992365,1.3394542e-05,0.0817904310505166,0.020492766015587405
p4_SCT,0.6394795916144438,0.21963726929583016,0.0,0.0,0.0,0.0,0.0
p5_H1,1.5843977220450088e-18,82.17478988856922,0.0,2.6962412092640353e-05,0.0002010044,0.16150178845058122,0.04043243881497858
p5_P2,0.010232976187867341,6.634052610261377,0.0,3.368425017267436e-05,2.883232e-06,0.059453383531224556,0.014872487753324393
p5_SCT,1.0261369529794378e-06,24.3594777803051,0.0,7.57278068194493e-05,0.000121838326,0.14813091433894135,0.037082120117907055
p6_H1,0.00531099532752523,7.825083267699708,0.00013204330474337388,0.00010439571865306024,5.8128244e-05,0.13944277185183526,0.03493433477976695
p6_P2,0.0657198022446686,3.398712497821412,0.00038040593155336944,0.0005694060734819267,0.0018329842,0.06334548265332902,0.01653206970335207
p6_SCT,0.013283750676648574,6.165986800563944,0.0,6.709077298148792e-05,2.8390567e-05,0.009359347742244182,0.002363707270434624
p7_H1,0.10972888831648239,2.5654072871759728,0.0,0.0,0.0,0.0,0.0
p7_P2,1.7587286721408298e-06,23.282806230730753,0.0002250696895151666,0.0001974349886242769,1.3505892e-05,0.04151589370585487,0.010487976068930939
p7_SCT,3.169185025433778e-10,40.87820728486616,9.191679099235233e-05,0.0004040855646140644,9.406783e-05,0.1750481593848246,0.04390955739240661
p8_H1,0.016881332421361264,5.739377709698052,0.0003527590812361863,0.0005537037022982858,9.541562e-05,0.10640433382329248,0.026851553056783713
p8_P2,9.091027619343245e-08,29.243733135065686,0.0010597922176863424,0.0006389726394997859,0.00017328547,0.12164714253163188,0.030879798215343507
p8_SCT,0.8188624487581915,0.05248891675945498,0.0,0.0,0.0,0.0,0.0
p9_H1,0.0013191204999768442,10.409406701595676,0.0,0.0006557690198669974,3.1678e-05,0.027213674065252134,0.006975280270974036
p9_P2,0.019937782751723896,5.445205270584171,0.0,4.16470311122261e-05,4.3216263e-05,0.04288199439453888,0.010741714422236098
p9_SCT,1.4161935364468449e-15,67.1593857721976,0.0005111704282277126,0.00044762916474181243,4.846953e-05,0.1592014752668463,0.0400521860974931
p10_H1,2.365463275550094e-32,157.32127791541475,0.0,2.0781004987915943e-05,1.1234578e-06,0.038695604895396675,0.009679377339537186
p10_P2,6.555518546496327e-13,53.9102081217041,0.0,3.583329782903512e-05,0.0,0.020689375530769365,0.0051813022071496
p10_SCT,1.0788917964835153e-05,19.684990646386364,0.0,0.00014480897598124869,0.0,0.15805495541875605,0.03954994109868432
p11_H1,3.507338179534105e-05,17.371248309947543,0.0,0.0003311156226559206,3.9352763e-06,0.0999661844736973,0.025075308843151855
p11_P2,0.0015118684973186756,10.153590212862612,0.0,5.449238101927455e-05,6.6186876e-06,0.0594662597497296,0.01488184270459249
p11_SCT,0.0024059327629552753,9.286342519715893,0.00025423848981489866,0.0003254270929681367,0.00010700805,0.06705155431383092,0.016934556985916654
p12_H1,4.8601937609485004e-09,35.22735304514479,0.00015745602183546697,0.00017094628500477935,8.692485e-05,0.015726624450509805,0.0040354879010831585
p12_P2,0.6944249727454976,0.1544791365511611,0.0,0.0,0.0,0.0,0.0
p12_SCT,0.06985049286814202,3.297811184672028,0.0,0.0,0.0,0.0,0.0
p13_H1,3.5133108816060265e-12,50.338903054483545,0.0,0.0004058951739030938,0.00034712488,0.005241201975129978,0.0014985555068375473
p13_P2,0.0834916575920992,3.005169783228319,0.0,0.0,0.0,0.0,0.0
p13_SCT,0.0013205691791932951,10.407345719569925,0.0,0.0002789141082174118,9.971949e-07,0.2931238511376368,0.07335094061018566
p14_H1,0.42098800566813577,0.6484084690468503,0.0,0.0,0.0,0.0,0.0
p14_P2,0.025539904594600833,5.010831681578932,0.0,0.00011580255622018402,0.00018813885,0.05626057410298314,0.014141128876115894
p14_SCT,0.27739763488423824,1.1818522729312184,0.0,0.0,0.0,0.0,0.0
p15_H1,2.1874162079928815e-06,22.847918020649654,0.0,9.819680652004376e-05,6.620079e-05,0.16571427751448287,0.04146966877721118
p15_P2,1.670209903760976e-07,28.01194623924373,0.0,0.00019086516484450921,2.861642e-05,0.05518971303549023,0.013852298654961967
p15_SCT,3.7222621601772057e-09,35.77644577471964,0.0,0.00010079773795367692,3.132031e-05,0.08096377813277911,0.020273974044948875
p16_H1,0.05163161193941222,3.8021908002629705,0.00011133640751984187,0.00032503710985116275,3.9720446e-05,0.10577440564714925,0.026562624902576076
p16_P2,0.11530332938547816,2.486893030593185,0.0,0.0,0.0,0.0,0.0
p16_SCT,1.0367730352805715e-33,165.13932335896072,8.735491405915959e-06,0.0001033576849163015,0.004930032,0.03994046067261136,0.011245646450112612
p17_H1,0.5095584241479882,0.43547272605369436,0.0,0.0,0.0,0.0,0.0
p17_P2,2.3783840726250513e-15,66.02863901066806,1.2209061546844658e-06,0.0003150572446630082,0.0005280989,0.060757518431857886,0.015400473870403842
p17_SCT,1.1357036149230952e-19,88.09486889756282,0.0,1.0338040874011e-05,3.1105577e-05,0.004322793323609407,0.0010910592354617626
p18_H1,0.04423238814514153,4.064036460866546,0.0,5.033101764034519e-06,8.8495935e-06,0.004754454782941755,0.001192084369561829
p18_P2,0.0034582318952779815,8.613965208789352,0.0,1.7704817284772457e-06,1.651315e-08,0.057995106692188464,0.014499223421766724
p18_SCT,0.018566690191735045,5.5709414697665265,0.0005438849144986117,1.553182432892895e-05,1.2673604e-06,0.2745864414701097,0.06878678139233513
p19_H1,0.0689230268051805,3.319899237701496,0.0,7.964518805854041e-05,0.00017359765,0.015476358864812589,0.003932400426916135
p19_P2,7.047701297682582e-14,58.68979398351156,0.000311896299747594,4.964575438498012e-05,5.126673e-05,0.006661044187318757,0.001768463242464235
p19_SCT,1.1570026517934214e-06,24.119315838770003,0.00023986799634970483,7.068269956413875e-05,0.0,0.24664922675732556,0.06173994436330985
p20_H1,6.651950334006159e-58,318.53311037374345,0.0,0.0001247278568765014,1.1928261e-05,0.19672591126495653,0.0492156418457836
p20_P2,1.5733802454783542e-27,130.19935075726522,0.0,0.000111184209208572,1.9794898e-05,0.0007294188219735709,0.00021509948217692855
p20_SCT,1.064301171283508e-46,244.0571370421097,0.0,1.2485916189022963e-05,0.0,0.06095696818777396,0.015242363525990746
p21_H1,0.02026414419710528,5.4165972646563265,5.7589637962412045e-05,5.28777633230473e-05,0.000109725566,0.024697813098135468,0.006229501516427695
p21_P2,0.4667729451552869,0.5302526606314206,0.0,0.0,0.0,0.0,0.0
p21_SCT,0.142520970574884,2.1559488267550355,0.0,0.0,0.0,0.0,0.0
p22_H1,5.00939179253068e-12,49.58721679275154,0.0,0.0001250834161881954,0.0001989508,0.03537808629693434,0.008925530128745536
p22_P2,1.0649758258477964e-13,57.802013807144014,0.0,3.32622451415922e-05,0.0005985497,0.009742503087411999,0.0025935787647431855
p22_SCT,4.794187011632089e-09,35.25548480670813,0.0,0.00010324389565601916,7.402009e-07,0.08494488432620471,0.021262217105690994
p23_H1,0.4504822882732721,0.5701525523796206,0.0,0.0,0.0,0.0,0.0
p23_P2,0.2060100973869301,1.6025713939178434,0.0,0.0,0.0,0.0,0.0
p23_SCT,0.0039061298230357745,8.389308121474926,0.0,2.4507116405731772e-05,0.00085483573,0.4390628296656531,0.10998554312779338
p24_H1,0.0909380534265404,2.8665147642065594,0.0,0.0,0.0,0.0,0.0
p24_P2,0.0111010128021753,6.48761058173845,0.0,2.181044190419122e-05,2.6074865e-06,0.005222339607084981,0.0013116893838777456
p24_SCT,0.25376381648698276,1.3048616168089158,0.0,0.0,0.0,0.0,0.0
p25_H1,0.21345692382354142,1.5509789852171705,0.0,0.0,0.0,0.0,0.0
p25_P2,0.0024225583085584106,9.273538990690296,0.0,4.6892815086076756e-05,1.4540718e-06,0.047896834421908695,0.011986295327203985
p25_SCT,0.3725404533279586,0.796314494674108,0.0,0.0,0.0,0.0,0.0
p26_H1,0.718832917472866,0.12973069312492785,0.0,0.0,0.0,0.0,0.0
p26_P2,0.9545388079612165,0.0032525193970244265,0.0,0.0,0.0,0.0,0.0
p26_SCT,0.9736186643585953,0.0010945081602034181,0.0,0.0,0.0,0.0,0.0
p27_H1,4.4113012275998983e-07,26.053348166755217,0.00012603379551966298,0.0004232784312617318,5.4631706e-05,0.01734909076155019,0.0044882586735846604
p27_P2,0.00012664351627034154,14.87682884458133,0.0,0.0001527513691237185,6.8069135e-06,0.0051592876883608035,0.0013297114927364635
p27_SCT,0.6978505527121983,0.15085618274482573,0.0,0.0,0.0,0.0,0.0
p28_H1,8.129892578787323e-36,177.4181089705534,0.002153749107515606,0.0006380691128826682,3.9220586e-06,0.15501293892372825,0.03945216980067356
p28_P2,0.0023825425782338,9.304508849739943,0.0,1.7844113218147057e-05,0.00025909083,0.01160968359324803,0.0029716546331535858
p28_SCT,5.413505998093091e-23,105.58079001307671,0.0006599551309650991,0.00022222849554598298,2.2909357e-07,0.2743492847957496,0.06880792437895832
p29_H1,0.36506371672145943,0.8215925103791571,0.0,0.0,0.0,0.0,0.0
p29_P2,1.644265437120802e-08,32.72706714685712,0.0,0.0005805769160524019,0.000399503,0.06417242297260269,0.01628812572538534
p29_SCT,0.1488009475198072,2.089644996280439,0.0,0.0,0.0,0.0,0.0
p30_H1,0.8395094013626517,0.041048895067389,0.0,0.0,0.0,0.0,0.0
p30_P2,0.18250845101531318,1.7810271495422607,0.0,0.0,0.0,0.0,0.0
p30_SCT,0.7140246158378423,0.13441194910555979,0.0,0.0,0.0,0.0,0.0
p31_H1,0.00047241274125804167,12.35154978825186,9.860600432455089e-05,0.0005081393422628163,8.2716375e-05,0.03274614971244349,0.008358902858480434
p31_P2,0.5072037312037609,0.4403378511197649,0.0,0.0,0.0,0.0,0.0
p31_SCT,0.5732863534356877,0.3175486412552283,0.0,0.0,0.0,0.0,0.0
p32_H1,0.0019129704459450612,9.713500692085912,0.0,0.00027320715994116147,3.9168186e-05,0.03979397396333668,0.010026587327331762
p32_P2,0.01540366470647966,5.902036891993845,0.0,9.048501025049983e-05,8.3912186e-05,0.00026823005564128487,0.00011065681292312804
p32_SCT,0.005533613333798495,7.749958716296865,0.0003468128857096973,0.0002504041742882988,0.00011156205,0.028186007667311372,0.007223696693601218
p33_H1,7.863055452917386e-23,104.71687705218565,0.0,0.00018376460107169873,6.1319556e-06,0.14747157797432356,0.03691536863275263
p33_P2,0.9046258797708902,0.014368426159604472,0.0,0.0,0.0,0.0,0.0
p33_SCT,6.204319981859427e-09,34.725325365243705,0.0006393659945892568,0.000337152878234125,0.0,0.1758523831222571,0.04420722549877012
p34_H1,0.0003495233302098789,12.92623731094427,0.0,2.3079599201914317e-05,1.09785105e-05,0.075170740105729,0.018801199553869004
p34_P2,0.662443576236731,0.19075019082926442,0.0,0.0,0.0,0.0,0.0
p34_SCT,0.1355843900443803,2.233123719246099,0.0,0.0,0.0,0.0,0.0
p35_H1,0.9957398080553754,2.8531803772504407e-05,0.0,0.0,0.0,0.0,0.0
p35_P2,4.429497927952637e-25,116.80038937000096,0.0,0.00021495852447561895,8.946595e-07,0.026785387584202666,0.006750310192039308
p35_SCT,0.0021290074527780447,9.513949499852664,0.0,6.14505149328183e-05,1.583692e-07,0.1024153028039899,0.025619227922031675
p36_H1,5.242591662144411e-07,25.70627887069275,0.0,0.0001874335473081792,0.00017696737,0.222791173967328,0.055788893720919865
p36_P2,0.012833561158211455,6.227626544567778,0.0002467236307580862,0.00019720512801205673,3.0862352e-06,0.03177751607769449,0.008056132767918783
p36_SCT,0.1062134599526547,2.6172164273935197,0.0,0.0,0.0,0.0,0.0
p37_H1,0.004320201944689656,8.203869911668722,0.0010706767548175839,0.0003401152317678048,0.0023534328,0.08666368452402234,0.022606977332929407
p37_P2,2.346947167592415e-23,107.51905382605875,0.0,0.00012897652241696756,7.1419627e-06,0.04424172053024201,0.01109445975383206
p37_SCT,9.410781056714278e-22,98.99950982289323,0.0,0.0004787116964971275,0.0,0.018420349441056794,0.00472476528438848
p38_H1,5.933062744668499e-08,30.110265010455674,0.00027854962559391343,0.00039169292885234244,3.0900945e-05,0.1535208506570528,0.03855549853904819
p38_P2,2.6488196208871153e-05,17.920323076733837,0.0,0.00032658719662369897,2.8337217e-05,0.040592044062293234,0.010236742119072386
p38_SCT,0.07570262889793322,3.1653243815231846,0.0,0.0,0.0,0.0,0.0
p39_H1,8.841703480571537e-15,63.17430940143708,0.0,7.847312100812875e-05,0.00029904724,0.05369641019734926,0.013518482640127241
p39_P2,1.0357405350894049e-21,98.7797097967913,0.0,0.001310941964454429,0.00023686567,0.04045522115874455,0.010500757198666737
p39_SCT,0.08252064412100996,3.024233768181359,0.0,0.0,0.0,0.0,0.0
p40_H1,4.649657400234288e-09,35.318466172326886,6.585131428758033e-05,9.28052968992357e-05,0.00015865835,0.09974604019483496,0.025015838789762882
p40_P2,0.0009362588339376417,11.054771666121821,0.0,8.085480034573426e-05,2.1970648e-07,0.02120942729936188,0.0053226254515466006
p40_SCT,4.734078486492715e-17,74.6234178529617,0.0,7.474360043697321e-05,1.0016111e-07,0.18445017211924897,0.04613125397019889
p41_H1,1.6129566455707295e-06,23.45546866076757,0.00025066103941005503,0.0005283874875838987,3.4997534e-05,0.13627225448321206,0.0342715751361478
p41_P2,8.981658891592425e-21,93.84500820024819,0.0006958972408790305,0.0006909797728277119,0.00037817194,0.09694818089150645,0.0246783074619107
p41_SCT,3.275833016855386e-18,80.5526535559242,0.0033812796481512233,0.00016786746014726302,0.0012374581,0.2595987589202402,0.06609634102807933
p42_H1,6.803143151593159e-29,137.77033508158203,0.000125465026223998,0.000171964071562547,4.785236e-05,0.041113955344295045,0.010364809200921365
p42_P2,0.01755022206404032,5.670530320257294,0.0,3.411550684298623e-05,4.4875314e-06,0.055260235672666136,0.013824709677737669
p42_SCT,0.026990546063973945,4.914512257217274,0.0,2.169372857087486e-06,0.0,0.185085667409685,0.046271959195635516
p43_H1,4.9288164124751595e-30,144.15762609743115,0.0018940040541832344,0.0008898214028368578,0.00014060036,0.17545347383637458,0.044594474912737145
p43_P2,6.209618383295486e-29,137.99154113903913,0.0009704087369537905,0.0005130545846649034,9.882931e-07,0.04594136417489166,0.01185645394740143
p43_SCT,1.1194069508959267e-18,82.95206800779684,0.0,6.0660498558735715e-06,0.0,0.09914741548424434,0.024788370383525053
p44_H1,0.007286982537296895,7.248220449338128,0.0,0.00015355732811555168,4.3688422e-05,0.03694194587493099,0.009284797906264323
p44_P2,3.264130749486113e-08,31.326738872845844,6.412200890959075e-09,9.524641434536355e-05,6.86972e-05,0.15831109811558602,0.03961876203503384
p44_SCT,4.946862161540555e-06,21.226306896967895,0.00038323279914294253,0.00031423406433932146,0.00081226777,0.033771515345037424,0.008820312494179113
p45_H1,0.902363321505639,0.015061715137314831,0.0,0.0,0.0,0.0,0.0
p45_P2,0.0003584428590262126,12.878093212017363,0.0,0.00030499460993862966,5.487504e-06,0.03169710162549949,0.008001895934869656
p45_SCT,0.007078503329986864,7.300976717146643,0.0007537049549511905,0.001016001343218008,0.00046631778,0.05697068647687661,0.01480167763936429
p46_H1,0.06147660793042518,3.509689182714423,4.928321981628834e-05,8.868052087318406e-05,4.0534104e-07,0.05910140891239292,0.014809944498530781
p46_P2,4.3581216892259505e-08,30.73785085311636,0.0,7.474408119601489e-05,1.2263885e-07,0.0020614070481179063,0.000534068442041471
p46_SCT,3.94057233549164e-11,45.237631942628774,0.0,8.504134437740906e-06,0.0,0.02612158680172,0.006532522734039436
p47_H1,0.875016416417081,0.024760355976760583,0.0,0.0,0.0,0.0,0.0
p47_P2,4.1316649836517065e-55,299.38367060662296,0.0,0.00018818913574185912,1.0997189e-05,0.03130292654035349,0.007875528216233286
p47_SCT,2.6528230655507183e-30,145.6730977478891,0.0,6.881567252666073e-06,1.2422556e-07,0.13657096776102112,0.034144493388459686
p48_H1,0.5884141641297522,0.29313025263516135,0.0,0.0,0.0,0.0,0.0
p48_P2,0.10699222900892953,2.605578131891676,0.0,0.0,0.0,0.0,0.0
p48_SCT,0.30196051943208807,1.0672758527451451,0.0,0.0,0.0,0.0,0.0
p49_H1,0.06681867587341567,3.3712203300605097,0.0,0.0008618669980296332,9.882266e-06,0.13831042057668994,0.03479554246009445
p49_P2,0.16848378937894906,1.9007773443459872,0.0,0.0,0.0,0.0,0.0
p49_SCT,0.026671116182432435,4.935250653388944,0.00010001092070849377,6.50878681617585e-05,1.5172001e-05,0.0630912020583617,0.015817868212168008
p50_H1,5.1575807239492295e-34,166.8957068009148,0.0,1.1245295269798258e-06,0.0,0.09059022657233745,0.02264783777546611
p50_P2,8.016248614844141e-19,83.70004215817599,0.0002456324994556327,0.00019604986507393556,5.2274555e-07,0.03563197436450411,0.009018544868646353
p50_SCT,0.0011784782166686604,10.621281555824728,0.0,0.00011968097832361006,2.6730802e-08,0.1114604182298511,0.027895031484744294
p51_H1,8.762002519586651e-20,88.68048627810438,0.00011790930623137084,0.0010900145684136458,0.00023975974,0.1526407871390119,0.0385221176888684
p51_P2,0.019023707385858356,5.527991063976358,1.6074509114620767e-05,0.001563523475876876,0.001041586,0.07484875564043657,0.019367484917650963
p51_SCT,4.7824236290730636e-11,44.831168966007915,0.00013237081948570692,0.0006366553560780916,5.240003e-05,0.2178328850247672,0.054663577807973644
p52_H1,0.2834213657327524,1.152589617556613,0.0,0.0,0.0,0.0,0.0
p52_P2,7.649711930447968e-06,20.363635809504995,0.0,0.00014563300778898755,4.2400683e-05,0.017785391666766705,0.004493356339392528
p52_SCT,3.064407091123041e-10,40.948211215812044,3.733553578363543e-05,5.982282159344201e-05,0.00050100626,0.07708350202121435,0.01942041665954359
p53_H1,8.347612350750524e-17,73.37139202432405,0.0,2.1623252985257268e-05,3.2607537e-07,0.013767308146078197,0.0034473143686073186
p53_P2,0.00020756873293490758,13.924887856494289,0.0,2.3046691282833727e-06,0.0,0.002745953941288069,0.0006870646526040881
p53_SCT,0.0005474077100926101,12.071260598671417,0.0,1.0376421034052446e-05,0.0,0.024809790145332758,0.006205041641591702
p55_H1,0.7085214553583843,0.13988555502168154,0.0,0.0,0.0,0.0,0.0
p55_P2,0.7787366433795485,0.07900983457300398,0.0,0.0,0.0,0.0,0.0
p55_SCT,0.0001874869181714487,14.120542174875547,6.005926919159345e-06,0.00011038809431996613,2.1110284e-06,0.05767365680357996,0.014448040463299687
p56_H1,2.1327779297774318e-19,86.67444397511795,1.0259864683491981e-05,0.0002470449345367756,0.00026210945,0.04966417676135349,0.012545897751728267
p56_P2,0.002772725888021946,9.022848589089213,0.0,5.3355269433211744e-05,1.3799014e-05,0.08183595119134869,0.02047577636861707
p56_SCT,0.5271349291521901,0.4003590694464005,0.0,0.0,0.0,0.0,0.0
p57_H1,0.004096992060361465,8.301458045965447,0.0,1.46593009051557e-06,0.0,0.06789199504218978,0.01697336524307007
p57_P2,0.0012065267011066151,10.577047597043487,0.0,2.02046932006458e-05,0.0,0.025246234937707272,0.0063166099077269795
p57_SCT,0.005895915032870998,7.634068128827138,0.0,1.46593009051557e-06,0.0,0.06789199504218978,0.01697336524307007
p58_H1,0.01355405097222169,6.1300037574152455,0.0,1.3312770082596321e-05,0.00071368297,0.08251506509099557,0.020810515206846243
p58_P2,0.09474642225582877,2.8002970324004237,0.0,0.0,0.0,0.0,0.0
p58_SCT,1.0,0.0,0.0,0.0,0.0,0.0,0.0
p59_H1,1.1062713645110592e-26,125.53768998934942,0.0,0.00027041760966089394,2.2966328e-06,0.01730513509075187,0.0043944623333103915
p59_P2,5.3100141875833676e-05,16.562421828839156,0.0,0.00013611358657742283,2.6431608e-06,0.10344893518425091,0.025896922982899424
p59_SCT,0.49673899620683504,0.46243622135687196,0.0,0.0,0.0,0.0,0.0
p60_H1,0.11215249098165579,2.5307427660182973,0.0,0.0,0.0,0.0,0.0
p60_P2,0.0032035681185627043,8.755340209602021,0.0,0.00026729190353333616,0.0,0.040576779960690826,0.01021101796605604
p60_SCT,9.261241508348822e-05,15.482176260925387,0.0,1.1601760784806747e-07,0.0,0.044359453478331555,0.01108989237398485
p61_H1,0.7970638049141017,0.06618190801194992,0.0,0.0,0.0,0.0,0.0
p61_P2,0.8005161966152581,0.0639010065222315,0.0,0.0,0.0,0.0,0.0
p61_SCT,0.6596794314254222,0.19409825718703075,0.0,0.0,0.0,0.0,0.0
p62_H1,0.0006397491908738678,11.775285722224455,0.0002348790366981036,0.0001871628790128922,5.0584113e-06,0.02664255762795616,0.006767414488732143
p62_P2,0.0009175445392968232,11.092879563799857,0.0,0.0006378916280984629,0.00014624155,0.016187342589203336,0.0042428689425782875
p62_SCT,0.5679950968934926,0.3263942343498694,0.0,0.0,0.0,0.0,0.0
p63_H1,0.7687085452165796,0.08654906336749765,0.0,0.0,0.0,0.0,0.0
p63_P2,0.431212697926025,0.6203571908372946,0.0,0.0,0.0,0.0,0.0
p63_SCT,0.867739026602395,0.027755375178508682,0.0,0.0,0.0,0.0,0.0
p64_H1,0.044214557536365696,4.06472202476602,0.0,0.00015425096073121958,0.0,0.003619591063711661,0.0009434605061107202
p64_P2,0.9684988907037586,0.0015607909469129912,0.0,0.0,0.0,0.0,0.0
p64_SCT,3.9067940722036065e-06,21.69447520598961,0.0,8.021455557754561e-05,4.2799376e-05,0.054231715742000114,0.013588682418491376
p65_H1,0.013282049215325057,6.166215686830365,0.0,9.57926953805084e-07,3.6916656e-06,0.06664809231460547,0.016663185476789123
p65_P2,0.10603357495662055,2.6199180534693247,0.0,0.0,0.0,0.0,0.0
p65_SCT,0.0768796596097442,3.1400109803084675,0.0,0.0,0.0,0.0,0.0
p66_H1,0.6541412311806205,0.20091146763480613,0.0,0.0,0.0,0.0,0.0
p66_P2,0.279000646706498,1.173987132829458,0.0,0.0,0.0,0.0,0.0
p66_SCT,0.31564151397792056,1.008537383396023,0.0,0.0,0.0,0.0,0.0
p67_H1,0.08521631948216442,2.9718940380830925,0.0,0.0,0.0,0.0,0.0
p67_P2,1.0,0.0,0.0,0.0,0.0,0.0,0.0
p67_SCT,1.0,0.0,0.0,0.0,0.0,0.0,0.0
p68_H1,4.256345871052501e-09,35.50036268915889,0.0,7.64083888967016e-06,4.843239e-06,0.21434647462372616,0.053589739675382
p68_P2,0.1617110417481073,1.9627874353729502,0.0,0.0,0.0,0.0,0.0
p68_SCT,0.029505020426483806,4.759689602698455,0.0,4.872283239581155e-05,1.2767134e-05,0.016809241117991786,0.004217682771031786
p69_H1,4.061070493372992e-05,17.085047647638255,0.0,1.1989736422386992e-05,0.0,0.11588631417833697,0.02897457597868984
p69_P2,0.00018641695026696506,14.131553117903382,2.8373321453627414e-06,9.67057117792061e-05,0.0,0.009577789801488544,0.0024193332113532783
p69_SCT,4.024648621870579e-26,122.46747498552625,0.0,2.7696497192309105e-07,0.0,0.004253060485565869,0.001063334362634448
p70_H1,0.6474851444581858,0.20928751663679446,0.0,0.0,0.0,0.0,0.0
p70_P2,0.006285056766437276,7.517441882896741,0.0,1.6962212050970826e-07,9.309372e-08,0.01521607808451439,0.0038040852000881305
p70_SCT,1.747111206018622e-05,18.73645750809667,0.0,3.0629414616622835e-05,1.2436963e-06,0.1704430761620494,0.04261873731823167
p71_H1,0.8383535109471965,0.04165063194808942,0.0,0.0,0.0,0.0,0.0
p71_P2,0.8075884437975704,0.05936109367980623,0.0,0.0,0.0,0.0,0.0
p71_SCT,0.6222853207378947,0.24290961164119862,0.0,0.0,0.0,0.0,0.0
p72_H1,0.0982919363285539,2.74120880740766,0.0,0.0,0.0,0.0,0.0
p72_P2,0.05462376728592881,3.7074189899055137,0.0,6.31025372390852e-07,3.956447e-07,0.006811062327785597,0.0017030222494620827
p72_SCT,0.0803478710315091,3.0677858695032914,0.0,0.0,0.0,0.0,0.0
p73_H1,2.5457478233148742e-14,60.88536694070704,0.0,0.0005746511538300432,0.00018389792,0.03904326571160957,0.0099504536969593
p73_P2,6.722944484250082e-06,20.618938932600752,0.0,1.7549133046709735e-05,0.0,0.015756706256901152,0.003943563847486966
p73_SCT,0.7994347475815444,0.06461090946865787,0.0,0.0,0.0,0.0,0.0
p74_H1,0.046629995810207624,3.9744142994225755,0.0001369080806850252,6.396875912104942e-05,0.0,0.021758647217135024,0.005489881014235275
p74_P2,1.6419058783299186e-09,37.46538200359155,0.0,3.58515548847897e-06,0.0,0.004496762118093372,0.001125086818395463
p74_SCT,1.5110414950869281e-09,37.637119070982976,0.0,3.58515548847897e-06,0.0,0.004496762118093372,0.001125086818395463
p75_H1,0.0007531100089743892,11.466178363412023,0.0,6.969488383612449e-05,9.46287e-07,0.0010206881299632679,0.0002728323252004817
p75_P2,0.000885038303333743,11.16098461074173,0.0,2.945824551293643e-06,2.4809935e-07,0.015600726402452024,0.003900980081589428
p75_SCT,0.10109529599055991,2.69611541410229,0.0,0.0,0.0,0.0,0.0
p76_H1,0.9380700880498859,0.0060414796586766946,0.0,0.0,0.0,0.0,0.0
p76_P2,0.8263723225501923,0.048157590814951676,0.0,0.0,0.0,0.0,0.0
p76_SCT,0.3154174273106,1.009472578028072,0.0,0.0,0.0,0.0,0.0
p77_H1,0.8159158181203011,0.054242031164655764,0.0,0.0,0.0,0.0,0.0
p77_P2,0.11954261154167113,2.4299429937674075,0.0,0.0,0.0,0.0,0.0
p77_SCT,0.9428516371637762,0.005143038872843184,0.0,0.0,0.0,0.0,0.0
p78_H1,8.583220626826222e-18,78.40785383013483,0.0,9.074325004418858e-06,9.156445e-08,0.031902295444687784,0.007977865333536055
p78_P2,4.374754389226106e-20,90.25103500423008,0.0,1.438247016516645e-06,9.491936e-06,0.017597709515301173,0.004402159924578944
p78_SCT,1.0,0.0,0.0,0.0,0.0,0.0,0.0
p79_H1,3.702670328423487e-48,253.40558232623846,0.0,8.039006426703452e-06,1.835504e-05,0.05976454790993641,0.01494773548911163
p79_P2,2.0339055894660022e-20,91.98718144939461,0.0,4.434146372865097e-05,0.00037027983,0.018847901528061355,0.0048156307048527105
p79_SCT,3.5457028218625234e-37,185.45489658312005,0.0,5.782423254462671e-07,0.0,0.05007112260251151,0.012517925211209239
p80_H1,0.0807252873139084,3.0601300409089784,0.0,0.0,0.0,0.0,0.0
p80_P2,0.0009466487312175351,11.033946805626194,0.0003099654047312262,0.0007035279185656232,1.1011201e-05,0.07876105270198368,0.019946389306675798
p80_SCT,0.5021145215760059,0.45098664699830043,0.0,0.0,0.0,0.0,0.0
p81_H1,2.555362562704066e-10,41.32663373988636,0.0,8.469639934162848e-05,7.763409e-05,0.06053126376267032,0.015173398562851373
p81_P2,2.601508608536685e-08,31.78960079578001,0.0,0.00021722050665936793,0.0,0.042162326329104896,0.010594886708941067
p81_SCT,0.002357052356724004,9.324514027273265,0.0,0.00019474825977965863,1.2592313e-06,0.09509089799218674,0.023821726370826513
p82_H1,2.406831305446929e-22,102.134212567854,0.0,9.098355549985504e-06,7.890887e-05,0.002934254370602698,0.0007555653999250045
p82_P2,1.9875506429055488e-18,81.66808326180663,0.0,1.8183364878582215e-05,4.6758905e-07,0.013585042169350291,0.0034009232808188666
p82_SCT,1.3591899751042895e-11,47.47784651398771,0.0,4.6392866194398054e-05,0.0,0.24434264061108443,0.06109725836931971
p83_H1,0.12061877336573251,2.4158418734703373,0.0,0.0,0.0,0.0,0.0
p83_P2,6.552537285360636e-08,29.908439904778053,0.0017321529162713522,0.0032244563556550446,0.0002738655,0.10570327718657223,0.02773343799014837
p83_SCT,1.6186264158310602e-07,28.075381947368253,0.0,0.0002515954269615404,3.4777952e-07,0.3870798844916904,0.09683295692454272
p84_H1,2.467020197236131e-09,36.62444046987168,0.0,0.0002310440168407188,0.0001901873,0.004003649154716313,0.0011062201188430172
p84_P2,1.234474063689247e-13,57.48474037344942,0.0,0.00029855517219168793,0.0007193416,0.005450675429924244,0.00161714305654461
p84_SCT,0.002412847856676177,9.281006221061414,0.0,0.00012308201439080083,3.101636e-06,0.14390166345052655,0.03600696177520725
p85_H1,4.7649251301188785e-31,149.88950779017662,0.010366951454178508,0.007305822861655248,0.00094212807,0.3343932388021261,0.08825203529703109
p85_P2,2.3643402796135186e-09,36.71217419989379,0.0053869013228045924,0.004984305342842225,0.0005096491,0.32706275576813904,0.08448590288537106
p85_SCT,1.664137335284645e-36,181.47769023584678,0.002656958292816438,0.0009427953582095305,0.00016603044,1.0,0.25094144602290547
p86_H1,0.1940572974616162,1.6901679586183238,0.0,0.0,0.0,0.0,0.0
p86_P2,0.4725004764102345,0.5167478985487405,0.0,0.0,0.0,0.0,0.0
p86_SCT,7.542542635405203e-09,34.324151435661996,0.0,0.00021387419288409766,0.016870499,0.08891721794189711,0.026500397698001943
p87_H1,0.26316835600026867,1.2542680920767844,0.0,0.0,0.0,0.0,0.0
p87_P2,0.9234455775177766,0.009241585540346023,0.0,0.0,0.0,0.0,0.0
p87_SCT,0.5541926052131816,0.35023710092042315,0.0,0.0,0.0,0.0,0.0
p88_H1,0.3024104804881422,1.0652893586484966,0.0,0.0,0.0,0.0,0.0
p88_P2,0.00778700543619193,7.127742754743571,5.707958699450975e-06,0.0003342556146699401,0.00070489274,0.07796850081838178,0.01975333928203628
p88_SCT,0.0027448112293084227,9.04161630995175,0.0001524761777665996,0.00018709009613499946,0.00028316554,0.29945506558177004,0.07501944934986936
p89_H1,2.3819235042222284e-77,463.394859937452,0.009103894915148862,0.0056392813123783934,0.0010830611,0.33427424917662113,0.0875251216258002
p89_P2,5.665854603471046e-09,34.91192712761919,0.004275714769318167,0.005988807507075729,0.00016880535,0.1035118197119549,0.028486286833414906
p89_SCT,7.061162759241605e-41,207.7367984197936,0.00579019038644676,0.00043595016524469705,6.1866296e-05,0.03438590339567213,0.010168477560881952
p90_H1,1.103760777872412e-06,24.213553275055293,0.00010877007793790433,0.00028035697282493063,3.850152e-05,0.0701398122462331,0.0176418602040382
p90_P2,2.3050553911102072e-07,27.361132656447,0.0013226760917501412,0.0008858634225888492,0.00059086765,0.05525796567288896,0.014514343210295681
p90_SCT,0.6546817809536254,0.20024026243763307,0.0,0.0,0.0,0.0,0.0
p91_H1,0.45305141692334916,0.5637099661571756,0.0,0.0,0.0,0.0,0.0
p91_P2,0.0051707926077516056,7.8740668227842,7.657981463113597e-05,0.001828707621223424,0.005125328,0.13975284930539028,0.03669586617708803
p91_SCT,4.706786673141822e-51,272.26862201368,0.0,0.0003159676811448631,4.818016e-08,0.1325120515803152,0.03320701686040465
p92_H1,1.9482448563457026e-28,135.22557353202194,0.0020422779350206233,0.0007973473274631807,2.4827608e-05,0.297355035105909,0.07505487199416963
p92_P2,1.5185306388636082e-10,42.41240524318217,0.004021261217225153,0.0029255935254124637,0.0010693509,0.12511764939079745,0.033283463750008985
p92_SCT,1.4109920122278608e-09,37.77881400922686,0.00164843754134962,0.00032292074794296123,0.00074942404,0.167602427503822,0.042580802458707274
p93_H1,8.473156862354828e-82,499.56281776813336,0.061070641527377616,0.057215666993633466,0.0043553947,0.2363030554212932,0.08973618967235313
p93_P2,4.524309287592526e-27,127.67103346197588,0.021811763322354176,0.0020644545420922655,0.00087483606,0.03874475622021631,0.015873952535172577
p93_SCT,1.6024657086132324e-32,158.29043124087588,0.0005248416508454314,0.0003617131356852509,7.0459746e-06,0.33663550241801454,0.08438227579478591
p94_H1,4.0213665050879265e-05,17.104218821012672,0.0,0.00016164067783169982,1.2937808e-05,0.06032315708017685,0.015124433891426209
p94_P2,1.3542193880669244e-66,380.713768763356,0.0,0.0001644026403386228,0.0021822916,0.19391338615190176,0.04906502009501377
p94_SCT,2.400372929228939e-78,471.3944410772174,1.988764812278502e-05,0.00015544516172216207,0.0,0.29633383516372896,0.07412729199339348
p95_H1,0.14998779028616663,2.077470063463392,0.0,0.0,0.0,0.0,0.0
p95_P2,1.0956272263025067e-17,77.86546469105261,7.326614634598344e-05,0.005940128027759976,0.0010843336,0.17611005850404518,0.045801946578271614
p95_SCT,8.299621634709941e-06,20.202551438224095,0.00024134558783084014,0.0015358912828829935,8.663293e-07,0.2020436239227014,0.05095543178067566
p96_H1,2.730788472661602e-15,65.72764644590072,0.0,0.0006012759692416228,0.0005535746,0.15344965000279262,0.03865112513992959
p96_P2,2.2712885177894557e-18,81.37000116567381,0.0,6.456915405294657e-05,6.5459676e-07,0.07243421228401385,0.0181248590087069
p96_SCT,1.0923245674899214e-08,33.56448490794831,0.000462996467881315,0.0006396784818823324,0.0,0.37492818717310855,0.09400771553071804
p97_H1,0.0010155004990973506,10.901540756753988,0.0,0.003247934813056966,0.00017595488,0.11228030121198554,0.028926047725232003
p97_P2,2.748405351546316e-10,41.17489082189535,3.255931040797733e-05,7.039999208361906e-05,3.308907e-05,0.08503470720090335,0.021292688893071957
p97_SCT,8.00409982331224e-09,34.20222697944711,0.0,0.00019825988845958872,6.333704e-08,0.021082333645351108,0.0053201642177128
p98_H1,4.538229808623729e-08,30.655414286795438,0.0007483504896543776,0.0006667628493264105,4.3687447e-05,0.04881657102295327,0.01256884295224162
p98_P2,4.452127081726112e-23,106.03372168082956,0.0,0.00011214561367553724,5.3520744e-05,0.12677351397192108,0.031734795082318384
p98_SCT,0.6219944455916298,0.24331581087370344,0.0,0.0,0.0,0.0,0.0
p99_H1,1.1309938665736383e-08,33.49319036262227,0.0011983938582733242,0.003955088913733794,0.0026639733,0.009023861909923594,0.004210329483787759
p99_P2,3.4852798527953814e-05,17.38357383226704,0.0009287755149721375,0.0003642225450788944,1.1505421e-05,0.10570478302535764,0.02675232162656307
p99_SCT,1.7060027144102496e-08,32.65167583189919,0.0,0.00010121836059283407,0.0,0.016821118949081608,0.00423058432741861
p100_H1,5.175451380808306e-08,30.388061891305934,0.0,1.848124536230995e-05,0.0,0.1286661734261702,0.032171163667883126
p100_P2,0.003270906392530406,8.716872897049273,0.0,2.647428790457877e-05,5.473532e-06,0.014053626153584775,0.003521393493354375
p100_SCT,0.00011299670695401607,15.097165267197237,0.0,6.899057967488879e-06,1.1669001e-06,0.13246982824124162,0.03311947354983219
p101_H1,0.10206592045377108,2.680820791753281,0.0,0.0,0.0,0.0,0.0
p101_P2,0.0029956406935565303,8.879539932853712,0.0,1.789018717597316e-05,0.0,0.09503226588063915,0.02376253901695378
p101_SCT,0.015106426329837925,5.93670079476526,0.0,1.8590417612841176e-05,0.0,0.04891338752911893,0.012232994486682943
p102_H1,0.09972488934154917,2.7179857068152966,0.0,0.0,0.0,0.0,0.0
p102_P2,2.9459885254034955e-27,128.69691377701318,0.028306167829376613,0.03438517854038174,0.08958412,0.0973372298730579,0.06240317396518882
p102_SCT,4.044281582171452e-06,21.625828156023466,0.0,5.608948865523887e-05,0.0,0.2897539555226732,0.07245251125283211
p103_H1,5.836753853744317e-08,30.14353382894321,0.0,0.0012389207043931347,4.5841913e-05,0.028139376193330033,0.007356034702593709
p103_P2,2.6846904700502275e-07,27.05352609634924,0.0,0.00029689122469229914,1.0904217e-05,0.193877833125631,0.04854640714174367
p103_SCT,0.045920349303537736,4.000424046304336,4.183579557136005e-06,0.00019122029724010834,0.0,0.21952489836352745,0.05493007556008118
p104_H1,1.642047828939869e-12,51.95405809888893,0.0,0.00023478405374654032,0.00026938523,0.016513846908522395,0.004254504047899861
p104_P2,0.00032624630790903944,13.057979736398885,0.0,0.00014944183615867607,1.1801253e-06,0.017145775005269204,0.004324099241684339
p104_SCT,0.0051605946172138175,7.8776825670235775,0.0,8.351239993521325e-06,0.0,0.06873966575981577,0.01718700424995232
p105_H1,0.628480193181725,0.2343582964316817,0.0,0.0,0.0,0.0,0.0
p105_P2,0.05312749919729896,3.7541026078553035,0.0,0.0014576140001420403,1.03039014e-07,0.1442113335054538,0.0364172626361524
p105_SCT,0.07707399033133583,3.135871878820412,0.0,0.0,0.0,0.0,0.0
p106_H1,2.7065660425623697e-21,96.58081914870132,0.0012961718798697155,0.00022104429166364535,2.4820165e-06,0.11830642845899736,0.029956531661757206
p106_P2,0.27133931154454427,1.2121023156924295,0.0,0.0,0.0,0.0,0.0
p106_SCT,0.02522800946515178,5.032284793760361,0.00454689088215588,7.218862215937204e-05,2.5239976e-06,0.05094429328142621,0.013891474195844534
p107_H1,0.254792906816876,1.2992132956010345,0.0,0.0,0.0,0.0,0.0
p107_P2,4.1275721025279325e-05,17.053356633830678,0.0,0.0008232125412925241,4.7525613e-05,0.08597754562148466,0.02171207094391913
p107_SCT,0.1406384342549708,2.176468782236257,0.0,0.0,0.0,0.0,0.0
p108_H1,0.7283607201038861,0.12073014764227234,0.0,0.0,0.0,0.0,0.0
p108_P2,2.4057263532047025e-12,51.14248696949435,0.00012294604714887608,0.0006754354005965649,5.169273e-05,0.11134504202047783,0.028048779049167808
p108_SCT,1.5971276768763825e-10,42.30702384027046,0.004662896301404181,0.000474888646016423,4.5713534e-07,0.056397593807097766,0.015383958972465321
p109_H1,0.21211533438708122,1.560114347986265,0.0,0.0,0.0,0.0,0.0
p109_P2,0.22695814500245548,1.4626963068845795,0.0,0.0,0.0,0.0,0.0
p109_SCT,0.17279325543210688,1.8627920062684822,0.0,0.0,0.0,0.0,0.0
p110_H1,5.41347499899793e-10,39.76471634460628,0.0,0.0007382781565094988,3.382711e-06,0.01986329005125494,0.005151237729673396
p110_P2,0.05581803544487129,3.671122505326828,0.0,0.0002792595318771979,3.3590213e-06,0.05687267337317142,0.014288822981592317
p110_SCT,0.07686408628250474,3.140343168841501,0.0,0.0,0.0,0.0,0.0
p111_H1,0.0031252785781165785,8.80111317975772,0.0001366366685675127,0.0005133856693536834,5.2195413e-05,0.0006155343565560718,0.00032943802698071404
p111_P2,0.36949383744159947,0.8065286092656745,0.0,0.0,0.0,0.0,0.0
p111_SCT,0.003512311922497775,8.585311822162188,0.0,7.944097442443629e-06,7.0364986e-05,0.02636674177079304,0.006611262713491728
p112_H1,6.907394347725828e-08,29.801300603568524,0.0014513780891887618,0.0022065129632402713,0.00020352934,0.06903649075323486,0.018224477787342843
p112_P2,0.24500564705311054,1.354101797320156,0.0,0.0,0.0,0.0,0.0
p112_SCT,0.8910434652097239,0.018779883563706273,0.0,0.0,0.0,0.0,0.0
p113_H1,0.47044574719815635,0.5215621769757935,0.0,0.0,0.0,0.0,0.0
p113_P2,7.99856620299314e-21,94.10891492667862,0.0005718845204050784,0.00010572485860997563,1.928823e-06,0.02929355904057247,0.007493274310631778
p113_SCT,1.546970305947402e-17,77.09973862376829,0.0,9.610837499348655e-05,0.00017407071,0.2694155808195935,0.06742143997576015
p114_H1,5.459118638738048e-29,138.30379678231728,0.0028661991204387274,0.0010400399422825976,0.00075941527,0.17544271297336073,0.045027091826594264
p114_P2,0.9317710933896466,0.007336125724158409,0.0,0.0,0.0,0.0,0.0
p114_SCT,0.0027185126731412417,9.059476150511493,0.0,0.00012851755096346626,3.2439734e-06,0.10405454360258158,0.026046576281742288
p115_H1,4.17392064577383e-10,40.30518717090287,0.0013537279794028775,0.002851881700198359,0.0008599024,0.0213299206706639,0.006598858191306015
p115_P2,2.3257427751806213e-08,32.018366592106304,0.004286674567724459,0.002675792352750593,0.0005402035,0.013311082745100707,0.005203438284660202
p115_SCT,0.0005032616959653404,12.231151935340549,0.0,0.00024778779663887,9.6623015e-05,0.20786978480022134,0.05205354890285062
p116_H1,2.4543622641159684e-17,76.07665146560562,0.0,0.00013887744224065556,1.4289031e-05,0.025558110372609796,0.00642781921152306
p116_P2,4.583946970971729e-24,111.32220079509445,0.0,0.00011319809891388793,2.1230937e-06,0.06037831068834559,0.015123407970248963
p116_SCT,6.821672091360746e-21,94.47142036706333,0.0,0.0002121760170479822,0.0,0.2917771110746762,0.07299732177293104
p117_H1,0.014960626322595675,5.953962351266687,0.0002862031860894563,0.0014549375052861514,0.00010797568,0.06328660393786721,0.016283930076474648
p117_P2,0.03285327865110152,4.5736720030015645,0.00830570973947665,0.002304685456456185,0.00019855557,0.11658286847920359,0.03184795481174461
p117_SCT,0.8881803112900741,0.019786476409851414,0.0,0.0,0.0,0.0,0.0
p118_H1,0.023710993053313957,5.140727071178851,0.0025331604923225816,0.000778525436155771,0.00033232017,0.18316022075848762,0.046701056713545845
p118_P2,0.5103844648309193,0.43377519893122446,0.0,0.0,0.0,0.0,0.0
p118_SCT,0.0003191858673252563,13.099825170665753,0.0,0.0002823834695905566,1.8832094e-06,0.011402711167561207,0.002921744461636159
p119_H1,8.122126515485517e-19,83.67063349111946,0.0009227326702282707,0.0005123578725401651,4.9645238e-05,0.13751146470101094,0.03474905012034373
p119_P2,7.449305790247582e-30,143.14892924966847,0.00022680845774029554,0.00042366533135169325,0.00028265326,0.07204493542155177,0.018244515617206466
p119_SCT,4.512891402705443e-28,133.20019301481946,0.0,9.960718592944838e-05,3.0781663e-05,0.20518969766366907,0.051330021628060774
p120_H1,0.4552349682547918,0.5582791811327764,0.0,0.0,0.0,0.0,0.0
p120_P2,0.8967290446321158,0.016860290473882485,0.0,0.0,0.0,0.0,0.0
p120_SCT,0.15927497253430317,1.9858218591200132,0.0,0.0,0.0,0.0,0.0
p121_H1,4.716230403896538e-15,64.53878050439309,0.0003598729887830532,0.0012370489520203837,0.00022363727,0.2123960060192698,0.053554141306888695
p121_P2,2.6321151723340277e-22,101.92806830805571,0.0007140073013617999,0.0016793335602323317,0.00023414362,0.05630388976217172,0.014732843560768757
p121_SCT,0.6258908930594302,0.237909449118968,0.0,0.0,0.0,0.0,0.0
p122_H1,3.727461946349737e-05,17.252363525784656,0.0,7.932126847466121e-05,1.0577239e-05,0.09836534568946005,0.024613811049172228
p122_P2,2.403109659944156e-06,22.660606124988092,0.0,7.597834884303577e-05,1.442663e-05,0.042799776674321825,0.010722545413192393
p122_SCT,4.4615297432754276e-06,21.431032501998544,2.749658710490117e-05,9.086206491823546e-05,2.1682447e-06,0.02644836138529964,0.006642222070503531
p123_H1,0.7013515974515642,0.147204452500739,0.0,0.0,0.0,0.0,0.0
p123_P2,1.5120638381196925e-29,141.42315699753894,0.0,9.487519010365027e-05,2.209756e-06,0.0021092995012333246,0.0005515961118532185
p123_SCT,2.135251701790514e-08,32.19291499969944,0.0,2.8158842636640257e-05,0.00018165573,0.16568962951259078,0.041474861022355695
p124_H1,2.3824138061280202e-71,416.45882261144817,0.0,5.7262053262654935e-05,3.99868e-05,0.05709307005110217,0.014297579726191806
p124_P2,2.526767661746417e-132,1005.4232401369061,0.026018908685402044,0.06403870676684349,0.0,0.06038115497140353,0.037609692605912265
p124_SCT,8.12905761273482e-93,594.4134773088642,0.0,9.124184578351773e-05,0.0,0.18593064584767746,0.046505471923365245
p125_H1,0.5559781617728062,0.34708899315622904,0.0,0.0,0.0,0.0,0.0
p125_P2,7.035319478567607e-17,73.74866922253825,0.0,0.00048779800924534343,7.3054114e-05,0.06999464499619625,0.0176388742799059
p125_SCT,6.340458315831396e-13,53.98139841485281,0.0,4.520773661305622e-05,0.0,0.009756162941467661,0.002450342669520179
p126_H1,0.24110181470570477,1.3767496893748419,0.0,0.0,0.0,0.0,0.0
p126_P2,0.23293304279849342,1.4256187271656569,0.0,0.0,0.0,0.0,0.0
p126_SCT,0.14093088500716866,2.1732607949037708,0.0,0.0,0.0,0.0,0.0
p127_H1,1.5870234726688544e-21,97.80193866129245,0.0,3.204270235465176e-05,0.0,0.03872980545594157,0.009690462039574054
p127_P2,3.063549931066132e-45,234.80562093005216,0.0,5.639182057138456e-08,0.0,0.009486012514815727,0.0023715172266590744
p127_SCT,2.1108386195136107e-32,157.60457820884704,0.0,2.450534066117452e-06,0.0,0.05650855153902823,0.014127750518273587
p128_H1,0.00014244156814308272,14.649910307581136,0.0,8.283501364035926e-05,4.5116307e-05,0.08524879744923537,0.021344187192435096
p128_P2,1.2219074697431513e-32,158.96590744599536,8.183979273882703e-05,5.473564935443663e-05,0.0,0.08063605022570122,0.020193156416948622
p128_SCT,1.6616278510969782e-11,47.054281632471856,0.0,4.159265566386928e-06,0.0,0.14020743183362602,0.0350528977747981
p129_H1,0.0006378580385378577,11.780901277638472,0.0004973273766657158,0.0002253161652702527,0.000921114,0.08404303130043214,0.021421697210249314
p129_P2,0.004343242424183785,8.194091069195439,0.0,0.00010334018888879776,0.00015578329,0.010770063276552114,0.002757296688230812
p129_SCT,5.288241542145973e-64,361.75247904120516,0.0,3.640871253426042e-05,0.0,0.017972933436063942,0.00450233553714955
p130_H1,6.768631952031784e-11,44.10278861885521,0.0,1.2094118383198653e-05,0.0,0.010168985086290638,0.002545269801168459
p130_P2,0.40698922157290207,0.6885062735808029,0.0,0.0,0.0,0.0,0.0
p130_SCT,1.0,0.0,0.0,0.0,0.0,0.0,0.0
p131_H1,3.9667684811007e-25,117.06009901987991,7.537964475782535e-06,9.36764071544136e-05,0.0,0.060908196959897104,0.015252352832881825
p131_P2,9.498535550233785e-13,53.119374590756,0.0,1.2128402374721607e-05,0.0,0.008311984778417455,0.0020810282951980444
p131_SCT,4.0830697941103715e-09,35.58592488394664,0.0,5.675719106130816e-07,0.0,0.19139498618358705,0.047848888438874415
p132_H1,8.511078955538815e-07,24.734005971524713,4.533931825944036e-05,0.0001560704144465192,8.244562e-06,0.05850273975403176,0.014678098512233333
p132_P2,0.11070395906492608,2.551360407661968,0.0,0.0,0.0,0.0,0.0
p132_SCT,7.883261185433334e-07,24.887580360619907,0.0,0.00010493009258419881,0.0,0.2799997540457177,0.07002617103457548
p133_H1,0.955795269896408,0.0030750346923009023,0.0,0.0,0.0,0.0,0.0
p133_P2,0.6055778620332479,0.26693478883107713,0.0,0.0,0.0,0.0,0.0
p133_SCT,0.8741909973639694,0.025091244033658238,0.0,0.0,0.0,0.0,0.0
p134_H1,0.059947903983502936,3.5516891416157157,0.0,3.47152254900259e-06,0.0,0.0051684477658171255,0.001292979822091532
p134_P2,0.05994790398420246,3.551689141596189,0.0,3.47152254900259e-06,0.0,0.0051684477658171255,0.001292979822091532
p134_SCT,1.0,0.0,0.0,0.0,0.0,0.0,0.0
p135_H1,1.0499842322493799e-13,57.83247790011639,0.00026478109214402777,5.844561033180152e-05,0.0,0.03412223686358133,0.00861136589151429
p135_P2,1.9951983292647257e-18,81.65950278488984,0.0,4.186093806976792e-06,2.0839492e-08,0.012718032500885632,0.00318055985854613
p135_SCT,3.7257409257603353e-10,40.54146684320761,0.0,6.665310719778864e-09,0.0,0.02378685210695438,0.005946714693066275
p136_H1,0.35644793574720834,0.8516272886723052,0.0,0.0,0.0,0.0,0.0
p136_P2,0.20024967942849614,1.644018094261971,0.0,0.0,0.0,0.0,0.0
p136_SCT,0.0005134394752015534,12.193063732156975,0.0,1.6387793999748085e-05,0.0,0.24346313565320424,0.060869880861801
p137_H1,2.938697434469758e-26,123.2138726208772,0.0,5.540021973636992e-05,0.0,0.0337324994270104,0.008446974911686693
p137_P2,3.1367768024141856e-09,36.12907533157806,0.0,0.00018376410262500875,1.8176635e-05,0.017028455731759165,0.0043075991174514675
p137_SCT,2.7063006656975243e-24,112.55383724597183,0.0,2.017848697091675e-05,0.0,0.0658407418936377,0.016465230095152154
p138_H1,1.4983164019763685e-12,52.14889461000453,0.0,6.248007529949666e-05,0.0,0.0028120805122088324,0.0007186401468770823
p138_P2,4.363822062340583e-22,100.76448306858082,0.0,2.4726995442444684e-05,0.0,0.0009141694322634528,0.00023472410692647439
p138_SCT,0.05994790398374019,3.551689141609081,0.0,3.47152254900259e-06,0.0,0.0051684477658171255,0.001292979822091532
p139_H1,6.335551728993507e-22,99.90766284570643,0.0,2.621490920624233e-05,0.0,0.031108916808279694,0.007783782929371484
p139_P2,4.110986366483976e-19,85.19854005172718,0.0,0.0003541999954670108,0.0,0.022636924434857184,0.005747781107581049
p139_SCT,0.0027754394912760734,9.021034437553569,0.0,2.5851413238284324e-05,0.0,0.05161794278951606,0.012910948550688585
p140_H1,0.2625567613649549,1.2574897050348866,0.0,0.0,0.0,0.0,0.0
p140_P2,8.438061981071677e-11,43.64104426273577,0.0,6.006872032591539e-05,0.0,0.05331723192512025,0.013344325161361541
p140_SCT,0.0045005737694474406,8.12869970486663,0.0,3.244511055526467e-05,0.0007776269,0.4862646262195549,0.12176867455147454
p141_H1,0.00031895562013803104,13.10120549934939,0.0,4.117618724252769e-07,0.0,0.009343652129365148,0.0023360159728093932
p141_P2,8.981341220390216e-22,99.1066466728607,2.549653246781337e-07,8.166262765620431e-07,0.0,0.0264912020036397,0.006623068398810235
p141_SCT,0.6221592335688844,0.24308563713589088,0.0,0.0,0.0,0.0,0.0
p142_H1,0.39386016303384586,0.7279951280701584,0.0,0.0,0.0,0.0,0.0
p142_P2,0.9451821251138031,0.004731479642421149,0.0,0.0,0.0,0.0,0.0
p142_SCT,0.8368855868526026,0.04242138507136598,0.0,0.0,0.0,0.0,0.0
p143_H1,2.00622401619666e-18,81.64719020474347,0.0,0.0006364523341382116,0.0,0.03879709459661433,0.009858386732688136
p143_P2,4.870173900849111e-08,30.51175011973148,0.0,0.0002644651240035446,0.0019528356,0.02676387382560369,0.0072452936352792935
p143_SCT,1.1658021031559012e-39,200.3368840748837,0.0,0.00019951823255839288,0.0,0.06315990169618961,0.015839854982187002
p144_H1,0.9807913860007476,0.0005801535218078037,0.0,0.0,0.0,0.0,0.0
p144_P2,0.013078545073378132,6.193812052869357,0.0,4.183413663261606e-05,1.4124622e-07,0.03277637560321492,0.008204587746516454
p144_SCT,9.127634755927184e-20,88.58816144651688,0.0,1.1374402480612242e-05,0.0,0.06623189653980531,0.01656081773557148
p145_H1,0.3314098062843376,0.9448472037891328,0.0,0.0,0.0,0.0,0.0
p145_P2,7.668813646612679e-05,15.847989175059336,0.0,0.0002130505877506259,2.882907e-07,0.008534178241908491,0.002186879280087942
p145_SCT,0.09719150172145828,2.759295714165415,0.0,0.0,0.0,0.0,0.0
p146_H1,0.006901347600067465,7.3470731032786665,0.00017638900090832772,0.00020398792206701612,8.288851e-05,0.07409595373779194,0.018639804792565853
p146_P2,0.004233385404234502,8.241201002112343,0.0,9.167268345915437e-05,0.000108522734,0.02106047069587765,0.0053151665283544276
p146_SCT,0.06701347367083936,3.3663973321825695,0.0017402442874042497,3.2815354388951375e-05,0.0,0.17045575999241408,0.04305720490855182
p147_H1,0.0001137918493488312,15.083607335324762,0.0,6.382894492396861e-06,0.0,0.026652033017786125,0.00666460397806963
p147_P2,8.746403094451333e-08,29.322126968853095,0.0,3.14836432599654e-05,0.0,0.029486012725628133,0.0073793740922220245
p147_SCT,2.2510663674841626e-37,186.62739043832931,0.0,0.00013538404363748957,0.0,0.2790930463632542,0.06980710760172293
p148_H1,0.4928655092815001,0.4708172045001795,0.0,0.0,0.0,0.0,0.0
p148_P2,0.7225456800801529,0.1261800654971312,0.0,0.0,0.0,0.0,0.0
p148_SCT,1.699761510350207e-14,61.75860871531368,4.294658462532364e-05,3.554434008145339e-05,3.1832894e-06,0.06151771758812771,0.015399847950567746
p149_H1,0.008050859771140308,7.067327544177172,0.0,0.0003903984642537247,3.381482e-06,0.2503517179408101,0.06268637447175957
p149_P2,1.8173258450884687e-07,27.841300542442468,0.0,0.00018149072348073848,5.2500603e-05,0.10041437528699274,0.025162091653490298
p149_SCT,0.05994581283823511,3.551747373592823,1.0220530957891307e-05,0.00016377084161679892,0.0,0.060097003974045216,0.015067748836654977
p150_H1,2.1856675750842127e-18,81.45582134662332,0.0,0.000276142865322628,0.00025505217,0.029144085455369687,0.0074188201238998734
p150_P2,1.1123046894646826e-23,109.25529153098906,0.0025626769789381357,0.00021247838191863598,6.145508e-05,0.03849616546394082,0.010333193976416334
p150_SCT,0.005770867099212668,7.673223761184556,0.0,0.00017400983668014008,0.00046719838,0.001106855934193841,0.00043701603697086553
p151_H1,1.2130465450540248e-21,98.41748730422091,0.0,1.352547515306567e-05,3.3100723e-06,0.03328830175746222,0.00832628432623277
p151_P2,0.735624468716767,0.11411124932489676,0.0,0.0,0.0,0.0,0.0
p151_SCT,8.798174394310635e-05,15.581564226935685,0.0,7.1437525230891375e-06,0.0,0.07430654413535302,0.018578421971969027
p152_H1,0.00020319940837589724,13.965778307688112,0.0,0.0011446588291530756,0.00015265464,0.030930524268983222,0.008056959434599113
p152_P2,0.1850181826911458,1.7607227570471284,0.0,0.0,0.0,0.0,0.0
p152_SCT,0.18230176401970155,1.7827137428709854,0.0,0.0,0.0,0.0,0.0
p153_H1,0.2743543682717691,1.1969427673236435,0.0,0.0,0.0,0.0,0.0
p153_P2,0.44318359575263855,0.5887721985038481,0.0,0.0,0.0,0.0,0.0
p153_SCT,0.024143090603987873,5.109119948777903,0.002432890166979649,0.00045913422665455313,2.1922258e-06,0.2233504289632268,0.05656116139566347
p154_H1,0.3787873409510436,0.7757329911492509,0.0,0.0,0.0,0.0,0.0
p154_P2,2.186625186804321e-05,18.296057777700216,0.0,0.0007781800608175254,0.00067571684,0.07288880640015691,0.01858567582645686
p154_SCT,0.12197405604796353,2.3982807893629396,0.0,0.0,0.0,0.0,0.0
p155_H1,4.56261947155351e-37,184.80489374385002,0.00024759952131115845,0.00023520072042690368,0.0,0.12149354605219635,0.030494086573483604
p155_P2,2.15123131566198e-13,56.293211667880485,0.00010415954749091297,6.480875326435514e-05,0.0005142792,0.02270935477172196,0.005848150562588821
p155_SCT,8.011971328801658e-74,435.5547289578862,0.0,6.549701724950761e-05,0.0,0.07182467512491783,0.017972543035541834
p156_H1,0.00017177603838074146,14.288987981219961,0.0,0.00013445427794151388,4.7267454e-06,0.00784601278518289,0.0019962984521245445
p156_P2,4.915859371987736e-06,21.23876718224489,0.0,5.3588097547958564e-05,0.0,0.0033023978524763914,0.0008389964875060875
p156_SCT,0.00036341639697602175,12.851771583052,0.0,0.0005471887353239979,0.0,0.3349319628022672,0.0838697878843978
p157_H1,0.03456510796940596,4.486095386726319,0.0012690127900030171,0.0003434815260520993,6.259841e-05,0.07852702926580987,0.02005053049804008
p157_P2,0.43718635106181125,0.6044302783752394,0.0,0.0,0.0,0.0,0.0
p157_SCT,0.780039998111316,0.07805718995587527,0.0,0.0,0.0,0.0,0.0
p158_H1,0.0009569754486145932,11.013476987267598,0.0,0.00016023742967957987,7.694466e-05,0.0014924732983044448,0.00043241384782244786
p158_P2,8.916759335334047e-08,29.282994378911862,0.0,0.00013027026157857346,0.0001234133,0.0313873983492213,0.007910270476251096
p158_SCT,0.7914029202875754,0.07001439296325569,0.0,0.0,0.0,0.0,0.0
p159_H1,0.5845914228087232,0.2991807080577507,0.0,0.0,0.0,0.0,0.0
p159_P2,0.019450995907449687,5.488790774359682,0.0,0.00020003119943965054,5.917142e-07,0.06374718250166977,0.015986951353823213
p159_SCT,0.006704308758423246,7.399788858605763,0.0,1.4724727159257385e-05,2.4555673e-08,0.10659523311013445,0.02665249559824169
p160_H1,0.5878966232876217,0.2939447081502725,0.0,0.0,0.0,0.0,0.0
p160_P2,0.5878966232877543,0.29394470815014656,0.0,0.0,0.0,0.0,0.0
p160_SCT,1.0,0.0,0.0,0.0,0.0,0.0,0.0
p161_H1,3.7787306105734704e-08,31.02837842256672,0.0006423244110305214,0.0006558165410102202,4.2576023e-05,0.1472349762179693,0.03714392329817226
p161_P2,0.322125275807179,0.9818502619027961,0.0,0.0,0.0,0.0,0.0
p161_SCT,0.6895305401141218,0.15974194752391696,0.0,0.0,0.0,0.0,0.0
p162_H1,0.00032702303880749196,13.053432282251924,0.00012953511983370626,6.430450593953849e-05,5.462309e-06,0.08573387262019147,0.021483293638795746
p162_P2,0.002880371631893345,8.952234559212496,0.0,6.811395855118827e-05,4.777275e-05,0.13061345435959842,0.03268233526746581
p162_SCT,0.8828465693180345,0.02173318632989673,0.0,0.0,0.0,0.0,0.0
p163_H1,7.635633101696851e-12,48.69544029066511,0.002912167341599039,0.0013842533646767701,0.00012919077,0.2801065231210877,0.07113303364892788
p163_P2,7.658888119770436e-07,24.945468497821356,0.000518913213214353,0.00019219321649929826,1.4058629e-05,0.009080523937646778,0.002451422249077354
p163_SCT,1.2851309945347638e-13,57.39837962552903,0.0,8.85497186169985e-05,0.0,0.08664989763185017,0.02168461183761679
p164_H1,0.02827242544986777,4.833787235677359,6.563310748453859e-05,0.0008855088523909146,5.9762104e-05,0.014494710009531925,0.003876403518295374
p164_P2,1.8667111932511178e-08,32.46759598412582,0.0023578988492387364,0.0006449007323882537,0.00038209272,0.008585268314512654,0.002992540154824225
p164_SCT,0.003139870130169709,8.792494084189903,0.0,0.00018303104252184445,3.0674306e-05,0.006095470344869997,0.0015772939233204574
p165_H1,6.500572775251909e-27,126.80553126140278,0.0,7.430165830137502e-05,0.00043364338,0.15192799671125384,0.03810898543679352
p165_P2,0.00047133986278906836,12.355878959929584,5.744461420692265e-05,0.00038152930401369364,0.00013972502,0.12699193525115082,0.03189265854639216
p165_SCT,3.5595513339946147e-71,415.12557990997084,3.0370555134854545e-06,5.577801512202066e-05,8.494261e-08,0.21572768765113867,0.05394664691609678
p166_H1,4.122413313648837e-11,45.14289967980697,0.0,0.0001512521207977,0.0,0.004422372917389192,0.0011434062595467231
p166_P2,5.840533313707479e-19,84.41014069658576,0.0,2.0885616406210722e-05,0.0,0.012695665368323047,0.0031791377461823146
p166_SCT,3.0913406487439787e-24,112.2427368515314,0.0,0.00014718022601109757,0.0,0.09341006032225269,0.023389310137065945
p167_H1,0.2394468303562334,1.3864863991712963,0.0,0.0,0.0,0.0,0.0
p167_P2,1.398394124288737e-29,141.61347139721317,0.0009257018353334994,0.0002077751781615561,6.093084e-05,0.10390018001214069,0.026273646966620358
p167_SCT,0.0019769495150423555,9.652108498135497,0.0,0.00030067145869519356,0.0,0.17613416486250977,0.04410870908030124
p168_H1,4.5040783336610185e-20,90.18508548836397,0.0,0.000524786882298622,5.554797e-05,0.2371796354677752,0.059439992580265305
p168_P2,7.814835349635364e-29,137.43450653217303,0.0007018563669218327,0.0005236472599670275,6.645083e-05,0.19623820721567561,0.049382540418991414
p168_SCT,0.6872114974883106,0.16227126709669754,0.0,0.0,0.0,0.0,0.0
p169_H1,0.025774260229572653,4.994890728141849,0.0,9.683942144668389e-05,0.00093481946,0.04693712574024395,0.011992196154935788
p169_P2,1.7890082461651932e-14,61.647908699235934,8.304449212332774e-05,2.1042662839219638e-05,3.6163e-08,0.04606066218661402,0.011541196376144511
p169_SCT,0.6242484875915231,0.24017911692534247,0.0,0.0,0.0,0.0,0.0
p170_H1,0.30483308480158405,1.0546593424227166,0.0,0.0,0.0,0.0,0.0
p170_P2,0.3880283595257721,0.7461512278460116,0.0,0.0,0.0,0.0,0.0
p170_SCT,0.01767380219318213,5.658108056019906,0.0,3.9674604252635834e-07,0.0,0.23037866759292933,0.05759476608474296
p171_H1,0.13654666007342517,2.2221559068945975,0.0,0.0,0.0,0.0,0.0
p171_P2,3.0413128596471337e-05,17.649926913912378,0.0,0.0005261930121901632,6.0344224e-05,0.15704140276426284,0.039406985000123004
p171_SCT,8.855160843647808e-19,83.47700247334735,0.0,2.3420501873317674e-06,0.0,0.0826644987811587,0.020666710207836506
p172_H1,3.6103049865439126e-05,17.314728597360638,4.770198877034552e-05,0.00020878350687973866,0.000572853,0.028178456892157627,0.007251948852748509
p172_P2,0.008769994370221438,6.912446308330484,1.8705990898957147e-05,0.0003640766319355622,1.4703386e-05,0.09432504164922159,0.023680631914542522
p172_SCT,1.1638590877322573e-05,19.535596930913652,0.0,0.00029156294069590364,0.0,0.25706965073889715,0.06434030341989826
p173_H1,2.1482368014061778e-20,91.86305894416239,0.002610927342563559,8.835144622386097e-05,6.9467023e-06,0.02296521639433227,0.006417860471365484
p173_P2,4.2262924174224237e-23,106.15436727351495,0.0,9.561382300346008e-06,0.0,0.010101985811302443,0.002527886798400697
p173_SCT,5.2496915838582106e-08,30.359091134417902,0.0,4.578614795942682e-05,0.0015698695,0.11814119777288752,0.029939213345811906
p174_H1,0.5876020518093927,0.2944089293297334,0.0,0.0,0.0,0.0,0.0
p174_P2,0.31965125300171393,0.9919492217603311,0.0,0.0,0.0,0.0,0.0
p174_SCT,0.44740496257310713,0.5779455165330873,0.0,0.0,0.0,0.0,0.0
p175_H1,2.7564728847722823e-28,134.38817135361768,6.0862018490601744e-05,0.0008607179089978883,0.00045761824,0.09693816438866461,0.024579340639046827
p175_P2,4.3252445161026e-28,133.30245795255715,0.00026819028854457443,0.000831409926909296,0.0,0.05655194550905305,0.01441288643112673
p175_SCT,2.902608839685242e-19,85.98090914383467,0.0,0.0006489277475603311,8.9507936e-05,0.2044208387033203,0.05128981859662689
p176_H1,0.8492641755114292,0.036151710124182876,0.0,0.0,0.0,0.0,0.0
p176_P2,0.02805733526259775,4.8470623767570755,0.0019910024238244703,8.676069070162884e-05,0.00061078405,0.03120211831856122,0.008472666369626977
p176_SCT,0.5736849600800774,0.31688876430954516,0.0,0.0,0.0,0.0,0.0
p177_H1,1.970506107498197e-39,198.95913746856831,0.0,0.0009800271158966662,0.00019419339,0.06641330210375918,0.016896880651881396
p177_P2,5.7800073259791454e-06,20.917980844893545,0.0,0.0010660638708498637,4.24114e-05,0.021003122994973693,0.005527899566580886
p177_SCT,0.5682918638789511,0.32589385476045807,0.0,0.0,0.0,0.0,0.0
p178_H1,0.0028136053096154546,8.995708712616047,0.0,0.00021525568277886193,2.7804978e-07,0.006721668985563284,0.001734300679531114
p178_P2,1.7395894057482068e-17,76.83946844422972,4.920352320260752e-05,0.00010470330857758075,3.0010464e-05,0.001894604627743532,0.0005196304808529739
p178_SCT,5.98713989915573e-07,25.439546670207136,0.0,5.197991077091137e-06,0.0,0.004467704427576458,0.0011182256046633873
p179_H1,0.06216658247358114,3.4910963212420434,0.0,5.5082759363016375e-05,0.0,0.035404454551235046,0.008864884327649515
p179_P2,0.1272565303294155,2.331846414058609,0.0,0.0,0.0,0.0,0.0
p179_SCT,0.3291161749968059,0.9538591969654953,0.0,0.0,0.0,0.0,0.0
p180_H1,4.2141480339934393e-13,54.85397907626701,0.0013218905386178166,0.0006691067096228343,0.000111660665,0.037553345092209436,0.009914000751468774
p180_P2,1.752853161099555e-20,92.32481548158825,0.0002933801575733652,0.00042639839043963167,6.826872e-06,0.05078469433492846,0.012877824938702317
p180_SCT,0.0016208675946154684,10.023219080769437,0.0013880684063564835,0.00041414218337764916,6.229564e-05,0.343033592069103,0.08622452457549605
p181_H1,0.055680997903602265,3.6752452393409754,0.0,3.47152254900259e-06,0.0,0.0051684477658171255,0.001292979822091532
p181_P2,0.09110474298973358,2.8635537321589717,0.0,0.0,0.0,0.0,0.0
p181_SCT,0.2192327190176771,1.512416419242267,0.0,0.0,0.0,0.0,0.0
p182_H1,8.635926939853081e-24,109.84477797237055,0.0,7.379296778178758e-05,1.5259695e-06,0.12253787276040742,0.030653297924431652
p182_P2,1.4316629170100626e-36,181.8638698721335,0.00046077186971724956,0.00026416472182576886,0.00068975345,0.035175883421051136,0.009147643365063367
p182_SCT,1.3568553923036543e-47,249.7785392337338,8.856835952701339e-07,1.2248608492377969e-05,0.0,0.002967996568629894,0.0007452827151793855
p183_H1,3.562499419977421e-06,21.877655867531516,0.0,9.762214678593408e-06,1.7867571e-05,0.15763884096318886,0.0394166176871999
p183_P2,1.133067443605557e-11,47.86175585742016,0.11561860413777869,0.1803240113953079,0.10712978,0.09107086178566208,0.12353581493925672
p183_SCT,1.2711848541513297e-12,52.49872823589318,7.78797863238886e-06,1.9748343517761222e-06,0.0,0.27523339273824515,0.06881078888780733
p184_H1,0.01653241297714855,5.776419896758333,0.0,5.0208850877178724e-05,0.0,0.03093149570845458,0.007745426139832939
p184_P2,0.0020228051865060453,9.60933720476225,0.0,8.509433024297164e-06,0.0,0.004380149347401764,0.0010971646951065154
p184_SCT,1.5407506895461377e-12,52.08948547466858,0.0,7.672804365112617e-05,0.0,0.08969893245527047,0.022443915124730398
p185_H1,4.900955701396461e-15,64.45527640310308,0.00016674711866147956,0.00011536550966286984,3.2946577e-05,0.06211157375402996,0.015606658239723318
p185_P2,0.0038758094328586487,8.403666108846394,6.728765147678748e-08,0.00013031122062195802,7.524588e-06,0.015943387171577096,0.004020322566962582
p185_SCT,1.3551874773832105e-09,37.86229873082235,1.5033951481760622e-06,1.3594261564376951e-05,2.0653057e-05,0.07010776297212408,0.017535878421386257
p186_H1,0.7527738366038834,0.09930204263932807,0.0,0.0,0.0,0.0,0.0
p186_P2,0.752773836586053,0.09930204265416309,0.0,0.0,0.0,0.0,0.0
p186_SCT,0.7527738366038834,0.09930204263940776,0.0,0.0,0.0,0.0,0.0
p187_H1,4.49417130819481e-18,79.84776958595155,0.0,8.022622416355256e-05,4.0915522e-05,0.0016094179549807012,0.0004326399252416063
p187_P2,6.770990652043696e-20,89.26292721742816,0.0,6.508234484076179e-05,1.9928168e-06,0.011385872989571963,0.00286323703780463
p187_SCT,1.731386984886187e-20,92.35279876321832,0.0,5.3819058971757396e-05,0.0,0.12630673544880455,0.03159013862694408
p188_H1,1.7191674238226673e-11,46.982545647778366,0.010091908890138791,2.9074858722292215e-05,3.6910794e-08,0.09182833855437479,0.025487339803507574
p188_P2,2.3571178934778422e-29,140.3429372222376,0.0032104422787059025,2.053831723276915e-05,0.0,0.06778026980799048,0.017752812600982288
p188_SCT,8.625363685042399e-09,34.04882219380251,0.0010632462914961776,0.00010469343013716892,0.0,0.17206498779358284,0.043308231878804046
p189_H1,0.9401348651094535,0.005644595456678817,0.0,0.0,0.0,0.0,0.0
p189_P2,0.3758435843105894,0.785371781666884,0.0,0.0,0.0,0.0,0.0
p189_SCT,0.17828992235394456,1.8158971904576091,0.0,0.0,0.0,0.0,0.0
p190_H1,0.991635692276643,0.00010998734260603002,0.0,0.0,0.0,0.0,0.0
p190_P2,8.904198587216888e-46,238.19635514531768,0.0,0.00018059478696217212,3.4126024e-06,0.04785208838466643,0.012009023943502655
p190_SCT,2.0438248849190964e-17,76.48217821481514,0.0,2.6370223877544864e-07,0.0,0.06276536899277178,0.01569140817375264
p191_H1,7.196775665122965e-18,78.79959938273299,8.985018337948385e-07,8.554696092658286e-05,1.9855288e-06,0.014197096728367307,0.0035713819299812654
p191_P2,0.7356540469437427,0.1140847223406896,0.0,0.0,0.0,0.0,0.0
p191_SCT,0.691325283155054,0.15780027253845313,0.0,0.0,0.0,0.0,0.0
p192_H1,1.4832200780655974e-11,47.29369918051206,0.0,9.264648099263855e-05,1.6679111e-06,0.08498993141302669,0.021271061451274477
p192_P2,3.4232259221003224e-05,17.418674142361176,0.0,1.3239555921002826e-05,5.9905738e-06,0.008234722255143193,0.0020634880962046463
p192_SCT,0.0002446566021133373,13.609231331362894,0.0,4.17558308263259e-05,0.0,0.023627799249214747,0.005917388770010268
p193_H1,0.0002945575540761374,13.253492218644581,4.382623775758449e-05,0.00014822018257756628,2.8469222e-07,0.041728938935439,0.010480317511998542
p193_P2,0.060550675745605784,3.5349934837699895,2.320555010120698e-06,0.0002974948618749687,3.9158498e-05,0.06863834588906724,0.017244329951015994
p193_SCT,2.7940963186841622e-18,80.90752651614945,0.0,5.251186694962754e-06,7.2981666e-06,0.169810634096192,0.04245579586236306
p194_H1,0.0003157504279448156,13.12052593129609,0.0,0.00022319462156215119,5.1838437e-05,0.06008500436859115,0.01509000935673211
p194_P2,2.7796943126843603e-05,17.82591378976922,0.0,0.00011262680675815751,0.00028099524,0.005403508700210951,0.001449282687258482
p194_SCT,0.01916328142138683,5.515086777520193,0.0,3.884236519074498e-05,2.4530186e-06,0.28720362395902715,0.07181122983571042
p195_H1,0.1450927016362691,2.128405064945926,0.0,0.0,0.0,0.0,0.0
p195_P2,0.13297106382246887,2.2633560094875707,0.0,0.0,0.0,0.0,0.0
p195_SCT,0.28981379915096384,1.122386311827899,0.0,0.0,0.0,0.0,0.0
p196_H1,9.525899768997351e-20,88.4917275252135,0.0,0.00020989013723410284,0.00020401528,0.062411412082770214,0.015706329373954254
p196_P2,0.006319422739589623,7.507499861170585,0.0,0.0001354029820805551,0.00012622267,0.05675810996193552,0.014254933904105664
p196_SCT,3.897963375521207e-06,21.698967098204058,0.0,6.388442281292997e-05,6.468894e-06,0.10581202555499458,0.026470594717912802
p197_H1,0.001612956649477673,10.032377006022543,0.0014018234873654015,0.016647304781183644,0.0008843841,0.13132685957541954,0.037565092983861605
p197_P2,0.013799800271653333,6.097925531892393,3.378555838634095e-05,0.00025330807672470314,3.0963856e-05,0.13928598895819,0.034901011612390564
p197_SCT,1.475823846006026e-09,37.68589176475993,0.0,4.021072412053691e-05,0.0,0.17218382983202832,0.04305601013903721
p198_H1,4.876594923900586e-96,623.6370971367459,0.0,0.00035529873507630656,9.788482e-05,0.04131978816051189,0.010443242928493971
p198_P2,1.6273474205955376e-06,23.437738846087434,0.0001342451487632957,0.00034168052301357767,3.7540343e-05,0.09482705633058261,0.023835130586421907
p198_SCT,4.25664770814283e-61,340.9203282518873,0.00021548869359151797,0.0001066357132849456,0.0,0.11959811597124946,0.029980060094531483
p199_H1,7.771254392839555e-06,20.332488019757264,0.0,0.00023523010812751295,0.00086454215,0.033812376442932245,0.008728037174667523
p199_P2,4.46774508358085e-06,21.42827155497752,0.0,0.00011859391695604882,0.00043619284,0.04680437283685229,0.011839789899467846
p199_SCT,0.19150501759539296,1.7096945194110353,0.0,0.0,0.0,0.0,0.0
p200_H1,0.8924827517403776,0.01828398630662431,0.0,0.0,0.0,0.0,0.0
p200_P2,0.10210932963556205,2.680140499559295,0.0,0.0,0.0,0.0,0.0
p200_SCT,4.810594738433787e-21,95.26765539135427,0.0,8.246441952443557e-05,0.0,0.13547604206308925,0.033889626620653424
p201_H1,2.5391482296129217e-51,274.0351780734665,0.0012410944791961575,0.0006979366701557682,9.3642586e-07,0.05382826847707667,0.013942059013072917
p201_P2,4.2035397218374714e-102,680.5613352936331,0.0,3.714023735326095e-05,5.4174603e-07,0.009580283550356896,0.00240449138343577
p201_SCT,1.673480971074959e-94,609.6231554704477,0.0,0.00014869937772840457,6.199747e-06,0.17235162515487276,0.043126631069919444
p202_H1,1.7046026429999995e-16,71.79898651967257,7.874235194413361e-05,9.365084587866004e-06,0.0,0.07329482008092698,0.018345731879364745
p202_P2,0.14181824518915792,2.163572740685531,0.0,0.0,0.0,0.0,0.0
p202_SCT,0.8105566475903421,0.0575084698715892,0.0,0.0,0.0,0.0,0.0
p203_H1,8.619860595603518e-24,109.84911707439454,0.0,7.072197123873348e-05,1.3931785e-05,0.014117451348881331,0.0035505262763702436
p203_P2,2.5139615062527244e-66,378.7311684578592,0.0,9.45154237563244e-05,2.2710501e-05,0.008920321087976076,0.0022593867532008085
p203_SCT,6.718796785435825e-29,137.80056262275446,5.827408565334289e-05,4.3794866120512353e-08,0.0,0.027279546359460435,0.006834466059994975
p204_H1,2.6458613816777455e-15,65.79645807095994,0.0003609146585527667,0.0009507352060979204,9.230812e-06,0.08862043468046399,0.022485328839249606
p204_P2,0.0002393202432553224,13.65154386627,0.0,0.0018367716797576088,9.245407e-06,0.1064809975855937,0.02708175366820151
p204_SCT,0.5832595604321784,0.30130759717631017,0.0,0.0,0.0,0.0,0.0
p205_H1,0.5932209686002172,0.28563528855185005,0.0,0.0,0.0,0.0,0.0
p205_P2,2.645427345570577e-09,36.48038301015144,0.0,8.579558434724273e-05,0.00043093052,0.028447280518729277,0.007241001656336755
p205_SCT,2.2014774882272014e-12,51.33092077979319,0.0,3.5806953371012516e-05,5.9083806e-07,0.15108919296892095,0.03778139769008695
p206_H1,3.4549923556373603e-54,293.1469128859313,0.07397612545866558,0.052587436057245446,0.0065140286,0.3348540484567903,0.1169829096546883
p206_P2,1.0696454623050212e-28,136.67473472616985,0.00024080605315081585,6.6575202429359e-05,7.7371194e-05,0.009133131010256432,0.0023794708650824083
p206_SCT,1.3971891855340473e-22,103.38851798137588,0.0005199805653800366,0.0001509860150055355,1.614186e-06,0.6415203311823463,0.16054822798717697
p207_H1,5.302191572145982e-45,233.30467718188,0.0,0.0003261027173044719,0.00034920368,0.16092163480960145,0.040399235301130265
p207_P2,7.541823201613771e-52,277.5201509892942,0.006373541243890299,0.000560978134706868,0.0212226,0.26301772540793394,0.07279371137497584
p207_SCT,4.2559295526090056e-45,233.90579889243443,0.0,0.00011612183198571494,9.9470526e-05,0.02955418444070531,0.007442444199682307
p208_H1,0.003181465637916451,8.768146211459724,0.00016160056234971394,0.0008860969960856913,0.00011400557,0.02998173768673347,0.007785860203372435
p208_P2,0.752976513251536,0.09913379859093789,0.0,0.0,0.0,0.0,0.0
p208_SCT,0.7721453761673289,0.08392329151740134,0.0,0.0,0.0,0.0,0.0
p209_H1,1.9771256212074156e-13,56.474112960310755,0.0008532206692190614,0.0006409003952814681,0.0005968394,0.016394082718088888,0.004621260798326986
p209_P2,1.625337489430281e-11,47.10081986117165,0.0,0.0028944523116793733,2.138897e-06,0.0572780521139289,0.015043660830624302
p209_SCT,6.3647243268108475e-28,132.3727821963193,0.0011574050907007714,0.0001138949475911236,0.0003552804,0.5374413125247787,0.13476697324374148
p210_H1,1.3274949723762148e-07,28.47657255365591,0.0003502690658129218,0.0009432128282583814,0.00048468725,0.10931770896553725,0.02777396952667232
p210_P2,2.868536716545837e-17,75.73138901155379,0.0015503706123616225,0.0006953195706225396,1.903414e-06,0.007315713139041187,0.0023908266840175986
p210_SCT,0.5445847568516192,0.3675094014308889,0.0,0.0,0.0,0.0,0.0
p211_H1,3.78162125040924e-12,50.18288033855792,0.0,4.614850826370123e-05,0.0,0.09943788525015385,0.024871008439604388
p211_P2,5.208109512450069e-25,116.41940339949099,6.317358918355375e-06,1.6079066095672528e-05,0.0,0.009748313803483833,0.0024426775571244654
p211_SCT,4.617073767326184e-15,64.58496814737474,0.0,1.8538884181575615e-06,0.0,0.04147743008216163,0.010369820992644945
p212_H1,0.09843701663714631,2.7388407736383757,0.0,0.0,0.0,0.0,0.0
p212_P2,4.5062281276452673e-32,155.7200914772234,0.0029305931984499696,0.0006092322590371323,0.00026550645,0.1063731023520377,0.027544608563738755
p212_SCT,9.355911100822818e-07,24.544425864329558,0.0,9.28641652128562e-05,1.0802606e-06,0.0652039381975423,0.016324470655846583
p213_H1,2.374165376324361e-11,46.30279646970117,4.834680516614791e-05,0.000557083032133473,0.00012518401,0.17989248391515217,0.045155774441839255
p213_P2,3.3723649765787807e-06,21.986614115622313,0.0,0.0003944749254556808,0.00028796404,0.10474851074790902,0.026357737427804263
p213_SCT,1.9607926317144103e-13,56.49189679507983,0.0,6.878960165443646e-05,2.893335e-05,0.1536944841454022,0.03844805177409238
p214_H1,0.05994790398353643,3.5516891416147125,0.0,3.47152254900259e-06,0.0,0.0051684477658171255,0.001292979822091532
p214_P2,0.05994790398353001,3.5516891416148804,0.0,3.47152254900259e-06,0.0,0.0051684477658171255,0.001292979822091532
p214_SCT,0.059947903983489946,3.5516891416161,0.0,3.47152254900259e-06,0.0,0.0051684477658171255,0.001292979822091532
p215_H1,1.1039056705479601e-16,72.75541858705601,0.0,0.00019322963367612956,9.792692e-06,0.0016218049677745178,0.00045620682342604704
p215_P2,2.5231380576156813e-09,36.578028811209094,0.0,0.00030434238680175277,3.1259472e-07,0.049585751529357104,0.01247260162772013
p215_SCT,0.5734353554400324,0.3173018687087521,0.0,0.0,0.0,0.0,0.0
p216_H1,2.6917377178913647e-20,91.35142286133478,0.00023016217678388615,0.000532019541489842,1.0428634e-05,0.3272763035487986,0.08201222847518969
p216_P2,3.5660082122725885e-07,26.481443931693075,0.002964312617596251,0.0040297279043864775,0.00051631563,0.06489386933870132,0.018101056372946706
p216_SCT,1.4694436440515773e-11,47.31337386204127,0.00021238756439774352,5.4073874782966566e-05,0.0,0.03008125301485076,0.0075869286135078675
p217_H1,2.6718337386229006e-06,22.449607510244782,5.009033080391869e-05,0.0011729283242279415,0.00015630267,0.1596048822596227,0.0402460508972738
p217_P2,0.0004963519637983494,12.25745720753558,0.0,0.00014835511822148682,5.6889134e-05,0.10287357976598652,0.025769706004477626
p217_SCT,0.041456928809316014,4.1744157595709686,0.0,1.3555741625740525e-05,5.2421964e-08,0.058325418021566794,0.014584756546289048
p218_H1,0.00039318381323695653,12.701471797981105,0.012284187364234492,0.003134209142353339,0.02299889,0.10473393497934447,0.03578780534853171
p218_P2,0.9212163931827814,0.009789420184470014,0.0,0.0,0.0,0.0,0.0
p218_SCT,0.826352668332724,0.04816867110886447,0.0,0.0,0.0,0.0,0.0
p219_H1,3.5024027439553706e-11,45.48524296220022,0.0,0.0010032590246490203,0.00019439502,0.17265043545002065,0.0434620223734692
p219_P2,2.1398781055216157e-06,22.891697568516847,0.0,0.0005128855583886236,0.00016493148,0.014609574226045734,0.003821847816098061
p219_SCT,1.6152437147858566e-10,42.28347325799528,1.2229475231280075e-06,9.291787321266083e-05,0.00035361064,0.15217626357631553,0.03815600375872047
p220_H1,0.05144560966608465,3.808273302390714,4.198033445975666e-05,0.00034509408284928825,4.1734876e-07,0.045248972222254796,0.011409115997080515
p220_P2,7.644366210041828e-07,24.949273707048523,6.724475339386194e-05,4.187537193318125e-05,3.6162076e-06,0.030012315520097914,0.007531262963243813
p220_SCT,3.516576488687603e-09,35.89354329213646,0.0,7.414581746180627e-05,0.0,0.11910728548386924,0.029795357825332762
p221_H1,0.0036877096168009115,8.495383155704104,0.0,7.884088114385925e-05,0.0,0.024298724247158617,0.006094391282075619
p221_P2,1.0544172359444583e-12,52.896857211906635,0.0,0.00013641705894056546,1.6204071e-08,0.017049756267760233,0.004296547382692943
p221_SCT,0.0001150435576095904,15.06245711665544,0.0,5.209611102909458e-05,0.0,0.18747751660917358,0.04688240318005067
p223_H1,7.692098738899971e-75,443.51402711413215,0.00011987545924668173,0.0011231176026402065,6.0295275e-05,0.03366736537532747,0.008742663428062127
p223_P2,1.7276772593163854e-25,119.01962052664743,0.0007857778967462229,0.00026250157916983286,5.7722853e-05,0.04208364138552866,0.010797410928597104
p223_SCT,2.081427276373644e-16,71.35982577799194,0.0016395328719165819,0.00011897932142258668,3.1759915e-05,0.09523318293134758,0.02425586375995814
p224_H1,2.341252738211429e-16,71.10131442962314,0.0,2.8887989812933144e-05,2.5607912e-07,0.01545072830871482,0.003869968094411638
p224_P2,4.357984609132183e-08,30.737914890677605,0.0,0.00017400475111161156,0.0,0.06990366154733942,0.017519416574612756
p224_SCT,1.1128024909080152e-17,77.83091855996258,0.0,5.344922846871918e-05,0.0,0.08403941492278406,0.021023216037813194
p225_H1,0.1941686155739179,1.689323157528193,0.0,0.0,0.0,0.0,0.0
p225_P2,1.234369171411098e-25,119.81380742040834,0.0,2.896289293488521e-07,0.0,0.006764349393930387,0.001691159755714934
p225_SCT,0.05994790398359026,3.551689141613348,0.0,3.47152254900259e-06,0.0,0.0051684477658171255,0.001292979822091532
p226_H1,0.050195976016068844,3.849752207985152,0.0,9.048110499926264e-05,0.0024601384,0.011461128973840695,0.0035029371213611215
p226_P2,8.95015242168688e-14,58.17573782711412,5.4685936828307376e-05,0.0001248378677205896,7.343166e-08,0.029165542172945345,0.00733628485228786
p226_SCT,2.358925731715968e-10,41.493351190376444,0.0,6.852550174003967e-07,0.0,0.03850357016258934,0.009626063854401685
p227_H1,1.4455789995593336e-13,57.145809231808364,0.005190948500158513,0.0010372935154291235,0.0011966908,0.014739641154010831,0.005541143501164289
p227_P2,4.398027433423952e-21,95.47220935978176,0.0,0.00010459363043174069,1.7950812e-05,0.011840805090052255,0.002990837383002305
p227_SCT,1.4690834144707506e-26,124.86224153743345,0.0,7.995568138857321e-05,0.0010579057,0.04057890298001441,0.01042919109711727
p228_H1,1.2187961173001845e-14,62.47865866483432,4.654747748747777e-08,0.00031278447879939394,1.0279987e-05,0.0934753918771842,0.023449625722560728
p228_P2,2.283908512126199e-28,134.84186931745293,0.0,4.981103035574614e-05,3.924914e-05,0.02237766657876063,0.0056166816868675005
p228_SCT,4.420786912968405e-22,100.73465911396171,0.0,7.937764400801058e-05,0.0,0.0789741643653133,0.019763385502330328
p229_H1,2.6858172407615646e-24,112.57160995885476,0.0,5.355528579611215e-06,1.9383458e-08,0.010496311658290413,0.0026254216425821045
p229_P2,0.0013409509411432291,10.378590205535449,0.0,6.762445022608107e-05,0.0,0.01216344398925022,0.003057767109869075
p229_SCT,0.06826901111266775,3.335667480782879,0.0,0.0,0.0,0.032936953943082006,0.008234238485770502
p230_H1,0.4267400573713439,0.632503170841252,0.0,0.0,0.0,0.0,0.0
p230_P2,8.084440856207769e-23,104.65265879988216,0.000287996155021806,4.7282519727912446e-05,0.00031106808,0.015885893069163673,0.0041330599571175
p230_SCT,0.9139901920489484,0.01167492780003902,0.0,0.0,0.0,0.0,0.0
p231_H1,0.025605022732037564,5.006387087604639,0.0,0.0005045182424744846,0.0001755057,0.1276645460791537,0.03208614250588659
p231_P2,0.001409217337127581,10.285410311983703,0.0001479408822295415,0.0006039476603385234,7.469322e-06,0.09985193701763931,0.025152823720576718
p231_SCT,0.14422511133064322,2.1376351411949965,0.0,0.0,0.0,0.0,0.0
p232_H1,0.20342869526695853,1.6209734440422472,0.0,0.0,0.0,0.0,0.0
p232_P2,0.4486180410917807,0.5748635896668072,0.0,0.0,0.0,0.0,0.0
p232_SCT,0.6845182897609228,0.16523770889774292,0.0,0.0,0.0,0.0,0.0
p233_H1,0.5746338649553779,0.31532152585938283,0.0,0.0,0.0,0.0,0.0
p233_P2,0.6528880716475172,0.20247271967685676,0.0,0.0,0.0,0.0,0.0
p233_SCT,0.7375556720342809,0.1123864696505414,0.0,0.0,0.0,0.0,0.0
p234_H1,3.938380638941463e-09,35.660213661737615,0.0,9.682473465243576e-05,1.0061485e-06,0.0695662874605252,0.01741602958592509
p234_P2,7.686176278666616e-16,68.49499401770662,9.908853114090197e-05,9.203930800179081e-05,0.0,0.02937632475369686,0.007391863148209888
p234_SCT,2.6569914147363173e-11,46.066004164746204,0.0,0.00010780972053255578,0.0,0.10166976873692811,0.025444394614365165
p235_H1,0.0028427261475055844,8.976619186364436,0.0,0.0013297537625526924,1.1820622e-06,0.02572000463415099,0.006762735114723953
p235_P2,0.6446580630570997,0.21290780819158087,0.0,0.0,0.0,0.0,0.0
p235_SCT,4.377504364135412e-05,16.938689329086973,0.0,5.010457500891492e-05,1.0205403e-07,0.03444221730343444,0.00862310598311859
p236_H1,0.024065111193170292,5.114780262253897,0.0,4.487614167333281e-05,0.0,0.04911744304745392,0.012290579797281813
p236_P2,2.927713954080352e-06,22.267674071058007,0.0,1.4442707798825774e-05,0.0,0.023170391817989057,0.005796208631446971
p236_SCT,0.4040600870915865,0.6971542773411098,0.0,0.0,0.0,0.0,0.0
p237_H1,1.9008314685101813e-07,27.75051677734576,0.0,0.000142821021847039,0.0,0.04436519212699971,0.011127003287211687
p237_P2,8.301433461769622e-12,48.51874153276805,0.0,4.7316369147957366e-05,0.0,0.008648451017175705,0.0021739418465809156
p237_SCT,1.013869654569467e-17,78.03773412964473,0.0,9.086195901075306e-07,3.545394e-05,0.021130712545013336,0.005291768776314463
p238_H1,0.6692448779091675,0.18265913606160936,0.0,0.0,0.0,0.0,0.0
p238_P2,0.009258250104003616,6.814548766699326,0.0,0.00033652769714174655,0.00028220753,0.048864204393753594,0.0123707349059785
p238_SCT,0.2754416429290327,1.19152726730472,0.0,0.0,0.0,0.0,0.0
p239_H1,1.3708267638922368e-07,28.41155473505605,0.0005599026280493079,0.00011895112266665687,0.0016734366,0.14112541825469269,0.03586942715316071
p239_P2,9.932014489514434e-10,38.505712913286075,0.0,0.00017395374958786654,1.2234052e-07,0.08577505544039746,0.021487282882627204
p239_SCT,0.030900525985924042,4.679604799143154,0.0,1.4815594329258243e-06,0.0,0.11201655693573184,0.028004509623791193
p240_H1,5.2797719687899026e-20,89.82549276797816,0.0001481837876667426,0.00014464080427705202,5.5121535e-07,0.11293885574790127,0.028308057888798942
p240_P2,1.885464713189735e-07,27.76691793848579,4.517143279806625e-06,0.00015502945281389215,0.0,0.04065059926775772,0.010202536465962855
p240_SCT,9.416937282957712e-33,159.61543518137765,0.0,1.8619927684191437e-05,0.0,0.0788680313840657,0.019721662827937473
p241_H1,0.0014532727080063962,10.227679759713224,7.47252893118766e-05,0.0004308219244773326,3.1217448e-06,0.0032986298572815426,0.0009518247039775675
p241_P2,4.21432437111805e-17,74.88044617921076,0.0,0.000175099159479019,0.00070606614,0.002221126092147847,0.0007755728490642948
p241_SCT,1.607803279737312e-05,18.899729877621382,3.643574742693012e-06,5.4654439535526535e-05,0.0,0.07188942323978653,0.017986930313516187
p242_H1,0.006935534623341464,7.3380838620800946,0.00015006220999915718,0.000254376106261122,1.2689965e-07,0.02437309293668324,0.0061944145381483545
p242_P2,0.3219508267233194,0.9825590058489239,0.0,0.0,0.0,0.0,0.0
p242_SCT,0.03228146172445764,4.603994784614437,0.0,1.8322534216751668e-05,1.1573965e-05,0.2373626439441578,0.059348135110821584
p243_H1,1.601276873300532e-07,28.09717547502892,0.0,0.00015666303759886838,1.2174501e-05,0.007141216328652764,0.0018275134667192594
p243_P2,0.00023413525315048463,13.693579712354108,0.0,0.00010369307239820264,0.0,0.08904988991294589,0.022288395746336023
p243_SCT,0.007802385228449663,7.124163988183578,4.580276517579228e-07,2.382054846991993e-05,0.00085673423,0.038997179155599776,0.00996954799047613
p244_H1,0.5971031577108524,0.27967287523052475,0.0,0.0,0.0,0.0,0.0
p244_P2,0.9081191297150243,0.013330551078163602,0.0,0.0,0.0,0.0,0.0
p244_SCT,0.28689861048850374,1.1360539194085277,0.0,0.0,0.0,0.0,0.0
p245_H1,0.005194461387588698,7.865702960695482,0.0,2.0402339228060043e-05,0.00012484264,0.10788400920819273,0.027007313547236674
p245_P2,0.07227866643358284,3.2414423566468,0.0,0.0,0.0,0.0,0.0
p245_SCT,0.11032870307631815,2.5567501468139153,0.0,0.0,0.0,0.0,0.0
p246_H1,0.7384546407315715,0.11158857332282689,0.0,0.0,0.0,0.0,0.0
p246_P2,0.8967449384153264,0.01685507185032088,0.0,0.0,0.0,0.0,0.0
p246_SCT,1.0,0.0,0.0,0.0,0.0,0.0,0.0
p247_H1,0.6436703912584796,0.21418147723558945,0.0,0.0,0.0,0.0,0.0
p247_P2,0.4150859214580973,0.6650699449066064,0.0,0.0,0.0,0.0,0.0
p247_SCT,0.0002142196439045377,13.864285432716114,0.0,6.430415494763153e-05,0.0,0.2718791865764981,0.06798587268286144
p248_H1,1.7446883226275697e-06,23.29879753576264,0.0,2.385264956117291e-06,0.0,0.01168233451380801,0.002921179944691032
p248_P2,3.2910620680032723e-06,22.03510606528836,0.0,7.108166547528923e-06,4.840777e-05,0.006312969777226287,0.001592121427991047
p248_SCT,0.03473849425486784,4.477479641261909,0.0,2.144199566672082e-06,0.0,0.16030134228593335,0.040075871621375006
p249_H1,2.6317064238334922e-08,31.766045810567544,0.0,6.551952056296039e-06,0.0,0.014829313910022257,0.003708966465519638
p249_P2,0.6428681430242793,0.21521942700442523,0.0,0.0,0.0,0.0,0.0
p249_SCT,0.12146441485646378,2.404858927805501,0.0,0.0,0.0,0.0,0.0
p250_H1,0.2441429806503485,1.3590683994571249,0.0,0.0,0.0,0.0,0.0
p250_P2,3.5635962054243446e-05,17.34016347412216,0.0,3.845986132017694e-06,0.0,0.015492619751596666,0.0038741164344321707
p250_SCT,0.9985314260608272,3.3904620238967885e-06,0.0,0.0,0.0,0.0,0.0
p251_H1,0.024832478366369433,5.0598912708486665,0.0,3.152567961719188e-05,1.5364996e-06,0.1168991018385913,0.029233041004440463
p251_P2,0.9396236364438251,0.0057415988942755665,0.0,0.0,0.0,0.0,0.0
p251_SCT,0.7544543800540804,0.09791174238433528,0.0,0.0,0.0,0.0,0.0
p252_H1,1.2384200848148871e-09,38.048762484394715,0.0,3.2495490474662376e-05,0.0,0.003633203315956058,0.00091642470160768
p252_P2,4.650677812225406e-08,30.605597171045265,0.0,9.902417841105517e-05,0.0,0.027680463057571665,0.00694487180899568
p252_SCT,0.7214025246322457,0.12726738058146841,0.0,0.0,0.0,0.0,0.0
p253_H1,0.006835655692804244,7.364475091210194,0.0,7.821327935149252e-05,0.0,0.06023305638399784,0.015077817415837334
p253_P2,0.6494661259457043,0.20677306872074985,0.0,0.0,0.0,0.0,0.0
p253_SCT,0.0009343418951987913,11.058639453478186,0.0,2.7383771780169545e-07,0.0,0.05377978050576827,0.013445013585871517
p254_H1,7.956520656952225e-09,34.21446436769515,1.9674142656166223e-05,0.00011062522295520494,1.2773562e-05,0.10516612593173788,0.026327299714849338
p254_P2,0.6434500110099945,0.2144663018476079,0.0,0.0,0.0,0.0,0.0
p254_SCT,0.26367015337876415,1.2516317887686625,0.0,0.0,0.0,0.0,0.0
p255_H1,8.859541081872815e-06,20.07364838627174,9.336178933874534e-05,0.00014770959988789475,2.1798657e-07,0.10586362873201216,0.026526229526951568
p255_P2,1.204371172921638e-17,77.65532301636678,0.0,0.00017715103823789715,0.0,0.057365374970843645,0.014385631502270386
p255_SCT,4.485936274060391e-15,64.64760565498636,0.0,3.070965326314154e-05,0.0,0.05926245881896506,0.01482329211805705
p256_H1,5.5774405297161174e-33,160.92315641939325,0.0,2.7115346581431577e-05,0.0,0.07309219415019375,0.018279827374193796
p256_P2,5.219319841622067e-07,25.71521816696905,0.0,7.106143390115225e-05,5.619823e-06,0.027924530589575062,0.0070003029615657245
p256_SCT,4.861719436149671e-19,84.82184628220394,0.0,6.932420773908627e-06,1.4957398e-06,0.144929705454664,0.0362345334037976
p257_H1,2.448983505979676e-58,321.5439685028094,0.0,0.0001705381066198746,4.7578264e-06,0.1457786438975065,0.03648848495764302
p257_P2,2.0584682562250764e-05,18.414519237274394,0.0,5.124857890468856e-05,0.0,0.09475180747961381,0.023700764014629627
p257_SCT,4.839394283538501e-40,202.64994634507576,0.0,0.0002163595206670261,0.0,0.4154150115267525,0.10390784276185487
p258_H1,4.185949461635863e-05,17.025958678932717,0.0,0.00036888564828653644,8.039511e-05,0.028579039621896306,0.007257080095441038
p258_P2,0.8486422931011641,0.03645428815627426,0.0,0.0,0.0,0.0,0.0
p258_SCT,0.029234612898166167,4.775664819993993,0.0,7.656826495596231e-05,1.1701878e-05,0.05966484322891523,0.01493827834298421
p259_H1,1.7562071564564783e-12,51.811142043705615,0.0,8.986476981224777e-05,5.3138547e-06,0.009605730897868698,0.0024252273805881962
p259_P2,0.3025899649459065,1.0644980340227974,0.0,0.0,0.0,0.0,0.0
p259_SCT,4.199590171172384e-07,26.152281366826976,0.0,8.669237004574575e-06,9.255322e-06,0.056675743123753605,0.014173416920653662
p260_H1,4.033141775338557e-31,150.30024327044464,0.0030799624730038985,0.0008789738278027821,0.00015839492,0.4149147840675369,0.10475802882201299
p260_P2,1.4159984404229358e-20,92.80963515585798,5.228539416474617e-05,0.00029648277966427453,7.205668e-07,0.06066365507482206,0.015253285953859885
p260_SCT,0.0682814009566614,3.3353672602783844,0.0,2.0679363313487736e-07,0.0,0.041521184929337165,0.010380347930742575
p261_H1,0.3338589208858047,0.9353157013785608,0.0,0.0,0.0,0.0,0.0
p261_P2,5.0588615066916096e-21,95.15288481989774,0.0,0.000259155745633745,2.4874493e-07,0.0531341165684104,0.013348380264742311
p261_SCT,0.00012950791359211226,14.833635877263948,0.0,0.000259587178124952,0.0,0.031274374632757854,0.007883490452720701
p262_H1,0.00619198057228013,7.54465067379907,0.0,0.00035112828643303926,9.239651e-06,0.01349399938493972,0.00346359183065888
p262_P2,5.911152630094606e-32,155.04687399488847,5.691020502666841e-06,0.0004882811517937647,8.949598e-06,0.08669283387681817,0.02179893891176389
p262_SCT,0.2711456004227315,1.2130835035173229,0.0,0.0,0.0,0.0,0.0
p263_H1,3.7363384997913523e-29,139.2237461190523,3.744385933799645e-05,3.737590875186926e-05,0.0,0.061047211140432586,0.015280507727130613
p263_P2,0.0005542814959544596,12.047545502933101,0.0001359798418240744,0.000162790440441954,0.0,0.022527897854173064,0.005706667034109773
p263_SCT,0.5492806920993127,0.35899678541620345,0.0,0.0,0.0,0.0,0.0
p264_H1,2.6668711260434515e-48,254.32445000274936,0.0,4.0827940111353715e-05,3.7783793e-05,0.05620865141171903,0.014071815786265582
p264_P2,1.1608565271439653e-32,159.09366813405654,0.0,4.712539337692518e-05,0.0,0.03242198298027834,0.008117277093413816
p264_SCT,0.5390476453592792,0.3777230769304675,0.0,0.0,0.0,0.0,0.0
p265_H1,2.0097223567996855e-07,27.63797954651502,0.0,5.76651179881025e-05,1.0757187e-06,0.13754632148440693,0.03440126558028084
p265_P2,1.162537338246094e-21,98.51495901682877,0.0,1.4361106766328187e-05,6.966242e-06,0.017851324090786394,0.004468162859869786
p265_SCT,4.503075676716845e-24,111.36376643608084,0.0,7.060739693376852e-06,4.853686e-07,0.09526125718960105,0.02381720082447771
p268_H1,0.010523175703814606,6.583717873634036,0.0013729126547985483,0.00031084518247657164,0.0001331437,0.2336829588471895,0.058874965094680265
p268_P2,3.5363226170107415e-48,253.5342383885053,0.0,0.0014964286785190074,0.0012144832,0.20049814708969282,0.050802264734745486
p268_SCT,0.000385721567674034,12.738040241513911,0.0004763957592179997,0.00019462859402804577,1.150202e-07,0.29359143279012095,0.07356564304089165
p269_H1,0.019047546030005382,5.525780134773089,0.0003688077238305657,0.0007442596174750129,4.150413e-05,0.13246742398917327,0.03340549886477053
p269_P2,3.2709181002571343e-20,90.90964702702269,0.00010869995773859995,0.0005216749454051559,7.897487e-07,0.2608161940962425,0.06536183968702074
p269_SCT,0.020047220214187506,5.435558487799699,0.0,3.2255830153424784e-05,0.0,0.10541437295645383,0.026361657196651813
p270_H1,9.428508806316475e-22,98.99519321170024,0.02183563045499387,0.023537402805051937,9.5707e-06,0.15872866557184923,0.051027817382988325
p270_P2,3.861655966821157e-06,21.717543777388652,0.0,3.1171679553400154e-05,1.2964503e-07,0.04762762366994627,0.011914731248632597
p270_SCT,3.385020710757997e-09,35.972103356444386,0.0,8.870942372363563e-05,0.0,0.08321648515438924,0.02082629864452822
p271_H1,6.856421396050154e-16,68.7449809752225,0.0,0.00025692857832271276,0.0010396698,0.11062915967140166,0.027981439524675723
p271_P2,1.7573747618476534e-17,76.81691324762105,0.0,4.172912353047957e-05,0.005401095,0.06990925623054621,0.018838020065958517
p271_SCT,2.926501268008737e-07,26.879635567579676,6.625894460796291e-05,1.0583473383888097e-05,0.0,0.18531578696387013,0.0463481573454655
p272_H1,1.2380408098429443e-09,38.04939648882566,0.0,0.00022342887799155133,1.8131681e-05,0.13294945497876914,0.033297753884419565
p272_P2,0.7603780425600939,0.09309672119182844,0.0,0.0,0.0,0.0,0.0
p272_SCT,2.372518456512033e-40,204.53016559635196,0.0,4.2547881256464786e-05,2.0385191e-06,0.22965505342262563,0.057424909955756005
p273_H1,0.03164656777290994,4.638328092589159,8.161037695259247e-05,0.0005427794024898842,8.763412e-08,0.026459549629230073,0.006771006760698238
p273_P2,0.001665670502154614,9.972195943537319,0.0,9.5486939330314e-05,0.003769848,0.09278240594469571,0.024161935228521638
p273_SCT,0.015048405312261343,5.943549324783424,0.0,8.228112953621989e-06,1.0374937e-05,0.27198007394902385,0.06799966924977417
p274_H1,0.5694683977409649,0.32391510212445546,0.0,0.0,0.0,0.0,0.0
p274_P2,2.824182456294341e-14,60.66119054251055,0.0,0.00010612427994213206,0.0,0.022834593926048016,0.005735179551497537
p274_SCT,0.6185796432805905,0.24811613758642245,0.0,0.0,0.0,0.0,0.0
p275_H1,0.0015607016036267695,10.094039643752117,3.152255532637994e-06,0.00019230357479772098,9.3734876e-08,0.07547795157290231,0.018918375284527132
p275_P2,1.2205261612485985e-07,28.64668005269555,0.0,0.00012061582503300896,9.2873364e-08,0.09137716514400188,0.022874468460599748
p275_SCT,0.03430674289478499,4.499018227857068,0.0,5.649217735820632e-06,0.00055126,0.05435460124181354,0.01372787761945123
p276_H1,1.1752518320398493e-21,98.49002832887885,0.0,2.1270606437098e-05,0.0,0.13037499714804607,0.03259906693862079
p276_P2,0.000139466200249676,14.690638999381584,0.0,0.00020826466540461256,0.0,0.0439101683714334,0.011029608259209503
p276_SCT,4.497619402991653e-06,21.415054661558145,0.0,9.32733738210111e-06,2.3023394e-07,0.08643541475607575,0.021611243081848662
p277_H1,1.0033517680787608e-17,78.06090205937089,0.0001403060205647743,4.240577164188195e-05,1.3136398e-07,0.11875114833603384,0.029733497873054047
p277_P2,0.12925264050449423,2.3075387251162667,0.0,0.0,0.0,0.0,0.0
p277_SCT,3.756239856911195e-21,95.8322115229008,0.0,4.162983820129064e-05,1.1638018e-05,0.14427317437580137,0.03608161055797446
p278_H1,3.9205552606748783e-44,227.85281020537164,0.004838645745351579,0.0026032465128418337,0.010451623,0.09951256707193462,0.029351520642187795
p278_P2,0.22166331074918547,1.4965496496293451,0.0,0.0,0.0,0.0,0.0
p278_SCT,5.5439642753884157e-05,16.478500496582637,0.0,6.801579743954454e-05,3.36744e-05,0.11019522015477072,0.02757422758842583
p279_H1,1.4137221249082081e-22,103.36136279594535,0.0,0.00014311024155961829,0.00028834364,0.09682638010494748,0.02431445849640503
p279_P2,5.650183808091157e-29,138.2203924184667,0.0,0.00014192741058197665,0.0,0.07616758444969471,0.01907737796506917
p279_SCT,0.5800036920898473,0.30654839122159333,0.0,0.0,0.0,0.0,0.0
p280_H1,2.501694886869547e-41,210.4923105970248,0.0005623937112067561,0.0003998536376412313,0.00074857345,0.23738497789350224,0.05977394967387895
p280_P2,0.36606713081141207,0.8181583663652293,0.0,0.0,0.0,0.0,0.0
p280_SCT,2.1898475390463567e-63,357.2908012937509,0.00016226807087913256,1.783725741891605e-05,0.0,0.08396743867226687,0.021036886000141232
p281_H1,1.0081083362346537e-16,72.95543965516178,0.0001570653036949953,0.003337260865608902,0.003124179,0.2206367203214738,0.056813806394123575
p281_P2,0.310061817484587,1.0320855317808415,0.0,0.0,0.0,0.0,0.0
p281_SCT,0.5238272400451869,0.4068081680363182,0.0,0.0,0.0,0.0,0.0
p282_H1,2.0865887317438066e-14,61.315179535492845,0.0,1.6591534099073976e-05,3.1396155e-06,0.1198816721279778,0.02997535081939445
p282_P2,5.74228156033313e-15,64.11107056618546,0.0,1.3401997433623771e-06,0.0,0.009686187153921982,0.0024218818384163362
p282_SCT,2.2500143334194766e-22,102.28947689713962,0.0,4.1123081034938335e-08,0.0,0.2754792996529296,0.06886983519400267
p283_H1,7.89394116686801e-15,63.420246676877284,0.0,0.0006635242770315885,0.0,0.0361224652849484,0.009196497390494997
p283_P2,0.0012144009413633046,10.564817008980857,0.0,0.000147114297447778,3.1070096e-05,0.05199620189537847,0.013043596572245644
p283_SCT,0.00532983232306939,7.818602988961268,0.0,3.3985060671060606e-06,0.0,0.1558684099656457,0.038967952117928195
p284_H1,3.591644386713877e-36,179.50623616269274,0.0,7.409261609229227e-07,0.0,0.015833628573984012,0.003958592375036233
p284_P2,4.452126954947758e-30,144.4062530045941,0.0,0.00023749214818025464,5.701876e-08,0.058820709703404625,0.014764564717586092
p284_SCT,3.009985144889448e-24,112.30509849671644,0.0,7.945880464039137e-07,0.0,0.0952045189071401,0.023801328373796626
p285_H1,2.1881020644990637e-67,386.5783310342535,0.0,9.42920820762361e-05,3.3651318e-06,0.11455291917803209,0.02866264409796728
p285_P2,3.886069370294487e-28,133.5603439377051,0.0,7.390773369694406e-05,1.7663995e-05,0.16699248530883654,0.04177101425940714
p285_SCT,3.535307019472795e-105,710.4128996057933,1.0,1.0,1.0,0.618261883536586,0.9045654708841465
p286_H1,3.008855018075717e-14,60.52442880569561,0.0002633422821777017,0.0005629966667778443,1.794152e-05,0.05201300459824749,0.013214321266832597
p286_P2,1.2829110779605677e-05,19.343788270248595,0.00037220966696341915,0.0002960411854012521,6.509765e-05,0.0205232174611656,0.00531414149108359
p286_SCT,0.00408971623059718,8.304729708280355,0.0,2.019229570573612e-05,2.9258356e-08,0.10234355430402571,0.025590943964521797
p287_H1,2.0190586113908663e-05,18.452445716743238,0.0031355772830636073,3.291857142098716e-05,0.0,0.003696213677293116,0.0017161773829444276
p287_P2,0.000769131248775045,11.426340970895856,0.005752014612617113,0.00018420585980408825,0.0,0.04708784084260665,0.013256015328756962
p287_SCT,0.9376294922902259,0.006127925477930329,0.0,0.0,0.0,0.0,0.0
p288_H1,8.502616007515874e-29,137.23025885324992,0.0,8.894910317146794e-05,0.0,0.12852126793839805,0.03215255426039238
p288_P2,1.0313624006013994e-10,43.221011015409026,0.0,4.182434164875811e-05,6.334568e-06,0.03781486135643127,0.009465755066480687
p288_SCT,4.707003136643187e-16,69.56879967290004,0.0,1.4908567959770577e-05,0.0,0.1446754059262203,0.03617257862354502
p289_H1,2.1804715612005215e-70,409.1285418923043,0.00932701904093274,0.00029848348753964103,0.0015261018,0.15718993072448817,0.04208538377363796
p289_P2,1.7219772304312896e-23,108.23852865111435,5.365450547605241e-06,0.0001514217908520569,6.013305e-07,0.031993228769766166,0.008037654335416028
p289_SCT,4.614783434012059e-26,122.14295845880902,0.0,1.788791052854537e-07,0.0,0.19106391693202104,0.04776602395278158
p290_H1,1.570798064505328e-21,97.82546777376479,0.0,1.552795699907269e-05,0.0,0.00984984722268483,0.002466343794920976
p290_P2,2.9502511132549396e-25,117.75745239745605,0.0,6.207650911978654e-07,0.0,0.05965282974307996,0.01491336262704279
p290_SCT,0.01787618949053207,5.637956994170026,0.0,0.00021866116539354913,0.00016388249,0.07164960672948742,0.018008037596369427
p291_H1,4.3946932932938317e-10,40.198012032968506,0.0004383449311332679,0.00028159399331271557,0.00019395379,0.09201207883680745,0.023231492887959736
p291_P2,0.04410235120187185,4.06904291894743,0.0,0.00039896305359722194,2.9077011e-05,0.03706985595756778,0.009374474005610492
p291_SCT,1.2910656049348913e-09,37.96259933911723,0.0,0.00036284205220423,1.3482331e-06,0.20771206446175808,0.05201906368677231
p292_H1,0.03340420252501984,4.5449753189426705,0.0009363257143052581,0.00010358209016740466,5.416503e-06,0.143726757923756,0.03619302055780026
p292_P2,0.0016228821246353665,10.020894259894565,0.0003486921570588294,0.00019032944802908813,6.672313e-06,0.04708782247873989,0.011908379099155188
p292_SCT,2.6392110430191283e-08,31.76023417164572,6.531573064383455e-05,1.040771527016901e-05,0.0,0.06792530353767597,0.01700025674589749
p293_H1,2.1062913926170197e-20,91.90780940090902,0.0,4.62445124619973e-06,6.9575094e-06,0.05024522755147514,0.012564202378033596
p293_P2,3.7431714063021446e-23,106.43578388304319,0.0005020056523224072,0.00012072160209415165,0.00059436983,0.15234881434278572,0.03839147785787281
p293_SCT,5.3369863310135983e-17,74.3585959840683,0.0,4.183268853883465e-05,0.0,0.45384694904013545,0.11347219543216858
p294_H1,3.941895664710602e-61,341.1569826461988,0.07515386253988668,2.7231940554149597e-05,0.005642835,0.14004150703301718,0.05521635914106983
p294_P2,4.2793298532124774e-44,227.61500639902295,0.0001822411087833184,6.483687896703894e-06,0.0,0.039294975426413525,0.009870925055773387
p294_SCT,0.0003630610404427204,12.853640125763633,0.0,0.00022838642913508667,0.0,0.43123289137535864,0.10786531945112343
p295_H1,0.737446686332287,0.11248341685388336,0.0,0.0,0.0,0.0,0.0
p295_P2,0.9924948162371405,8.855279177199907e-05,0.0,0.0,0.0,0.0,0.0
p295_SCT,0.956669472196457,0.0029544933758934946,0.0,0.0,0.0,0.0,0.0
p296_H1,0.3772757939436948,0.780669035102034,0.0,0.0,0.0,0.0,0.0
p296_P2,2.1759627943795268e-13,56.268714356423196,9.60474619762812e-06,0.00020912648212456235,2.9739651e-06,0.031393017304855435,0.007903680624578944
p296_SCT,0.3850613575474333,0.7555389305644222,0.0,0.0,0.0,0.0,0.0
p297_H1,3.2643524394652395e-18,80.56048404829446,0.0,0.00012029585629100307,4.7964145e-06,0.04356564052479414,0.010922683198893016
p297_P2,0.007957257039187307,7.08852441890996,0.0,2.2891438342682655e-05,2.2569726e-07,0.004438758856908175,0.0011154689981286007
p297_SCT,0.008728776029935532,6.92096545105883,0.0,8.502407587704092e-05,0.0,0.05215918460503904,0.01306105217022902
p298_H1,0.16836400834924312,1.901849051077565,0.0,0.0,0.0,0.0,0.0
p298_P2,4.688883895971325e-09,35.301180145239925,3.841381626136135e-06,0.0008871132987872839,2.0707098e-06,0.016621214996191052,0.00437856009660047
p298_SCT,2.1464390475051135e-42,217.0506705284493,0.0,0.0033001449460520775,2.7227748e-07,0.2483499661008777,0.06291259583110126
p299_H1,2.0516719761027536e-21,97.21424191222029,0.0,6.369725436515199e-05,0.004885415,0.06949662006644637,0.018611433100436572
p299_P2,1.0225663298201582e-18,83.15466787623565,0.0,0.00010785095548950072,0.0,0.0353136484202497,0.0088553748439348
p299_SCT,5.877684000935107e-23,105.3903011985414,0.0,7.328165340089723e-06,0.0,0.35884087229096584,0.08971205011407649
p300_H1,8.493984280762765e-22,99.23464353187063,0.0,7.174006331329291e-05,7.2432556e-07,0.0542268778714023,0.01357483556506878
p300_P2,1.5721910588467278e-23,108.45012242635838,0.0,0.00017780069858835962,1.6115884e-05,0.06323522151571896,0.01585728452461096
p300_SCT,1.3782480475765889e-14,62.212400808221616,0.0,7.39488800103272e-05,0.0,0.09807191140439961,0.024536465071102485
p301_H1,7.254943245466905e-07,25.05412188045481,0.0,7.023348041444151e-07,0.0,2.144550901191956e-05,5.536960954015994e-06
p301_P2,2.1508528215115754e-10,41.68588786987666,0.0,6.488556778427566e-07,0.0,0.005247449895164782,0.0013120246877106562
p301_SCT,2.2565752840215816e-30,146.06937207690362,0.0,3.3150491558346585e-07,0.0,0.22359131649154593,0.055897911999115375
p302_H1,0.19095545151943616,1.713938893073726,0.0,0.0,0.0,0.0,0.0
p302_P2,0.19095545151881638,1.7139388930785964,0.0,0.0,0.0,0.0,0.0
p302_SCT,0.1909554515191256,1.713938893076115,0.0,0.0,0.0,0.0,0.0
p303_H1,2.04176767742057e-24,113.21326489430359,0.0015224535056738101,0.00022579913852726976,0.00013799484,0.18371441812262188,0.04640016640098881
p303_P2,5.453357030014451e-25,116.31117940659607,4.580381010098082e-05,0.0001906611521619114,5.6210098e-05,0.02331389676384087,0.00590164295594649
p303_SCT,3.8377544317429594e-30,144.76936777038284,0.0,1.4321510004663636e-06,0.0,0.09881143370386368,0.024703216463716038
p304_H1,0.14237635221883013,2.1575143339284626,0.0,0.0,0.0,0.0,0.0
p304_P2,0.7222373502574196,0.12647281653618672,0.0,0.0,0.0,0.0,0.0
p304_SCT,0.05994790398362463,3.5516891416122642,0.0,3.47152254900259e-06,0.0,0.0051684477658171255,0.001292979822091532
p305_H1,0.940041112594047,0.005662322360039002,0.0,0.0,0.0,0.0,0.0
p305_P2,0.9400411125907414,0.005662322360758884,0.0,0.0,0.0,0.0,0.0
p305_SCT,1.0,0.0,0.0,0.0,0.0,0.0,0.0
p306_H1,6.703216619173642e-23,105.08609315891609,0.0,5.039203729876643e-05,1.2460267e-06,0.034339807512336326,0.008597861394090555
p306_P2,0.526297681505456,0.40198464372636156,0.0,0.0,0.0,0.0,0.0
p306_SCT,1.988552024825077e-38,192.91905623828868,0.0,3.285876307025906e-05,0.0,0.23047895823557607,0.057627954249661585
p307_H1,0.46200522110513487,0.5416988189951725,0.0,0.0,0.0,0.0,0.0
p307_P2,0.1993234884153106,1.650813218784595,0.0,0.0,0.0,0.0,0.0
p307_SCT,0.8352423931194736,0.04329290807020145,0.0,0.0,0.0,0.0,0.0
p308_H1,0.8838610087508709,0.02135575417563197,0.0,0.0,0.0,0.0,0.0
p308_P2,0.8456744280670976,0.03791632744597231,0.0,0.0,0.0,0.0,0.0
p308_SCT,0.8290239287916288,0.04667495399607672,0.0,0.0,0.0,0.0,0.0
p309_H1,0.8250935142282945,0.04888131977947185,0.0,0.0,0.0,0.0,0.0
p309_P2,0.1388524265876102,2.196224407792359,0.0,0.0,0.0,0.0,0.0
p309_SCT,0.24544878414116758,1.3515588451683183,0.0,0.0,0.0,0.0,0.0
p310_H1,9.061692991173426e-05,15.524376000999128,0.0,3.572553487303502e-06,3.429067e-07,0.08406257076958493,0.021016621557443594
p310_P2,8.070133221697755e-05,15.749030534098404,0.0,6.171453470713104e-07,0.0,0.006523491555284599,0.0016310271751579176
p310_SCT,0.6927828684644823,0.15623346744516217,0.0,0.0,0.0,0.0,0.0
p311_H1,0.001427998380204507,10.26057845822365,0.0,2.571631952784645e-05,0.0,0.05132279930968178,0.012837128907302407
p311_P2,0.00021407472724726325,13.865585520880725,0.0,8.564940028871356e-05,0.0,0.010255123247091163,0.0025851931618449692
p311_SCT,0.7987699705659002,0.0650493660946021,0.0,0.0,0.0,0.0,0.0
p312_H1,0.7193909193772683,0.12919350740514482,0.0,0.0,0.0,0.0,0.0
p312_P2,0.7193909193737249,0.1291935074086029,0.0,0.0,0.0,0.0,0.0
p312_SCT,1.0,0.0,0.0,0.0,0.0,0.0,0.0
p313_H1,0.4430159728461974,0.5892054016717276,0.0,0.0,0.0,0.0,0.0
p313_P2,0.005785121812448706,7.668716648911548,5.293721107137287e-08,5.0137273798239877e-05,0.0,0.005354972807331437,0.001351290754585187
p313_SCT,0.07633345619466121,3.151705392041107,0.0,0.0,0.0,0.0,0.0
p314_H1,4.7972915173956166e-30,144.2237299754673,0.0,0.00048659973140597734,1.174134e-05,0.11755637215673433,0.029513678307067893
p314_P2,1.6076548274391224e-11,47.12387522369239,0.0,0.00016877683682046032,2.4055953e-07,0.09127676725559204,0.022861446162985532
p314_SCT,0.0700923225625419,3.292103603751014,0.0,0.0,0.0,0.0,0.0
p315_H1,0.9066140093034339,0.013772899733807395,0.0,0.0,0.0,0.0,0.0
p315_P2,0.9043799262903818,0.014442987960749483,0.0,0.0,0.0,0.0,0.0
p315_SCT,0.7370268204986397,0.1128573393244089,0.0,0.0,0.0,0.0,0.0
p316_H1,1.3698368804703277e-14,62.22565459362046,0.0,0.00017322752919897804,1.7733755e-06,0.009203139608952342,0.002344535128416772
p316_P2,3.879540503315101e-07,26.31179383589796,0.0,4.9085816452081454e-05,0.0,0.015487604600448918,0.00388417260422525
p316_SCT,2.2190919605695782e-33,163.2296370748722,0.0,1.1018974271367862e-06,0.0,0.26595908563265674,0.06649004688252097
p317_H1,0.0001624463219975399,14.396549857371282,0.0,0.0011254318798608848,1.4875571e-06,0.09156804835086173,0.023173741946966243
p317_P2,0.000651178495878846,11.741701566757646,0.0,0.0003100646694947085,5.9720514e-05,0.0333692019587934,0.008434746785672126
p317_SCT,0.15669210219276505,2.010687529463458,0.0,0.0,0.0,0.0,0.0
p318_H1,1.6474599693613515e-17,76.96013994162858,0.012342519099554673,0.0006691256409792545,0.00015758164,0.1587728840322004,0.04298552760375111
p318_P2,0.0002484107512377196,13.580019599741089,0.0,0.0001237053145958907,7.242984e-06,0.17615792797532215,0.04407221906845045
p318_SCT,1.2129493138227712e-34,170.5494128886797,0.0,8.143547096260959e-05,3.9342592e-07,0.12320917133831537,0.030822750058799787
p319_H1,0.15444833960484283,2.032670441909822,0.0,0.0,0.0,0.0,0.0
p319_P2,1.0769817549223746e-28,136.6581987457451,1.0306784667678636e-05,0.00013365103775016038,3.494089e-06,0.07742317407032501,0.019392656495439354
p319_SCT,1.9653679461757367e-06,23.06125477886551,0.0,7.354948176563027e-05,8.2707165e-06,0.030694847144552905,0.007694166835713322
p320_H1,0.8933636294482054,0.017983818007914577,0.0,0.0,0.0,0.0,0.0
p320_P2,8.699667595212708e-12,48.419732669923434,0.00028549976800827756,3.33355797907922e-05,1.3316399e-06,0.04728918277608193,0.011902337440932957
p320_SCT,3.932450046090813e-13,55.00189470021553,0.0,1.732650572872189e-05,0.0,0.08956925626390952,0.02239664569240956
p321_H1,0.11401308139567103,2.5046872031298553,0.0,0.0,0.0,0.0,0.0
p321_P2,0.1690163174190969,1.8960232744323156,0.0,0.0,0.0,0.0,0.0
p321_SCT,0.0002944381020858904,13.254268782674158,0.0,5.0360938409561055e-05,1.2106959e-06,0.05864113543558576,0.014673176767480707
p322_H1,1.566833109196068e-28,135.75181219040897,0.000494775485054943,0.0006828016210026331,0.0013931986,0.0038540008413648404,0.0016061941412891078
p322_P2,2.5733523617237625e-32,157.11180799659383,0.0013858607680306831,0.0006529173189418939,0.0,0.07998325313443297,0.020505507805351385
p322_SCT,2.3470422405932033e-32,157.3407219269608,0.01015583205412142,0.0002347697944301132,0.014115587,0.20759259931758225,0.05802469701075075
p323_H1,8.113815927287769e-10,38.924814997582125,1.6810670753831635e-05,0.0005569330802915874,0.00053660426,0.22135477379857843,0.05561628045254599
p323_P2,0.0006599577658453093,11.716307359700181,0.0,0.0001787346023403618,1.1672441e-06,0.13599406168595957,0.034043490883108984
p323_SCT,0.0031510116027173864,8.785940355123584,0.0,0.00022879881389470397,0.0,0.1647526772863512,0.04124536902506148
p324_H1,1.197223756693692e-06,24.050973804943222,0.0,0.00014115240670399372,6.538445e-06,0.08555132989544145,0.021424755186830683
p324_P2,0.18539565816429812,1.7576965967351292,0.0,0.0,0.0,0.0,0.0
p324_SCT,0.00010065217118863663,15.320975046035116,5.329052306662213e-05,5.232801287243568e-05,3.6406243e-06,0.04484366559959372,0.011238231189958146
p325_H1,0.12824717063367694,2.3197300933876965,0.0,0.0,0.0,0.0,0.0
p325_P2,9.315559796588677e-06,19.974587969376085,9.685074584274691e-05,0.0008879657502224344,7.740044e-05,0.017116700377354716,0.0045447293274966435
p325_SCT,0.01442716700176205,6.018634327315896,0.005458618648729624,0.001868230540467743,0.0076381746,0.15253809388587122,0.0418757794124727
p326_H1,7.274646765222505e-05,15.950407600427361,0.0,6.732705744483505e-06,1.0763939e-05,0.02820282088172891,0.007055079381597618
p326_P2,6.869593587851888e-19,84.04611694667713,0.0,7.794272729733598e-06,5.0368167e-06,0.012725969382164836,0.0031847001178921335
p326_SCT,4.103190074105863e-12,50.009911532843546,0.0,4.679946658070735e-06,0.0,0.05069164216723261,0.012674080528472671
p327_H1,4.30824005958244e-09,35.475417829111194,0.0,7.265216234249849e-05,6.0712323e-06,0.036019395231592116,0.009024529656556658
p327_P2,5.925071038189644e-11,44.38178439342658,0.0,1.1023170771224735e-05,6.690113e-05,0.013352122419980019,0.0033575116796543117
p327_SCT,1.1945415495809287e-15,67.53107832995514,0.0,8.701006610682969e-06,0.0,0.09889775921555574,0.024726615055541606
p328_H1,0.00043084467370814575,12.52701998991401,0.0,1.0692739556553352e-05,1.8735167e-07,0.09176939885095221,0.022945069735545623
p328_P2,4.1914326410936e-26,122.37115581691353,0.0,1.0360280250132924e-05,1.821671e-07,0.0378621921160838,0.009468183640858278
p328_SCT,7.560002438796838e-22,99.50196735473182,0.0,4.140448581221448e-05,0.0001159478,0.14048509250876887,0.03516061119811889
p329_H1,6.544203519102606e-07,25.260966327670324,3.17934758859948e-05,0.00028798450794140706,5.5683955e-05,0.1844617419703972,0.046209300977305454
p329_P2,7.780767394113778e-06,20.330070851244155,0.0003446488571652105,0.00016406786897903275,0.0032210152,0.002773870224983811,0.001625900541046363
p329_SCT,0.48019867815496264,0.4990090766460173,0.0,0.0,0.0,0.0,0.0
p330_H1,4.335683899502555e-11,45.0370000242119,0.0,0.00040345709978913894,0.0001147476,0.2247354093587532,0.05631340351453113
p330_P2,0.00018903048065980213,14.10476886224583,0.0,0.0003413842860771764,3.124412e-06,0.09739792855566012,0.024435609313417508
p330_SCT,0.0009070181156504073,11.11466235606031,0.0,0.00013692878566948357,0.00011091633,0.17864033382186134,0.044722044733803985
p331_H1,0.16943806830776875,1.8922703501275768,0.0,0.0,0.0,0.0,0.0
p331_P2,0.2731790706095312,1.2028271165478146,0.0,0.0,0.0,0.0,0.0
p331_SCT,0.4504032588291116,0.5703516452776649,0.0,0.0,0.0,0.0,0.0
p332_H1,0.0001295379287023394,14.83318839686086,2.8762009719494294e-06,0.0002957393883425182,7.58479e-05,0.10954023190509517,0.02747867384860414
p332_P2,1.7802682643409953e-06,23.258521614650686,0.0004610571376931246,0.0003877550670029137,0.00029717645,0.01302050628336754,0.0035416237339983485
p332_SCT,0.5177317509979946,0.4188838729960336,0.0,0.0,0.0,0.0,0.0
p333_H1,0.00015204601570884913,14.52406867892372,0.0,0.00035424058684162084,0.00019784398,0.08564453037305311,0.02154915373577052
p333_P2,6.375446427029604e-08,29.964109504763115,0.0,0.00020374339723093458,8.943443e-06,0.04448139980200147,0.011173521660655678
p333_SCT,1.5204233819196647e-05,19.009585064618552,0.0,8.005642135492582e-05,0.00010819129,0.20073560770156237,0.05023096385382525
p334_H1,1.0400384716508713e-33,165.13142207443204,0.0,4.833294547411706e-05,1.6307716e-06,0.18163705294942403,0.045421754166633306
p334_P2,0.64984121452022,0.20629903631474877,0.0,0.0,0.0,0.0,0.0
p334_SCT,1.2076523747622378e-11,47.72722173416455,2.5104750940967387e-07,5.721228042667293e-05,9.609283e-05,0.1660768907083222,0.04155761171658028
p335_H1,2.533591918397084e-12,51.03253140010778,0.0,7.400692334748033e-05,3.6545844e-05,0.08571295236360231,0.02145587628264084
p335_P2,1.975588805660496e-06,23.050913666657262,0.0,0.0003015904566978907,0.0,0.08850907627475796,0.022202666682863963
p335_SCT,1.0241877044457828e-06,24.363283531272273,0.0,0.0002962462941273441,0.0,0.15069843389282825,0.037748670046738896
p336_H1,0.4365494860708645,0.606112429502523,0.0,0.0,0.0,0.0,0.0
p336_P2,0.26438314062564977,1.2478966710081216,0.0,0.0,0.0,0.0,0.0
p336_SCT,9.179693946787113e-10,38.66893940242424,0.0,0.000286531549967237,0.0,0.08546098528618176,0.02143687920903725
p337_H1,0.6067212825151669,0.2652449567767257,0.0,0.0,0.0,0.0,0.0
p337_P2,0.026524018512123552,4.944887918509223,0.0,0.00014503184774885321,5.274346e-06,0.010375579568017384,0.002631471440497058
p337_SCT,0.03873253533796958,4.290609109173947,0.0,0.00012039451234375225,0.0,0.1297881542788764,0.03247713719780504
p338_H1,0.0021654157789610376,9.482359053395328,0.0011768106040240102,0.0008317775382396412,0.0004051982,0.018428218537371657,0.005210501218896126
p338_P2,0.11532655196700536,2.4865747815335304,0.0,0.0,0.0,0.0,0.0
p338_SCT,0.0010084247658734902,10.914721208630144,0.0,0.0003489778902081948,5.4079532e-08,0.20237742304807602,0.05068161375445404
p339_H1,4.75118981848434e-24,111.23852793977404,0.0,0.0002050234071518677,5.414739e-07,0.02970204112633467,0.007476901501852503
p339_P2,1.9303129492601073e-44,229.77956990038913,0.0,0.00010830850278261465,4.5702134e-05,0.04639219797009789,0.011636552151777611
p339_SCT,0.18035214406207664,1.7987329065040158,0.0,0.0,0.0,0.0,0.0
p340_H1,0.03023036810860295,4.717581272226777,4.5552158518649215e-06,0.00022561048175057105,2.287983e-06,0.03968760945924745,0.009980015784982333
p340_P2,0.09466461707426534,2.801688716923588,0.0,0.0,0.0,0.0,0.0
p340_SCT,0.5226099456006312,0.4091998320635909,0.0,0.0,0.0,0.0,0.0
p341_H1,2.07389826056083e-05,18.39986889041929,0.0,0.00013722883057998666,5.7026097e-07,0.05846610612702517,0.01465097630464268
p341_P2,0.027861646245268618,4.859232670477364,0.0,0.00027148445931676285,0.00073642575,0.001412540448121397,0.0006051126636504384
p341_SCT,0.2066935412489677,1.597744938884373,0.0,0.0,0.0,0.0,0.0
p342_H1,4.6483649005876654e-08,30.606609598530433,0.0,4.032853582046708e-05,1.1713912e-05,0.11053746188581219,0.027647376083305676
p342_P2,0.003039355566604292,8.852713805594057,0.0,0.00019490320371162118,6.3853e-08,0.022502677122010043,0.005674411044680693
p342_SCT,0.001172372988294646,10.631051355181468,0.0,6.94736452267494e-05,1.5966874e-08,0.08347718885117478,0.020886669615818892
p343_H1,0.28221046175121456,1.1584085017134496,0.0,0.0,0.0,0.0,0.0
p343_P2,0.036624286504309315,4.38658387757919,0.0,2.821415144753507e-05,9.746972e-06,0.013854936569616848,0.0034732244232548166
p343_SCT,0.13784438862983386,2.2075012085220096,0.0,0.0,0.0,0.0,0.0
p344_H1,6.849279332473296e-10,39.27627535324223,0.004691089426288501,0.0015442464298894328,0.00089423935,0.0901373001978525,0.024316718850248213
p344_P2,0.2008746208728727,1.639454000152312,0.0,0.0,0.0,0.0,0.0
p344_SCT,0.7555554524942741,0.09700666731425675,0.0,0.0,0.0,0.0,0.0
p345_H1,1.7634627183419186e-21,97.5606161766109,0.0,0.0001571675955017544,2.2099268e-05,0.09481342184713604,0.023748172177629586
p345_P2,5.243553976985188e-06,21.11089107808649,5.6852564453374e-05,0.0002568614465729195,7.2568446e-06,0.026680473142241392,0.006750360999462678
p345_SCT,0.013057978474050274,6.19662559925479,6.859449636456818e-05,9.047154485587894e-05,1.6276972e-05,0.11981531880818214,0.029997665455355423
p346_H1,2.6309739156499705e-05,17.933559440653497,0.0,5.0666470746882893e-05,0.0,0.020052035485862842,0.0050256754891524315
p346_P2,1.5789171723194666e-05,18.935365972646732,0.0,9.698346456916378e-06,0.0,0.0016065544134528538,0.00040406318997744255
p346_SCT,3.196306301959969e-06,22.09316681782922,0.0,1.703049983277448e-05,1.6197384e-07,0.18444765103964228,0.046116210878329796
p347_H1,0.005540249555124125,7.747766972619679,0.0,0.000819571080773456,6.447485e-05,0.011688643724874754,0.0031431724140771
p347_P2,0.5082144662479005,0.4382447685763889,0.0,0.0,0.0,0.0,0.0
p347_SCT,2.9605113535729648e-05,17.702597762857508,0.0001889200709892685,6.448544700458802e-05,5.6195473e-05,0.03800419895150173,0.009578449985625744
p348_H1,1.6048838502651539e-06,23.465484369104093,0.003498322720133645,0.000958389157838091,0.0023571912,0.1937566866057594,0.05014264741427272
p348_P2,0.06443930602613747,3.431376124345919,0.0,0.000351223562438891,4.940942e-07,0.0024224845235624147,0.0006935505450490493
p348_SCT,3.44330446076564e-05,17.40724716078377,9.1766067194377e-06,0.00023346788477245547,5.5333326e-06,0.026633339829425617,0.006720379413371635
p349_H1,0.38178367091631626,0.7660300766660283,0.0,0.0,0.0,0.0,0.0
p349_P2,0.9032751098732908,0.014780332655516972,0.0,0.0,0.0,0.0,0.0
p349_SCT,0.018450403406708726,5.58204491470622,3.818198996884241e-05,0.0001553112883583612,1.0282802e-05,0.014860324067980046,0.0037660250369937944
p350_H1,2.5016531262052232e-20,91.5175135753027,0.0008189798276088561,0.00010559938379562567,0.00014835845,0.0814335507097933,0.02062662209260531
p350_P2,3.534053715548224e-14,60.17719634625579,0.0,5.4486263462067924e-05,0.0007891675,0.034031437700183596,0.008718772859883078
p350_SCT,0.02471341629312407,5.06829101472935,0.0,4.196245778001908e-05,0.00026540502,0.04287767636349501,0.010796260959964027
p351_H1,0.9474242909776737,0.0043517891148301515,0.0,0.0,0.0,0.0,0.0
p351_P2,0.9837704923634084,0.0004141307627774669,0.0,0.0,0.0,0.0,0.0
p351_SCT,0.7547384591856934,0.09767778941892452,0.0,0.0,0.0,0.0,0.0
p352_H1,0.4653039006837354,0.5337594914416651,0.0,0.0,0.0,0.0,0.0
p352_P2,0.8461813082217103,0.03766451461475364,0.0,0.0,0.0,0.0,0.0
p352_SCT,0.021519539674361092,5.310839875499977,0.0,6.716754547480372e-05,1.2426466e-05,0.01322572796644589,0.003326330494512196
p353_H1,0.6864393248187197,0.16311858227077553,0.0,0.0,0.0,0.0,0.0
p353_P2,0.7597833370097603,0.09357412582767506,0.0,0.0,0.0,0.0,0.0
p353_SCT,0.7889453776807263,0.07171412930045235,0.0,0.0,0.0,0.0,0.0
p354_H1,8.583101367383912e-11,43.60536551895084,0.0,5.26517610464034e-05,2.9728071e-05,0.14650840680542837,0.036647696659428755
p354_P2,3.198964667219473e-07,26.70023071718081,0.0,0.0001500145674959446,6.5987174e-06,0.021731495412025556,0.0054720271742281675
p354_SCT,0.000795242095364991,11.36318357918499,0.0,5.539789602263495e-05,1.6347427e-08,0.0724763446901385,0.018132939733396913
