,R2,MAE,MSE,RMSE,MAPE
xgb,0.8463045418262481,7.986024403347864,141.44696120268995,11.832602891940029,0.014888622594908776
rf,0.8459183603591794,8.114431559724666,142.50550129301584,11.892702835651932,0.015113200782819464
gbr,0.8396185203214944,8.806389022037688,148.3239961148007,12.123982802913062,0.016405794266522992
