feature,p_value,score,gbr
p1_GAP,0.0011826785531980494,10.703590961903302,0.006213124830731814
p1_L,1.980826245249184e-09,38.095556958960884,0.0017509722665424526
p1_M,9.629336213583333e-06,20.209623696636555,0.0016626506207274721
p1_VITYNPREGFSQ,0.000548544700575261,12.181147965065959,0.002343658469037962
p2_E,0.006254847225752643,7.572558408844519,0.003984560705471765
p2_G,0.2461318508917963,1.349933938275929,0.0
p2_GAP,0.06802133817480509,3.3521567236042804,0.0
p2_L,0.10324197869591066,2.6695418609194657,0.0
p2_N,0.8117463716624209,0.05681789377323846,0.0
p2_R,2.499249557126732e-06,22.96675857774381,0.0012185859104915078
p3_GAP,0.00028192925265506494,13.475436916243739,0.0020266038224388758
p3_LTIYVSM,0.05723857718019066,3.641138755254963,0.0
p3_P,0.00025219880393744827,13.693323660064978,0.005200693476164938
p4_G,3.782935197297098e-17,79.234340975871,0.0062852540237829
p4_GAP,0.22450971121730054,1.4808761365025178,0.0
p4_H,0.021607353061773152,5.327823133015494,0.0
p4_INYTARC,0.5946986563659886,0.28361866675697567,0.0
p4_L,0.1855857001031008,1.7596701949874378,0.0
p4_M,0.3865749611035054,0.7516856121745491,0.0
p4_Q,0.0027866325913953956,9.078733400435375,0.002573907322411374
p4_S,0.00033877607663164775,13.117027430116181,0.0006542313265036421
p4_V,0.7390587005733862,0.11114321511486282,0.0
p5_F,0.0012772026416804168,10.556755684295913,0.0007326691689155722
p5_GAP,0.11884446629133867,2.4452230125302594,0.0
p5_M,0.4637944450216346,0.5379775027779651,0.0
p5_PLVYSIQHG,0.48645535233134485,0.4854514212192475,0.0
p5_T,0.9633795422687423,0.0021112222325023865,0.0
p6_E,0.488284392453027,0.4813868133157715,0.0
p6_F,0.1855548230523297,1.7599179720766631,0.0
p6_GAP,0.138563841720307,2.2045239075553567,0.0
p6_R,1.0655730618622942e-26,137.0479765603092,0.004833521923828217
p6_VLSDIMTGHPQ,0.1671521723336994,1.916763337435103,0.0
p6_Y,0.2335942587974235,1.4240713467350425,0.0
p7_GAP,0.23458688827061958,1.418026861781839,0.0
p7_L,0.012219112528981039,6.3488103239934865,0.0028694200106020775
p7_M,0.03570405870999014,4.447680545317787,0.002866532868873429
p7_SEQIFRDTN,0.00013787504207788824,14.879644533467728,0.009032359588453193
p7_V,0.021567290718642666,5.3311115983865,0.007686864008676305
p7_Y,0.000954947654655865,11.113061007964616,0.0007942093379203815
p8_E,0.001436635063440451,10.332506518812373,0.005039802854047002
p8_G,0.21807001042159949,1.5228465557519337,0.0
p8_GAP,0.323866254307011,0.9761942756231539,0.0
p8_S,0.008885257836335071,6.928077378637834,0.0016293221457000953
p8_TVYNPQRDMF,0.9010680704830155,0.015477395956459401,0.0
p9_D,2.8201547878468277e-06,22.718410316434216,0.00046189978329369975
p9_G,0.2139694884346773,1.5503527589603665,0.0
p9_GAP,0.49803806014832985,0.46013425218418036,0.0
p9_K,0.2610480773027932,1.267546359397969,0.0
p9_R,0.09222439328113058,2.8517085283472166,0.0
p9_S,0.8625357819601687,0.03002689432970207,0.0
p9_TEQPHINWVY,0.04592529849823398,4.014683494419245,0.004752650833062269
p10_D,0.051931726975641405,3.805548429111786,0.0011942485469233423
p10_E,0.6368210051585144,0.2233387291577642,0.0
p10_G,1.2654907034165564e-05,19.655461141941487,0.0014920149165140988
p10_GAP,0.23127009570530313,1.4383466767153925,0.0
p10_H,0.5994298940335573,0.2763921630552869,0.0
p10_K,8.860764603632272e-10,39.85229578347995,2.4446774598239025e-05
p10_P,1.9000827770573422e-14,64.28730187211245,0.0005667853839391699
p10_Q,8.757833932864321e-07,25.13387144400377,0.004318780999718299
p10_R,3.9285747762531e-05,17.374421931602,0.0005405824283337072
p10_S,0.24133510387304213,1.3777421916623558,0.0
p11_GAP,3.500692089569653e-09,36.85821669476653,0.004585805757262192
p11_GYEN,0.10002232861099647,2.72048506392436,0.0
p11_I,8.367956665116672e-08,30.05704571158283,0.0012982326019121118
p11_M,0.08481713416829842,2.988091689746169,0.0
p11_Q,0.7492596933841554,0.1023254496618791,0.0
p11_R,0.024176702154294297,5.129202698601773,0.0003048435753553142
p11_S,0.09748470797843964,2.761921384518795,0.0
p11_T,0.041042392664854536,4.207279989539664,0.0018769643051770519
p11_V,0.17948191660693105,1.8096064964222403,0.0
p12_E,0.006943260211685066,7.380211981090787,7.517365914051858e-05
p12_G,0.008927549381408282,6.919403061452692,0.0019888250841599026
p12_GAP,0.6720472216899444,0.17953827698233837,0.0
p12_H,0.7712254651492814,0.08468802137431043,0.0
p12_K,5.320791776163724e-05,16.768312111526775,0.0006419297613304434
p12_N,0.5580275373167081,0.34383230359485184,0.0
p12_P,0.040327996627099086,4.237475607011842,0.004420378876169668
p12_R,1.0302157438796865e-13,60.327469109771364,0.0014786602745825688
p12_SQVLWFMIY,0.5508655005492991,0.35650299567998445,0.0
p13_G,0.06424149409471815,3.4474918760707425,0.0
p13_GAP,0.16115730596741673,1.9722053023927744,0.0
p13_H,0.02793165636700803,4.875392037560178,0.0
p13_L,3.0162888751256776e-19,91.26322677722435,0.0016029149272086434
p13_M,1.334922488329761e-06,24.26035996395938,0.0020340282626757013
p13_NFVTRYDKE,0.7555224252258272,0.09711053968766241,0.0
p13_P,0.0030909334980342837,8.884115847338498,0.00032078207277999425
p13_S,0.016605739438958118,5.796760322371487,0.009100865539958109
p14_F,6.110449394392324e-07,25.882327280046567,0.002584471947257597
p14_GAP,0.3609421363628832,0.8369444293224463,0.0
p14_IWVNQPTAS,0.005783945003894159,7.7170894582660505,0.001640216434042213
p14_L,1.3220677572061445e-21,105.22610022956839,0.01665745650544524
p14_M,0.006964726941386198,7.374533514268171,0.004723853522131316
p14_Y,9.859919018700006e-17,76.89288923579342,0.009237634519765564
p15_G,0.6772943817966123,0.17349661248726211,0.0
p15_GAP,0.4790839200021294,0.5020924338419589,0.0
p16_G,7.191104458432858e-14,61.16593874185034,0.008219231644241865
p16_GAP,0.35987127315728873,0.840689456416461,0.0
p16_K,4.2305944096511594e-11,46.58624422371808,0.0015143666476880985
p16_L,0.04021622592837976,4.242250865146359,0.001139598169453787
p16_MRFIAC,0.06547773839112442,3.415663512544629,0.0
p16_N,7.14676811482154e-26,131.72579367811488,0.01768343953838194
p16_Q,1.1252744314489558e-09,39.329366221817764,0.0008456400220853771
p16_S,0.008721404614578761,6.962090897532509,0.0001310053595937289
p16_T,0.0002695716918245182,13.56303346485639,0.0030886958967195574
p17_GAP,0.35987127315728873,0.840689456416461,0.0
p17_I,0.005940327627651319,7.667793766879382,0.0019397446784704484
p17_L,1.0100614936819654e-05,20.112604439937638,4.6365066919262646e-05
p17_S,0.050043732416891556,3.8683931422024105,0.0
p17_T,0.36687594912125543,0.8164681353874688,0.0
p17_V,0.0008519743355036548,11.332108277719975,0.01783285762194243
p17_Y,0.030615972919803315,4.7149342038716435,0.0017849385322638413
p18_GAP,0.35987127315728873,0.840689456416461,0.0
p18_L,2.17340957647497e-16,74.97177289712423,0.015553650515309625
p18_P,0.0007534547417762803,11.568484348176275,0.008893992809498798
p18_T,0.012352403257873453,6.329186885978039,0.0021976077998447554
p19_D,0.24184210414688398,1.3747711334139174,0.0
p19_E,0.037862780105705554,4.346182468772922,0.005621399253346878
p19_G,3.477728246518221e-10,41.907400377440865,0.004078405846062437
p19_GAP,0.35987127315728873,0.840689456416461,0.0
p19_I,0.9310768107118153,0.007492003155584726,0.0
p19_KNQM,0.5725652100129921,0.3190480634058701,0.0
p19_P,4.633101752032698e-09,36.25112377626616,0.0031325832413280253
p19_S,0.0005020153384302817,12.352778393470837,0.0007062706782534485
p19_T,0.064288448857448,3.446271023984493,0.0
p20_D,2.928685767803219e-07,27.418668662106246,0.007051473261394152
p20_E,0.037885224481556005,4.345159463334323,0.0012911955150688326
p20_GAP,0.5205294349951861,0.4137319293475471,0.0
p20_NHVQPT,0.39107969414347665,0.7375263266814959,0.0
p20_S,0.02213526960826504,5.285073118746645,0.0025128889169810545
p20_Y,0.9821517397984126,0.0005012385387556386,0.0
p21_E,6.447029404702644e-29,151.64470318251693,0.0027109575943838372
p21_F,0.9310768107118153,0.007492003155584726,0.0
p21_GAP,0.2967098992226323,1.0923885124862058,0.0
p21_H,0.0020100678412324,9.694891721621564,0.00031238915717038927
p21_I,0.02263869144046611,5.245284162474298,0.0039049183581245047
p21_M,2.122850974541701e-32,175.50717181368674,0.020115367702925165
p21_T,0.050043732416891556,3.8683931422024105,0.0
p21_VLQS,0.3980802195671438,0.7159815419360265,0.0
p21_Y,0.38994571554665103,0.7410685634504538,0.0
p22_GAP,0.6625722136906543,0.1907589399182924,0.0
p22_ISRHVEY,0.3153732470197393,1.0111216727325705,0.0
p22_K,0.2857465932220853,1.143268465858416,0.0
p22_L,0.9723766059115406,0.0012009041332224665,0.0
p22_M,0.17391208080754123,1.856925450536969,0.0
p22_Q,0.05054500609112208,3.8514649990527188,0.0038815317056252693
p23_D,0.02332185037267129,5.192738832739007,0.0009228668898134054
p23_E,5.833301835104073e-07,25.979011785668476,0.003109264507378488
p23_GAP,0.9494168917726301,0.004030658779604464,0.0
p23_H,1.6355569736672714e-20,98.69885446860226,0.005455954601934388
p23_I,5.859508028879691e-08,30.812379601227747,0.0003456946865938291
p23_N,0.9310768107118153,0.007492003155584726,0.0
p23_P,0.014387700281157644,6.05406284211147,0.0027008487625242114
p23_RGFSKWQC,0.004581806284267157,8.149011137478896,0.002615864335821074
p23_V,0.0011471111297417054,10.761957765675692,0.0018490193459873333
p23_Y,0.011422115533647983,6.470963334879834,0.04398188021900766
p24_F,0.29632986197129424,1.094111685415385,0.0
p24_G,0.050043732416891556,3.8683931422024105,0.0
p24_GAP,0.9494168917726301,0.004030658779604464,0.0
p24_H,1.2291110874941748e-32,177.17660772186144,0.006547246440289619
p24_KYVISR,0.0343128517258544,4.516572662995714,0.005729745178221965
p24_L,2.67839943494321e-11,47.610573970175544,0.009150307608046176
p24_M,0.005065576975170675,7.962632270307214,0.0006416006068010718
p25_M,0.04642793034730687,3.99610008209479,0.00033694918482258585
p25_N,0.9310768107118153,0.007492003155584726,0.0
p25_V,0.34130209825970126,0.9081622942959049,0.0
p26_F,0.050043732416891556,3.8683931422024105,0.0
p26_G,0.9310768107118153,0.007492003155584726,0.0
p26_H,0.5162027404812566,0.4223853015764002,0.0
p26_N,0.5021617436818506,0.4513590658336563,0.0
p26_P,2.648104599405269e-55,365.3248942332079,0.37017385445453704
p26_S,0.7443194903246675,0.10654540704572298,0.0
p27_D,0.17778762890387048,1.8238183959231917,0.0
p27_E,1.406681838718161e-20,99.08715216169853,0.003330012031418977
p27_HQTLVFKIR,0.4676507283235398,0.5287481640280844,0.0
p27_N,0.8316035236810038,0.04528997322223522,0.0
p27_P,6.448786146804985e-11,45.644482290700275,0.0022481952273104636
p27_S,0.008774175124609332,6.95106523299585,0.0005839906497967543
p28_H,0.03820625732320976,4.330596380728638,0.007933419348359042
p28_V,0.21385666396013744,1.5511184615040043,0.0
p28_Y,0.0918402845699404,2.858482787412709,0.0
p29_Y,0.9310768107118153,0.007492003155584726,0.0
p30_I,0.9310768107118153,0.007492003155584726,0.0
p30_KHSAFQTMG,0.7441638792313563,0.10667986362540571,0.0
p30_L,3.615850498196308e-57,383.6373615858911,0.37924892436911334
p30_N,0.7393976545158665,0.11084372647670722,0.0
p30_R,0.03251413185175886,4.610127067386024,0.04760611424749442
p30_Y,1.8739895349198614e-37,212.29734916800794,0.010510797552720276
p31_G,0.0899511108373765,2.8922568774776227,0.0
p31_GAP,0.3427892235765061,0.9025762472939213,0.0
p31_K,0.6716369184940704,0.18001584796547812,0.0
p31_N,0.8097442559935822,0.058056715294842194,0.0
p31_Q,6.411117635821735e-27,138.47940691323944,0.0009692455038086105
p31_REIHLF,0.8811009422781853,0.022407087159702483,0.0
p31_S,6.522784235329131e-10,40.52391561786199,0.0012396057515819282
p31_T,2.2172332289936975e-07,28.00247156368433,0.0015389091066445066
p31_V,8.26215498953292e-15,66.25421911350062,7.008772710933114e-06
p32_GAP,0.27523916908562424,1.1944211248184322,0.0
p32_Y,1.4851666296819282e-14,64.86807517194453,0.021570253436682518
p33_GAP,0.38798579304214087,0.7472257786442378,0.0
p33_N,0.9208327273923955,0.009892515581017829,0.0
p33_P,0.000216400978760107,13.993174170466638,0.04042946989521215
p33_R,0.020834800678124897,5.392383847438719,0.0007570867194519583
p34_E,1.1264423724052494e-30,163.5414288452246,0.009026942431104317
p34_GAP,0.38798579304214087,0.7472257786442378,0.0
p34_P,1.6309845282947302e-45,276.67038509715405,0.15611319083373257
p34_QSDV,0.14780032541303226,2.1046953836860864,0.0
p35_F,0.9310768107118153,0.007492003155584726,0.0
p35_GAP,0.4223148218287214,0.6454760704562795,0.0
p35_L,6.089589710501912e-06,21.142348744531915,0.002629940506612065
p35_M,7.488834076923868e-30,157.9360123845542,0.07895755096255487
p35_P,1.3555466696346016e-59,408.19116374930314,0.4433890706390049
p35_V,0.5631456442382561,0.33496567919154213,0.0
p36_E,0.028210268700301334,4.858003064150583,0.0001715688924448318
p36_GAP,0.4068678127184998,0.6897025591076724,0.0
p36_GKHAL,0.6323235699640404,0.22935104270307619,0.0
p36_N,3.9974006267849826e-18,84.78380445685536,0.06067840849736693
p36_P,1.9769689046788324e-17,80.82858491463783,0.00042114395683034495
p36_S,0.7735238289757972,0.08294720114325017,0.0
p36_T,0.9310768107118153,0.007492003155584726,0.0
p37_ESDYRLH,0.0037833595195964896,8.50579102309645,0.0014316312887922998
p37_GAP,0.4068678127184998,0.6897025591076724,0.0
p37_I,0.04421760479427853,4.079468431761799,0.001335769243049321
p37_K,0.06048457268659236,3.548401375616981,0.0
p37_P,1.0396193215845604e-16,76.7638593988291,0.005507958391754706
p37_T,0.021902311234851184,5.303805498254649,0.00011459120647876128
p38_F,0.010757320728249335,6.579781284640465,0.0035440072427414134
p38_GAP,0.47290668488255894,0.5163643757166952,0.0
p38_I,0.6155696998764578,0.2526240471752746,0.0
p38_L,5.718731276618631e-26,132.34594013948185,0.021119554514827964
p38_M,0.0011645345651725824,10.733138982586183,0.0024294541375952617
p38_S,1.2548387375828e-38,221.22645677539936,0.03881162166032676
p38_T,0.6594370640835469,0.1945609948024741,0.0
p38_Y,0.09016775686680122,2.8883446742304084,0.0
p39_D,0.9310768107118153,0.007492003155584726,0.0
p39_GAP,0.3965017517352001,0.7207914077342445,0.0
p39_L,1.557588437286538e-20,98.82462717269007,0.008371554090183446
p39_M,0.018394732704167503,5.6139615236782365,0.0014807951254953862
p39_VSITFH,0.0019608826220807547,9.741784144293005,0.0026572648472451676
p39_W,2.450141666593045e-37,211.42002154580638,0.12915982716792002
p39_Y,0.01998361853889152,5.466463607040995,0.005033102908402523
p40_F,0.07716833006270844,3.1432203607312803,0.0
p40_H,0.01798265181645836,5.654380098971242,0.0025435396913734555
p40_NSQLC,0.04007722132353636,4.248209224887677,0.004874850565774196
p40_Y,0.0018971481968819933,9.804363548181385,0.00037022558747993006
p41_FPQMVH,0.6522820162627846,0.20340680757415136,0.0
p41_G,1.3022658952147278e-26,136.48405803272794,0.011886783486289963
p41_I,0.038161163753095716,4.332634173143238,0.0022153491002707797
p41_K,0.5048400372174835,0.44572520632843254,0.0
p41_L,2.040175066595398e-07,28.177318006970236,0.0012128027121574311
p41_N,0.9310768107118153,0.007492003155584726,0.0
p41_R,0.06531558173210725,3.419801513817547,0.0
p41_S,0.006841929965008039,7.40726198656028,0.0014526536789411946
p41_T,2.4009707670640523e-12,53.06841125996621,0.0
p41_Y,1.9370293344225853e-08,33.172066459128715,0.007395946436045315
p42_C,0.4168052107235273,0.6609712128655092,0.0
p42_F,0.15042197971751134,2.077642623644317,0.0
p42_G,0.3851340737628314,0.7562645101845308,0.0
p42_I,5.596473280494411e-06,21.314682901568904,0.0022102516910152592
p42_L,0.12882014408287162,2.318301366165816,0.0
p42_M,0.00020547696962472717,14.09477314609478,0.0009144540897008029
p42_V,0.3755239626379151,0.7874387074690062,0.0
p43_F,0.02889036652556194,4.81629971580572,5.658365104940727e-05
p43_I,0.06424149409471815,3.4474918760707425,0.0
p43_L,0.3614209457149472,0.8352749008197967,0.0
p43_V,0.04155092098542385,4.186121876501455,2.4307043812733822e-05
p44_G,2.3442215505338784e-14,63.79286926607483,0.004695134799736642
p44_LFSMNCI,0.7884033792934162,0.0721476919190075,0.0
p44_T,0.7859715357511852,0.07385737430421424,0.0
p44_Y,0.02562483150733384,5.026738532114334,0.000630789679786532
p45_F,2.809526682440866e-33,181.71337911139807,0.03711223433918644
p45_I,0.8825605474025894,0.02185631185706081,0.0
p45_L,2.6761718989520847e-35,196.29105509101427,0.04168890714003146
p45_M,0.9721091310878993,0.0012242827884813587,0.0
p45_TCGS,0.17504828889480617,1.8471315768851164,0.0
p45_V,0.8851122555987296,0.020910252328816225,0.0
p46_F,0.21075507804398338,1.5723584323325743,0.0
p46_I,0.650897151362757,0.20514626807438757,0.0
p46_L,5.161114768025802e-34,186.97300865192688,0.10466981241252071
p46_MCQ,0.8695625727215486,0.027008404220941733,0.0
p46_T,3.5096457541905787e-13,57.483574216436864,6.669253715844955e-05
p46_V,2.7502403219485533e-05,18.089507387556658,0.0010189733828612072
p46_Y,0.7535431327543408,0.09874247127362996,0.0
p47_I,6.195595267777122e-36,200.9608133841314,0.030152836417779064
p47_L,0.9761290903585039,0.0008967017829193902,0.0
p47_M,0.004788917145696283,8.066862947723111,0.00010149788579187254
p47_TVHA,0.7566879613747508,0.09615653038664616,0.0
p47_Y,2.084709420779787e-40,235.04376569600115,0.012159746774636023
p48_C,2.225510857260641e-06,23.205500970224403,0.0006626644719668077
p48_F,0.16060907140546543,1.9773931516618752,0.0
p48_G,3.656252339118109e-09,36.76395567112527,0.001537694622622492
p48_I,8.174131420172629e-17,77.35005194015399,0.0032917515990584516
p48_L,0.23854145264913856,1.394250945549478,0.0
p48_S,0.9463933221513366,0.004527671644414207,0.0
p48_T,0.000658890288836182,11.826983431480956,0.002179312907347566
p48_VM,0.009092973741077563,6.885874824012568,0.0011761613658079417
p49_C,3.159740959683773e-08,32.126429930776936,6.510779583909658e-05
p49_F,4.688641408651446e-19,90.14971216265737,0.0028493258069994818
p49_I,0.06011036303749167,3.5588178477493178,0.0
p49_L,0.00639650771239389,7.531258085359296,0.009875176658110472
p49_M,0.3221896016367831,0.9829930455113773,0.0
p49_V,2.3720259658504905e-06,23.07425274448001,0.002065883727839285
p50_F,8.30135335863236e-28,144.2843822569434,0.019183517955176945
p50_I,0.0684362312462233,3.3420402660150286,0.0
p50_L,1.4184362047479916e-10,43.890861156380936,0.006723536728550319
p51_CSVWI,0.008263357597766217,7.060780674636998,0.0003204428922613286
p51_F,1.574427987661426e-07,28.722511199288768,0.002146062407096416
p51_G,5.153304079573087e-27,139.0961010119038,0.016498664961500473
p51_L,0.07651675419559965,3.157197787790753,0.0
p51_M,0.018024619224473088,5.650220027660512,0.0052332120159111865
p51_T,7.006336180466834e-32,171.8788287758482,0.06264933916869998
p52_C,0.1607952354199946,1.975629244219649,0.0
p52_F,0.798811388312512,0.06507195668998801,0.0
p52_I,4.562100876279328e-10,41.30961631184464,0.002684994901941918
p52_L,0.006336634354477914,7.548598156298258,0.015316246524941632
p52_M,0.5806910685331572,0.3057247466097888,0.0
p52_S,0.11492291704763559,2.498399793412268,0.0
p52_TN,0.22581899344178358,1.4725198416102834,0.0
p52_V,0.012686997945044038,6.280874719605012,0.009456113298356226
p53_F,0.42225722227317863,0.6456364966248924,0.0
p53_I,7.612511272920918e-11,45.27460279781567,0.0026188180590291845
p53_L,0.22798754657769124,1.4588070111254388,0.0
p53_M,2.226105946870915e-05,18.51480117573436,0.0028481762183426296
p53_S,0.008814518224862119,6.942682030299341,0.0006699922980749918
p53_T,2.477944843709839e-05,18.299101702444606,0.0009103060589032115
p53_V,0.6655289576380159,0.18721411760917353,0.0
p54_CNF,0.05823061361996678,3.612212678142005,0.0
p54_G,0.36094550680783166,0.8369326664390531,0.0
p54_S,6.493542804928829e-08,30.59438131421972,0.008430144109227556
p55_F,0.4212699272391728,0.6483914184790662,0.0
p55_I,0.006644139987477301,7.461267683072814,0.005937512032536538
p55_L,7.931608260289691e-14,60.93715462422477,0.007993509136495365
p55_M,0.0011849747713508845,10.699884420968896,0.0006483006648402882
p55_T,0.996608452135019,1.8095826645280922e-05,0.0
p55_V,0.00015683358874190545,14.625760535664197,0.0011950711991335287
p55_W,0.29783378009657,1.0873091708667781,0.0
p56_C,0.21225823285572573,1.5620185121629682,0.0
p56_F,0.2973582337584107,1.0894553685324637,0.0
p56_I,6.150221376266615e-08,30.7096154787513,0.0018366157329651393
p56_L,0.004279589099654447,8.275970664483904,0.023923288255137717
p56_MGW,0.18245293869461143,1.7850572491251486,0.0
p56_S,0.03511527494979706,4.4764864363767805,0.0002500624082481768
p56_T,1.0261878365707398e-08,34.53543375990529,0.0025140319588684273
p56_V,0.000977427536556252,11.068443354846607,0.0007920603801582888
p57_G,0.0856742401440882,2.9716605334905872,0.0
p57_L,0.9761290903585039,0.0008967017829193902,0.0
p59_F,0.00044516227300789416,12.585870807490098,0.0004642151785307508
p59_G,1.6771456814002124e-09,38.45813870986495,0.02654457760659657
p59_SCLPIT,0.3634446550633802,0.8282522378392652,0.0
p59_V,0.7308133402748819,0.11856752108892668,0.0
p60_F,0.1761240496805838,1.8379262700491585,0.0
p60_I,0.419345157836461,0.6537901298710741,0.0
p60_L,6.483626684507008e-41,239.0459687256487,0.013511518683726128
p60_M,1.2874857409350346e-21,105.29542927498743,0.0022025377919675246
p60_V,0.00011192404920263977,15.291432078050939,0.0005324859068885091
p61_V,0.009532657859980921,6.799724495850521,0.0005782600366462226
p62_L,0.00599555627888594,7.6507017571970035,0.002750317602728865
p62_M,0.016227621363913418,5.838007771479512,0.00042885401972890124
p62_V,0.0007584863580802913,11.55566964518224,0.002182267404324332
p63_L,0.0907438572264032,2.8779910754340103,0.0
p63_V,0.984642944103513,0.00037106475631617006,0.0
p63_W,5.1774869801873645e-18,84.14103404630269,0.0008085588635770675
p63_Y,3.3926704923296645e-28,146.84851046394184,0.0034293608930490763
p64_L,0.02023113235592272,5.444588836401919,0.016423927196047364
p64_T,0.050043732416891556,3.8683931422024105,0.0
p64_V,0.48507924980953465,0.48852624872512435,0.0
p65_M,0.005741505148426098,7.730703518237805,0.002187859178404155
p66_C,1.807556030306701e-05,18.934669842259908,0.0013871755735453462
p66_G,0.6948159185860261,0.15419142814238876,0.0
p66_I,0.9844509872929375,0.0003804002288498087,0.0
p66_L,0.5999410641648253,0.27561853038901885,0.0
p66_M,5.617199182123306e-08,30.902038952913614,0.007660141138913628
p66_S,1.5045111249859915e-06,24.013105261627132,0.0028445473361298304
p66_T,1.1264211806619828e-10,44.402682961532975,0.00034274492982949505
p66_VNFE,0.3938754136328283,0.7288559960094402,0.0
p67_C,0.2836578383448968,1.15324518918015,0.0
p67_GMV,0.2124013182670348,1.5610388012238976,0.0
p67_K,0.7498020366016147,0.10186790486805201,0.0
p67_N,0.03388082163219465,4.538565266883762,0.0008219227737755893
p67_R,0.32286360813135484,0.9802543561216722,0.0
p67_S,0.8826972333109745,0.021805092727493026,0.0
p67_T,0.30311823752109823,1.0637535447460515,0.0
p68_D,0.9100498482753256,0.012783161266196857,0.0
p68_E,0.050043732416891556,3.8683931422024105,0.0
p68_KCHRN,0.5565823445281384,0.3463641752291933,0.0
p68_S,3.0858926889112976e-05,17.858283855240824,0.0017633224743016092
p68_T,4.936007443294298e-21,101.79481263929141,0.00026545901362655004
p68_V,0.022160951607131857,5.283020580116536,0.0012463329280226606
p69_K,0.16704201703242308,1.9177613768829627,0.0
p69_R,0.5137207220916564,0.42740698746220657,0.0
p69_S,0.050043732416891556,3.8683931422024105,0.0
p70_CGRQYI,0.5255890340791844,0.4037726162823955,0.0
p70_K,0.6878171675507216,0.1617438850670954,0.0
p70_N,0.08729245373870248,2.941120075459369,0.0
p70_P,0.08392604014307867,3.0053667360737863,0.0
p70_S,6.869327347552192e-09,35.40013435380251,0.004378720521077369
p70_T,1.3506490075417394e-09,38.93050026218129,0.0035192389238620316
p71_L,0.06801390312551053,3.352338618712521,0.0
p72_K,1.4962902489835153e-14,64.85047141641387,0.005565168542383214
p72_Q,0.9744795228558388,0.0010249585355632353,0.0
p72_R,4.441440138115221e-15,67.72715135619532,0.0043431738293269
p73_T,0.07754934844102636,3.135105829604023,0.0
p74_P,3.0889756132599777e-16,74.12045007843687,0.0020862818588957563
p74_S,4.197725799977626e-13,57.07013021577894,0.010262296209325525
p75_G,0.08495676309336164,2.9854026661089508,0.0
p75_N,0.9640896043249648,0.002030088714597077,0.0
p75_R,0.050043732416891556,3.8683931422024105,0.0
p75_S,0.00017007649321920063,14.466233131533548,0.03005063606021206
p75_TML,0.24691529473064178,1.345455142553625,0.0
p76_N,0.050043732416887816,3.868393142202531,0.0
p77_I,0.5424580027753743,0.37177720368580885,0.0
p77_L,1.698805951826262e-07,28.562430996174783,0.0014887007386797078
p77_M,1.2947875655252596e-11,49.24598166516316,0.0012197456046640967
p77_TYVKH,0.18315405466491858,1.7793317386668608,0.0
p78_L,4.2835133079669614e-13,57.02344073358337,0.0021448474711872143
p79_Q,0.050043732416891556,3.8683931422024105,0.0
p79_V,4.4216540668917285e-07,26.556922438900628,0.0026519154968332997
p79_Y,0.9310768107118153,0.007492003155584726,0.0
p80_L,0.5417787842463542,0.3730303526093508,0.0
p80_MFAT,0.49939570459595206,0.45723159047956435,0.0
p80_V,0.6747534779383114,0.17640705378316376,0.0
p81_S,0.8896291475516428,0.019287935014257542,0.0
p82_M,0.050043732416891556,3.8683931422024105,0.0
p83_STV,0.9827794148355764,0.00046659862871641496,0.0
p84_I,3.2241711104293525e-11,47.19461185602488,0.008282655616176951
p84_L,0.3066946430688459,1.0481112655892972,0.0
p84_MCA,0.07756576434524026,3.1347571897642466,0.0
p84_V,1.143748513529004e-05,19.86043413633936,0.007224522335675795
p85_C,5.691089969402949e-33,179.53836924969036,0.017607729540988836
p85_F,6.37632001020706e-05,16.407708414018625,0.0024907511420552892
p85_G,0.8453286939714374,0.03811710516673717,0.0
p85_L,3.12804712439521e-11,47.26246186752818,0.003213275367683715
p85_S,8.380581230279746e-45,270.69543900545676,0.1756164914551419
p86_N,0.03806581557232843,4.336951351002835,0.000602847680304581
p87_IVTG,0.10574453594563721,2.6311366107773178,0.0
p87_L,0.19084331148443212,1.7181675901194198,0.0
p87_M,0.2001994415634525,1.6475249369965315,0.0
p87_S,0.06670984266119286,3.3845766614613653,0.0
p88_F,9.924676541605204e-07,24.874338017013397,4.9016539461838786e-05
p88_G,0.037735490221695825,4.351996397039688,0.002107537574179461
p88_I,1.0112377995968215e-12,55.04679632209315,0.0002336161588858001
p88_L,3.267376762363018e-20,96.92110997098128,0.032490050439527726
p88_M,0.00339769100601413,8.706808591883542,0.0008839564046001773
p88_T,0.9915743247241822,0.00011168775216180409,0.0
p88_V,0.00010986713204810667,15.328112480259225,0.0
p89_I,0.4956716690617803,0.4652257884666746,0.0
p89_M,0.041241481294770656,4.198963808720929,0.006698676639281735
p89_V,0.13263281271109398,2.2726661529738696,0.0
p90_C,0.7853315528819513,0.07431088192656603,0.0
p90_ITFQ,0.8316035236810038,0.04528997322223522,0.0
p90_L,0.46077605443039593,0.5452875238682027,0.0
p90_M,0.9831073889817233,0.00044899205424411425,0.0
p90_V,0.8666430270022333,0.02824258689315058,0.0
p91_C,0.1301373423879682,2.3023662742718822,0.0
p91_F,1.020658337481859e-06,24.816258136999267,0.002081529066829022
p91_I,0.02347903009986089,5.18087630594191,0.024748083337101785
p91_L,6.409286284912418e-06,21.037993913660745,0.002081854335053816
p91_MGSH,0.12085233221082503,2.4187451307980243,0.0
p91_T,0.005666289951441484,7.755086875494869,0.0005246359603276676
p91_V,0.45377453698678805,0.5625402959494488,0.0
p92_C,4.652793839121983e-14,62.18400424091775,0.0033500883749969417
p92_E,0.12603678022710813,2.352581364591736,0.0
p92_F,0.000986285376339599,11.051148400372766,8.01854305320296e-06
p92_G,0.7547936410422648,0.09770968732292394,0.0
p92_K,1.410903978009403e-76,605.5713927220031,0.5984139973722773
p92_MVIDL,0.002534418848830562,9.25725531291217,0.0010813740529145419
p92_N,0.32703577907239123,0.9634685304772965,0.0
p92_P,0.050043732416891556,3.8683931422024105,0.0
p92_S,0.310186019821066,1.0330680428381935,0.0
p92_T,7.035662316314859e-06,20.847956005855682,0.006050584033574944
p93_F,0.050043732416891556,3.8683931422024105,0.0
p93_GCILESV,0.07968841360130888,3.09033629358294,0.0
p93_M,1.0642680291787542e-24,124.27976917710843,0.041179213680848446
p93_N,0.4039679823629181,0.6982820964558727,0.0
p93_Q,0.36670440647581815,0.8170536200144274,0.0
p93_T,2.391172611571649e-22,109.72240401560487,0.06066408092475846
p94_C,0.0018361138887182376,9.866333690873123,0.001220539826447271
p94_F,0.005657332926538783,7.7580126663281685,0.0007152380586875027
p94_GAP,1.864462236625181e-52,338.2683487684416,0.02279225207845877
p94_M,0.009229212317285598,6.858730114405976,0.005817456319549707
p94_S,4.4650257871731654e-07,26.53653976982728,0.001709543261527377
p94_T,0.7859715357511852,0.07385737430421424,0.0
p94_YIVHLG,0.5239071785002393,0.40706422277850607,0.0
p95_P,0.7165539595915219,0.13204546641326104,0.0
p96_F,0.07084811009691541,3.284506660871795,0.0
p96_H,0.003082580842373731,8.889191730303974,0.0002968632486383717
p96_I,2.783407571643749e-55,365.11516276347845,0.500502013249847
p96_L,0.020281139039688208,5.440203139744362,0.0009161920866768876
p96_M,0.8032701781124666,0.06215960170356018,0.0
p96_P,2.014521390940312e-28,148.34869046194893,0.003298613494885141
p96_T,0.005803324522783642,7.710906837126629,0.0
p96_VWY,0.5109436170710013,0.43307608261578817,0.0
p97_F,7.304362419157483e-56,370.76778882877454,0.11898974768215664
p97_L,0.0007887263149838028,11.480427573325041,0.0019409221573614827
p97_M,2.64748541803287e-18,85.80982570079495,0.0033862009019400468
p97_S,0.0502209496573156,3.8623879750143297,0.0022730321122557628
p97_V,0.003989964576235529,8.406562232033142,0.011044130273773727
p97_Y,0.1414608208243859,2.1724234485165472,0.0
p98_F,0.9310768107118153,0.007492003155584726,0.0
p98_G,0.069879121655145,3.307364233806082,0.0
p98_I,2.511127707394462e-24,121.93904572872472,0.009574196215646076
p98_L,0.1702220509610036,1.8892498301976357,0.0
p98_S,0.02793165636700803,4.875392037560178,0.0
p98_T,0.417435178404143,0.6591840619068412,0.0
p98_V,6.7127758011229444e-15,66.74636550527488,0.0157186616669659
p99_I,0.00014548863915743942,14.773675378553955,0.0025247763139687757
p99_L,0.022515607470134674,5.25492662363328,0.0030449204295263242
p99_M,0.5814081117371763,0.3045669002994913,0.0
p99_V,2.9721638352984295e-13,57.86789031548816,0.0035550713068297807
p99_Y,1.949517090170767e-52,338.08795089846103,0.11086128367325701
p100_S,0.1765942749226373,1.8339229600968203,0.0
p100_TCGWA,0.024985733406709315,5.071193879014354,8.152391296794885e-05
p101_C,8.624876278135986e-19,88.61621192853245,0.003261588486532291
p101_FTNG,0.6172924415242893,0.2501662176126348,0.0
p101_L,0.7859715357511852,0.07385737430421424,0.0
p101_S,2.1204436933588707e-13,58.64988181491634,0.023422235968807933
p102_F,3.5894267845979086e-11,46.954152215668984,0.0031544096998717833
p102_I,0.6105750090980209,0.25983541181136083,0.0
p102_T,0.020834800678124897,5.392383847438719,0.0007570867194519583
p102_Y,3.289342082603636e-35,195.63598607658525,0.01831745756664925
p103_F,0.7653288850538402,0.0892441388638739,0.0
p103_H,0.00878563416617724,6.94868004400725,0.0013919643461536967
p103_K,0.9208327273923955,0.009892515581017829,0.0
p103_LWIGQD,0.8764826884935215,0.0241959776238452,0.0
p103_M,1.5686047205326966e-10,43.66767767954299,0.0006905103405273794
p103_N,3.6011596097995566e-06,22.21667063773228,0.003072042191786293
p103_R,0.6506977400587568,0.20539747417239063,0.0
p103_S,0.5208196160315646,0.4131561025567461,0.0
p103_T,0.9430970891485745,0.0051025765282454874,0.0
p103_V,0.020834800678124897,5.392383847438719,0.0007570867194519583
p103_Y,7.413950294295383e-06,20.741293820132753,0.006677716671093675
p104_E,1.995354400764878e-20,98.18725256762396,0.00231001543700015
p104_G,0.13594358837472365,2.234215932928594,0.0
p104_H,0.1288048743867815,2.318487162107356,0.0
p104_K,0.04869892707975321,3.9147121271196204,0.0007538049505438772
p104_Q,0.053854747730452054,3.7439867531203332,0.0011016620969785701
p104_R,9.088722860922202e-19,88.48469127424484,0.03924355441744732
p104_T,1.6736576191601347e-13,59.198891054414325,0.00033107063912600585
p105_K,0.17655676591792507,1.8342418435689254,0.0
p105_Q,0.1339367538451941,2.2573953433608493,0.0
p105_R,0.05066103407207508,3.8475721140642656,0.0040179264001843394
p105_T,2.52980662643839e-43,258.4465449000262,0.01663663956962879
p105_VAH,0.32206664824304876,0.9834934590947366,0.0
p105_Y,0.1514772811587224,2.0669037383681665,0.0
p106_I,0.028980901735640847,4.8108257287563125,0.00033221908942598807
p106_K,0.9310768107118153,0.007492003155584726,0.0
p106_L,0.03417959060350451,4.523325189002741,0.0010579316792796306
p106_M,0.7489563958070319,0.10258181785907952,0.0
p106_P,0.004199362763331703,8.311216957202792,0.0077666599223690895
p106_W,3.3340692415440203e-64,457.2038652735084,0.37680148230211613
p106_Y,1.0849556745332247e-06,24.68962603131489,0.0010614992272940968
p107_I,0.2006170180238916,1.6444630754304876,0.0
p107_L,0.09829871413338678,2.74850209015268,0.0
p107_MSQHWYPK,0.9789928840045465,0.0006944062026271455,0.0
p107_T,0.14825909105019058,2.0999222877375505,0.0
p107_V,1.3633805066662811e-18,87.46802300919406,0.007067910162791069
p108_F,1.3126562610275289e-23,117.46434731956171,0.01901580493626763
p108_G,0.0069291931924265705,7.383942833388051,0.0392435550616329
p108_I,0.4351399803770857,0.610557266879616,0.0
p108_L,0.010788557963619171,6.57451468261888,0.012217511910556115
p108_MSV,0.020582815420752527,5.41398167486283,7.912988834202934e-05
p108_T,3.6967318050262857e-10,41.772790103948886,0.001247403088375491
p108_W,0.07125586182505322,3.2749885469045554,0.0
p109_L,0.9310768107118153,0.007492003155584726,0.0
p109_SNTPF,0.8144452454084872,0.05517027676230085,0.0
p109_W,0.09943227604266403,2.7300162608555913,0.0
p109_Y,0.6199829805611554,0.24635763507676622,0.0
p110_D,0.05965277100949426,3.571649943251052,0.0
p110_E,0.8569098480866575,0.032562458714089325,0.0
p110_FTVKSGMYWI,1.54984218043097e-09,38.630279139956286,0.0012724962605567276
p110_H,2.6000145879485738e-11,47.67724277637685,0.0002070277567167027
p110_N,3.770693910705406e-07,26.8897046319146,0.0003135947299612144
p110_P,6.550694211720656e-38,215.75113093778532,0.07226751028863623
p110_Q,0.18523376998295266,1.7624971579468895,0.0
p110_R,0.5076089140902407,0.4399544509872506,0.0
p111_E,0.9194861721195735,0.010233064416035801,0.0
p111_F,1.6136265388128715e-06,23.86847252803208,0.002555815989568406
p111_I,0.0013516814805474475,10.448648990667369,0.011480927873151851
p111_L,0.35548410938942665,0.8561942347634287,0.0
p111_M,0.3694730090141739,0.8076505945332508,0.0
p111_T,0.3716162542132295,0.8004388038526565,0.0
p111_V,0.04262482636252391,4.142324831306267,0.008474089347169254
p112_F,2.468020555588811e-06,22.992624567095614,0.006165738740076227
p112_G,7.665725533205381e-26,131.5309546469658,0.01734165276723691
p112_M,0.00015520642924462735,14.64629675778489,0.00019690819269480445
p112_SYVL,0.35388490300427977,0.8619116197702796,0.0
p112_W,0.21743651779315049,1.5270554418646916,0.0
p114_D,0.29529058664476726,1.098838543617815,0.0
p114_E,4.3241159531093717e-10,41.4275287196189,0.003432570896582863
p114_K,0.834355957604533,0.04379985132149203,0.0
p114_Q,1.8391767100022407e-13,58.979971154738344,0.04343231549769018
p114_RNTSVYL,0.17002186971809752,1.891026463491295,0.0
p115_I,6.73680475718664e-14,61.31835244792895,0.007338241093111149
p115_L,1.4162879409965974e-17,81.65052357604672,0.0657717765005394
p115_V,0.14589735608767876,2.124675119520798,0.0
p115_W,0.9723459997752384,0.0012035678319119328,0.0
p116_HECMD,0.5543503095117702,0.35029917089595347,0.0
p116_Y,1.0428421947796515e-47,295.49538736950046,0.22184168311109584
p117_G,0.14312523821386572,2.1543142727350912,0.0
p117_S,0.003659176057564751,8.568137473472905,3.0175415850645475e-05
p118_C,9.962475549308238e-10,39.595745093766396,0.0025097912117704306
p118_F,0.13190172413047085,2.2813019905586094,0.0
p118_G,0.8830170713311791,0.0216854824991085,0.0
p118_I,0.0023150223606604207,9.427964553413352,0.0008230602951717622
p118_L,0.00039455535601246234,12.820324373848862,0.0009726796331522672
p118_M,3.4375468926496205e-06,22.312016006873563,0.0013922879581048674
p118_S,0.13359237141111407,2.261412235207808,0.0
p118_T,0.4451956880037887,0.5842588270477193,0.0
p118_V,2.806699901739768e-13,58.00042308594397,0.00014802768050724022
p119_C,0.009245480297656646,6.855516421582579,0.0010973456228321058
p119_E,0.050043732416891556,3.8683931422024105,0.0
p119_F,0.1845346607136803,1.7681315361690129,0.0
p119_G,7.5173442357350565e-06,20.71309633694631,0.002507088399375892
p119_I,0.0003420661320849995,13.098194777098495,0.000527492154303683
p119_L,0.20753795714435086,1.5947861206603349,0.0
p119_M,2.1755921236103452e-23,116.10652470888911,0.0013419364690091156
p119_N,0.020834800678124897,5.392383847438719,0.0007570867194519583
p119_T,0.05488174905113959,3.7120605795963613,0.0019347977112999326
p119_V,4.3520732082411113e-07,26.59004713329488,0.006265317500227534
p120_S,0.050043732416891556,3.8683931422024105,0.0
p120_T,0.9310768107118153,0.007492003155584726,0.0
p121_F,0.08262998773029698,3.030851070327412,0.0
p121_G,0.030172035016918203,4.740429310260855,0.0013859414230079485
p121_N,0.009841172167151024,6.741684009401717,0.0001621758494585012
p121_S,0.1888706212354411,1.7335812396725034,0.0
p121_TVC,0.0007639077444103715,11.54195857681973,0.003197194660107099
p121_Y,0.9310768107118153,0.007492003155584726,0.0
p122_F,0.6685445305708066,0.18363936370193532,0.0
p122_I,0.006553496669263864,7.48657145521183,0.002765787283320575
p122_L,2.7617553046883146e-11,47.54179887714035,0.021340765043998306
p122_M,0.7964433307497445,0.0666475985499137,0.0
p122_V,0.7105192493871411,0.13799730759266401,0.0
p122_Y,2.897347202357599e-19,91.36493830023757,0.01873138035581402
p123_C,0.035169333522372066,4.473820562120098,0.00014738552110359773
p123_F,4.271010619978385e-22,108.19178493815089,0.005544861267837627
p123_G,0.14474746171711117,2.136891694649011,0.0
p123_S,1.9936739982765404e-38,219.6869363187035,0.0560164113507011
p123_T,0.0017546971960166616,9.952349276008723,0.0020743389441003164
p123_Y,3.705508312087318e-08,31.78681117854779,0.011544863499382073
p125_F,0.24211387249522634,1.3731816818638907,0.0
p125_I,5.534893885878507e-53,343.19859435592,0.26002637065199885
p125_L,0.8815080125059208,0.022252776551817594,0.0
p125_M,0.6913288920837726,0.15792818610749954,0.0
p125_S,0.00333096030993057,8.743946439025263,0.00044669802123072365
p125_T,2.0577119823739027e-07,28.159330803454065,0.0027229003498119024
p125_VDYP,0.7711632798563572,0.08473539403668884,0.0
p126_C,0.6878171675507216,0.1617438850670954,0.0
p126_G,5.0891403874297485e-33,179.88220317936762,0.050394956623329525
p126_I,1.2432074963539015e-06,24.407640627506794,0.00013941537690261789
p126_MLN,0.9933203840769808,7.019288184335768e-05,0.0
p126_S,0.5299660927631269,0.3952937244861215,0.0
p126_T,0.06902479347650803,3.3278016864764006,0.0
p126_V,2.9478825648934495e-10,42.272028939348274,0.0026254522169745966
p127_G,0.3269775578259856,0.9637008123810443,0.0
p127_QI,0.00971069406678128,6.765998751025533,0.0019431074629211835
p127_S,1.021609114705603e-45,278.38911983772635,0.07515310239585835
p128_G,8.771307817059819e-27,137.59574919150702,0.04673609936944448
p128_I,9.918676830283522e-45,270.0836991183753,0.21474797388776976
p128_L,0.6188471390417548,0.2479610222195809,0.0
p128_S,1.1637535609413768e-06,24.544379583118847,0.00014741481923631053
p128_T,0.03955923870880567,4.270605812018377,0.00013924351321486567
p129_LAGVYFCN,0.03767217923390755,4.3548958027893665,0.007189271919524564
p129_M,1.791783580507315e-21,104.43173237263238,0.0006106005260546325
p129_T,0.9732330557407805,0.0011275640018892199,0.0
p129_W,3.912245315896872e-38,217.4530294001129,0.021375371755455244
p130_LNV,0.7977544212233969,0.06577275155820315,0.0
p130_S,0.444148917787898,0.586953521875748,0.0
p130_T,0.12042783599344814,2.424302019466522,0.0
p131_L,0.49505744100924876,0.46655408039803514,0.0
p131_M,4.382074634025172e-43,256.4953899046737,0.054958629360296794
p131_N,1.5169228327406032e-59,407.6884905244388,0.28547604859432724
p132_C,0.31364396821233126,1.018385145726665,0.0
p132_P,0.050043732416891556,3.8683931422024105,0.0
p132_S,0.9568693661388578,0.002929387717465069,0.0
p132_T,4.2594522678720996e-24,120.50441946202966,0.005457835134571128
p132_V,4.0409162145215656e-05,17.31800013078462,0.0004208771088748425
p133_C,6.828331950254619e-20,95.03600690349089,0.0033657823404426327
p133_F,0.01886936712355958,5.568556383382521,0.0012069115383816637
p133_I,0.09801410424431913,2.7531801384189976,0.0
p133_L,0.005407787293793758,7.841493817246308,0.0003217986294444979
p133_M,4.402179833470029e-19,90.30866298968348,0.0016906777343425677
p133_V,0.12395337211788508,2.3787985820486632,0.0
p134_V,0.050043732416891556,3.8683931422024105,0.0
p135_C,0.050043732416891556,3.8683931422024105,0.0
p135_G,0.7124143107116279,0.13611221466580387,0.0
p135_S,0.7011931536506625,0.14749058998092915,0.0
p135_T,2.6016148751836962e-05,18.201164128553593,0.0006274050698323613
p136_I,0.06811141751233754,3.3499546690079702,0.0
p136_L,0.0006441455112103704,11.870661104558772,0.0009028097683692165
p136_M,0.05666781532244944,3.658024606991493,0.0
p136_WASQV,0.41996126873672546,0.6520579990109787,0.0
p136_Y,1.03677368563198e-39,229.59341620090743,0.030449751389014165
p137_E,0.10045356737902018,2.713558136804103,0.0
p137_V,0.9310768107118153,0.007492003155584726,0.0
p138_R,0.050043732416887816,3.868393142202531,0.0
p139_F,0.0037738905884849095,8.5104706827312,0.0008280239758345515
p139_H,1.5824796570663567e-12,54.02078336537226,2.575097424659174e-06
p139_Y,3.865100164734849e-11,46.78845799158366,8.379936717177779e-05
p140_K,0.03872080502149884,4.307521610098963,0.0030000685813014205
p140_L,0.10871625869388421,2.586810902805853,0.0
p140_N,3.1528695834648157e-30,160.4877571923548,0.004940858215941272
p140_Q,0.7859715357511852,0.07385737430421424,0.0
p140_R,0.003224301556151098,8.804914062958554,0.006757480851238667
p140_S,3.468202548209787e-29,153.44799510356324,0.03412954912099019
p140_THAMYVIW,3.2459077405880964e-08,32.069051623077414,0.0037062177253105017
p141_T,6.335351520539545e-39,223.50710673742162,0.14389298213048937
p141_V,1.0743891777560986e-34,191.8934883566049,0.001679722484161433
p142_S,0.050043732416891556,3.8683931422024105,0.0
p142_V,0.10239962408132149,2.6826997675620237,0.0
p143_C,0.09578901456978708,2.7902740888532893,0.0
p143_L,0.8730105796789391,0.025587269107926264,0.0
p143_S,0.005592281328592926,7.779405205092897,0.037496044149558226
p143_T,1.2472392288167323e-27,143.12248241127298,0.005323889472746939
p143_V,1.1509554989736114e-46,286.4761415121511,0.3164669731341204
p144_K,1.3896805634532683e-37,213.27756610862485,0.012528646365512378
p144_N,1.338622153058978e-05,19.541703357795612,0.0009573309788132036
p144_R,1.1031894296433746e-21,105.69973494521363,0.006875016724567335
p144_S,0.04596273800936809,4.013291865507601,0.0009471806618297969
p145_G,1.4659489051501678e-48,302.96369953464426,0.14551473921605548
p145_K,0.050043732416891556,3.8683931422024105,0.0
p145_L,0.9310768107118153,0.007492003155584726,0.0
p145_P,4.421733485932319e-63,444.97278595194206,0.28554928374470584
p146_F,0.0019121336677488498,9.789459008829848,0.0038160448107629015
p146_G,0.9310768107118153,0.007492003155584726,0.0
p146_I,2.5795301751854668e-08,32.55948552875536,0.005587770564953687
p146_L,6.932357700270598e-10,40.390280731357244,0.002795857034091285
p146_M,0.3098257435604238,1.0346101217813404,0.0
p146_V,0.011130787200216258,6.517823570224768,0.00028470599847014885
p147_D,9.387061743387279e-27,137.4047076305334,0.0009163984111388811
p147_E,2.882100636092189e-12,52.65198975763914,0.006251997159315046
p147_F,0.050043732416891556,3.8683931422024105,0.0
p147_GQKTV,0.7445044140732888,0.10638574472824326,0.0
p147_N,0.567077876015421,0.3282582165214228,0.0
p147_S,9.51942783005439e-06,20.232939224597263,0.001379851083022043
p148_F,0.9310768107118153,0.007492003155584726,0.0
p148_G,2.6647959860055327e-21,103.39688911743534,0.0008541018843369059
p148_PRVN,0.2495344069668611,1.3306079263906136,0.0
p148_S,0.7337590872454327,0.11588435439477741,0.0
p148_Y,0.050043732416891556,3.8683931422024105,0.0
p149_EAGPQSHNFVW,0.03354759548151328,4.555730372446039,0.005252176399992723
p149_K,0.0005879505579847468,12.04697984083316,0.014911748160902146
p149_R,1.0458325243129384e-10,44.567682898372695,0.050757399140789104
p149_T,0.4593688271162527,0.5487216919796448,0.0
p150_GAP,1.1311158634875697e-57,388.67671457873365,0.6495000424373246
p150_HRNFA,0.33894202761795666,0.9170951750878475,0.0
p150_K,0.5465388222797432,0.36430881288274425,0.0
p150_P,1.4185047358169615e-48,303.08969208163853,0.1712013114660272
p150_T,0.050043732416891556,3.8683931422024105,0.0
p151_L,1.6311681866876158e-06,23.846145538972568,0.008170999202824115
p151_M,9.18828950662322e-09,34.77324673137927,0.007555557771564146
p151_VCFNQ,0.028801547076783975,4.821687435602476,0.0016142393261818612
p152_S,1.1651308368991135e-11,49.48405288989793,0.004702440629579556
p152_T,1.5804906472015334e-17,81.37999687727954,0.012910055604321569
p153_I,1.0722573168284796e-06,24.71402440842084,0.0030026402479416663
p153_K,0.1672409035985529,1.9159599558012903,0.0
p153_N,1.1427672017174823e-13,60.086017101294246,0.00036295019078187366
p153_QGAVFMLDE,0.5360333004008713,0.3837472730498164,0.0
p153_R,1.0256209666648063e-34,192.0398566724151,0.042802527586705594
p153_S,0.1550566124893376,2.0311038588441708,0.0
p153_T,0.5816317813410907,0.3042063161562724,0.0
p153_Y,0.02642558897443589,4.97264437151032,0.008030600650916772
p154_K,0.0007258865024079704,11.640276698162133,0.0012028990521075653
p154_LAQH,0.7316634362624959,0.117789677586245,0.0
p154_N,9.31044626183136e-22,106.14418584165612,0.021944050382026955
p154_P,0.8113147048180567,0.057083795800939245,0.0
p154_R,0.5136411220544803,0.4275687375887546,0.0
p154_S,0.4713399247505855,0.5200325345288614,0.0
p154_T,7.205687301094837e-06,20.799316749755604,0.0009375481979773982
p154_V,0.8947285378971138,0.017536566933093488,0.0
p155_G,1.6940043752234948e-29,155.54073470761568,0.03335207140540834
p155_K,4.416973368113983e-14,62.305823684773834,0.023563374309667207
p155_L,0.741586049871336,0.10892092544791265,0.0
p155_M,0.9310768107118153,0.007492003155584726,0.0
p155_Q,2.048525828934191e-08,33.052279536511556,0.004076569720260513
p155_R,0.5365635716829531,0.3827493805610295,0.0
p155_T,0.04586870901031736,4.016789210815836,0.0017930186041515493
p156_G,0.8730105796789391,0.025587269107926264,0.0
p156_I,0.02889036652556194,4.81629971580572,0.000745679190017655
p156_STY,0.6498119216118381,0.20651561575570967,0.0
p156_V,1.4464268624251687e-20,99.01535654410955,0.023595552415648573
p156_W,0.050043732416891556,3.8683931422024105,0.0
p157_F,0.7604336339950145,0.09312553557639075,0.0
p157_GYRQ,0.0440791252494111,4.084837535072088,0.01366934098538171
p157_I,3.2602175617773834e-07,27.19405768074179,0.007907323006233516
p157_L,2.6517317330424684e-05,18.162808442782175,0.020991366954082463
p157_M,0.026777635631291652,4.949401855701027,0.0031975070914340986
p157_S,0.6342222194236877,0.22680091507057737,0.0
p157_T,0.6736949216626926,0.17762797211813466,0.0
p157_V,0.05398578941558855,3.7398771758221345,0.0026907738937665426
p157_W,0.03545891530850768,4.459612912921104,0.0014097434330179962
p158_F,0.3683803474258329,0.81134983084916,0.0
p158_G,0.9017047977041353,0.015277794119034223,0.0
p158_I,0.9746759129830913,0.001009239009473206,0.0
p158_L,0.026328605719511348,4.979104165913569,0.006255691594458056
p158_M,0.039188812303641185,4.286812801900055,0.003800284260441244
p158_T,0.04452920969140808,4.067451698123057,0.0008336516795045773
p158_V,7.812634076238438e-05,16.00380128265223,0.00022339896302681542
p159_F,2.155249373335803e-10,42.964059912893106,0.0010223425571728923
p159_I,0.01051115481625883,6.621845077878172,0.0003771368692991736
p159_K,0.773273531141198,0.08313583053320492,0.0
p159_L,0.0016984206575343622,10.014215953452538,0.017350738237708677
p159_M,1.4476687502247464e-20,99.01314530445298,0.00612258449968836
p159_Q,0.0017170409678041241,9.993517735973223,0.003163388485522026
p159_R,3.650365803136934e-32,173.85670748383345,0.019238620794416145
p159_V,0.09809471853141337,2.7518535960442967,0.0
p159_W,0.010132037831976814,6.688655409293278,0.0005170119416170829
p160_I,0.5204881313810555,0.41381393714781045,0.0
p160_L,0.612996204918749,0.2563237454360148,0.0
p160_M,0.24963880442516614,1.3300200923036727,0.0
p160_V,0.3065905583361007,1.0485631526565031,0.0
p161_F,0.013486947238108761,6.170509678806664,0.003443644628282029
p161_GTSC,0.6771952087843215,0.1736096755782405,0.0
p161_I,0.0191382116078107,5.543361041081202,0.0027392176093427173
p161_L,1.7249521437363318e-10,43.4570996306041,0.00250588413101686
p161_M,0.19168339249776314,1.7116601192634486,0.0
p161_V,2.804001959896875e-07,27.50984751210735,0.0017249824193517707
p162_C,7.1977302932995805e-06,20.801567053791842,0.00043065370362881523
p162_F,0.0020415929425297067,9.665447376511276,0.003120097617002636
p162_G,1.0199263227539948e-05,20.092875683558667,0.0005176603121476782
p162_I,0.10409005559738187,2.656413263876237,0.0
p162_L,0.006615689349324453,7.469171540135007,0.0023097076948133573
p162_VTSMQW,0.11750131566683895,2.4632142339980145,0.0
p162_Y,0.974925275706507,0.0009894546525399093,0.0
p163_C,0.025612804861197817,5.02756436911356,0.003423522713563504
p163_I,0.061150053799624314,3.53004618972439,0.0
p163_S,0.03542038340386691,4.461496340451668,0.038667994023988794
p163_T,0.00035163631891219055,13.044440689730216,0.03579421517587475
p163_V,0.26614959182050063,1.2406983565275422,0.0
p164_Y,0.052531723905083545,3.786083985373254,0.0017350046967294877
p165_F,0.039423412073760294,4.276529885794098,0.011606473773178347
p165_GSC,0.4127427128105111,0.6725932315312201,0.0
p165_I,0.0023570669402167388,9.394005724465575,0.002292112397997491
p165_L,4.410854198578841e-05,17.142818185330135,0.017590925051416084
p165_M,0.23555160032636907,1.4121820523476702,0.0
p165_T,6.835743080900383e-08,30.485478612644126,0.0009643758711308499
p165_V,2.47333881647083e-05,18.302844103222345,0.0007116954702246347
p166_ILVCTHNE,0.01003096145400294,6.7069030667928455,0.0015486714494925195
p166_M,0.14951266034260466,2.086964836539096,0.0
p166_S,2.3145459383761018e-11,47.93842413644681,0.009094995291894564
p166_W,0.2770443321756509,1.1854590778338072,0.0
p166_Y,1.3613308252623576e-33,183.95572877616243,0.02077339036666833
p167_S,1.1079070309039158e-31,170.493429792763,0.06049058976353925
p167_T,1.0365768467174123e-19,93.97230641794728,0.003678570591697415
p167_VGCI,0.048297618416624076,3.928797648738834,0.00031227824085715343
p168_F,0.16691697535508404,1.9188952086168463,0.0
p168_GC,0.06001335004997427,3.5615296094921924,0.0
p168_I,0.14615929312928144,2.1219075158868077,0.0
p168_L,1.170993268108039e-08,34.251620033952904,0.015503323109185419
p168_M,0.15992665880264909,1.9838790835182942,0.0
p168_S,0.3420571140337305,0.9053221459474724,0.0
p168_T,7.819313660947958e-21,100.60320707680874,0.001865386689288219
p168_V,0.36717340528335796,0.8154538042134056,0.0
p169_G,0.0012201390014743086,10.644017898295942,0.0015831552491579121
p169_I,0.023121192047150685,5.208004394917228,0.0002989842024381014
p169_L,0.03291383248758788,4.588876343761061,0.000610047161189553
p169_P,2.8388462132441195e-59,404.89397724487225,0.28547604859432724
p169_TFMSC,0.015319588307608514,5.941273965789589,0.0011310778777624071
p169_V,0.08267145270710327,3.030029045909543,0.0
p170_LICMV,0.7921783436933434,0.06953621048371843,0.0
p170_W,0.007198853043415639,7.313743402382109,0.06906835843071957
p171_C,0.018307962497332034,5.622393649412914,0.0007087414378921877
p171_S,9.029177529336558e-07,25.070531396660225,0.0014922738292633697
p171_T,8.545178030479145e-27,137.6693156319258,0.05722036997712248
p171_V,8.902427458452438e-09,34.84129969409865,0.002640613142455423
p172_I,0.11679764416121763,2.4727311311148448,0.0
p172_L,0.004084994729640546,8.36267280784294,0.009827777415446564
p172_V,0.2776392733568753,1.1825215186224416,0.0
p173_F,0.7003651161078142,0.14835097937108976,0.0
p173_GWTVI,0.5652223935491093,0.3314119730548363,0.0
p173_L,5.6956640508575745e-06,21.278817407351443,0.0003552271237210289
p173_M,3.54056400125899e-14,62.824283432943915,0.0007051969269131907
p173_P,0.892924673589264,0.018146397411320694,0.0
p175_F,1.3177305135392525e-05,19.573547519434193,0.006741167635209876
p175_I,0.03302994259584129,4.58275390130628,0.00027134808976541296
p175_L,2.678102903133535e-09,37.43958708597911,0.002359694897062317
p175_M,1.079824279912622e-08,34.425859241964886,0.0006837885305672609
p175_V,0.0005936157725450502,12.028445356830682,0.000494011620690546
p176_L,0.008251245047497281,7.063466195745312,0.0016513484900687666
p176_M,1.0501108531749071e-13,60.2829141614063,0.007550598574492633
p176_T,2.0959119919941097e-06,23.32907759302596,0.0015566212082703903
p176_V,0.03860196483568272,4.312822158977677,0.0013542159590828528
p176_Y,0.03417610564039625,4.5235021477811985,3.812300795972727e-06
p177_E,2.464320440942632e-20,97.64481396860302,0.013433153895888662
p177_G,5.168995484867894e-39,224.18791626175553,0.1236432905971087
p177_K,0.006432156437891853,7.521012709484442,0.0060834938454642305
p177_Q,0.0004741810981463034,12.463348889427268,9.462146209353957e-05
p177_R,0.0020690312393848546,9.640194969374155,0.0006888148481229304
p178_W,0.3288236883121025,0.9563620833194537,0.0
p179_N,7.364103335995985e-27,138.08851269232187,0.002842819571150875
p179_S,0.049233262951622905,3.8961474298119985,0.013643960814408534
p180_H,0.6437793735998577,0.21422819083331912,0.0
p180_K,0.17330224744773123,1.862212631762836,0.0
p180_NQVEG,0.11171678496245924,2.543391724916322,0.0
p180_R,0.9251533551435751,0.008839084408991928,0.0
p180_S,0.04811048829301093,3.935408217040454,0.000755167583971947
p181_Y,1.3398035494188512e-29,156.22783792881307,0.08339476047647403
p182_D,0.050043732416891556,3.8683931422024105,0.0
p182_I,0.862145884421673,0.030199202506170364,0.0
p182_Q,0.034349229211129165,4.514734151341462,0.0011866072431036135
p182_T,0.1808529504191527,1.798219576655923,0.0
p182_V,0.897919424087453,0.016483786238409546,0.0
p183_P,0.5021261162815682,0.4514343551526087,0.0
p183_TQNA,0.09083067880827306,2.876436945137588,0.0
p183_V,0.050043732416891556,3.8683931422024105,0.0
p185_S,0.050043732416891556,3.8683931422024105,0.0
p186_I,0.3805593625907694,0.7709652908012142,0.0
p186_L,0.6148065061976209,0.25371770768664376,0.0
p186_N,1.6228191956554116e-41,243.8295771577569,0.0170358289573095
p186_S,0.0031424134241142486,8.85313768878532,0.00778154497365289
p186_VAD,0.6186598169403341,0.2482260753245037,0.0
p186_Y,1.4157182757487635e-25,129.82944433035644,0.00830125894247632
p187_G,0.050043732416891556,3.8683931422024105,0.0
p187_L,1.8104184927504605e-44,267.9042979850886,0.12414407254779655
p187_M,4.864627335245411e-41,240.0348218984329,0.20745736751032617
p188_DSQAL,0.6781961407997723,0.17247053654520808,0.0
p188_I,0.08735663928909222,2.939921429636887,0.0
p188_T,0.04341327593292292,4.110905270716213,0.0007779955161982613
p189_GNVQC,0.10402267711301579,2.6574520029009907,0.0
p189_S,1.5335891340434246e-19,92.97673707280913,0.010428514245196563
p189_T,0.0026867830422139093,9.14735593694031,0.024917026566238835
p189_W,0.9310768107118153,0.007492003155584726,0.0
p191_S,6.490014889224171e-16,72.32882987983403,0.09456886449598814
p191_T,4.830364323306923e-10,41.18391129132551,0.02783321703838919
p192_I,0.01212523582550171,6.3627642362715,0.015194458218752298
p192_T,2.3435701447627616e-41,242.55639968113996,0.057224644035185956
p192_VYLP,0.8013031053512485,0.06343569577952353,0.0
p193_N,0.09244027428429515,2.8479146875945185,0.0
p194_W,0.25262178788597955,1.3133504814141892,0.0
p194_Y,0.7354169962859161,0.11438929466754458,0.0
p195_I,0.02328624054915928,5.195437921512572,0.0004075884812728743
p195_L,0.03768896285503,4.354126676392272,0.00376489525251043
p195_M,0.4527481102566355,0.5651048878479417,0.0
p196_E,0.419886096247993,0.6522691351128608,0.0
p196_KAP,0.052240349111259445,3.7955067572717445,0.0003975586969431092
p196_N,3.559239719324518e-10,41.85632729439136,0.0002601124629240401
p196_R,0.09403038986275249,2.820265009399368,0.0
p196_S,0.14879515091396592,2.094366180526435,0.0
p196_T,3.308392386808286e-21,102.83393913983232,0.005786948388010457
p197_E,0.7882511134195458,0.0722541106210477,0.0
p197_K,8.859318476852348e-22,106.27439088586404,0.007590255357832036
p197_N,1.1566006127308054e-17,82.15054805462013,0.0015707833050391767
p197_PSGLAHV,0.5854326071879515,0.29812135003741647,0.0
p197_Q,0.031163420413056152,4.684022742813819,0.00046961899127577657
p197_R,0.7515574271758173,0.10039472018899907,0.0
p197_T,0.03806581557232843,4.336951351002835,0.00032478997023825706
p198_D,2.717912945121159e-13,58.07482031682084,0.003036341783384417
p198_E,0.6789210402027981,0.17164828906738722,0.0
p198_GMRKF,0.6961658066832772,0.15275872727997472,0.0
p198_H,0.06670984266119286,3.3845766614613653,0.0
p198_N,4.166307245236699e-05,17.256867674863727,0.0007907025726829832
p198_S,0.07261885752211328,3.243592754684424,0.0
p198_T,1.0938137675875591e-35,199.1416713913621,0.17603256216163887
p199_D,0.010127197627806157,6.6895249430369175,0.0005275590393978699
p199_E,0.36536796231517443,0.8216280696926493,0.0
p199_F,3.0009494227594275e-17,79.80248857140482,0.0011490253826519845
p199_I,0.00012876965114528834,15.014446589079984,0.005203946563576046
p199_NLMVYKG,0.00024961159538352965,13.713501813258588,0.0031725888100550613
p199_P,0.86435336944171,0.029230342574935387,0.0
p199_Q,0.035420180621171235,4.461506258103744,0.00027300132664097505
p199_S,0.7730558268772078,0.08330008550924721,0.0
p199_T,0.2930827706801766,1.10895150023254,0.0
p199_W,3.1458163116305696e-19,91.15695542862508,0.005856407638436109
p200_E,3.987150937064085e-13,57.18893472384307,0.0014684138022050177
p200_F,9.856900821626935e-15,65.836500259122,0.00036053162143281415
p200_GAPHWRQTIYM,0.43910723930657425,0.6000711330968008,0.0
p200_L,3.1697374088786266e-05,17.804495654335607,0.0006462679366603587
p200_N,0.0615002175874496,3.520473616407438,0.0
p200_S,0.0073610753099249615,7.272802411079874,0.0005488411472361501
p200_V,0.0007191694915871841,11.65818866702385,0.0002631311005466876
p201_D,0.5777852438627991,0.3104463875421639,0.0
p201_H,0.004864058669741117,8.037955360188384,0.0005287427131816939
p201_I,1.2988624443375243e-09,39.01587661595284,0.0008222013825356625
p201_N,0.013077070233306731,6.2261869117653275,0.0005617899048819636
p201_P,0.15680972640426086,2.0139113258158723,0.0
p201_S,2.6234421664144516e-24,121.82007154418284,0.00856817108373124
p201_T,4.991723286427847e-13,56.67052319422204,0.0035640803706443727
p202_I,0.048682802235922064,3.915275714808056,0.0011729764207506716
p202_K,1.7170188304568976e-05,19.038398745218615,0.0005209834329569491
p202_M,0.006446522490145145,7.516900398377621,0.00048202652573088
p202_Q,0.6292631063635399,0.23349862796772025,0.0
p202_R,0.025166320573560504,5.0585131038511815,0.0008942115610410326
p203_L,3.786347774040925e-16,73.62836367547386,0.0011595029786319283
p203_MAFPG,6.839950672795372e-06,20.905434729798436,4.5746868552435755e-05
p203_S,2.4012489171417737e-40,234.56129982402058,0.02973813994687215
p203_T,0.07726966860536624,3.141057938294501,0.0
p203_V,0.0002657141708291881,13.59121301956638,0.019470735569385465
p203_Y,9.188869409913423e-05,15.68190560148205,0.0016437111283190203
p204_Y,8.423729861704596e-60,410.3210650492602,0.2273378479002289
p205_I,1.0842614904558788e-26,136.99907135419937,0.009961748142510817
p205_L,2.4028806801712455e-05,18.36098614121115,0.00038621711158606727
p205_M,0.9708670903373948,0.0013358004008372944,0.0
p205_V,6.99572872344865e-44,263.03748434824,0.12980962706773364
p206_F,0.2155045694713524,1.5399822952702173,0.0
p206_G,3.081272481790104e-12,52.49976477645622,0.003326498685486467
p206_I,0.00019738664703531638,14.173609566490303,0.003348359295489712
p206_L,0.00018574019165986178,14.293045057366816,0.0015445005547480375
p206_M,0.954211911448895,0.0033019026976982557,0.0
p206_Q,0.050043732416891556,3.8683931422024105,0.0
p206_R,0.02889036652556194,4.81629971580572,0.000745679190017655
p206_V,0.00010621223492366671,15.39503795469481,0.0003266244568334584
p206_Y,0.00543019181398567,7.833839037042661,0.002360375319078447
p207_C,3.2020754704594654e-09,37.05161441510134,0.004168538823060713
p207_F,0.168268924749899,1.9066877374246012,0.0
p207_I,0.0010907347281599983,10.85835400308186,0.0064240439277551695
p207_L,0.0008524295375637724,11.331081867573563,0.0009548334018619013
p207_S,0.4512264420072407,0.5689237109930434,0.0
p207_T,1.2644747405635911e-10,44.145877522640816,0.007126995738992723
p207_V,0.8302758140993428,0.0460180918402599,0.0
p208_FSVT,0.20540140360601442,1.609910046408986,0.0
p208_I,4.733858972386763e-40,232.25049110580466,0.0820375418639471
p208_L,9.797276670193569e-06,20.174511507640577,0.0021024248326406
p208_M,0.13340614825024738,2.263589194628849,0.0
p208_Y,8.601991404375888e-49,305.00836863514957,0.16607079793128993
p209_C,0.03828482234083715,4.327052047938618,0.03390419128071568
p209_F,2.191559438694693e-68,504.5021296659908,0.3985178708024542
p209_GYTIMW,0.007567230229093707,7.222091411484275,0.0025003319432689228
p209_S,6.763885052722705e-14,61.30898117347613,0.0022828496497429417
p209_V,0.028268012768865345,4.8544215710336065,0.0005068502357369328
p210_C,0.2274047819111203,1.4624766139362113,0.0
p210_F,0.0068270892267171136,7.411258212320981,0.0037210562757922522
p210_I,6.270470992479609e-07,25.828497174668595,0.0030996406458881605
p210_L,0.20157499175352056,1.6374671012034445,0.0
p210_T,1.9048942970104047e-13,58.89850636662453,0.026384395059072804
p210_V,0.875095211986159,0.024747165174986055,0.0
p211_C,3.8271840661596103e-16,73.60244936796877,0.0028265900344899664
p211_F,0.012976297905322369,6.2401519955716545,0.008218235927118579
p211_MLGTYVS,0.7676607503048702,0.08742685631037532,0.0
p211_W,0.6242841856660077,0.24034449996378401,0.0
p212_C,2.2419907491656343e-15,69.35622718527202,0.017081621510682526
p212_DGTNFM,0.6102564751485801,0.2602996500472665,0.0
p212_S,2.1692956172725534e-38,219.40667330980568,0.1012781035514538
p212_V,3.3759737462596366e-12,52.29179801044439,0.0100075106762795
p213_WLCQ,0.08398516449828215,3.0042143763138056,0.0
p213_Y,0.056530504431422705,3.6621139867420545,0.0
p214_C,2.321330400759049e-07,27.906132293037135,0.002104349263669573
p214_F,2.969877314566321e-30,160.66462631554185,0.010370154933551947
p214_I,0.1686394651652514,1.9033616226820178,0.0
p214_L,0.7367251538262792,0.11321726468414993,0.0
p214_V,3.2777780322763997e-21,102.85811529773467,0.00010759110901169464
p214_Y,0.0009453541888214009,11.132428023407313,0.0006927274712917089
p215_C,0.0007333129657225479,11.620667832251476,0.00034743667485739556
p215_F,1.6195717003839283e-07,28.66298101555423,0.0013164886558483812
p215_GMS,0.0008244100235231088,11.395323374889918,0.0005458588792758631
p215_I,5.634109332566616e-14,61.736152783858344,0.004726542681820391
p215_L,6.807572593255726e-06,20.915103713972883,0.0028341370494356986
p215_T,1.4184618245446483e-10,43.890821084232826,0.002955668401819107
p215_V,0.4890080170102479,0.47978571681076887,0.0
p216_YWT,0.01620064727603536,5.8409882349782976,0.0073796277158442595
p217_L,6.844703795839521e-41,238.85962336179458,0.015837875270830477
p217_M,5.411974734635662e-41,239.66761919494073,0.004822323798500065
p217_V,0.8566938483171618,0.03266192271165258,0.0
p218_C,0.009290516315650706,6.84664996244755,0.00031815186646728147
p218_F,5.650757611425743e-07,26.045258116142605,0.0013976454473815531
p218_G,0.03534896581400178,4.464992912983376,0.0030318121165874784
p218_I,0.5194604721263666,0.41585804700873663,0.0
p218_L,0.2987027855053799,1.083398631856339,0.0
p218_S,7.500976588997981e-18,83.22170182792352,0.006245032317376196
p218_T,2.174712965055098e-06,23.253050874369528,0.0013262293435986068
p218_V,0.05437681476599488,3.7276771263862214,0.01741791274094987
p219_F,0.09687161124787615,2.7721098696254964,0.0
p219_I,0.004223729615679502,8.300439371173775,0.005671497774696218
p219_L,0.06414415320000402,3.4500258468753957,0.0
p219_M,2.2169567441079394e-13,58.54670200225899,0.0014758784352854402
p219_T,0.006665918306881144,7.455240901840607,0.000936289150596825
p219_V,0.11639225016097561,2.4782428615671654,0.0
p220_I,3.2064508307368944e-05,17.781394431361953,0.09037640661995498
p220_L,0.04068178206908841,4.222452111023075,0.04585217584129193
p220_MTVASP,0.004403412743389477,8.222876481724072,0.008882386735000448
p221_C,0.3771854794330888,0.7819687108558725,0.0
p221_FM,0.057687555367019486,3.62798158258514,0.0
p221_I,0.13470957473910086,2.2484231776881276,0.0
p221_L,0.017134547973606255,5.740678946095755,0.00014165434037701722
p221_T,0.0033740335955955423,8.719888752283405,0.002030977771408162
p221_V,0.06036052193535757,3.5518467918682375,0.0
p222_LTWGICRA,0.8901183313827905,0.019116244058890598,0.0
p222_M,0.050043732416891556,3.8683931422024105,0.0
p222_V,0.07315686437206363,3.231374453138704,0.0
p222_Y,0.7936120438308026,0.06855788056099707,0.0
p223_C,0.003618699200192054,8.588927407011862,0.00045251682310002214
p223_F,8.045360639002094e-14,60.90392738319694,0.0011807784568748478
p223_S,4.888179077800334e-19,90.0446663560919,0.0006211823489237547
p223_Y,1.300751985366319e-21,105.26861442479519,0.001746970576504471
p224_Y,0.050043732416887816,3.868393142202531,0.0
p225_F,6.924840894936408e-14,61.25404920504382,0.003334562526314938
p225_G,0.9275853370546671,0.008272436644100134,0.0
p225_S,3.040181298214055e-41,241.6565648728536,0.0026987379598256396
p225_T,0.09149347786959973,2.8646257869633955,0.0
p225_V,0.34355175910795943,0.8997246563716377,0.0
p225_W,2.1584679548474813e-07,28.05889180668339,0.005536120572015418
p225_Y,0.4975070572698147,0.4612731951912695,0.0
p226_G,9.518583529192331e-05,15.612047900198663,0.0031379501589021597
p226_HRSMT,0.6814972087939231,0.16874476394222102,0.0
p226_K,0.04373734534952929,4.09816567301888,0.009654006994037234
p226_L,0.9310768107118153,0.007492003155584726,0.0
p226_N,0.7632645001673154,0.0908699765562517,0.0
p226_Q,2.302748172464914e-28,147.96336340375308,0.0029326346446411702
p226_Y,0.07989720542525272,3.0860362072284446,0.0
p227_L,0.1511964245862722,2.0697534507595634,0.0
p228_I,2.6214008356006124e-11,47.65885442170561,0.003588278938095986
p228_L,0.1373750013750302,2.217916541178019,0.0
p228_V,9.8779852061588e-05,15.538636709467008,0.04524939164026326
p228_Y,0.18273960559506847,1.7827131582275975,0.0
p229_D,0.9310768107118153,0.007492003155584726,0.0
p229_G,0.0003575835355243848,13.011778676758919,0.00039628944004119296
p229_K,3.844596631935408e-05,17.417674597988782,0.005275339454104677
p229_M,0.09143375780298191,2.865686174159143,0.0
p229_Q,2.108979907786602e-28,148.21661367393517,0.000951931195461516
p229_RHNVLIFEC,0.5917230634139325,0.2882250670265772,0.0
p229_S,4.732988844028756e-09,36.20497074720351,0.003484067329689599
p229_T,0.017538371231995406,5.699048121657534,0.0011494584984566522
p230_GAP,0.25262178788597955,1.3133504814141892,0.0
p230_H,1.3802173620064022e-31,169.83039013753952,0.008933679087975191
p230_Q,9.754644750888447e-07,24.91017890877003,0.00011819292882987819
p230_S,0.8927411419746585,0.018209038526002308,0.0
p230_TKVED,0.010008030553521643,6.711069224444787,0.0012018736347345106
p231_I,0.9211198258848322,0.009820660045149938,0.0
p231_V,0.33824541774169525,0.9197478899780058,0.0
p232_F,1.8865570947495997e-22,110.34944994542452,0.00033022758225312554
p232_GAP,0.25262178788597955,1.3133504814141892,0.0
p232_I,0.00013170952329061674,14.969895323511492,0.0006755762639320235
p232_MCYWGTH,0.8938335344747526,0.01783781368703342,0.0
p232_R,0.13015122919509864,2.302199238616721,0.0
p232_S,0.021349673800266207,5.349086186537271,0.0016205731749676033
p232_V,4.611957554048366e-16,73.15214818822575,0.0008727510988036852
p233_D,0.000377390623408042,12.906840251556735,0.0002539933148577776
p233_GAP,0.25262178788597955,1.3133504814141892,0.0
p233_L,0.009962062171119127,6.719450605983716,0.007340895595705023
p233_M,0.061616357060135185,3.5173115334784386,0.0
p233_N,6.164437207959905e-08,30.704716690556648,0.005585390250021236
p233_QTHREKC,0.1830638121011461,1.780067253629135,0.0
p233_S,4.554528406426613e-09,36.288138678204085,0.0005691228572308289
p233_V,0.22074928112317366,1.5052061880689491,0.0
p234_H,0.2526217878859608,1.3133504814142472,0.0
p235_GAP,0.25262178788597955,1.3133504814141892,0.0
p235_STKQRN,0.22581899344178358,1.4725198416102834,0.0
p236_GAP,0.25262178788597955,1.3133504814141892,0.0
p236_K,0.006999944101785517,7.365256547191819,0.011864374696686898
p236_QNELSH,0.9873256415008178,0.00025273685117065467,0.0
p236_R,0.916253623152017,0.011074364069528985,0.0
p237_GETYIR,0.39257276382186324,0.7328848307756485,0.0
p237_K,0.9310768107118153,0.007492003155584726,0.0
p237_M,0.010154173421718827,6.684684238993295,0.015273092720711656
p237_N,0.006250390138288174,7.573873373978715,4.834217880620355e-05
p237_Q,0.0014495069371448406,10.315521359905867,0.00011102823300161965
p237_S,0.012156207416481862,6.358148299448876,0.0005614942052071416
p238_L,7.539242050759354e-46,279.50808137554793,0.02598834246281143
p238_M,1.105750336765557e-38,221.6478092587785,0.010746841364311803
p238_V,0.9310768107118153,0.007492003155584726,0.0
p239_GAP,0.03955923870880567,4.270605812018377,0.00013924351321486567
p239_K,0.15881371362113386,1.9945251675122304,0.0
p239_QSVM,0.03387066225839416,4.539085970617465,0.011596734558308435
p239_R,0.07318391860017343,3.230762602941798,0.0
p240_D,0.3948797843421621,0.7257627704168015,0.0
p240_E,0.6895398907909496,0.15986543967158057,0.0
p240_GAP,0.03467971727388991,4.498124457325567,0.0014042104869575473
p240_K,0.4346673226089498,0.6118163403359492,0.0
p241_MNAHT,0.8362823257313173,0.042772419112637634,0.0
p241_Q,0.4320975335457753,0.6186985140688223,0.0
p241_V,0.9310768107118153,0.007492003155584726,0.0
p242_GAP,0.34850153613924184,0.8814208767710181,0.0
p243_QAER,0.3363763778125545,0.9269017329934016,0.0
p243_S,0.03955923870880567,4.270605812018377,0.00013924351321486567
p244_R,0.11794610911318007,2.4572311384910743,0.0
p244_T,0.9310768107118153,0.007492003155584726,0.0
p245_LFIDT,0.9012296769259387,0.015426610852587657,0.0
p245_M,0.1598646972928818,1.984469558434255,0.0
p245_V,0.04642793034730687,3.99610008209479,0.00033694918482258585
p246_N,4.258352191669214e-05,17.21316513574354,0.0028114146616953863
p246_Y,0.050043732416891556,3.8683931422024105,0.0
p247_I,0.0019965826081306645,9.707630939800813,0.0006710895054975618
p247_V,0.0006029776370177511,11.998206944365467,0.008751417132613112
p247_W,0.050043732416891556,3.8683931422024105,0.0
p248_D,2.738993796282486e-21,103.3253819375898,0.002366341838064999
p248_E,7.280441259342183e-13,55.80154434274965,0.002845807541158557
p248_K,0.8821289175292074,0.02201845592591068,0.0
p248_STQHR,0.29327921386302025,1.1080477298633717,0.0
p249_N,0.8802388566933455,0.02273568337531288,0.0
p249_S,0.16914794665749588,1.898810962528741,0.0
p249_T,0.03824403929337172,4.328890951385945,0.0007596520180047752
p250_V,0.07540085271692391,3.181437096555329,0.0
p251_Q,0.08328746356972655,3.0178693176697613,0.0
p251_R,0.2131876397420487,1.5556688281460667,0.0
p251_S,0.02642558897443589,4.97264437151032,0.008030600650916772
p251_VKTN,0.29386612838559184,1.1053521491444847,0.0
p252_KGEPRHQ,0.23239814039012277,1.4313964681624016,0.0
p252_N,0.02275975279149717,5.235853274565322,6.333923837453285e-05
p252_S,0.9647390029834098,0.0019572812825209597,0.0
p252_T,0.29039363975288035,1.1214018896929592,0.0
p252_V,0.09906805173522702,2.7359306367466383,0.0
p253_E,0.0024671807000902217,9.307916333142693,0.00018585375102984382
p253_G,0.4532737506951936,0.5637904020665969,0.0
p253_GAP,0.3591877037915908,0.8430880958665996,0.0
p253_K,0.03388082163219465,4.538565266883762,0.008068239675066168
p253_N,1.057877870786489e-34,191.9422817320007,0.0016451727884134481
p253_S,8.837041891136727e-22,106.28099210175512,0.0017662041208170007
p254_D,4.746857714190969e-07,26.408766942613273,0.00047800454478029984
p254_E,7.949494984967724e-25,125.07816450759157,0.0031465554547501365
p254_GAP,0.4990762550513558,0.45791337242181357,0.0
p254_K,0.2904267626509037,1.1212476374838527,0.0
p254_P,0.050043732416891556,3.8683931422024105,0.0
p254_Q,7.916485840144629e-29,151.04900003018523,0.0008780394093264328
p254_SRHGNT,0.18139216262047902,1.7937686692935662,0.0
p254_V,0.0005416254873221242,12.205713283603682,0.0015005394046628177
p255_D,0.2459373406244268,1.3510486256687027,0.0
p255_E,0.03542120037402777,4.46145638485688,0.0001786023669779568
p255_GAP,3.8352876461767304e-27,139.93154303990448,0.00048641665814059713
p255_N,2.284892146117977e-24,122.19587254754215,0.000376101726519254
p255_Q,2.8477787039629095e-08,32.3482297252869,0.0003337697076653467
p256_D,0.42750620859677024,0.631150753721429,0.0
p256_G,0.12683287669931956,2.3426909052293583,0.0
p256_K,4.5478726968303107e-07,26.498154614116793,0.0004143799047377916
p256_N,4.850200403272666e-05,16.95312071893516,0.004551254599738417
p256_Q,0.021622387572934422,5.326590681960216,0.004617002508981502
p256_SEMVHL,0.19916831240642818,1.6551180201165425,0.0
p256_T,0.0020169784655903068,9.688397124464531,0.0009490097639709415
p257_D,0.015762220097076028,5.890165887063684,0.0005456223307540105
p257_GCREMVTL,0.215827718261369,1.5378104522787088,0.0
p257_K,0.020276397976374778,5.440618458782003,0.0052706808864351395
p257_N,3.951415998524662e-12,51.93374962407477,0.0010651751098300255
p257_Q,0.2335641871740643,1.424254949966966,0.0
p257_S,0.00023765159076412105,13.809622130459886,0.0002186822210199322
p258_DTILR,0.4648735074838918,0.5353825983340889,0.0
p258_E,0.8981900305558329,0.016396027969419767,0.0
p258_G,0.9839496273618669,0.00040533022694240494,0.0
p258_K,0.29189991635175655,1.1144098895096934,0.0
p258_N,3.987582286105545e-12,51.91303429746723,0.01945302033486125
p258_Q,0.6768473005924647,0.17400665344234317,0.0
p258_S,9.224903226927207e-07,25.026023692523836,0.0003279470926454107
p258_V,0.9096067103423962,0.012909969974551858,0.0
p259_DPSNVIH,0.028064140312409287,4.867100832350917,0.00289034287859115
p259_E,4.777535949087844e-15,67.55374308723978,0.0016659126461599934
p259_K,0.691609843214458,0.1576251957785824,0.0
p259_M,0.018337793583216782,5.6194900634418605,0.0006193976474777385
p259_Q,5.604201104915498e-14,61.748601181028135,0.003946518938547108
p259_R,0.08359340308291235,3.0118664470432988,0.0
p259_T,1.1713857879268768e-31,170.32525383939685,0.03492497364977601
p259_W,0.050043732416891556,3.8683931422024105,0.0
p260_K,0.12378067312240607,2.3809938197365805,0.0
p260_R,0.9406577371921203,0.005550265079378214,0.0
p260_S,0.19856082068968284,1.6596132222891782,0.0
p260_TNACG,0.007373067290680139,7.269812811646392,0.00122479258617205
p261_NIQRLK,0.1189402941762957,2.4439480584626496,0.0
p261_T,0.2964917476129768,1.093377312603,0.0
p261_V,0.014178449055729552,6.080428109152452,0.0047391511594108105
p263_F,0.027382843749979187,4.91018183239612,0.0
p263_G,0.8830170713311791,0.0216854824991085,0.0
p263_I,1.117573577305695e-27,143.43549664377056,0.029491527618879364
p263_L,0.005783945003894159,7.7170894582660505,0.0005314134453423894
p263_MAQTHEK,0.7579274469736422,0.09514765448415995,0.0
p263_R,0.18616602094364562,1.7550222539291456,0.0
p263_V,0.0018800521866026573,9.821514468936517,0.0004276499476555451
p264_K,1.30054564315606e-24,123.73195837085889,0.00038422846502831796
p264_Q,0.03545891530850768,4.459612912921104,0.0014097434330179962
p264_R,6.068442395261594e-28,145.18060756039282,0.0021008727154466626
p265_L,1.270667069876275e-43,260.9014177315633,0.18524362963819171
p265_Q,0.050043732416891556,3.8683931422024105,0.0
p265_V,0.722023915505456,0.12677865296959198,0.0
p266_L,0.8730105796789391,0.025587269107926264,0.0
p267_R,0.9465549182737385,0.004500374610932124,0.0
p267_W,0.050043732416891556,3.8683931422024105,0.0
p268_I,0.0021758170389423372,9.545064866828659,0.0006633574411967188
p268_M,0.4064485302548845,0.6909375137534192,0.0
p268_V,9.081334679863759e-19,88.486732719081,0.013439132166222043
p269_C,0.11924520638586719,2.439898896380829,0.0
p269_T,0.9713127748974335,0.001295224458477846,0.0
p269_VSIG,0.14526567211598224,2.1313726395345247,0.0
p270_I,1.29779526260637e-28,149.61799749693435,0.014792891630717807
p270_L,1.2865599802130323e-12,54.494715946540175,0.0035174061081344895
p270_M,0.06337994973488972,3.4700638345837356,0.0
p270_V,0.5536975681566061,0.35145560661240477,0.0
p271_I,0.06716275851137382,3.373303887262345,0.0
p271_L,0.7629300934466354,0.09113485067252554,0.0
p271_M,3.1482035847517433e-31,167.35057239478988,0.03375504593022531
p271_SGFCN,0.10221193514497219,2.6856477466038995,0.0
p271_T,4.1087657189401045e-28,146.29854495469203,0.0007549372390381212
p271_V,0.22821696245963155,1.457365509599111,0.0
p272_I,2.5060675348238617e-21,103.55683702710193,0.0015974429644846331
p272_M,0.5887421023588941,0.2928878437054446,0.0
p272_N,0.09142394979001937,2.8658603970859735,0.0
p272_T,1.3996095037931569e-39,228.57972053435438,0.01232283106198271
p272_V,8.714453725068379e-19,88.59026684886452,0.012099167253582266
p273_F,0.08439105991763228,2.996326995163651,0.0
p273_I,1.071338235858019e-25,130.60172909663737,0.008845178944707712
p273_M,0.050043732416891556,3.8683931422024105,0.0
p273_V,0.0011806856237462646,10.70681387617662,0.002470443118707654
p273_Y,0.02889036652556194,4.81629971580572,0.000745679190017655
p274_C,0.02793165636700803,4.875392037560178,0.0
p274_F,3.351633255726009e-47,291.09364407764014,0.09681127291152938
p274_G,0.20043530075183433,1.645794584697923,0.0
p274_IVLR,0.8521713685015326,0.03478046720047491,0.0
p274_M,0.020834800678124897,5.392383847438719,0.0007570867194519583
p274_S,2.473423405354874e-32,175.04124483381898,0.018242849679622246
p274_T,0.4673293466639422,0.5295126653227592,0.0
p275_I,0.050043732416891556,3.8683931422024105,0.0
p275_L,0.09581913963233363,2.7897656064542384,0.0
p275_QMAVSF,0.3393433813182589,0.9155701386903039,0.0
p276_M,0.050043732416891556,3.8683931422024105,0.0
p276_W,6.2839559368543635e-47,288.7368078208289,0.18062490443200638
p276_Y,3.322122438545095e-07,27.154681424572598,0.0012005370220926868
p277_F,6.843906551020837e-31,165.026763836454,0.0006627560643278676
p277_I,0.005014529766791103,7.9814183454381,0.0014302639464947428
p277_L,0.6819478763806612,0.16823980555477047,0.0
p277_M,0.9821517397984126,0.0005012385387556386,0.0
p277_V,2.370818860103024e-32,175.17035489834765,0.08012646639156835
p278_C,0.032582001297890434,4.606499423799628,0.00044896769388282423
p278_F,0.3902431274289353,0.7401381016393603,0.0
p278_I,0.01562861443734697,5.9054342971943585,0.0014449380212457027
p278_L,3.555060157825742e-05,17.574486713869007,0.008176463817976936
p278_M,2.5424830218656132e-30,161.12455167983623,0.008262473085490024
p278_V,0.9202013446986761,0.010051469800950152,0.0
p279_C,0.9893796620828743,0.0001774525871040831,0.0
p279_G,0.08729245373870248,2.941120075459369,0.0
p279_S,8.980279132839309e-36,199.77214453050857,0.007166830142083412
p280_W,0.050043732416887816,3.868393142202531,0.0
p281_S,0.9494168917726301,0.004030658779604464,0.0
p281_T,0.1625229574342774,1.9593697443400895,0.0
p284_G,6.132097045163592e-33,179.30895060036977,0.024562158580151018
p284_L,1.5878533680373657e-38,220.44321648979115,0.0013646182032511177
p284_S,0.015120656495967038,5.964743612723512,0.000992193607051087
p284_TFMCY,0.014990948473920917,5.980219160555674,0.00030443550089225365
p285_F,0.9387985399801717,0.005904191534789868,0.0
p285_I,0.0011246287760518592,10.799809306813897,0.0031455972117931516
p285_L,0.3765102797407778,0.7841874792274846,0.0
p285_T,0.7489836846676616,0.10255873693550471,0.0
p285_V,0.008745299409601988,6.957089931570609,0.002029127171348435
p286_L,0.011729680813599583,6.422811107810495,0.000283948993784806
p286_M,9.69697944263026e-36,199.52659816293837,0.006327561825427329
p286_T,0.0031055782878663474,8.875249982967214,0.00036955139813492035
p286_V,0.0031650613402344845,8.839673122640622,0.10352982827624725
p287_C,0.9962355409411898,2.2294015142965383e-05,0.0
p287_G,0.050043732416891556,3.8683931422024105,0.0
p287_N,1.843567525869127e-40,235.46365945233333,0.05583588245970813
p287_S,7.846472654340182e-08,30.19328073301949,0.0007550861954113679
p287_T,0.9443962378310723,0.004871867152577144,0.0
p287_V,0.33091174087088016,0.948127531462965,0.0
p288_C,0.7859715357511852,0.07385737430421424,0.0
p288_F,8.820312539251558e-15,66.0994371187612,0.0020606625086294953
p288_IVT,0.2012119405413921,1.6401137959943732,0.0
p288_L,9.460665194805118e-23,112.18059512239995,0.002376240317083692
p288_M,7.165260127907967e-09,35.309145049960875,0.010656181735714027
p288_W,3.436372937864643e-05,17.64253420276212,0.001493489858131806
p288_Y,2.8890399471220037e-08,32.31752595958399,0.002204583458082723
p289_I,3.553303742323015e-66,479.16454733283575,0.22756897448055174
p289_L,0.21658022179573316,1.5327679918056034,0.0
p289_M,0.5626420381281847,0.3358312575110288,0.0
p289_QFCKYH,0.48804409960796813,0.4819193613167132,0.0
p289_S,0.005391939087211672,7.846928208342061,0.0013468155394168616
p289_T,1.367697155177455e-09,38.90311428343947,0.007288378059566987
p289_V,0.12602397381896305,2.3527410371175956,0.0
p289_W,0.06531558173210725,3.419801513817547,0.0
p290_G,0.12921120062261393,2.3135515137088465,0.0
p290_S,0.18576401082885227,1.7582402560155446,0.0
p291_C,0.09989173683919485,2.7225892061755523,0.0
p291_I,2.2880046326271179e-26,134.90344211412082,0.0024316885968524923
p291_L,0.20912208828913348,1.5836913554515695,0.0
p291_M,0.003196656539132498,8.821052791247793,0.0009118542398965408
p291_QGW,0.629450122814679,0.2332438655606247,0.0
p291_S,0.9310768107118153,0.007492003155584726,0.0
p291_T,0.020697700596934557,5.404100875931439,7.513673910627756e-05
p291_V,0.04297770050916316,4.128187583109198,0.0021593005234993652
p292_L,0.004187511446171847,8.316482011482131,0.002202053685434315
p292_YWTSMINCAV,0.2988242224003837,1.082853332102969,0.0
p293_GAP,2.481966740609404e-35,196.53047777453168,0.00838940237408156
p293_S,0.013825674435017171,6.125801761936571,0.0
p293_T,0.038851979335977296,4.3016907969998215,0.0012952290306346966
p294_E,3.1715226394972717e-12,52.4340213037273,0.0003259744738447229
p294_K,0.041365621230543194,4.193799749014243,0.006406516908192824
p294_N,6.722686233827225e-10,40.457667671008814,0.009889003234406384
p294_P,0.7790767196002859,0.07882195645686674,0.0
p294_SAYRGLTMWFQ,0.012898029067097286,6.251076073462237,0.0004366567383111203
p295_G,0.015068032159590706,5.971005626603301,0.00027768775224814966
p295_IEANHVMW,0.7776781331556434,0.07985025730347568,0.0
p295_K,2.167914642237643e-09,37.89910818150458,0.0017637751737911325
p295_L,0.006714410813843406,7.4418937223168315,0.0009451767162333913
p295_P,0.03054777396839063,4.718825556318816,7.372372958512059e-05
p295_Q,1.0611854436403056e-21,105.80138929407492,0.0035968975830877087
p295_R,0.8133665509277601,0.05582573038036958,0.0
p295_S,0.0002537120195602102,13.681618807410667,0.00027731960968548883
p295_T,4.470809213742821e-16,73.22715079638539,0.0010132039455802366
p296_D,0.6068058262343459,0.26536228470618944,0.0
p296_E,0.5832083907290007,0.30167251331699146,0.0
p296_M,0.0001821879030291509,14.33098828202222,0.0005821291016811589
p296_N,0.014173996580035268,6.080993477038597,0.0011711636106813746
p296_Q,1.03215765316666e-06,24.79302995287967,6.212633004518115e-05
p296_RVGHPFYLK,0.42758173844212943,0.6309442705555892,0.0
p296_S,0.17807478011533937,1.8213987097189073,0.0
p296_T,0.3298935334172278,0.9521343035585489,0.0
p297_I,0.521317298753069,0.4121698348260417,0.0
p297_K,0.0005261057810330015,12.261991967555376,0.0011728102052398406
p297_L,1.5083073738113715e-55,367.6982641095292,0.3563169996661648
p297_M,0.04384387180986206,4.093999760103486,0.01657511342019557
p297_P,0.00021778007746377605,13.980718833414643,0.00012932893661918171
p297_RHYVDNFAQ,0.008258062411129856,7.061954192852105,0.0012694741046436386
p297_S,0.140571288046331,2.182200618482093,0.0
p297_T,1.0133367763355153e-14,65.77107171599694,0.0014904559996871888
p297_W,0.04735812256194334,3.9622642937392634,0.0
p298_L,1.272066551865675e-21,105.32694742895292,0.007910061430005921
p298_V,0.0020237646651057096,9.68204150107231,0.0013046056368668086
p299_NDGRP,0.23083065282426085,1.441065327752502,0.0
p299_S,2.845282597314898e-30,160.79144341254832,0.055615401715247315
p299_T,2.1679406568029575e-31,168.47091336483732,0.03905520270726013
p300_T,0.050043732416891556,3.8683931422024105,0.0
p301_G,9.528535805082209e-67,485.6432964432092,1.0
p301_HYTR,0.1163246839641886,2.4791635605290407,0.0
p301_I,0.03089873102027989,4.698896678854717,0.0008100196983794906
p301_L,7.203291091426207e-27,138.1507679048973,0.008091764910484852
p301_M,0.021607353061773152,5.327823133015494,0.0
p301_V,0.14667144950713684,2.1165123073288252,0.0
p302_F,0.03982672501973129,4.259001853586731,0.00085961759478303
p302_G,8.394255525861454e-07,25.22191766992163,0.0002109123962006922
p302_N,0.5690259409555588,0.3249686236783106,0.0
p302_S,0.12550817574523668,2.3591871967013978,0.0
p302_T,0.5230037722422874,0.4088400765757459,0.0
p302_V,9.796310458287186e-22,106.0108725350757,0.0036624904078206666
p302_YILMRC,0.8965291048676018,0.01693842516007597,0.0
p303_I,0.050043732416891556,3.8683931422024105,0.0
p303_S,0.901445750651731,0.01535884171140642,0.0
p303_T,0.9747472290329422,0.0010035608016109782,0.0
p304_I,9.726753035688588e-44,261.85694178820523,0.028709410156898898
p304_M,2.1824670576870592e-63,448.29463790884625,0.3412356487651487
p304_V,0.027987889928021675,4.871867775718742,0.002776365856990549
p305_L,0.33443958387141315,0.9343714649734873,0.0
p305_V,0.6645818489620945,0.18834529741984538,0.0
p305_W,6.442014328911203e-49,306.1201900297909,0.11608577339190948
p306_G,5.1993801590949825e-37,208.96535634641918,0.015812112884134158
p306_P,1.4181957260623637e-42,252.3461603316416,0.026642388465615233
p307_C,0.03422720786469955,4.520909185845102,0.0004811517720012522
p307_GVYK,0.13496093023167807,2.2455174850144175,0.0
p307_S,7.247445294155798e-41,238.66310292874994,0.1685301322266966
p308_I,0.2424759475622322,1.3710674507136549,0.0
p308_L,0.04911861154937876,3.9001127465936247,0.009391845490496976
p308_M,0.834355957604533,0.04379985132149203,0.0
p308_V,2.788626870534781e-05,18.061659725614884,0.00468407948222783
p309_C,0.5754570350845767,0.314263760225134,0.0
p309_F,1.8633295621737389e-29,155.26195595933498,0.005318370025624501
p309_ILMVS,0.4246528912010443,0.6389916879652298,0.0
p309_T,3.707777832090062e-19,90.7418088880146,0.007569757864902228
p310_C,6.725139778660604e-53,342.40541737147083,0.1813711198898431
p312_F,1.6060266618101345e-06,23.87822177300893,0.0006258370049900363
p312_GVMC,1.3196025621215583e-06,24.284237407741855,0.0032944184506564153
p312_I,0.9528104518815134,0.0035073628712984257,0.0
p312_L,3.8004925410592075e-08,31.732899928848113,0.00010615072163520982
p312_S,0.0168527680021698,5.770335358443875,0.016147177371605814
p312_T,0.024121098471296617,5.133263654210598,0.011457289133256152
p313_N,1.0813132430069714e-40,237.28973999734347,0.1244081500644498
p313_S,0.016603869331452283,5.796961920785835,0.0008732441572017832
p313_V,5.4337372460318845e-52,333.9561773821177,0.32181078195280594
p314_S,0.9847105954442157,0.0003678023059555707,0.0
p314_T,0.30498025850698923,1.0555798262254785,0.0
p315_I,0.00916859845297695,6.8707557702881115,0.0005843010967203268
p315_M,0.9310768107118153,0.007492003155584726,0.0
p315_S,0.03955923870880567,4.270605812018377,0.00013924351321486567
p315_V,4.919462778174548e-32,172.95057893070467,0.0038738239464056164
p316_I,1.8484287911916256e-19,92.50299203466065,0.0039577753137348065
p316_L,7.345714392498209e-11,45.35410727130581,0.0011982534247324185
p316_Y,1.5088154618383756e-45,276.9561018241999,0.01914211834335712
p317_N,9.927790041980767e-48,295.68156127762234,0.16953841568121183
p317_Y,0.050043732416891556,3.8683931422024105,0.0
p319_I,1.5642629207681382e-48,302.7151850286179,0.11056012242614403
p319_L,0.21748679824576647,1.5267208458856572,0.0
p319_MV,0.5489394452218817,0.35996361178618463,0.0
p319_W,4.503898688932842e-11,46.44621755348703,0.0027506246333102464
p319_Y,1.0340476785547329e-29,156.9877717798933,0.025429491172177042
p320_ML,0.5652469320641773,0.331370134019467,0.0
p320_P,0.050043732416891556,3.8683931422024105,0.0
p320_V,0.7945773905531681,0.06790331803926102,0.0
p322_G,1.93300554328953e-28,148.4677792460505,0.011146650888271247
p322_I,0.08407173102731405,3.0025287441253914,0.0
p322_V,0.995040284987319,3.869893045720856e-05,0.0
p323_I,0.20986631263643804,1.5785134498454176,0.0
p323_L,0.011227628715888515,6.502107598512186,0.006524552183005953
p323_T,0.020834800678124897,5.392383847438719,0.0007570867194519583
p323_V,0.04259961465825415,4.143339620408887,0.0029103183691671915
p324_M,0.5887421023588941,0.2928878437054446,0.0
p324_N,0.08153438830689247,3.052734372794837,0.0
p324_S,0.430364757486529,0.6233743414579986,0.0
p324_TGR,0.7134248844504185,0.13511297772206676,0.0
p325_N,0.6431884076549913,0.21499297038696152,0.0
p325_S,0.02679797496582393,4.948068800484473,0.0001660898998602667
p326_K,0.3502456642491242,0.8750553414736052,0.0
p326_P,0.3573925699966396,0.8494172950805254,0.0
p327_Q,0.6431884076549913,0.21499297038696152,0.0
p327_R,2.2911340542162535e-09,37.77884244787288,0.003378545527338315
p328_Y,0.874962377003704,0.02480026873318387,0.0
p329_QY,0.13656103698023223,2.2271615312980204,0.0
p329_R,0.00014193538893648037,14.822414157707254,0.002085090705798796
p330_L,1.4374073243965341e-08,33.81143643140993,0.014945779868266859
p330_MEITKNGH,0.0032088277988599795,8.813929898314365,0.0016533758693129414
p330_Q,0.00034878992829127687,13.060271795599226,0.0007757260069373238
p330_R,0.9310768107118153,0.007492003155584726,0.0
p330_V,1.961822005534912e-05,18.769462969963385,0.0024732404171213447
p331_E,3.935871170368092e-61,424.185361612673,0.3449100964337018
p331_S,0.7018406591687121,0.14681978666762874,0.0
p331_V,0.1737925638254001,1.8579599589442268,0.0
p331_Y,0.050043732416891556,3.8683931422024105,0.0
p332_L,0.9727730412815218,0.0011666687262681906,0.0
p332_VMFSG,0.7180065984167133,0.1306349573529208,0.0
p333_FARMSN,0.0058390571476317705,7.699562420750269,0.0006503895649447833
p333_G,0.050043732416891556,3.8683931422024105,0.0
p333_H,0.012961622462676457,6.2421950701441915,0.0
p333_K,0.4971176339223897,0.4621097744001884,0.0
p333_Q,3.6358132674734092e-40,233.14782563808356,0.097255573755503
p333_T,0.36717340528335796,0.8154538042134056,0.0
p333_Y,2.6133752472229334e-23,115.61485913026117,0.006185149277348266
p334_D,0.02793165636700803,4.875392037560178,0.0
p334_E,0.053856684042058296,3.743925951314627,0.006277582779344259
p334_K,5.13045052287281e-10,41.05136908536802,0.0021626662149260988
p334_Q,4.97413423295751e-14,62.027652228039614,0.0034690614138404344
p334_R,2.7007512475410033e-13,58.0894824362032,0.0331950436069908
p334_SNMITC,0.8703556149127354,0.026678051471882003,0.0
p334_V,0.6811681878383814,0.16911398002997646,0.0
p334_Y,0.050043732416891556,3.8683931422024105,0.0
p335_L,0.2049581052013394,1.613071358892917,0.0
p335_R,2.3181546654000554e-07,27.90900639540771,0.03463123549699681
p335_THNVSIEQA,0.5975030649811685,0.2793207976416793,0.0
p336_F,3.093771993316723e-29,153.7810431474788,0.009897158380917584
p336_L,4.549863988298599e-14,62.23639291519495,0.00283527612904515
p336_M,4.283715151898255e-09,36.4208352401451,0.001256155802930226
p336_V,0.047713413186585146,3.949526077203929,0.037064942785229794
p337_KYRC,0.030152872922213202,4.7415386087832445,0.017098425889179435
p337_P,0.3566473557784551,0.8520576131794259,0.0
p337_S,0.005294011762765871,7.880875210144873,0.03479110336526048
p338_C,0.0012621980322670189,10.579310418924138,0.0029947615097587494
p338_F,0.3416619839274835,0.9068074517274766,0.0
p338_GAP,0.007345613427458377,7.276664450705327,0.0025712912516632947
p338_GMTYDKLEVR,0.6006601923758172,0.2745325039531331,0.0
p338_S,2.0517293466770895e-18,86.44597099612604,0.0019294963052304947
p338_W,9.22802912546304e-43,253.8608914444875,0.0022850515155718267
p339_F,0.7557810222060675,0.09689842809934976,0.0
p339_GAP,0.007345613427458377,7.276664450705327,0.0025712912516632947
p339_L,0.7003052424308203,0.14841330377192297,0.0
p339_M,0.00010070894181527793,15.500340404250457,0.028652804268651633
p340_C,0.563748699340574,0.3339311336011872,0.0
p340_E,1.1418166664325384e-12,54.76824474405911,0.0
p340_G,0.013145050464362259,6.216828845317513,0.052997702463568074
p340_GAP,0.007345613427458377,7.276664450705327,0.0025712912516632947
p340_K,0.02793165636700803,4.875392037560178,0.0
p340_LITRNDH,0.17505025622425902,1.8471146827241094,0.0
p340_Q,0.00010348471407403845,15.4465189643546,0.0016200976590165013
p340_S,0.0026221037867613737,9.193211241412472,0.0017681755051071329
p340_V,0.17894474543715072,1.8140954511223468,0.0
p341_F,0.9426819533702018,0.005177429393087275,0.0
p341_GAP,0.20232748931888017,1.6319991691780202,0.0
p341_I,2.0814422597824145e-23,116.22524614946002,0.0035122935455041884
p341_L,2.7630358544387234e-12,52.74813344130267,0.0006727790948517892
p341_TRKGD,0.24662600575894114,1.3471069183524291,0.0
p341_V,0.7718579691932558,0.08420699695081246,0.0
p342_CVTDP,0.7246009382793253,0.12433916426363004,0.0
p342_G,0.017384877763339204,5.714753748351896,0.004345861447612767
p342_GAP,0.20232748931888017,1.6319991691780202,0.0
p342_H,0.872379475766777,0.025844439398122056,0.0
p342_K,0.8615849561698092,0.0304479857114307,0.0
p342_N,3.6639669323199306e-16,73.70774419038636,0.0011549187495401778
p342_Q,2.626193852430315e-05,18.182260791980212,0.013847689345638143
p342_R,0.00012617308093060292,15.05466036102201,0.011061703277773333
p342_S,0.9261601847200918,0.0086021983820797,0.0
p343_GAP,0.2274585989198555,1.4621372590486996,0.0
p343_GCDNAVY,0.008124442551718599,7.091825962456823,0.0025812072837029434
p343_K,0.7321395953382537,0.11735523922097867,0.0
p343_P,1.2904387861711842e-14,65.19980099147025,0.003949412323051222
p343_S,0.00011287022829606808,15.274787683037895,0.0002590460351809427
p343_T,0.017109389475204292,5.7433061589657735,0.0017503856589072921
p344_D,0.0029065114094666746,8.999587873132889,0.0023127162825625873
p344_E,0.12910762449571098,2.3148080031581744,0.0
p344_GAP,9.33857338170268e-13,55.22950756258996,0.011261005683469032
p344_K,2.8665491053352123e-21,103.20689064417206,0.014154293470788929
p344_P,1.9270452164301573e-06,23.502205399613477,0.001300512618309527
p344_Q,0.6857001631934859,0.16406973520742835,0.0
p344_S,0.28687407610036747,1.1379216499282496,0.0
p344_TRGNL,0.6900552776932827,0.15930593901194443,0.0
p344_V,0.4990142743455339,0.4580457399369198,0.0
p345_D,3.228131180872318e-10,42.071638879519085,0.0011522599356050462
p345_E,0.0001386532140816377,14.868545171790077,0.0006439003393328979
p345_GAP,0.7889151292649033,0.0717906457660076,0.0
p345_NTKGYQVR,0.53576890561663,0.3842454972249665,0.0
p345_P,0.011709333139745887,6.425956257007309,0.003772121748765333
p345_S,2.2662586825871424e-15,69.33051535333394,0.003900354248101693
p346_E,0.8397525065923321,0.04095364595491446,0.0
p346_GAP,0.7961264619490898,0.06685995976076252,0.0
p346_N,0.8350861627554131,0.043408897499228376,0.0
p346_S,0.010516201709010619,6.620972529924039,1.4487333275590946e-05
p346_T,0.024031319413406155,5.1398412216318015,0.00030846161749461767
p346_VLGAQH,0.2806527414753403,1.1677635845345196,0.0
p347_DPVMRYIF,0.7690759689713652,0.08633384998023633,0.0
p347_G,0.18637059701553546,1.7533877780794065,0.0
p347_GAP,0.9723697962496392,0.0012014965329415176,0.0
p347_N,0.00023439198237040835,13.836670091102551,0.0014462801418627098
p347_S,0.20805182969694583,1.591176130142067,0.0
p347_T,0.00018804343220944308,14.268834181296436,0.0041482131396534385
p348_DLIRM,0.4879028669012605,0.4822325714139933,0.0
p348_E,0.5224476172276562,0.40993603863161465,0.0
p348_G,0.015387672044385728,5.933313971833054,0.0005293093647767144
p348_GAP,0.8744703928129968,0.024997457846912114,0.0
p348_K,0.624876935080403,0.23952305804618804,0.0
p348_Q,2.2452711728377223e-08,32.856103237230315,0.0012099225457229182
p348_S,0.8180225136395408,0.053025796482691935,0.0
p348_T,3.387575009798744e-05,17.67120368500463,0.00012023633008890206
p348_V,0.7239307159542192,0.12497105085467058,0.0
p349_DNPVKLEGQR,0.5827114065468619,0.30246973683249595,0.0
p349_GAP,0.31085419547759197,1.030214252350814,0.0
p349_S,0.4354130598522933,0.6098307854040752,0.0
p349_T,0.037582222603063264,4.359024315206984,0.0006140338348670514
p350_G,0.027851736119487366,4.880413574820011,7.802001730004909e-05
p350_GAP,0.03337252791718475,4.564820308423411,0.00446200210130683
p350_N,0.13620673463020586,2.231205068981436,0.0
p350_PEDMI,0.4007322135064799,0.7079624311926228,0.0
p350_Q,1.7648743504933707e-09,38.34700842091201,0.0005050785860444665
p350_S,0.35973225420618526,0.8411767630511454,0.0
p350_T,4.291042196161124e-15,67.80907230916387,0.020571282409155293
p350_V,0.0002676943184597899,13.576696434147875,0.0020925636036081114
p351_G,1.1952615200307926e-05,19.771135563824664,0.0023730868835806205
p351_GAP,0.011202269487423682,6.506209479217003,0.009319638963608276
p351_NKREQIDP,0.6149215272141363,0.2535526923889108,0.0
p351_S,0.9664603795839453,0.0017707337812373964,0.0
p351_T,1.5615696025130457e-09,38.61383641947844,0.00015581621923111015
p351_V,5.93060105341925e-07,25.944550501206106,0.0033985011337891165
p352_D,0.8527663937559271,0.03449779560369516,0.0
p352_G,0.1240235614750369,2.37790735475402,0.0
p352_GAP,0.09039136331154606,2.8843175091181203,0.0
p352_N,0.10381646902484966,2.660635609788666,0.0
p352_Q,0.012596371012055949,6.293829203274219,0.00012476509328102585
p352_S,3.259488629164042e-10,42.05031592674833,0.013599791842705452
p352_T,3.643519382595329e-15,68.19831930413237,0.01888702521502023
p353_E,8.617517872399274e-11,44.99841147004696,0.0025198410423102006
p353_G,3.3008024919518814e-13,57.62536657864304,0.00018560710290684446
p353_GAP,0.03222283723284052,4.625787602804403,0.02269314541257946
p353_K,0.16578184695737014,1.9292330007901206,0.0
p353_N,0.002489780488309259,9.290732825605748,0.001730538955668325
p353_S,0.6742446292410846,0.1769933312573497,0.0
p353_T,6.551966505605911e-05,16.353625246341654,0.007863310709856715
p353_VQDLMH,0.1609796964185265,1.973883776393147,0.0
p354_E,0.21451020256259204,1.5466897839870906,0.0
p354_GAP,0.05508711187209115,3.7057528692971458,0.004248365586179712
p354_K,7.586660917492367e-09,35.18590921542145,0.000881888500291581
p354_N,2.4689843759022134e-05,18.306388571867917,0.0029538126068235004
p354_Q,0.6050041776960733,0.26803013618505545,0.0
p354_S,3.30277422712631e-06,22.39406057379641,0.00022598911943840798
p354_T,0.0017982274044576144,9.905866251406744,0.0041378563959528014
p354_VPRGMD,0.2778671756600763,1.1813983417979173,0.0
p355_GAP,0.028936789736714718,4.813490612491171,0.005230255853699826
p355_S,0.49696440509704576,0.46243925242840195,0.0
p355_T,0.013407784398032318,6.181125570109713,0.005278754101032079
p355_V,1.6047775944035056e-10,43.61713594834929,0.02698865539574718
p356_GAP,0.007365600997231636,7.271673570241885,0.0030162852451617764
p356_N,1.5214307466260904e-06,23.98999812429703,0.0020120082748707477
p356_S,0.5898824374531295,0.2910984407166873,0.0
p356_T,0.00811601632965497,7.093726612648759,0.00989809505485443
p356_VEIDQLGHKM,0.12285320147575753,2.3928419286123215,0.0
p357_GAP,7.290568906113939e-05,16.14119958920952,0.002184491326912534
p357_KTCPGELMDIFR,0.8491297082482527,0.036244095283873824,0.0
p357_N,2.5925262980278935e-09,37.51015305691148,0.0005845667558294663
p357_Q,0.13514299843540964,2.243416553704962,0.0
p357_S,0.009768170452502355,6.75524674320716,8.490576049759533e-05
p357_V,1.274654238755636e-18,87.63655041129901,0.0005548503268239973
p358_C,7.346219487362641e-11,45.35395402415464,0.0009891025970964645
p358_EPDQMGILF,0.9505830026068766,0.0038467239647164537,0.0
p358_GAP,0.5523825356536385,0.35379323187121925,0.0
p358_N,0.00014245871112542318,14.81515883860823,0.0007497393690979856
p358_S,0.0028001363016533958,9.069646077063881,0.005811574781969259
p358_T,0.6592430144792387,0.1947977953613227,0.0
p358_V,0.07982326123684667,3.087557701711837,0.0
p359_D,0.892924673589264,0.018146397411320694,0.0
p359_E,8.128996849013224e-17,77.36356017477385,0.0021163408936984373
p359_GAP,0.05445101193037034,3.725372709499822,0.0014268541731396107
p359_N,0.27858150345484206,1.1778854290826062,0.0
p359_PTGHV,1.3601603477985826e-08,33.92998602847466,0.0009744220865964629
p359_Q,0.7408991569019657,0.10952244304288017,0.0
p359_S,0.0014475797010516278,10.318054657591402,0.003811567148460653
p360_D,0.12535001689947764,2.3611697035412424,0.0
p360_E,5.2307670781074566e-21,101.64438768919669,0.00168739434359263
p360_GAP,0.9634821054888377,0.0020994046647913054,0.0
p360_KNVSRHGTI,0.05515027618482164,3.7038178162268216,0.0003769324713838213
p360_P,1.0255005667640354e-12,55.014660777843176,0.004013555748872534
p360_Q,0.0510619111465359,3.8341947029025136,0.0012099691314509233
p361_EVNPRGDIQ,0.9373202359583129,0.0061934629961407405,0.0
p361_GAP,0.3275936283345383,0.9612456956153335,0.0
p361_K,5.603492085070844e-26,132.4026160663608,0.003649463336440446
p361_S,0.5659964059121894,0.3300939480470742,0.0
p361_T,5.453065052409699e-07,26.119481401847963,0.0014724875024074127
p362_EVNDYR,0.1968794250871425,1.6721398280795434,0.0
p362_GAP,0.2183336420179269,1.5210993132998336,0.0
p362_K,0.3027386771895366,1.065427690358924,0.0
p362_L,0.04672870989799301,3.9850812274360887,0.0009192440829846508
p362_P,1.6277655597690852e-17,81.3073444179372,0.0008789093191097485
p362_Q,0.5437590501925691,0.36938485903177753,0.0
p362_S,1.928261335876144e-06,23.50090465378198,0.006245868290621857
p362_T,3.9474153475206375e-05,17.364846583369324,0.004098650280862291
p363_G,0.023598960606509928,5.17188055624842,0.0
p363_GAP,0.0999430988845976,2.7217612823482207,0.0
p363_PENKIDVL,0.7151676719561664,0.13339955206755025,0.0
p363_Q,0.058264667092682805,3.611229095408512,0.0
p363_S,0.006817517638269674,7.4138403273109725,0.006125110166527877
p363_T,0.43321612290416955,0.6156951637146986,0.0
p364_E,0.04609898400130081,4.008237706540123,4.477538602633815e-05
p364_GAP,0.0019683687055484095,9.734570177842057,0.005509416327869396
p364_KGTPVQCD,0.41852761465006016,0.6560944418874619,0.0
p364_L,0.005958385684293922,7.662187338056649,0.0007410957478271129
p364_S,0.4569670180357651,0.5546217186455511,0.0
