Base Model	R^2	MAE	MAPE	SQE	RSQE
GBC	0.9625426469686758	8.137063367074058	0.01971464872488265	177.66018940017184	13.328923039772262