Base Model	R^2	MAE	MAPE	SQE	RSQE

GBC	0.9642436456183368	8.811636453707498	0.021280643939338713	180.30805196359603	13.427883376154115

XGB	0.9694226378291394	7.699459639751873	0.018255502384403818	149.2672609032194	12.217498144187271