,R2,MAE,MSE,RMSE,MAPE
xgb,0.9573697644119704,6.342635745985831,161.90424349310848,12.527158757793444,0.014339451938647977
rf,0.9547156513161298,6.356495490765569,170.4388451368707,12.810736726822961,0.014316856681888557
gbr,0.9546901397334153,6.8418208460595284,172.43646954812917,12.962060552159523,0.015671107418641934
BayesianRidge,0.9488278083009287,8.845067210599384,195.40220216956357,13.785422404341878,0.01996127266447522
