,R2,MAE,MSE,RMSE,MAPE
gbr,0.9742154835334041,5.0049985338258205,67.52494051207894,7.9334055809024076,0.01077191097130934
xgb,0.9701217438564042,5.178608194166614,77.07063266667541,8.364851563946186,0.011220074924507944
rf,0.9699032027641193,5.152192137096768,75.15697459435479,8.45860101193426,0.011077542730422947
BayesianRidge,0.9240059120649233,8.73398279127169,190.51161540001993,13.475810661749298,0.019519866413881745
