,R2,MAE,MSE,RMSE,MAPE
gbr,0.9364265054736004,8.131731166016236,191.6252039235861,13.34715029065303,0.01766718477948727
rf,0.9264255606155475,8.422229498101581,223.22316474609084,14.413833511613742,0.018464762445032867
BayesianRidge,0.919786385426878,10.071890019455484,240.2250749064843,15.309621775338494,0.02207618273588053
xgb,0.9167461346726729,8.533496739842871,252.06565568445768,15.106784978388657,0.01826301335707413
