feature,rf,xgb,gbr,BayesianRidge,mean
1_H3,2.4098426870737187e-06,3.5941866372013465e-07,0.0,0.05820796560196065,0.01455268371582786
1_SCT,6.548710279522315e-06,1.0132972647625138e-06,0.0,0.03792861027601235,0.00948404307088916
1_PKA,2.1935157124913347e-05,1.6334993233613204e-06,0.0,0.03853530493115528,0.009639718396900887
1_PKB,4.190661784459161e-05,7.0557788944825e-08,0.0,0.02204803893663418,0.005522504028066929
2_H3,0.00011877766067978754,7.789656592649408e-06,0.0,0.030779207710574907,0.0077264437569618365
2_SCT,0.0002481641532829887,9.01003022590885e-06,0.00014371069108694935,0.08988778256073576,0.022572166858832902
2_PKA,0.0028605433003160404,1.627450001251418e-05,0.0,0.06289659888169216,0.01644335417050518
2_PKB,0.000134073205519465,3.2548241506447084e-06,0.0,0.040565271674534435,0.010175649926051137
3_H3,8.058009720440325e-06,2.2287147203314817e-06,0.0,0.1336043555905444,0.033403660578746296
3_P2,6.577755704734967e-05,2.087344546453096e-05,0.0,0.06600431788233638,0.016522742221212066
3_SCT,0.00010072399071457283,1.5457415258879337e-07,0.0,0.017571945698029855,0.004418206065724254
3_PKA,0.0003757431549865656,1.6981003909677383e-06,0.0007538632098726213,0.02019473409097939,0.005331509639057386
3_PKB,7.61365856213805e-05,0.0,0.0,0.013409824308304338,0.0033714902234814295
4_H3,2.968599545077386e-05,2.9760744837403763e-06,0.0,0.03345343878293555,0.008371525213217516
4_P2,7.860919049021299e-05,7.243569370984915e-07,0.0,0.024545498562043327,0.00615620802736766
4_SCT,8.2405312923377e-05,2.1288228424509725e-07,0.0,0.0027918183765169484,0.0007186091429311427
4_PKA,7.091980265416795e-05,4.006502081210783e-07,0.0,0.05622751186261146,0.014074708078868438
5_PKA,2.504554932099783e-05,6.887190124871267e-07,0.0,0.0433586997427314,0.010846108502766221
6_H3,1.114299393619252e-05,1.3106300684739836e-06,0.0,0.02092970905060595,0.005235540668652654
6_P2,5.05532576160893e-06,1.5083609241628437e-06,0.0,0.03930746939392526,0.009828508270152757
6_SCT,3.34962890594025e-06,1.4064559650250885e-07,0.0,0.045147287437452374,0.011287694427988704
6_PKA,4.152823396675247e-06,8.432041067862883e-05,0.0,0.11191242393686462,0.028000224292734983
7_H3,3.3214015145705535e-05,1.6680239696142962e-06,0.0,0.03707625264696733,0.009277783671520663
7_P2,8.556369983576175e-05,1.2472445405364851e-06,0.0,0.007967543161311137,0.002013588526421859
7_SCT,0.00021357781340607948,8.591284199610527e-07,0.0,0.015621668110920445,0.003959026263186621
7_PKA,0.00010945419401808248,1.3882539633414126e-06,0.0,0.05015656133078728,0.012566850944692176
7_PKB,5.308639914676177e-05,2.1773998014396057e-05,0.0,0.019564482501665353,0.004909835724706628
8_P2,0.00019740232497993874,9.986413260776317e-07,0.0,0.017001404452519978,0.004299951354706498
8_SCT,1.3847682807185389e-05,3.435205144342035e-06,0.0,0.0017197405991971938,0.0004342558717871803
8_PKA,0.00025564294569068867,4.420621553435922e-05,0.0,0.014380071709756553,0.0036699802177454005
8_PKB,6.006725624216006e-05,1.1564142141651246e-06,0.0,0.0030854287929545535,0.0007866631158527196
9_H3,1.4747994821222966e-06,3.191015593984048e-07,0.0,0.057138274647418406,0.014285017137114981
9_P2,2.5641711075239845e-05,8.126870852720458e-06,0.0,0.00762800244026005,0.0019154427555470026
9_SCT,5.3751215173230105e-05,0.0,0.0,0.006680649070841427,0.0016836000715036643
9_PKA,0.00525663888105822,9.25151016417658e-06,0.0,0.013442834477018774,0.004677181217060292
9_PKB,2.343018595135896e-05,4.456841509181686e-07,0.0,0.061588797999924345,0.015403168467506655
10_H3,4.7993497057387865e-06,4.135687504458474e-06,0.0,0.03219261152324708,0.008050386640114319
10_SCT,8.766677234119614e-06,5.442025781121629e-07,0.0,0.03798460804294339,0.009498479730688904
10_PKA,4.513927362243499e-06,1.4612346888043248e-07,0.0,0.007882962758652962,0.0019719057023710215
10_PKB,8.78611680278038e-05,1.0266653589496855e-05,0.0,0.01915571126495984,0.004813459771644286
11_H3,1.0413898156437234e-05,2.027363279921701e-06,0.0,0.003339017546060181,0.000837864701874135
11_P2,6.319180980404324e-05,6.007622914694366e-07,0.0,0.024068477793358356,0.006033067591363467
11_SCT,1.6051968413423203e-06,2.0904829511891876e-07,0.0,0.0006007012523247232,0.0001506288743652961
11_PKA,1.546767945904198e-05,5.638928612938798e-08,0.0,0.004188825852451227,0.0010510874802990996
11_PKB,1.2170750729170473e-05,3.409878900129115e-06,0.0,0.013976473744016725,0.003498013593411506
12_H3,1.2452778583126304e-06,1.2919128948851721e-06,0.0,0.03689607417356222,0.009224652841078854
12_PKA,1.0094272658633319e-05,0.0,0.0,0.050837099278509205,0.01271179838779196
13_SCT,4.921940794902985e-05,6.0461302382464055e-06,0.0,0.002499355077217809,0.0006386551538512713
13_PKA,5.973698016144889e-05,5.234331865722197e-07,0.0,0.009689245357100997,0.002437376442612255
13_PKB,0.0001336744240273747,3.287608706159517e-05,0.0,0.09910666734239519,0.02481830446337104
14_P2,2.09821833080189e-05,1.4506914567391505e-06,0.0,0.014072111650274359,0.003523636131259779
14_SCT,5.867722488228271e-06,4.686164345457655e-07,0.0,0.02203405008065677,0.005510096604894886
14_PKA,1.0547829091083782e-05,2.188245616707718e-06,2.3891776494626826e-05,0.020391493483047023,0.00510703033356236
14_PKB,2.7766955049856543e-05,4.490174433158245e-06,0.0,0.04575011163063761,0.011445592190030156
15_SCT,3.516599262820669e-06,2.1133000700501725e-05,0.0,0.061809194737250474,0.01545846108430345
16_H3,1.7813796573562595e-05,1.5560016208837624e-07,0.0,0.0008219886638873091,0.00020998951515574003
16_P2,5.680623535264986e-05,2.6966313271259423e-06,0.00020809303031120105,0.015032301212240388,0.0038249742773078413
16_SCT,4.340772021703998e-05,0.0,0.0,0.030342075554608668,0.007596370818706427
17_P2,5.673623031536088e-05,1.8294538676855154e-05,2.7385263231351437e-07,0.01405159126338093,0.003531723971251365
17_PKA,2.722376079416114e-05,0.0,0.0,0.029226368496774575,0.007313398064392184
18_H3,1.961213987667734e-06,2.8736471335832903e-07,0.0,0.008086396642781362,0.002022161305370597
18_P2,5.144266866245829e-07,1.0661679539225588e-07,0.0,0.0014670148076012452,0.00036690896277081554
19_P2,2.5562503872154867e-05,4.840213478018995e-06,0.0,0.02100284623558069,0.005258312238232716
19_SCT,1.8550383475644688e-06,0.0,0.0,0.05789728013942188,0.01447478379444236
20_P2,9.728454168718088e-06,7.878346082179633e-07,0.0,0.01322650918066935,0.0033092563673615717
20_SCT,0.0,0.0,0.0,0.04648169254079727,0.011620423135199318
21_H3,1.0333504767829066e-05,2.877294036807143e-06,0.0,0.02869579769416982,0.007177252123243614
21_P2,6.387718784572038e-05,5.163080913916929e-06,0.0,0.02249547024265334,0.005641127627853244
21_SCT,9.697130937634222e-05,0.0,0.0,0.032623347262835764,0.008180079643053027
21_PKA,1.0635573338040903e-05,2.3948022231934374e-08,0.0,0.011263972443818679,0.0028186579912947377
21_PKB,1.0157946298056858e-05,1.6093334807010251e-06,0.00017656411218055617,0.02380517040232139,0.005998375448570176
22_H3,1.6061221140052458e-05,1.3418548405752517e-06,0.0,0.003581583045165489,0.0008997465302865292
22_P2,2.351955263804081e-05,1.862377303041285e-06,0.0,0.021205584848815757,0.005307741694689209
22_SCT,0.00021671193287689397,0.00012878810230176896,6.300480281700457e-05,0.05373735719255643,0.013536465507638025
22_PKA,5.701731429487977e-06,2.0342138213891303e-06,0.0,0.012778086116879238,0.003196455515532529
22_PKB,0.0050159317465370635,1.6655430954415351e-06,0.0,0.03983033500565736,0.011211983073822466
24_H3,1.2705709819675898e-05,2.6169839202339062e-06,0.0,0.011770953785038877,0.0029465691196946964
24_P2,1.1603787137538493e-05,4.300655120914598e-08,0.0,0.004016592271845506,0.0010070597663835634
24_PKA,1.595723072570016e-05,0.0,0.0,0.013570093358781708,0.0033965126473768517
24_PKB,4.8274598658100976e-05,8.594668088335311e-07,0.0,0.031377399636919955,0.007856633425596723
25_H3,5.147610525136283e-07,4.857887958564788e-08,0.0,0.013450874028921714,0.0033628593422134535
25_P2,1.9190429944914727e-05,6.015751296217786e-06,0.0,0.0001488888838456867,4.3523766271704803e-05
25_SCT,6.111193249277892e-07,0.0,0.0,0.07477689541671792,0.01869437663401071
25_PKA,3.2654365595194244e-05,1.8940136214951053e-05,0.0,0.02405764894754664,0.006027310862339196
25_PKB,9.399054327971132e-06,1.0671629979697173e-07,0.0,0.012864099384231047,0.0032184012887147037
26_H3,4.858661114251735e-06,1.218833062921476e-06,0.0,0.025067652231996005,0.006268432431543294
26_P2,8.659068496277982e-06,3.824000941676786e-06,0.0,0.017425539160448793,0.004359505557471687
26_SCT,5.1797142968586965e-06,0.0,0.0,0.03951694784554768,0.009880531889961134
26_PKA,4.271041847646861e-06,6.757243227184517e-06,0.0,0.0005403233907774673,0.0001378379189630747
26_PKB,6.516344612547746e-06,2.91972446575528e-06,0.0,0.0328525195724863,0.00821548891039115
27_H3,8.262524902082242e-06,9.505355592409614e-06,0.0,0.007600481529014302,0.0019045623523771984
27_SCT,9.781362849870093e-06,1.167029362036942e-09,0.0,0.015105987427773084,0.003778942489413079
27_PKA,2.404288696820978e-05,1.848628699008259e-06,0.0,0.015715581502031513,0.0039353682544246826
27_PKB,7.599441604924003e-05,3.5704172773876053e-07,0.0002115442005740135,0.005068481495489354,0.0013390942884600866
28_PKA,0.0,0.0,0.0,0.002402437669208895,0.0006006094173022237
29_H3,1.5302918256569205e-06,7.726705916866194e-06,0.0,0.005312265294373249,0.001330380573028943
29_P2,2.2453489168018576e-06,1.0945520045879675e-07,0.0,0.015791838577860973,0.003948548345494559
29_SCT,3.15957771808946e-07,0.0,0.0,0.026359822593093156,0.006590034637716242
29_PKA,2.820970047527368e-06,1.728923507471336e-06,0.0,0.011669530193946752,0.0029185200218754376
29_PKB,3.2181134352073455e-06,0.0,0.0,0.0011277779335044716,0.00028274901173491973
30_H3,3.208333423319045e-05,6.394657248165458e-07,0.0,0.039428646598092656,0.009865342349512666
30_PKB,1.465761621403115e-05,0.0,0.0,0.0029079377650983846,0.0007306488453281039
31_P2,3.4723323636363915e-06,4.815650754608214e-06,4.254837125151638e-05,0.0033414528631412524,0.0008480723043777533
31_PKA,1.374847344834382e-06,5.1814971868680004e-08,0.0,0.011707678565495813,0.002927276306953129
31_PKB,3.352293353966025e-06,0.0,0.0,0.03251261196376346,0.008128991064279356
32_P2,1.1263177542880944e-05,1.0544260476308409e-05,0.0,0.017626373807745562,0.004412045311441188
32_SCT,4.504178883795334e-06,0.0,0.0,0.061401588542190313,0.015351523180268526
32_PKA,1.0078082798768165e-05,0.0,0.0,0.0012707288964959244,0.00032020174482367316
33_H3,9.151185592368525e-06,0.0,0.0,0.05950137548599795,0.01487763166789758
33_SCT,8.035004037094264e-06,2.6087141691277793e-07,0.0,0.043004703373252955,0.01075324981217674
33_PKA,0.00017349996746357057,5.638326456391951e-06,0.0,0.014820316470885431,0.0037498636912013483
33_PKB,0.00026366656656917674,4.912863005301915e-05,0.00012626445749803144,0.022664324711452723,0.005775846091393238
34_H3,5.708128069305693e-06,1.248989036639614e-07,0.0,0.05660272587239896,0.014152139724842982
34_P2,0.0001186994702245822,1.2313893194004777e-06,0.0,0.005398033257552506,0.0013794910292741222
34_SCT,4.948529759677517e-05,9.787030421648524e-07,0.0,0.04429546353066023,0.011086481882824793
34_PKA,0.00022373224288714066,6.921522435732186e-05,0.0,0.006975522602293143,0.0018171175173844014
34_PKB,4.0745890863727355e-05,4.690546404617635e-07,0.000634803085935577,0.004131100673396708,0.0012017796762091185
35_H3,2.8713698148152977e-06,2.7024563564737036e-07,0.0,0.04489000220407064,0.011223285954880275
35_P2,7.020738606023281e-05,5.423018123451584e-08,0.0,0.06720331316511845,0.016818393695339977
35_PKA,2.8400801631332657e-05,4.954878477292368e-06,0.0,0.02907409673520641,0.007276863103828759
35_PKB,4.650159539238889e-05,2.048574430091321e-07,0.0,0.08336314683263774,0.020852463321368284
36_H3,2.5374511695574592e-05,1.6375441873606178e-06,0.0,0.021787896047050438,0.005453727025733343
36_P2,0.00012294939513459292,1.50784217112232e-06,0.0,0.014169646886377195,0.0035735260309207274
36_SCT,9.234797903039586e-06,9.153258361038752e-06,0.0,0.02141252342800007,0.005357727871066037
36_PKA,8.959636831601607e-05,1.9309529761812882e-06,6.910954573494536e-05,0.03779282316584849,0.009488365008218909
36_PKB,3.546941380194516e-05,5.9031297183764764e-08,0.0,0.03539659874100404,0.008858031796525792
37_H3,5.11850470872143e-05,3.949035090045072e-05,0.0029540932423884046,0.09528080822879052,0.02458139421729165
37_P2,4.149653530253434e-05,0.0,0.0,0.0007194195789170366,0.00019022902855489273
37_PKB,2.732502166081567e-05,0.0,0.0,0.0051098849669641185,0.0012843024971562335
38_P2,0.00017138573527743787,7.2529569479229394e-06,0.0,0.007337964533898943,0.0018791508065310759
38_SCT,2.8659268160173664e-05,2.7353523819328984e-06,0.0,0.006302521997410926,0.0015834791544882582
39_H3,1.766517982870125e-08,0.0,0.0,0.03141567156423782,0.007853922307354412
39_P2,7.675246993234136e-05,1.4572235613741213e-06,6.06292335053614e-05,0.08010336503634174,0.020060550990835205
39_SCT,8.596836202145393e-06,3.521255109717458e-07,0.0,0.008822585193523068,0.0022078835388090463
40_H3,2.0527643795950417e-05,1.8503686760595883e-07,0.0,0.012579487394369161,0.003150050018758179
40_P2,5.675384859861576e-06,6.497098365798593e-05,0.0,0.02549068147469088,0.006390331960802183
40_SCT,0.00010312208196535217,0.0,0.0,0.023335834037868028,0.005859739029958345
40_PKA,0.0001352882931892278,0.0,0.0,0.004852817633506504,0.001247026481673933
40_PKB,7.432843307220892e-05,0.0,0.0,0.032523355185580825,0.008149420904663258
41_H3,7.472640035898273e-05,1.0527704944252037e-05,0.0,0.009392965320455839,0.0023695548564397683
41_P2,4.280262001251577e-05,3.91410958400229e-06,0.0,0.019915401766016187,0.004990529623903176
41_SCT,2.6046783390616267e-05,8.156042895279825e-05,0.0,0.001621492444794932,0.00043227491428458664
41_PKA,5.0249890155712724e-05,4.811551548300486e-07,0.0,0.026280067100804532,0.0065826995365287685
41_PKB,2.3960657975664965e-05,1.7403444871888496e-06,0.0,0.029680065801022462,0.007426441700871329
42_H3,1.9963600746286225e-05,1.4373948431511963e-07,0.0,0.034510941280084716,0.008632762155078829
42_P2,0.00016327593943912816,9.145831427304074e-06,0.0,0.037892389691171764,0.009516202865509549
42_SCT,7.838182338250541e-05,3.736981398105854e-06,0.0,0.05363254557081426,0.013428666093898717
42_PKA,0.00031111504630521806,2.4503582608303986e-05,0.0003036334634245733,0.00014292767233797056,0.0001955449411690165
42_PKB,0.000272795180414549,2.8235635909368284e-06,0.0,0.006202645755651094,0.001619566124914145
43_H3,0.02570134550366202,0.0,0.0,0.0172782228001964,0.010744892075964605
43_P2,2.4937571940859435e-05,0.0,0.0,0.01795676304641822,0.00449542515458977
43_PKA,1.015627738819773e-05,0.0,0.0,0.037691314756691775,0.009425367758519994
43_PKB,1.746801643244476e-08,0.0,0.0,0.007479890800329046,0.0018699770670863698
44_P2,9.139317476882636e-05,3.32725153384672e-06,8.966528903668192e-05,0.006990072896145644,0.0017936146528712497
44_PKB,4.934670437739665e-05,8.021034147986938e-08,5.6671177186912075e-05,0.06983295546447257,0.01748476338909459
45_P2,0.0020932482700891657,7.374134838755708e-06,0.0,0.026868354411415152,0.007242244204085768
45_SCT,3.2657038776569374e-05,1.4330751127999974e-06,0.0,0.0418922019297034,0.010481573010898193
45_PKA,9.720399194496674e-06,2.1343069533941161e-07,0.0,0.03890688524726079,0.009729204769287656
45_PKB,8.202277799551229e-05,0.0,0.0,0.0027554103456519535,0.0007093582809118665
46_H3,4.50242786978153e-05,2.56576640822459e-06,0.0,0.006613843445363507,0.0016653583726173866
46_SCT,0.0001183689188843692,2.833475946317776e-06,0.0,0.01781127155587361,0.004483118487676074
46_PKA,0.0002865390585350869,0.00013655875227414072,0.0002767187367036409,0.0146468430271677,0.0038366648936701423
46_PKB,0.00021262526933681547,3.925160854123533e-06,0.0,0.00701455254775898,0.0018077757444874797
47_P2,3.921259924893368e-06,7.925841600808781e-07,0.0,0.008262788941985217,0.0020668756965175478
47_PKA,5.208016769819435e-06,3.6162768424219394e-07,0.0,0.014511871765632286,0.003629360352521587
47_PKB,6.078994674802919e-06,0.0,0.0,0.025290989928120337,0.006324267230698785
48_P2,9.851911256747157e-06,4.472038654057542e-06,0.0,0.013283607911751965,0.0033244829654156924
48_SCT,2.287187856448158e-05,0.0,0.0,0.028823531670058765,0.007211600887155812
48_PKA,9.088442068750413e-05,1.351437094854191e-05,0.0,0.02501556481074121,0.0062799909005943145
48_PKB,2.089575697144234e-05,2.2655120801573503e-07,0.0032066386889755523,0.02638870840695087,0.00740411735102647
49_H3,0.0004982277155366726,1.627074925636407e-05,0.0004695060373164782,0.04330458719892113,0.011072147925257661
49_P2,0.0011709572549497892,6.335224497888703e-06,0.0005529197159797699,0.0671154486147374,0.01721141520254121
49_SCT,0.0002237261149742835,9.323815675088554e-07,0.0,0.03317854756974056,0.008350801516570588
49_PKA,0.00027895964032686224,1.6187022993108258e-06,0.0,0.042486255457296035,0.010691708449980552
49_PKB,0.00041584246955971965,4.6352888602996245e-06,0.0,0.07787061717526952,0.019572773733422387
50_H3,1.1930183737223989e-05,7.558477932434471e-07,0.0,0.027262316482437324,0.006818750628491948
50_P2,0.00010097434297719366,4.356258796178736e-05,0.0,0.07705678042505087,0.019300329338997464
50_SCT,7.549803387891931e-06,0.0,6.919631182992106e-05,0.03297707531955952,0.008263455358694332
50_PKA,0.00016294602042489303,5.807452907902189e-06,0.0001474710785818205,0.0022538924985030092,0.0006425292626044063
50_PKB,0.001427351832417468,0.00041332669206894934,0.0,0.043150037932709,0.011247679114298855
51_P2,1.501101117132643e-06,0.0,0.0,0.001997414482454742,0.0004997288958929686
51_SCT,9.939499948663376e-06,0.0,0.0,0.012806011780034135,0.0032039878199956995
51_PKA,1.6625261357320404e-06,0.0,0.0,0.0029331360718013186,0.0007336996494842627
51_PKB,6.079218419763929e-06,0.0,0.0,0.0017714484501014176,0.0004443819171302954
52_H3,8.715551977988241e-05,5.886111466679722e-06,0.0,0.09482399844000272,0.02372926001781232
52_P2,0.00199923707337349,3.4413151297485456e-05,0.0003454085661862564,0.042782064747781394,0.011290280884659656
52_SCT,0.00017046131339410546,6.316317069376964e-08,3.250754785946978e-06,0.07019883196086252,0.017593151798053316
52_PKA,6.790743597789755e-05,8.818225296636228e-07,0.00011100845704900657,0.01427472456185655,0.0036136305693532794
52_PKB,0.00012895013820545383,0.0,0.0,0.06892317637186605,0.017263031627517876
53_H3,6.791871548961121e-06,0.0001443780929548666,0.0,0.02855596771759951,0.007176784420525834
53_P2,0.00038115106052447967,5.845608757226728e-05,0.0,0.054254988689915004,0.013673648959502937
53_SCT,1.4020150211063565e-06,1.0898671689574257e-06,0.0,0.0029452124786229377,0.0007369260902032504
53_PKA,0.0010080246846444036,2.4260327791125746e-07,0.0,0.05411875045001996,0.01378175443448557
53_PKB,0.0002786163435546264,0.0,0.0,0.008256832830891852,0.0021338622936116197
54_P2,7.86720215893793e-06,4.553060989564983e-06,0.00022365524202938364,0.04821646612504129,0.012113135407554794
54_SCT,2.0743201818831121e-07,0.0,0.0,0.08598787577287567,0.021497020801223465
54_PKA,5.3328872379146494e-06,0.0,0.0,0.029110183603848448,0.007278879122771591
54_PKB,1.2882633194678186e-05,0.0,0.0,0.03986276470157095,0.009968911833691406
56_P2,0.00013191402788298028,3.501658966342802e-06,0.0028927662231393414,0.03704264997437877,0.010017707971091859
56_SCT,1.9570466720549243e-05,0.0,0.0,0.006872211659366107,0.0017229455315216642
56_PKA,0.0001003664001667677,7.194010436251119e-07,0.0,0.059695343316169915,0.014949107279345076
56_PKB,0.00011695419644268908,4.520341462921351e-06,0.0,0.07260439587634644,0.018181467603563012
57_H3,1.232402173943438e-05,0.0,0.0,0.02274977455068508,0.005690524643106129
57_P2,2.129385848973383e-05,1.7464270740674692e-06,0.00011177040501450114,0.0010066479186090908,0.0002853646522968483
57_SCT,1.1825052602629114e-05,0.0,0.0,0.04224241872800154,0.010563560945151042
57_PKA,5.138762745231805e-05,6.268902552619693e-07,0.0,0.020295881370915852,0.005086973972155858
57_PKB,3.1729644281721155e-05,2.128035134774109e-07,0.0,0.06806932981951368,0.01702531806682722
58_P2,1.2077240624912786e-06,1.9461490410321858e-06,0.0,0.009280004021266039,0.0023207894735923907
60_H3,3.902457882558566e-06,3.0801842854089045e-07,3.7415958630013654e-05,0.0025249136613525944,0.0006416350240734268
60_P2,4.611944227518764e-05,3.858074251184007e-06,2.200887621698841e-05,0.010740105351521183,0.002703022936066136
60_SCT,9.794677913548297e-06,0.0,0.0,0.023623144596359148,0.005908234818568174
60_PKA,0.0002165978366631035,8.3761033238261e-06,8.0837742430302e-05,0.0005351728109846563,0.00021024612335047196
60_PKB,5.763141201517886e-05,0.0,2.970378314956675e-05,0.03647697502396747,0.009141077554783054
61_SCT,3.320868088399956e-05,0.0,0.0,0.013062064205366607,0.003273818221562652
61_PKA,4.736346702537e-05,0.0,0.0,0.009788283371482619,0.002458911709626997
61_PKB,3.090170333200645e-05,0.0,0.0,0.00767003558905065,0.001925234323095664
62_H3,5.389328917315225e-07,0.0,0.0,0.009664953677179532,0.002416373152517816
62_SCT,1.2900311692681903e-08,0.0,0.0,0.016049419382679692,0.0040123580707478465
62_PKA,3.2661306595548575e-09,1.6510708178429923e-07,0.0,0.00671013971815424,0.0016775770228416708
63_H3,8.769541012424217e-06,0.0,0.0,0.002836343001373679,0.0007112781355965257
63_SCT,3.858416528496516e-06,0.0,0.0,0.04170308450041702,0.010426735729236379
63_PKA,0.0002829543035949954,1.3481032965501072e-06,1.4211385157200346e-05,0.020217831035743077,0.005129086206947956
63_PKB,0.00015600830576995465,2.913521939262864e-07,0.0,0.02958168782438754,0.007434496870587855
64_P2,0.00012389123352959952,5.981050890113693e-07,0.0,0.008601789018799245,0.002181569589354464
64_SCT,3.539259497919766e-06,1.035636501001136e-06,0.0,0.0015785054514827171,0.0003957700868704095
64_PKA,5.4987263174268504e-05,5.082007987766701e-07,1.5571855994876177e-06,0.007007660889102617,0.0017661783846687875
64_PKB,3.80842177194119e-05,6.962504244256706e-07,0.0,0.06091543756702739,0.015238554508792808
65_P2,0.23516476591733795,0.0,0.0,0.02577090640627916,0.06523391808090429
65_SCT,0.00021398716711041316,0.0,0.0,0.0011209069568358446,0.0003337235309865644
65_PKA,4.598130129718843e-05,2.428869905202191e-08,0.0,0.001752038596560555,0.00044951104663919884
66_H3,2.3928402024719598e-08,2.592280168300931e-07,0.0,0.05021065844830973,0.012552735401182145
66_PKB,1.545811832811415e-07,0.0,0.0,0.01388030522602054,0.003470114951800955
67_PKB,2.938670486375857e-07,2.205714366709799e-07,0.0,0.007888700022456353,0.0019723036152354155
69_SCT,1.8616207973679014e-06,0.0,0.0,0.030180152158217028,0.007545503444753599
69_PKB,3.020696822557078e-06,0.0,0.0,0.009947341527035974,0.002487590555964633
70_H3,2.1324040653826076e-07,0.0,0.0,0.015583715207736555,0.0038959821120357735
70_P2,4.0983705771561115e-06,1.8427782322305575e-07,0.0,0.0032600085870429746,0.0008160728088608385
70_SCT,2.613714554303545e-07,0.0,0.0,0.019610271195736217,0.004902633141797912
70_PKA,7.532623778953231e-06,1.3212499538894917e-07,0.0,0.005594129481489631,0.0014004485575659933
70_PKB,1.5263600352792268e-06,0.0,0.0,0.01679853254757501,0.004200014726902572
71_P2,1.0668260186166275e-06,6.559862981703191e-07,0.0,0.01073468593295406,0.002684102186317712
71_SCT,6.443452283338134e-06,0.0,0.0,0.04379927451501018,0.01095142949182338
71_PKA,1.2411599967769368e-06,0.0,0.0,0.02400632393012255,0.006001891272529832
71_PKB,1.2354926255373061e-06,0.0,0.0,0.10129075950168663,0.025322998748578043
74_H3,4.477603056470734e-06,1.6441555317214807e-06,0.0,0.02585059218779736,0.006464178486596388
74_P2,3.7664058076559356e-06,2.4552551991519067e-08,6.064701674035663e-08,0.0057965370881544595,0.0014500971733827119
74_PKA,2.7467963090939582e-05,0.0,0.0,0.04250135474439044,0.010632205676870345
74_PKB,7.810362718601822e-06,0.0,0.0,0.02040725492171322,0.005103766321107955
77_P2,4.466445626310737e-07,0.0,1.5284444969812236e-05,0.018007341162486867,0.004505768063004827
77_PKA,1.7872114355265448e-06,0.0,0.0,0.004957815617160325,0.001239900707148963
77_PKB,2.9295485494332293e-07,0.0,0.0,0.003343430377146393,0.0008359308330003341
79_P2,7.599209175372807e-05,2.303027758898679e-05,0.0,0.017329675593014446,0.00435717449058929
79_PKA,0.0004391119348528524,0.0,0.0,0.006238421376914729,0.0016693833279418952
79_PKB,8.66154259306662e-05,0.0,0.0,0.0012573260908834518,0.0003359853792035295
80_H3,6.5476554386510705e-06,0.0,0.0,0.006073768067798595,0.0015200789308093116
80_P2,1.8151840973886564e-05,6.519200042021112e-07,0.0,0.0220535988484613,0.0055181006523598464
80_SCT,3.6858139193262377e-07,0.0,0.0,0.011383026442195495,0.002845848755896857
80_PKA,4.0934338559796e-06,1.570367385284044e-05,0.0,0.02289578645820845,0.005728895891479318
81_P2,6.657825248097967e-05,1.8206327467851224e-06,0.0,0.015769771776710666,0.0039595426654846074
81_SCT,9.55557827706811e-06,0.0,1.5393068403519878e-05,0.020431775583095103,0.005114181057443923
81_PKA,0.00011410405720304897,4.502623141888762e-06,3.307936191304723e-05,0.016955893852567336,0.00427689497370633
81_PKB,0.000130493993219121,0.0,0.0,0.022316718909396835,0.005611803225653989
82_H3,1.3305305788152343e-05,3.940930426438172e-08,0.0,0.032533437725277094,0.008136695610092377
82_P2,3.854419151329734e-05,7.414997327259698e-08,0.0,0.012512765770334623,0.0031378460279552984
82_SCT,0.00014320715579385607,3.746524441794463e-07,0.0,0.05408064642671904,0.013556057058739268
82_PKA,4.335579253861773e-06,0.0,0.0,0.0477500526894638,0.011938597067179415
82_PKB,7.668173100165236e-05,0.0,4.702369618112933e-05,0.017057423985041245,0.004295282353056006
83_H3,4.546249743541447e-06,2.889015036089404e-07,0.0,0.03710700097761648,0.009277959032215908
83_P2,0.00017496244472048537,1.8659206943993922e-06,7.572272075892686e-05,0.028284351987728027,0.00713422576847546
83_SCT,0.00042584916542605947,0.00012607985991053283,0.0009449214298467416,0.05279695291084467,0.013573450841507002
83_PKA,0.00014956123470664736,7.14344423613511e-08,0.0010815483314092743,0.018066458353452032,0.004824409838502579
84_P2,0.0030426090763035407,2.318667247891426e-05,0.0044326263194968815,0.1013985848636173,0.02722425173297416
84_SCT,0.0006547909201000723,1.7292934444412822e-06,0.0006461184627668076,0.07920958584423914,0.020128056130137614
84_PKA,0.0010642680999969369,4.495817847782746e-05,0.0007269536757820824,0.1339784477080499,0.03395365691557668
84_PKB,0.00035255739995784644,2.5058764094865182e-06,0.0,0.022846347283185523,0.005800352639888214
85_H3,5.2943772722654306e-08,7.553774850066475e-08,0.0,0.017040263708867236,0.004260098047597115
85_P2,3.754631027059163e-05,2.546833854921715e-07,0.0,0.003995039183990552,0.0010082100444116589
85_PKA,5.077663793557134e-06,7.095542855495296e-07,0.0,0.0257465545781944,0.006438085449068377
85_PKB,1.6064634115676523e-05,1.3493229289451847e-06,0.0,0.007174330491719508,0.0017979361121910323
86_H3,0.0006824809369106789,9.017133379529696e-06,8.349029885929463e-05,0.4064128818747782,0.10179696756098193
86_P2,0.0006009065066543125,8.670614988659509e-06,0.006122613756138599,0.23210780879637516,0.05970999991853918
86_SCT,0.00025670600292793404,3.2857806218089536e-06,0.0,0.10141032024497336,0.025417578007130775
86_PKA,0.07987157915603861,0.0009707373101264238,0.07453982887239906,1.0,0.28884553633464105
86_PKB,0.0010788365453618294,5.5154203437268734e-05,0.00442366683097157,0.16632990501803432,0.04297189064945125
87_H3,2.95692019887888e-05,2.8421848696780216e-07,0.0,0.03435234605944508,0.008595549869980209
87_SCT,5.871901411115728e-07,0.0,0.0,0.05483035271299004,0.013707734975782789
87_PKA,0.00674022638001636,0.00486758491024375,0.07398920864943949,0.04810731718821529,0.03342608428197872
87_PKB,0.00330874777037083,2.316703466931358e-05,0.0,0.03926118209469446,0.01064827422493365
88_H3,4.742516353181534e-06,4.142298621445661e-06,0.0,0.014165640249831376,0.0035436312662015007
88_P2,9.476317842065196e-05,1.8863842115024454e-06,0.0,0.035648907968286826,0.008936389382729745
88_SCT,2.2631508682052248e-05,2.7463362130220048e-05,0.0,0.02463848057211534,0.006172143860731903
88_PKA,0.0002734805474741909,2.048697524514864e-06,4.447363989811116e-05,0.019076245705543244,0.004849062147610015
89_P2,1.949184980123302e-05,6.29980604571756e-06,0.0,0.020646724933262948,0.0051681291472774745
89_SCT,2.6746951523645162e-05,9.761046015910324e-08,0.0,0.0551701068889014,0.013799237862721301
89_PKA,7.326462003178554e-06,1.7867521819425747e-05,0.0,0.030375328582107522,0.007600130641482531
89_PKB,3.363943988221482e-05,0.0,0.0,0.05463841489577359,0.013668013583913952
90_H3,0.0009369793785953629,2.0196182958898135e-05,0.00018283237659413865,0.016904182026169244,0.004511047491079411
90_P2,0.0017769099359528624,5.0993279728572816e-05,0.004416156595153365,0.12829009010377737,0.033633537478653046
90_SCT,0.0012400141796547611,9.973477972380351e-07,1.8928956241091846e-05,0.10798158809750158,0.027310382145298667
90_PKA,0.0013651636720908434,6.57633734135743e-07,0.002755580635366028,0.11831038390608646,0.030607946461819368
90_PKB,0.0017564034826095848,2.8265771106816828e-05,0.0009314183091590038,0.1929665650118606,0.048920663143684005
91_H3,2.341816951575597e-05,2.1572129753621994e-06,0.0,0.011251944605379347,0.0028193799969676164
91_P2,0.00011238793192236462,2.2288372747425456e-06,0.0,0.04074101300440806,0.010213907443401291
91_PKA,0.00028367158208986344,7.384614036709536e-06,5.039085176833876e-05,0.020320114642124687,0.0051653904225049
91_PKB,0.0002567495264692755,3.7397076084744185e-06,0.00018434526591042992,0.06552093898621592,0.016491443371551024
92_H3,1.0360048285353305e-05,9.811997188080568e-07,0.0,0.008376648055124437,0.0020969973257821497
92_P2,1.6721203566886392e-05,2.9453383376676356e-07,3.7037945639957286e-06,0.035303524545230544,0.008831061019298798
92_SCT,1.1933785729031115e-05,1.8641469523572596e-07,0.0,0.007025497803785608,0.0017594045010524686
92_PKA,7.412207259557546e-05,1.0798068217354739e-07,0.0005389687867058662,0.031439184361642995,0.008013095800406652
92_PKB,2.5424962369487248e-05,0.0,3.6833696483355913e-06,0.00904664796957911,0.002268939075399233
93_H3,0.0015084637426695385,2.5462053599767387e-05,0.0010472220828639728,0.467903733088243,0.11762122024184407
93_P2,0.007763272137274408,0.00011921297846129164,0.0047994690707866055,0.18328609647214206,0.04899201266466609
93_SCT,0.0005205212461470509,5.121046797285089e-06,0.0004611082527001088,0.054028801100477065,0.013753887911530378
93_PKA,0.0018026366922750537,2.5232393454643898e-05,0.0005480826975954076,0.02456806243506449,0.006736003554597398
94_H3,0.0007779003270661823,5.32158519490622e-05,0.0,0.14651263526807073,0.036835937861771494
94_P2,0.006894686900317912,3.304510869384103e-07,0.03293282755950029,0.011701424365948968,0.012882317319213528
94_SCT,0.07926100127972126,0.008191242814064026,0.38365914166052706,0.11612714959412745,0.14680963383710993
94_PKA,0.0012789730306970813,6.133072020020336e-05,7.196461377634235e-05,0.11625865849734937,0.02941773171550575
94_PKB,0.0004932865413831005,0.00036130668013356626,0.16483211212686738,0.03535194904421449,0.05025966359814963
95_P2,4.016122620240466e-05,6.049681360309478e-06,0.0,0.01900092281646988,0.004761783431008149
95_SCT,4.9113881667208375e-06,5.189491858459405e-08,0.0,0.0011727906347952254,0.0002944384794701327
95_PKA,5.586487514798458e-05,2.411158857285045e-05,0.0,0.03281304486230322,0.008223255331506014
95_PKB,5.634343511408488e-05,8.262678079518082e-07,0.000557449578364311,0.06752145220465919,0.017034017871486385
96_H3,9.971742719022416e-06,0.0001368325756629929,0.0,0.02039351106359137,0.005135078845493347
96_P2,0.007017425519904966,0.0004781653406098485,0.005320768561636549,0.06616894665130543,0.0197463265183642
96_SCT,1.8108100146091073e-05,2.3253799099620664e-06,0.0,0.009616417466379975,0.002409212736609007
96_PKA,7.554182942453113e-05,2.56947005254915e-05,0.0,0.019844584176587503,0.0049864551766343815
96_PKB,6.3970512300817e-05,8.058339631134004e-07,0.0,0.09286197419222306,0.02323168763462175
97_H3,0.00023431419124331763,7.72965563555772e-07,0.0,0.04815700039284259,0.012098021887412366
97_P2,0.0001220370999350029,5.223725111136446e-06,3.951444111548449e-05,0.09227066030147739,0.023109358891909754
97_SCT,0.00012719291824761587,0.0,0.001333084035547226,0.09715198928934723,0.02465306656078552
97_PKA,0.00019613807749611944,0.0,0.0,0.10797028709518719,0.027041606293170827
97_PKB,0.001219381478676892,6.765366561012343e-05,0.0,0.1320503663947458,0.0333343503847582
98_P2,3.6772319108708675e-05,6.216002930159448e-07,0.0,0.0060889490099017346,0.001531585732325865
98_SCT,0.0006783965071753302,6.425531751119706e-07,0.0,0.04899754512032157,0.012419146045168002
98_PKA,0.0023400991277878194,0.0,0.0,0.022254352106613882,0.006148612808600426
98_PKB,8.033143132411111e-05,5.683163522007817e-07,0.0,0.03769294138830794,0.009443460283996064
99_H3,2.2156325668373077e-05,1.615023052181641e-06,0.0,0.0108846197476377,0.0027270977740895637
99_P2,0.00013972278634939237,1.6757849152782e-06,0.0,0.009894039116822998,0.002508859422021917
99_SCT,0.00013475387804472546,3.905707671947312e-06,0.0,0.017043645887386737,0.004295576368275852
99_PKA,0.00017580492657588348,1.4593980267818552e-05,0.0,0.04245804262132217,0.010662110382041467
99_PKB,0.00015864647403299943,3.0375986170838587e-07,0.00020207535570085095,0.04625182275155355,0.011653212085287277
100_H3,4.4300072869644786e-05,7.300430297618732e-06,0.0,0.010282755278999998,0.0025835889455418154
100_P2,0.0005425188691174645,2.7418962417868897e-05,0.000311502705013127,0.0751950882442098,0.019019132195189564
100_SCT,8.61481777231086e-05,6.045016107236734e-06,6.578399150203753e-05,0.03921961124042286,0.00984439710643881
100_PKA,0.0008066875517327814,5.2308319027360994e-06,0.0,0.024703074413347022,0.006378748199245635
100_PKB,0.0011326033914543614,1.1468257525848458e-06,0.0001236940367409141,0.0812522762305013,0.02062743012111229
101_H3,8.613462848580188e-07,0.0,0.0,0.019141956506932817,0.004785704463304419
101_P2,6.055057910447429e-06,4.725388293991273e-07,0.0,0.018586383644051154,0.0046482278101977505
101_PKA,6.647510861572822e-05,0.0,0.0,0.002419087708117249,0.0006213907041832444
101_PKB,4.3173272346008675e-05,5.555570510296093e-07,0.0,0.0007074053897138439,0.00018778355477772055
103_H3,1.3506272047522316e-06,5.674502290275996e-07,0.0,0.0064342371337042575,0.0016090388027845094
103_SCT,0.0,0.0,0.0,0.0008459190887921883,0.00021147977219804708
103_PKA,8.932777752605694e-07,0.0,0.0,0.003926631424431174,0.0009818811755516086
104_P2,0.03388291579440196,0.002303387736901641,0.029279153943857925,0.07391341201042399,0.03484471737139638
104_SCT,4.127083928379581e-05,1.4451663332692988e-07,0.0,0.037872868163947,0.009478570879966031
104_PKA,5.5464443010777364e-05,1.0268257710777107e-06,0.0,0.067599919034948,0.016914102575932462
104_PKB,0.00031383713043422226,0.0,0.0,0.06616652588918354,0.016620090754904438
105_P2,3.080218709966253e-05,2.5597091735107824e-07,0.0,0.016202969553952614,0.004058506927992407
105_SCT,1.7095332525771e-05,0.0,0.0,0.04121833888066381,0.010308858553297396
105_PKA,3.6634522389086587e-05,1.6561418760829838e-06,0.0,0.04084296296671387,0.01022031340774476
105_PKB,7.314837228273533e-05,0.0,0.0,0.025447911299275483,0.006380264917889554
107_H3,3.8089014027186714e-05,1.945505800904357e-06,0.0,0.05136153355364136,0.012850392018367364
107_SCT,1.3756751879218168e-05,1.0700786106099258e-06,0.0,0.0017469460689099438,0.00044044322484994297
107_PKA,0.008805167693093576,6.661561542387062e-07,0.0,0.015929305135352602,0.006183784746150105
107_PKB,2.2868583829468676e-05,1.127489213104127e-06,0.0,0.0024057733824680233,0.0006074423638776491
108_H3,0.0009777900038739965,4.932837782689603e-06,0.0004905936524567813,0.0673851874575919,0.01721462598792634
108_P2,0.0003012313067570646,2.5967076453525806e-06,0.0,0.09911133739507168,0.024853791352368523
108_SCT,0.00011384795349015376,4.830024522561871e-07,0.0004971998449752494,0.02027408658422017,0.005221404346284457
108_PKA,0.00013323924912161296,5.356784186005825e-06,0.0,0.08998098517775999,0.022529895302766903
108_PKB,0.00028686196293469733,7.785924935888033e-06,0.0,0.014405309115098092,0.0036749892507421692
109_SCT,0.0015597029928021593,1.2135801625845488e-06,0.0,0.05033091266826438,0.01297295731030728
109_PKA,0.00025650398475432696,1.0313060556654818e-05,0.0015857378890211363,0.05740319527664983,0.014813937552745488
109_PKB,0.004254018854753706,6.033021054463461e-05,0.008891360161251348,0.12319781545987966,0.03410088117160734
110_H3,1.1401021840677619e-05,6.112128176027909e-06,0.0,0.004330688019650652,0.0010870502924168394
110_P2,2.7810995890960975e-05,0.0,0.0,0.003287285306449362,0.0008287740755850807
110_SCT,3.9569383750660115e-05,0.0,0.0,0.02169381598306633,0.005433346341704248
110_PKA,4.891748376353912e-05,0.0,0.0,0.002287593232309184,0.0005841276790181808
111_H3,4.758922623009649e-05,1.18266029858205e-06,0.0,0.09958770554578057,0.02490911935807731
111_P2,0.00031156679868414117,7.428853859892115e-05,0.0,0.03401325050027047,0.008599776459388383
111_SCT,5.675261199405362e-05,1.1325895684421994e-05,2.2855725222786237e-06,0.02230226842209823,0.005593158125574747
111_PKA,0.00014546522246922049,3.3477095939815626e-07,0.0,0.018727899856456707,0.0047184249624713315
111_PKB,0.00042377274876287787,3.1126481303545006e-07,0.004263459369027532,0.034628031426227134,0.009828893702207644
112_SCT,3.3309565199702516e-06,2.3560814952361397e-06,0.0,0.03687210076258417,0.009219446950149843
112_PKA,0.00018359164826514736,4.527708767909644e-07,0.0001124491988383349,0.06719246680468527,0.016872240105666386
113_H3,0.00011774133753675166,5.724346010538284e-06,0.0,0.16090884108540726,0.04025807669223864
113_P2,0.0014798406796393683,1.3129510080034379e-05,0.001431433174135683,0.2570952768449875,0.06500492005221065
113_SCT,0.0027341209735535564,0.00011015423660865054,0.005946358889111092,0.2408596859273454,0.06241258000665468
113_PKA,0.0036454565236118124,0.0001272117515327409,0.0026401411052402388,0.3530543218843931,0.08986678281619448
113_PKB,0.0012433380431397555,3.010125055880053e-06,0.000583551271023384,0.10521850540582874,0.02676210121126194
114_H3,8.641218569558612e-06,0.0,0.0,0.004612814033719276,0.0011553638130722087
114_P2,0.000310524516385998,3.4414017136441544e-05,0.0,0.004253094633990989,0.001149508291878357
114_SCT,0.00033512680790413334,0.00046798502444289625,0.001537933070689723,0.09825946924504095,0.025150128537019426
114_PKB,0.0003467751133669036,0.0,0.0013577736814315848,0.009427408548182952,0.00278298933574536
115_H3,3.846481652317533e-05,5.564461844187463e-06,0.0,0.061223032954013296,0.015316765558095165
115_P2,8.593304789877804e-06,3.1954331802808156e-07,3.5193732293335814e-06,0.01995308321262231,0.004991378858489887
115_SCT,7.641443639055849e-07,3.814262890955433e-05,0.0,0.07189681717384146,0.01798393098677873
115_PKA,3.2127159796101026e-05,0.0,0.0,0.03930356129000727,0.009833922112450842
115_PKB,1.4994662345237126e-05,0.0,0.0,0.00423908842969348,0.0010635207730096791
116_H3,0.0006637598474452174,0.0004442974750418216,0.0005486549158086121,0.04186489751118249,0.010880402437369536
116_P2,0.0012976534175924534,5.245151260169223e-05,0.001674246230626805,0.19369817892399607,0.049180632521204255
116_PKA,0.0013702627226371705,1.7581729480298236e-05,0.003825402972990105,0.010292109552758761,0.0038763392444665836
116_PKB,0.0017949299930642244,9.226640713677625e-07,0.0003184398596054617,0.017241421696491614,0.004838928553308167
117_H3,0.00021987232876398283,2.223068986495491e-05,0.0,0.1683484068667781,0.042147627471351756
117_P2,0.0003300655414985726,7.023441412457032e-06,0.0,0.08266111905613836,0.020749552009762348
117_SCT,0.0003391635572825379,1.7827904230216518e-05,6.784857244958242e-05,0.004713726768478956,0.0012846417006103232
117_PKA,0.00027182086911107015,6.097925364656476e-08,0.00012273284594381046,0.05820815826363264,0.014650693239485292
117_PKB,0.000423988263536158,1.98435873244307e-06,4.767102182850133e-07,0.09454894185626578,0.023743847797188165
118_H3,0.00020264944308371144,2.0847492123721167e-05,0.00011814125297895123,0.08541510752969046,0.021439186429469213
118_P2,0.0007110067016472566,1.0989964721375145e-05,0.002247452265976873,0.11626513098293513,0.02980864497882016
118_SCT,0.00015537833009681036,3.273694346717093e-06,0.0,0.0035218415188752457,0.0009201233858296933
118_PKA,0.0008451431540075924,0.0,0.0055237598821682825,0.16157842814147375,0.041986832794412406
118_PKB,0.0004439815686612122,5.2566902013495564e-06,0.0,0.06438623213133587,0.01620886759754961
119_P2,0.00013592825398012814,1.1430047379690222e-05,0.001219315135494546,0.0421260751277622,0.010873187141154142
119_PKA,0.0017755171756241887,1.7762693005352048e-06,0.01346399023485353,0.03240536244722004,0.011911661531749572
120_H3,0.00019092091970813606,1.5219308124869713e-06,0.0,0.05546182084377556,0.013913565923574045
120_P2,0.00011463579430677887,1.466745516154333e-07,0.0,0.030006529719416333,0.007530328047068682
120_SCT,4.187664561253202e-05,2.5163112127302156e-07,0.0,0.07092065025931235,0.01774069463401154
120_PKA,0.00010231547605920977,1.2919393839183613e-06,0.0,0.050996176649811986,0.012774946016313779
120_PKB,0.00045482411455560393,3.2817638384585734e-06,0.0,0.055665027555905626,0.014030783358574921
122_H3,3.923431948299661e-05,5.361017656468903e-07,0.0,0.14897855776702318,0.037254582047067955
122_P2,0.0004039463837351396,8.298701686726417e-06,0.0007422816520141824,0.06194716567980693,0.015775423104310744
122_SCT,0.0007215184969351166,2.439096761008841e-06,0.0,0.13395421139826455,0.03366954224799017
122_PKA,0.0031986441132514625,0.0001225453888764605,0.003582236377243511,0.15827375192817933,0.04129429445188769
122_PKB,0.004015133545607974,0.00011972561333095655,0.013434161134350992,0.2176460542915804,0.058803768646217586
123_H3,4.5844374460312466e-05,5.453700158142283e-09,0.0,0.02143067795015163,0.005369131944578025
123_SCT,8.80819104102308e-05,0.0,5.2162123529158094e-05,0.14186502538981444,0.03550131735593846
123_PKA,3.888154585024649e-05,1.7322737448921544e-06,0.0,0.009448891668793584,0.0023723763720971806
123_PKB,7.416432594317722e-05,3.123344640698633e-06,6.403549251035411e-05,0.03251715039402115,0.008164618389278845
124_H3,8.277589229471657e-05,1.0285497410222888e-05,0.0,0.009462072394636934,0.0023887834460854683
124_P2,0.00013607802459055654,7.423006172757596e-05,6.0987755632475584e-06,0.0062757988166037,0.0016230514196212702
124_SCT,6.503746346795685e-05,4.378963421913795e-05,0.00022188959492896275,0.023001461918975327,0.005833044652897846
124_PKA,4.0603998724743264e-05,4.194474968244322e-06,0.0,0.0011394634416739908,0.0002960654788417446
124_PKB,0.00014868588643777666,1.951426747837104e-05,0.0004747693219855421,0.0029086596281128817,0.0008879072760036429
125_H3,4.1006000828943265e-08,0.0,0.0,0.0030820516755361957,0.0007705231703842561
125_SCT,1.162114371200401e-05,5.2056435379199684e-05,0.0,0.2130725534537113,0.05328405775820062
125_PKA,1.0163831329977215e-06,0.0,0.0,0.001444816711394445,0.00036145827363186065
125_PKB,1.0851376422656708e-05,1.3921899721935915e-07,0.0,0.009743821323362978,0.0024387029796957135
129_H3,7.807944404347106e-06,0.0,8.28841722135423e-06,0.019916331490543625,0.004983106963042332
129_P2,2.1507847255116737e-06,0.0,0.0,0.024954577544504322,0.006239182082307459
129_SCT,3.763548708563606e-06,4.1401003159080574e-07,0.0,0.024073896266646386,0.006019518456346636
129_PKA,5.663027390185721e-06,0.0,6.951992571492036e-06,0.020574377578294778,0.005146748149564114
129_PKB,4.342688505629812e-06,0.0,0.0,0.0395836535162591,0.009896999051191183
130_P2,5.1519692450391066e-05,7.810528046547915e-08,0.0,0.025873558146411284,0.006481288986035535
130_SCT,1.2930603082475128e-07,0.0,0.0,0.08380083997139466,0.020950242319356372
131_P2,4.2159164874070364e-05,0.0,0.0,0.009488597778537295,0.0023826892358528415
131_PKA,3.771735372372663e-05,0.0,0.0,0.00451301354222291,0.0011376827239866594
132_PKA,1.0627132715865987e-05,0.0,8.931011538407286e-05,0.003187062915115288,0.0008217500408038067
133_SCT,4.61875352472975e-06,0.0,6.789734347137784e-07,0.009710436409052881,0.002428933534003081
133_PKA,2.878937357541767e-05,1.925537617353257e-06,0.0,0.04425064225160243,0.0110703392906988
133_PKB,3.2811077801484725e-05,1.3939408063379233e-06,0.0,0.03544206333970022,0.008869067089577012
136_H3,2.6499371875314647e-07,6.240470611373894e-07,0.0,0.012467033881650684,0.0031169807306076435
136_P2,1.663815502925526e-05,0.0,0.0,0.004833171577280027,0.0012124524330773207
136_PKA,4.4080104949923695e-06,0.0,0.0,0.006973166694622996,0.001744393676279497
136_PKB,9.039779461823444e-06,0.0,0.0,0.024104909467437197,0.006028487311724755
137_SCT,2.8512411418969426e-06,1.7052409475581953e-06,0.0,0.029137048541724095,0.007285401255953387
137_PKA,9.116288983126746e-05,4.520474703895161e-06,0.0,0.0024147320872951604,0.0006276038629575807
137_PKB,6.352327698741413e-05,2.8106546778872143e-07,0.0,0.015928000831482984,0.003997951293484547
139_PKA,1.3997789937285519e-05,0.0,0.0,0.005444387645895318,0.001364596358958151
142_PKA,0.0,0.0,0.0,0.004678053961102397,0.0011695134902755993
143_P2,1.2485501304460198e-05,8.249247684943839e-07,0.0,0.013343250494789766,0.0033391402302156803
143_SCT,2.5468650081083004e-05,0.0,0.0,0.044538077586992075,0.011140886559268289
143_PKA,4.5901089364819404e-05,4.5757523992051574e-08,0.0,0.05850362871770567,0.01463739389114862
144_H3,7.86410399424648e-07,9.263435174489132e-08,0.0,0.03607468619469534,0.009018891309861627
144_P2,9.641396328147526e-06,0.0,0.0,0.019864032636883914,0.004968418508303016
144_SCT,2.1390832568502818e-05,7.233520449290154e-08,0.0,0.056496313191012795,0.014129444089696448
144_PKA,4.627977424971193e-06,0.0,0.0,0.014766606279630601,0.003692808564263893
145_H3,1.83574256062929e-06,0.0,0.0,0.06663136880617897,0.0166583011371849
145_P2,2.6495627881351624e-05,6.606733826686195e-09,0.0,0.0028746532659841067,0.0007252888751498212
145_SCT,1.0595242594788754e-06,0.0,0.0,0.0726220866389843,0.018155786540810945
145_PKA,3.1425690734778685e-05,0.0,0.0,0.016665232142378476,0.004174164458278314
145_PKB,4.2429722977822e-05,2.370030394160949e-08,0.0,0.06343971729956825,0.015870542680712505
146_P2,1.0139153171997122e-05,3.275404765190615e-07,0.0,0.006672809182495009,0.0016708189690358812
146_SCT,4.5067669710039086e-06,0.0,0.0,0.002695385609166117,0.0006749730940342803
147_H3,5.0245318073000155e-06,0.0,0.0,0.04353968696461761,0.010886177874106227
147_P2,0.00012706748059064795,4.2192123572704077e-08,0.0,0.002530138214658275,0.0006643119718431239
147_SCT,2.53263748514895e-05,0.0,0.0,0.1388902576317663,0.03472889600165445
147_PKB,0.00023449803646537296,8.963428990682587e-05,0.0,0.06605677705307474,0.016595227344861734
149_H3,2.5542661371897034e-05,5.061692263552686e-06,0.0,0.01682679012495681,0.004214348619648065
149_P2,8.687500110904566e-05,2.029514689638745e-06,8.755913964824774e-05,0.01832769076229232,0.004626038604434813
149_SCT,3.0556998410148945e-05,9.265112566936295e-06,0.0,0.022920873536152717,0.00574017391178245
149_PKA,0.00013904998234370646,3.244512754463358e-06,0.0,0.015120205600664634,0.003815625023940701
149_PKB,0.00010958965086001486,6.432754162233323e-06,8.141735571647526e-05,0.00811321050819283,0.0020776625672328883
150_H3,1.4813127887998596e-05,1.429969984201307e-06,0.0016728458079230397,0.02494966386969807,0.0066596881938733275
150_P2,5.434590233403648e-05,3.7750419323856477e-06,0.00010241092014252578,0.0210479623638921,0.005302123557075262
150_SCT,0.00043789253931275185,2.7027042960980907e-05,0.00010904285842812172,0.03057957955104516,0.0077883854979367536
150_PKA,7.31560680186324e-05,0.0,4.7784596230481174e-05,0.009224196393483952,0.0023362842644332666
150_PKB,9.03856316887591e-05,1.57271458078867e-07,0.0,0.025483389882734173,0.0063934831964702525
151_H3,4.084347634048958e-05,0.0,0.0,0.060541286548174124,0.015145532506128653
151_P2,0.00014313152350008834,9.615454473532736e-05,0.0,0.035470616946420536,0.008927475753663988
151_SCT,1.15816444267109e-05,0.0,0.0,0.04183863233264858,0.010462553494268823
151_PKA,0.00031949299715288635,6.61117082927376e-05,0.0,0.015342232077537897,0.00393195919574588
151_PKB,4.450245228441708e-05,8.382877325630034e-08,0.0,0.05400605171567955,0.013512659499184307
152_H3,1.024801699473744e-06,0.0,0.0,0.01518718777706744,0.003797053144691728
152_P2,5.995635463713958e-07,0.0,0.0,0.0017386846584855936,0.00043482105550799127
152_SCT,1.0719140691167143e-06,0.0,0.0,0.046931071373701616,0.011733035821942683
152_PKA,2.4118144932343513e-05,0.0,0.0,0.020616941605402003,0.005160264937583587
152_PKB,2.8966329528129786e-05,0.0,0.0,0.04386027662893733,0.010972310739616365
154_H3,1.8781740216050444e-05,0.0,0.0,0.045542462543105636,0.011390311070830422
154_P2,6.022863602368858e-05,1.331178395957977e-06,5.769667936402427e-05,0.02879751592610413,0.0072291931049719505
154_SCT,8.327389436501743e-05,3.69186182069825e-07,0.0,0.0006883835343044939,0.00019300665371289527
154_PKA,0.00012674100424986208,1.0362614375480916e-06,0.00010432801381329333,0.018932714390726604,0.004791204917556827
154_PKB,0.00012191292574712788,4.1496090830150933e-07,0.0,0.013258677953085963,0.003345251459935348
155_H3,7.380434245116182e-07,1.6886164644347446e-07,0.0,0.05249470363622285,0.013123902635323452
155_P2,0.00037481943736107013,9.433897503186017e-07,0.0,0.04188574828806192,0.010565377778793327
155_SCT,5.941986262779929e-06,7.06487384150023e-08,0.0,0.055990919493692656,0.013999233032173463
155_PKA,6.227815819965912e-05,2.653910371464008e-07,0.0,0.0011451317814236293,0.0003019188326651087
155_PKB,0.00014026761674277286,2.988886762977927e-06,0.0007954149049669218,0.05339709718610156,0.01358394214864356
156_P2,3.902253515711771e-05,0.0,0.0,0.02126073143545735,0.005324938492653616
156_SCT,1.9340759901139592e-08,0.0,0.0,0.007204745982608952,0.0018011913308422132
156_PKA,6.633363510978906e-06,0.0,0.0,0.01090425466292236,0.0027277220066083347
156_PKB,3.3030176066204564e-06,0.0,0.0,0.030823238357139255,0.007706635343686469
157_P2,1.9983333628807816e-05,5.474296926877287e-07,0.0,0.010800811939712099,0.0027053356757583986
157_SCT,0.0019811354493528823,0.0,0.0,0.047259896605521635,0.01231025801371863
158_H3,1.976451781986743e-05,2.1388457227544677e-08,0.0,0.005084832652024848,0.0012761546395754857
158_P2,0.00022579149906870718,6.086722805775935e-06,5.945214204734283e-05,0.010937876341185322,0.002807301676276787
158_SCT,4.518082148725299e-05,0.0,6.466937706214842e-05,0.01375572497684262,0.003466393793848005
158_PKA,0.0003605374714623788,1.9916076780646108e-05,0.0001758408869729356,0.06340523486576032,0.01599038232524407
159_P2,6.056468587639693e-05,2.0312522792664822e-06,1.7179981148770234e-05,0.004091554437072124,0.0010428325890941394
159_SCT,3.3849835649661306e-05,3.0436746101258905e-07,0.0,0.07282477933361602,0.018214733384181673
159_PKA,8.897865095817507e-05,2.8802031692976016e-07,0.0,0.021203800437645578,0.005323266777230171
159_PKB,4.893456096882523e-05,2.0424349713721313e-05,0.0,0.07262917184608114,0.018174632689190923
160_H3,3.3674144622199934e-06,1.4465496178672765e-07,0.0,0.008257276425018343,0.0020651971236105874
160_P2,5.959422054187015e-06,1.1439445870564668e-06,0.0,0.0008402198720657903,0.00021183080967675843
160_SCT,3.630190741436193e-06,4.653029179735313e-07,0.0,0.0045999070387030706,0.00115100063309062
160_PKA,8.40040979426677e-06,0.0,0.0,0.0028834964649671183,0.0007229742186903462
162_H3,9.972196018770536e-06,1.2466807675082237e-05,0.0,0.025881573829366854,0.006476003208265177
162_SCT,3.4422299003234725e-05,9.473704949414241e-07,0.0,0.021679197239013816,0.005428641727127998
162_PKA,0.00027038042926516136,8.943283660300949e-07,0.00034989377246194233,0.06320472413212942,0.015956473165555637
162_PKB,0.0002680809231606838,1.057413737726165e-05,0.00010460598480703339,0.10020642465379645,0.025147421424785356
163_H3,1.702148526247368e-06,0.0,0.0,0.027987127333068035,0.00699720737039857
163_P2,9.680213390429061e-06,9.369321105623385e-07,0.0,0.006473526536667341,0.0016210359205420832
163_SCT,1.8043973902227764e-05,4.073699955142729e-08,0.0,0.02301361838766719,0.005757925774642242
163_PKA,3.220501812968535e-06,0.0,0.0,0.05443725029140442,0.013610117698304348
163_PKB,2.5779893312170907e-05,1.001624013952096e-06,0.0,0.048347006106560876,0.01209344690597175
164_H3,0.0004809869611946374,2.0139244952588342e-05,0.0009080272943696988,0.111852471403716,0.028315406226058232
164_P2,9.46160991238787e-05,1.2617663742275909e-05,0.00011925635009733038,0.009601893109420482,0.0024570958055959917
164_SCT,8.991805966266893e-05,2.5496767648292007e-06,0.007126049218020539,0.03537634982594065,0.010648716695097172
164_PKA,4.9538037565228515e-05,0.0,0.0,0.01421126289556371,0.003565200233282235
164_PKB,0.00044186714448948844,1.0909042202911223e-07,0.0003550833979077125,0.15162881000290385,0.03810646740893077
165_H3,2.5991075891424478e-06,2.0185909306746908e-05,0.0,0.06561600318394833,0.016409697050211055
165_P2,0.0001639472323254999,1.6266782040474936e-05,0.0,0.023133262697297045,0.005828369177915755
165_SCT,4.644756688099749e-05,3.1708070764580043e-06,0.0,0.033027752390279955,0.008269342691059353
165_PKA,0.0003712938091203777,9.899337601382285e-05,0.0,0.054448478052158356,0.013729691309323139
166_H3,3.1998284438405766e-05,1.6316035953423125e-06,0.0,0.07291345337234077,0.01823677081509363
166_P2,0.000323465264566212,2.597128059278475e-06,0.0,0.04781572433089873,0.012035446680881055
166_SCT,2.6040672977265702e-05,6.413687856365868e-07,0.0,0.0030294792918030182,0.0007640403333914801
166_PKA,0.0001473206583527064,1.942134986165911e-07,0.0,0.03014958425674245,0.007574274782148443
167_H3,3.634442807323386e-07,0.0,0.0,0.009901975953140815,0.0024755848493553867
167_P2,0.0006016216995976756,0.0,0.0,0.03910273393142144,0.009926088907754779
167_SCT,0.001752208141974727,0.0,0.0,0.014350000497430241,0.004025552159851242
167_PKA,5.272961774921902e-08,0.0,0.0,0.005060860017296951,0.001265228186728675
167_PKB,5.485518953920281e-05,0.0,0.0,0.03318830644108046,0.008310790407654915
168_H3,3.5419084261694946e-05,2.192361898778472e-05,0.0,0.010025503487845836,0.002520711547773829
168_P2,0.0003705146523040582,6.870246238577238e-08,0.0,0.00959896727172919,0.0024923876566239084
168_SCT,1.7140429251904107e-05,0.0,0.0,0.00029346683104563946,7.765181507438589e-05
168_PKA,3.0423858543325446e-05,0.0,0.0,0.018921096365920972,0.004737880056116074
168_PKB,0.0001233213427014409,6.234542837546542e-08,0.0,0.002800964448784626,0.0007310870342286107
169_H3,5.152387376555804e-06,0.0,0.0,0.013765798030776568,0.003442737604538281
169_P2,0.0005119695961007325,1.5887968402239494e-05,0.000798141804294441,0.055831140707764355,0.014289285019140441
169_PKB,0.0001297908965852881,4.755978011417028e-07,0.0,0.04722234377615237,0.0118381525676347
170_P2,7.317705351906184e-06,9.69676307249756e-07,0.0,0.0011678024486014155,0.00029402245756514285
170_SCT,6.335404972439557e-06,2.1402911443146877e-07,0.0,0.03420679927103056,0.008553337176279359
172_H3,4.5189637631496904e-07,9.911932465911377e-07,0.0,0.01719525796663575,0.004299175264064664
172_P2,8.154299869310745e-06,1.2663154848269187e-05,4.734558171005264e-05,0.016862840777532157,0.004232750953489947
172_SCT,4.9643869149963615e-08,0.0,0.0,0.019700767639456274,0.004925204320831356
172_PKA,5.142216183229246e-06,1.4807392290094867e-06,0.0,0.07219091516301587,0.018049384529607027
172_PKB,3.91858768345037e-06,3.4659276337833944e-08,0.0,0.010670518801838311,0.002668618012199525
173_H3,3.850654819355603e-07,0.0,0.0,0.016563460360219544,0.0041409613564253695
173_P2,0.000192104209320045,1.079696994565893e-05,9.020073673042598e-06,0.0409831117390438,0.010298758247995636
173_SCT,8.144755366481244e-05,1.7233189453236264e-07,9.558006634791263e-05,0.0505717305141126,0.012687232616504965
173_PKA,3.375976559683891e-05,0.0,0.00011257330641480009,0.058127066929204996,0.014568350000304158
173_PKB,8.993112504875004e-05,0.0,0.0,0.01353265529478245,0.0034056466049578
178_PKA,0.000365742789365731,2.4650831619510427e-05,0.0006553153901931049,0.13912928682928463,0.03504374896011574
179_PKB,1.2902360789104533e-05,0.0007859976612962782,0.0,0.030150620506079272,0.007737380132041164
181_H3,0.0004884886449244859,9.603153557691257e-06,0.0,0.08997286225341787,0.02261773851297501
181_P2,0.006760782769123124,5.581160166912014e-06,4.0787391130757185e-05,0.03451791222472171,0.010331265886285626
181_SCT,0.0005843285755403846,3.277822315794765e-06,0.0,0.10142408910155956,0.025502923874853936
181_PKA,0.20186562476354364,0.004058134742081165,0.15331490624914748,0.2771734377037494,0.15910302586463043
181_PKB,0.00037986774121371447,4.265911684342427e-06,8.330246728168124e-05,0.2263034135334109,0.05669271241339766
183_P2,0.00010931107215409577,0.00047883205115795135,0.00017381786084095095,0.016240314298219264,0.004250568820593065
183_PKA,0.0001527229149646689,0.00015228228585328907,0.0008630343869206554,0.06357518536375692,0.016185806237873884
183_PKB,6.0012352820980996e-05,0.0,0.00013992135794791834,0.04695273292690326,0.01178816665941804
184_H3,0.008701925556111724,0.0,0.0,0.04996513435389379,0.014666764977501379
184_P2,2.2788792593875923e-05,0.0042382110841572285,0.0,0.0002330203495925736,0.0011235050565859194
184_SCT,0.03366774267330402,3.774571837311669e-07,0.0887081594154249,0.14697511241027797,0.06733784798904766
184_PKA,0.005334753796103202,0.0,0.0,0.00046381806505009927,0.0014496429652883253
184_PKB,0.005356755547882092,0.0,0.0,0.012425587923140524,0.004445585867755654
185_H3,3.5839394408903752e-06,0.0,0.0,0.015551057849281298,0.0038886604471805473
185_P2,1.5129028964711537e-06,4.159529112257587e-07,4.956334215788161e-07,0.002949894700105026,0.0007380797973335753
185_SCT,9.881275436417339e-06,0.0,0.0,0.0022366725217950797,0.0005616384493078743
185_PKA,4.2313185928063764e-05,2.569732714619022e-06,2.0462022337393702e-08,0.017419238913739536,0.004366035573601139
189_P2,2.1444140274108684e-05,1.0419473710499005e-06,0.0,0.0009399211310321083,0.0002406018046693167
189_SCT,1.1033597831064776e-07,0.0,0.0,0.03776841529728774,0.009442131408316514
191_P2,0.07786881388472516,0.0,0.07476193909764794,0.03237913885926421,0.04625247296040933
191_PKA,0.15773997147672186,0.0,0.26072925109384537,0.03564712713780592,0.11352908742709329
191_PKB,1.3494834123253742e-08,0.0,0.0,0.020849708222333722,0.005212430429291961
192_P2,4.2064192352103694e-07,0.0,0.0,0.006872714763227184,0.0017182838512876763
192_PKB,0.0,0.0,0.0,0.011181136908195327,0.002795284227048832
193_H3,4.0100594869112513e-07,0.0,0.0,0.013502902322777342,0.0033758258321815084
193_P2,1.90397911286361e-05,0.0,0.0,0.003236830620592441,0.0008139676029302693
193_SCT,1.1660543001993274e-05,0.0,0.0,0.01144164631624198,0.002863326714810993
193_PKA,0.0,0.0,0.0,0.005776739737871891,0.0014441849344679727
193_PKB,7.17631641211678e-06,0.0,0.0,0.0017184181019184205,0.00043139860458263433
194_P2,0.00016164720398093092,3.1476313324674265e-06,5.062830350109493e-05,0.029880325310780775,0.007523937112398817
194_SCT,3.144284988398094e-05,3.544147693901323e-05,0.0,0.01138497994309098,0.0028629660674784935
194_PKB,4.538073272330448e-05,1.282347398046113e-06,0.0,0.02241600438707361,0.00561566686679874
195_H3,8.344143152437346e-05,1.69804991401179e-06,2.18215664669999e-06,0.0050643273954911455,0.0012879122583940577
195_P2,1.3435960818396466e-05,8.02481281425571e-06,0.0,0.02426747252523661,0.006072233324717315
195_SCT,1.6034789774382888e-05,1.39052644954063e-06,0.0,0.030574241224872782,0.007647916635274176
195_PKA,0.00018449669843553941,2.2103936316852923e-06,0.0,0.0176449882429935,0.004457923833765181
195_PKB,0.00011991034320560353,2.353619720452116e-06,0.0,0.025012824927944034,0.006283772222717522
196_H3,4.503705349512852e-06,6.387510609329183e-08,0.0,0.011984862187884138,0.002997357442084936
196_SCT,5.149565749748147e-06,0.0,7.829667409483344e-06,0.007723360457802973,0.001934084922740551
196_PKA,1.5255796984806972e-05,5.146538342160056e-07,0.0,0.019836092388157003,0.004962965709744006
196_PKB,2.343798230596915e-05,2.5308252133982023e-06,1.6193446819974397e-05,0.026065441365257295,0.0065269009048991595
197_H3,3.269958127130487e-06,9.126871987064078e-07,0.0,0.022241487047284788,0.005561417423152656
197_P2,1.8286362679597719e-06,0.0,0.0,0.056845581919142116,0.014211852638852518
197_SCT,7.357387019359196e-06,0.0,0.0,0.03214883594795535,0.008039048333743677
197_PKA,3.449587301249493e-05,1.1245638376067291e-07,0.0,0.014354186514568223,0.0035971987109911195
197_PKB,5.477107941108441e-06,0.0,0.0,0.06072227622499205,0.01518193833323329
198_H3,0.00031082380825471777,0.00012414722004905343,0.001551845104638256,0.020714661345656603,0.005675369369649658
198_P2,0.00018275898811693524,1.4416146768780891e-05,0.0,0.03795353054884495,0.009537676420932666
198_SCT,1.7395145556845432e-06,0.0,0.0,0.049752253998551606,0.012438498378276822
198_PKA,0.0006669843078519134,1.2419104677974246e-06,0.0,0.00908555027358909,0.0024384441229772
198_PKB,4.6615049364589415e-05,5.801177280773118e-07,0.0,0.022681468281485134,0.00568216586214445
199_H3,3.32678173145743e-05,0.0,0.0,0.017329159508767303,0.004340606831520469
199_P2,0.00026163085201289616,3.511662782784697e-07,7.862076311605754e-06,0.01865802385621411,0.004731966987704222
199_SCT,8.759007966711584e-06,0.0,5.1160716279556716e-05,0.04451124704451373,0.011142791692189999
199_PKA,6.091992744398195e-05,0.0,0.0,0.025341196120008586,0.006350529011863142
199_PKB,0.0003064337470367164,6.0174494137754664e-05,0.0,0.023821239264094646,0.006046961876317279
200_H3,3.2146041757464814e-06,0.0,0.0,0.0014007189069484272,0.0003509833777810434
200_P2,0.030119090147564438,0.012093297205865383,0.07979230689265077,0.01503929726874699,0.03426099787870689
200_SCT,8.515892308609773e-07,0.0,0.0,0.08045437606560908,0.020113806913709984
200_PKB,0.029058093429232573,0.0,0.0,0.04647468391066349,0.018883194334974016
201_H3,1.7202520650650444e-05,4.485763838601997e-06,0.0,0.01712412667967333,0.004286453741040646
201_P2,5.2615311032862414e-06,0.0,0.0,0.01385749074677016,0.0034656880694683614
201_SCT,5.417054710645669e-06,1.2160029427832342e-07,0.0,0.0481520716300392,0.012039402571261031
201_PKA,4.386298380181244e-05,2.4278216415041243e-07,0.0,0.002445164601234878,0.0006223175918002102
201_PKB,1.0050089522205336e-05,0.0,0.0,0.019872529549023098,0.004970644909636326
202_H3,1.833186683242039e-05,3.9762149128819146e-08,0.0,0.010750535636270245,0.0026922268163129485
202_P2,2.501524723194907e-05,1.316392172157066e-06,0.0,0.006743566830679178,0.001692474617520821
202_SCT,1.1677577461137906e-05,0.0,0.0,0.020346399956581607,0.0050895193835106866
202_PKA,2.1474304425751976e-05,1.8218175412698656e-08,0.0,0.01101533670333642,0.002759207306484396
202_PKB,1.0083899790731447e-05,1.6695047406756203e-06,0.0002095336617950569,0.03237066879722505,0.008147988965887878
203_PKA,0.00017924826466640345,6.198358460096642e-05,0.00034515459036125237,0.005627913340005116,0.0015535749449084345
204_H3,1.9034765593422705e-07,1.3841193080565972e-08,0.0,0.035287017445374776,0.008821805408555948
204_P2,2.8387516443774167e-05,8.139355145431182e-07,0.0,0.023428164972534662,0.005864341606123245
204_PKA,1.0227980937016014e-06,8.760252399042656e-07,0.0,0.0017210138616577187,0.00043072817124783114
204_PKB,0.001983474125833238,2.915191544161644e-06,0.0,0.011768483414170047,0.003438718182886862
205_H3,2.1978478893953525e-06,0.0,0.0,0.014556751962751776,0.0036397374526602926
205_P2,5.795923329661883e-05,4.265075403964147e-06,0.002374914681131262,0.005123606391290009,0.0018901863452804636
205_SCT,5.026229571784349e-06,1.1154024832649156e-06,0.0,0.016028352207984056,0.004008623460009776
205_PKA,2.5448109053443167e-05,1.3264402696222533e-06,4.454108079227359e-05,0.014242732668689178,0.0035785120747011292
205_PKB,1.1723839951132185e-05,0.0,0.0,0.07197682132303741,0.017997136290747135
206_H3,1.4375494112565586e-06,0.0,0.0,0.015689060243406393,0.003922624448204412
206_P2,5.8650942738129855e-06,0.0,0.0,0.0061832113855992245,0.0015472691199682593
206_SCT,9.926862964998398e-06,0.0,0.0,0.0049072612114627835,0.0012292970186069455
206_PKA,0.05235884810977171,0.0,0.0807100207220761,0.017215012619264926,0.037570970362778185
206_PKB,2.733460605715668e-05,0.0,0.0,0.013037872640353033,0.0032663018116025474
207_PKA,7.895892009992335e-05,5.215581404627301e-05,3.5263324742085264e-05,0.03140606508050708,0.00789311078484884
207_PKB,0.00011067358229332933,0.0,0.0,0.08385930245775998,0.020992494010013327
208_H3,0.0,0.0,0.0,0.0018593772153037925,0.00046484430382594813
208_P2,4.532323620697344e-06,9.29885936784558e-05,0.0,0.002306447954999277,0.0006009922180746075
208_SCT,4.982544660440105e-06,0.0,0.0,0.03433271366916083,0.008584424053455319
208_PKA,1.1187802102868197e-06,0.0,0.0,0.013679634120563382,0.003420188225193417
208_PKB,3.629659915346452e-06,0.0,0.0,0.0010994492905193473,0.00027576973760867345
209_H3,4.567419016402519e-06,1.5250253682097537e-06,0.0,0.05236468886599294,0.013092695327594387
209_P2,0.00018701280279642349,9.652503649704158e-07,1.2874654286112098e-06,0.05690348688569915,0.014273188101072289
209_SCT,6.127186393354949e-05,0.0,0.0,0.03894542521137765,0.0097516742688278
209_PKB,6.450266394199753e-05,4.069082478963537e-06,0.0,0.024320369897889924,0.006097235411077721
210_P2,0.00287753603603865,2.9771401841571787e-06,0.0,0.007645059516348843,0.0026313931731429124
210_SCT,5.506774482669965e-06,5.113835186421056e-07,0.0,0.06252430588319062,0.015632581010297984
210_PKA,0.0001339879162655782,1.3913970633439021e-06,0.0,0.05793001874794316,0.01451634951531802
210_PKB,0.00014875249458695116,0.0,0.0,0.05004286277168857,0.01254790381656888
211_P2,1.0105279240173006e-05,1.876939990097526e-07,0.0,0.0027736607817752477,0.0006959884387536076
211_SCT,4.565761147005116e-06,4.244458295943332e-07,8.482008483129526e-06,0.011133725496594402,0.0027867994280135326
211_PKA,1.2195990965457353e-05,0.0,0.0,0.00674505873951171,0.0016893136826192918
212_H3,4.77926133895008e-05,2.3311654331337195e-06,0.0,0.03427012895965601,0.008580063184619662
212_SCT,0.0,0.0,0.0,0.01931079525648635,0.004827698814121588
212_PKA,3.1418223959507747e-06,0.0,0.0,0.03756973558961061,0.00939321935300164
213_H3,1.5140326022327166e-05,6.849289093224797e-06,0.0,0.051375273124201926,0.012849315684829369
213_P2,0.00020317787636148804,4.077911398780998e-06,3.805245587062751e-05,0.06391963420278653,0.016041235611604355
213_SCT,9.652705360594753e-05,2.4193586796172895e-06,0.0,0.011883809476694105,0.002995688972244917
213_PKA,8.425542561278074e-05,9.797447546588955e-07,1.0471615411295812e-05,0.011454277798070579,0.0028874961459623284
213_PKB,7.548003455511391e-05,3.6964795526728267e-06,0.0,0.04390816071551161,0.010996834307404849
214_H3,1.9355770542747623e-05,2.0200419385218993e-05,0.0,0.05143284368157796,0.012868099967876481
214_P2,5.8443355865361894e-05,2.5964166070480132e-06,0.0,0.014861658741599676,0.0037306746285180213
214_SCT,2.2685847081261394e-05,2.061412487819325e-06,0.00016384769360277524,0.033708966780087814,0.008474390433314917
214_PKA,0.0004057165024804198,1.594590770537252e-07,6.066001763664517e-06,0.07749452447464611,0.019476616609491813
214_PKB,0.0002705199451982919,1.4781168147237622e-06,0.0,0.030181235155963024,0.00761330830449401
216_P2,2.470994746374186e-05,1.2251804264451494e-06,0.0,0.004990866639124353,0.001254200441753635
216_SCT,1.0888190280826604e-05,0.0,0.0,0.010827996820882403,0.0027097212527908074
216_PKA,1.2947514390964507e-05,0.0,0.0,0.004650884636033633,0.0011659580376061495
216_PKB,0.00011146798572899044,0.0,0.0,0.004829333680771468,0.0012352004166251145
217_H3,3.0399769625360862e-05,8.564663858123822e-07,0.0,0.08966272622736986,0.02242349561584526
217_P2,0.0001771037610347563,1.1743144341380685e-06,0.0,0.0822598654808944,0.020609535889090824
217_SCT,0.00010291864637430596,1.090470277631539e-06,1.5204102872933705e-05,0.008071491402402008,0.0020476761554817195
217_PKB,0.0007582438983223784,5.274737486615777e-05,0.0017104505033579322,0.05402508156631049,0.014136630835714238
218_H3,8.474349568292848e-06,0.0,0.0,0.015726904744913475,0.003933844773620442
218_P2,7.783082326165314e-05,7.126152468117652e-07,0.0,0.024358121638079124,0.0061091662691468976
218_PKB,0.0003143103390936581,6.804778536206868e-07,0.0,0.02004766025479821,0.005090662767936372
219_P2,1.125222198227468e-06,5.856335292264703e-07,0.0,0.01478470535075468,0.0036966040516205334
219_PKA,1.7773323738754777e-06,2.546697396610398e-05,0.0,0.0049731408623528905,0.0012500962921732175
220_P2,7.88050103557045e-05,2.508795944322628e-07,0.0,0.040646638392875356,0.010181423570706373
220_SCT,1.1986631330839163e-05,3.030159945183186e-08,0.0,0.0034674376496049166,0.0008698636456338019
220_PKB,9.384161564310831e-05,2.4294374725286616e-06,0.0,0.03420987244366141,0.008576535874194262
221_P2,2.293836507145979e-06,4.530479054665193e-05,0.0,0.03851247345053537,0.009640018019397293
221_PKA,2.2875791905016743e-06,0.0,2.928435581063182e-05,0.021177180447590066,0.0053021880956478
222_P2,1.3032772951803687e-06,0.0,0.0,0.0030926813572350227,0.0007734961586325508
222_SCT,1.5439768832688985e-06,0.0,0.0,0.06761902764501919,0.016905142905475616
222_PKA,2.416668495566574e-06,0.0,0.0,0.006737024709142182,0.0016848603444094372
224_H3,3.860165719893128e-05,0.0,5.7120231713758385e-05,0.02240712378407758,0.005625711418247568
224_P2,9.718416981542132e-05,3.663975576273515e-06,0.0,0.02438920117929092,0.006122512331170654
224_PKA,2.6586748500363218e-05,0.00014910507888998836,0.0002886334910745556,0.02206867306873074,0.005633249596798912
224_PKB,4.1313138807026016e-05,2.2030860691302223e-06,9.381657747343708e-05,0.05439118272640424,0.013632128882188458
225_H3,5.800771307784169e-07,0.0,0.0,0.009171084931029373,0.002292916252040038
225_P2,2.2770426942025697e-06,1.770314810300988e-07,0.0,0.006121812377284136,0.0015310666128648422
225_SCT,1.938896379332612e-05,4.7459099732805043e-05,0.0,0.029496612778698413,0.007390865210556136
225_PKA,8.063914883801757e-06,4.056191471590864e-08,0.0,0.023481243742175306,0.005872337054743456
225_PKB,2.0530885364810205e-05,1.1460075484137633e-06,0.0,0.00047975388381655935,0.00012535769418244583
227_P2,3.7470734033466055e-05,0.0,0.0,0.005836355152487762,0.001468456471630307
227_PKA,2.86158331645245e-06,1.25615059687334e-07,0.0,0.005132038046345822,0.0012837563111804905
227_PKB,7.343402444964157e-06,1.4291335048710607e-07,0.0,0.005148435233258704,0.0012889803872635388
228_H3,6.432154192403075e-05,9.128300916927401e-06,0.0,0.05469932389663629,0.013693193434869312
228_P2,7.676084329470467e-05,1.1521832675498445e-05,0.0,0.04914451164089707,0.01230819857921682
228_SCT,0.000264653476259243,0.0,0.0,0.029226378669929262,0.0073727580365471265
228_PKA,0.0002766318806685048,0.0,0.0,0.06375598847216934,0.016008155088209464
228_PKB,9.515702474977985e-05,2.3157217583502643e-06,0.0,0.08608387072278521,0.021545335867323337
229_H3,8.565807742555494e-07,1.3334069080883637e-05,4.539926372000324e-05,0.03317916952284118,0.008309689859104082
229_P2,2.3018358650604853e-05,0.0,0.0,0.002914960315889217,0.0007344946686349555
229_SCT,4.6286547572129516e-05,7.076134522776556e-08,0.0,0.0051082411314490655,0.0012886496100916057
229_PKA,9.425145196488229e-06,2.3180957597901397e-08,0.0,0.021855176856771658,0.005466156295731436
229_PKB,2.1055233650042118e-05,0.0,0.0,0.01742175821217876,0.004360703361457201
230_P2,6.860438655048072e-07,4.150564336669049e-08,0.0,0.0068638450706670455,0.0017161431550439792
230_PKA,8.487578671496538e-07,3.2338439837076294e-07,0.0,0.012769361488937534,0.003192633407800764
230_PKB,4.997012083107132e-07,0.0,0.0,0.030567398164100437,0.007641974466327187
231_H3,2.9081331909060513e-05,0.0,0.0,0.055621306268145834,0.013912596900013724
231_P2,9.805588961687987e-05,2.710212538659107e-05,0.0,0.030525991008846953,0.007662787255962606
231_PKA,5.158922524528685e-05,0.0,0.0,0.04624279842015457,0.011573596911349964
231_PKB,3.954151592130918e-05,8.322371058966382e-08,0.0,0.008142724365937038,0.0020455872763922344
232_H3,5.066541543851934e-05,0.0,0.0,0.02870060833868968,0.0071878184385320495
232_P2,8.483527096224725e-05,0.0,0.0,0.002443101551739712,0.0006319842056754898
232_SCT,3.116109452628591e-06,0.0,0.0,0.0008345604548157736,0.00020941914106710054
232_PKA,0.00012711095172719073,6.339053470583167e-06,0.0,0.018626990475519942,0.004690110120179429
233_P2,1.4055617809861253e-06,8.08418150199941e-08,0.0,0.0014629525470316845,0.0003661097376569227
233_PKA,6.21693359547063e-07,0.0,0.0,0.001341775978631656,0.00033559941799780077
235_H3,8.452852962624427e-06,3.3077171792683657e-06,0.0,0.004106339088704115,0.0010295249147115018
235_P2,7.52146716067606e-06,1.935898580995854e-05,0.0,0.021580113621462612,0.005401748518608311
235_SCT,1.3618924055065881e-05,0.0,0.0,0.03048111150715202,0.007623682607801771
235_PKA,1.6290607029999158e-05,1.649525245284167e-07,0.0,0.0036612113446920754,0.0009194167260616507
235_PKB,1.4052686529419099e-05,0.0,0.0,0.018298529423169663,0.004578145527424771
238_H3,1.7516254096814375e-07,0.0,0.0,0.01635907112315069,0.004089811571422915
238_P2,8.651116189554706e-07,0.0,0.0,0.009698190770931958,0.0024247639706377285
238_SCT,2.4278476584771804e-06,0.0,0.0,0.022203899456971654,0.005551581826157533
238_PKA,2.8464279838121555e-06,0.0,0.0,0.0031732112999631333,0.0007940144319867363
238_PKB,6.573773645641761e-06,0.0,1.1909500108643428e-07,0.012999414746929791,0.00325152690389413
239_P2,4.401212019952785e-05,9.578337085258681e-06,0.0,0.008622695600414933,0.00216907151442493
239_SCT,1.3161559188628986e-07,0.0,0.0,0.003834481464649924,0.0009586532700604526
239_PKA,2.5904544465424434e-05,0.0,1.5035233874264767e-05,0.0421293199553165,0.010542564933414047
241_P2,1.930416695027263e-05,0.0,0.0,0.024684867282408176,0.0061760428623396126
241_PKA,3.157020391585899e-06,0.0,0.0,0.01059601640929173,0.002649793357420829
241_PKB,5.980343615981416e-07,2.4188776137634704e-07,0.0,0.012881075103341546,0.00322047875636613
242_PKA,4.3631441271652224e-05,0.0,0.0,0.01685258388729495,0.004224053832141651
245_H3,1.5938542139283743e-07,0.0,0.0,0.01700229816625771,0.004250614387919776
245_PKA,5.059665980932115e-08,0.0,0.0,0.0012181390409363947,0.000304547409399051
248_H3,1.828716731513462e-05,1.0180490335187642e-06,0.0,0.06653431138099651,0.016638404149336292
248_P2,9.36156251127234e-06,4.388564320834121e-07,0.0,0.010478273028090686,0.0026220183617585106
248_PKA,1.7593661065463704e-05,0.0,0.0,0.0022005137797810313,0.0005545268602116238
248_PKB,2.0540725478547604e-05,0.0,0.0,0.023299224132051443,0.005829941214382498
249_P2,4.340254552408012e-06,9.63278736776374e-08,0.0,0.003646293442004049,0.0009126825061075336
249_PKA,1.1303295015780339e-06,8.86246027675952e-08,0.0,0.005506275937696735,0.0013768737229502702
251_P2,1.6337233665118633e-05,0.0,9.215261671443479e-05,0.018698208470216086,0.00470167458014891
251_PKB,1.3151122861814309e-06,0.0,0.0,0.020779483169666286,0.005195199570488117
252_H3,4.450731610612586e-05,0.0,0.0,0.00617529639912061,0.001554950928806684
252_P2,4.4450067624797305e-05,3.0971634714660468e-06,0.0,0.0013723177849509676,0.00035496625401180775
252_SCT,1.0734924746079308e-09,5.6115850384230725e-06,0.0,0.03220622284109618,0.00805295887490677
252_PKA,1.1725261618387785e-05,0.0,0.00016376806455023563,0.008300910772981875,0.0021191010247876246
252_PKB,7.52651217522739e-05,0.0,0.00016917014612578273,0.011844628780765849,0.0030222660121609762
254_P2,1.6816948325720448e-06,2.130992925231112e-06,0.0,0.011418045124361637,0.00285546445302986
254_SCT,1.3329698336988256e-07,0.0,0.0,0.01005630720997743,0.0025141101267402
255_P2,6.062591095494345e-05,1.8901291696238331e-06,0.0,0.029505756592148897,0.0073920681580683665
255_PKA,0.0006031275048227976,0.0,0.0,0.000745627994238768,0.0003371888747653914
255_PKB,3.7121834559063274e-05,0.0,0.0,0.008351727646278909,0.002097212370209493
256_P2,2.3992408933701622e-05,3.496853196338634e-06,0.0,0.010557061085418512,0.002646137586887138
256_SCT,1.2335481343927109e-05,0.0,0.0,0.0065720142844627365,0.0016460874414516659
256_PKA,4.802297020673138e-05,0.0,0.0002482272336448387,0.020246173411243754,0.005135605903773831
258_P2,2.8658315843189117e-06,3.2363465152229764e-07,0.0,0.0045540582403552216,0.0011393119266477657
258_PKA,4.21554736495617e-06,3.9965951259546273e-07,0.0,0.0007034573648225128,0.00017701814292501612
258_PKB,6.009797044234782e-06,0.0,0.0,0.006411167622405568,0.0016042943548624507
259_P2,8.309397827835145e-05,8.122903636831325e-06,0.00040617981859789,0.006788171559391148,0.0018213920649760552
259_SCT,3.323073405069857e-05,1.6103967936942354e-07,0.0,0.025442783449065046,0.006369043805698778
259_PKA,0.00019295944193530043,3.9102019400161225e-06,0.0,0.023577655958918184,0.005943631400698375
259_PKB,0.00024760361125220184,2.489868791144545e-07,0.0,0.04141883632425738,0.010416672230597173
260_H3,5.457414682904831e-06,0.0,0.0,0.039073293490344656,0.00976968772625689
260_P2,3.268737675449143e-05,1.751734885147016e-06,0.0,0.03213865466354417,0.008043273443795951
260_SCT,6.047712511455774e-06,0.0,0.0,0.027554621313417682,0.006890167256482284
260_PKA,1.3583677425501503e-05,7.898632361502678e-07,0.0,0.0203605332423364,0.005093726695749513
260_PKB,1.4505206116644676e-05,8.330279115398298e-07,0.0,0.008490524376183459,0.0021264656525529107
261_PKA,0.0036717187661198733,0.00010122107050847262,0.017170258592662097,0.43566229262736744,0.11415137276416447
262_P2,9.491102985909486e-05,5.16212082857237e-07,0.0,0.009271779312293437,0.0023418016385588474
262_PKA,7.584693235349727e-05,4.781730922331917e-07,0.0,0.049427866043854234,0.012376047787324991
263_H3,4.202081122951871e-06,6.366272486957314e-08,0.0,0.03281137457224549,0.008203910079023328
263_P2,0.0001135753673368347,2.4090533770504408e-05,0.0,0.062420748819789554,0.015639603680224223
263_SCT,3.920777173442528e-05,0.0,0.0,0.04843805526473288,0.012119315759116827
263_PKA,0.0001997078468908717,1.86592460522661e-05,0.0,0.00805816421415023,0.002069132826773342
263_PKB,0.0002794491000056846,2.4940793537098216e-06,0.000772047378774108,0.07035516650926389,0.01785228926684935
264_P2,7.506994324208978e-05,2.8863146894764213e-07,0.0,0.00014347919778481412,5.4709443123962885e-05
264_SCT,3.043801755844206e-05,1.0915753591689281e-05,0.0,0.007851176034304654,0.0019731324513636963
265_P2,0.019282554206934043,0.0021514773834496737,0.00012706118787753488,0.17373270382601,0.048823449151067816
265_PKA,0.01570296628712583,1.7304711263932404e-07,0.08326621287213598,0.24014519558705583,0.08477863694835758
265_PKB,0.042341265665617814,4.922018774777825e-07,0.03421428113783597,0.0352864940451428,0.027960633262618516
266_H3,5.047163634176627e-05,0.0001630913175176829,0.0,0.097943727246171,0.02453932255000761
266_P2,0.00018221309325165637,1.4142958093543712e-07,0.0,0.04593229626421665,0.011528662696762311
266_SCT,0.00016744211750486975,8.444624199910322e-07,0.001172577781379619,0.005873453253184492,0.001803579403622243
266_PKB,0.00020473525406283587,4.821517450182e-06,0.0003878857266720114,0.003212400103098301,0.0009524606503208326
269_H3,0.0020559270081666374,0.00017798450426198542,0.003477664622663492,0.2286605432186076,0.05859302983842493
269_P2,0.0033426559034911416,7.186421134974808e-05,0.0018854213916758037,0.12100711749838769,0.031576764751226095
269_SCT,0.0024431738751826294,3.533302503910818e-07,0.0,0.0467695842487326,0.012303277863541405
269_PKA,0.0021667597551300937,8.440920282737352e-07,0.0017729330663252634,0.18144979189499438,0.0463475822021195
269_PKB,0.002269592871571442,6.577428575837985e-05,0.010546571734723443,0.20237029348618377,0.05381305809455926
270_H3,5.803655545248656e-05,7.0148366830835585e-06,0.0,0.006857377478785029,0.00173060721773015
270_P2,0.00014472289318838812,1.0803450095409062e-05,0.00026499405101237906,0.05321089433943892,0.013407853683433776
270_SCT,3.0919291238749534e-05,0.0,0.0,0.02003024018865342,0.005015289869973042
270_PKA,0.005375346325452368,1.8005532353981835e-07,3.6676658661740796e-05,0.005679556045265982,0.0027729397711759073
270_PKB,0.00021533346090885617,2.7008923098037485e-07,0.0,0.006927123722126121,0.0017856818180664894
271_H3,1.5834993253182452e-05,3.0306313192340895e-07,8.271883143970622e-05,0.018450088012230685,0.004637236225013874
271_P2,7.385368016452666e-05,1.1345548500685254e-06,0.0,0.004625525081580021,0.001175128329148654
271_SCT,1.7518994576088083e-06,5.685070618710597e-07,0.0,0.04098231665277942,0.010246159264824724
271_PKA,0.000235272581388857,1.1426498531363904e-05,0.0,0.02434947797207374,0.0061490442629984895
271_PKB,1.976146187605338e-05,0.0,0.0,0.06484003660319318,0.01621494951626731
272_P2,4.540861708205826e-07,3.581156704512978e-07,0.0,0.008328983226844859,0.0020824488571715327
272_SCT,7.220215067429064e-06,0.0,0.0,0.011099069254065192,0.0027765723672831554
273_H3,3.528308015111496e-07,7.352270614546796e-08,0.0,0.012210705241463093,0.0030527828987426875
273_P2,4.605176847303491e-05,1.0569101505097933e-06,0.0,0.06024448416839796,0.015072898211755377
273_SCT,4.962713581827198e-06,0.0,0.0,0.0131911777384739,0.003299035113013932
273_PKA,3.134387668502804e-05,2.363129169680178e-06,0.0,0.023672631773347396,0.0059265846948005265
273_PKB,1.385091741621134e-05,6.817560915806098e-08,0.0,0.05866584945454227,0.01466994213689191
274_H3,7.50676252387514e-06,1.0255272400172544e-06,0.0,0.020465092199583874,0.005118406122336942
274_PKA,3.628977065665585e-05,1.7293028577114455e-05,0.0,0.07294978398555603,0.01825084169619745
274_PKB,7.39119650406713e-06,0.0,0.0,0.04994502156132197,0.012488103189456508
275_H3,2.076763773650105e-06,2.7306887204758823e-05,3.992599637021679e-05,0.01752796097590008,0.004399317655812177
275_P2,0.01150306297360548,0.005441807210445404,0.05596070663859713,0.015451596472982864,0.02208929332390772
275_SCT,6.873213203203031e-08,0.0,4.106433077816452e-05,0.03106297950921041,0.007776028143030152
275_PKA,0.014140159709924337,0.0,0.0,0.01621495210097052,0.007588777952723715
275_PKB,0.009645182300128768,0.0,0.009461160857525453,0.07532969713852584,0.023609010074045016
276_P2,5.300149700857269e-05,7.165773240558337e-06,0.0,0.0020080279527120515,0.0005170488057402957
276_SCT,5.010155390390825e-05,4.5964816308696754e-06,0.0,0.07581541773157784,0.018967528941778153
276_PKA,5.378264997687119e-05,1.1283160347375087e-05,0.0,0.0035132996704559005,0.0008945913701950367
276_PKB,5.258185662940308e-05,2.411798504908802e-06,7.46299571453618e-05,0.005299554829308462,0.001357294610397034
277_H3,6.323444755595584e-06,1.9159831936121918e-05,0.0,0.04725530501841132,0.011820197073775759
277_P2,1.0101460342170703e-05,2.605176518954977e-07,0.0,0.03090473730157622,0.007728774819892571
277_SCT,2.4337609827040134e-05,8.841387710845083e-08,0.0,0.03489176364481842,0.008729047417130643
277_PKA,0.0007125784065430303,1.002103886094119e-06,0.0,0.01003333413782451,0.0026867286620634086
277_PKB,0.00013839020099291001,7.002050210758171e-07,0.0,0.0431189901243031,0.010814520132579272
278_H3,0.0,0.0,0.0,0.010330099089469498,0.0025825247723673746
278_P2,1.951917496733377e-05,2.374635869273334e-06,0.0,0.008543377714186996,0.0021413178812559005
278_SCT,7.872960805769837e-06,0.0,5.904318980793375e-06,0.001518147143460615,0.00038298110581179456
278_PKA,1.5182692568875626e-05,0.0,0.0,0.0014059401843904316,0.0003552807192398268
278_PKB,1.8548344369126747e-05,1.5471066944883205e-05,0.0,0.008707687429214779,0.0021854267101321973
279_H3,3.3282515488920735e-07,0.0,0.0,0.11441859487569543,0.02860473192521258
279_P2,5.927254373818108e-05,0.0,0.0,0.030639160816896882,0.007674608340158766
279_SCT,3.1869884118005304e-05,0.0,0.0,0.013771369170086842,0.003450809763551212
279_PKA,1.5096946397105876e-05,1.4618482055084314e-05,5.276581663012565e-05,0.02037977534086225,0.005115564146486141
279_PKB,2.993022425339593e-05,0.0,0.0,0.025888840128114377,0.006479692588091943
280_P2,0.0036738805218432084,2.533140650484711e-05,0.0,0.04587805558686055,0.012394316878802152
280_SCT,7.347691367278963e-06,3.232062454117113e-06,0.0,0.029275849728021653,0.007321607370460763
280_PKA,5.5014073449337194e-05,5.153863753548649e-07,0.0,0.03794358420733971,0.0094997784167911
280_PKB,6.976818843701637e-05,1.208542698805104e-06,0.0,0.04117294224746001,0.010310979744648957
281_H3,6.301044829097586e-06,0.0,0.0,0.021634489263032367,0.005410197576965366
281_P2,3.9749212762973264e-05,1.1939689557038946e-06,0.0,0.057818258546781846,0.01446480043212513
281_SCT,4.654789349155814e-05,0.0,0.0,0.031772026939086394,0.007954643708144488
281_PKA,1.5169745822852216e-05,6.357410597956914e-08,1.2569284632688946e-06,0.016421157573746355,0.0041094119555346136
282_H3,8.619606786727594e-05,2.5769877538550645e-06,0.0,0.012619006382822848,0.003176944859610995
282_P2,0.00011855225155594545,7.411289857373049e-07,1.5160289671647406e-06,0.045397177623935296,0.011379496758361037
282_SCT,0.00030780746599612065,2.003096233238466e-05,0.00044497067503782115,0.030763635874630584,0.007884111244499227
282_PKA,0.00011366137208440068,1.3390884987529716e-06,0.0,0.06249286913406886,0.015651967398663005
282_PKB,0.0005675358497301789,2.9042184905847535e-06,0.0007421567807293155,0.05439916722757591,0.013927941019131496
283_P2,2.2852420180805913e-06,0.0,0.0,0.007351383742283283,0.0018384172460753408
283_SCT,7.521862743351967e-08,0.0,0.0,0.06573497057701846,0.016433761448911476
283_PKA,0.001709204144081879,0.0,0.0,0.03203109564998343,0.008435074948516327
283_PKB,1.0327202068094773e-06,0.0,0.0,0.029679599541906503,0.007420158065528328
284_P2,1.1382226002092038e-05,1.368586737271471e-07,0.0,0.0005354024321010528,0.000136730379194218
284_SCT,3.212334622626635e-05,0.0,0.0,0.01537291256806635,0.003851258978573154
284_PKA,7.890314555021244e-06,0.0,0.0,0.020816549748172163,0.005206110015681796
284_PKB,9.104600043064545e-06,1.6731944469938753e-06,0.0,0.007250960454862707,0.0018154345623381915
285_H3,2.905604619964746e-07,0.0,0.0,0.00014810526867430288,3.709895728407484e-05
285_P2,0.31412723229315065,0.08447447419166565,0.6351073912056561,0.0277185098947248,0.2653569018962993
285_SCT,3.898923515557329e-05,0.0,0.0,0.007365692661044178,0.0018511704740499378
285_PKA,1.5464085988639168e-06,0.0,0.0,0.0028380256595971634,0.0007098930170490068
286_H3,6.356810685828845e-05,0.0,0.0,0.0007313854321028852,0.00019873838474029342
286_SCT,1.0,1.0,0.48908271833536504,0.057885207966921516,0.6367419815755717
286_PKA,2.9057930509924348e-05,1.7760192349669524e-05,0.0,0.007218531427846828,0.0018163373876766053
286_PKB,0.6562263379706212,1.7212240663866396e-06,1.0,0.011202914664199476,0.41685774346472176
287_H3,4.855924634536664e-06,6.24654390435353e-08,0.0,0.007114553403364369,0.0017798679483594872
287_SCT,3.743072963814723e-05,9.069131579053646e-07,0.0,0.000800340994897861,0.0002096696594234784
287_PKA,4.144642052893073e-05,1.4532430213876069e-05,0.0,0.011212574998962511,0.0028171384624263293
287_PKB,6.042462178546244e-05,6.993613510530849e-07,0.0,0.017385841451854005,0.00436174135874763
288_P2,0.0006889291595627499,0.0,0.0279766336209937,0.011540331236732022,0.010051473504322119
288_PKA,1.918851579428852e-06,6.454772005781706e-08,0.0,0.0030471851706284723,0.0007622921424819898
288_PKB,0.0005848768645417749,0.0,0.0,0.016025706611269546,0.004152645868952831
289_H3,6.539203889173648e-05,0.0,0.0,0.14839108401798212,0.03711411901421847
289_P2,0.00010125151686302636,9.294898859479872e-07,0.0006643566885921808,0.031786517301782474,0.008138263749280908
289_SCT,5.2956930810766495e-06,3.9623232623853255e-06,0.0,0.009582590222199138,0.0023979620596356497
289_PKA,0.00017493476842264603,0.0,0.0017860280140297878,0.05177651739614638,0.013434370044649703
290_PKA,2.328174499589261e-05,3.388859568076441e-06,4.7835674442437884e-05,0.006014486065136581,0.001522248086035747
290_PKB,3.917798625999359e-05,1.224869379257143e-07,0.0,0.02590668542742676,0.00648649647515617
292_H3,0.0022837889564493404,7.469099364243448e-05,0.003884241884608123,0.24321753774942145,0.06236506489603034
292_SCT,0.0022763618198411977,7.080766408762429e-06,0.0033036291737449635,0.05551025367332375,0.01527433135832967
292_PKA,0.002879758689193644,1.3424553344520973e-06,0.00761036628707795,0.03359716431335002,0.011022157936239016
292_PKB,0.002071293596945679,9.693882748251781e-05,0.004823690159442663,0.3404776787600757,0.08686740033598664
293_H3,6.934072529900117e-06,4.755345798912458e-06,0.0,0.05347092472164237,0.013370653534992795
293_P2,6.066243155951232e-05,1.5275071518772165e-06,1.7086246673859787e-05,0.01758023876155448,0.004414878736734932
293_PKA,2.7790284984393973e-05,1.9106253148493124e-06,2.2756253455007767e-06,0.09724471560545213,0.024319173035274217
293_PKB,0.0007555565540760023,3.639974579527916e-07,5.286408099471333e-06,0.008720835967418043,0.0023705107317628675
294_P2,9.963691651090854e-05,0.0,0.0,0.014546036429838677,0.0036614183365873965
294_SCT,3.831108797169939e-06,0.0,0.0,0.05409122548260991,0.01352376414785177
295_H3,2.535509643468431e-06,0.0,0.0,0.039009453715533306,0.009752997306294194
295_P2,1.5284406089254384e-05,1.1638577035455455e-07,0.0,0.0004904470196387085,0.00012646195287457937
295_SCT,2.876476624112833e-06,6.058144208509475e-08,0.0,0.019778253734565144,0.004945297698157836
295_PKA,1.5751172827220013e-06,0.0,0.0,0.011820626843692611,0.0029555504902438333
295_PKB,9.012682606824672e-07,0.0,1.0039209679936124e-06,0.026670966902519435,0.006668218022937027
297_H3,8.381976031745894e-05,1.2381379974613083e-06,0.0,0.021842524524394568,0.0054818956056773725
297_P2,5.8777169614325945e-05,7.796398335813137e-07,0.0,0.00887196521244392,0.002232880505472957
297_SCT,8.4910449098697e-06,2.7104524633614346e-06,0.0,0.006413832331764158,0.0016062584572843473
297_PKA,9.207343269733074e-05,0.0,0.0,0.01121503419207214,0.0028267769061923677
298_P2,0.00015874172379186626,2.2501483272208134e-06,0.0,0.00965836144650516,0.0024548383296560615
298_SCT,0.00011616911336965429,0.0,0.0,0.06315125640144047,0.015816856378702532
298_PKA,0.00010077204927170656,0.0,0.0,0.011127427001007696,0.002807049762569851
299_H3,3.394534597748944e-05,9.18914611247601e-06,0.0,0.032771887479752786,0.008203755492960688
299_P2,4.189728271116945e-05,1.2263459211681038e-05,0.0,0.009103056861635855,0.0022893044008896763
299_SCT,2.7622700553836174e-05,0.0,0.0,0.0005479155868275143,0.00014388457184533762
299_PKA,0.00013841644366136192,1.6797598334505892e-07,0.0,0.0027315549552718427,0.0007175348437291375
299_PKB,6.0947595287559695e-05,5.152661287866067e-06,0.0,0.01822862244229738,0.0045736806747182016
300_P2,3.726750521710509e-05,0.00032054103212431073,0.0019348099640337007,0.03460396900309212,0.00922414687611681
300_PKA,9.792861939534809e-06,0.0,0.0,0.011597621379093443,0.0029018535602582446
300_PKB,5.096713306001813e-05,0.0,0.004779282954403587,0.005723355296265881,0.0026384013459323716
301_PKB,2.2489681240955988e-05,1.5858494180065463e-06,0.0,0.014129234514840116,0.0035383275113747698
303_P2,1.2646968212387281e-06,0.0,0.0,0.005446158023834747,0.0013618556801639964
303_SCT,1.5795786437455093e-07,0.0,0.0,0.012820327406790061,0.003205121341163609
304_P2,7.144800317391925e-05,5.3645489970222116e-06,0.0,0.0051209919434892165,0.0012994511239150395
304_PKA,0.00010299469732486405,1.7245956485112401e-07,0.0,0.021170964631070207,0.00531853294698998
307_H3,5.799429027007986e-07,8.097938007267658e-06,0.0,0.01575172297540793,0.003940100214079475
307_P2,2.2949006840077207e-05,9.053921417034871e-07,0.0,0.01587170903240912,0.003973890857847726
307_SCT,1.0397307081394027e-05,0.0,0.0,0.0391240095772604,0.00978360172108545
307_PKA,2.0949543188714574e-05,0.0,0.0,0.0013109576145196363,0.00033297678942708774
307_PKB,2.1801793522031836e-05,1.5795296803844394e-07,0.00010624981675793534,0.00769007043906651,0.001954570000578629
308_H3,6.213446117547138e-06,0.0,0.0,0.0020087124366534666,0.0005037314706927534
308_P2,2.90541609694724e-05,2.271782932439237e-06,5.815662221184569e-05,0.016350428827274003,0.00410997784834694
308_SCT,8.78215496325867e-06,4.289232720111613e-07,0.0,0.0079678574406571,0.001994267129723092
308_PKA,5.52378802168309e-05,0.0,0.0,0.03512694764938515,0.008795546382400495
308_PKB,9.157912701565952e-06,0.0,0.0,0.013057755810541263,0.0032667284308107074
309_PKB,1.9200990534249888e-05,1.9206092929380247e-06,8.920327645942007e-05,0.027293009311506473,0.00685083354694827
311_H3,1.068736530457443e-06,0.0,0.0,0.016182989735059793,0.004046014617897563
311_P2,3.5197209495819883e-06,0.0,0.0,0.0030233214986397465,0.0007567103048973322
311_PKA,3.953848102788906e-06,0.0,0.0,0.001187096959610242,0.00029776270192825773
311_PKB,1.7219779255989896e-06,0.0,0.0,0.0006771521488517853,0.00016971853169434607
314_P2,4.0313052789183733e-07,3.716818355314899e-07,0.0,0.012753741811113082,0.0031886291558691263
314_SCT,1.3760294138958965e-06,1.2526564205472823e-05,0.0,0.07625478781880683,0.01906717260310655
314_PKA,1.840655015748021e-06,0.0,0.0,0.019530501038234952,0.004883085423312675
314_PKB,6.954429058557805e-06,0.00031727514578960836,0.0,0.006021358815034003,0.0015863970974705423
315_H3,1.1522261111145903e-05,0.0,0.0,0.05091639910347415,0.012731980341146323
315_P2,4.5274569055660924e-05,1.3211065663654153e-07,0.0,0.04228772945642269,0.010583284034033746
315_SCT,4.6567859328769956e-05,0.0,0.0,0.0028585281466360496,0.0007262740014912049
315_PKA,1.65439535867794e-05,0.0,0.0,0.04004327752061368,0.010014955368550115
315_PKB,4.504034476985098e-05,1.2612269529199693e-05,0.0,0.026764211383848407,0.006705465999536865
317_P2,1.6452022329535977e-05,1.63195500135771e-06,0.0,0.013624683116956313,0.0034106917735718017
317_PKA,0.0027516893905528057,0.019840730354189873,2.073598942858883e-07,0.02314696076369061,0.011434896967081894
317_PKB,1.9332322557445496e-05,0.0,0.0,0.07218241610734942,0.018050437107476718
318_H3,2.368829373935443e-06,0.0,0.0,0.001929897360015033,0.0004830665473472421
318_P2,0.00016147148861761604,2.212387016697903e-06,0.0,0.008418525576663912,0.0021455523630745568
318_SCT,1.327938799406988e-07,0.0,0.0,0.03633645174978516,0.009084146135916276
318_PKA,0.0004364964186428291,3.702292815432884e-05,0.0,0.020487812124462088,0.005240332867814812
318_PKB,0.0006189840714635294,0.0,0.0005976803050185348,0.09719335395280504,0.024602504582321775
319_H3,2.272901069153317e-06,0.0,0.0,0.03977502457477495,0.009944324368961026
319_P2,2.32980682133756e-05,4.6115022200865496e-07,0.0,0.0032186568026473746,0.0008106040052706897
319_SCT,1.2876600596110036e-05,0.0,0.006367161874925215,0.05715799076102024,0.01588450730913539
319_PKA,4.44273975067305e-05,1.2465179111131874e-07,0.0,0.023857157814615917,0.00597542746597844
319_PKB,0.00146843796579065,0.0,0.0,0.003948690863630234,0.001354282207355221
320_H3,4.651801127679016e-06,0.0,0.0,0.03275278209133003,0.008189358473114427
320_P2,5.887537484863788e-05,4.854004842513859e-08,0.0,0.02791711338393814,0.0069940093247088005
320_PKA,3.4434872720666305e-05,0.0,0.0,0.008265624723125406,0.002075014898961518
320_PKB,4.318269257119434e-05,0.0,0.0,0.014663180811608105,0.0036765908760448248
321_P2,5.1963111218966386e-05,1.867962282631197e-06,0.0,0.005437745138195108,0.0013728940529241765
321_PKB,2.2715921591213667e-05,0.0,0.0,0.06241384085310512,0.015609139193674083
322_H3,0.00011678916190776852,0.0,0.0,0.007472656495455531,0.0018973614143408249
322_P2,3.5009724697880053e-06,0.0,0.0,0.02477140767542644,0.006193727161974057
322_SCT,2.325109567555516e-06,1.871861314839407e-07,0.0,0.04898261879751652,0.012246282773303889
322_PKA,5.005277225624361e-06,0.0,0.0,0.0076296521564302045,0.0019086643584139572
323_H3,6.047879793019725e-06,0.0,0.0,0.04605749555551392,0.011515885858826735
323_P2,1.929828639620851e-05,0.0,0.0,0.017001606570149066,0.004255226214136319
323_SCT,1.0105699666775779e-06,0.0,0.0,0.03993477326347198,0.009983945958359665
323_PKA,6.392273000860847e-05,0.0,0.0,0.0005862522554929384,0.00016254374637538673
324_H3,6.101665586575986e-05,7.174503480200656e-08,0.0,0.037817761012289994,0.00946971235329764
324_P2,1.2535168601385331e-05,0.0,0.0,0.01465524566417024,0.0036669452081929065
324_SCT,1.2540247828532464e-06,0.0,0.0,0.004382170557835275,0.001095856145654532
324_PKA,0.0001164927064475898,1.0680579975996807e-07,0.0,0.013369831568179858,0.0033716077701068017
325_H3,7.333651111884382e-06,0.0,0.0,0.020466430456317377,0.0051184410268573155
325_P2,9.131036170888644e-06,0.0,0.0,0.0006961477340332376,0.00017631969255103155
325_SCT,5.002228680319525e-07,0.0,0.0,0.0023357157671517648,0.0005840539975049492
326_H3,2.0310763896815778e-05,2.0255190975149162e-05,9.247240347468443e-05,0.012063842057584468,0.0030492201039827795
326_P2,8.264775678311232e-06,0.0,0.0,0.010214484095017951,0.0025556872176740655
326_SCT,1.212305097060995e-05,0.0,0.0,0.0711696101646164,0.01779543330389675
326_PKA,1.472836603460765e-05,2.5265816816499864e-07,0.0,0.02254232988666965,0.005639327727718106
326_PKB,3.912911449737877e-05,1.6107672990983701e-06,0.0,0.026652166282909232,0.0066732265411764274
327_H3,1.3424836753061408e-06,0.0,0.0,0.0011283410323105962,0.00028242087899647556
327_P2,2.0400923631467395e-05,2.3245681290973152e-07,0.0,0.04070458423998914,0.01018130440510838
327_SCT,1.276271309018808e-05,3.6555070437316317e-07,0.0,0.01392816262477685,0.003485322722142853
327_PKA,2.0456557989209832e-05,0.0,0.0,0.03491409853548922,0.008733638773369608
328_H3,1.0588644620271935e-06,0.00021007019677199423,0.0,0.020325766593815103,0.005134223913762281
328_P2,4.576149901481859e-05,0.0,0.0,6.473338837909609e-05,2.762372184847867e-05
328_SCT,2.935314042639696e-05,1.5239565982483327e-06,0.0,0.018938181964046837,0.00474226476526787
328_PKA,8.484160159608939e-05,0.0,0.0,0.041464684171952086,0.010387381443387043
329_H3,4.735665569211299e-06,1.0725620995799545e-05,0.0,0.020258605085720263,0.005068516593071318
329_P2,9.343604139694813e-05,4.032237029605312e-06,0.0,0.0011705739408076278,0.0003170105548085453
329_SCT,1.7846428540641e-05,1.8390865363926423e-07,0.0,0.0367323261058355,0.009187589110757446
329_PKB,0.00018730729231261408,2.2441690816776827e-07,0.0,0.0011909226640601407,0.00034461359332023064
330_PKA,1.3866807466197837e-05,4.15430065459077e-07,0.0,0.023894902749437032,0.005977296246742173
331_H3,2.4691330403394326e-06,0.0,0.0,0.001108442360507396,0.0002777278733869338
331_SCT,4.840018357751377e-06,0.0,0.0,0.029288180898568206,0.0073232552292314896
331_PKA,3.7327647631778524e-05,3.698775330462922e-08,0.0,0.04957054639840865,0.012401977758448434
331_PKB,3.3701327281886814e-05,0.0,0.0,0.004878862050748085,0.001228140844507493
332_H3,2.2176654327245892e-05,6.63066828110459e-07,0.0,0.14791111233186377,0.03698348801325478
332_P2,0.0001445800655335881,1.4566079471478588e-06,0.0,0.08659723919808178,0.021685818967890628
332_SCT,0.0002084729006359232,1.9176650312147103e-05,0.0,0.03195874544018945,0.00804659874778438
332_PKA,5.52453528497064e-05,1.1003731970049557e-06,0.0,0.0414314828545827,0.010371957145157353
333_H3,1.1643422294282044e-05,1.3656503483616689e-08,0.0,0.024546605902966024,0.006139565745440947
333_P2,8.286483118596765e-05,5.235678600001847e-06,0.0,0.026236071665706295,0.006581043043873067
333_SCT,1.3411470856814833e-05,0.0,0.0,0.06621724178473415,0.01655766331389774
333_PKA,5.975059747187643e-05,2.5493518478469923e-06,0.0,0.06203688399594454,0.015524795986316066
333_PKB,0.00027249542906802133,2.0912229956593364e-06,0.0,0.04296535344971318,0.010809985025444216
334_H3,8.595683508416795e-06,3.1947610068527865e-07,0.0,0.02928741780179943,0.007324083240352133
334_P2,7.099061148149339e-05,4.535165862762369e-05,5.2612490364093396e-05,0.03281290132292903,0.00824546402085056
334_SCT,7.865919927899427e-06,0.0,0.0,0.012821197980711432,0.0032072659751598326
334_PKA,0.00011423634548333497,3.244255276513286e-05,0.0,0.011103731433200583,0.0028126025828622628
335_H3,3.837571167301986e-06,9.749372793521616e-07,0.0,0.06814786344170384,0.017038168987537624
335_P2,8.485098696874987e-05,2.0269157175789587e-05,0.00012204557969532023,0.004042223834613593,0.001067347389613363
335_SCT,4.638828886180761e-05,1.3292308722157031e-05,7.795940002992937e-06,0.004817657903610584,0.0012212836102993856
335_PKA,0.0001573114487084947,2.8729075438604923e-06,0.0,0.039835591651010256,0.009998944001815653
336_H3,6.896654148824408e-06,0.0,0.0,0.0659958678623198,0.016500691129117156
336_P2,3.882821394447083e-05,8.63534950212852e-08,0.0,0.032386707491243664,0.00810640551467079
336_SCT,1.457452580406235e-05,1.6410145065037796e-07,0.0,0.026864000860106402,0.006719684871840279
336_PKA,3.075960066155027e-05,1.4853307561679685e-07,0.0,0.007441389350116401,0.001868074370963392
337_P2,2.3270664258658043e-05,2.9228492621768964e-06,0.0,0.019577581833437063,0.004900943836739474
338_H3,0.0006570840137744552,0.00028039957396686077,0.0,0.030882094736718494,0.007954894581114952
338_P2,0.0005313953631428213,1.3821895663568284e-06,0.0,0.0006374706682367548,0.00029256205523648326
338_SCT,0.000679023241865227,7.467559726137551e-08,0.0,0.014196017859650046,0.0037187789442781334
338_PKA,0.0017114193255229335,8.392478321184171e-07,0.0,0.0035511218677277906,0.0013158451102707107
339_P2,6.304642211686964e-05,1.9750932551687583e-06,0.0,0.07412709270754143,0.018548028555728367
340_H3,6.612798803060736e-05,3.4815542448995984e-08,0.0,0.10058016864015476,0.025161582860931953
340_P2,1.367565381746466e-05,0.0,0.0,0.012298652931185618,0.003078082146250771
340_SCT,1.1193890021422727e-06,0.0,0.0,0.032095716651137605,0.008024209010034937
340_PKA,2.3391132177804645e-05,0.0,0.0,0.014501024920425971,0.003631104013150944
340_PKB,1.295713302099076e-05,0.0,0.0,0.007863507007617374,0.0019691160351595913
341_H3,5.539397831409973e-07,0.0,0.0,0.00545971371068528,0.0013650669126171054
341_P2,7.734112026652108e-08,0.0,0.0,0.0032324841614697385,0.0008081403756475012
341_SCT,7.968685670290918e-08,0.0,0.0,0.030193375148045036,0.007548363708725435
341_PKA,2.2906699849235128e-08,0.0,0.0,0.00681450339685952,0.0017036315758898423
341_PKB,5.932774321818143e-08,0.0,0.0,0.002711944042290491,0.0006780008425084273
342_H3,3.1460621895040376e-07,0.0,0.0,0.028208756737249752,0.007052267835867176
342_P2,3.116383481226335e-06,9.89656427918817e-07,0.0,0.019202314741609848,0.004801605195379748
342_SCT,1.11250431752588e-05,0.0,0.0,0.06349809035757913,0.015877303850188595
342_PKB,1.5197598003796459e-05,1.6352758791526867e-07,0.0,0.002628021940019476,0.0006608457664027969
343_H3,2.4413865759134896e-06,6.745428891008487e-06,0.0,0.0013464246956254261,0.00033890287777308705
343_P2,2.6945607655665596e-05,1.1930827668038546e-06,4.903810665000279e-06,0.003372153358957696,0.0008512989650112915
343_SCT,2.0251446633350665e-05,0.0,0.0,0.042222812575430105,0.010560766005515863
343_PKB,2.935663289679913e-05,1.045974613589351e-06,0.0,0.011697920120086419,0.0029320806818992017
344_P2,1.7608397147037345e-05,2.529552887153841e-07,0.0,0.010737189645618726,0.00268876274951362
344_SCT,1.041958581245486e-06,0.0,0.0,0.010866567894380525,0.0027169024632404427
345_H3,1.617329737932752e-05,1.3649904758494813e-05,5.6934146403224254e-05,0.01540900692551451,0.003873941068513889
345_P2,0.000695170950708589,2.4131170448526973e-06,0.0,0.008777899955332225,0.0023688710057714166
345_SCT,6.309925213047096e-06,5.713686732633505e-07,0.0,0.006372648752335949,0.0015948825115555648
346_P2,1.4542318374896143e-05,1.7460999970353441e-06,0.0,0.018645714813776523,0.004665500808037113
346_SCT,1.4337720512747256e-05,3.783777856369852e-06,2.880143037310646e-07,0.02350043763907224,0.005879711787936272
347_P2,5.010399872721087e-05,4.772120973939309e-06,0.0,0.023620303273204985,0.005918794848226534
347_SCT,1.0996915943409863e-05,0.0,0.0,0.008365875834003576,0.0020942181874867467
349_H3,1.7050850704655047e-05,2.323088665434625e-06,0.0,0.07195887244098405,0.017994561595088533
349_P2,1.1998449788375457e-05,0.0,0.0,0.001531812232955927,0.0003859526706860756
349_SCT,1.3250905883881961e-05,0.0,0.0,0.07448629089156861,0.018624885449363124
350_P2,1.0676883847592056e-05,0.0,0.0,0.008890910195898842,0.0022253967699366085
350_SCT,4.999641584573147e-07,0.0,0.0,0.07033705270493637,0.017584388167273708
351_H3,0.00010342938114636203,2.8159191060694866e-05,0.0,0.035573321596374746,0.00892622754214545
351_P2,0.00031496728483561254,2.450058218528284e-07,0.00018155825597882983,0.021634830033653626,0.00553290014507248
351_SCT,4.5496353316439114e-05,8.359101855148765e-08,2.3392185982530985e-07,0.05267909667090416,0.013181227634274744
351_PKA,5.052471722543988e-05,3.923566691810265e-05,0.0,0.03260317285232966,0.0081732333091183
352_SCT,1.174971467474552e-05,9.463926744501805e-07,0.0,0.030956779718411008,0.007742368956440051
353_H3,1.7809167451408308e-05,0.0,0.0,0.028701245731005246,0.007179763724614163
353_P2,3.7135203119670764e-05,9.288182241107279e-07,0.0012998630010636941,0.019411202822743025,0.005187282461287625
353_SCT,4.5179303375832996e-05,0.0,0.0,0.05185070603534253,0.01297397133467959
4_PKB,7.091980265416795e-05,4.006502081210783e-07,0.0,0.05622751186261146,0.014074708078868438
5_H3,2.504554932099783e-05,6.887190124871267e-07,0.0,0.0433586997427314,0.010846108502766221
5_P2,2.504554932099783e-05,6.887190124871267e-07,0.0,0.0433586997427314,0.010846108502766221
5_SCT,2.504554932099783e-05,6.887190124871267e-07,0.0,0.0433586997427314,0.010846108502766221
5_PKB,2.504554932099783e-05,6.887190124871267e-07,0.0,0.0433586997427314,0.010846108502766221
62_PKB,5.389328917315225e-07,0.0,0.0,0.009664953677179532,0.002416373152517816
66_P2,2.3928402024719598e-08,2.592280168300931e-07,0.0,0.05021065844830973,0.012552735401182145
66_PKA,2.3928402024719598e-08,2.592280168300931e-07,0.0,0.05021065844830973,0.012552735401182145
80_PKB,6.5476554386510705e-06,0.0,0.0,0.006073768067798595,0.0015200789308093116
110_PKB,3.9569383750660115e-05,0.0,0.0,0.02169381598306633,0.005433346341704248
114_PKA,8.641218569558612e-06,0.0,0.0,0.004612814033719276,0.0011553638130722087
125_P2,2.2852420180805913e-06,0.0,0.0,0.007351383742283283,0.0018384172460753408
280_H3,2.2852420180805913e-06,0.0,0.0,0.007351383742283283,0.0018384172460753408
130_PKA,1.2930603082475128e-07,0.0,0.0,0.08380083997139466,0.020950242319356372
130_PKB,1.2930603082475128e-07,0.0,0.0,0.08380083997139466,0.020950242319356372
132_H3,1.0627132715865987e-05,0.0,8.931011538407286e-05,0.003187062915115288,0.0008217500408038067
132_P2,1.0627132715865987e-05,0.0,8.931011538407286e-05,0.003187062915115288,0.0008217500408038067
132_SCT,1.0627132715865987e-05,0.0,8.931011538407286e-05,0.003187062915115288,0.0008217500408038067
132_PKB,1.0627132715865987e-05,0.0,8.931011538407286e-05,0.003187062915115288,0.0008217500408038067
139_P2,1.3997789937285519e-05,0.0,0.0,0.005444387645895318,0.001364596358958151
139_PKB,1.3997789937285519e-05,0.0,0.0,0.005444387645895318,0.001364596358958151
142_H3,0.0,0.0,0.0,0.004678053961102397,0.0011695134902755993
142_P2,0.0,0.0,0.0,0.004678053961102397,0.0011695134902755993
142_SCT,0.0,0.0,0.0,0.004678053961102397,0.0011695134902755993
142_PKB,0.0,0.0,0.0,0.004678053961102397,0.0011695134902755993
6_PKB,4.152823396675247e-06,8.432041067862883e-05,0.0,0.11191242393686462,0.028000224292734983
144_PKB,7.86410399424648e-07,9.263435174489132e-08,0.0,0.03607468619469534,0.009018891309861627
146_PKA,4.5067669710039086e-06,0.0,0.0,0.002695385609166117,0.0006749730940342803
146_PKB,4.5067669710039086e-06,0.0,0.0,0.002695385609166117,0.0006749730940342803
157_PKA,0.0019811354493528823,0.0,0.0,0.047259896605521635,0.01231025801371863
157_PKB,0.0019811354493528823,0.0,0.0,0.047259896605521635,0.01231025801371863
178_H3,0.000365742789365731,2.4650831619510427e-05,0.0006553153901931049,0.13912928682928463,0.03504374896011574
178_P2,0.000365742789365731,2.4650831619510427e-05,0.0006553153901931049,0.13912928682928463,0.03504374896011574
178_PKB,0.000365742789365731,2.4650831619510427e-05,0.0006553153901931049,0.13912928682928463,0.03504374896011574
210_H3,0.008701925556111724,0.0,0.0,0.04996513435389379,0.014666764977501379
185_PKB,9.881275436417339e-06,0.0,0.0,0.0022366725217950797,0.0005616384493078743
189_PKA,1.1033597831064776e-07,0.0,0.0,0.03776841529728774,0.009442131408316514
189_PKB,1.1033597831064776e-07,0.0,0.0,0.03776841529728774,0.009442131408316514
284_H3,1.1033597831064776e-07,0.0,0.0,0.03776841529728774,0.009442131408316514
203_H3,0.00017924826466640345,6.198358460096642e-05,0.00034515459036125237,0.005627913340005116,0.0015535749449084345
203_P2,0.00017924826466640345,6.198358460096642e-05,0.00034515459036125237,0.005627913340005116,0.0015535749449084345
203_PKB,0.00017924826466640345,6.198358460096642e-05,0.00034515459036125237,0.005627913340005116,0.0015535749449084345
204_SCT,1.9034765593422705e-07,1.3841193080565972e-08,0.0,0.035287017445374776,0.008821805408555948
207_P2,0.00011067358229332933,0.0,0.0,0.08385930245775998,0.020992494010013327
12_P2,1.8550383475644688e-06,0.0,0.0,0.05789728013942188,0.01447478379444236
12_SCT,1.8550383475644688e-06,0.0,0.0,0.05789728013942188,0.01447478379444236
12_PKB,1.8550383475644688e-06,0.0,0.0,0.05789728013942188,0.01447478379444236
18_SCT,1.8550383475644688e-06,0.0,0.0,0.05789728013942188,0.01447478379444236
18_PKA,1.8550383475644688e-06,0.0,0.0,0.05789728013942188,0.01447478379444236
18_PKB,1.8550383475644688e-06,0.0,0.0,0.05789728013942188,0.01447478379444236
19_H3,1.8550383475644688e-06,0.0,0.0,0.05789728013942188,0.01447478379444236
19_PKA,1.8550383475644688e-06,0.0,0.0,0.05789728013942188,0.01447478379444236
19_PKB,1.8550383475644688e-06,0.0,0.0,0.05789728013942188,0.01447478379444236
20_PKA,1.8550383475644688e-06,0.0,0.0,0.05789728013942188,0.01447478379444236
20_PKB,1.8550383475644688e-06,0.0,0.0,0.05789728013942188,0.01447478379444236
58_H3,1.8550383475644688e-06,0.0,0.0,0.05789728013942188,0.01447478379444236
58_SCT,1.8550383475644688e-06,0.0,0.0,0.05789728013942188,0.01447478379444236
58_PKA,1.8550383475644688e-06,0.0,0.0,0.05789728013942188,0.01447478379444236
58_PKB,1.8550383475644688e-06,0.0,0.0,0.05789728013942188,0.01447478379444236
211_H3,4.565761147005116e-06,4.244458295943332e-07,8.482008483129526e-06,0.011133725496594402,0.0027867994280135326
211_PKB,4.565761147005116e-06,4.244458295943332e-07,8.482008483129526e-06,0.011133725496594402,0.0027867994280135326
221_SCT,2.293836507145979e-06,4.530479054665193e-05,0.0,0.03851247345053537,0.009640018019397293
221_PKB,2.2875791905016743e-06,0.0,2.928435581063182e-05,0.021177180447590066,0.0053021880956478
222_H3,1.5439768832688985e-06,0.0,0.0,0.06761902764501919,0.016905142905475616
222_PKB,1.5439768832688985e-06,0.0,0.0,0.06761902764501919,0.016905142905475616
233_PKB,6.21693359547063e-07,0.0,0.0,0.001341775978631656,0.00033559941799780077
241_H3,3.157020391585899e-06,0.0,0.0,0.01059601640929173,0.002649793357420829
241_SCT,3.157020391585899e-06,0.0,0.0,0.01059601640929173,0.002649793357420829
242_P2,4.3631441271652224e-05,0.0,0.0,0.01685258388729495,0.004224053832141651
242_PKB,4.3631441271652224e-05,0.0,0.0,0.01685258388729495,0.004224053832141651
245_P2,1.5938542139283743e-07,0.0,0.0,0.01700229816625771,0.004250614387919776
245_PKB,1.5938542139283743e-07,0.0,0.0,0.01700229816625771,0.004250614387919776
251_PKA,1.6337233665118633e-05,0.0,9.215261671443479e-05,0.018698208470216086,0.00470167458014891
254_PKA,1.3329698336988256e-07,0.0,0.0,0.01005630720997743,0.0025141101267402
254_PKB,1.3329698336988256e-07,0.0,0.0,0.01005630720997743,0.0025141101267402
15_H3,2.722376079416114e-05,0.0,0.0,0.029226368496774575,0.007313398064392184
15_P2,2.722376079416114e-05,0.0,0.0,0.029226368496774575,0.007313398064392184
15_PKA,2.722376079416114e-05,0.0,0.0,0.029226368496774575,0.007313398064392184
15_PKB,2.722376079416114e-05,0.0,0.0,0.029226368496774575,0.007313398064392184
16_PKA,2.722376079416114e-05,0.0,0.0,0.029226368496774575,0.007313398064392184
16_PKB,2.722376079416114e-05,0.0,0.0,0.029226368496774575,0.007313398064392184
17_H3,2.722376079416114e-05,0.0,0.0,0.029226368496774575,0.007313398064392184
17_SCT,2.722376079416114e-05,0.0,0.0,0.029226368496774575,0.007313398064392184
17_PKB,2.722376079416114e-05,0.0,0.0,0.029226368496774575,0.007313398064392184
261_H3,0.0036717187661198733,0.00010122107050847262,0.017170258592662097,0.43566229262736744,0.11415137276416447
261_P2,0.0036717187661198733,0.00010122107050847262,0.017170258592662097,0.43566229262736744,0.11415137276416447
261_PKB,0.0036717187661198733,0.00010122107050847262,0.017170258592662097,0.43566229262736744,0.11415137276416447
262_SCT,7.584693235349727e-05,4.781730922331917e-07,0.0,0.049427866043854234,0.012376047787324991
262_PKB,7.584693235349727e-05,4.781730922331917e-07,0.0,0.049427866043854234,0.012376047787324991
264_PKA,7.506994324208978e-05,2.8863146894764213e-07,0.0,0.00014347919778481412,5.4709443123962885e-05
264_PKB,3.043801755844206e-05,1.0915753591689281e-05,0.0,0.007851176034304654,0.0019731324513636963
285_PKB,3.898923515557329e-05,0.0,0.0,0.007365692661044178,0.0018511704740499378
289_PKB,6.539203889173648e-05,0.0,0.0,0.14839108401798212,0.03711411901421847
294_PKA,3.831108797169939e-06,0.0,0.0,0.05409122548260991,0.01352376414785177
294_PKB,3.831108797169939e-06,0.0,0.0,0.05409122548260991,0.01352376414785177
297_PKB,8.381976031745894e-05,1.2381379974613083e-06,0.0,0.021842524524394568,0.0054818956056773725
298_H3,0.00010077204927170656,0.0,0.0,0.011127427001007696,0.002807049762569851
298_PKB,0.00010077204927170656,0.0,0.0,0.011127427001007696,0.002807049762569851
303_PKA,1.5795786437455093e-07,0.0,0.0,0.012820327406790061,0.003205121341163609
303_PKB,1.5795786437455093e-07,0.0,0.0,0.012820327406790061,0.003205121341163609
20_H3,1.961213987667734e-06,2.8736471335832903e-07,0.0,0.008086396642781362,0.002022161305370597
320_SCT,4.651801127679016e-06,0.0,0.0,0.03275278209133003,0.008189358473114427
322_PKB,5.005277225624361e-06,0.0,0.0,0.0076296521564302045,0.0019086643584139572
323_PKB,6.392273000860847e-05,0.0,0.0,0.0005862522554929384,0.00016254374637538673
325_PKA,5.002228680319525e-07,0.0,0.0,0.0023357157671517648,0.0005840539975049492
325_PKB,5.002228680319525e-07,0.0,0.0,0.0023357157671517648,0.0005840539975049492
327_PKB,1.3424836753061408e-06,0.0,0.0,0.0011283410323105962,0.00028242087899647556
328_PKB,8.484160159608939e-05,0.0,0.0,0.041464684171952086,0.010387381443387043
330_P2,1.3866807466197837e-05,4.15430065459077e-07,0.0,0.023894902749437032,0.005977296246742173
330_PKB,1.3866807466197837e-05,4.15430065459077e-07,0.0,0.023894902749437032,0.005977296246742173
332_PKB,5.52453528497064e-05,1.1003731970049557e-06,0.0,0.0414314828545827,0.010371957145157353
334_PKB,0.00011423634548333497,3.244255276513286e-05,0.0,0.011103731433200583,0.0028126025828622628
335_PKB,0.0001573114487084947,2.8729075438604923e-06,0.0,0.039835591651010256,0.009998944001815653
71_H3,5.144266866245829e-07,1.0661679539225588e-07,0.0,0.0014670148076012452,0.00036690896277081554
336_PKB,3.075960066155027e-05,1.4853307561679685e-07,0.0,0.007441389350116401,0.001868074370963392
338_PKB,0.0017114193255229335,8.392478321184171e-07,0.0,0.0035511218677277906,0.0013158451102707107
343_PKA,2.935663289679913e-05,1.045974613589351e-06,0.0,0.011697920120086419,0.0029320806818992017
344_H3,1.041958581245486e-06,0.0,0.0,0.010866567894380525,0.0027169024632404427
344_PKA,1.041958581245486e-06,0.0,0.0,0.010866567894380525,0.0027169024632404427
344_PKB,1.041958581245486e-06,0.0,0.0,0.010866567894380525,0.0027169024632404427
345_PKA,1.041958581245486e-06,0.0,0.0,0.010866567894380525,0.0027169024632404427
345_PKB,1.041958581245486e-06,0.0,0.0,0.010866567894380525,0.0027169024632404427
346_H3,1.4337720512747256e-05,3.783777856369852e-06,2.880143037310646e-07,0.02350043763907224,0.005879711787936272
346_PKA,1.4337720512747256e-05,3.783777856369852e-06,2.880143037310646e-07,0.02350043763907224,0.005879711787936272
346_PKB,1.4337720512747256e-05,3.783777856369852e-06,2.880143037310646e-07,0.02350043763907224,0.005879711787936272
347_H3,1.0996915943409863e-05,0.0,0.0,0.008365875834003576,0.0020942181874867467
347_PKA,1.0996915943409863e-05,0.0,0.0,0.008365875834003576,0.0020942181874867467
347_PKB,1.0996915943409863e-05,0.0,0.0,0.008365875834003576,0.0020942181874867467
350_H3,4.999641584573147e-07,0.0,0.0,0.07033705270493637,0.017584388167273708
350_PKA,4.999641584573147e-07,0.0,0.0,0.07033705270493637,0.017584388167273708
350_PKB,4.999641584573147e-07,0.0,0.0,0.07033705270493637,0.017584388167273708
351_PKB,5.052471722543988e-05,3.923566691810265e-05,0.0,0.03260317285232966,0.0081732333091183
352_P2,1.174971467474552e-05,9.463926744501805e-07,0.0,0.030956779718411008,0.007742368956440051
352_PKA,1.174971467474552e-05,9.463926744501805e-07,0.0,0.030956779718411008,0.007742368956440051
352_PKB,1.174971467474552e-05,9.463926744501805e-07,0.0,0.030956779718411008,0.007742368956440051
28_P2,0.0,0.0,0.0,0.002402437669208895,0.0006006094173022237
28_PKB,0.0,0.0,0.0,0.002402437669208895,0.0006006094173022237
51_H3,0.0,0.0,0.0,0.002402437669208895,0.0006006094173022237
54_H3,0.0,0.0,0.0,0.002402437669208895,0.0006006094173022237
133_H3,0.0,0.0,0.0,0.002402437669208895,0.0006006094173022237
179_H3,0.0,0.0,0.0,0.002402437669208895,0.0006006094173022237
179_P2,0.0,0.0,0.0,0.002402437669208895,0.0006006094173022237
179_SCT,0.0,0.0,0.0,0.002402437669208895,0.0006006094173022237
179_PKA,0.0,0.0,0.0,0.002402437669208895,0.0006006094173022237
191_H3,0.0,0.0,0.0,0.002402437669208895,0.0006006094173022237
191_SCT,0.0,0.0,0.0,0.002402437669208895,0.0006006094173022237
192_H3,0.0,0.0,0.0,0.002402437669208895,0.0006006094173022237
192_PKA,0.0,0.0,0.0,0.002402437669208895,0.0006006094173022237
212_P2,0.0,0.0,0.0,0.002402437669208895,0.0006006094173022237
212_PKB,0.0,0.0,0.0,0.002402437669208895,0.0006006094173022237
226_P2,0.0,0.0,0.0,0.002402437669208895,0.0006006094173022237
226_PKA,0.0,0.0,0.0,0.002402437669208895,0.0006006094173022237
226_PKB,0.0,0.0,0.0,0.002402437669208895,0.0006006094173022237
227_H3,0.0,0.0,0.0,0.002402437669208895,0.0006006094173022237
227_SCT,0.0,0.0,0.0,0.002402437669208895,0.0006006094173022237
321_SCT,0.0,0.0,0.0,0.002402437669208895,0.0006006094173022237
321_PKA,0.0,0.0,0.0,0.002402437669208895,0.0006006094173022237
30_P2,3.208333423319045e-05,6.394657248165458e-07,0.0,0.039428646598092656,0.009865342349512666
30_SCT,3.208333423319045e-05,6.394657248165458e-07,0.0,0.039428646598092656,0.009865342349512666
30_PKA,3.208333423319045e-05,6.394657248165458e-07,0.0,0.039428646598092656,0.009865342349512666
37_PKA,5.11850470872143e-05,3.949035090045072e-05,0.0029540932423884046,0.09528080822879052,0.02458139421729165
