feature,p_value,score,rf,xgb,gbr,BayesianRidge,mean
p1_H3,2.873518953036228e-05,17.61661397739097,2.4098426870737187e-06,3.5941866e-07,0.0,0.05820796560196065,0.01455268371582786
p1_P2,0.5387224724596947,0.37809989267667066,0.0,0.0,0.0,0.0,0.0
p1_SCT,3.492202487426123e-07,26.209557430502038,6.548710279522315e-06,1.0132973e-06,0.0,0.03792861027601235,0.00948404307088916
p1_PKA,0.004996333487233966,7.905979856513759,2.1935157124913347e-05,1.6334993e-06,0.0,0.03853530493115528,0.009639718396900887
p1_PKB,8.498231333295236e-05,15.535753445862714,4.190661784459161e-05,7.055779e-08,0.0,0.02204803893663418,0.005522504028066929
p2_H3,8.599839403481552e-30,134.70413469842225,0.00011877766067978754,7.789657e-06,0.0,0.030779207710574907,0.0077264437569618365
p2_P2,0.7047029725465335,0.14368463430273326,0.0,0.0,0.0,0.0,0.0
p2_SCT,2.3203639019967807e-27,122.56629647568124,0.0002481641532829887,9.01003e-06,0.00014371069108694935,0.08988778256073576,0.022572166858832902
p2_PKA,1.4817392845407741e-05,18.89481813024208,0.0028605433003160404,1.62745e-05,0.0,0.06289659888169216,0.01644335417050518
p2_PKB,0.00011570533748467958,14.946489573532364,0.000134073205519465,3.2548242e-06,0.0,0.040565271674534435,0.010175649926051137
p3_H3,3.5030062597780087e-37,172.24717286256393,8.058009720440325e-06,2.2287147e-06,0.0,0.1336043555905444,0.033403660578746296
p3_P2,2.1717943322939195e-42,199.28716257233123,6.577755704734967e-05,2.0873445e-05,0.0,0.06600431788233638,0.016522742221212066
p3_SCT,4.664730163689012e-08,30.184904753338223,0.00010072399071457283,1.5457415e-07,0.0,0.017571945698029855,0.004418206065724254
p3_PKA,1.2411808099087472e-05,19.237546534096136,0.0003757431549865656,1.6981004e-06,0.0007538632098726213,0.02019473409097939,0.005331509639057386
p3_PKB,0.012336575865842829,6.278219760183003,7.61365856213805e-05,0.0,0.0,0.013409824308304338,0.0033714902234814295
p4_H3,4.818556906776392e-262,1896.1779275180725,2.968599545077386e-05,2.9760745e-06,0.0,0.03345343878293555,0.008371525213217516
p4_P2,1.336311615755201e-218,1456.0672710536371,7.860919049021299e-05,7.2435694e-07,0.0,0.024545498562043327,0.00615620802736766
p4_SCT,1.1446604838669376e-172,1054.7271269012642,8.2405312923377e-05,2.1288228e-07,0.0,0.0027918183765169484,0.0007186091429311427
p4_PKA,4.258702135660022e-298,2312.709940608067,7.091980265416795e-05,4.006502e-07,0.0,0.05622751186261146,0.014074708078868438
p4_PKB,1.568888331378049e-286,2173.6274644167456,7.091980265416795e-05,4.006502e-07,0.0,0.05622751186261146,0.014074708078868438
p5_H3,0.0,2714.277690631886,2.504554932099783e-05,6.88719e-07,0.0,0.0433586997427314,0.010846108502766221
p5_P2,2.151017873e-314,2517.938325876203,2.504554932099783e-05,6.88719e-07,0.0,0.0433586997427314,0.010846108502766221
p5_SCT,0.0,2791.504753462801,2.504554932099783e-05,6.88719e-07,0.0,0.0433586997427314,0.010846108502766221
p5_PKA,0.0,2667.0331994038775,2.504554932099783e-05,6.88719e-07,0.0,0.0433586997427314,0.010846108502766221
p5_PKB,0.0,2744.3389652566825,2.504554932099783e-05,6.88719e-07,0.0,0.0433586997427314,0.010846108502766221
p6_H3,6.270891552154778e-25,110.53083612915688,1.114299393619252e-05,1.3106301e-06,0.0,0.02092970905060595,0.005235540668652654
p6_P2,1.1110378379438796e-08,33.034453322529046,5.05532576160893e-06,1.5083609e-06,0.0,0.03930746939392526,0.009828508270152757
p6_SCT,1.9931333454590282e-38,178.66716849000352,3.34962890594025e-06,1.406456e-07,0.0,0.045147287437452374,0.011287694427988704
p6_PKA,6.451692617034739e-32,145.39919615603353,4.152823396675247e-06,8.432041e-05,0.0,0.11191242393686462,0.028000224292734983
p6_PKB,5.921098694550535e-31,140.54343983799842,4.152823396675247e-06,8.432041e-05,0.0,0.11191242393686462,0.028000224292734983
p7_H3,8.066335798092662e-243,1693.5966956448456,3.3214015145705535e-05,1.668024e-06,0.0,0.03707625264696733,0.009277783671520663
p7_P2,1.4630072464431482e-82,424.68962196008005,8.556369983576175e-05,1.2472445e-06,0.0,0.007967543161311137,0.002013588526421859
p7_SCT,9.32050502892565e-127,710.2252967561201,0.00021357781340607948,8.591284e-07,0.0,0.015621668110920445,0.003959026263186621
p7_PKA,3.3109505213679882e-111,604.9412844422118,0.00010945419401808248,1.388254e-06,0.0,0.05015656133078728,0.012566850944692176
p7_PKB,3.740957066518632e-87,452.4420771681256,5.308639914676177e-05,2.1773998e-05,0.0,0.019564482501665353,0.004909835724706628
p8_H3,0.10571816047263258,2.6204959459446515,0.0,0.0,0.0,0.0,0.0
p8_P2,0.0013250045357038453,10.34937780776883,0.00019740232497993874,9.986413e-07,0.0,0.017001404452519978,0.004299951354706498
p8_SCT,4.039224082503228e-34,156.57447040229286,1.3847682807185389e-05,3.4352051e-06,0.0,0.0017197405991971938,0.0004342558717871803
p8_PKA,3.0371766600032127e-80,410.84646354807046,0.00025564294569068867,4.4206216e-05,0.0,0.014380071709756553,0.0036699802177454005
p8_PKB,1.0073474458734215e-46,222.15973648190922,6.006725624216006e-05,1.1564142e-06,0.0,0.0030854287929545535,0.0007866631158527196
p9_H3,0.008186348903711652,7.012376845573011,1.4747994821222966e-06,3.1910156e-07,0.0,0.057138274647418406,0.014285017137114981
p9_P2,2.3641005367991155e-71,358.7132211482052,2.5641711075239845e-05,8.126871e-06,0.0,0.00762800244026005,0.0019154427555470026
p9_SCT,2.48475579038448e-74,376.00462085576197,5.3751215173230105e-05,0.0,0.0,0.006680649070841427,0.0016836000715036643
p9_PKA,1.3381917194512542e-95,504.6088542113644,0.00525663888105822,9.25151e-06,0.0,0.013442834477018774,0.004677181217060292
p9_PKB,4.2085655025423275e-96,507.7581339066052,2.343018595135896e-05,4.4568415e-07,0.0,0.061588797999924345,0.015403168467506655
p10_H3,4.073858464741339e-89,464.43516923181625,4.7993497057387865e-06,4.1356875e-06,0.0,0.03219261152324708,0.008050386640114319
p10_P2,0.7188540360658875,0.12964598654777318,0.0,0.0,0.0,0.0,0.0
p10_SCT,4.1251093066381744e-15,63.048445466029904,8.766677234119614e-06,5.442026e-07,0.0,0.03798460804294339,0.009498479730688904
p10_PKA,1.6429240810828858e-47,226.3528009376443,4.513927362243499e-06,1.4612347e-07,0.0,0.007882962758652962,0.0019719057023710215
p10_PKB,0.00023069713719504065,13.63418428434158,8.78611680278038e-05,1.0266654e-05,0.0,0.01915571126495984,0.004813459771644286
p11_H3,3.2244048824249404e-70,352.1702723770992,1.0413898156437234e-05,2.0273633e-06,0.0,0.003339017546060181,0.000837864701874135
p11_P2,1.3637169320804723e-231,1581.1065322650168,6.319180980404324e-05,6.007623e-07,0.0,0.024068477793358356,0.006033067591363467
p11_SCT,2.6953148729375187e-67,335.43562178997644,1.6051968413423203e-06,2.090483e-07,0.0,0.0006007012523247232,0.0001506288743652961
p11_PKA,1.1393962149454496e-114,627.9208063794767,1.546767945904198e-05,5.6389286e-08,0.0,0.004188825852451227,0.0010510874802990996
p11_PKB,1.0791504017105461e-53,259.66123840818136,1.2170750729170473e-05,3.409879e-06,0.0,0.013976473744016725,0.003498013593411506
p12_H3,6.472932152248703e-70,350.42943426400456,1.2452778583126304e-06,1.2919129e-06,0.0,0.03689607417356222,0.009224652841078854
p12_P2,8.633018666551108e-33,149.81922176476522,1.8550383475644688e-06,0.0,0.0,0.05789728013942188,0.01447478379444236
p12_SCT,2.018032871369624e-38,178.6393029092015,1.8550383475644688e-06,0.0,0.0,0.05789728013942188,0.01447478379444236
p12_PKA,1.2775421667122277e-273,2024.542246900125,1.0094272658633319e-05,0.0,0.0,0.050837099278509205,0.01271179838779196
p12_PKB,7.42090849943716e-37,170.57046254058773,1.8550383475644688e-06,0.0,0.0,0.05789728013942188,0.01447478379444236
p13_H3,0.14878918240424635,2.0869339554663386,0.0,0.0,0.0,0.0,0.0
p13_P2,0.3019287820366349,1.0664474176195895,0.0,0.0,0.0,0.0,0.0
p13_SCT,3.0244271489735098e-152,894.993970204741,4.921940794902985e-05,6.0461302e-06,0.0,0.002499355077217809,0.0006386551538512713
p13_PKA,6.274301418605043e-14,57.45859555894708,5.973698016144889e-05,5.234332e-07,0.0,0.009689245357100997,0.002437376442612255
p13_PKB,2.5092382023587087e-21,92.89950080762088,0.0001336744240273747,3.2876087e-05,0.0,0.09910666734239519,0.02481830446337104
p14_H3,0.7322001506233372,0.11714808578272391,0.0,0.0,0.0,0.0,0.0
p14_P2,1.0395549291835255e-30,139.31314589566267,2.09821833080189e-05,1.4506915e-06,0.0,0.014072111650274359,0.003523636131259779
p14_SCT,6.380363140884878e-07,25.025108177473868,5.867722488228271e-06,4.6861643e-07,0.0,0.02203405008065677,0.005510096604894886
p14_PKA,3.187052238189882e-44,208.92258716829957,1.0547829091083782e-05,2.1882456e-06,2.3891776494626826e-05,0.020391493483047023,0.00510703033356236
p14_PKB,0.0032698325519154962,8.680516685987657,2.7766955049856543e-05,4.4901744e-06,0.0,0.04575011163063761,0.011445592190030156
p15_H3,0.0,3792.1581385677523,2.722376079416114e-05,0.0,0.0,0.029226368496774575,0.007313398064392184
p15_P2,0.0,4800.58370517408,2.722376079416114e-05,0.0,0.0,0.029226368496774575,0.007313398064392184
p15_SCT,2.6180164000980398e-236,1627.8530501627638,3.516599262820669e-06,2.1133e-05,0.0,0.061809194737250474,0.01545846108430345
p15_PKA,0.0,4100.967843912446,2.722376079416114e-05,0.0,0.0,0.029226368496774575,0.007313398064392184
p15_PKB,0.0,3253.138263789894,2.722376079416114e-05,0.0,0.0,0.029226368496774575,0.007313398064392184
p16_H3,8.042535345986485e-292,2236.580291531678,1.7813796573562595e-05,1.5560016e-07,0.0,0.0008219886638873091,0.00020998951515574003
p16_P2,4.763585299785416e-128,719.2163437235166,5.680623535264986e-05,2.6966313e-06,0.00020809303031120105,0.015032301212240388,0.0038249742773078413
p16_SCT,1.4070750086230623e-271,2001.5416007194801,4.340772021703998e-05,0.0,0.0,0.030342075554608668,0.007596370818706427
p16_PKA,0.0,3461.589793977276,2.722376079416114e-05,0.0,0.0,0.029226368496774575,0.007313398064392184
p16_PKB,0.0,3613.4574096913416,2.722376079416114e-05,0.0,0.0,0.029226368496774575,0.007313398064392184
p17_H3,0.0,4094.3931217480754,2.722376079416114e-05,0.0,0.0,0.029226368496774575,0.007313398064392184
p17_P2,0.0,3138.1402293065867,5.673623031536088e-05,1.8294539e-05,2.7385263231351437e-07,0.01405159126338093,0.003531723971251365
p17_SCT,0.0,3122.637440791697,2.722376079416114e-05,0.0,0.0,0.029226368496774575,0.007313398064392184
p17_PKA,0.0,3832.59147842847,2.722376079416114e-05,0.0,0.0,0.029226368496774575,0.007313398064392184
p17_PKB,0.0,3687.410512213852,2.722376079416114e-05,0.0,0.0,0.029226368496774575,0.007313398064392184
p18_H3,4.518870146632391e-14,58.131020490996775,1.961213987667734e-06,2.873647e-07,0.0,0.008086396642781362,0.002022161305370597
p18_P2,7.306965379700983e-08,29.296229023395338,5.144266866245829e-07,1.06616795e-07,0.0,0.0014670148076012452,0.00036690896277081554
p18_SCT,9.265345044588306e-44,206.48114553070994,1.8550383475644688e-06,0.0,0.0,0.05789728013942188,0.01447478379444236
p18_PKA,5.3695466218214345e-42,197.2290160790722,1.8550383475644688e-06,0.0,0.0,0.05789728013942188,0.01447478379444236
p18_PKB,1.999718304472151e-40,189.03162380460645,1.8550383475644688e-06,0.0,0.0,0.05789728013942188,0.01447478379444236
p19_H3,3.3711152485979526e-38,177.48807740764178,1.8550383475644688e-06,0.0,0.0,0.05789728013942188,0.01447478379444236
p19_P2,4.102114399578725e-31,141.3462461874854,2.5562503872154867e-05,4.8402135e-06,0.0,0.02100284623558069,0.005258312238232716
p19_SCT,3.7758815500292986e-38,177.23379698675987,1.8550383475644688e-06,0.0,0.0,0.05789728013942188,0.01447478379444236
p19_PKA,7.754955398248922e-38,175.62086393590204,1.8550383475644688e-06,0.0,0.0,0.05789728013942188,0.01447478379444236
p19_PKB,3.446005686108797e-38,177.43880091528305,1.8550383475644688e-06,0.0,0.0,0.05789728013942188,0.01447478379444236
p20_H3,4.8456184005940705e-14,57.987949503311576,1.961213987667734e-06,2.873647e-07,0.0,0.008086396642781362,0.002022161305370597
p20_P2,2.239401924831935e-47,225.63583573634702,9.728454168718088e-06,7.878346e-07,0.0,0.01322650918066935,0.0033092563673615717
p20_SCT,2.0845689051766986e-28,127.77852918018533,0.0,0.0,0.0,0.04648169254079727,0.011620423135199318
p20_PKA,1.5641271046087558e-40,189.58695305590513,1.8550383475644688e-06,0.0,0.0,0.05789728013942188,0.01447478379444236
p20_PKB,1.0855366872328145e-39,185.21334939586106,1.8550383475644688e-06,0.0,0.0,0.05789728013942188,0.01447478379444236
p21_H3,9.95163e-318,2561.3162417942594,1.0333504767829066e-05,2.877294e-06,0.0,0.02869579769416982,0.007177252123243614
p21_P2,1.1706368653584552e-85,443.35798174416493,6.387718784572038e-05,5.163081e-06,0.0,0.02249547024265334,0.005641127627853244
p21_SCT,0.0,3522.8487525742144,9.697130937634222e-05,0.0,0.0,0.032623347262835764,0.008180079643053027
p21_PKA,2.9966034547231886e-271,1997.8579534061284,1.0635573338040903e-05,2.3948022e-08,0.0,0.011263972443818679,0.0028186579912947377
p21_PKB,0.0,2980.7617900124847,1.0157946298056858e-05,1.6093335e-06,0.00017656411218055617,0.02380517040232139,0.005998375448570176
p22_H3,5.291405413514512e-41,192.03926053512427,1.6061221140052458e-05,1.3418548e-06,0.0,0.003581583045165489,0.0008997465302865292
p22_P2,5.8283929128787624e-40,186.615976374015,2.351955263804081e-05,1.8623773e-06,0.0,0.021205584848815757,0.005307741694689209
p22_SCT,2.9444892585012e-06,22.032916080610253,0.00021671193287689397,0.0001287881,6.300480281700457e-05,0.05373735719255643,0.013536465507638025
p22_PKA,5.1106603454096104e-45,213.1189606239639,5.701731429487977e-06,2.0342138e-06,0.0,0.012778086116879238,0.003196455515532529
p22_PKB,1.86751772432417e-19,83.83270646482795,0.0050159317465370635,1.6655431e-06,0.0,0.03983033500565736,0.011211983073822466
p23_H3,0.38434623506027066,0.7572321793192057,0.0,0.0,0.0,0.0,0.0
p23_P2,0.8528957695559012,0.03439518463411055,0.0,0.0,0.0,0.0,0.0
p23_SCT,0.4234086445388304,0.6412129865893804,0.0,0.0,0.0,0.0,0.0
p23_PKA,0.8528957662090673,0.03439518621739389,0.0,0.0,0.0,0.0,0.0
p23_PKB,0.3355583750629809,0.9279701236918309,0.0,0.0,0.0,0.0,0.0
p24_H3,1.8446392225690426e-101,541.6766188572244,1.2705709819675898e-05,2.616984e-06,0.0,0.011770953785038877,0.0029465691196946964
p24_P2,4.84049199221007e-253,1799.7077743989598,1.1603787137538493e-05,4.300655e-08,0.0,0.004016592271845506,0.0010070597663835634
p24_SCT,0.6658421295802951,0.18658385760596335,0.0,0.0,0.0,0.0,0.0
p24_PKA,3.183009087562381e-238,1647.0429208440428,1.595723072570016e-05,0.0,0.0,0.013570093358781708,0.0033965126473768517
p24_PKB,2.711176282462641e-226,1529.4588418648004,4.8274598658100976e-05,8.594668e-07,0.0,0.031377399636919955,0.007856633425596723
p25_H3,7.261414455768047e-09,33.88156053829099,5.147610525136283e-07,4.857888e-08,0.0,0.013450874028921714,0.0033628593422134535
p25_P2,4.038251327630044e-93,489.14151471892785,1.9190429944914727e-05,6.0157513e-06,0.0,0.0001488888838456867,4.3523766271704803e-05
p25_SCT,1.665932811740741e-07,27.667863898819313,6.111193249277892e-07,0.0,0.0,0.07477689541671792,0.01869437663401071
p25_PKA,1.4128475125790786e-126,708.9706990465213,3.2654365595194244e-05,1.8940136e-05,0.0,0.02405764894754664,0.006027310862339196
p25_PKB,3.450198137406019e-101,539.9406350685565,9.399054327971132e-06,1.067163e-07,0.0,0.012864099384231047,0.0032184012887147037
p26_H3,3.1364976584735797e-38,177.64986853740103,4.858661114251735e-06,1.2188331e-06,0.0,0.025067652231996005,0.006268432431543294
p26_P2,1.3771511538779324e-36,169.19085425786736,8.659068496277982e-06,3.824001e-06,0.0,0.017425539160448793,0.004359505557471687
p26_SCT,2.997033136788849e-42,198.55455059244278,5.1797142968586965e-06,0.0,0.0,0.03951694784554768,0.009880531889961134
p26_PKA,2.0002122886707204e-31,142.9186286740027,4.271041847646861e-06,6.757243e-06,0.0,0.0005403233907774673,0.0001378379189630747
p26_PKB,2.8451969047818032e-33,152.26423734352923,6.516344612547746e-06,2.9197245e-06,0.0,0.0328525195724863,0.00821548891039115
p27_H3,0.016406596788939905,5.7727807489987,8.262524902082242e-06,9.505356e-06,0.0,0.007600481529014302,0.0019045623523771984
p27_P2,0.37885626784729043,0.7749040469212234,0.0,0.0,0.0,0.0,0.0
p27_SCT,0.006361644427321325,7.467548869541998,9.781362849870093e-06,1.1670294e-09,0.0,0.015105987427773084,0.003778942489413079
p27_PKA,0.03227748336919215,4.592911504240565,2.404288696820978e-05,1.8486287e-06,0.0,0.015715581502031513,0.0039353682544246826
p27_PKB,0.008636867504340829,6.916031813674229,7.599441604924003e-05,3.5704173e-07,0.0002115442005740135,0.005068481495489354,0.0013390942884600866
p28_H3,0.14030884912774008,2.177052245488082,0.0,0.0,0.0,0.0,0.0
p28_P2,1.1622200486806345e-107,581.6896407722802,0.0,0.0,0.0,0.002402437669208895,0.0006006094173022237
p28_SCT,0.6637461734049205,0.18908564144744053,0.0,0.0,0.0,0.0,0.0
p28_PKA,2.8952186711885353e-103,553.2344516404867,0.0,0.0,0.0,0.002402437669208895,0.0006006094173022237
p28_PKB,7.120703103199269e-103,550.7248471945944,0.0,0.0,0.0,0.002402437669208895,0.0006006094173022237
p29_H3,0.0005451496732099873,12.010369142197762,1.5302918256569205e-06,7.726706e-06,0.0,0.005312265294373249,0.001330380573028943
p29_P2,1.2936784821362176e-06,23.63963504661845,2.2453489168018576e-06,1.094552e-07,0.0,0.015791838577860973,0.003948548345494559
p29_SCT,0.0018248944969785118,9.75536480158231,3.15957771808946e-07,0.0,0.0,0.026359822593093156,0.006590034637716242
p29_PKA,0.01653274852722115,5.759263623387454,2.820970047527368e-06,1.7289235e-06,0.0,0.011669530193946752,0.0029185200218754376
p29_PKB,3.514617863352581e-06,21.687933075225764,3.2181134352073455e-06,0.0,0.0,0.0011277779335044716,0.00028274901173491973
p30_H3,1.3979637410853634e-46,221.40322453785723,3.208333423319045e-05,6.394657e-07,0.0,0.039428646598092656,0.009865342349512666
p30_P2,1.5132829189815578e-45,215.9155356679549,3.208333423319045e-05,6.394657e-07,0.0,0.039428646598092656,0.009865342349512666
p30_SCT,2.612197547142599e-46,219.96097476103648,3.208333423319045e-05,6.394657e-07,0.0,0.039428646598092656,0.009865342349512666
p30_PKA,1.6504855605142922e-46,221.02001850929886,3.208333423319045e-05,6.394657e-07,0.0,0.039428646598092656,0.009865342349512666
p30_PKB,1.7109473085354284e-36,168.70690106881145,1.465761621403115e-05,0.0,0.0,0.0029079377650983846,0.0007306488453281039
p31_H3,0.11978969041329424,2.4230464154966227,0.0,0.0,0.0,0.0,0.0
p31_P2,2.1879145089072396e-06,22.61241694967406,3.4723323636363915e-06,4.8156508e-06,4.254837125151638e-05,0.0033414528631412524,0.0008480723043777533
p31_SCT,0.238544501678989,1.3903686211641832,0.0,0.0,0.0,0.0,0.0
p31_PKA,1.4777784622117556e-07,27.90436537609909,1.374847344834382e-06,5.1814972e-08,0.0,0.011707678565495813,0.002927276306953129
p31_PKB,2.798649973015132e-08,31.19812491936612,3.352293353966025e-06,0.0,0.0,0.03251261196376346,0.008128991064279356
p32_H3,0.5209656400780194,0.41219036159022376,0.0,0.0,0.0,0.0,0.0
p32_P2,1.7485152922255085e-18,79.15317566380043,1.1263177542880944e-05,1.05442605e-05,0.0,0.017626373807745562,0.004412045311441188
p32_SCT,2.0843959348053505e-09,36.373469040125954,4.504178883795334e-06,0.0,0.0,0.061401588542190313,0.015351523180268526
p32_PKA,1.4003955991804487e-06,23.484527920119227,1.0078082798768165e-05,0.0,0.0,0.0012707288964959244,0.00032020174482367316
p32_PKB,0.3370024389718491,0.9224384639515432,0.0,0.0,0.0,0.0,0.0
p33_H3,6.00217288650837e-37,171.04419343349122,9.151185592368525e-06,0.0,0.0,0.05950137548599795,0.01487763166789758
p33_P2,0.8040027679235173,0.06161192536236506,0.0,0.0,0.0,0.0,0.0
p33_SCT,5.487163656727564e-09,34.440156253830104,8.035004037094264e-06,2.6087142e-07,0.0,0.043004703373252955,0.01075324981217674
p33_PKA,8.49637090879547e-10,38.17054299791701,0.00017349996746357057,5.6383265e-06,0.0,0.014820316470885431,0.0037498636912013483
p33_PKB,8.639655915852184e-24,104.92949987600517,0.00026366656656917674,4.912863e-05,0.00012626445749803144,0.022664324711452723,0.005775846091393238
p34_H3,4.595715071729066e-58,283.6319876602571,5.708128069305693e-06,1.248989e-07,0.0,0.05660272587239896,0.014152139724842982
p34_P2,0.005662037473468609,7.678702219156701,0.0001186994702245822,1.2313893e-06,0.0,0.005398033257552506,0.0013794910292741222
p34_SCT,1.4251865596093123e-188,1186.8390952171646,4.948529759677517e-05,9.78703e-07,0.0,0.04429546353066023,0.011086481882824793
p34_PKA,3.8426037427350657e-101,539.6421456603465,0.00022373224288714066,6.9215224e-05,0.0,0.006975522602293143,0.0018171175173844014
p34_PKB,6.587227395357944e-14,57.35891567335272,4.0745890863727355e-05,4.6905464e-07,0.000634803085935577,0.004131100673396708,0.0012017796762091185
p35_H3,1.8795799078294304e-06,22.909120256334887,2.8713698148152977e-06,2.7024564e-07,0.0,0.04489000220407064,0.011223285954880275
p35_P2,0.02220721842904211,5.241205297473939,7.020738606023281e-05,5.423018e-08,0.0,0.06720331316511845,0.016818393695339977
p35_SCT,0.37974536754642874,0.7720175825581206,0.0,0.0,0.0,0.0,0.0
p35_PKA,0.0007206133480372978,11.486588825163205,2.8400801631332657e-05,4.9548785e-06,0.0,0.02907409673520641,0.007276863103828759
p35_PKB,7.280273681909849e-06,20.271662554381813,4.650159539238889e-05,2.0485744e-07,0.0,0.08336314683263774,0.020852463321368284
p36_H3,1.2711447095465287e-09,37.363282831386805,2.5374511695574592e-05,1.6375442e-06,0.0,0.021787896047050438,0.005453727025733343
p36_P2,6.71167444460088e-102,544.4829709718657,0.00012294939513459292,1.5078422e-06,0.0,0.014169646886377195,0.0035735260309207274
p36_SCT,8.495926148321386e-13,52.13570965444655,9.234797903039586e-06,9.153258e-06,0.0,0.02141252342800007,0.005357727871066037
p36_PKA,9.50021031388314e-23,99.83032815016941,8.959636831601607e-05,1.930953e-06,6.910954573494536e-05,0.03779282316584849,0.009488365008218909
p36_PKB,1.0443523173853535e-34,159.56852581583243,3.546941380194516e-05,5.9031297e-08,0.0,0.03539659874100404,0.008858031796525792
p37_H3,2.660875174462482e-149,872.8433558732796,5.11850470872143e-05,3.949035e-05,0.0029540932423884046,0.09528080822879052,0.02458139421729165
p37_P2,4.432197796787998e-67,334.2050654843236,4.149653530253434e-05,0.0,0.0,0.0007194195789170366,0.00019022902855489273
p37_SCT,0.6268458691489216,0.2364673982725829,0.0,0.0,0.0,0.0,0.0
p37_PKA,3.691983408641769e-150,879.2740166170997,5.11850470872143e-05,3.949035e-05,0.0029540932423884046,0.09528080822879052,0.02458139421729165
p37_PKB,2.424382143854127e-37,173.06992501508165,2.732502166081567e-05,0.0,0.0,0.0051098849669641185,0.0012843024971562335
p38_H3,0.1349436938766215,2.2372905225275557,0.0,0.0,0.0,0.0,0.0
p38_P2,2.3094062351748244e-66,330.1275390338244,0.00017138573527743787,7.252957e-06,0.0,0.007337964533898943,0.0018791508065310759
p38_SCT,9.78049106312922e-18,75.5636603776553,2.8659268160173664e-05,2.7353524e-06,0.0,0.006302521997410926,0.0015834791544882582
p38_PKA,0.1448341022124986,2.1282227440614667,0.0,0.0,0.0,0.0,0.0
p38_PKB,0.8565048554442932,0.03270985930031287,0.0,0.0,0.0,0.0,0.0
p39_H3,0.005090551400352927,7.871996525981743,1.766517982870125e-08,0.0,0.0,0.03141567156423782,0.007853922307354412
p39_P2,0.0010111184377681202,10.853098723146731,7.675246993234136e-05,1.4572236e-06,6.06292335053614e-05,0.08010336503634174,0.020060550990835205
p39_SCT,0.0028973666266207615,8.902553528240727,8.596836202145393e-06,3.521255e-07,0.0,0.008822585193523068,0.0022078835388090463
p39_PKA,0.33905453378592043,0.9146321429461635,0.0,0.0,0.0,0.0,0.0
p39_PKB,0.7656326177520111,0.08889388447209796,0.0,0.0,0.0,0.0,0.0
p40_H3,2.136134643986486e-51,247.20711433629535,2.0527643795950417e-05,1.8503687e-07,0.0,0.012579487394369161,0.003150050018758179
p40_P2,1.1056655892774934e-74,378.0576190012126,5.675384859861576e-06,6.4970984e-05,0.0,0.02549068147469088,0.006390331960802183
p40_SCT,1.2465359641165632e-49,237.6953297465784,0.00010312208196535217,0.0,0.0,0.023335834037868028,0.005859739029958345
p40_PKA,2.552171431912634e-20,88.01157182291243,0.0001352882931892278,0.0,0.0,0.004852817633506504,0.001247026481673933
p40_PKB,1.5476137235607125e-63,314.14784445322374,7.432843307220892e-05,0.0,0.0,0.032523355185580825,0.008149420904663258
p41_H3,8.013354543321142e-14,56.95764069600533,7.472640035898273e-05,1.0527705e-05,0.0,0.009392965320455839,0.0023695548564397683
p41_P2,0.051118324705419334,3.8109706645995054,4.280262001251577e-05,3.9141096e-06,0.0,0.019915401766016187,0.004990529623903176
p41_SCT,8.838122293181757e-11,42.720951650206956,2.6046783390616267e-05,8.156043e-05,0.0,0.001621492444794932,0.00043227491428458664
p41_PKA,0.00010677942021757827,15.099647944436612,5.0249890155712724e-05,4.8115515e-07,0.0,0.026280067100804532,0.0065826995365287685
p41_PKB,3.01030383467642e-08,31.05343792254744,2.3960657975664965e-05,1.7403445e-06,0.0,0.029680065801022462,0.007426441700871329
p42_H3,0.001960185899957754,9.623028014333725,1.9963600746286225e-05,1.4373948e-07,0.0,0.034510941280084716,0.008632762155078829
p42_P2,2.6595944315585224e-29,132.24754573231374,0.00016327593943912816,9.145831e-06,0.0,0.037892389691171764,0.009516202865509549
p42_SCT,1.0515127582033092e-08,33.1440690517199,7.838182338250541e-05,3.7369814e-06,0.0,0.05363254557081426,0.013428666093898717
p42_PKA,3.875370055424515e-15,63.17704037828767,0.00031111504630521806,2.4503583e-05,0.0003036334634245733,0.00014292767233797056,0.0001955449411690165
p42_PKB,1.9530900363118134e-06,22.834164792714915,0.000272795180414549,2.8235636e-06,0.0,0.006202645755651094,0.001619566124914145
p43_H3,0.0,4466.8876281104185,0.02570134550366202,0.0,0.0,0.0172782228001964,0.010744892075964605
p43_P2,1.6803337617490128e-136,779.0214040082631,2.4937571940859435e-05,0.0,0.0,0.01795676304641822,0.00449542515458977
p43_SCT,0.2755054291206419,1.1900647185092297,0.0,0.0,0.0,0.0,0.0
p43_PKA,0.0,3147.837357645888,1.015627738819773e-05,0.0,0.0,0.037691314756691775,0.009425367758519994
p43_PKB,5.813633987308827e-62,305.30921978372135,1.746801643244476e-08,0.0,0.0,0.007479890800329046,0.0018699770670863698
p44_H3,0.7396337788904285,0.1104928804187856,0.0,0.0,0.0,0.0,0.0
p44_P2,0.02670998414189336,4.919905196918191,9.139317476882636e-05,3.3272515e-06,8.966528903668192e-05,0.006990072896145644,0.0017936146528712497
p44_SCT,0.5868936611638245,0.2953591078078637,0.0,0.0,0.0,0.0,0.0
p44_PKA,0.17665911546355612,1.8273628588751851,0.0,0.0,0.0,0.0,0.0
p44_PKB,0.008302315292990706,6.987067240410859,4.934670437739665e-05,8.021034e-08,5.6671177186912075e-05,0.06983295546447257,0.01748476338909459
p45_H3,0.1855969348870122,1.7539623965400075,0.0,0.0,0.0,0.0,0.0
p45_P2,1.756189564147255e-230,1570.2128633005268,0.0020932482700891657,7.374135e-06,0.0,0.026868354411415152,0.007242244204085768
p45_SCT,6.20431208557867e-259,1862.5261534232604,3.2657038776569374e-05,1.4330751e-06,0.0,0.0418922019297034,0.010481573010898193
p45_PKA,1.2047429078953783e-54,264.8533368872483,9.720399194496674e-06,2.134307e-07,0.0,0.03890688524726079,0.009729204769287656
p45_PKB,5.615896296793295e-43,202.36761670354034,8.202277799551229e-05,0.0,0.0,0.0027554103456519535,0.0007093582809118665
p46_H3,1.7190309233692372e-20,88.84299558938126,4.50242786978153e-05,2.5657664e-06,0.0,0.006613843445363507,0.0016653583726173866
p46_P2,0.12263273884491199,2.3862713129587516,0.0,0.0,0.0,0.0,0.0
p46_SCT,0.051950144218314,3.783868542593561,0.0001183689188843692,2.833476e-06,0.0,0.01781127155587361,0.004483118487676074
p46_PKA,0.0010523213448799334,10.778570219197176,0.0002865390585350869,0.00013655875,0.0002767187367036409,0.0146468430271677,0.0038366648936701423
p46_PKB,9.78644800812581e-08,28.71841643564943,0.00021262526933681547,3.925161e-06,0.0,0.00701455254775898,0.0018077757444874797
p47_H3,0.3024333389729974,1.0642229121819762,0.0,0.0,0.0,0.0,0.0
p47_P2,9.5778326978292e-37,170.00099356159726,3.921259924893368e-06,7.9258416e-07,0.0,0.008262788941985217,0.0020668756965175478
p47_SCT,0.8293954480189049,0.046447802306386586,0.0,0.0,0.0,0.0,0.0
p47_PKA,4.72749205344545e-32,146.08163586655874,5.208016769819435e-06,3.6162768e-07,0.0,0.014511871765632286,0.003629360352521587
p47_PKB,8.190255938704897e-05,15.606329730377976,6.078994674802919e-06,0.0,0.0,0.025290989928120337,0.006324267230698785
p48_H3,0.4379975669562354,0.6018693056266414,0.0,0.0,0.0,0.0,0.0
p48_P2,0.0,5493.055901391733,9.851911256747157e-06,4.4720387e-06,0.0,0.013283607911751965,0.0033244829654156924
p48_SCT,0.0,3707.023502245817,2.287187856448158e-05,0.0,0.0,0.028823531670058765,0.007211600887155812
p48_PKA,0.0,3223.471911869975,9.088442068750413e-05,1.3514371e-05,0.0,0.02501556481074121,0.0062799909005943145
p48_PKB,0.0,4044.8497242883627,2.089575697144234e-05,2.2655121e-07,0.0032066386889755523,0.02638870840695087,0.00740411735102647
p49_H3,7.318315030871404e-11,43.10149722397656,0.0004982277155366726,1.627075e-05,0.0004695060373164782,0.04330458719892113,0.011072147925257661
p49_P2,5.54820437644141e-78,397.43795830477194,0.0011709572549497892,6.3352245e-06,0.0005529197159797699,0.0671154486147374,0.01721141520254121
p49_SCT,2.5996455098324494e-21,92.82477022230157,0.0002237261149742835,9.3238157e-07,0.0,0.03317854756974056,0.008350801516570588
p49_PKA,2.0534137170480932e-66,330.41743242397337,0.00027895964032686224,1.6187023e-06,0.0,0.042486255457296035,0.010691708449980552
p49_PKB,2.364038281449925e-38,178.28416663386858,0.00041584246955971965,4.635289e-06,0.0,0.07787061717526952,0.019572773733422387
p50_H3,7.98982311461971e-12,47.58067738613556,1.1930183737223989e-05,7.558478e-07,0.0,0.027262316482437324,0.006818750628491948
p50_P2,6.18125330596741e-05,16.145033240402014,0.00010097434297719366,4.3562588e-05,0.0,0.07705678042505087,0.019300329338997464
p50_SCT,2.9760210821488938e-05,17.549115862953403,7.549803387891931e-06,0.0,6.919631182992106e-05,0.03297707531955952,0.008263455358694332
p50_PKA,0.0013960981008838932,10.252207980734587,0.00016294602042489303,5.807453e-06,0.0001474710785818205,0.0022538924985030092,0.0006425292626044063
p50_PKB,3.3385861618394857e-08,30.848073981169826,0.001427351832417468,0.0004133267,0.0,0.043150037932709,0.011247679114298855
p51_H3,1.1542967145457132e-109,594.7921988940716,0.0,0.0,0.0,0.002402437669208895,0.0006006094173022237
p51_P2,1.7081872081567442e-100,535.5129346875716,1.501101117132643e-06,0.0,0.0,0.001997414482454742,0.0004997288958929686
p51_SCT,2.901252150040279e-72,363.9843485186014,9.939499948663376e-06,0.0,0.0,0.012806011780034135,0.0032039878199956995
p51_PKA,1.4326253108593636e-88,461.09064862654964,1.6625261357320404e-06,0.0,0.0,0.0029331360718013186,0.0007336996494842627
p51_PKB,4.569690299065915e-92,482.60750795422905,6.079218419763929e-06,0.0,0.0,0.0017714484501014176,0.0004443819171302954
p52_H3,1.1020109872243855e-187,1179.27534383226,8.715551977988241e-05,5.8861115e-06,0.0,0.09482399844000272,0.02372926001781232
p52_P2,2.686732068129316e-45,214.5958485432028,0.00199923707337349,3.441315e-05,0.0003454085661862564,0.042782064747781394,0.011290280884659656
p52_SCT,1.0260224940475664e-92,486.6276024288149,0.00017046131339410546,6.316317e-08,3.250754785946978e-06,0.07019883196086252,0.017593151798053316
p52_PKA,0.021071821240032262,5.332951751770162,6.790743597789755e-05,8.8182253e-07,0.00011100845704900657,0.01427472456185655,0.0036136305693532794
p52_PKB,2.8555328128997857e-80,411.00585465950496,0.00012895013820545383,0.0,0.0,0.06892317637186605,0.017263031627517876
p53_H3,0.029208595987315993,4.765129168742091,6.791871548961121e-06,0.0001443781,0.0,0.02855596771759951,0.007176784420525834
p53_P2,2.414450204133626e-99,528.2039282345875,0.00038115106052447967,5.8456088e-05,0.0,0.054254988689915004,0.013673648959502937
p53_SCT,3.397305012240881e-79,404.6168108628142,1.4020150211063565e-06,1.0898672e-06,0.0,0.0029452124786229377,0.0007369260902032504
p53_PKA,3.88954049607766e-65,323.1746287796793,0.0010080246846444036,2.4260328e-07,0.0,0.05411875045001996,0.01378175443448557
p53_PKB,2.1929188853016717e-68,341.656337579223,0.0002786163435546264,0.0,0.0,0.008256832830891852,0.0021338622936116197
p54_H3,1.686056455597009e-109,593.7124626388287,0.0,0.0,0.0,0.002402437669208895,0.0006006094173022237
p54_P2,5.552650942851888e-125,697.930624286997,7.86720215893793e-06,4.553061e-06,0.00022365524202938364,0.04821646612504129,0.012113135407554794
p54_SCT,1.1250991331913294e-113,621.2949133552416,2.0743201818831121e-07,0.0,0.0,0.08598787577287567,0.021497020801223465
p54_PKA,3.920098074196829e-85,440.1803344845907,5.3328872379146494e-06,0.0,0.0,0.029110183603848448,0.007278879122771591
p54_PKB,1.4642384473316023e-94,498.11180984198427,1.2882633194678186e-05,0.0,0.0,0.03986276470157095,0.009968911833691406
p55_H3,1.0,0.0,0.0,0.0,0.0,0.0,0.0
p55_P2,0.543509113055459,0.3692563071949437,0.0,0.0,0.0,0.0,0.0
p55_SCT,1.0,0.0,0.0,0.0,0.0,0.0,0.0
p55_PKA,0.5435091119576749,0.36925630920684116,0.0,0.0,0.0,0.0,0.0
p55_PKB,0.5435091149370372,0.3692563037467743,0.0,0.0,0.0,0.0,0.0
p56_H3,0.29345560334732157,1.104534787002273,0.0,0.0,0.0,0.0,0.0
p56_P2,2.8002010466474544e-05,17.66639750658989,0.00013191402788298028,3.501659e-06,0.0028927662231393414,0.03704264997437877,0.010017707971091859
p56_SCT,8.950825046742822e-33,149.73965701567562,1.9570466720549243e-05,0.0,0.0,0.006872211659366107,0.0017229455315216642
p56_PKA,7.256874305417841e-19,80.99084535660927,0.0001003664001667677,7.1940104e-07,0.0,0.059695343316169915,0.014949107279345076
p56_PKB,2.2986344981453217e-36,168.04874007881227,0.00011695419644268908,4.5203415e-06,0.0,0.07260439587634644,0.018181467603563012
p57_H3,5.946184421114424e-09,34.27992965606884,1.232402173943438e-05,0.0,0.0,0.02274977455068508,0.005690524643106129
p57_P2,2.1129600519740556e-12,50.28132860377384,2.129385848973383e-05,1.7464271e-06,0.00011177040501450114,0.0010066479186090908,0.0002853646522968483
p57_SCT,0.00017049555677882647,14.208315958730402,1.1825052602629114e-05,0.0,0.0,0.04224241872800154,0.010563560945151042
p57_PKA,5.2947526899510494e-09,34.511358667800444,5.138762745231805e-05,6.2689026e-07,0.0,0.020295881370915852,0.005086973972155858
p57_PKB,1.6648683993516564e-07,27.669124887985063,3.1729644281721155e-05,2.1280351e-07,0.0,0.06806932981951368,0.01702531806682722
p58_H3,2.5002727799592975e-38,178.1584489990155,1.8550383475644688e-06,0.0,0.0,0.05789728013942188,0.01447478379444236
p58_P2,6.858024598222597e-43,201.9121335408523,1.2077240624912786e-06,1.946149e-06,0.0,0.009280004021266039,0.0023207894735923907
p58_SCT,2.500272779955531e-38,178.158448999019,1.8550383475644688e-06,0.0,0.0,0.05789728013942188,0.01447478379444236
p58_PKA,4.585861803464765e-39,181.96865050643953,1.8550383475644688e-06,0.0,0.0,0.05789728013942188,0.01447478379444236
p58_PKB,3.994191832700033e-38,177.10776657266157,1.8550383475644688e-06,0.0,0.0,0.05789728013942188,0.01447478379444236
p59_H3,0.5435091130603493,0.36925630718609775,0.0,0.0,0.0,0.0,0.0
p59_P2,0.26485309427521864,1.2442141435178504,0.0,0.0,0.0,0.0,0.0
p59_SCT,0.5435091130578198,0.3692563071906749,0.0,0.0,0.0,0.0,0.0
p59_PKA,0.7856108180178651,0.07402049584229405,0.0,0.0,0.0,0.0,0.0
p59_PKB,0.397737910677196,0.7155956795160763,0.0,0.0,0.0,0.0,0.0
p60_H3,1.186113424064597e-30,139.02501521252307,3.902457882558566e-06,3.0801843e-07,3.7415958630013654e-05,0.0025249136613525944,0.0006416350240734268
p60_P2,0.007566493576705246,7.154208100818774,4.611944227518764e-05,3.8580743e-06,2.200887621698841e-05,0.010740105351521183,0.002703022936066136
p60_SCT,4.660205659131214e-25,111.16624189392347,9.794677913548297e-06,0.0,0.0,0.023623144596359148,0.005908234818568174
p60_PKA,2.265280205208988e-07,27.061882679079332,0.0002165978366631035,8.376103e-06,8.0837742430302e-05,0.0005351728109846563,0.00021024612335047196
p60_PKB,1.3163353532515163e-20,89.40485474350014,5.763141201517886e-05,0.0,2.970378314956675e-05,0.03647697502396747,0.009141077554783054
p61_H3,0.0750991226610344,3.172647598805764,0.0,0.0,0.0,0.0,0.0
p61_P2,0.8423050911474506,0.03959425036845773,0.0,0.0,0.0,0.0,0.0
p61_SCT,3.789486165055521e-08,30.596818672508245,3.320868088399956e-05,0.0,0.0,0.013062064205366607,0.003273818221562652
p61_PKA,2.9065353164873795e-07,26.57087110763437,4.736346702537e-05,0.0,0.0,0.009788283371482619,0.002458911709626997
p61_PKB,1.738960124593502e-08,32.143323375566915,3.090170333200645e-05,0.0,0.0,0.00767003558905065,0.001925234323095664
p62_H3,0.0024843280891171824,9.185584411528051,5.389328917315225e-07,0.0,0.0,0.009664953677179532,0.002416373152517816
p62_P2,0.1743450452219739,1.8470684314536554,0.0,0.0,0.0,0.0,0.0
p62_SCT,0.014815026077006061,5.953169884176994,1.2900311692681903e-08,0.0,0.0,0.016049419382679692,0.0040123580707478465
p62_PKA,0.022723373545058538,5.20109372094631,3.2661306595548575e-09,1.6510708e-07,0.0,0.00671013971815424,0.0016775770228416708
p62_PKB,0.00329309511567647,8.667515741817045,5.389328917315225e-07,0.0,0.0,0.009664953677179532,0.002416373152517816
p63_H3,2.1651234308456492e-08,31.707763694841375,8.769541012424217e-06,0.0,0.0,0.002836343001373679,0.0007112781355965257
p63_P2,0.565864558771779,0.3298087851668671,0.0,0.0,0.0,0.0,0.0
p63_SCT,0.0020816141253594024,9.51192024283106,3.858416528496516e-06,0.0,0.0,0.04170308450041702,0.010426735729236379
p63_PKA,0.025161328426818768,5.023599778636163,0.0002829543035949954,1.3481033e-06,1.4211385157200346e-05,0.020217831035743077,0.005129086206947956
p63_PKB,1.2128054484498536e-25,114.05128844504996,0.00015600830576995465,2.913522e-07,0.0,0.02958168782438754,0.007434496870587855
p64_H3,0.8416014545217975,0.03995313601028517,0.0,0.0,0.0,0.0,0.0
p64_P2,4.662234754789e-13,53.359047046025594,0.00012389123352959952,5.981051e-07,0.0,0.008601789018799245,0.002181569589354464
p64_SCT,2.2737099968412996e-15,64.27564038895176,3.539259497919766e-06,1.0356365e-06,0.0,0.0015785054514827171,0.0003957700868704095
p64_PKA,1.0358992721333162e-25,114.38960604242881,5.4987263174268504e-05,5.082008e-07,1.5571855994876177e-06,0.007007660889102617,0.0017661783846687875
p64_PKB,1.2242382297446666e-09,37.43858740935277,3.80842177194119e-05,6.962504e-07,0.0,0.06091543756702739,0.015238554508792808
p65_H3,0.8682239393891026,0.0275379157966716,0.0,0.0,0.0,0.0,0.0
p65_P2,2.5075264989051914e-51,246.8310916949366,0.23516476591733795,0.0,0.0,0.02577090640627916,0.06523391808090429
p65_SCT,4.774646475819839e-50,239.93482021058358,0.00021398716711041316,0.0,0.0,0.0011209069568358446,0.0003337235309865644
p65_PKA,0.0,3152.413102299673,4.598130129718843e-05,2.4288699e-08,0.0,0.001752038596560555,0.00044951104663919884
p65_PKB,0.730986593857367,0.11825520382766491,0.0,0.0,0.0,0.0,0.0
p66_H3,2.2448961301470445e-06,22.562217614451107,2.3928402024719598e-08,2.5922802e-07,0.0,0.05021065844830973,0.012552735401182145
p66_P2,2.244896129421089e-06,22.562217615082496,2.3928402024719598e-08,2.5922802e-07,0.0,0.05021065844830973,0.012552735401182145
p66_SCT,0.35892451355264465,0.8422101791871337,0.0,0.0,0.0,0.0,0.0
p66_PKA,2.2448953260570787e-06,22.562218313763896,2.3928402024719598e-08,2.5922802e-07,0.0,0.05021065844830973,0.012552735401182145
p66_PKB,5.355986921143394e-06,20.86799283421808,1.545811832811415e-07,0.0,0.0,0.01388030522602054,0.003470114951800955
p67_H3,0.0860222385132626,2.9514660540084394,0.0,0.0,0.0,0.0,0.0
p67_P2,0.2744214641286048,1.1954540958664952,0.0,0.0,0.0,0.0,0.0
p67_SCT,0.5456397987781088,0.36536576802854487,0.0,0.0,0.0,0.0,0.0
p67_PKA,0.7451836122659894,0.10566480428206329,0.0,0.0,0.0,0.0,0.0
p67_PKB,0.036636510242743704,4.375667137181,2.938670486375857e-07,2.2057144e-07,0.0,0.007888700022456353,0.0019723036152354155
p68_H3,0.6268458691492593,0.23646739827211327,0.0,0.0,0.0,0.0,0.0
p68_P2,0.473419883213795,0.514262419110766,0.0,0.0,0.0,0.0,0.0
p68_SCT,0.6268458691465576,0.23646739827578178,0.0,0.0,0.0,0.0,0.0
p68_PKA,0.5039202809055595,0.44690297342722923,0.0,0.0,0.0,0.0,0.0
p68_PKB,0.6546663365528261,0.20015386428275625,0.0,0.0,0.0,0.0,0.0
p69_H3,0.6268458691473455,0.23646739827479113,0.0,0.0,0.0,0.0,0.0
p69_P2,0.6268458691548884,0.23646739826456672,0.0,0.0,0.0,0.0,0.0
p69_SCT,9.07391771139372e-06,19.84438926609299,1.8616207973679014e-06,0.0,0.0,0.030180152158217028,0.007545503444753599
p69_PKA,0.626845869571199,0.23646739769306402,0.0,0.0,0.0,0.0,0.0
p69_PKB,0.0008850708606449534,11.101808894720525,3.020696822557078e-06,0.0,0.0,0.009947341527035974,0.002487590555964633
p70_H3,5.698687817629621e-11,43.6062342425597,2.1324040653826076e-07,0.0,0.0,0.015583715207736555,0.0038959821120357735
p70_P2,1.7098359854973766e-05,18.61806823943534,4.0983705771561115e-06,1.8427782e-07,0.0,0.0032600085870429746,0.0008160728088608385
p70_SCT,1.7517147463479538e-115,633.3550629958404,2.613714554303545e-07,0.0,0.0,0.019610271195736217,0.004902633141797912
p70_PKA,9.000260991604513e-184,1146.2288380556456,7.532623778953231e-06,1.32125e-07,0.0,0.005594129481489631,0.0014004485575659933
p70_PKB,6.052459738208906e-05,16.185383276453763,1.5263600352792268e-06,0.0,0.0,0.01679853254757501,0.004200014726902572
p71_H3,6.306103344230037e-08,29.587774775408672,5.144266866245829e-07,1.06616795e-07,0.0,0.0014670148076012452,0.00036690896277081554
p71_P2,3.9968625216003925e-09,35.072544847931844,1.0668260186166275e-06,6.559863e-07,0.0,0.01073468593295406,0.002684102186317712
p71_SCT,7.705424059654526e-08,29.191179776741993,6.443452283338134e-06,0.0,0.0,0.04379927451501018,0.01095142949182338
p71_PKA,6.179617041492655e-08,29.62788646489189,1.2411599967769368e-06,0.0,0.0,0.02400632393012255,0.006001891272529832
p71_PKB,4.348937135402484e-06,21.273160424627353,1.2354926255373061e-06,0.0,0.0,0.10129075950168663,0.025322998748578043
p72_H3,0.6268458691492593,0.23646739827211327,0.0,0.0,0.0,0.0,0.0
p72_P2,0.6904494404969752,0.15866531758505714,0.0,0.0,0.0,0.0,0.0
p72_SCT,0.6732155312495107,0.17793911272565016,0.0,0.0,0.0,0.0,0.0
p72_PKA,0.8439188136519787,0.038777534922225736,0.0,0.0,0.0,0.0,0.0
p72_PKB,0.9177375837924299,0.010671458190701758,0.0,0.0,0.0,0.0,0.0
p74_H3,0.0021014911896999637,9.494361465576631,4.477603056470734e-06,1.6441555e-06,0.0,0.02585059218779736,0.006464178486596388
p74_P2,1.8055030492506248e-98,522.6705105669217,3.7664058076559356e-06,2.4552552e-08,6.064701674035663e-08,0.0057965370881544595,0.0014500971733827119
p74_SCT,0.452989241551092,0.5634780133195595,0.0,0.0,0.0,0.0,0.0
p74_PKA,8.052065446430933e-72,361.4174686636939,2.7467963090939582e-05,0.0,0.0,0.04250135474439044,0.010632205676870345
p74_PKB,6.133065713072097e-108,583.5004455009437,7.810362718601822e-06,0.0,0.0,0.02040725492171322,0.005103766321107955
p75_H3,1.0,0.0,0.0,0.0,0.0,0.0,0.0
p75_P2,0.5954932048065539,0.28197685863139466,0.0,0.0,0.0,0.0,0.0
p75_SCT,1.0,0.0,0.0,0.0,0.0,0.0,0.0
p75_PKA,0.23018936400430656,1.4409542995275118,0.0,0.0,0.0,0.0,0.0
p75_PKB,0.47615544298956536,0.507930937154459,0.0,0.0,0.0,0.0,0.0
p76_H3,0.5289512051947837,0.39660504996200574,0.0,0.0,0.0,0.0,0.0
p76_P2,0.9401636322936137,0.005636671182032739,0.0,0.0,0.0,0.0,0.0
p76_SCT,0.7774461089902415,0.07992133168438872,0.0,0.0,0.0,0.0,0.0
p76_PKA,0.7710941233840407,0.08468144067451015,0.0,0.0,0.0,0.0,0.0
p76_PKB,0.5168783324643563,0.4203322065434454,0.0,0.0,0.0,0.0,0.0
p77_H3,1.0,0.0,0.0,0.0,0.0,0.0,0.0
p77_P2,1.8004617803253217e-28,128.0960778244279,4.466445626310737e-07,0.0,1.5284444969812236e-05,0.018007341162486867,0.004505768063004827
p77_SCT,1.0,0.0,0.0,0.0,0.0,0.0,0.0
p77_PKA,1.028113041926438e-29,134.31531177673992,1.7872114355265448e-06,0.0,0.0,0.004957815617160325,0.001239900707148963
p77_PKB,1.4005007547073163e-25,113.74259775384387,2.9295485494332293e-07,0.0,0.0,0.003343430377146393,0.0008359308330003341
p78_H3,1.0,0.0,0.0,0.0,0.0,0.0,0.0
p78_P2,0.41081981421940106,0.6768347385469401,0.0,0.0,0.0,0.0,0.0
p78_SCT,0.4108198142215913,0.6768347385405591,0.0,0.0,0.0,0.0,0.0
p78_PKA,0.41081981414146074,0.6768347387724394,0.0,0.0,0.0,0.0,0.0
p78_PKB,0.41081981429354886,0.6768347383322666,0.0,0.0,0.0,0.0,0.0
p79_H3,1.0,0.0,0.0,0.0,0.0,0.0,0.0
p79_P2,1.5669160568489188e-83,430.5174866281089,7.599209175372807e-05,2.3030278e-05,0.0,0.017329675593014446,0.00435717449058929
p79_SCT,1.0,0.0,0.0,0.0,0.0,0.0,0.0
p79_PKA,2.4397039921463675e-61,301.82607737083345,0.0004391119348528524,0.0,0.0,0.006238421376914729,0.0016693833279418952
p79_PKB,0.07085352948145285,3.2681415606849566,8.66154259306662e-05,0.0,0.0,0.0012573260908834518,0.0003359853792035295
p80_H3,0.0,3890.804799340104,6.5476554386510705e-06,0.0,0.0,0.006073768067798595,0.0015200789308093116
p80_P2,2.412175286885432e-161,964.8229171963902,1.8151840973886564e-05,6.5192e-07,0.0,0.0220535988484613,0.0055181006523598464
p80_SCT,0.0,2658.1177639913326,3.6858139193262377e-07,0.0,0.0,0.011383026442195495,0.002845848755896857
p80_PKA,0.0,2726.1961168274142,4.0934338559796e-06,1.5703674e-05,0.0,0.02289578645820845,0.005728895891479318
p80_PKB,0.0,3322.510078213376,6.5476554386510705e-06,0.0,0.0,0.006073768067798595,0.0015200789308093116
p81_H3,0.6692760728275025,0.18252765735789106,0.0,0.0,0.0,0.0,0.0
p81_P2,1.5599035986798675e-64,319.7653415847587,6.657825248097967e-05,1.8206327e-06,0.0,0.015769771776710666,0.0039595426654846074
p81_SCT,7.593688322172158e-28,124.97989109432216,9.55557827706811e-06,0.0,1.5393068403519878e-05,0.020431775583095103,0.005114181057443923
p81_PKA,4.552974580147645e-17,72.36623059320736,0.00011410405720304897,4.502623e-06,3.307936191304723e-05,0.016955893852567336,0.00427689497370633
p81_PKB,9.464146857973015e-32,144.55869953149934,0.000130493993219121,0.0,0.0,0.022316718909396835,0.005611803225653989
p82_H3,6.156463357421763e-19,81.33479559049299,1.3305305788152343e-05,3.9409304e-08,0.0,0.032533437725277094,0.008136695610092377
p82_P2,1.5807636944795512e-95,504.1557584540733,3.854419151329734e-05,7.414997e-08,0.0,0.012512765770334623,0.0031378460279552984
p82_SCT,3.127625396546469e-205,1332.8857902228594,0.00014320715579385607,3.7465244e-07,0.0,0.05408064642671904,0.013556057058739268
p82_PKA,1.1613204533000374e-19,84.82888012833175,4.335579253861773e-06,0.0,0.0,0.0477500526894638,0.011938597067179415
p82_PKB,3.932280829807375e-43,203.18031960206474,7.668173100165236e-05,0.0,4.702369618112933e-05,0.017057423985041245,0.004295282353056006
p83_H3,5.554727666502699e-183,1139.6038803943609,4.546249743541447e-06,2.889015e-07,0.0,0.03710700097761648,0.009277959032215908
p83_P2,3.9448885300851797e-143,827.1146779155276,0.00017496244472048537,1.8659207e-06,7.572272075892686e-05,0.028284351987728027,0.00713422576847546
p83_SCT,4.1851580028608937e-72,363.0625520981585,0.00042584916542605947,0.00012607986,0.0009449214298467416,0.05279695291084467,0.013573450841507002
p83_PKA,1.0077786794201962e-222,1495.1651412703145,0.00014956123470664736,7.143444e-08,0.0010815483314092743,0.018066458353452032,0.004824409838502579
p83_PKB,0.22391537345714693,1.4804190485773605,0.0,0.0,0.0,0.0,0.0
p84_H3,0.13070537455567713,2.286805495365556,0.0,0.0,0.0,0.0,0.0
p84_P2,7.621760995713971e-179,1105.2072805507942,0.0030426090763035407,2.3186672e-05,0.0044326263194968815,0.1013985848636173,0.02722425173297416
p84_SCT,1.1496163395049008e-131,744.6055318703632,0.0006547909201000723,1.7292934e-06,0.0006461184627668076,0.07920958584423914,0.020128056130137614
p84_PKA,1.7029098174842704e-282,2126.3403690968407,0.0010642680999969369,4.495818e-05,0.0007269536757820824,0.1339784477080499,0.03395365691557668
p84_PKB,5.599543925113355e-237,1634.550883334846,0.00035255739995784644,2.5058764e-06,0.0,0.022846347283185523,0.005800352639888214
p85_H3,0.00014315811389593159,14.540795882840307,5.2943772722654306e-08,7.553775e-08,0.0,0.017040263708867236,0.004260098047597115
p85_P2,1.8756427400121955e-13,55.218162554420175,3.754631027059163e-05,2.5468339e-07,0.0,0.003995039183990552,0.0010082100444116589
p85_SCT,0.6614349078585159,0.19186742690027,0.0,0.0,0.0,0.0,0.0
p85_PKA,1.2888763849888604e-35,164.21164489108858,5.077663793557134e-06,7.095543e-07,0.0,0.0257465545781944,0.006438085449068377
p85_PKB,6.342650163158417e-14,57.43640493746959,1.6064634115676523e-05,1.3493229e-06,0.0,0.007174330491719508,0.0017979361121910323
p86_H3,8.274407471471321e-66,326.981822968507,0.0006824809369106789,9.017133e-06,8.349029885929463e-05,0.4064128818747782,0.10179696756098193
p86_P2,1.6697319869018728e-47,226.31532666566775,0.0006009065066543125,8.670615e-06,0.006122613756138599,0.23210780879637516,0.05970999991853918
p86_SCT,6.34818741422374e-188,1181.3127365484406,0.00025670600292793404,3.2857806e-06,0.0,0.10141032024497336,0.025417578007130775
p86_PKA,3.490249020385295e-116,638.0486312309448,0.07987157915603861,0.0009707373,0.07453982887239906,1.0,0.28884553633464105
p86_PKB,1.672326030928604e-24,108.43346375129504,0.0010788365453618294,5.5154203e-05,0.00442366683097157,0.16632990501803432,0.04297189064945125
p87_H3,1.0967210833292285e-59,292.6192590063668,2.95692019887888e-05,2.842185e-07,0.0,0.03435234605944508,0.008595549869980209
p87_P2,0.09473452221186279,2.7958332834339146,0.0,0.0,0.0,0.0,0.0
p87_SCT,9.655020611286712e-178,1096.1192278684439,5.871901411115728e-07,0.0,0.0,0.05483035271299004,0.013707734975782789
p87_PKA,4.0780396660951655e-59,289.453908909467,0.00674022638001636,0.004867585,0.07398920864943949,0.04810731718821529,0.03342608428197872
p87_PKB,1.6834220068183988e-210,1380.7828669666471,0.00330874777037083,2.3167035e-05,0.0,0.03926118209469446,0.01064827422493365
p88_H3,1.5596034241982239e-24,108.58257081370827,4.742516353181534e-06,4.1422986e-06,0.0,0.014165640249831376,0.0035436312662015007
p88_P2,0.0011303283850591906,10.64523231448168,9.476317842065196e-05,1.8863842e-06,0.0,0.035648907968286826,0.008936389382729745
p88_SCT,3.279080288148679e-26,116.86043590410364,2.2631508682052248e-05,2.7463362e-05,0.0,0.02463848057211534,0.006172143860731903
p88_PKA,5.565034561947402e-24,105.86715368589552,0.0002734805474741909,2.0486975e-06,4.447363989811116e-05,0.019076245705543244,0.004849062147610015
p88_PKB,0.39976015339428783,0.7094834211917449,0.0,0.0,0.0,0.0,0.0
p89_H3,0.27949398314989043,1.1704613455639283,0.0,0.0,0.0,0.0,0.0
p89_P2,2.343771653252602e-59,290.78809278955913,1.949184980123302e-05,6.299806e-06,0.0,0.020646724933262948,0.0051681291472774745
p89_SCT,1.1123216663144238e-56,276.0040320120774,2.6746951523645162e-05,9.761046e-08,0.0,0.0551701068889014,0.013799237862721301
p89_PKA,1.4194955020236344e-116,640.6709418440415,7.326462003178554e-06,1.7867522e-05,0.0,0.030375328582107522,0.007600130641482531
p89_PKB,1.2624389575344412e-101,542.7288135861008,3.363943988221482e-05,0.0,0.0,0.05463841489577359,0.013668013583913952
p90_H3,2.387976900592525e-295,2279.1725873330024,0.0009369793785953629,2.0196183e-05,0.00018283237659413865,0.016904182026169244,0.004511047491079411
p90_P2,1.0523176195225303e-78,401.707411068613,0.0017769099359528624,5.099328e-05,0.004416156595153365,0.12829009010377737,0.033633537478653046
p90_SCT,0.03612739561632543,4.399602599161907,0.0012400141796547611,9.973478e-07,1.8928956241091846e-05,0.10798158809750158,0.027310382145298667
p90_PKA,1.8586511406205332e-234,1609.4189060563608,0.0013651636720908434,6.5763373e-07,0.002755580635366028,0.11831038390608646,0.030607946461819368
p90_PKB,1.8895599139890754e-182,1135.1571033347254,0.0017564034826095848,2.8265771e-05,0.0009314183091590038,0.1929665650118606,0.048920663143684005
p91_H3,1.3919836722029017e-49,237.4379829731204,2.341816951575597e-05,2.157213e-06,0.0,0.011251944605379347,0.0028193799969676164
p91_P2,4.4074945370490493e-10,39.48752863809485,0.00011238793192236462,2.2288373e-06,0.0,0.04074101300440806,0.010213907443401291
p91_SCT,0.07284300770454008,3.222649344773112,0.0,0.0,0.0,0.0,0.0
p91_PKA,9.392774885232297e-108,582.292779735567,0.00028367158208986344,7.384614e-06,5.039085176833876e-05,0.020320114642124687,0.0051653904225049
p91_PKB,1.9113983927168943e-287,2184.4281577466413,0.0002567495264692755,3.7397076e-06,0.00018434526591042992,0.06552093898621592,0.016491443371551024
p92_H3,2.560556603395928e-280,2101.0909474828395,1.0360048285353305e-05,9.811997e-07,0.0,0.008376648055124437,0.0020969973257821497
p92_P2,3.729116658391064e-246,1727.8235671326336,1.6721203566886392e-05,2.9453383e-07,3.7037945639957286e-06,0.035303524545230544,0.008831061019298798
p92_SCT,4.4067432662803e-267,1951.4453547784342,1.1933785729031115e-05,1.864147e-07,0.0,0.007025497803785608,0.0017594045010524686
p92_PKA,9.059765463371587e-191,1205.6397533846327,7.412207259557546e-05,1.0798068e-07,0.0005389687867058662,0.031439184361642995,0.008013095800406652
p92_PKB,4.007176592292436e-05,16.976808634660507,2.5424962369487248e-05,0.0,3.6833696483355913e-06,0.00904664796957911,0.002268939075399233
p93_H3,3.351553534744774e-32,146.8369295695757,0.0015084637426695385,2.5462054e-05,0.0010472220828639728,0.467903733088243,0.11762122024184407
p93_P2,4.620583929151214e-56,272.6065158701105,0.007763272137274408,0.00011921298,0.0047994690707866055,0.18328609647214206,0.04899201266466609
p93_SCT,2.5494997681481574e-106,572.9649524874516,0.0005205212461470509,5.121047e-06,0.0004611082527001088,0.054028801100477065,0.013753887911530378
p93_PKA,5.718552118729511e-98,519.5070293140999,0.0018026366922750537,2.5232393e-05,0.0005480826975954076,0.02456806243506449,0.006736003554597398
p93_PKB,0.6008300239153888,0.27387121817130367,0.0,0.0,0.0,0.0,0.0
p94_H3,0.0,4376.543537173282,0.0007779003270661823,5.3215852e-05,0.0,0.14651263526807073,0.036835937861771494
p94_P2,1.0482245009605846e-165,999.0553816262488,0.006894686900317912,3.304511e-07,0.03293282755950029,0.011701424365948968,0.012882317319213528
p94_SCT,2.5330160660436153e-239,1658.112143184322,0.07926100127972126,0.008191243,0.38365914166052706,0.11612714959412745,0.14680963383710993
p94_PKA,6.770107275375202e-155,915.1160959571707,0.0012789730306970813,6.133072e-05,7.196461377634235e-05,0.11625865849734937,0.02941773171550575
p94_PKB,7.967633845644408e-290,2212.6992040885457,0.0004932865413831005,0.00036130668,0.16483211212686738,0.03535194904421449,0.05025966359814963
p95_H3,0.7980569676688081,0.06549072569563011,0.0,0.0,0.0,0.0,0.0
p95_P2,1.0945853919188136e-282,2128.575162056336,4.016122620240466e-05,6.0496814e-06,0.0,0.01900092281646988,0.004761783431008149
p95_SCT,4.177970829125999e-241,1676.1500118362562,4.9113881667208375e-06,5.189492e-08,0.0,0.0011727906347952254,0.0002944384794701327
p95_PKA,5.24702737769456e-299,2323.872403138428,5.586487514798458e-05,2.4111589e-05,0.0,0.03281304486230322,0.008223255331506014
p95_PKB,1.1510370963960148e-159,951.780056774215,5.634343511408488e-05,8.262678e-07,0.000557449578364311,0.06752145220465919,0.017034017871486385
p96_H3,2.4250862643204686e-42,199.0361927560853,9.971742719022416e-06,0.00013683258,0.0,0.02039351106359137,0.005135078845493347
p96_P2,0.0006825032715208893,11.588450252001406,0.007017425519904966,0.00047816534,0.005320768561636549,0.06616894665130543,0.0197463265183642
p96_SCT,3.0953396476844826e-12,49.505288878689036,1.8108100146091073e-05,2.32538e-06,0.0,0.009616417466379975,0.002409212736609007
p96_PKA,2.275079584021971e-31,142.63661776883944,7.554182942453113e-05,2.56947e-05,0.0,0.019844584176587503,0.0049864551766343815
p96_PKB,5.48515733163382e-10,39.04836187935955,6.3970512300817e-05,8.0583396e-07,0.0,0.09286197419222306,0.02323168763462175
p97_H3,3.7297866976628695e-146,849.4088990405684,0.00023431419124331763,7.7296556e-07,0.0,0.04815700039284259,0.012098021887412366
p97_P2,1.3091176987602803e-272,2013.1392639336123,0.0001220370999350029,5.223725e-06,3.951444111548449e-05,0.09227066030147739,0.023109358891909754
p97_SCT,2.242237493645659e-82,423.57788345857637,0.00012719291824761587,0.0,0.001333084035547226,0.09715198928934723,0.02465306656078552
p97_PKA,2.416696309628969e-266,1943.2807486919733,0.00019613807749611944,0.0,0.0,0.10797028709518719,0.027041606293170827
p97_PKB,7.248644814755973e-205,1329.598310946028,0.001219381478676892,6.7653666e-05,0.0,0.1320503663947458,0.0333343503847582
p98_H3,0.807795922218256,0.05920303058148292,0.0,0.0,0.0,0.0,0.0
p98_P2,6.212756286847274e-14,57.47878550403602,3.6772319108708675e-05,6.216003e-07,0.0,0.0060889490099017346,0.001531585732325865
p98_SCT,0.03517986119883507,4.445105883662139,0.0006783965071753302,6.425532e-07,0.0,0.04899754512032157,0.012419146045168002
p98_PKA,3.0508026387138487e-05,17.50133191393738,0.0023400991277878194,0.0,0.0,0.022254352106613882,0.006148612808600426
p98_PKB,0.0007921310794621669,11.309352813491442,8.033143132411111e-05,5.6831635e-07,0.0,0.03769294138830794,0.009443460283996064
p99_H3,7.774296128249158e-69,344.23419925441334,2.2156325668373077e-05,1.615023e-06,0.0,0.0108846197476377,0.0027270977740895637
p99_P2,1.0569584194513121e-94,498.9955693124462,0.00013972278634939237,1.6757849e-06,0.0,0.009894039116822998,0.002508859422021917
p99_SCT,5.2414121617604185e-11,43.77507847466497,0.00013475387804472546,3.9057077e-06,0.0,0.017043645887386737,0.004295576368275852
p99_PKA,1.838949999963674e-39,184.02554271115335,0.00017580492657588348,1.459398e-05,0.0,0.04245804262132217,0.010662110382041467
p99_PKB,5.0109984835507126e-29,130.87109355681895,0.00015864647403299943,3.0375986e-07,0.00020207535570085095,0.04625182275155355,0.011653212085287277
p100_H3,1.0794551314008713e-22,99.5592278730326,4.4300072869644786e-05,7.3004303e-06,0.0,0.010282755278999998,0.0025835889455418154
p100_P2,2.588093594545248e-09,35.94070113417692,0.0005425188691174645,2.7418962e-05,0.000311502705013127,0.0751950882442098,0.019019132195189564
p100_SCT,2.3606252166097413e-38,178.28740860607266,8.61481777231086e-05,6.045016e-06,6.578399150203753e-05,0.03921961124042286,0.00984439710643881
p100_PKA,0.0036047837296153814,8.501810285434907,0.0008066875517327814,5.230832e-06,0.0,0.024703074413347022,0.006378748199245635
p100_PKB,0.00023311919442197567,13.614382485716503,0.0011326033914543614,1.1468258e-06,0.0001236940367409141,0.0812522762305013,0.02062743012111229
p101_H3,0.0002305120940039829,13.635705740897375,8.613462848580188e-07,0.0,0.0,0.019141956506932817,0.004785704463304419
p101_P2,9.300987298452043e-08,28.818994075027355,6.055057910447429e-06,4.7253883e-07,0.0,0.018586383644051154,0.0046482278101977505
p101_SCT,0.09355263825934314,2.816012257916963,0.0,0.0,0.0,0.0,0.0
p101_PKA,6.102190036111684e-08,29.652848844630565,6.647510861572822e-05,0.0,0.0,0.002419087708117249,0.0006213907041832444
p101_PKB,1.4853844295587681e-08,32.45670427632339,4.3173272346008675e-05,5.5555705e-07,0.0,0.0007074053897138439,0.00018778355477772055
p102_H3,0.3076333852157609,1.04157297403294,0.0,0.0,0.0,0.0,0.0
p102_P2,0.4619126091014407,0.5415561145278821,0.0,0.0,0.0,0.0,0.0
p102_SCT,0.6268458691489216,0.2364673982725829,0.0,0.0,0.0,0.0,0.0
p102_PKA,0.21588024226805694,1.5329427931157853,0.0,0.0,0.0,0.0,0.0
p102_PKB,0.6469115107132466,0.2099074579070661,0.0,0.0,0.0,0.0,0.0
p103_H3,2.6950027394536235e-14,59.19086476774638,1.3506272047522316e-06,5.6745023e-07,0.0,0.0064342371337042575,0.0016090388027845094
p103_P2,0.08748847066304703,2.924107588797973,0.0,0.0,0.0,0.0,0.0
p103_SCT,0.01060264102046831,6.5484433283707615,0.0,0.0,0.0,0.0008459190887921883,0.00021147977219804708
p103_PKA,1.2203696546527749e-10,42.070624122716964,8.932777752605694e-07,0.0,0.0,0.003926631424431174,0.0009818811755516086
p103_PKB,0.7898508050799403,0.07105192087855994,0.0,0.0,0.0,0.0,0.0
p104_H3,0.07615907624602612,3.149710934049095,0.0,0.0,0.0,0.0,0.0
p104_P2,4.638298486027611e-08,30.196165063089428,0.03388291579440196,0.0023033877,0.029279153943857925,0.07391341201042399,0.03484471737139638
p104_SCT,1.1783543854556415e-11,46.79327024865641,4.127083928379581e-05,1.4451663e-07,0.0,0.037872868163947,0.009478570879966031
p104_PKA,5.805387838013735e-25,110.69590313210261,5.5464443010777364e-05,1.0268258e-06,0.0,0.067599919034948,0.016914102575932462
p104_PKB,1.7103201598441653e-20,88.85368722495598,0.00031383713043422226,0.0,0.0,0.06616652588918354,0.016620090754904438
p105_H3,0.4065610043748682,0.6892531094755159,0.0,0.0,0.0,0.0,0.0
p105_P2,6.707747268570055e-77,391.0564871638711,3.080218709966253e-05,2.5597092e-07,0.0,0.016202969553952614,0.004058506927992407
p105_SCT,3.433268711708348e-71,357.7773970360242,1.7095332525771e-05,0.0,0.0,0.04121833888066381,0.010308858553297396
p105_PKA,3.3799075223140444e-79,404.63003353706165,3.6634522389086587e-05,1.6561419e-06,0.0,0.04084296296671387,0.01022031340774476
p105_PKB,1.5738916184904962e-77,394.7655206741185,7.314837228273533e-05,0.0,0.0,0.025447911299275483,0.006380264917889554
p106_H3,0.5348405065241252,0.38537833451972,0.0,0.0,0.0,0.0,0.0
p106_P2,0.5348405065235523,0.3853783345208635,0.0,0.0,0.0,0.0,0.0
p106_SCT,0.5348405065183945,0.38537833453085507,0.0,0.0,0.0,0.0,0.0
p106_PKA,0.5348405076934992,0.38537833231287244,0.0,0.0,0.0,0.0,0.0
p106_PKB,0.534840604098042,0.38537815036728607,0.0,0.0,0.0,0.0,0.0
p107_H3,0.000256023285570036,13.436778902709857,3.8089014027186714e-05,1.9455058e-06,0.0,0.05136153355364136,0.012850392018367364
p107_P2,0.4704975169868808,0.5210921070521185,0.0,0.0,0.0,0.0,0.0
p107_SCT,0.0003131220906070079,13.055776450181133,1.3756751879218168e-05,1.0700786e-06,0.0,0.0017469460689099438,0.00044044322484994297
p107_PKA,2.638774941368608e-99,527.959245701218,0.008805167693093576,6.6615615e-07,0.0,0.015929305135352602,0.006183784746150105
p107_PKB,1.0642303562004233e-20,89.85256903558636,2.2868583829468676e-05,1.1274892e-06,0.0,0.0024057733824680233,0.0006074423638776491
p108_H3,6.540253861916686e-72,361.9400799194655,0.0009777900038739965,4.932838e-06,0.0004905936524567813,0.0673851874575919,0.01721462598792634
p108_P2,7.596898432278065e-88,456.6631159085858,0.0003012313067570646,2.5967076e-06,0.0,0.09911133739507168,0.024853791352368523
p108_SCT,1.758504891560012e-26,118.20072747840868,0.00011384795349015376,4.8300245e-07,0.0004971998449752494,0.02027408658422017,0.005221404346284457
p108_PKA,1.218526394710344e-26,118.99037919279733,0.00013323924912161296,5.356784e-06,0.0,0.08998098517775999,0.022529895302766903
p108_PKB,1.0086883703960063e-113,621.6104406068383,0.00028686196293469733,7.785925e-06,0.0,0.014405309115098092,0.0036749892507421692
p109_H3,0.839455923755068,0.04105785338115668,0.0,0.0,0.0,0.0,0.0
p109_P2,0.5468984170428433,0.3630807914142559,0.0,0.0,0.0,0.0,0.0
p109_SCT,1.1591437687170056e-22,99.40807768844718,0.0015597029928021593,1.2135802e-06,0.0,0.05033091266826438,0.01297295731030728
p109_PKA,3.437419741860799e-10,39.98691513344032,0.00025650398475432696,1.0313061e-05,0.0015857378890211363,0.05740319527664983,0.014813937552745488
p109_PKB,7.488587628236837e-66,327.2275828944044,0.004254018854753706,6.033021e-05,0.008891360161251348,0.12319781545987966,0.03410088117160734
p110_H3,0.0025823877824937085,9.114276391049124,1.1401021840677619e-05,6.112128e-06,0.0,0.004330688019650652,0.0010870502924168394
p110_P2,0.005795118458987296,7.6365534178617125,2.7810995890960975e-05,0.0,0.0,0.003287285306449362,0.0008287740755850807
p110_SCT,0.004604220641683599,8.0548036361587,3.9569383750660115e-05,0.0,0.0,0.02169381598306633,0.005433346341704248
p110_PKA,0.07037712857902703,3.279238579137639,4.891748376353912e-05,0.0,0.0,0.002287593232309184,0.0005841276790181808
p110_PKB,0.005302507807011599,7.797835447943138,3.9569383750660115e-05,0.0,0.0,0.02169381598306633,0.005433346341704248
p111_H3,1.6474440229028666e-16,69.69933800654508,4.758922623009649e-05,1.1826603e-06,0.0,0.09958770554578057,0.02490911935807731
p111_P2,1.5299431309250289e-61,302.9585445335806,0.00031156679868414117,7.428854e-05,0.0,0.03401325050027047,0.008599776459388383
p111_SCT,0.021721680497390466,5.279830200088599,5.675261199405362e-05,1.1325896e-05,2.2855725222786237e-06,0.02230226842209823,0.005593158125574747
p111_PKA,5.349392694230593e-22,96.16691379687968,0.00014546522246922049,3.3477096e-07,0.0,0.018727899856456707,0.0047184249624713315
p111_PKB,7.725823126834608e-20,85.68419427508027,0.00042377274876287787,3.112648e-07,0.004263459369027532,0.034628031426227134,0.009828893702207644
p112_H3,1.0,0.0,0.0,0.0,0.0,0.0,0.0
p112_P2,0.365972827125701,0.8178271149850831,0.0,0.0,0.0,0.0,0.0
p112_SCT,5.504674617578677e-07,25.314974872685923,3.3309565199702516e-06,2.3560815e-06,0.0,0.03687210076258417,0.009219446950149843
p112_PKA,2.4136491399333295e-08,31.491947116153813,0.00018359164826514736,4.5277088e-07,0.0001124491988383349,0.06719246680468527,0.016872240105666386
p112_PKB,0.09471954243475314,2.7960873225399956,0.0,0.0,0.0,0.0,0.0
p113_H3,3.1772758834460696e-14,58.853179070321666,0.00011774133753675166,5.724346e-06,0.0,0.16090884108540726,0.04025807669223864
p113_P2,3.423292637779907e-21,92.24383720932421,0.0014798406796393683,1.312951e-05,0.001431433174135683,0.2570952768449875,0.06500492005221065
p113_SCT,3.570045098498597e-06,21.65744856607586,0.0027341209735535564,0.00011015424,0.005946358889111092,0.2408596859273454,0.06241258000665468
p113_PKA,0.07004476885125349,3.287028183186746,0.0036454565236118124,0.00012721175,0.0026401411052402388,0.3530543218843931,0.08986678281619448
p113_PKB,7.909685868199376e-05,15.672993149243041,0.0012433380431397555,3.010125e-06,0.000583551271023384,0.10521850540582874,0.02676210121126194
p114_H3,2.9847254536622886e-05,17.54349217829905,8.641218569558612e-06,0.0,0.0,0.004612814033719276,0.0011553638130722087
p114_P2,2.920991896535543e-274,2031.7929169590657,0.000310524516385998,3.4414017e-05,0.0,0.004253094633990989,0.001149508291878357
p114_SCT,6.27651236626211e-305,2397.3955818322033,0.00033512680790413334,0.00046798502,0.001537933070689723,0.09825946924504095,0.025150128537019426
p114_PKA,6.309218931608349e-05,16.10577258381572,8.641218569558612e-06,0.0,0.0,0.004612814033719276,0.0011553638130722087
p114_PKB,2.631364616469883e-64,318.4836518285635,0.0003467751133669036,0.0,0.0013577736814315848,0.009427408548182952,0.00278298933574536
p115_H3,3.1164612211794775e-80,410.7798635788112,3.846481652317533e-05,5.564462e-06,0.0,0.061223032954013296,0.015316765558095165
p115_P2,5.862970486669143e-26,115.61168482033109,8.593304789877804e-06,3.1954332e-07,3.5193732293335814e-06,0.01995308321262231,0.004991378858489887
p115_SCT,9.795373985690275e-10,37.885361231532826,7.641443639055849e-07,3.814263e-05,0.0,0.07189681717384146,0.01798393098677873
p115_PKA,2.1860300539548e-43,204.5201716753406,3.2127159796101026e-05,0.0,0.0,0.03930356129000727,0.009833922112450842
p115_PKB,1.0176869554746379e-20,89.94676417680145,1.4994662345237126e-05,0.0,0.0,0.00423908842969348,0.0010635207730096791
p116_H3,1.194685619061824e-48,232.4334369780748,0.0006637598474452174,0.00044429748,0.0005486549158086121,0.04186489751118249,0.010880402437369536
p116_P2,2.069329285169032e-05,18.249585156889733,0.0012976534175924534,5.2451513e-05,0.001674246230626805,0.19369817892399607,0.049180632521204255
p116_SCT,0.7971804383640714,0.06607320572971997,0.0,0.0,0.0,0.0,0.0
p116_PKA,2.4560860526297476e-104,560.1309348618648,0.0013702627226371705,1.758173e-05,0.003825402972990105,0.010292109552758761,0.0038763392444665836
p116_PKB,4.1877380374528477e-178,1099.1054171412127,0.0017949299930642244,9.2266407e-07,0.0003184398596054617,0.017241421696491614,0.004838928553308167
p117_H3,2.4400981038004036e-15,64.13006879578316,0.00021987232876398283,2.223069e-05,0.0,0.1683484068667781,0.042147627471351756
p117_P2,6.017735633573588e-203,1312.3799334602857,0.0003300655414985726,7.0234414e-06,0.0,0.08266111905613836,0.020749552009762348
p117_SCT,0.0,3286.6130479603453,0.0003391635572825379,1.7827904e-05,6.784857244958242e-05,0.004713726768478956,0.0012846417006103232
p117_PKA,0.00015518445323289042,14.387270840228389,0.00027182086911107015,6.0979254e-08,0.00012273284594381046,0.05820815826363264,0.014650693239485292
p117_PKB,1.4274361993509385e-39,184.59624254579577,0.000423988263536158,1.9843587e-06,4.767102182850133e-07,0.09454894185626578,0.023743847797188165
p118_H3,1.43513167258462e-27,123.60397391450665,0.00020264944308371144,2.0847492e-05,0.00011814125297895123,0.08541510752969046,0.021439186429469213
p118_P2,1.533502818783605e-17,74.62773445373448,0.0007110067016472566,1.0989965e-05,0.002247452265976873,0.11626513098293513,0.02980864497882016
p118_SCT,1.0910377597064867e-18,80.13839993298866,0.00015537833009681036,3.2736943e-06,0.0,0.0035218415188752457,0.0009201233858296933
p118_PKA,5.484773281392578e-25,110.81749407294619,0.0008451431540075924,0.0,0.0055237598821682825,0.16157842814147375,0.041986832794412406
p118_PKB,5.540303655650244e-30,135.6620107069391,0.0004439815686612122,5.25669e-06,0.0,0.06438623213133587,0.01620886759754961
p119_H3,0.24453389449803406,1.355411729660214,0.0,0.0,0.0,0.0,0.0
p119_P2,1.604285627482138e-54,264.1741284209317,0.00013592825398012814,1.1430047e-05,0.001219315135494546,0.0421260751277622,0.010873187141154142
p119_SCT,0.9755375182257618,0.0009406179746896747,0.0,0.0,0.0,0.0,0.0
p119_PKA,0.0016266760005627197,9.968425516178543,0.0017755171756241887,1.7762693e-06,0.01346399023485353,0.03240536244722004,0.011911661531749572
p119_PKB,0.7733547654870713,0.08297025207990598,0.0,0.0,0.0,0.0,0.0
p120_H3,6.600756009400235e-09,34.07170122916133,0.00019092091970813606,1.5219308e-06,0.0,0.05546182084377556,0.013913565923574045
p120_P2,3.214210030387572e-13,54.1179872842875,0.00011463579430677887,1.4667455e-07,0.0,0.030006529719416333,0.007530328047068682
p120_SCT,3.334990783778109e-05,17.329906934090808,4.187664561253202e-05,2.5163112e-07,0.0,0.07092065025931235,0.01774069463401154
p120_PKA,2.151134570021014e-87,453.906106677237,0.00010231547605920977,1.2919394e-06,0.0,0.050996176649811986,0.012774946016313779
p120_PKB,2.2428030164869886e-72,364.6322506764257,0.00045482411455560393,3.2817638e-06,0.0,0.055665027555905626,0.014030783358574921
p121_H3,0.8501002388991238,0.03573072041888012,0.0,0.0,0.0,0.0,0.0
p121_P2,0.4544372297079775,0.5598746773717814,0.0,0.0,0.0,0.0,0.0
p121_SCT,0.28182466385185545,1.159168881196292,0.0,0.0,0.0,0.0,0.0
p121_PKA,0.6133667068010524,0.2554166070638548,0.0,0.0,0.0,0.0,0.0
p121_PKB,0.42286350452470955,0.6427227265773499,0.0,0.0,0.0,0.0,0.0
p122_H3,1.851661722168527e-54,263.83416006563624,3.923431948299661e-05,5.3610177e-07,0.0,0.14897855776702318,0.037254582047067955
p122_P2,1.0083339955735625e-43,206.28776002840468,0.0004039463837351396,8.298702e-06,0.0007422816520141824,0.06194716567980693,0.015775423104310744
p122_SCT,2.2821836064850908e-53,257.89143221594594,0.0007215184969351166,2.4390968e-06,0.0,0.13395421139826455,0.03366954224799017
p122_PKA,8.112167043447145e-46,217.35019185243792,0.0031986441132514625,0.00012254539,0.003582236377243511,0.15827375192817933,0.04129429445188769
p122_PKB,6.889599518600334e-05,15.937227038358593,0.004015133545607974,0.00011972561,0.013434161134350992,0.2176460542915804,0.058803768646217586
p123_H3,4.192143797264111e-86,446.0624013191803,4.5844374460312466e-05,5.4537e-09,0.0,0.02143067795015163,0.005369131944578025
p123_P2,0.07956954854516554,3.078177827739225,0.0,0.0,0.0,0.0,0.0
p123_SCT,2.245987292309949e-78,399.7591107966006,8.80819104102308e-05,0.0,5.2162123529158094e-05,0.14186502538981444,0.03550131735593846
p123_PKA,4.299544188181905e-49,234.81056045050255,3.888154585024649e-05,1.7322737e-06,0.0,0.009448891668793584,0.0023723763720971806
p123_PKB,5.1480914824460045e-83,427.4119897543436,7.416432594317722e-05,3.1233446e-06,6.403549251035411e-05,0.03251715039402115,0.008164618389278845
p124_H3,4.542183e-318,2565.7741238485983,8.277589229471657e-05,1.0285497e-05,0.0,0.009462072394636934,0.0023887834460854683
p124_P2,0.0,3475.0218029460098,0.00013607802459055654,7.423006e-05,6.0987755632475584e-06,0.0062757988166037,0.0016230514196212702
p124_SCT,0.006237625678871523,7.5031931374185605,6.503746346795685e-05,4.3789634e-05,0.00022188959492896275,0.023001461918975327,0.005833044652897846
p124_PKA,0.0,5370.508755125576,4.0603998724743264e-05,4.194475e-06,0.0,0.0011394634416739908,0.0002960654788417446
p124_PKB,5.6e-322,2617.3339057662556,0.00014868588643777666,1.9514267e-05,0.0004747693219855421,0.0029086596281128817,0.0008879072760036429
p125_H3,2.537373724840454e-06,22.32317684388852,4.1006000828943265e-08,0.0,0.0,0.0030820516755361957,0.0007705231703842561
p125_P2,0.0,4022.225159000215,2.2852420180805913e-06,0.0,0.0,0.007351383742283283,0.0018384172460753408
p125_SCT,0.0,3273.591468136253,1.162114371200401e-05,5.2056435e-05,0.0,0.2130725534537113,0.05328405775820062
p125_PKA,7.071195560635896e-164,984.6408579460468,1.0163831329977215e-06,0.0,0.0,0.001444816711394445,0.00036145827363186065
p125_PKB,0.003269385026314479,8.680767720192422,1.0851376422656708e-05,1.39219e-07,0.0,0.009743821323362978,0.0024387029796957135
p126_H3,0.45609905364769787,0.555761384690798,0.0,0.0,0.0,0.0,0.0
p126_P2,0.5561845071284645,0.34652136955627233,0.0,0.0,0.0,0.0,0.0
p126_SCT,0.6924544210991668,0.15650620252658431,0.0,0.0,0.0,0.0,0.0
p126_PKA,0.4448279055241019,0.5841293623063489,0.0,0.0,0.0,0.0,0.0
p126_PKB,0.8441025856768416,0.03868508751507189,0.0,0.0,0.0,0.0,0.0
p127_H3,0.1460528437332771,2.1153654100885557,0.0,0.0,0.0,0.0,0.0
p127_P2,0.23613763283280387,1.404718154252122,0.0,0.0,0.0,0.0,0.0
p127_SCT,0.1835521336042791,1.77038810450758,0.0,0.0,0.0,0.0,0.0
p127_PKA,0.2929250010451836,1.1069667305558337,0.0,0.0,0.0,0.0,0.0
p127_PKB,0.1730810715362618,1.8579596097472284,0.0,0.0,0.0,0.0,0.0
p128_H3,0.6268458691492593,0.23646739827211327,0.0,0.0,0.0,0.0,0.0
p128_P2,0.8306395871591963,0.04576242923523728,0.0,0.0,0.0,0.0,0.0
p128_SCT,0.6268458691465576,0.23646739827578178,0.0,0.0,0.0,0.0,0.0
p128_PKA,0.7918068552945257,0.06970434058721078,0.0,0.0,0.0,0.0,0.0
p128_PKB,0.5890727608019326,0.2919301898999325,0.0,0.0,0.0,0.0,0.0
p129_H3,4.825806971237923e-17,72.24541132586103,7.807944404347106e-06,0.0,8.28841722135423e-06,0.019916331490543625,0.004983106963042332
p129_P2,3.564117381832648e-78,398.5734966498118,2.1507847255116737e-06,0.0,0.0,0.024954577544504322,0.006239182082307459
p129_SCT,6.923290982274226e-12,47.87121587808439,3.763548708563606e-06,4.1401003e-07,0.0,0.024073896266646386,0.006019518456346636
p129_PKA,1.0212777588860597e-24,109.48755550710123,5.663027390185721e-06,0.0,6.951992571492036e-06,0.020574377578294778,0.005146748149564114
p129_PKB,1.739230179044918e-37,173.8127905163225,4.342688505629812e-06,0.0,0.0,0.0395836535162591,0.009896999051191183
p130_H3,1.0,0.0,0.0,0.0,0.0,0.0,0.0
p130_P2,1.976284645151132e-173,1060.9057501518216,5.1519692450391066e-05,7.810528e-08,0.0,0.025873558146411284,0.006481288986035535
p130_SCT,2.026678210180687e-295,2280.0379986460134,1.2930603082475128e-07,0.0,0.0,0.08380083997139466,0.020950242319356372
p130_PKA,0.0,2651.4911576706763,1.2930603082475128e-07,0.0,0.0,0.08380083997139466,0.020950242319356372
p130_PKB,2.359348085575963e-281,2113.0779532772617,1.2930603082475128e-07,0.0,0.0,0.08380083997139466,0.020950242319356372
p131_H3,1.0,0.0,0.0,0.0,0.0,0.0,0.0
p131_P2,9.838876228179516e-06,19.687491068354134,4.2159164874070364e-05,0.0,0.0,0.009488597778537295,0.0023826892358528415
p131_SCT,1.0,0.0,0.0,0.0,0.0,0.0,0.0
p131_PKA,1.0244371110689327e-05,19.609226272202775,3.771735372372663e-05,0.0,0.0,0.00451301354222291,0.0011376827239866594
p131_PKB,0.35865701146404794,0.8431485790292238,0.0,0.0,0.0,0.0,0.0
p132_H3,9.191821549958823e-80,407.9867544969844,1.0627132715865987e-05,0.0,8.931011538407286e-05,0.003187062915115288,0.0008217500408038067
p132_P2,4.5917013247447255e-76,386.1471250214006,1.0627132715865987e-05,0.0,8.931011538407286e-05,0.003187062915115288,0.0008217500408038067
p132_SCT,9.191821549934527e-80,407.9867544969911,1.0627132715865987e-05,0.0,8.931011538407286e-05,0.003187062915115288,0.0008217500408038067
p132_PKA,3.645131356782187e-79,404.4354836520049,1.0627132715865987e-05,0.0,8.931011538407286e-05,0.003187062915115288,0.0008217500408038067
p132_PKB,9.806458625113087e-80,407.81974546072945,1.0627132715865987e-05,0.0,8.931011538407286e-05,0.003187062915115288,0.0008217500408038067
p133_H3,2.0953355619971466e-108,586.5466099259522,0.0,0.0,0.0,0.002402437669208895,0.0006006094173022237
p133_P2,0.278858939435462,1.1735588473212348,0.0,0.0,0.0,0.0,0.0
p133_SCT,3.474990962542075e-46,219.30301309308757,4.61875352472975e-06,0.0,6.789734347137784e-07,0.009710436409052881,0.002428933534003081
p133_PKA,0.0,4462.680499495747,2.878937357541767e-05,1.9255376e-06,0.0,0.04425064225160243,0.0110703392906988
p133_PKB,4.5226726565394344e-182,1131.991884921183,3.2811077801484725e-05,1.3939408e-06,0.0,0.03544206333970022,0.008869067089577012
p134_H3,0.5114987767243229,0.4312215598496501,0.0,0.0,0.0,0.0,0.0
p134_P2,0.34011067990791644,0.9106391919204124,0.0,0.0,0.0,0.0,0.0
p134_SCT,0.43549923004985147,0.6084645413979792,0.0,0.0,0.0,0.0,0.0
p134_PKA,0.9285043392509637,0.008053811712830568,0.0,0.0,0.0,0.0,0.0
p134_PKB,0.3978254493061977,0.7153301616123403,0.0,0.0,0.0,0.0,0.0
p135_H3,0.5003711650656746,0.4543865804287097,0.0,0.0,0.0,0.0,0.0
p135_P2,0.8738122111663837,0.025232476608110475,0.0,0.0,0.0,0.0,0.0
p135_SCT,0.18073673017981626,1.7933547903008165,0.0,0.0,0.0,0.0,0.0
p135_PKA,0.4807854710245907,0.4973487094110799,0.0,0.0,0.0,0.0,0.0
p135_PKB,0.33071239765130467,0.9467684483945393,0.0,0.0,0.0,0.0,0.0
p136_H3,0.0002460452922516004,13.512094769111098,2.6499371875314647e-07,6.2404706e-07,0.0,0.012467033881650684,0.0031169807306076435
p136_P2,5.710602251337153e-78,397.36395836762415,1.663815502925526e-05,0.0,0.0,0.004833171577280027,0.0012124524330773207
p136_SCT,0.6191939316198783,0.24711286879186142,0.0,0.0,0.0,0.0,0.0
p136_PKA,4.388674101400838e-80,409.8953771526683,4.4080104949923695e-06,0.0,0.0,0.006973166694622996,0.001744393676279497
p136_PKB,1.562091186403576e-72,365.5430420372521,9.039779461823444e-06,0.0,0.0,0.024104909467437197,0.006028487311724755
p137_H3,0.5435091130603493,0.3692563071860503,0.0,0.0,0.0,0.0,0.0
p137_P2,0.5620419534143797,0.3363425291748746,0.0,0.0,0.0,0.0,0.0
p137_SCT,1.3160906735446426e-07,28.133126305480406,2.8512411418969426e-06,1.705241e-06,0.0,0.029137048541724095,0.007285401255953387
p137_PKA,2.32745726244563e-26,117.59761019359769,9.116288983126746e-05,4.5204747e-06,0.0,0.0024147320872951604,0.0006276038629575807
p137_PKB,1.6342395362956746e-25,113.41155841131514,6.352327698741413e-05,2.8106547e-07,0.0,0.015928000831482984,0.003997951293484547
p138_H3,0.6771834384317215,0.17338683162715882,0.0,0.0,0.0,0.0,0.0
p138_P2,0.1211895920346275,2.404818978935533,0.0,0.0,0.0,0.0,0.0
p138_SCT,0.6771834384336209,0.17338683162474203,0.0,0.0,0.0,0.0,0.0
p138_PKA,0.8291307236525465,0.046594321861346315,0.0,0.0,0.0,0.0,0.0
p138_PKB,0.5771202082736233,0.3110599821244403,0.0,0.0,0.0,0.0,0.0
p139_H3,1.0,0.0,0.0,0.0,0.0,0.0,0.0
p139_P2,0.0,4008.665406180219,1.3997789937285519e-05,0.0,0.0,0.005444387645895318,0.001364596358958151
p139_SCT,1.0,0.0,0.0,0.0,0.0,0.0,0.0
p139_PKA,0.0,4008.665407393481,1.3997789937285519e-05,0.0,0.0,0.005444387645895318,0.001364596358958151
p139_PKB,0.0,4008.6654207665315,1.3997789937285519e-05,0.0,0.0,0.005444387645895318,0.001364596358958151
p141_H3,0.6602945292744691,0.1932488853912337,0.0,0.0,0.0,0.0,0.0
p141_P2,0.5798166043694464,0.30667523059304586,0.0,0.0,0.0,0.0,0.0
p141_SCT,0.27226455464872124,1.2062579905256607,0.0,0.0,0.0,0.0,0.0
p141_PKA,0.26041763986205596,1.2675679242741393,0.0,0.0,0.0,0.0,0.0
p141_PKB,0.49011449606325574,0.4765277313231254,0.0,0.0,0.0,0.0,0.0
p142_H3,0.05870856135331015,3.579378676146706,0.0,0.0,0.0,0.004678053961102397,0.0011695134902755993
p142_P2,0.058708561389282744,3.57937867512612,0.0,0.0,0.0,0.004678053961102397,0.0011695134902755993
p142_SCT,0.058708561352485034,3.5793786761701254,0.0,0.0,0.0,0.004678053961102397,0.0011695134902755993
p142_PKA,0.058708560932115614,3.5793786880966194,0.0,0.0,0.0,0.004678053961102397,0.0011695134902755993
p142_PKB,0.05870856137478654,3.5793786755373556,0.0,0.0,0.0,0.004678053961102397,0.0011695134902755993
p143_H3,0.8609481732028987,0.030694955017436742,0.0,0.0,0.0,0.0,0.0
p143_P2,2.6775620347978733e-08,31.285922174852747,1.2485501304460198e-05,8.2492477e-07,0.0,0.013343250494789766,0.0033391402302156803
p143_SCT,3.429259856911045e-13,53.985788014581395,2.5468650081083004e-05,0.0,0.0,0.044538077586992075,0.011140886559268289
p143_PKA,1.0608864695539403e-11,47.00602458149306,4.5901089364819404e-05,4.5757524e-08,0.0,0.05850362871770567,0.01463739389114862
p143_PKB,0.271491745867222,1.2101551096373353,0.0,0.0,0.0,0.0,0.0
p144_H3,1.240498396456485e-28,128.90378310841754,7.86410399424648e-07,9.263435e-08,0.0,0.03607468619469534,0.009018891309861627
p144_P2,2.589382669265825e-29,132.3057096718604,9.641396328147526e-06,0.0,0.0,0.019864032636883914,0.004968418508303016
p144_SCT,2.7536582065528663e-27,122.19672645019835,2.1390832568502818e-05,7.2335204e-08,0.0,0.056496313191012795,0.014129444089696448
p144_PKA,4.728265544527137e-28,126.00486035185162,4.627977424971193e-06,0.0,0.0,0.014766606279630601,0.003692808564263893
p144_PKB,2.1377092262232703e-27,122.74331548908988,7.86410399424648e-07,9.263435e-08,0.0,0.03607468619469534,0.009018891309861627
p145_H3,1.2341404092652835e-08,32.825323525474275,1.83574256062929e-06,0.0,0.0,0.06663136880617897,0.0166583011371849
p145_P2,0.0011360845468492452,10.635765612284645,2.6495627881351624e-05,6.606734e-09,0.0,0.0028746532659841067,0.0007252888751498212
p145_SCT,6.907589510483908e-06,20.37368216700613,1.0595242594788754e-06,0.0,0.0,0.0726220866389843,0.018155786540810945
p145_PKA,8.900814824263114e-05,15.447286115950098,3.1425690734778685e-05,0.0,0.0,0.016665232142378476,0.004174164458278314
p145_PKB,7.771530279429531e-07,24.638092143497424,4.2429722977822e-05,2.3700304e-08,0.0,0.06343971729956825,0.015870542680712505
p146_H3,1.0,0.0,0.0,0.0,0.0,0.0,0.0
p146_P2,4.5993151238600436e-55,267.1389877850414,1.0139153171997122e-05,3.2754048e-07,0.0,0.006672809182495009,0.0016708189690358812
p146_SCT,1.2499710059829982e-40,190.09392739494535,4.5067669710039086e-06,0.0,0.0,0.002695385609166117,0.0006749730940342803
p146_PKA,3.977356659318903e-37,171.96338323403515,4.5067669710039086e-06,0.0,0.0,0.002695385609166117,0.0006749730940342803
p146_PKB,6.060245426884842e-41,191.73208025093598,4.5067669710039086e-06,0.0,0.0,0.002695385609166117,0.0006749730940342803
p147_H3,3.875580066730054e-09,35.134066331918426,5.0245318073000155e-06,0.0,0.0,0.04353968696461761,0.010886177874106227
p147_P2,1.6106114740191969e-18,79.32473099297495,0.00012706748059064795,4.2192124e-08,0.0,0.002530138214658275,0.0006643119718431239
p147_SCT,3.817791425727664e-10,39.77603918366951,2.53263748514895e-05,0.0,0.0,0.1388902576317663,0.03472889600165445
p147_PKA,0.12689845196727825,2.3328335950234393,0.0,0.0,0.0,0.0,0.0
p147_PKB,1.070128613913732e-06,24.011078676798153,0.00023449803646537296,8.963429e-05,0.0,0.06605677705307474,0.016595227344861734
p148_H3,0.6268458691492593,0.23646739827211327,0.0,0.0,0.0,0.0,0.0
p148_P2,0.6551742345504487,0.19952478201282003,0.0,0.0,0.0,0.0,0.0
p148_SCT,0.6144289668691462,0.25389007857434387,0.0,0.0,0.0,0.0,0.0
p148_PKA,0.7085930201528631,0.13974359035133996,0.0,0.0,0.0,0.0,0.0
p148_PKB,0.969510557863625,0.0014614590177503255,0.0,0.0,0.0,0.0,0.0
p149_H3,7.071312065888115e-06,20.328199276454143,2.5542661371897034e-05,5.0616923e-06,0.0,0.01682679012495681,0.004214348619648065
p149_P2,2.602781597432388e-08,31.34215554686594,8.687500110904566e-05,2.0295147e-06,8.755913964824774e-05,0.01832769076229232,0.004626038604434813
p149_SCT,2.2769423680048122e-92,484.4811955905694,3.0556998410148945e-05,9.265113e-06,0.0,0.022920873536152717,0.00574017391178245
p149_PKA,9.239923708672203e-16,66.13334736155592,0.00013904998234370646,3.2445128e-06,0.0,0.015120205600664634,0.003815625023940701
p149_PKB,9.170774951743244e-149,868.8239185730101,0.00010958965086001486,6.432754e-06,8.141735571647526e-05,0.00811321050819283,0.0020776625672328883
p150_H3,2.050811306874719e-85,441.88309426069463,1.4813127887998596e-05,1.42997e-06,0.0016728458079230397,0.02494966386969807,0.0066596881938733275
p150_P2,0.05446897075199662,3.704521839515267,5.434590233403648e-05,3.775042e-06,0.00010241092014252578,0.0210479623638921,0.005302123557075262
p150_SCT,0.0004440885895937287,12.396256104717454,0.00043789253931275185,2.7027043e-05,0.00010904285842812172,0.03057957955104516,0.0077883854979367536
p150_PKA,8.115466224428886e-53,254.89804325312988,7.31560680186324e-05,0.0,4.7784596230481174e-05,0.009224196393483952,0.0023362842644332666
p150_PKB,8.001300311108233e-134,759.8932946209419,9.03856316887591e-05,1.5727146e-07,0.0,0.025483389882734173,0.0063934831964702525
p151_H3,6.96782831473013e-13,52.53975719399198,4.084347634048958e-05,0.0,0.0,0.060541286548174124,0.015145532506128653
p151_P2,8.29071480807437e-10,38.21966977636516,0.00014313152350008834,9.6154545e-05,0.0,0.035470616946420536,0.008927475753663988
p151_SCT,1.6748734737650371e-25,113.35889039788661,1.15816444267109e-05,0.0,0.0,0.04183863233264858,0.010462553494268823
p151_PKA,3.67617999736893e-12,49.155948814698824,0.00031949299715288635,6.611171e-05,0.0,0.015342232077537897,0.00393195919574588
p151_PKB,2.8525546346483313e-06,22.09477305975556,4.450245228441708e-05,8.382877e-08,0.0,0.05400605171567955,0.013512659499184307
p152_H3,9.372151970500691e-97,511.85501786428415,1.024801699473744e-06,0.0,0.0,0.01518718777706744,0.003797053144691728
p152_P2,0.03359904543630993,4.5239553988742145,5.995635463713958e-07,0.0,0.0,0.0017386846584855936,0.00043482105550799127
p152_SCT,1.3781954103337625e-90,473.47213305887715,1.0719140691167143e-06,0.0,0.0,0.046931071373701616,0.011733035821942683
p152_PKA,1.8693346681814807e-89,466.5101140332249,2.4118144932343513e-05,0.0,0.0,0.020616941605402003,0.005160264937583587
p152_PKB,1.5419612338265254e-98,523.1038787467444,2.8966329528129786e-05,0.0,0.0,0.04386027662893733,0.010972310739616365
p153_H3,0.1227100725981419,2.385284248596025,0.0,0.0,0.0,0.0,0.0
p153_P2,0.4603448418921403,0.5453589143775688,0.0,0.0,0.0,0.0,0.0
p153_SCT,0.23828472626604333,1.391908899701349,0.0,0.0,0.0,0.0,0.0
p153_PKA,0.10901776861653885,2.571700187439238,0.0,0.0,0.0,0.0,0.0
p153_PKB,0.11017818793877295,2.5549243352115663,0.0,0.0,0.0,0.0,0.0
p154_H3,1.6760692184899223e-12,50.75245336934231,1.8781740216050444e-05,0.0,0.0,0.045542462543105636,0.011390311070830422
p154_P2,4.889470723751684e-12,48.57688337823367,6.022863602368858e-05,1.3311784e-06,5.769667936402427e-05,0.02879751592610413,0.0072291931049719505
p154_SCT,1.0045576944463054e-11,47.11657574611412,8.327389436501743e-05,3.6918618e-07,0.0,0.0006883835343044939,0.00019300665371289527
p154_PKA,2.0051986425921557e-13,55.08167199478505,0.00012674100424986208,1.0362614e-06,0.00010432801381329333,0.018932714390726604,0.004791204917556827
p154_PKB,4.1395212100008854e-10,39.61351056172778,0.00012191292574712788,4.149609e-07,0.0,0.013258677953085963,0.003345251459935348
p155_H3,0.00855532659404971,6.933082200398545,7.380434245116182e-07,1.6886165e-07,0.0,0.05249470363622285,0.013123902635323452
p155_P2,1.0635171075576633e-15,65.84300837095947,0.00037481943736107013,9.4338975e-07,0.0,0.04188574828806192,0.010565377778793327
p155_SCT,0.014419019243496426,6.001163036965077,5.941986262779929e-06,7.064874e-08,0.0,0.055990919493692656,0.013999233032173463
p155_PKA,0.0010100692790694552,10.855036376061019,6.227815819965912e-05,2.6539104e-07,0.0,0.0011451317814236293,0.0003019188326651087
p155_PKB,2.6934776803357595e-12,49.787869046439724,0.00014026761674277286,2.9888868e-06,0.0007954149049669218,0.05339709718610156,0.01358394214864356
p156_H3,0.600404510948831,0.274511962310208,0.0,0.0,0.0,0.0,0.0
p156_P2,2.7715645692640367e-307,2427.0355265554667,3.902253515711771e-05,0.0,0.0,0.02126073143545735,0.005324938492653616
p156_SCT,4.744144919556405e-259,1863.7809782054871,1.9340759901139592e-08,0.0,0.0,0.007204745982608952,0.0018011913308422132
p156_PKA,7.804271553427105e-12,47.62831918643587,6.633363510978906e-06,0.0,0.0,0.01090425466292236,0.0027277220066083347
p156_PKB,3.9824080414078837e-07,25.951174766952676,3.3030176066204564e-06,0.0,0.0,0.030823238357139255,0.007706635343686469
p157_H3,1.0,0.0,0.0,0.0,0.0,0.0,0.0
p157_P2,3.5392583285644136e-104,559.1080875468037,1.9983333628807816e-05,5.474297e-07,0.0,0.010800811939712099,0.0027053356757583986
p157_SCT,4.946022923641032e-07,25.525203339167163,0.0019811354493528823,0.0,0.0,0.047259896605521635,0.01231025801371863
p157_PKA,4.021061024042137e-16,67.85254695023305,0.0019811354493528823,0.0,0.0,0.047259896605521635,0.01231025801371863
p157_PKB,3.262198863985565e-09,35.47815318544254,0.0019811354493528823,0.0,0.0,0.047259896605521635,0.01231025801371863
p158_H3,0.0012260343996504971,10.493833268749302,1.976451781986743e-05,2.1388457e-08,0.0,0.005084832652024848,0.0012761546395754857
p158_P2,1.3584705684101443e-52,253.68406865742023,0.00022579149906870718,6.086723e-06,5.945214204734283e-05,0.010937876341185322,0.002807301676276787
p158_SCT,0.009700437362156127,6.707620842348749,4.518082148725299e-05,0.0,6.466937706214842e-05,0.01375572497684262,0.003466393793848005
p158_PKA,1.2239816025491603e-06,23.748036032289225,0.0003605374714623788,1.9916077e-05,0.0001758408869729356,0.06340523486576032,0.01599038232524407
p158_PKB,0.6765270996148156,0.17413504997008977,0.0,0.0,0.0,0.0,0.0
p159_H3,0.33313036795703355,0.937343103909443,0.0,0.0,0.0,0.0,0.0
p159_P2,3.459255526274621e-308,2438.471540544593,6.056468587639693e-05,2.0312523e-06,1.7179981148770234e-05,0.004091554437072124,0.0010428325890941394
p159_SCT,3.4688547117413325e-153,902.1147377695255,3.3849835649661306e-05,3.0436746e-07,0.0,0.07282477933361602,0.018214733384181673
p159_PKA,3.4641701681950145e-240,1666.8415680248806,8.897865095817507e-05,2.8802032e-07,0.0,0.021203800437645578,0.005323266777230171
p159_PKB,6.5439171469967655e-198,1267.7118003313751,4.893456096882523e-05,2.042435e-05,0.0,0.07262917184608114,0.018174632689190923
p160_H3,0.010566176509592988,6.554602679638193,3.3674144622199934e-06,1.4465496e-07,0.0,0.008257276425018343,0.0020651971236105874
p160_P2,1.1589067802791963e-98,523.8884955675525,5.959422054187015e-06,1.1439446e-06,0.0,0.0008402198720657903,0.00021183080967675843
p160_SCT,0.0016260111221978483,9.969183676161526,3.630190741436193e-06,4.6530292e-07,0.0,0.0045999070387030706,0.00115100063309062
p160_PKA,4.8999641154108316e-85,439.59432381046474,8.40040979426677e-06,0.0,0.0,0.0028834964649671183,0.0007229742186903462
p160_PKB,0.3512664747464235,0.8694606757240916,0.0,0.0,0.0,0.0,0.0
p161_H3,0.6933238278082001,0.15557527534506843,0.0,0.0,0.0,0.0,0.0
p161_P2,0.6933238278045875,0.15557527534875343,0.0,0.0,0.0,0.0,0.0
p161_SCT,0.6933238278071887,0.15557527534606128,0.0,0.0,0.0,0.0,0.0
p161_PKA,0.6933238277103684,0.15557527544964528,0.0,0.0,0.0,0.0,0.0
p161_PKB,0.6933238347733284,0.15557526789978918,0.0,0.0,0.0,0.0,0.0
p162_H3,3.3471113349690556e-49,235.39357471921318,9.972196018770536e-06,1.2466808e-05,0.0,0.025881573829366854,0.006476003208265177
p162_P2,0.21961631979754323,1.5082353138007962,0.0,0.0,0.0,0.0,0.0
p162_SCT,8.578741806509775e-11,42.781012945769575,3.4422299003234725e-05,9.473705e-07,0.0,0.021679197239013816,0.005428641727127998
p162_PKA,2.022012215202917e-22,98.22789536787582,0.00027038042926516136,8.9432837e-07,0.00034989377246194233,0.06320472413212942,0.015956473165555637
p162_PKB,7.807191996688473e-33,150.0405399118799,0.0002680809231606838,1.0574137e-05,0.00010460598480703339,0.10020642465379645,0.025147421424785356
p163_H3,8.756821898690599e-76,384.5025312583016,1.702148526247368e-06,0.0,0.0,0.027987127333068035,0.00699720737039857
p163_P2,8.21034206876211e-89,462.57052384578094,9.680213390429061e-06,9.369321e-07,0.0,0.006473526536667341,0.0016210359205420832
p163_SCT,4.740834641807499e-45,213.2914177147966,1.8043973902227764e-05,4.0737e-08,0.0,0.02301361838766719,0.005757925774642242
p163_PKA,6.1796513210151165e-61,299.5729212247406,3.220501812968535e-06,0.0,0.0,0.05443725029140442,0.013610117698304348
p163_PKB,6.954137766228326e-79,402.7728417211423,2.5779893312170907e-05,1.001624e-06,0.0,0.048347006106560876,0.01209344690597175
p164_H3,4.624922339932585e-50,240.009226768222,0.0004809869611946374,2.0139245e-05,0.0009080272943696988,0.111852471403716,0.028315406226058232
p164_P2,0.0,3813.9491497636527,9.46160991238787e-05,1.2617664e-05,0.00011925635009733038,0.009601893109420482,0.0024570958055959917
p164_SCT,2.651741293407302e-220,1472.1477807617186,8.991805966266893e-05,2.5496768e-06,0.007126049218020539,0.03537634982594065,0.010648716695097172
p164_PKA,1.3384133307608009e-45,216.19798189668506,4.9538037565228515e-05,0.0,0.0,0.01421126289556371,0.003565200233282235
p164_PKB,6.713015197268766e-07,24.925356460227956,0.00044186714448948844,1.0909042e-07,0.0003550833979077125,0.15162881000290385,0.03810646740893077
p165_H3,0.0031108626714027227,8.771963136507821,2.5991075891424478e-06,2.018591e-05,0.0,0.06561600318394833,0.016409697050211055
p165_P2,1.221700592448275e-53,259.3679244009439,0.0001639472323254999,1.6266782e-05,0.0,0.023133262697297045,0.005828369177915755
p165_SCT,0.05359131378034648,3.731719455222317,4.644756688099749e-05,3.170807e-06,0.0,0.033027752390279955,0.008269342691059353
p165_PKA,9.446178865188988e-10,37.95811409958103,0.0003712938091203777,9.8993376e-05,0.0,0.054448478052158356,0.013729691309323139
p165_PKB,0.8824096541659165,0.021886958735033612,0.0,0.0,0.0,0.0,0.0
p166_H3,0.00014433104508428373,14.525260946028098,3.1998284438405766e-05,1.6316036e-06,0.0,0.07291345337234077,0.01823677081509363
p166_P2,4.5032628300490615e-113,617.2925212185917,0.000323465264566212,2.597128e-06,0.0,0.04781572433089873,0.012035446680881055
p166_SCT,4.150678466241163e-242,1686.3441640196138,2.6040672977265702e-05,6.413688e-07,0.0,0.0030294792918030182,0.0007640403333914801
p166_PKA,2.195940963153162e-05,18.134997438897592,0.0001473206583527064,1.942135e-07,0.0,0.03014958425674245,0.007574274782148443
p166_PKB,0.46175654114783105,0.5419337555940917,0.0,0.0,0.0,0.0,0.0
p167_H3,1.4326725113730077e-104,561.641009423942,3.634442807323386e-07,0.0,0.0,0.009901975953140815,0.0024755848493553867
p167_P2,1.8311630432078353e-95,503.75591438225126,0.0006016216995976756,0.0,0.0,0.03910273393142144,0.009926088907754779
p167_SCT,4.057219543476176e-138,790.6559183876983,0.001752208141974727,0.0,0.0,0.014350000497430241,0.004025552159851242
p167_PKA,2.227934744866426e-07,27.09464449767295,5.272961774921902e-08,0.0,0.0,0.005060860017296951,0.001265228186728675
p167_PKB,4.1131692620642335e-09,35.015281132594744,5.485518953920281e-05,0.0,0.0,0.03318830644108046,0.008310790407654915
p168_H3,3.4979294088543286e-28,126.65730021501751,3.5419084261694946e-05,2.1923619e-05,0.0,0.010025503487845836,0.002520711547773829
p168_P2,4.367787573952083e-47,224.0905554781624,0.0003705146523040582,6.870246e-08,0.0,0.00959896727172919,0.0024923876566239084
p168_SCT,1.7457470719071563e-50,242.28623472646728,1.7140429251904107e-05,0.0,0.0,0.00029346683104563946,7.765181507438589e-05
p168_PKA,1.5318812678322832e-11,46.261922981813484,3.0423858543325446e-05,0.0,0.0,0.018921096365920972,0.004737880056116074
p168_PKB,9.649342799923263e-34,154.65014895327488,0.0001233213427014409,6.234543e-08,0.0,0.002800964448784626,0.0007310870342286107
p169_H3,3.122375075844315e-08,30.980906584524327,5.152387376555804e-06,0.0,0.0,0.013765798030776568,0.003442737604538281
p169_P2,5.633071076569573e-215,1422.1280040271515,0.0005119695961007325,1.5887968e-05,0.000798141804294441,0.055831140707764355,0.014289285019140441
p169_SCT,0.8625420173135797,0.029988281283630753,0.0,0.0,0.0,0.0,0.0
p169_PKA,0.6490209984127566,0.20722653637569097,0.0,0.0,0.0,0.0,0.0
p169_PKB,5.23110642311023e-27,120.81243445200087,0.0001297908965852881,4.755978e-07,0.0,0.04722234377615237,0.0118381525676347
p170_H3,1.0,0.0,0.0,0.0,0.0,0.0,0.0
p170_P2,0.0016749289206369816,9.91422569874541,7.317705351906184e-06,9.696763e-07,0.0,0.0011678024486014155,0.00029402245756514285
p170_SCT,0.003386026763303962,8.61649448840446,6.335404972439557e-06,2.1402911e-07,0.0,0.03420679927103056,0.008553337176279359
p170_PKA,0.629167995676258,0.23329410117567348,0.0,0.0,0.0,0.0,0.0
p170_PKB,0.28185690632316945,1.1590134906385003,0.0,0.0,0.0,0.0,0.0
p171_H3,0.6268458691492593,0.23646739827211327,0.0,0.0,0.0,0.0,0.0
p171_P2,0.6268458691546633,0.23646739826474428,0.0,0.0,0.0,0.0,0.0
p171_SCT,0.626845869143293,0.23646739828036928,0.0,0.0,0.0,0.0,0.0
p171_PKA,0.6268458687661591,0.23646739879786324,0.0,0.0,0.0,0.0,0.0
p171_PKB,0.6268458692123027,0.23646739818561324,0.0,0.0,0.0,0.0,0.0
p172_H3,1.2422779977578136e-06,23.71899055308205,4.5189637631496904e-07,9.911932e-07,0.0,0.01719525796663575,0.004299175264064664
p172_P2,0.0,3290.2412372835674,8.154299869310745e-06,1.2663155e-05,4.734558171005264e-05,0.016862840777532157,0.004232750953489947
p172_SCT,0.0,3666.024477114273,4.9643869149963615e-08,0.0,0.0,0.019700767639456274,0.004925204320831356
p172_PKA,0.0,2683.915273128139,5.142216183229246e-06,1.4807392e-06,0.0,0.07219091516301587,0.018049384529607027
p172_PKB,0.0,3616.9132666799446,3.91858768345037e-06,3.4659276e-08,0.0,0.010670518801838311,0.002668618012199525
p173_H3,0.0002830899764624706,13.246501470564791,3.850654819355603e-07,0.0,0.0,0.016563460360219544,0.0041409613564253695
p173_P2,2.1399312206044755e-16,69.15771243044739,0.000192104209320045,1.079697e-05,9.020073673042598e-06,0.0409831117390438,0.010298758247995636
p173_SCT,3.8764858197311844e-12,49.048203549917766,8.144755366481244e-05,1.723319e-07,9.558006634791263e-05,0.0505717305141126,0.012687232616504965
p173_PKA,8.744811726618579e-10,38.11276189523665,3.375976559683891e-05,0.0,0.00011257330641480009,0.058127066929204996,0.014568350000304158
p173_PKB,3.0511121191872194e-13,54.22430077110749,8.993112504875004e-05,0.0,0.0,0.01353265529478245,0.0034056466049578
p174_H3,1.0,0.0,0.0,0.0,0.0,0.0,0.0
p174_P2,0.6268458691486967,0.23646739827299224,0.0,0.0,0.0,0.0,0.0
p174_SCT,0.6268458691500474,0.23646739827098195,0.0,0.0,0.0,0.0,0.0
p174_PKA,0.626845869235156,0.23646739815426043,0.0,0.0,0.0,0.0,0.0
p174_PKB,0.6268458709708717,0.23646739577254533,0.0,0.0,0.0,0.0,0.0
p175_H3,0.7068433513408428,0.14150845455514074,0.0,0.0,0.0,0.0,0.0
p175_P2,0.7068433513420633,0.14150845455384928,0.0,0.0,0.0,0.0,0.0
p175_SCT,0.7068433513411477,0.14150845455476613,0.0,0.0,0.0,0.0,0.0
p175_PKA,0.7068433513280254,0.14150845456812491,0.0,0.0,0.0,0.0,0.0
p175_PKB,0.7068433522517876,0.14150845363296832,0.0,0.0,0.0,0.0,0.0
p176_H3,0.5766255233453427,0.3118688460277808,0.0,0.0,0.0,0.0,0.0
p176_P2,0.576625523350252,0.3118688460198212,0.0,0.0,0.0,0.0,0.0
p176_SCT,0.5766255233477031,0.3118688460239632,0.0,0.0,0.0,0.0,0.0
p176_PKA,0.5766255237710353,0.31186884533119624,0.0,0.0,0.0,0.0,0.0
p176_PKB,0.5766255235279308,0.3118688457291176,0.0,0.0,0.0,0.0,0.0
p178_H3,2.485145228170498e-90,471.895656298841,0.000365742789365731,2.4650832e-05,0.0006553153901931049,0.13912928682928463,0.03504374896011574
p178_P2,2.48514518802252e-90,471.8956563420214,0.000365742789365731,2.4650832e-05,0.0006553153901931049,0.13912928682928463,0.03504374896011574
p178_SCT,1.0,0.0,0.0,0.0,0.0,0.0,0.0
p178_PKA,2.4851452292496146e-90,471.8956562976803,0.000365742789365731,2.4650832e-05,0.0006553153901931049,0.13912928682928463,0.03504374896011574
p178_PKB,2.4851577119167552e-90,471.89564287214154,0.000365742789365731,2.4650832e-05,0.0006553153901931049,0.13912928682928463,0.03504374896011574
p179_H3,1.6860564555975841e-109,593.7124626388278,0.0,0.0,0.0,0.002402437669208895,0.0006006094173022237
p179_P2,3.47427965344913e-112,611.4109337745399,0.0,0.0,0.0,0.002402437669208895,0.0006006094173022237
p179_SCT,1.6860564556087975e-109,593.7124626388089,0.0,0.0,0.0,0.002402437669208895,0.0006006094173022237
p179_PKA,2.8009500377370266e-113,618.6619184690527,0.0,0.0,0.0,0.002402437669208895,0.0006006094173022237
p179_PKB,4.508524034380357e-53,256.28428520450285,1.2902360789104533e-05,0.00078599766,0.0,0.030150620506079272,0.007737380132041164
p180_H3,1.0,0.0,0.0,0.0,0.0,0.0,0.0
p180_P2,0.6969367379200583,0.15174101025008374,0.0,0.0,0.0,0.0,0.0
p180_SCT,0.6268458691504978,0.23646739827045063,0.0,0.0,0.0,0.0,0.0
p180_PKA,0.9428290389174286,0.005144842010646173,0.0,0.0,0.0,0.0,0.0
p180_PKB,0.933615063881678,0.006940969446377855,0.0,0.0,0.0,0.0,0.0
p181_H3,8.879569099290202e-05,15.451853143655992,0.0004884886449244859,9.603154e-06,0.0,0.08997286225341787,0.02261773851297501
p181_P2,7.816244034071643e-82,420.3304795339764,0.006760782769123124,5.58116e-06,4.0787391130757185e-05,0.03451791222472171,0.010331265886285626
p181_SCT,4.44724454367446e-06,21.229657340809926,0.0005843285755403846,3.2778223e-06,0.0,0.10142408910155956,0.025502923874853936
p181_PKA,3.214386263800861e-96,508.49255040337147,0.20186562476354364,0.0040581347,0.15331490624914748,0.2771734377037494,0.15910302586463043
p181_PKB,3.907733917953058e-106,571.761473627485,0.00037986774121371447,4.2659117e-06,8.330246728168124e-05,0.2263034135334109,0.05669271241339766
p182_H3,0.7312574776512667,0.11800757405484547,0.0,0.0,0.0,0.0,0.0
p182_P2,0.731257477652112,0.11800757405427109,0.0,0.0,0.0,0.0,0.0
p182_SCT,0.7312574776485619,0.11800757405741992,0.0,0.0,0.0,0.0,0.0
p182_PKA,0.7312574786396027,0.11800757315206307,0.0,0.0,0.0,0.0,0.0
p182_PKB,0.731257479124134,0.11800757270933397,0.0,0.0,0.0,0.0,0.0
p183_H3,0.6177240406141808,0.24919127490705356,0.0,0.0,0.0,0.0,0.0
p183_P2,5.866124282090679e-43,202.26823558009636,0.00010931107215409577,0.00047883205,0.00017381786084095095,0.016240314298219264,0.004250568820593065
p183_SCT,0.2212255064145622,1.4977476297323102,0.0,0.0,0.0,0.0,0.0
p183_PKA,5.171644271936147e-38,176.52862192386507,0.0001527229149646689,0.00015228229,0.0008630343869206554,0.06357518536375692,0.016185806237873884
p183_PKB,4.3236214995611487e-48,229.44673769773104,6.0012352820980996e-05,0.0,0.00013992135794791834,0.04695273292690326,0.01178816665941804
p184_H3,1.8706776749222483e-64,319.31990145287654,0.008701925556111724,0.0,0.0,0.04996513435389379,0.014666764977501379
p184_P2,1.4352101538989892e-73,371.56646315437126,2.2788792593875923e-05,0.004238211,0.0,0.0002330203495925736,0.0011235050565859194
p184_SCT,2.407979511471614e-86,447.524162515583,0.03366774267330402,3.7745718e-07,0.0887081594154249,0.14697511241027797,0.06733784798904766
p184_PKA,3.108757481983416e-08,30.989579102274345,0.005334753796103202,0.0,0.0,0.00046381806505009927,0.0014496429652883253
p184_PKB,7.857795322356516e-97,512.3363190923516,0.005356755547882092,0.0,0.0,0.012425587923140524,0.004445585867755654
p185_H3,4.0731149729909974e-91,476.7358850560006,3.5839394408903752e-06,0.0,0.0,0.015551057849281298,0.0038886604471805473
p185_P2,1.0034303252602716e-39,185.39065874381745,1.5129028964711537e-06,4.159529e-07,4.956334215788161e-07,0.002949894700105026,0.0007380797973335753
p185_SCT,2.135314322145909e-88,460.0304393465852,9.881275436417339e-06,0.0,0.0,0.0022366725217950797,0.0005616384493078743
p185_PKA,1.457625769265968e-39,184.54908293120434,4.2313185928063764e-05,2.5697327e-06,2.0462022337393702e-08,0.017419238913739536,0.004366035573601139
p185_PKB,1.7545115004665307e-91,478.99429217727015,9.881275436417339e-06,0.0,0.0,0.0022366725217950797,0.0005616384493078743
p186_H3,0.21910755375472737,1.5115702643745201,0.0,0.0,0.0,0.0,0.0
p186_P2,0.7301471419586267,0.11902443727101507,0.0,0.0,0.0,0.0,0.0
p186_SCT,0.09004803371726282,2.8775196160482306,0.0,0.0,0.0,0.0,0.0
p186_PKA,0.21384837584758484,1.5465949029748998,0.0,0.0,0.0,0.0,0.0
p186_PKB,0.17963703412761145,1.8024384019387079,0.0,0.0,0.0,0.0,0.0
p187_H3,1.0,0.0,0.0,0.0,0.0,0.0,0.0
p187_P2,0.5289512051951046,0.3966050499614463,0.0,0.0,0.0,0.0,0.0
p187_SCT,0.5289512051950245,0.3966050499616258,0.0,0.0,0.0,0.0,0.0
p187_PKA,0.5289512052056179,0.3966050499411851,0.0,0.0,0.0,0.0,0.0
p187_PKB,0.5289512051191845,0.3966050501075742,0.0,0.0,0.0,0.0,0.0
p188_H3,0.29448369705637345,1.0998386390216766,0.0,0.0,0.0,0.0,0.0
p188_P2,0.2539916318258211,1.3022907921935984,0.0,0.0,0.0,0.0,0.0
p188_SCT,0.5508943885492075,0.3558907461218978,0.0,0.0,0.0,0.0,0.0
p188_PKA,0.29575386381308627,1.0940656702531437,0.0,0.0,0.0,0.0,0.0
p188_PKB,0.6239928422752044,0.2404025615826492,0.0,0.0,0.0,0.0,0.0
p189_H3,0.6268458691492593,0.23646739827211327,0.0,0.0,0.0,0.0,0.0
p189_P2,1.3885746887635246e-19,84.45401388400636,2.1444140274108684e-05,1.0419474e-06,0.0,0.0009399211310321083,0.0002406018046693167
p189_SCT,1.6753032017238852e-29,133.25266961238424,1.1033597831064776e-07,0.0,0.0,0.03776841529728774,0.009442131408316514
p189_PKA,1.6905794994012767e-29,133.23292206649978,1.1033597831064776e-07,0.0,0.0,0.03776841529728774,0.009442131408316514
p189_PKB,1.0065329040912524e-29,134.3614977741814,1.1033597831064776e-07,0.0,0.0,0.03776841529728774,0.009442131408316514
p191_H3,9.50098693432947e-109,588.7928934812776,0.0,0.0,0.0,0.002402437669208895,0.0006006094173022237
p191_P2,0.0,3999.6330597615256,0.07786881388472516,0.0,0.07476193909764794,0.03237913885926421,0.04625247296040933
p191_SCT,3.3922273314624074e-108,585.1795586216631,0.0,0.0,0.0,0.002402437669208895,0.0006006094173022237
p191_PKA,0.0,2931.4397005482874,0.15773997147672186,0.0,0.26072925109384537,0.03564712713780592,0.11352908742709329
p191_PKB,0.05452172831882831,3.702901780928671,1.3494834123253742e-08,0.0,0.0,0.020849708222333722,0.005212430429291961
p192_H3,3.3921947714769773e-107,578.6590183731903,0.0,0.0,0.0,0.002402437669208895,0.0006006094173022237
p192_P2,1.353423278126379e-39,184.7162222439619,4.2064192352103694e-07,0.0,0.0,0.006872714763227184,0.0017182838512876763
p192_SCT,0.24714885593098918,1.3404756771867328,0.0,0.0,0.0,0.0,0.0
p192_PKA,1.1420533393946758e-108,588.2700279856446,0.0,0.0,0.0,0.002402437669208895,0.0006006094173022237
p192_PKB,1.976672959624825e-27,122.91243298641565,0.0,0.0,0.0,0.011181136908195327,0.002795284227048832
p193_H3,0.04983073149020701,3.8538570825545593,4.0100594869112513e-07,0.0,0.0,0.013502902322777342,0.0033758258321815084
p193_P2,1.7516286491741627e-101,541.8201309423885,1.90397911286361e-05,0.0,0.0,0.003236830620592441,0.0008139676029302693
p193_SCT,0.00836407314396469,6.973735998186931,1.1660543001993274e-05,0.0,0.0,0.01144164631624198,0.002863326714810993
p193_PKA,2.836060350366554e-99,527.7606954610477,0.0,0.0,0.0,0.005776739737871891,0.0014441849344679727
p193_PKB,1.2408911025882457e-33,154.0948178809891,7.17631641211678e-06,0.0,0.0,0.0017184181019184205,0.00043139860458263433
p194_H3,0.5906428035918878,0.28947566683074283,0.0,0.0,0.0,0.0,0.0
p194_P2,8.282261138028348e-38,175.47352071475606,0.00016164720398093092,3.1476313e-06,5.062830350109493e-05,0.029880325310780775,0.007523937112398817
p194_SCT,1.3933664901179e-79,406.9136793727371,3.144284988398094e-05,3.5441477e-05,0.0,0.01138497994309098,0.0028629660674784935
p194_PKA,0.5394846242091911,0.37668213444866805,0.0,0.0,0.0,0.0,0.0
p194_PKB,4.134420708280622e-05,16.916737005868487,4.538073272330448e-05,1.2823474e-06,0.0,0.02241600438707361,0.00561566686679874
p195_H3,1.2256426341464709e-55,270.28320606054115,8.344143152437346e-05,1.6980499e-06,2.18215664669999e-06,0.0050643273954911455,0.0012879122583940577
p195_P2,4.5498875587246445e-48,229.3284064384158,1.3435960818396466e-05,8.024813e-06,0.0,0.02426747252523661,0.006072233324717315
p195_SCT,1.55462101597819e-24,108.58940816617486,1.6034789774382888e-05,1.3905264e-06,0.0,0.030574241224872782,0.007647916635274176
p195_PKA,2.4595889704574015e-20,88.08928785411469,0.00018449669843553941,2.2103936e-06,0.0,0.0176449882429935,0.004457923833765181
p195_PKB,3.323965812355436e-33,151.9213963709496,0.00011991034320560353,2.3536197e-06,0.0,0.025012824927944034,0.006283772222717522
p196_H3,2.0930330543811687e-23,103.04529382291894,4.503705349512852e-06,6.3875106e-08,0.0,0.011984862187884138,0.002997357442084936
p196_P2,0.13804020590046262,2.2022030206332137,0.0,0.0,0.0,0.0,0.0
p196_SCT,6.159234995964137e-54,260.9877105213161,5.149565749748147e-06,0.0,7.829667409483344e-06,0.007723360457802973,0.001934084922740551
p196_PKA,2.8762506228026068e-09,35.72971995324228,1.5255796984806972e-05,5.1465383e-07,0.0,0.019836092388157003,0.004962965709744006
p196_PKB,3.3205435278928882e-53,257.0060390127074,2.343798230596915e-05,2.5308252e-06,1.6193446819974397e-05,0.026065441365257295,0.0065269009048991595
p197_H3,1.2910905152193053e-68,342.9727450452025,3.269958127130487e-06,9.126872e-07,0.0,0.022241487047284788,0.005561417423152656
p197_P2,9.629005392936696e-24,104.6984875827943,1.8286362679597719e-06,0.0,0.0,0.056845581919142116,0.014211852638852518
p197_SCT,3.605679736003831e-81,416.3624902096742,7.357387019359196e-06,0.0,0.0,0.03214883594795535,0.008039048333743677
p197_PKA,0.0029225196350790134,8.886668233070738,3.449587301249493e-05,1.12456384e-07,0.0,0.014354186514568223,0.0035971987109911195
p197_PKB,4.649060227223575e-114,623.8495306674448,5.477107941108441e-06,0.0,0.0,0.06072227622499205,0.01518193833323329
p198_H3,3.240040057411465e-57,278.95249253490175,0.00031082380825471777,0.00012414722,0.001551845104638256,0.020714661345656603,0.005675369369649658
p198_P2,2.851287903659486e-136,777.3743032359516,0.00018275898811693524,1.4416147e-05,0.0,0.03795353054884495,0.009537676420932666
p198_SCT,1.6392321581101452e-164,989.6341836425611,1.7395145556845432e-06,0.0,0.0,0.049752253998551606,0.012438498378276822
p198_PKA,7.08033089161777e-39,180.99194686392485,0.0006669843078519134,1.2419105e-06,0.0,0.00908555027358909,0.0024384441229772
p198_PKB,3.1218202210064866e-136,777.0920761696628,4.6615049364589415e-05,5.801177e-07,0.0,0.022681468281485134,0.00568216586214445
p199_H3,3.6157984925830805e-13,53.87767788966614,3.32678173145743e-05,0.0,0.0,0.017329159508767303,0.004340606831520469
p199_P2,1.2576955465423977e-167,1014.288086562131,0.00026163085201289616,3.5116628e-07,7.862076311605754e-06,0.01865802385621411,0.004731966987704222
p199_SCT,6.609532130378938e-69,344.638036923542,8.759007966711584e-06,0.0,5.1160716279556716e-05,0.04451124704451373,0.011142791692189999
p199_PKA,0.0011994591332622157,10.534638163551262,6.091992744398195e-05,0.0,0.0,0.025341196120008586,0.006350529011863142
p199_PKB,1.0257694891128406e-34,159.6083072766034,0.0003064337470367164,6.0174494e-05,0.0,0.023821239264094646,0.006046961876317279
p200_H3,2.1515932170928505e-88,460.01027011840074,3.2146041757464814e-06,0.0,0.0,0.0014007189069484272,0.0003509833777810434
p200_P2,0.0,3677.1963280945765,0.030119090147564438,0.012093297,0.07979230689265077,0.01503929726874699,0.03426099787870689
p200_SCT,1.9828319567501393e-41,194.263586079052,8.515892308609773e-07,0.0,0.0,0.08045437606560908,0.020113806913709984
p200_PKA,0.24605811941804748,1.3466821089160463,0.0,0.0,0.0,0.0,0.0
p200_PKB,0.013387374695813,6.132864624440284,0.029058093429232573,0.0,0.0,0.04647468391066349,0.018883194334974016
p201_H3,0.0031413272465265303,8.754075680335303,1.7202520650650444e-05,4.485764e-06,0.0,0.01712412667967333,0.004286453741040646
p201_P2,5.690996637777173e-90,469.68236838003327,5.2615311032862414e-06,0.0,0.0,0.01385749074677016,0.0034656880694683614
p201_SCT,4.8301290133142176e-68,339.6959827990591,5.417054710645669e-06,1.216003e-07,0.0,0.0481520716300392,0.012039402571261031
p201_PKA,0.0029357199072878957,8.878387189927217,4.386298380181244e-05,2.4278216e-07,0.0,0.002445164601234878,0.0006223175918002102
p201_PKB,1.77945764198112e-78,400.35722815712273,1.0050089522205336e-05,0.0,0.0,0.019872529549023098,0.004970644909636326
p202_H3,1.1239757933574674e-236,1631.5231643543168,1.833186683242039e-05,3.976215e-08,0.0,0.010750535636270245,0.0026922268163129485
p202_P2,2.5628496488212316e-274,2032.4363900845683,2.501524723194907e-05,1.3163922e-06,0.0,0.006743566830679178,0.001692474617520821
p202_SCT,1.0895511510055266e-244,1712.735527887232,1.1677577461137906e-05,0.0,0.0,0.020346399956581607,0.0050895193835106866
p202_PKA,1.820867809392397e-14,59.995565519954575,2.1474304425751976e-05,1.8218175e-08,0.0,0.01101533670333642,0.002759207306484396
p202_PKB,5.684987651314658e-05,16.305447339270845,1.0083899790731447e-05,1.6695047e-06,0.0002095336617950569,0.03237066879722505,0.008147988965887878
p203_H3,3.034991323606433e-29,131.960534959921,0.00017924826466640345,6.1983585e-05,0.00034515459036125237,0.005627913340005116,0.0015535749449084345
p203_P2,3.034991321270393e-29,131.96053496159405,0.00017924826466640345,6.1983585e-05,0.00034515459036125237,0.005627913340005116,0.0015535749449084345
p203_SCT,1.0,0.0,0.0,0.0,0.0,0.0,0.0
p203_PKA,3.034991323598929e-29,131.96053495992658,0.00017924826466640345,6.1983585e-05,0.00034515459036125237,0.005627913340005116,0.0015535749449084345
p203_PKB,3.0349921329724336e-29,131.96053438028892,0.00017924826466640345,6.1983585e-05,0.00034515459036125237,0.005627913340005116,0.0015535749449084345
p204_H3,0.0,3187.95688045428,1.9034765593422705e-07,1.3841193e-08,0.0,0.035287017445374776,0.008821805408555948
p204_P2,2.9914020064784565e-235,1617.3048241262425,2.8387516443774167e-05,8.139355e-07,0.0,0.023428164972534662,0.005864341606123245
p204_SCT,0.0,2825.382868006096,1.9034765593422705e-07,1.3841193e-08,0.0,0.035287017445374776,0.008821805408555948
p204_PKA,2.9064001919821435e-267,1953.4452114570242,1.0227980937016014e-06,8.7602524e-07,0.0,0.0017210138616577187,0.00043072817124783114
p204_PKB,1.3766795565270465e-67,337.0992197725093,0.001983474125833238,2.9151915e-06,0.0,0.011768483414170047,0.003438718182886862
p205_H3,0.0,3163.2678086464716,2.1978478893953525e-06,0.0,0.0,0.014556751962751776,0.0036397374526602926
p205_P2,0.0,3519.5464540420744,5.795923329661883e-05,4.2650754e-06,0.002374914681131262,0.005123606391290009,0.0018901863452804636
p205_SCT,4.2757402660719944e-184,1148.9431733895701,5.026229571784349e-06,1.1154025e-06,0.0,0.016028352207984056,0.004008623460009776
p205_PKA,1.265122733411907e-230,1571.6087269380887,2.5448109053443167e-05,1.3264403e-06,4.454108079227359e-05,0.014242732668689178,0.0035785120747011292
p205_PKB,2.4606948933385732e-111,605.7917978978655,1.1723839951132185e-05,0.0,0.0,0.07197682132303741,0.017997136290747135
p206_H3,1.4892000710931633e-66,331.2103912786947,1.4375494112565586e-06,0.0,0.0,0.015689060243406393,0.003922624448204412
p206_P2,4.296957666280248e-87,452.07564677012965,5.8650942738129855e-06,0.0,0.0,0.0061832113855992245,0.0015472691199682593
p206_SCT,1.5598360820385577e-101,542.1418389593621,9.926862964998398e-06,0.0,0.0,0.0049072612114627835,0.0012292970186069455
p206_PKA,0.0,6546.420859779789,0.05235884810977171,0.0,0.0807100207220761,0.017215012619264926,0.037570970362778185
p206_PKB,3.784417182334648e-84,434.2338256139649,2.733460605715668e-05,0.0,0.0,0.013037872640353033,0.0032663018116025474
p207_H3,0.6268458691498224,0.23646739827120616,0.0,0.0,0.0,0.0,0.0
p207_P2,8.460477345570953e-57,276.6576607789669,0.00011067358229332933,0.0,0.0,0.08385930245775998,0.020992494010013327
p207_SCT,0.23047978835839422,1.4391589128425686,0.0,0.0,0.0,0.0,0.0
p207_PKA,1.014443426195438e-52,254.37208236370594,7.895892009992335e-05,5.2155814e-05,3.5263324742085264e-05,0.03140606508050708,0.00789311078484884
p207_PKB,2.5142732650907683e-57,279.5593672458838,0.00011067358229332933,0.0,0.0,0.08385930245775998,0.020992494010013327
p208_H3,0.008934083139905557,6.855250369300696,0.0,0.0,0.0,0.0018593772153037925,0.00046484430382594813
p208_P2,1.094323988097501e-49,237.9990650040297,4.532323620697344e-06,9.2988594e-05,0.0,0.002306447954999277,0.0006009922180746075
p208_SCT,2.2181535425131565e-64,318.9022799369282,4.982544660440105e-06,0.0,0.0,0.03433271366916083,0.008584424053455319
p208_PKA,8.88145439986445e-59,287.58076431510295,1.1187802102868197e-06,0.0,0.0,0.013679634120563382,0.003420188225193417
p208_PKB,0.003931621628841289,8.343037366272519,3.629659915346452e-06,0.0,0.0,0.0010994492905193473,0.00027576973760867345
p209_H3,0.004104593490957194,8.264368720520793,4.567419016402519e-06,1.5250254e-06,0.0,0.05236468886599294,0.013092695327594387
p209_P2,2.153131313518122e-33,152.8788242515406,0.00018701280279642349,9.652504e-07,1.2874654286112098e-06,0.05690348688569915,0.014273188101072289
p209_SCT,1.5404402902374167e-05,18.819700252437176,6.127186393354949e-05,0.0,0.0,0.03894542521137765,0.0097516742688278
p209_PKA,0.25718376882495375,1.2849081272898322,0.0,0.0,0.0,0.0,0.0
p209_PKB,0.00020383228284936175,13.86906286395897,6.450266394199753e-05,4.0690825e-06,0.0,0.024320369897889924,0.006097235411077721
p210_H3,2.0967038735478493e-62,307.79037361464617,0.008701925556111724,0.0,0.0,0.04996513435389379,0.014666764977501379
p210_P2,5e-324,2646.032838652108,0.00287753603603865,2.9771402e-06,0.0,0.007645059516348843,0.0026313931731429124
p210_SCT,5.946122630908668e-71,356.40078412619664,5.506774482669965e-06,5.113835e-07,0.0,0.06252430588319062,0.015632581010297984
p210_PKA,1.240196514845855e-140,808.8723715053467,0.0001339879162655782,1.3913971e-06,0.0,0.05793001874794316,0.01451634951531802
p210_PKB,5.926737881042171e-30,135.51508361851532,0.00014875249458695116,0.0,0.0,0.05004286277168857,0.01254790381656888
p211_H3,2.312477683151833e-56,274.2570692213555,4.565761147005116e-06,4.2444583e-07,8.482008483129526e-06,0.011133725496594402,0.0027867994280135326
p211_P2,2.0752633436770257e-55,269.0303859566601,1.0105279240173006e-05,1.87694e-07,0.0,0.0027736607817752477,0.0006959884387536076
p211_SCT,3.0852236409861557e-57,279.06964101593354,4.565761147005116e-06,4.2444583e-07,8.482008483129526e-06,0.011133725496594402,0.0027867994280135326
p211_PKA,2.658898460377036e-47,225.2385189289301,1.2195990965457353e-05,0.0,0.0,0.00674505873951171,0.0016893136826192918
p211_PKB,1.1618847112265778e-56,275.8999213450882,4.565761147005116e-06,4.2444583e-07,8.482008483129526e-06,0.011133725496594402,0.0027867994280135326
p212_H3,0.0429041510932697,4.106698357544514,4.77926133895008e-05,2.3311654e-06,0.0,0.03427012895965601,0.008580063184619662
p212_P2,9.469730853676802e-108,582.2696683725438,0.0,0.0,0.0,0.002402437669208895,0.0006006094173022237
p212_SCT,3.834896622617906e-93,489.28091380252476,0.0,0.0,0.0,0.01931079525648635,0.004827698814121588
p212_PKA,2.1162506843580797e-49,236.46151145060202,3.1418223959507747e-06,0.0,0.0,0.03756973558961061,0.00939321935300164
p212_PKB,7.313419955845457e-108,583.0016555873361,0.0,0.0,0.0,0.002402437669208895,0.0006006094173022237
p213_H3,2.236421364775658e-06,22.569602082310375,1.5140326022327166e-05,6.849289e-06,0.0,0.051375273124201926,0.012849315684829369
p213_P2,7.765769024622272e-06,20.146365627247548,0.00020317787636148804,4.0779114e-06,3.805245587062751e-05,0.06391963420278653,0.016041235611604355
p213_SCT,0.007157846899775194,7.254375879098572,9.652705360594753e-05,2.4193587e-06,0.0,0.011883809476694105,0.002995688972244917
p213_PKA,2.0735208167191024e-29,132.7888069366699,8.425542561278074e-05,9.797448e-07,1.0471615411295812e-05,0.011454277798070579,0.0028874961459623284
p213_PKB,1.042525311986788e-14,61.14115341146647,7.548003455511391e-05,3.6964796e-06,0.0,0.04390816071551161,0.010996834307404849
p214_H3,4.7009451579494296e-12,48.656694812534326,1.9355770542747623e-05,2.020042e-05,0.0,0.05143284368157796,0.012868099967876481
p214_P2,3.212412636006887e-17,73.09052806867638,5.8443355865361894e-05,2.5964166e-06,0.0,0.014861658741599676,0.0037306746285180213
p214_SCT,0.0033950090236745767,8.611638797913013,2.2685847081261394e-05,2.0614125e-06,0.00016384769360277524,0.033708966780087814,0.008474390433314917
p214_PKA,0.0012728279117737436,10.42411606068752,0.0004057165024804198,1.5945908e-07,6.066001763664517e-06,0.07749452447464611,0.019476616609491813
p214_PKB,5.209041100308617e-09,34.543916103196096,0.0002705199451982919,1.4781168e-06,0.0,0.030181235155963024,0.00761330830449401
p215_H3,1.0,0.0,0.0,0.0,0.0,0.0,0.0
p215_P2,0.6435826261122108,0.21418060405743572,0.0,0.0,0.0,0.0,0.0
p215_SCT,1.0,0.0,0.0,0.0,0.0,0.0,0.0
p215_PKA,0.6435826260820684,0.21418060409622897,0.0,0.0,0.0,0.0,0.0
p215_PKB,0.6435826261522809,0.21418060400570282,0.0,0.0,0.0,0.0,0.0
p216_H3,1.0,0.0,0.0,0.0,0.0,0.0,0.0
p216_P2,5.594332906795273e-11,43.64353847134493,2.470994746374186e-05,1.2251804e-06,0.0,0.004990866639124353,0.001254200441753635
p216_SCT,1.0682417663904049e-05,19.528104089480273,1.0888190280826604e-05,0.0,0.0,0.010827996820882403,0.0027097212527908074
p216_PKA,0.0008774120415392581,11.118057632247584,1.2947514390964507e-05,0.0,0.0,0.004650884636033633,0.0011659580376061495
p216_PKB,0.012581090582387724,6.243288922249244,0.00011146798572899044,0.0,0.0,0.004829333680771468,0.0012352004166251145
p217_H3,8.95570888858618e-71,355.37497483679056,3.0399769625360862e-05,8.564664e-07,0.0,0.08966272622736986,0.02242349561584526
p217_P2,8.249650462494479e-21,90.38908018997331,0.0001771037610347563,1.1743144e-06,0.0,0.0822598654808944,0.020609535889090824
p217_SCT,6.818689001101451e-38,175.909089996918,0.00010291864637430596,1.0904703e-06,1.5204102872933705e-05,0.008071491402402008,0.0020476761554817195
p217_PKA,0.11332686283152534,2.51036745182086,0.0,0.0,0.0,0.0,0.0
p217_PKB,2.957300580650737e-44,209.09389980467665,0.0007582438983223784,5.2747375e-05,0.0017104505033579322,0.05402508156631049,0.014136630835714238
p218_H3,0.005976634152662857,7.5806313751652175,8.474349568292848e-06,0.0,0.0,0.015726904744913475,0.003933844773620442
p218_P2,2.597057440831334e-10,40.55047453466998,7.783082326165314e-05,7.1261525e-07,0.0,0.024358121638079124,0.0061091662691468976
p218_SCT,0.37253798913962266,0.7956946922740337,0.0,0.0,0.0,0.0,0.0
p218_PKA,0.3308418224304176,0.9462616209627314,0.0,0.0,0.0,0.0,0.0
p218_PKB,0.03633676414593416,4.389716835926476,0.0003143103390936581,6.8047785e-07,0.0,0.02004766025479821,0.005090662767936372
p219_H3,1.0,0.0,0.0,0.0,0.0,0.0,0.0
p219_P2,3.321783457697087e-05,17.33754228869477,1.125222198227468e-06,5.8563353e-07,0.0,0.01478470535075468,0.0036966040516205334
p219_SCT,1.0,0.0,0.0,0.0,0.0,0.0,0.0
p219_PKA,0.0011993550121317386,10.53479983110393,1.7773323738754777e-06,2.5466974e-05,0.0,0.0049731408623528905,0.0012500962921732175
p219_PKB,0.25808512906612163,1.2800479817731991,0.0,0.0,0.0,0.0,0.0
p220_H3,0.7925976327953891,0.06916346788104775,0.0,0.0,0.0,0.0,0.0
p220_P2,9.24425957023695e-57,276.4459963713843,7.88050103557045e-05,2.508796e-07,0.0,0.040646638392875356,0.010181423570706373
p220_SCT,4.402175387373389e-52,250.9169449653334,1.1986631330839163e-05,3.03016e-08,0.0,0.0034674376496049166,0.0008698636456338019
p220_PKA,0.85683747599886,0.03255673698310993,0.0,0.0,0.0,0.0,0.0
p220_PKB,1.7790165273643185e-151,889.1838410546703,9.384161564310831e-05,2.4294375e-06,0.0,0.03420987244366141,0.008576535874194262
p221_H3,0.5229623666637115,0.4082537378195001,0.0,0.0,0.0,0.0,0.0
p221_P2,1.7396280033211738e-93,491.4148331441714,2.293836507145979e-06,4.530479e-05,0.0,0.03851247345053537,0.009640018019397293
p221_SCT,2.5375104340994407e-96,509.13718077551135,2.293836507145979e-06,4.530479e-05,0.0,0.03851247345053537,0.009640018019397293
p221_PKA,6.609034583348849e-99,525.4324868633125,2.2875791905016743e-06,0.0,2.928435581063182e-05,0.021177180447590066,0.0053021880956478
p221_PKB,3.456454047643061e-101,539.9356148254566,2.2875791905016743e-06,0.0,2.928435581063182e-05,0.021177180447590066,0.0053021880956478
p222_H3,2.469181066425207e-151,888.1105264659627,1.5439768832688985e-06,0.0,0.0,0.06761902764501919,0.016905142905475616
p222_P2,6.218251135357471e-268,1960.8647106996168,1.3032772951803687e-06,0.0,0.0,0.0030926813572350227,0.0007734961586325508
p222_SCT,8.110327420238134e-151,884.2211213116361,1.5439768832688985e-06,0.0,0.0,0.06761902764501919,0.016905142905475616
p222_PKA,1.6255574679612287e-235,1619.942369799718,2.416668495566574e-06,0.0,0.0,0.006737024709142182,0.0016848603444094372
p222_PKB,1.296655267036328e-143,830.6617011165974,1.5439768832688985e-06,0.0,0.0,0.06761902764501919,0.016905142905475616
p223_H3,0.7068433513425211,0.14150845455333472,0.0,0.0,0.0,0.0,0.0
p223_P2,0.7068433513414529,0.1415084545545471,0.0,0.0,0.0,0.0,0.0
p223_SCT,0.7068433513414529,0.14150845455451308,0.0,0.0,0.0,0.0,0.0
p223_PKA,0.7068433631944198,0.14150844255564213,0.0,0.0,0.0,0.0,0.0
p223_PKB,0.7068433748937317,0.14150843071243333,0.0,0.0,0.0,0.0,0.0
p224_H3,0.0,2824.584770943605,3.860165719893128e-05,0.0,5.7120231713758385e-05,0.02240712378407758,0.005625711418247568
p224_P2,1.0931403676499638e-15,65.78629838508041,9.718416981542132e-05,3.6639756e-06,0.0,0.02438920117929092,0.006122512331170654
p224_SCT,0.5519381437314232,0.3540287455507292,0.0,0.0,0.0,0.0,0.0
p224_PKA,3.3446627202783786e-301,2350.961923149333,2.6586748500363218e-05,0.00014910508,0.0002886334910745556,0.02206867306873074,0.005633249596798912
p224_PKB,7.761874427398868e-305,2396.239243692218,4.1313138807026016e-05,2.203086e-06,9.381657747343708e-05,0.05439118272640424,0.013632128882188458
p225_H3,1.1693562356838533e-15,65.6471865652192,5.800771307784169e-07,0.0,0.0,0.009171084931029373,0.002292916252040038
p225_P2,7.724300719593336e-21,90.52773866559207,2.2770426942025697e-06,1.7703148e-07,0.0,0.006121812377284136,0.0015310666128648422
p225_SCT,8.099000582270215e-05,15.627756172041543,1.938896379332612e-05,4.74591e-05,0.0,0.029496612778698413,0.007390865210556136
p225_PKA,0.0061343254315253575,7.533439994192288,8.063914883801757e-06,4.0561915e-08,0.0,0.023481243742175306,0.005872337054743456
p225_PKB,0.004183681538021429,8.22951772686527,2.0530885364810205e-05,1.1460075e-06,0.0,0.00047975388381655935,0.00012535769418244583
p226_H3,1.0,0.0,0.0,0.0,0.0,0.0,0.0
p226_P2,6.874749716173854e-107,576.6630048919808,0.0,0.0,0.0,0.002402437669208895,0.0006006094173022237
p226_SCT,1.0,0.0,0.0,0.0,0.0,0.0,0.0
p226_PKA,6.874749190571561e-107,576.6630051079069,0.0,0.0,0.0,0.002402437669208895,0.0006006094173022237
p226_PKB,6.874786753299032e-107,576.6629896765593,0.0,0.0,0.0,0.002402437669208895,0.0006006094173022237
p227_H3,9.038448012232368e-108,582.4016973922197,0.0,0.0,0.0,0.002402437669208895,0.0006006094173022237
p227_P2,6.050702839769094e-57,277.45879818050713,3.7470734033466055e-05,0.0,0.0,0.005836355152487762,0.001468456471630307
p227_SCT,7.23471921962219e-109,589.5674403188355,0.0,0.0,0.0,0.002402437669208895,0.0006006094173022237
p227_PKA,5.655004945513792e-80,409.2406481726903,2.86158331645245e-06,1.2561506e-07,0.0,0.005132038046345822,0.0012837563111804905
p227_PKB,3.797055941547701e-79,404.3303330284484,7.343402444964157e-06,1.4291335e-07,0.0,0.005148435233258704,0.0012889803872635388
p228_H3,1.79185654040615e-120,667.0249747467283,6.432154192403075e-05,9.128301e-06,0.0,0.05469932389663629,0.013693193434869312
p228_P2,8.42657020001163e-78,396.36631759072395,7.676084329470467e-05,1.1521833e-05,0.0,0.04914451164089707,0.01230819857921682
p228_SCT,6.2205287429096465e-195,1241.6484307878998,0.000264653476259243,0.0,0.0,0.029226378669929262,0.0073727580365471265
p228_PKA,1.255364572309899e-05,19.215553232217527,0.0002766318806685048,0.0,0.0,0.06375598847216934,0.016008155088209464
p228_PKB,3.1501898538469187e-34,157.12425522080116,9.515702474977985e-05,2.3157218e-06,0.0,0.08608387072278521,0.021545335867323337
p229_H3,0.0018707907970816448,9.709386075482751,8.565807742555494e-07,1.3334069e-05,4.539926372000324e-05,0.03317916952284118,0.008309689859104082
p229_P2,0.00015615931777822087,14.375356391597958,2.3018358650604853e-05,0.0,0.0,0.002914960315889217,0.0007344946686349555
p229_SCT,1.0679689452288926e-05,19.528598904622054,4.6286547572129516e-05,7.0761345e-08,0.0,0.0051082411314490655,0.0012886496100916057
p229_PKA,0.00022947727680869534,13.644236965743742,9.425145196488229e-06,2.3180958e-08,0.0,0.021855176856771658,0.005466156295731436
p229_PKB,2.597136409748967e-05,17.811447122122633,2.1055233650042118e-05,0.0,0.0,0.01742175821217876,0.004360703361457201
p230_H3,1.0,0.0,0.0,0.0,0.0,0.0,0.0
p230_P2,1.2711002385325498e-47,226.94701429114875,6.860438655048072e-07,4.1505643e-08,0.0,0.0068638450706670455,0.0017161431550439792
p230_SCT,0.8976401041264908,0.016555081267288087,0.0,0.0,0.0,0.0,0.0
p230_PKA,4.827525579864403e-37,171.5306014946684,8.487578671496538e-07,3.233844e-07,0.0,0.012769361488937534,0.003192633407800764
p230_PKB,3.948685052711153e-05,17.005069522853656,4.997012083107132e-07,0.0,0.0,0.030567398164100437,0.007641974466327187
p231_H3,3.3844555164724897e-31,141.76707815310644,2.9081331909060513e-05,0.0,0.0,0.055621306268145834,0.013912596900013724
p231_P2,1.4277031536255781e-33,153.78528638674211,9.805588961687987e-05,2.7102125e-05,0.0,0.030525991008846953,0.007662787255962606
p231_SCT,0.24596659395760814,1.3472044307993678,0.0,0.0,0.0,0.0,0.0
p231_PKA,0.03995765334848808,4.227609884499332,5.158922524528685e-05,0.0,0.0,0.04624279842015457,0.011573596911349964
p231_PKB,6.036940828312048e-20,86.20213163791304,3.954151592130918e-05,8.322371e-08,0.0,0.008142724365937038,0.0020455872763922344
p232_H3,9.255226651790926e-36,164.94793092538524,5.066541543851934e-05,0.0,0.0,0.02870060833868968,0.0071878184385320495
p232_P2,5.815202971785269e-19,81.4540932779395,8.483527096224725e-05,0.0,0.0,0.002443101551739712,0.0006319842056754898
p232_SCT,2.654403901990486e-35,162.60669700387064,3.116109452628591e-06,0.0,0.0,0.0008345604548157736,0.00020941914106710054
p232_PKA,2.7237603277789912e-33,152.36040500856558,0.00012711095172719073,6.3390535e-06,0.0,0.018626990475519942,0.004690110120179429
p232_PKB,0.463031891591424,0.5388536997132704,0.0,0.0,0.0,0.0,0.0
p233_H3,0.5289512051947837,0.39660504996200574,0.0,0.0,0.0,0.0,0.0
p233_P2,1.1158584915865381e-41,195.5678925149012,1.4055617809861253e-06,8.0841815e-08,0.0,0.0014629525470316845,0.0003661097376569227
p233_SCT,0.4711454537922891,0.5195719463516983,0.0,0.0,0.0,0.0,0.0
p233_PKA,2.878024578222175e-29,132.07596358104692,6.21693359547063e-07,0.0,0.0,0.001341775978631656,0.00033559941799780077
p233_PKB,7.401619660636472e-26,115.11120585769001,6.21693359547063e-07,0.0,0.0,0.001341775978631656,0.00033559941799780077
p234_H3,0.5289512051947837,0.39660504996200574,0.0,0.0,0.0,0.0,0.0
p234_P2,0.15136886927157073,2.0606664836467354,0.0,0.0,0.0,0.0,0.0
p234_SCT,0.5289512051953454,0.3966050499609477,0.0,0.0,0.0,0.0,0.0
p234_PKA,0.4144831869243023,0.6663032911342819,0.0,0.0,0.0,0.0,0.0
p234_PKB,0.11678847998742074,2.462931688640551,0.0,0.0,0.0,0.0,0.0
p235_H3,0.0018638819107226793,9.716233695132962,8.452852962624427e-06,3.3077172e-06,0.0,0.004106339088704115,0.0010295249147115018
p235_P2,4.6088747195566e-37,171.63414111757032,7.52146716067606e-06,1.9358986e-05,0.0,0.021580113621462612,0.005401748518608311
p235_SCT,3.73507945447914e-22,96.92749471074579,1.3618924055065881e-05,0.0,0.0,0.03048111150715202,0.007623682607801771
p235_PKA,6.801374000891314e-29,130.20777628686128,1.6290607029999158e-05,1.6495252e-07,0.0,0.0036612113446920754,0.0009194167260616507
p235_PKB,1.4918107014338546e-32,148.6158544089919,1.4052686529419099e-05,0.0,0.0,0.018298529423169663,0.004578145527424771
p236_H3,0.09941210039003463,2.718578824865047,0.0,0.0,0.0,0.0,0.0
p236_P2,0.09174461939004057,2.8474248043184254,0.0,0.0,0.0,0.0,0.0
p236_SCT,0.1370360558844287,2.213483841258386,0.0,0.0,0.0,0.0,0.0
p236_PKA,0.12656637979812063,2.3369213388574237,0.0,0.0,0.0,0.0,0.0
p236_PKB,0.08424399355870986,2.9853322232825374,0.0,0.0,0.0,0.0,0.0
p237_H3,1.0,0.0,0.0,0.0,0.0,0.0,0.0
p237_P2,0.12826117699538228,2.316182586981074,0.0,0.0,0.0,0.0,0.0
p237_SCT,0.32475341182067985,0.9703933376914272,0.0,0.0,0.0,0.0,0.0
p237_PKA,0.4427539023620717,0.5894714093056387,0.0,0.0,0.0,0.0,0.0
p237_PKB,0.17368653509246787,1.8527311695784014,0.0,0.0,0.0,0.0,0.0
p238_H3,9.782490489046251e-35,159.71341503472308,1.7516254096814375e-07,0.0,0.0,0.01635907112315069,0.004089811571422915
p238_P2,2.8053270552831784e-56,273.7962144890927,8.651116189554706e-07,0.0,0.0,0.009698190770931958,0.0024247639706377285
p238_SCT,9.482093737435389e-95,499.2900548890156,2.4278476584771804e-06,0.0,0.0,0.022203899456971654,0.005551581826157533
p238_PKA,9.668156023176555e-13,51.87242177714212,2.8464279838121555e-06,0.0,0.0,0.0031732112999631333,0.0007940144319867363
p238_PKB,3.090082390063821e-53,257.17583511056745,6.573773645641761e-06,0.0,1.1909500108643428e-07,0.012999414746929791,0.00325152690389413
p239_H3,0.23736330598118918,1.397388737222924,0.0,0.0,0.0,0.0,0.0
p239_P2,4.346774277509031e-06,21.27412860700856,4.401212019952785e-05,9.578337e-06,0.0,0.008622695600414933,0.00216907151442493
p239_SCT,0.03279856059677203,4.565376453798961,1.3161559188628986e-07,0.0,0.0,0.003834481464649924,0.0009586532700604526
p239_PKA,0.00012341247026291394,14.82353701526783,2.5904544465424434e-05,0.0,1.5035233874264767e-05,0.0421293199553165,0.010542564933414047
p239_PKB,0.18224026711516422,1.7810384778369712,0.0,0.0,0.0,0.0,0.0
p240_H3,0.6166593073452074,0.2507035893419836,0.0,0.0,0.0,0.0,0.0
p240_P2,0.4979286735381231,0.4595894117499017,0.0,0.0,0.0,0.0,0.0
p240_SCT,0.6166593073461846,0.2507035893406788,0.0,0.0,0.0,0.0,0.0
p240_PKA,0.5027555739713259,0.44934892430539053,0.0,0.0,0.0,0.0,0.0
p240_PKB,0.5990168749919512,0.2766081245637114,0.0,0.0,0.0,0.0,0.0
p241_H3,1.3594862095268759e-123,688.3612077053162,3.157020391585899e-06,0.0,0.0,0.01059601640929173,0.002649793357420829
p241_P2,4.64328425337659e-119,657.4308563824866,1.930416695027263e-05,0.0,0.0,0.024684867282408176,0.0061760428623396126
p241_SCT,1.971437629872502e-125,701.0386692094838,3.157020391585899e-06,0.0,0.0,0.01059601640929173,0.002649793357420829
p241_PKA,1.983031630389369e-120,666.7254705390807,3.157020391585899e-06,0.0,0.0,0.01059601640929173,0.002649793357420829
p241_PKB,1.2381723426437027e-10,42.04144652735186,5.980343615981416e-07,2.4188776e-07,0.0,0.012881075103341546,0.00322047875636613
p242_H3,1.0,0.0,0.0,0.0,0.0,0.0,0.0
p242_P2,3.5513881858633343e-42,198.16863867082608,4.3631441271652224e-05,0.0,0.0,0.01685258388729495,0.004224053832141651
p242_SCT,1.0,0.0,0.0,0.0,0.0,0.0,0.0
p242_PKA,3.551388190287988e-42,198.1686386679935,4.3631441271652224e-05,0.0,0.0,0.01685258388729495,0.004224053832141651
p242_PKB,3.551388497404582e-42,198.16863847137853,4.3631441271652224e-05,0.0,0.0,0.01685258388729495,0.004224053832141651
p243_H3,0.7189596337080026,0.12954429690823857,0.0,0.0,0.0,0.0,0.0
p243_P2,0.7189596336869862,0.12954429692846972,0.0,0.0,0.0,0.0,0.0
p243_SCT,0.7189596337089653,0.12954429690734817,0.0,0.0,0.0,0.0,0.0
p243_PKA,0.7189596337923903,0.129544296827134,0.0,0.0,0.0,0.0,0.0
p243_PKB,0.7189596332586317,0.12954429734093612,0.0,0.0,0.0,0.0,0.0
p244_H3,1.0,0.0,0.0,0.0,0.0,0.0,0.0
p244_P2,0.5458802169317192,0.3649285415366417,0.0,0.0,0.0,0.0,0.0
p244_SCT,0.2879533184796741,1.1300306161557168,0.0,0.0,0.0,0.0,0.0
p244_PKA,0.8083863402417034,0.05883265426697864,0.0,0.0,0.0,0.0,0.0
p244_PKB,0.09689539532750752,2.7596390194391787,0.0,0.0,0.0,0.0,0.0
p245_H3,5.283435886101589e-11,43.758957322068014,1.5938542139283743e-07,0.0,0.0,0.01700229816625771,0.004250614387919776
p245_P2,1.3354271414249555e-10,41.889124277324385,1.5938542139283743e-07,0.0,0.0,0.01700229816625771,0.004250614387919776
p245_SCT,0.6268458691508354,0.2364673982700147,0.0,0.0,0.0,0.0,0.0
p245_PKA,4.2657334295408313e-10,39.55318656962831,5.059665980932115e-08,0.0,0.0,0.0012181390409363947,0.000304547409399051
p245_PKB,6.152053298320997e-11,43.45174114020741,1.5938542139283743e-07,0.0,0.0,0.01700229816625771,0.004250614387919776
p246_H3,0.9288066633088319,0.007985662242590811,0.0,0.0,0.0,0.0,0.0
p246_P2,0.7893853255992543,0.07137463890092885,0.0,0.0,0.0,0.0,0.0
p246_SCT,0.9288066633067722,0.0079856622430654,0.0,0.0,0.0,0.0,0.0
p246_PKA,0.880414900523637,0.02264150056490502,0.0,0.0,0.0,0.0,0.0
p246_PKB,0.9557555449698668,0.0030792126076488405,0.0,0.0,0.0,0.0,0.0
p247_H3,1.0,0.0,0.0,0.0,0.0,0.0,0.0
p247_P2,0.5414016130463559,0.3731323210813497,0.0,0.0,0.0,0.0,0.0
p247_SCT,0.6268458691508354,0.2364673982700147,0.0,0.0,0.0,0.0,0.0
p247_PKA,0.6682939738675484,0.18368233148106916,0.0,0.0,0.0,0.0,0.0
p247_PKB,0.6913981772629796,0.15764151154922365,0.0,0.0,0.0,0.0,0.0
p248_H3,5.996803304788872e-95,500.5332682913458,1.828716731513462e-05,1.018049e-06,0.0,0.06653431138099651,0.016638404149336292
p248_P2,4.334635211911144e-86,445.9743119424043,9.36156251127234e-06,4.3885643e-07,0.0,0.010478273028090686,0.0026220183617585106
p248_SCT,0.46538544943004,0.5332050646919543,0.0,0.0,0.0,0.0,0.0
p248_PKA,6.226380507382481e-23,100.7275205763298,1.7593661065463704e-05,0.0,0.0,0.0022005137797810313,0.0005545268602116238
p248_PKB,1.580712217435338e-45,215.815276558386,2.0540725478547604e-05,0.0,0.0,0.023299224132051443,0.005829941214382498
p249_H3,1.0,0.0,0.0,0.0,0.0,0.0,0.0
p249_P2,0.025599477043925917,4.993603140083304,4.340254552408012e-06,9.6327874e-08,0.0,0.003646293442004049,0.0009126825061075336
p249_SCT,1.0,0.0,0.0,0.0,0.0,0.0,0.0
p249_PKA,0.01194292804449855,6.335979580261301,1.1303295015780339e-06,8.86246e-08,0.0,0.005506275937696735,0.0013768737229502702
p249_PKB,0.30958243599053603,1.0332110633242895,0.0,0.0,0.0,0.0,0.0
p250_H3,0.6063275176956855,0.26567835653313293,0.0,0.0,0.0,0.0,0.0
p250_P2,0.9161850889233889,0.011079558541828557,0.0,0.0,0.0,0.0,0.0
p250_SCT,0.6063275176969414,0.2656783565312263,0.0,0.0,0.0,0.0,0.0
p250_PKA,0.5919967813795659,0.2873696489922854,0.0,0.0,0.0,0.0,0.0
p250_PKB,0.5845217379340144,0.2991209793636719,0.0,0.0,0.0,0.0,0.0
p251_H3,0.5753873873062902,0.31389938121945926,0.0,0.0,0.0,0.0,0.0
p251_P2,2.425894771839969e-126,707.3413732513562,1.6337233665118633e-05,0.0,9.215261671443479e-05,0.018698208470216086,0.00470167458014891
p251_SCT,0.35442084704358456,0.8581384592108612,0.0,0.0,0.0,0.0,0.0
p251_PKA,9.426166503035397e-134,759.3871880980627,1.6337233665118633e-05,0.0,9.215261671443479e-05,0.018698208470216086,0.00470167458014891
p251_PKB,3.7650905946235756e-84,434.2472315591157,1.3151122861814309e-06,0.0,0.0,0.020779483169666286,0.005195199570488117
p252_H3,6.104976379621846e-06,20.613594566053152,4.450731610612586e-05,0.0,0.0,0.00617529639912061,0.001554950928806684
p252_P2,7.249203865675626e-30,135.0762591867679,4.4450067624797305e-05,3.0971635e-06,0.0,0.0013723177849509676,0.00035496625401180775
p252_SCT,0.0003711702133659874,12.734501145107236,1.0734924746079308e-09,5.611585e-06,0.0,0.03220622284109618,0.00805295887490677
p252_PKA,7.906938754213758e-27,119.92197191945824,1.1725261618387785e-05,0.0,0.00016376806455023563,0.008300910772981875,0.0021191010247876246
p252_PKB,1.7859969759782868e-12,50.62322699753935,7.52651217522739e-05,0.0,0.00016917014612578273,0.011844628780765849,0.0030222660121609762
p253_H3,0.6268458691492593,0.23646739827211327,0.0,0.0,0.0,0.0,0.0
p253_P2,0.4703045372997565,0.521545520474317,0.0,0.0,0.0,0.0,0.0
p253_SCT,0.6268458691465576,0.23646739827578178,0.0,0.0,0.0,0.0,0.0
p253_PKA,0.6653336201213664,0.18718900904514443,0.0,0.0,0.0,0.0,0.0
p253_PKB,0.5567233899508592,0.3455763970883156,0.0,0.0,0.0,0.0,0.0
p254_H3,0.7189596337063986,0.12954429691000702,0.0,0.0,0.0,0.0,0.0
p254_P2,2.9698450362704716e-11,44.922672796236604,1.6816948325720448e-06,2.130993e-06,0.0,0.011418045124361637,0.00285546445302986
p254_SCT,4.952506131862304e-09,34.64467138158735,1.3329698336988256e-07,0.0,0.0,0.01005630720997743,0.0025141101267402
p254_PKA,8.888483038209593e-10,38.08009406305394,1.3329698336988256e-07,0.0,0.0,0.01005630720997743,0.0025141101267402
p254_PKB,2.9461558624089334e-09,35.681735626135854,1.3329698336988256e-07,0.0,0.0,0.01005630720997743,0.0025141101267402
p255_H3,1.0,0.0,0.0,0.0,0.0,0.0,0.0
p255_P2,4.4358105534417153e-10,39.47466779163609,6.062591095494345e-05,1.8901292e-06,0.0,0.029505756592148897,0.0073920681580683665
p255_SCT,0.6654021578936724,0.18710737788233528,0.0,0.0,0.0,0.0,0.0
p255_PKA,0.007954869279823426,7.0640140174259916,0.0006031275048227976,0.0,0.0,0.000745627994238768,0.0003371888747653914
p255_PKB,0.00010305733820562076,15.16736556384028,3.7121834559063274e-05,0.0,0.0,0.008351727646278909,0.002097212370209493
p256_H3,1.0,0.0,0.0,0.0,0.0,0.0,0.0
p256_P2,2.5355141605113867e-20,88.02534381765183,2.3992408933701622e-05,3.4968532e-06,0.0,0.010557061085418512,0.002646137586887138
p256_SCT,1.8899644919968665e-05,18.424608294351383,1.2335481343927109e-05,0.0,0.0,0.0065720142844627365,0.0016460874414516659
p256_PKA,2.792044948661018e-18,78.17633128458029,4.802297020673138e-05,0.0,0.0002482272336448387,0.020246173411243754,0.005135605903773831
p256_PKB,0.7286603273949741,0.12039373691328364,0.0,0.0,0.0,0.0,0.0
p257_H3,0.1692439301151957,1.8915918867537254,0.0,0.0,0.0,0.0,0.0
p257_P2,0.17915892327791222,1.806407744969954,0.0,0.0,0.0,0.0,0.0
p257_SCT,0.3459463576926898,0.8888739319785322,0.0,0.0,0.0,0.0,0.0
p257_PKA,0.4669154105843354,0.5295575295534056,0.0,0.0,0.0,0.0,0.0
p257_PKB,0.1702209185417657,1.8829460856739442,0.0,0.0,0.0,0.0,0.0
p258_H3,1.0,0.0,0.0,0.0,0.0,0.0,0.0
p258_P2,7.808786963543969e-53,254.98885500937365,2.8658315843189117e-06,3.2363465e-07,0.0,0.0045540582403552216,0.0011393119266477657
p258_SCT,0.14677988983958667,2.1077528307870446,0.0,0.0,0.0,0.0,0.0
p258_PKA,2.0830424680606832e-06,22.708338044616802,4.21554736495617e-06,3.996595e-07,0.0,0.0007034573648225128,0.00017701814292501612
p258_PKB,1.276669735770546e-05,19.18298268966691,6.009797044234782e-06,0.0,0.0,0.006411167622405568,0.0016042943548624507
p259_H3,0.9781322192051425,0.0007516130107125636,0.0,0.0,0.0,0.0,0.0
p259_P2,0.0,2714.377700016629,8.309397827835145e-05,8.122904e-06,0.00040617981859789,0.006788171559391148,0.0018213920649760552
p259_SCT,7.273570855958005e-303,2371.6071065263195,3.323073405069857e-05,1.6103968e-07,0.0,0.025442783449065046,0.006369043805698778
p259_PKA,2.0286134086737435e-21,93.34850709021578,0.00019295944193530043,3.910202e-06,0.0,0.023577655958918184,0.005943631400698375
p259_PKB,6.294901846214305e-22,95.82244802151881,0.00024760361125220184,2.4898688e-07,0.0,0.04141883632425738,0.010416672230597173
p260_H3,1.0273207044370738e-194,1239.7516334221389,5.457414682904831e-06,0.0,0.0,0.039073293490344656,0.00976968772625689
p260_P2,1.2015081685039455e-11,46.75385319156485,3.268737675449143e-05,1.7517349e-06,0.0,0.03213865466354417,0.008043273443795951
p260_SCT,1.8496989877365249e-32,148.14305484801574,6.047712511455774e-06,0.0,0.0,0.027554621313417682,0.006890167256482284
p260_PKA,9.692746618410791e-102,543.4623226495194,1.3583677425501503e-05,7.8986324e-07,0.0,0.0203605332423364,0.005093726695749513
p260_PKB,5.803640596195377e-204,1321.4791963614664,1.4505206116644676e-05,8.330279e-07,0.0,0.008490524376183459,0.0021264656525529107
p261_H3,2.4345897518914986e-76,387.76491802723893,0.0036717187661198733,0.00010122107,0.017170258592662097,0.43566229262736744,0.11415137276416447
p261_P2,2.4345897123335013e-76,387.7649180686884,0.0036717187661198733,0.00010122107,0.017170258592662097,0.43566229262736744,0.11415137276416447
p261_SCT,1.0,0.0,0.0,0.0,0.0,0.0,0.0
p261_PKA,2.4345897510609487e-76,387.76491802810926,0.0036717187661198733,0.00010122107,0.017170258592662097,0.43566229262736744,0.11415137276416447
p261_PKB,2.4345868807981736e-76,387.7649210356135,0.0036717187661198733,0.00010122107,0.017170258592662097,0.43566229262736744,0.11415137276416447
p262_H3,1.0,0.0,0.0,0.0,0.0,0.0,0.0
p262_P2,7.134278730953708e-39,180.97488376272628,9.491102985909486e-05,5.162121e-07,0.0,0.009271779312293437,0.0023418016385588474
p262_SCT,1.9343564818198374e-30,137.95703291236543,7.584693235349727e-05,4.781731e-07,0.0,0.049427866043854234,0.012376047787324991
p262_PKA,5.859510728796678e-31,140.56630450843912,7.584693235349727e-05,4.781731e-07,0.0,0.049427866043854234,0.012376047787324991
p262_PKB,1.756796009043656e-31,143.20288581308498,7.584693235349727e-05,4.781731e-07,0.0,0.049427866043854234,0.012376047787324991
p263_H3,4.06457835676463e-09,35.03900489075293,4.202081122951871e-06,6.3662725e-08,0.0,0.03281137457224549,0.008203910079023328
p263_P2,4.029041037562384e-07,25.928280984998807,0.0001135753673368347,2.4090534e-05,0.0,0.062420748819789554,0.015639603680224223
p263_SCT,1.497837983014378e-40,189.68486079891437,3.920777173442528e-05,0.0,0.0,0.04843805526473288,0.012119315759116827
p263_PKA,8.210261719257182e-30,134.80509678033977,0.0001997078468908717,1.8659246e-05,0.0,0.00805816421415023,0.002069132826773342
p263_PKB,1.6115217329675875e-09,36.888263825794624,0.0002794491000056846,2.4940794e-06,0.000772047378774108,0.07035516650926389,0.01785228926684935
p264_H3,0.18650539290142376,1.7467321776629765,0.0,0.0,0.0,0.0,0.0
p264_P2,1.2964694910308784e-11,46.59978205542446,7.506994324208978e-05,2.8863147e-07,0.0,0.00014347919778481412,5.4709443123962885e-05
p264_SCT,1.9212486575700343e-11,45.80352926849293,3.043801755844206e-05,1.0915754e-05,0.0,0.007851176034304654,0.0019731324513636963
p264_PKA,1.0001462055074094e-11,47.12549447741172,7.506994324208978e-05,2.8863147e-07,0.0,0.00014347919778481412,5.4709443123962885e-05
p264_PKB,7.846232080524079e-11,42.96100529133999,3.043801755844206e-05,1.0915754e-05,0.0,0.007851176034304654,0.0019731324513636963
p265_H3,0.6296965457740513,0.23257550572878477,0.0,0.0,0.0,0.0,0.0
p265_P2,0.0,3061.9348823526125,0.019282554206934043,0.0021514774,0.00012706118787753488,0.17373270382601,0.048823449151067816
p265_SCT,0.561032414321853,0.3380823758991584,0.0,0.0,0.0,0.0,0.0
p265_PKA,0.0,4203.330501733033,0.01570296628712583,1.7304711e-07,0.08326621287213598,0.24014519558705583,0.08477863694835758
p265_PKB,0.0,3832.5837956914474,0.042341265665617814,4.922019e-07,0.03421428113783597,0.0352864940451428,0.027960633262618516
p266_H3,1.0621104121126347e-05,19.539255293751587,5.047163634176627e-05,0.00016309132,0.0,0.097943727246171,0.02453932255000761
p266_P2,1.21246428755272e-35,164.34749650991694,0.00018221309325165637,1.4142958e-07,0.0,0.04593229626421665,0.011528662696762311
p266_SCT,6.999841550400555e-66,327.3938270339335,0.00016744211750486975,8.444624e-07,0.001172577781379619,0.005873453253184492,0.001803579403622243
p266_PKA,0.07714842273370963,3.1286100438162334,0.0,0.0,0.0,0.0,0.0
p266_PKB,0.0027652413460299355,8.98836958938095,0.00020473525406283587,4.8215175e-06,0.0003878857266720114,0.003212400103098301,0.0009524606503208326
p267_H3,0.4613523440613523,0.5429127442608137,0.0,0.0,0.0,0.0,0.0
p267_P2,0.42927753669901125,0.6251423298979232,0.0,0.0,0.0,0.0,0.0
p267_SCT,0.3993492757582663,0.7107216737907024,0.0,0.0,0.0,0.0,0.0
p267_PKA,0.3945624993612936,0.7252846225307072,0.0,0.0,0.0,0.0,0.0
p267_PKB,0.346054887731842,0.8884738589182699,0.0,0.0,0.0,0.0,0.0
p268_H3,0.9298159436598118,0.007760265018707511,0.0,0.0,0.0,0.0,0.0
p268_P2,0.5994900375877168,0.2758922223726987,0.0,0.0,0.0,0.0,0.0
p268_SCT,0.6268458691489216,0.2364673982725829,0.0,0.0,0.0,0.0,0.0
p268_PKA,0.5479807072495388,0.36112373825086125,0.0,0.0,0.0,0.0,0.0
p268_PKB,0.5648232098079573,0.3315802387064938,0.0,0.0,0.0,0.0,0.0
p269_H3,3.5024188210458497e-68,340.4936648265348,0.0020559270081666374,0.0001779845,0.003477664622663492,0.2286605432186076,0.05859302983842493
p269_P2,1.2907480525418174e-58,286.6818483977211,0.0033426559034911416,7.186421e-05,0.0018854213916758037,0.12100711749838769,0.031576764751226095
p269_SCT,2.7402223707605563e-60,295.96855146614115,0.0024431738751826294,3.5333025e-07,0.0,0.0467695842487326,0.012303277863541405
p269_PKA,1.6884456889728737e-65,325.2262985666836,0.0021667597551300937,8.44092e-07,0.0017729330663252634,0.18144979189499438,0.0463475822021195
p269_PKB,1.7151041690556313e-68,342.2669186476273,0.002269592871571442,6.5774286e-05,0.010546571734723443,0.20237029348618377,0.05381305809455926
p270_H3,3.552027882428556e-15,63.356461532350046,5.803655545248656e-05,7.0148367e-06,0.0,0.006857377478785029,0.00173060721773015
p270_P2,1.0933751259295617e-61,303.77434013697706,0.00014472289318838812,1.080345e-05,0.00026499405101237906,0.05321089433943892,0.013407853683433776
p270_SCT,0.010849648687266823,6.507284591630855,3.0919291238749534e-05,0.0,0.0,0.02003024018865342,0.005015289869973042
p270_PKA,4.880590535392145e-137,782.8773126534752,0.005375346325452368,1.8005532e-07,3.6676658661740796e-05,0.005679556045265982,0.0027729397711759073
p270_PKB,1.6078358283360727e-138,793.5576650360158,0.00021533346090885617,2.7008923e-07,0.0,0.006927123722126121,0.0017856818180664894
p271_H3,0.005721349244808927,7.659793635723289,1.5834993253182452e-05,3.0306313e-07,8.271883143970622e-05,0.018450088012230685,0.004637236225013874
p271_P2,3.2798202730341392e-12,49.38767897131829,7.385368016452666e-05,1.1345549e-06,0.0,0.004625525081580021,0.001175128329148654
p271_SCT,8.24090076357021e-53,254.86188689500193,1.7518994576088083e-06,5.6850706e-07,0.0,0.04098231665277942,0.010246159264824724
p271_PKA,3.6787107765635136e-63,312.0330755918004,0.000235272581388857,1.14264985e-05,0.0,0.02434947797207374,0.0061490442629984895
p271_PKB,1.7103081467339422e-17,74.40077081723068,1.976146187605338e-05,0.0,0.0,0.06484003660319318,0.01621494951626731
p272_H3,0.4628432551156325,0.5393084176765203,0.0,0.0,0.0,0.0,0.0
p272_P2,2.7433836969446457e-05,17.705887585810796,4.540861708205826e-07,3.5811567e-07,0.0,0.008328983226844859,0.0020824488571715327
p272_SCT,4.044114482384538e-06,21.41461906064997,7.220215067429064e-06,0.0,0.0,0.011099069254065192,0.0027765723672831554
p272_PKA,0.8537390991546335,0.033997458587336105,0.0,0.0,0.0,0.0,0.0
p272_PKB,0.24152959142739164,1.3728142593978014,0.0,0.0,0.0,0.0,0.0
p273_H3,2.078902932154927e-08,31.7884925645218,3.528308015111496e-07,7.3522706e-08,0.0,0.012210705241463093,0.0030527828987426875
p273_P2,0.0006009718470925018,11.827192400783018,4.605176847303491e-05,1.0569102e-06,0.0,0.06024448416839796,0.015072898211755377
p273_SCT,1.6647677875067218e-121,674.0577103153939,4.962713581827198e-06,0.0,0.0,0.0131911777384739,0.003299035113013932
p273_PKA,1.8658770339104133e-22,98.39828174530513,3.134387668502804e-05,2.3631292e-06,0.0,0.023672631773347396,0.0059265846948005265
p273_PKB,2.2259719159800117e-101,541.1554771044713,1.385091741621134e-05,6.817561e-08,0.0,0.05866584945454227,0.01466994213689191
p274_H3,6.654321893963054e-106,570.2624377221517,7.50676252387514e-06,1.0255272e-06,0.0,0.020465092199583874,0.005118406122336942
p274_P2,0.7315581056664893,0.117733093143056,0.0,0.0,0.0,0.0,0.0
p274_SCT,0.4548369026053455,0.5588832607845784,0.0,0.0,0.0,0.0,0.0
p274_PKA,6.421090931567802e-15,62.13773064978451,3.628977065665585e-05,1.7293029e-05,0.0,0.07294978398555603,0.01825084169619745
p274_PKB,0.007931555103615555,7.0692998771336475,7.39119650406713e-06,0.0,0.0,0.04994502156132197,0.012488103189456508
p275_H3,0.01727119941899663,5.682215214576597,2.076763773650105e-06,2.7306887e-05,3.992599637021679e-05,0.01752796097590008,0.004399317655812177
p275_P2,2.2463673198045583e-184,1151.2927865611,0.01150306297360548,0.005441807,0.05596070663859713,0.015451596472982864,0.02208929332390772
p275_SCT,2.9396091548149853e-18,78.06888197278602,6.873213203203031e-08,0.0,4.106433077816452e-05,0.03106297950921041,0.007776028143030152
p275_PKA,3.271794457434181e-102,546.4798762877016,0.014140159709924337,0.0,0.0,0.01621495210097052,0.007588777952723715
p275_PKB,0.0,5021.564444050716,0.009645182300128768,0.0,0.009461160857525453,0.07532969713852584,0.023609010074045016
p276_H3,0.13025379914172977,2.2921866327649774,0.0,0.0,0.0,0.0,0.0
p276_P2,2.125357704205638e-09,36.33454697485945,5.300149700857269e-05,7.1657732e-06,0.0,0.0020080279527120515,0.0005170488057402957
p276_SCT,1.5620051539624123e-43,205.2877248852982,5.010155390390825e-05,4.5964816e-06,0.0,0.07581541773157784,0.018967528941778153
p276_PKA,5.744284409919096e-57,277.58302940964967,5.378264997687119e-05,1.128316e-05,0.0,0.0035132996704559005,0.0008945913701950367
p276_PKB,1.2560833660386443e-43,205.78568819929245,5.258185662940308e-05,2.4117985e-06,7.46299571453618e-05,0.005299554829308462,0.001357294610397034
p277_H3,3.208648796706189e-117,645.0127391470173,6.323444755595584e-06,1.9159832e-05,0.0,0.04725530501841132,0.011820197073775759
p277_P2,6.433855801549609e-33,150.46648508611224,1.0101460342170703e-05,2.6051765e-07,0.0,0.03090473730157622,0.007728774819892571
p277_SCT,8.638556131561539e-45,211.91436496809885,2.4337609827040134e-05,8.841388e-08,0.0,0.03489176364481842,0.008729047417130643
p277_PKA,4.2814161439943897e-106,571.5042079404857,0.0007125784065430303,1.0021039e-06,0.0,0.01003333413782451,0.0026867286620634086
p277_PKB,7.3775856760203495e-208,1356.6642676130512,0.00013839020099291001,7.00205e-07,0.0,0.0431189901243031,0.010814520132579272
p278_H3,0.00015294693041635713,14.414904941323686,0.0,0.0,0.0,0.010330099089469498,0.0025825247723673746
p278_P2,8.677295923926723e-25,109.83598697983214,1.951917496733377e-05,2.3746359e-06,0.0,0.008543377714186996,0.0021413178812559005
p278_SCT,4.388112433294818e-18,77.23339286545666,7.872960805769837e-06,0.0,5.904318980793375e-06,0.001518147143460615,0.00038298110581179456
p278_PKA,4.364961167558954e-25,111.30637403125614,1.5182692568875626e-05,0.0,0.0,0.0014059401843904316,0.0003552807192398268
p278_PKB,1.0906317241649807e-06,23.973906773732647,1.8548344369126747e-05,1.5471067e-05,0.0,0.008707687429214779,0.0021854267101321973
p279_H3,1.1224800613883123e-122,682.0685179883961,3.3282515488920735e-07,0.0,0.0,0.11441859487569543,0.02860473192521258
p279_P2,5.253873239740934e-16,67.29966938455055,5.927254373818108e-05,0.0,0.0,0.030639160816896882,0.007674608340158766
p279_SCT,3.132119962293471e-89,465.13510923225397,3.1869884118005304e-05,0.0,0.0,0.013771369170086842,0.003450809763551212
p279_PKA,4.588480600201972e-75,380.290215322268,1.5096946397105876e-05,1.4618482e-05,5.276581663012565e-05,0.02037977534086225,0.005115564146486141
p279_PKB,1.6197718593053734e-98,522.9686530590835,2.993022425339593e-05,0.0,0.0,0.025888840128114377,0.006479692588091943
p280_H3,0.0,3937.991866311327,2.2852420180805913e-06,0.0,0.0,0.007351383742283283,0.0018384172460753408
p280_P2,0.0,3775.4575367468387,0.0036738805218432084,2.5331407e-05,0.0,0.04587805558686055,0.012394316878802152
p280_SCT,2.2282229979798295e-48,230.98531992202504,7.347691367278963e-06,3.2320625e-06,0.0,0.029275849728021653,0.007321607370460763
p280_PKA,0.0,3072.9550789850696,5.5014073449337194e-05,5.153864e-07,0.0,0.03794358420733971,0.0094997784167911
p280_PKB,1.6605591110955495e-206,1344.3990152754282,6.976818843701637e-05,1.2085427e-06,0.0,0.04117294224746001,0.010310979744648957
p281_H3,9.104518528716264e-51,243.8095160694264,6.301044829097586e-06,0.0,0.0,0.021634489263032367,0.005410197576965366
p281_P2,2.541899568303138e-06,22.31969952152596,3.9749212762973264e-05,1.193969e-06,0.0,0.057818258546781846,0.01446480043212513
p281_SCT,0.0,3938.0226987225924,4.654789349155814e-05,0.0,0.0,0.031772026939086394,0.007954643708144488
p281_PKA,5.690005109113366e-263,1906.2852747922514,1.5169745822852216e-05,6.3574106e-08,1.2569284632688946e-06,0.016421157573746355,0.0041094119555346136
p281_PKB,0.32633867727942334,0.964052598425784,0.0,0.0,0.0,0.0,0.0
p282_H3,3.1803261915587814e-25,111.98449011106457,8.619606786727594e-05,2.5769878e-06,0.0,0.012619006382822848,0.003176944859610995
p282_P2,2.612876820986729e-72,364.24781981992413,0.00011855225155594545,7.41129e-07,1.5160289671647406e-06,0.045397177623935296,0.011379496758361037
p282_SCT,2.6574521869065865e-14,59.21965156332438,0.00030780746599612065,2.0030962e-05,0.00044497067503782115,0.030763635874630584,0.007884111244499227
p282_PKA,2.493561808670142e-23,102.67275218405592,0.00011366137208440068,1.3390885e-06,0.0,0.06249286913406886,0.015651967398663005
p282_PKB,3.458473746330371e-06,21.719308357608522,0.0005675358497301789,2.9042185e-06,0.0007421567807293155,0.05439916722757591,0.013927941019131496
p283_H3,0.5289512051945432,0.39660504996251594,0.0,0.0,0.0,0.0,0.0
p283_P2,0.0,3619.588423324974,2.2852420180805913e-06,0.0,0.0,0.007351383742283283,0.0018384172460753408
p283_SCT,3.597621956998027e-203,1314.3787545204978,7.521862743351967e-08,0.0,0.0,0.06573497057701846,0.016433761448911476
p283_PKA,0.0,3789.6942372476633,0.001709204144081879,0.0,0.0,0.03203109564998343,0.008435074948516327
p283_PKB,6.664184573678965e-253,1798.2421102597914,1.0327202068094773e-06,0.0,0.0,0.029679599541906503,0.007420158065528328
p284_H3,2.577924637552092e-30,137.33025591993652,1.1033597831064776e-07,0.0,0.0,0.03776841529728774,0.009442131408316514
p284_P2,4.271127567956203e-05,16.854237546830426,1.1382226002092038e-05,1.3685867e-07,0.0,0.0005354024321010528,0.000136730379194218
p284_SCT,5.881635152842643e-45,212.79642469042352,3.212334622626635e-05,0.0,0.0,0.01537291256806635,0.003851258978573154
p284_PKA,2.2554439084380793e-32,147.7071301141348,7.890314555021244e-06,0.0,0.0,0.020816549748172163,0.005206110015681796
p284_PKB,1.6988152918999977e-115,633.4441771149556,9.104600043064545e-06,1.6731944e-06,0.0,0.007250960454862707,0.0018154345623381915
p285_H3,6.01430206929039e-20,86.21002209873727,2.905604619964746e-07,0.0,0.0,0.00014810526867430288,3.709895728407484e-05
p285_P2,8.674217838148524e-164,983.9437449104885,0.31412723229315065,0.084474474,0.6351073912056561,0.0277185098947248,0.2653569018962993
p285_SCT,1.227454028670161e-212,1400.4501957028087,3.898923515557329e-05,0.0,0.0,0.007365692661044178,0.0018511704740499378
p285_PKA,5.8662216740809666e-201,1294.650939878841,1.5464085988639168e-06,0.0,0.0,0.0028380256595971634,0.0007098930170490068
p285_PKB,5.928685257066001e-239,1654.388495852123,3.898923515557329e-05,0.0,0.0,0.007365692661044178,0.0018511704740499378
p286_H3,7.1558386546878e-290,2213.2557894389893,6.356810685828845e-05,0.0,0.0,0.0007313854321028852,0.00019873838474029342
p286_P2,0.7560064824282331,0.09659071330809146,0.0,0.0,0.0,0.0,0.0
p286_SCT,0.0,4614.923886243203,1.0,1.0,0.48908271833536504,0.057885207966921516,0.6367419815755717
p286_PKA,2.955017689466535e-169,1027.2825254905347,2.9057930509924348e-05,1.7760192e-05,0.0,0.007218531427846828,0.0018163373876766053
p286_PKB,1.86232818697e-313,2505.8306154687702,0.6562263379706212,1.7212241e-06,1.0,0.011202914664199476,0.41685774346472176
p287_H3,3.0435253122898435e-13,54.22938378052861,4.855924634536664e-06,6.246544e-08,0.0,0.007114553403364369,0.0017798679483594872
p287_P2,0.945735150552851,0.004634302180810315,0.0,0.0,0.0,0.0,0.0
p287_SCT,3.7804176464293903e-06,21.54592075065915,3.743072963814723e-05,9.0691316e-07,0.0,0.000800340994897861,0.0002096696594234784
p287_PKA,1.3042739146297255e-52,253.77997300012032,4.144642052893073e-05,1.453243e-05,0.0,0.011212574998962511,0.0028171384624263293
p287_PKB,3.746033908327267e-81,416.26349362365846,6.042462178546244e-05,6.9936135e-07,0.0,0.017385841451854005,0.00436174135874763
p288_H3,0.43099009752101636,0.6205152216610811,0.0,0.0,0.0,0.0,0.0
p288_P2,0.011543875725649345,6.396565785239434,0.0006889291595627499,0.0,0.0279766336209937,0.011540331236732022,0.010051473504322119
p288_SCT,0.43099009752279516,0.6205152216562383,0.0,0.0,0.0,0.0,0.0
p288_PKA,0.00021930529451857068,13.730224651127612,1.918851579428852e-06,6.454772e-08,0.0,0.0030471851706284723,0.0007622921424819898
p288_PKB,1.8348890195664762e-20,88.70573494307875,0.0005848768645417749,0.0,0.0,0.016025706611269546,0.004152645868952831
p289_H3,1.5345559558254395e-91,479.3537312721647,6.539203889173648e-05,0.0,0.0,0.14839108401798212,0.03711411901421847
p289_P2,2.088890614945679e-101,541.3317374336726,0.00010125151686302636,9.294899e-07,0.0006643566885921808,0.031786517301782474,0.008138263749280908
p289_SCT,1.747246259809148e-84,436.2585556540568,5.2956930810766495e-06,3.9623233e-06,0.0,0.009582590222199138,0.0023979620596356497
p289_PKA,1.4173441964205083e-105,568.1351534568314,0.00017493476842264603,0.0,0.0017860280140297878,0.05177651739614638,0.013434370044649703
p289_PKB,2.2806152181216217e-95,503.1592184203788,6.539203889173648e-05,0.0,0.0,0.14839108401798212,0.03711411901421847
p290_H3,1.0,0.0,0.0,0.0,0.0,0.0,0.0
p290_P2,0.29696816440659035,1.0885762757842337,0.0,0.0,0.0,0.0,0.0
p290_SCT,0.819116203962146,0.0523151725660606,0.0,0.0,0.0,0.0,0.0
p290_PKA,1.5711583175863866e-09,36.939034018289526,2.328174499589261e-05,3.3888596e-06,4.7835674442437884e-05,0.006014486065136581,0.001522248086035747
p290_PKB,1.5099314610042816e-11,46.291142005049416,3.917798625999359e-05,1.2248694e-07,0.0,0.02590668542742676,0.00648649647515617
p291_H3,0.6268458691492593,0.23646739827211327,0.0,0.0,0.0,0.0,0.0
p291_P2,0.6268458692452878,0.2364673981403455,0.0,0.0,0.0,0.0,0.0
p291_SCT,0.626845869154213,0.23646739826542723,0.0,0.0,0.0,0.0,0.0
p291_PKA,0.6268458679909523,0.2364673998616583,0.0,0.0,0.0,0.0,0.0
p291_PKB,0.6268458692052103,0.23646739819538803,0.0,0.0,0.0,0.0,0.0
p292_H3,0.0009511343819849763,10.967287044999981,0.0022837889564493404,7.4690994e-05,0.003884241884608123,0.24321753774942145,0.06236506489603034
p292_P2,0.619603774950875,0.24653529101119298,0.0,0.0,0.0,0.0,0.0
p292_SCT,0.006143614357343536,7.530698930771273,0.0022763618198411977,7.0807664e-06,0.0033036291737449635,0.05551025367332375,0.01527433135832967
p292_PKA,0.002965895867569441,8.859598005417524,0.002879758689193644,1.3424553e-06,0.00761036628707795,0.03359716431335002,0.011022157936239016
p292_PKB,0.0010043841904556364,10.865571529957593,0.002071293596945679,9.693883e-05,0.004823690159442663,0.3404776787600757,0.08686740033598664
p293_H3,1.7091947971276781e-78,400.4607371197104,6.934072529900117e-06,4.755346e-06,0.0,0.05347092472164237,0.013370653534992795
p293_P2,6.064832479982308e-14,57.528143631934384,6.066243155951232e-05,1.5275072e-06,1.7086246673859787e-05,0.01758023876155448,0.004414878736734932
p293_SCT,0.466177376195831,0.5313146619036667,0.0,0.0,0.0,0.0,0.0
p293_PKA,1.6619608674072665e-25,113.3754871627979,2.7790284984393973e-05,1.9106253e-06,2.2756253455007767e-06,0.09724471560545213,0.024319173035274217
p293_PKB,4.272973436202101e-12,48.8504721244695,0.0007555565540760023,3.6399746e-07,5.286408099471333e-06,0.008720835967418043,0.0023705107317628675
p294_H3,0.7189596337057567,0.12954429691059025,0.0,0.0,0.0,0.0,0.0
p294_P2,1.3504580597929366e-05,19.074257313339196,9.963691651090854e-05,0.0,0.0,0.014546036429838677,0.0036614183365873965
p294_SCT,3.269086348979922e-05,17.368314504269186,3.831108797169939e-06,0.0,0.0,0.05409122548260991,0.01352376414785177
p294_PKA,2.9147227307875973e-05,17.589194304599683,3.831108797169939e-06,0.0,0.0,0.05409122548260991,0.01352376414785177
p294_PKB,1.2812274123065457e-05,19.176086082671272,3.831108797169939e-06,0.0,0.0,0.05409122548260991,0.01352376414785177
p295_H3,3.54866770432605e-274,2030.835586955674,2.535509643468431e-06,0.0,0.0,0.039009453715533306,0.009752997306294194
p295_P2,3.011556828995893e-130,734.6150476566617,1.5284406089254384e-05,1.1638577e-07,0.0,0.0004904470196387085,0.00012646195287457937
p295_SCT,3.0417012773920117e-186,1167.0534700989172,2.876476624112833e-06,6.058144e-08,0.0,0.019778253734565144,0.004945297698157836
p295_PKA,1.4070354177117887e-231,1580.9729882108488,1.5751172827220013e-06,0.0,0.0,0.011820626843692611,0.0029555504902438333
p295_PKB,1.2523134894849668e-232,1591.3215388016713,9.012682606824672e-07,0.0,1.0039209679936124e-06,0.026670966902519435,0.006668218022937027
p296_H3,0.6268458691492593,0.23646739827211327,0.0,0.0,0.0,0.0,0.0
p296_P2,0.6054099525712622,0.2670348285152846,0.0,0.0,0.0,0.0,0.0
p296_SCT,0.5652140875762213,0.33091457062536256,0.0,0.0,0.0,0.0,0.0
p296_PKA,0.7336177597934012,0.11586217412902299,0.0,0.0,0.0,0.0,0.0
p296_PKB,0.626656096816121,0.23672790273615998,0.0,0.0,0.0,0.0,0.0
p297_H3,0.0007984169913079865,11.294556930934544,8.381976031745894e-05,1.238138e-06,0.0,0.021842524524394568,0.0054818956056773725
p297_P2,1.1807878502506264e-06,23.81837326040388,5.8777169614325945e-05,7.7963983e-07,0.0,0.00887196521244392,0.002232880505472957
p297_SCT,8.256505710835289e-06,20.027476227045305,8.4910449098697e-06,2.7104525e-06,0.0,0.006413832331764158,0.0016062584572843473
p297_PKA,1.141181644535558e-08,32.98117020562836,9.207343269733074e-05,0.0,0.0,0.01121503419207214,0.0028267769061923677
p297_PKB,6.434969206677184e-05,16.067965211908778,8.381976031745894e-05,1.238138e-06,0.0,0.021842524524394568,0.0054818956056773725
p298_H3,8.304992459432434e-51,244.02470509619417,0.00010077204927170656,0.0,0.0,0.011127427001007696,0.002807049762569851
p298_P2,2.6235243285629353e-12,49.84135008412088,0.00015874172379186626,2.2501483e-06,0.0,0.00965836144650516,0.0024548383296560615
p298_SCT,4.569767685283845e-47,223.98604378618535,0.00011616911336965429,0.0,0.0,0.06315125640144047,0.015816856378702532
p298_PKA,3.9574329508436076e-51,245.76120920807097,0.00010077204927170656,0.0,0.0,0.011127427001007696,0.002807049762569851
p298_PKB,3.9568026692410594e-51,245.76158254146202,0.00010077204927170656,0.0,0.0,0.011127427001007696,0.002807049762569851
p299_H3,3.125047056949643e-72,363.79736706175464,3.394534597748944e-05,9.189146e-06,0.0,0.032771887479752786,0.008203755492960688
p299_P2,6.293648996129245e-107,576.9124431377098,4.189728271116945e-05,1.2263459e-05,0.0,0.009103056861635855,0.0022893044008896763
p299_SCT,0.0,3050.4571882610658,2.7622700553836174e-05,0.0,0.0,0.0005479155868275143,0.00014388457184533762
p299_PKA,7.919822373843177e-135,767.0484457338077,0.00013841644366136192,1.6797598e-07,0.0,0.0027315549552718427,0.0007175348437291375
p299_PKB,7.988188873324961e-268,1959.6584109265498,6.0947595287559695e-05,5.1526613e-06,0.0,0.01822862244229738,0.0045736806747182016
p300_H3,1.0,0.0,0.0,0.0,0.0,0.0,0.0
p300_P2,1.5174043559027665e-202,1308.7900997557972,3.726750521710509e-05,0.00032054103,0.0019348099640337007,0.03460396900309212,0.00922414687611681
p300_SCT,0.41081981422207214,0.676834738539233,0.0,0.0,0.0,0.0,0.0
p300_PKA,2.131107751772177e-55,268.9672406949591,9.792861939534809e-06,0.0,0.0,0.011597621379093443,0.0029018535602582446
p300_PKB,2.210612004163752e-26,117.70841208679704,5.096713306001813e-05,0.0,0.004779282954403587,0.005723355296265881,0.0026384013459323716
p301_H3,0.12921920225432568,2.304594156573536,0.0,0.0,0.0,0.0,0.0
p301_P2,0.4290395463003006,0.6257875590322275,0.0,0.0,0.0,0.0,0.0
p301_SCT,0.8127686282029316,0.05612199119034771,0.0,0.0,0.0,0.0,0.0
p301_PKA,0.5446776830569912,0.3671190608149549,0.0,0.0,0.0,0.0,0.0
p301_PKB,0.04447038774384611,4.045936152412795,2.2489681240955988e-05,1.5858494e-06,0.0,0.014129234514840116,0.0035383275113747698
p302_H3,1.0,0.0,0.0,0.0,0.0,0.0,0.0
p302_P2,0.6268458691369887,0.23646739828911995,0.0,0.0,0.0,0.0,0.0
p302_SCT,0.6268458691498224,0.23646739827120616,0.0,0.0,0.0,0.0,0.0
p302_PKA,0.6268458689737516,0.23646739851297646,0.0,0.0,0.0,0.0,0.0
p302_PKB,0.6268458693271315,0.2364673980279234,0.0,0.0,0.0,0.0,0.0
p303_H3,1.0,0.0,0.0,0.0,0.0,0.0,0.0
p303_P2,0.0009597188796517641,10.950505276670484,1.2646968212387281e-06,0.0,0.0,0.005446158023834747,0.0013618556801639964
p303_SCT,0.00019701224919269582,13.933669974590849,1.5795786437455093e-07,0.0,0.0,0.012820327406790061,0.003205121341163609
p303_PKA,0.00020204513501919196,13.885779469084857,1.5795786437455093e-07,0.0,0.0,0.012820327406790061,0.003205121341163609
p303_PKB,0.00020875880689327097,13.823735711161977,1.5795786437455093e-07,0.0,0.0,0.012820327406790061,0.003205121341163609
p304_H3,1.0,0.0,0.0,0.0,0.0,0.0,0.0
p304_P2,5.554343040412573e-38,176.36862694142957,7.144800317391925e-05,5.364549e-06,0.0,0.0051209919434892165,0.0012994511239150395
p304_SCT,0.6859202741375809,0.1636059334321891,0.0,0.0,0.0,0.0,0.0
p304_PKA,9.399526742512736e-11,42.59678874705474,0.00010299469732486405,1.7245956e-07,0.0,0.021170964631070207,0.00531853294698998
p304_PKB,0.7516653952709625,0.10017652061047137,0.0,0.0,0.0,0.0,0.0
p305_H3,0.6268458691492593,0.23646739827211327,0.0,0.0,0.0,0.0,0.0
p305_P2,0.276513294034988,1.1850775656423698,0.0,0.0,0.0,0.0,0.0
p305_SCT,0.5498198462523295,0.35781459435776064,0.0,0.0,0.0,0.0,0.0
p305_PKA,0.9409619092750748,0.005487003006027314,0.0,0.0,0.0,0.0,0.0
p305_PKB,0.9862227428276494,0.0002982941448187849,0.0,0.0,0.0,0.0,0.0
p307_H3,5.2221443449701714e-33,150.9260231581341,5.799429027007986e-07,8.097938e-06,0.0,0.01575172297540793,0.003940100214079475
p307_P2,1.0111110209228524e-85,443.74354225197834,2.2949006840077207e-05,9.0539214e-07,0.0,0.01587170903240912,0.003973890857847726
p307_SCT,9.1743446368761e-123,682.6689775224177,1.0397307081394027e-05,0.0,0.0,0.0391240095772604,0.00978360172108545
p307_PKA,1.9142575663322795e-231,1579.6586423798797,2.0949543188714574e-05,0.0,0.0,0.0013109576145196363,0.00033297678942708774
p307_PKB,1.901519551183318e-99,528.8618121698221,2.1801793522031836e-05,1.5795297e-07,0.00010624981675793534,0.00769007043906651,0.001954570000578629
p308_H3,0.03658832209122339,4.377917666448997,6.213446117547138e-06,0.0,0.0,0.0020087124366534666,0.0005037314706927534
p308_P2,6.095521524848483e-34,155.6648428855362,2.90541609694724e-05,2.271783e-06,5.815662221184569e-05,0.016350428827274003,0.00410997784834694
p308_SCT,0.0002795534773710404,13.270293653214548,8.78215496325867e-06,4.2892327e-07,0.0,0.0079678574406571,0.001994267129723092
p308_PKA,5.6897578630957404e-24,105.81988950465775,5.52378802168309e-05,0.0,0.0,0.03512694764938515,0.008795546382400495
p308_PKB,1.5182113510832117e-21,93.96077672648575,9.157912701565952e-06,0.0,0.0,0.013057755810541263,0.0032667284308107074
p309_H3,1.0,0.0,0.0,0.0,0.0,0.0,0.0
p309_P2,0.39442165498327986,0.7257169761503122,0.0,0.0,0.0,0.0,0.0
p309_SCT,0.1971668819481856,1.664830057559535,0.0,0.0,0.0,0.0,0.0
p309_PKA,0.790400399018548,0.07067189421341154,0.0,0.0,0.0,0.0,0.0
p309_PKB,0.03574474335124922,4.417826413048649,1.9200990534249888e-05,1.9206093e-06,8.920327645942007e-05,0.027293009311506473,0.00685083354694827
p311_H3,1.2847038617025946e-98,523.6053284769242,1.068736530457443e-06,0.0,0.0,0.016182989735059793,0.004046014617897563
p311_P2,1.108848749578278e-87,455.660934564436,3.5197209495819883e-06,0.0,0.0,0.0030233214986397465,0.0007567103048973322
p311_SCT,0.8790836444238171,0.023152342834195032,0.0,0.0,0.0,0.0,0.0
p311_PKA,1.6700760293923967e-87,454.5762129138066,3.953848102788906e-06,0.0,0.0,0.001187096959610242,0.00029776270192825773
p311_PKB,6.306012728727285e-90,469.40843261051134,1.7219779255989896e-06,0.0,0.0,0.0006771521488517853,0.00016971853169434607
p312_H3,0.2904496977941809,1.118386821675652,0.0,0.0,0.0,0.0,0.0
p312_P2,0.29044969836812856,1.1183868190133688,0.0,0.0,0.0,0.0,0.0
p312_SCT,0.29044969779450414,1.1183868216738244,0.0,0.0,0.0,0.0,0.0
p312_PKA,0.2904496979105983,1.1183868211350476,0.0,0.0,0.0,0.0,0.0
p312_PKB,0.2904496975309667,1.1183868228964677,0.0,0.0,0.0,0.0,0.0
p313_H3,1.0,0.0,0.0,0.0,0.0,0.0,0.0
p313_P2,0.7798035840188926,0.07819248295037821,0.0,0.0,0.0,0.0,0.0
p313_SCT,0.7798035840309685,0.0781924829415051,0.0,0.0,0.0,0.0,0.0
p313_PKA,0.779803584013808,0.07819248295398601,0.0,0.0,0.0,0.0,0.0
p313_PKB,0.7798035835511103,0.07819248329138913,0.0,0.0,0.0,0.0,0.0
p314_H3,0.09446584489463103,2.800396389305333,0.0,0.0,0.0,0.0,0.0
p314_P2,1.1752601724741203e-06,23.82756056551982,4.0313052789183733e-07,3.7168184e-07,0.0,0.012753741811113082,0.0031886291558691263
p314_SCT,6.645104184213687e-22,95.70788364538724,1.3760294138958965e-06,1.2526564e-05,0.0,0.07625478781880683,0.01906717260310655
p314_PKA,3.364162724375289e-17,72.99464416335778,1.840655015748021e-06,0.0,0.0,0.019530501038234952,0.004883085423312675
p314_PKB,8.915574198981936e-09,33.47266778759068,6.954429058557805e-06,0.00031727515,0.0,0.006021358815034003,0.0015863970974705423
p315_H3,0.0,2917.2525042779143,1.1522261111145903e-05,0.0,0.0,0.05091639910347415,0.012731980341146323
p315_P2,1.2460209417668127e-204,1327.48164663591,4.5274569055660924e-05,1.3211066e-07,0.0,0.04228772945642269,0.010583284034033746
p315_SCT,8.785671381087302e-80,408.1033682927384,4.6567859328769956e-05,0.0,0.0,0.0028585281466360496,0.0007262740014912049
p315_PKA,4.607852686781177e-283,2132.9541702281317,1.65439535867794e-05,0.0,0.0,0.04004327752061368,0.010014955368550115
p315_PKB,0.0,2865.9289238566994,4.504034476985098e-05,1.26122695e-05,0.0,0.026764211383848407,0.006705465999536865
p316_H3,0.7776051355014502,0.07980406803208374,0.0,0.0,0.0,0.0,0.0
p316_P2,0.7776051355014502,0.07980406803195353,0.0,0.0,0.0,0.0,0.0
p316_SCT,0.7776051355014502,0.07980406803197518,0.0,0.0,0.0,0.0,0.0
p316_PKA,0.7776051355087839,0.0798040680264353,0.0,0.0,0.0,0.0,0.0
p316_PKB,0.7776051354936973,0.07980406803761625,0.0,0.0,0.0,0.0,0.0
p317_H3,0.7189596337063986,0.12954429691000702,0.0,0.0,0.0,0.0,0.0
p317_P2,4.314957420532531e-30,136.20684340639818,1.6452022329535977e-05,1.631955e-06,0.0,0.013624683116956313,0.0034106917735718017
p317_SCT,0.9815083087451022,0.0005374116843150389,0.0,0.0,0.0,0.0,0.0
p317_PKA,4.353439790846618e-33,151.32682678393726,0.0027516893905528057,0.01984073,2.073598942858883e-07,0.02314696076369061,0.011434896967081894
p317_PKB,4.1781709865841183e-38,177.0068009852033,1.9332322557445496e-05,0.0,0.0,0.07218241610734942,0.018050437107476718
p318_H3,0.002059466160130628,9.53168672255097,2.368829373935443e-06,0.0,0.0,0.001929897360015033,0.0004830665473472421
p318_P2,1.011370889341787e-34,159.6396307725886,0.00016147148861761604,2.212387e-06,0.0,0.008418525576663912,0.0021455523630745568
p318_SCT,0.0006076919273849295,11.806310825015215,1.327938799406988e-07,0.0,0.0,0.03633645174978516,0.009084146135916276
p318_PKA,1.9582330426080048e-44,210.0381243124007,0.0004364964186428291,3.7022928e-05,0.0,0.020487812124462088,0.005240332867814812
p318_PKB,8.832725785975629e-59,287.5939969337825,0.0006189840714635294,0.0,0.0005976803050185348,0.09719335395280504,0.024602504582321775
p319_H3,0.0028793984077778614,8.913987409826152,2.272901069153317e-06,0.0,0.0,0.03977502457477495,0.009944324368961026
p319_P2,8.268082853627837e-12,47.511271128941736,2.32980682133756e-05,4.6115022e-07,0.0,0.0032186568026473746,0.0008106040052706897
p319_SCT,0.0,2975.6195052380845,1.2876600596110036e-05,0.0,0.006367161874925215,0.05715799076102024,0.01588450730913539
p319_PKA,1.5308269718564947e-25,113.5517506050293,4.44273975067305e-05,1.2465179e-07,0.0,0.023857157814615917,0.00597542746597844
p319_PKB,1.3093798577965337e-184,1153.2648576792103,0.00146843796579065,0.0,0.0,0.003948690863630234,0.001354282207355221
p320_H3,4.2990396824120565e-06,21.29562068318979,4.651801127679016e-06,0.0,0.0,0.03275278209133003,0.008189358473114427
p320_P2,0.054267370001477064,3.710727888263508,5.887537484863788e-05,4.854005e-08,0.0,0.02791711338393814,0.0069940093247088005
p320_SCT,3.866560752842562e-06,21.50204186468808,4.651801127679016e-06,0.0,0.0,0.03275278209133003,0.008189358473114427
p320_PKA,2.363097018566182e-18,78.52439468844861,3.4434872720666305e-05,0.0,0.0,0.008265624723125406,0.002075014898961518
p320_PKB,1.533615987133869e-58,286.2674564140158,4.318269257119434e-05,0.0,0.0,0.014663180811608105,0.0036765908760448248
p321_H3,1.0,0.0,0.0,0.0,0.0,0.0,0.0
p321_P2,1.6465163835223255e-294,2269.0022864527355,5.1963111218966386e-05,1.8679623e-06,0.0,0.005437745138195108,0.0013728940529241765
p321_SCT,3.781657385768302e-108,584.8713183011344,0.0,0.0,0.0,0.002402437669208895,0.0006006094173022237
p321_PKA,2.0318244797109702e-81,417.85008385388346,0.0,0.0,0.0,0.002402437669208895,0.0006006094173022237
p321_PKB,3.797886974216228e-116,637.8025925517693,2.2715921591213667e-05,0.0,0.0,0.06241384085310512,0.015609139193674083
p322_H3,1.746260512865306e-121,673.9160248684425,0.00011678916190776852,0.0,0.0,0.007472656495455531,0.0018973614143408249
p322_P2,3.859849795425901e-124,692.1234525088646,3.5009724697880053e-06,0.0,0.0,0.02477140767542644,0.006193727161974057
p322_SCT,1.680041662777794e-68,342.3182457607042,2.325109567555516e-06,1.8718613e-07,0.0,0.04898261879751652,0.012246282773303889
p322_PKA,1.56120796327826e-120,667.4321432504319,5.005277225624361e-06,0.0,0.0,0.0076296521564302045,0.0019086643584139572
p322_PKB,8.124512373150324e-117,642.2990815413325,5.005277225624361e-06,0.0,0.0,0.0076296521564302045,0.0019086643584139572
p323_H3,1.4826353821395044e-37,174.16993852188907,6.047879793019725e-06,0.0,0.0,0.04605749555551392,0.011515885858826735
p323_P2,1.4121464449815535e-35,164.00863295214907,1.929828639620851e-05,0.0,0.0,0.017001606570149066,0.004255226214136319
p323_SCT,1.3223111631622245e-24,108.9352998156175,1.0105699666775779e-06,0.0,0.0,0.03993477326347198,0.009983945958359665
p323_PKA,3.975328931301352e-40,187.47958693840505,6.392273000860847e-05,0.0,0.0,0.0005862522554929384,0.00016254374637538673
p323_PKB,1.3608968957770007e-37,174.36167392397783,6.392273000860847e-05,0.0,0.0,0.0005862522554929384,0.00016254374637538673
p324_H3,1.494470870462996e-12,50.98578296852919,6.101665586575986e-05,7.1745035e-08,0.0,0.037817761012289994,0.00946971235329764
p324_P2,1.031470995887213e-08,33.182381600428734,1.2535168601385331e-05,0.0,0.0,0.01465524566417024,0.0036669452081929065
p324_SCT,0.0028436225421643586,8.936970651976438,1.2540247828532464e-06,0.0,0.0,0.004382170557835275,0.001095856145654532
p324_PKA,0.0008591490834705088,11.157390503989529,0.0001164927064475898,1.068058e-07,0.0,0.013369831568179858,0.0033716077701068017
p324_PKB,0.8355214806415767,0.043124467817029555,0.0,0.0,0.0,0.0,0.0
p325_H3,2.965790081009699e-41,193.35081428231183,7.333651111884382e-06,0.0,0.0,0.020466430456317377,0.0051184410268573155
p325_P2,1.7943692071229914e-34,158.3697372282835,9.131036170888644e-06,0.0,0.0,0.0006961477340332376,0.00017631969255103155
p325_SCT,2.982612540101764e-48,230.30833473504063,5.002228680319525e-07,0.0,0.0,0.0023357157671517648,0.0005840539975049492
p325_PKA,4.435143887263833e-47,224.05517447746803,5.002228680319525e-07,0.0,0.0,0.0023357157671517648,0.0005840539975049492
p325_PKB,1.7248292918363466e-47,226.24016326207197,5.002228680319525e-07,0.0,0.0,0.0023357157671517648,0.0005840539975049492
p326_H3,3.201672476732472e-67,335.0095886344323,2.0310763896815778e-05,2.0255191e-05,9.247240347468443e-05,0.012063842057584468,0.0030492201039827795
p326_P2,1.4133971137865984e-76,389.1526526133769,8.264775678311232e-06,0.0,0.0,0.010214484095017951,0.0025556872176740655
p326_SCT,6.554963821399242e-62,305.01747525622955,1.212305097060995e-05,0.0,0.0,0.0711696101646164,0.01779543330389675
p326_PKA,8.602463289207986e-58,282.12842171167034,1.472836603460765e-05,2.5265817e-07,0.0,0.02254232988666965,0.005639327727718106
p326_PKB,6.046095683634408e-62,305.2139075418819,3.912911449737877e-05,1.6107673e-06,0.0,0.026652166282909232,0.0066732265411764274
p327_H3,1.4104745993691717e-63,314.37463046177317,1.3424836753061408e-06,0.0,0.0,0.0011283410323105962,0.00028242087899647556
p327_P2,3.997067064579082e-44,208.40417236439006,2.0400923631467395e-05,2.3245681e-07,0.0,0.04070458423998914,0.01018130440510838
p327_SCT,3.6031219209463915e-89,464.7620738806701,1.276271309018808e-05,3.655507e-07,0.0,0.01392816262477685,0.003485322722142853
p327_PKA,1.8697300080271404e-75,382.5721349610921,2.0456557989209832e-05,0.0,0.0,0.03491409853548922,0.008733638773369608
p327_PKB,3.9024021057321967e-60,295.1140763436919,1.3424836753061408e-06,0.0,0.0,0.0011283410323105962,0.00028242087899647556
p328_H3,1.4015085110094236e-201,1300.180695145114,1.0588644620271935e-06,0.0002100702,0.0,0.020325766593815103,0.005134223913762281
p328_P2,4.584667515561381e-139,797.4974611172792,4.576149901481859e-05,0.0,0.0,6.473338837909609e-05,2.762372184847867e-05
p328_SCT,0.0,2758.5985806378594,2.935314042639696e-05,1.5239566e-06,0.0,0.018938181964046837,0.00474226476526787
p328_PKA,1.4762713636952291e-304,2392.7416084425286,8.484160159608939e-05,0.0,0.0,0.041464684171952086,0.010387381443387043
p328_PKB,6.327854157406026e-305,2397.351225326331,8.484160159608939e-05,0.0,0.0,0.041464684171952086,0.010387381443387043
p329_H3,7.512528417619292e-40,186.0433484660313,4.735665569211299e-06,1.0725621e-05,0.0,0.020258605085720263,0.005068516593071318
p329_P2,1.118797605897169e-158,944.1400608841186,9.343604139694813e-05,4.032237e-06,0.0,0.0011705739408076278,0.0003170105548085453
p329_SCT,0.00010592328670737069,15.115010950385768,1.7846428540641e-05,1.8390865e-07,0.0,0.0367323261058355,0.009187589110757446
p329_PKA,0.6758891935719937,0.17486406849722796,0.0,0.0,0.0,0.0,0.0
p329_PKB,2.3570573802452018e-182,1134.35497700982,0.00018730729231261408,2.2441691e-07,0.0,0.0011909226640601407,0.00034461359332023064
p330_H3,1.0,0.0,0.0,0.0,0.0,0.0,0.0
p330_P2,0.0021521297815852956,9.450380051140616,1.3866807466197837e-05,4.1543007e-07,0.0,0.023894902749437032,0.005977296246742173
p330_SCT,1.0,0.0,0.0,0.0,0.0,0.0,0.0
p330_PKA,0.002152129781594996,9.450380051132566,1.3866807466197837e-05,4.1543007e-07,0.0,0.023894902749437032,0.005977296246742173
p330_PKB,0.0021521297973459783,9.45038003761631,1.3866807466197837e-05,4.1543007e-07,0.0,0.023894902749437032,0.005977296246742173
p331_H3,0.0027162897267060436,9.02122692018819,2.4691330403394326e-06,0.0,0.0,0.001108442360507396,0.0002777278733869338
p331_P2,0.3965872869163113,0.7190935677378398,0.0,0.0,0.0,0.0,0.0
p331_SCT,2.9866358841802964e-09,35.65446865260267,4.840018357751377e-06,0.0,0.0,0.029288180898568206,0.0073232552292314896
p331_PKA,2.993414282771728e-08,31.06460299427496,3.7327647631778524e-05,3.6987753e-08,0.0,0.04957054639840865,0.012401977758448434
p331_PKB,0.004244834944461034,8.203027043025216,3.3701327281886814e-05,0.0,0.0,0.004878862050748085,0.001228140844507493
p332_H3,7.651376496756366e-117,642.4742285158393,2.2176654327245892e-05,6.630668e-07,0.0,0.14791111233186377,0.03698348801325478
p332_P2,3.066992375810975e-42,198.50207627567366,0.0001445800655335881,1.456608e-06,0.0,0.08659723919808178,0.021685818967890628
p332_SCT,0.00018996212530492164,14.00287290189321,0.0002084729006359232,1.917665e-05,0.0,0.03195874544018945,0.00804659874778438
p332_PKA,2.028173053994883e-05,18.2883571446471,5.52453528497064e-05,1.1003732e-06,0.0,0.0414314828545827,0.010371957145157353
p332_PKB,4.0406605926997054e-06,21.416282586630736,5.52453528497064e-05,1.1003732e-06,0.0,0.0414314828545827,0.010371957145157353
p333_H3,3.2209078001460305e-11,44.75863978450379,1.1643422294282044e-05,1.36565035e-08,0.0,0.024546605902966024,0.006139565745440947
p333_P2,7.248402556891155e-122,676.5243817224389,8.286483118596765e-05,5.2356786e-06,0.0,0.026236071665706295,0.006581043043873067
p333_SCT,2.5852472886415273e-84,435.2318789985866,1.3411470856814833e-05,0.0,0.0,0.06621724178473415,0.01655766331389774
p333_PKA,0.06508304373970206,3.408262965844403,5.975059747187643e-05,2.5493518e-06,0.0,0.06203688399594454,0.015524795986316066
p333_PKB,4.3517796572815146e-14,58.208242263718816,0.00027249542906802133,2.091223e-06,0.0,0.04296535344971318,0.010809985025444216
p334_H3,1.0692901844714096e-92,486.51632186749106,8.595683508416795e-06,3.194761e-07,0.0,0.02928741780179943,0.007324083240352133
p334_P2,2.3240287614871854e-12,50.08774590091569,7.099061148149339e-05,4.535166e-05,5.2612490364093396e-05,0.03281290132292903,0.00824546402085056
p334_SCT,2.4867965581044562e-92,484.243960905536,7.865919927899427e-06,0.0,0.0,0.012821197980711432,0.0032072659751598326
p334_PKA,8.678123149166076e-10,38.1281087736077,0.00011423634548333497,3.2442553e-05,0.0,0.011103731433200583,0.0028126025828622628
p334_PKB,0.001733090133962286,9.850963686902304,0.00011423634548333497,3.2442553e-05,0.0,0.011103731433200583,0.0028126025828622628
p335_H3,4.633948855269363e-70,351.26410960110866,3.837571167301986e-06,9.749373e-07,0.0,0.06814786344170384,0.017038168987537624
p335_P2,1.2717753483862705e-29,133.8523291340481,8.485098696874987e-05,2.0269157e-05,0.00012204557969532023,0.004042223834613593,0.001067347389613363
p335_SCT,4.187159371632195e-29,131.2612377795505,4.638828886180761e-05,1.3292309e-05,7.795940002992937e-06,0.004817657903610584,0.0012212836102993856
p335_PKA,5.451691435925765e-08,29.87606138699172,0.0001573114487084947,2.8729075e-06,0.0,0.039835591651010256,0.009998944001815653
p335_PKB,7.17714945739471e-09,33.90482405240386,0.0001573114487084947,2.8729075e-06,0.0,0.039835591651010256,0.009998944001815653
p336_H3,5.300993521878613e-60,294.37415561561494,6.896654148824408e-06,0.0,0.0,0.0659958678623198,0.016500691129117156
p336_P2,0.003541412880021584,8.534287415735239,3.882821394447083e-05,8.6353495e-08,0.0,0.032386707491243664,0.00810640551467079
p336_SCT,3.012191304457227e-71,358.1055164266044,1.457452580406235e-05,1.6410145e-07,0.0,0.026864000860106402,0.006719684871840279
p336_PKA,2.0615605487585284e-47,225.82734298674168,3.075960066155027e-05,1.4853308e-07,0.0,0.007441389350116401,0.001868074370963392
p336_PKB,2.660620275059202e-47,225.23702115021942,3.075960066155027e-05,1.4853308e-07,0.0,0.007441389350116401,0.001868074370963392
p337_H3,0.8119466379467426,0.056625284894785556,0.0,0.0,0.0,0.0,0.0
p337_P2,0.011340487589219784,6.428278778661122,2.3270664258658043e-05,2.9228493e-06,0.0,0.019577581833437063,0.004900943836739474
p337_SCT,0.9295536294382583,0.007818533500563048,0.0,0.0,0.0,0.0,0.0
p337_PKA,0.8791029069808569,0.023144909652180336,0.0,0.0,0.0,0.0,0.0
p337_PKB,0.8240881961480434,0.04943145292200106,0.0,0.0,0.0,0.0,0.0
p338_H3,4.698857064879034e-22,96.44140538653068,0.0006570840137744552,0.00028039957,0.0,0.030882094736718494,0.007954894581114952
p338_P2,1.1915577812396224e-38,179.82227932786807,0.0005313953631428213,1.3821896e-06,0.0,0.0006374706682367548,0.00029256205523648326
p338_SCT,3.061223893310107e-25,112.06625953860755,0.000679023241865227,7.46756e-08,0.0,0.014196017859650046,0.0037187789442781334
p338_PKA,1.0700802370540123e-21,94.70014877171837,0.0017114193255229335,8.3924783e-07,0.0,0.0035511218677277906,0.0013158451102707107
p338_PKB,2.4865774144227263e-23,102.678719114359,0.0017114193255229335,8.3924783e-07,0.0,0.0035511218677277906,0.0013158451102707107
p339_H3,0.3327322660190667,0.9388886339836384,0.0,0.0,0.0,0.0,0.0
p339_P2,1.971920763775524e-205,1334.6915607731896,6.304642211686964e-05,1.9750933e-06,0.0,0.07412709270754143,0.018548028555728367
p339_SCT,0.19415538531284965,1.6874299347648494,0.0,0.0,0.0,0.0,0.0
p339_PKA,0.643335749367113,0.21449959112905545,0.0,0.0,0.0,0.0,0.0
p339_PKB,0.280092203854934,1.1675515663965546,0.0,0.0,0.0,0.0,0.0
p340_H3,0.00011961782025003181,14.883075154812708,6.612798803060736e-05,3.4815542e-08,0.0,0.10058016864015476,0.025161582860931953
p340_P2,6.227340563735352e-09,34.18780596526156,1.367565381746466e-05,0.0,0.0,0.012298652931185618,0.003078082146250771
p340_SCT,9.469453557728802e-08,28.783506525855156,1.1193890021422727e-06,0.0,0.0,0.032095716651137605,0.008024209010034937
p340_PKA,7.420316567790667e-06,20.23467819697454,2.3391132177804645e-05,0.0,0.0,0.014501024920425971,0.003631104013150944
p340_PKB,7.940591735852996e-09,33.70338240345198,1.295713302099076e-05,0.0,0.0,0.007863507007617374,0.0019691160351595913
p341_H3,7.952861359072444e-05,15.662581023045243,5.539397831409973e-07,0.0,0.0,0.00545971371068528,0.0013650669126171054
p341_P2,9.042799036244584e-05,15.417043991450791,7.734112026652108e-08,0.0,0.0,0.0032324841614697385,0.0008081403756475012
p341_SCT,0.0013816748668380356,10.271509551347574,7.968685670290918e-08,0.0,0.0,0.030193375148045036,0.007548363708725435
p341_PKA,0.0007405718503921477,11.43539694915609,2.2906699849235128e-08,0.0,0.0,0.00681450339685952,0.0017036315758898423
p341_PKB,0.05239258833992013,3.76963957655432,5.932774321818143e-08,0.0,0.0,0.002711944042290491,0.0006780008425084273
p342_H3,0.026618879298658343,4.9258301566788685,3.1460621895040376e-07,0.0,0.0,0.028208756737249752,0.007052267835867176
p342_P2,0.056139078045975226,3.6540282283558834,3.116383481226335e-06,9.896564e-07,0.0,0.019202314741609848,0.004801605195379748
p342_SCT,6.6169702367431015e-06,20.457153177886585,1.11250431752588e-05,0.0,0.0,0.06349809035757913,0.015877303850188595
p342_PKA,0.7458854973551503,0.10506269660000078,0.0,0.0,0.0,0.0,0.0
p342_PKB,3.54981713389552e-05,17.209812979107937,1.5197598003796459e-05,1.6352759e-07,0.0,0.002628021940019476,0.0006608457664027969
p343_H3,3.654238994058436e-07,26.120325757898577,2.4413865759134896e-06,6.745429e-06,0.0,0.0013464246956254261,0.00033890287777308705
p343_P2,2.787659437446869e-29,132.1453104449487,2.6945607655665596e-05,1.1930828e-06,4.903810665000279e-06,0.003372153358957696,0.0008512989650112915
p343_SCT,1.87417076878813e-10,41.20674249927662,2.0251446633350665e-05,0.0,0.0,0.042222812575430105,0.010560766005515863
p343_PKA,1.671002370496329e-12,50.75861275169359,2.935663289679913e-05,1.0459746e-06,0.0,0.011697920120086419,0.0029320806818992017
p343_PKB,2.3302169339680434e-12,50.082339965788606,2.935663289679913e-05,1.0459746e-06,0.0,0.011697920120086419,0.0029320806818992017
p344_H3,1.919479806136669e-25,113.06660229741225,1.041958581245486e-06,0.0,0.0,0.010866567894380525,0.0027169024632404427
p344_P2,1.561004613162138e-23,103.66952790109782,1.7608397147037345e-05,2.529553e-07,0.0,0.010737189645618726,0.00268876274951362
p344_SCT,3.926295114731037e-25,111.53316970686201,1.041958581245486e-06,0.0,0.0,0.010866567894380525,0.0027169024632404427
p344_PKA,2.3698143704172634e-25,112.6148236095542,1.041958581245486e-06,0.0,0.0,0.010866567894380525,0.0027169024632404427
p344_PKB,2.7787202893004496e-25,112.27370862122922,1.041958581245486e-06,0.0,0.0,0.010866567894380525,0.0027169024632404427
p345_H3,1.6277816646737113e-21,93.8135337022591,1.617329737932752e-05,1.3649905e-05,5.6934146403224254e-05,0.01540900692551451,0.003873941068513889
p345_P2,2.999592645096014e-32,147.08063348170407,0.000695170950708589,2.413117e-06,0.0,0.008777899955332225,0.0023688710057714166
p345_SCT,1.8007951695908674e-26,118.14958597305758,6.309925213047096e-06,5.713687e-07,0.0,0.006372648752335949,0.0015948825115555648
p345_PKA,1.8668165804739e-23,103.28870699924138,1.041958581245486e-06,0.0,0.0,0.010866567894380525,0.0027169024632404427
p345_PKB,3.3948787150788573e-25,111.84464302966535,1.041958581245486e-06,0.0,0.0,0.010866567894380525,0.0027169024632404427
p346_H3,2.9521738103419414e-35,162.37064723685253,1.4337720512747256e-05,3.7837779e-06,2.880143037310646e-07,0.02350043763907224,0.005879711787936272
p346_P2,3.9746309191698795e-36,166.82886134573502,1.4542318374896143e-05,1.7461e-06,0.0,0.018645714813776523,0.004665500808037113
p346_SCT,4.097489029806442e-37,171.89689520204627,1.4337720512747256e-05,3.7837779e-06,2.880143037310646e-07,0.02350043763907224,0.005879711787936272
p346_PKA,5.518002744486869e-38,176.38333757752437,1.4337720512747256e-05,3.7837779e-06,2.880143037310646e-07,0.02350043763907224,0.005879711787936272
p346_PKB,5.459130500468185e-38,176.4073763630509,1.4337720512747256e-05,3.7837779e-06,2.880143037310646e-07,0.02350043763907224,0.005879711787936272
p347_H3,2.2260574935455346e-50,241.71789188526907,1.0996915943409863e-05,0.0,0.0,0.008365875834003576,0.0020942181874867467
p347_P2,1.0026470563670195e-07,28.670523676675376,5.010399872721087e-05,4.772121e-06,0.0,0.023620303273204985,0.005918794848226534
p347_SCT,9.121813995454007e-51,243.8050731172683,1.0996915943409863e-05,0.0,0.0,0.008365875834003576,0.0020942181874867467
p347_PKA,8.865271083411116e-58,282.05628385676556,1.0996915943409863e-05,0.0,0.0,0.008365875834003576,0.0020942181874867467
p347_PKB,1.5778118059784519e-52,253.3315299116724,1.0996915943409863e-05,0.0,0.0,0.008365875834003576,0.0020942181874867467
p348_H3,0.796110048089384,0.06678824231892429,0.0,0.0,0.0,0.0,0.0
p348_P2,0.654863774967015,0.19990917596707783,0.0,0.0,0.0,0.0,0.0
p348_SCT,0.7425896915989049,0.10790651052425013,0.0,0.0,0.0,0.0,0.0
p348_PKA,0.766449769344558,0.08825654171537513,0.0,0.0,0.0,0.0,0.0
p348_PKB,0.8238931195309571,0.049542978167677235,0.0,0.0,0.0,0.0,0.0
p349_H3,0.0069523851957758315,7.306972384621971,1.7050850704655047e-05,2.3230887e-06,0.0,0.07195887244098405,0.017994561595088533
p349_P2,1.9440072662478975e-55,269.18576734609655,1.1998449788375457e-05,0.0,0.0,0.001531812232955927,0.0003859526706860756
p349_SCT,0.005017289475900724,7.898365057604941,1.3250905883881961e-05,0.0,0.0,0.07448629089156861,0.018624885449363124
p349_PKA,0.7622706181349126,0.09154241045212394,0.0,0.0,0.0,0.0,0.0
p349_PKB,0.9391186132953556,0.00583566204778179,0.0,0.0,0.0,0.0,0.0
p350_H3,1.5408938450349187e-06,23.29751198458996,4.999641584573147e-07,0.0,0.0,0.07033705270493637,0.017584388167273708
p350_P2,0.00029256346763753316,13.184216505128248,1.0676883847592056e-05,0.0,0.0,0.008890910195898842,0.0022253967699366085
p350_SCT,1.5408938450340045e-06,23.297511984591242,4.999641584573147e-07,0.0,0.0,0.07033705270493637,0.017584388167273708
p350_PKA,1.4645556498152301e-06,23.396891813728413,4.999641584573147e-07,0.0,0.0,0.07033705270493637,0.017584388167273708
p350_PKB,1.4709676712182955e-06,23.388346528132214,4.999641584573147e-07,0.0,0.0,0.07033705270493637,0.017584388167273708
p351_H3,0.034988030450915,4.454474302171017,0.00010342938114636203,2.8159191e-05,0.0,0.035573321596374746,0.00892622754214545
p351_P2,1.9729539362447285e-20,88.5530775018081,0.00031496728483561254,2.4500582e-07,0.00018155825597882983,0.021634830033653626,0.00553290014507248
p351_SCT,2.7440925365921796e-10,40.43973565050718,4.5496353316439114e-05,8.359102e-08,2.3392185982530985e-07,0.05267909667090416,0.013181227634274744
p351_PKA,0.05485522170778117,3.6926993325251973,5.052471722543988e-05,3.9235667e-05,0.0,0.03260317285232966,0.0081732333091183
p351_PKB,0.05465523606977725,3.6988094965911413,5.052471722543988e-05,3.9235667e-05,0.0,0.03260317285232966,0.0081732333091183
p352_H3,0.11553802379091373,2.479885784887204,0.0,0.0,0.0,0.0,0.0
p352_P2,0.05702156643913693,3.627987575048888,1.174971467474552e-05,9.463927e-07,0.0,0.030956779718411008,0.007742368956440051
p352_SCT,0.05662754206715484,3.639561235242568,1.174971467474552e-05,9.463927e-07,0.0,0.030956779718411008,0.007742368956440051
p352_PKA,0.06525856382182092,3.4038078660973747,1.174971467474552e-05,9.463927e-07,0.0,0.030956779718411008,0.007742368956440051
p352_PKB,0.05850360620286963,3.5852044055171537,1.174971467474552e-05,9.463927e-07,0.0,0.030956779718411008,0.007742368956440051
p353_H3,2.8249080601329807e-128,720.80014037991,1.7809167451408308e-05,0.0,0.0,0.028701245731005246,0.007179763724614163
p353_P2,1.160863129347209e-68,343.2370785705142,3.7135203119670764e-05,9.288182e-07,0.0012998630010636941,0.019411202822743025,0.005187282461287625
p353_SCT,5.760303959984078e-52,250.2847751865692,4.5179303375832996e-05,0.0,0.0,0.05185070603534253,0.01297397133467959
p353_PKA,0.111653445741524,2.5338756165415712,0.0,0.0,0.0,0.0,0.0
p353_PKB,0.7954838450132257,0.06720845900947467,0.0,0.0,0.0,0.0,0.0
