,feature,rf,xgb,gbr,BayesianRidge,mean,true_position,TMD,amino_acid
0,1_H3,2.4098426870737187e-06,3.5941866372013465e-07,0.0,0.0582079656019606,0.0145526837158278,1,CT/EC,M
1,1_SCT,6.548710279522315e-06,1.0132972647625138e-06,0.0,0.0379286102760123,0.0094840430708891,1,CT/EC,M
2,1_PKB,4.190661784459161e-05,7.0557788944825e-08,0.0,0.0220480389366341,0.0055225040280669,1,CT/EC,M
3,1_PKA,2.1935157124913347e-05,1.6334993233613204e-06,0.0,0.0385353049311552,0.0096397183969008,1,CT/EC,M
4,2_H3,0.0001187776606797,7.789656592649408e-06,0.0,0.0307792077105749,0.0077264437569618,2,CT/EC,N
5,2_SCT,0.0002481641532829,9.01003022590885e-06,0.0001437106910869,0.0898877825607357,0.0225721668588329,2,CT/EC,N
6,2_PKA,0.002860543300316,1.627450001251418e-05,0.0,0.0628965988816921,0.0164433541705051,2,CT/EC,N
7,2_PKB,0.0001340732055194,3.2548241506447084e-06,0.0,0.0405652716745344,0.0101756499260511,2,CT/EC,N
8,3_H3,8.058009720440325e-06,2.2287147203314817e-06,0.0,0.1336043555905444,0.0334036605787462,3,N-Termina,G
9,3_SCT,0.0001007239907145,1.5457415258879337e-07,0.0,0.0175719456980298,0.0044182060657242,3,N-Termina,G
10,3_PKA,0.0003757431549865,1.6981003909677383e-06,0.0007538632098726,0.0201947340909793,0.0053315096390573,3,N-Termina,G
11,3_PKB,7.61365856213805e-05,0.0,0.0,0.0134098243083043,0.0033714902234814,3,N-Termina,G
12,3_P2,6.577755704734967e-05,2.087344546453096e-05,0.0,0.0660043178823363,0.016522742221212,3,N-Termina,G
13,4_PKB,7.091980265416795e-05,4.006502081210783e-07,0.0,0.0562275118626114,0.0140747080788684,4,N-Termina,T
14,4_SCT,8.2405312923377e-05,2.1288228424509725e-07,0.0,0.0027918183765169,0.0007186091429311,4,N-Termina,T
15,4_PKA,7.091980265416795e-05,4.006502081210783e-07,0.0,0.0562275118626114,0.0140747080788684,4,N-Termina,T
16,4_H3,2.968599545077386e-05,2.9760744837403763e-06,0.0,0.0334534387829355,0.0083715252132175,4,N-Termina,T
17,4_P2,7.860919049021299e-05,7.243569370984915e-07,0.0,0.0245454985620433,0.0061562080273676,4,N-Termina,T
18,5_H3,2.504554932099783e-05,6.887190124871267e-07,0.0,0.0433586997427314,0.0108461085027662,5,N-Termina,E
19,5_P2,2.504554932099783e-05,6.887190124871267e-07,0.0,0.0433586997427314,0.0108461085027662,5,N-Termina,E
20,5_SCT,2.504554932099783e-05,6.887190124871267e-07,0.0,0.0433586997427314,0.0108461085027662,5,N-Termina,E
21,5_PKB,2.504554932099783e-05,6.887190124871267e-07,0.0,0.0433586997427314,0.0108461085027662,5,N-Termina,E
22,5_PKA,2.504554932099783e-05,6.887190124871267e-07,0.0,0.0433586997427314,0.0108461085027662,5,N-Termina,E
23,6_H3,1.114299393619252e-05,1.3106300684739836e-06,0.0,0.0209297090506059,0.0052355406686526,6,N-Termina,G
24,6_SCT,3.34962890594025e-06,1.4064559650250885e-07,0.0,0.0451472874374523,0.0112876944279887,6,N-Termina,G
25,6_PKA,4.152823396675247e-06,8.432041067862883e-05,0.0,0.1119124239368646,0.0280002242927349,6,N-Termina,G
26,6_P2,5.05532576160893e-06,1.5083609241628435e-06,0.0,0.0393074693939252,0.0098285082701527,6,N-Termina,G
27,6_PKB,4.152823396675247e-06,8.432041067862883e-05,0.0,0.1119124239368646,0.0280002242927349,6,N-Termina,G
28,7_PKB,5.308639914676177e-05,2.1773998014396057e-05,0.0,0.0195644825016653,0.0049098357247066,7,N-Termina,P
29,7_P2,8.556369983576175e-05,1.2472445405364851e-06,0.0,0.0079675431613111,0.0020135885264218,7,N-Termina,P
30,7_SCT,0.000213577813406,8.591284199610527e-07,0.0,0.0156216681109204,0.0039590262631866,7,N-Termina,P
31,7_H3,3.321401514570553e-05,1.6680239696142962e-06,0.0,0.0370762526469673,0.0092777836715206,7,N-Termina,P
32,7_PKA,0.000109454194018,1.3882539633414126e-06,0.0,0.0501565613307872,0.0125668509446921,7,N-Termina,P
33,8_P2,0.0001974023249799,9.986413260776317e-07,0.0,0.0170014044525199,0.0042999513547064,8,N-Termina,N
34,8_PKA,0.0002556429456906,4.420621553435922e-05,0.0,0.0143800717097565,0.0036699802177454,8,N-Termina,N
35,8_PKB,6.006725624216006e-05,1.1564142141651246e-06,0.0,0.0030854287929545,0.0007866631158527,8,N-Termina,N
36,8_SCT,1.3847682807185389e-05,3.435205144342035e-06,0.0,0.0017197405991971,0.0004342558717871,8,N-Termina,N
37,9_SCT,5.3751215173230105e-05,0.0,0.0,0.0066806490708414,0.0016836000715036,9,N-Termina,F
38,9_PKB,2.343018595135896e-05,4.456841509181686e-07,0.0,0.0615887979999243,0.0154031684675066,9,N-Termina,F
39,9_P2,2.5641711075239845e-05,8.126870852720458e-06,0.0,0.00762800244026,0.001915442755547,9,N-Termina,F
40,9_PKA,0.0052566388810582,9.25151016417658e-06,0.0,0.0134428344770187,0.0046771812170602,9,N-Termina,F
41,9_H3,1.4747994821222966e-06,3.191015593984048e-07,0.0,0.0571382746474184,0.0142850171371149,9,N-Termina,F
42,10_SCT,8.766677234119614e-06,5.442025781121629e-07,0.0,0.0379846080429433,0.0094984797306889,10,N-Termina,Y
43,10_PKA,4.513927362243499e-06,1.4612346888043248e-07,0.0,0.0078829627586529,0.001971905702371,10,N-Termina,Y
44,10_H3,4.7993497057387865e-06,4.135687504458474e-06,0.0,0.032192611523247,0.0080503866401143,10,N-Termina,Y
45,10_PKB,8.78611680278038e-05,1.0266653589496856e-05,0.0,0.0191557112649598,0.0048134597716442,10,N-Termina,Y
46,11_H3,1.0413898156437234e-05,2.027363279921701e-06,0.0,0.0033390175460601,0.0008378647018741,11,N-Termina,V
47,11_PKB,1.2170750729170471e-05,3.409878900129115e-06,0.0,0.0139764737440167,0.0034980135934115,11,N-Termina,V
48,11_SCT,1.6051968413423203e-06,2.090482951189188e-07,0.0,0.0006007012523247,0.0001506288743652,11,N-Termina,V
49,11_PKA,1.546767945904198e-05,5.638928612938798e-08,0.0,0.0041888258524512,0.001051087480299,11,N-Termina,V
50,11_P2,6.319180980404324e-05,6.007622914694366e-07,0.0,0.0240684777933583,0.0060330675913634,11,N-Termina,V
51,12_PKA,1.009427265863332e-05,0.0,0.0,0.0508370992785092,0.0127117983877919,12,N-Termina,P
52,12_P2,1.8550383475644688e-06,0.0,0.0,0.0578972801394218,0.0144747837944423,12,N-Termina,P
53,12_SCT,1.8550383475644688e-06,0.0,0.0,0.0578972801394218,0.0144747837944423,12,N-Termina,P
54,12_H3,1.2452778583126304e-06,1.291912894885172e-06,0.0,0.0368960741735622,0.0092246528410788,12,N-Termina,P
55,12_PKB,1.8550383475644688e-06,0.0,0.0,0.0578972801394218,0.0144747837944423,12,N-Termina,P
56,13_PKA,5.973698016144889e-05,5.234331865722197e-07,0.0,0.0096892453571009,0.0024373764426122,13,N-Termina,F
57,13_SCT,4.921940794902985e-05,6.0461302382464055e-06,0.0,0.0024993550772178,0.0006386551538512,13,N-Termina,F
58,13_PKB,0.0001336744240273,3.287608706159517e-05,0.0,0.0991066673423951,0.024818304463371,13,N-Termina,F
59,14_PKB,2.7766955049856543e-05,4.490174433158245e-06,0.0,0.0457501116306376,0.0114455921900301,14,N-Termina,S
60,14_P2,2.09821833080189e-05,1.4506914567391505e-06,0.0,0.0140721116502743,0.0035236361312597,14,N-Termina,S
61,14_SCT,5.867722488228271e-06,4.686164345457655e-07,0.0,0.0220340500806567,0.0055100966048948,14,N-Termina,S
62,14_PKA,1.0547829091083782e-05,2.188245616707718e-06,2.3891776494626822e-05,0.020391493483047,0.0051070303335623,14,N-Termina,S
63,15_H3,2.722376079416114e-05,0.0,0.0,0.0292263684967745,0.0073133980643921,15,N-Termina,N
64,15_SCT,3.516599262820669e-06,2.1133000700501725e-05,0.0,0.0618091947372504,0.0154584610843034,15,N-Termina,N
65,15_P2,2.722376079416114e-05,0.0,0.0,0.0292263684967745,0.0073133980643921,15,N-Termina,N
66,15_PKA,2.722376079416114e-05,0.0,0.0,0.0292263684967745,0.0073133980643921,15,N-Termina,N
67,15_PKB,2.722376079416114e-05,0.0,0.0,0.0292263684967745,0.0073133980643921,15,N-Termina,N
68,16_PKA,2.722376079416114e-05,0.0,0.0,0.0292263684967745,0.0073133980643921,16,N-Termina,K
69,16_PKB,2.722376079416114e-05,0.0,0.0,0.0292263684967745,0.0073133980643921,16,N-Termina,K
70,16_SCT,4.340772021703998e-05,0.0,0.0,0.0303420755546086,0.0075963708187064,16,N-Termina,K
71,16_H3,1.7813796573562595e-05,1.5560016208837626e-07,0.0,0.0008219886638873,0.0002099895151557,16,N-Termina,K
72,16_P2,5.680623535264986e-05,2.6966313271259423e-06,0.0002080930303112,0.0150323012122403,0.0038249742773078,16,N-Termina,K
73,17_PKA,2.722376079416114e-05,0.0,0.0,0.0292263684967745,0.0073133980643921,17,N-Termina,T
74,17_SCT,2.722376079416114e-05,0.0,0.0,0.0292263684967745,0.0073133980643921,17,N-Termina,T
75,17_PKB,2.722376079416114e-05,0.0,0.0,0.0292263684967745,0.0073133980643921,17,N-Termina,T
76,17_H3,2.722376079416114e-05,0.0,0.0,0.0292263684967745,0.0073133980643921,17,N-Termina,T
77,17_P2,5.673623031536088e-05,1.8294538676855154e-05,2.738526323135144e-07,0.0140515912633809,0.0035317239712513,17,N-Termina,T
78,18_H3,1.961213987667734e-06,2.873647133583291e-07,0.0,0.0080863966427813,0.0020221613053705,18,N-Termina,G
79,18_PKA,1.8550383475644688e-06,0.0,0.0,0.0578972801394218,0.0144747837944423,18,N-Termina,G
80,18_P2,5.144266866245829e-07,1.066167953922559e-07,0.0,0.0014670148076012,0.0003669089627708,18,N-Termina,G
81,18_PKB,1.8550383475644688e-06,0.0,0.0,0.0578972801394218,0.0144747837944423,18,N-Termina,G
82,18_SCT,1.8550383475644688e-06,0.0,0.0,0.0578972801394218,0.0144747837944423,18,N-Termina,G
83,19_H3,1.8550383475644688e-06,0.0,0.0,0.0578972801394218,0.0144747837944423,19,N-Termina,V
84,19_PKB,1.8550383475644688e-06,0.0,0.0,0.0578972801394218,0.0144747837944423,19,N-Termina,V
85,19_SCT,1.8550383475644688e-06,0.0,0.0,0.0578972801394218,0.0144747837944423,19,N-Termina,V
86,19_PKA,1.8550383475644688e-06,0.0,0.0,0.0578972801394218,0.0144747837944423,19,N-Termina,V
87,19_P2,2.5562503872154867e-05,4.840213478018995e-06,0.0,0.0210028462355806,0.0052583122382327,19,N-Termina,V
88,20_SCT,0.0,0.0,0.0,0.0464816925407972,0.0116204231351993,20,N-Termina,V
89,20_PKA,1.8550383475644688e-06,0.0,0.0,0.0578972801394218,0.0144747837944423,20,N-Termina,V
90,20_H3,1.961213987667734e-06,2.873647133583291e-07,0.0,0.0080863966427813,0.0020221613053705,20,N-Termina,V
91,20_PKB,1.8550383475644688e-06,0.0,0.0,0.0578972801394218,0.0144747837944423,20,N-Termina,V
92,20_P2,9.728454168718088e-06,7.878346082179633e-07,0.0,0.0132265091806693,0.0033092563673615,20,N-Termina,V
93,21_P2,6.387718784572038e-05,5.163080913916929e-06,0.0,0.0224954702426533,0.0056411276278532,21,N-Termina,R
94,21_PKA,1.0635573338040905e-05,2.3948022231934374e-08,0.0,0.0112639724438186,0.0028186579912947,21,N-Termina,R
95,21_SCT,9.697130937634222e-05,0.0,0.0,0.0326233472628357,0.008180079643053,21,N-Termina,R
96,21_PKB,1.0157946298056858e-05,1.6093334807010251e-06,0.0001765641121805,0.0238051704023213,0.0059983754485701,21,N-Termina,R
97,21_H3,1.0333504767829066e-05,2.877294036807143e-06,0.0,0.0286957976941698,0.0071772521232436,21,N-Termina,R
98,22_SCT,0.0002167119328768,0.0001287881023017,6.300480281700457e-05,0.0537373571925564,0.013536465507638,22,N-Termina,S
99,22_PKA,5.701731429487977e-06,2.0342138213891303e-06,0.0,0.0127780861168792,0.0031964555155325,22,N-Termina,S
100,22_PKB,0.005015931746537,1.6655430954415351e-06,0.0,0.0398303350056573,0.0112119830738224,22,N-Termina,S
101,22_H3,1.6061221140052458e-05,1.3418548405752515e-06,0.0,0.0035815830451654,0.0008997465302865,22,N-Termina,S
102,22_P2,2.351955263804081e-05,1.862377303041285e-06,0.0,0.0212055848488157,0.0053077416946892,22,N-Termina,S
103,24_P2,1.1603787137538493e-05,4.300655120914598e-08,0.0,0.0040165922718455,0.0010070597663835,24,N-Termina,F
104,24_PKB,4.8274598658100976e-05,8.594668088335311e-07,0.0,0.0313773996369199,0.0078566334255967,24,N-Termina,F
105,24_PKA,1.595723072570016e-05,0.0,0.0,0.0135700933587817,0.0033965126473768,24,N-Termina,F
106,24_H3,1.2705709819675898e-05,2.6169839202339062e-06,0.0,0.0117709537850388,0.0029465691196946,24,N-Termina,F
107,25_H3,5.147610525136283e-07,4.857887958564788e-08,0.0,0.0134508740289217,0.0033628593422134,25,N-Termina,E
108,25_PKB,9.399054327971132e-06,1.0671629979697173e-07,0.0,0.012864099384231,0.0032184012887147,25,N-Termina,E
109,25_P2,1.9190429944914727e-05,6.015751296217786e-06,0.0,0.0001488888838456,4.35237662717048e-05,25,N-Termina,E
110,25_SCT,6.111193249277892e-07,0.0,0.0,0.0747768954167179,0.0186943766340107,25,N-Termina,E
111,25_PKA,3.2654365595194244e-05,1.8940136214951053e-05,0.0,0.0240576489475466,0.0060273108623391,25,N-Termina,E
112,26_P2,8.659068496277982e-06,3.824000941676786e-06,0.0,0.0174255391604487,0.0043595055574716,26,N-Termina,A
113,26_H3,4.858661114251735e-06,1.218833062921476e-06,0.0,0.025067652231996,0.0062684324315432,26,N-Termina,A
114,26_PKA,4.271041847646861e-06,6.757243227184517e-06,0.0,0.0005403233907774,0.000137837918963,26,N-Termina,A
115,26_SCT,5.1797142968586965e-06,0.0,0.0,0.0395169478455476,0.0098805318899611,26,N-Termina,A
116,26_PKB,6.516344612547746e-06,2.91972446575528e-06,0.0,0.0328525195724863,0.0082154889103911,26,N-Termina,A
117,27_H3,8.262524902082242e-06,9.505355592409614e-06,0.0,0.0076004815290143,0.0019045623523771,27,N-Termina,P
118,27_PKA,2.404288696820978e-05,1.848628699008259e-06,0.0,0.0157155815020315,0.0039353682544246,27,N-Termina,P
119,27_SCT,9.781362849870091e-06,1.167029362036942e-09,0.0,0.015105987427773,0.003778942489413,27,N-Termina,P
120,27_PKB,7.599441604924003e-05,3.5704172773876053e-07,0.000211544200574,0.0050684814954893,0.00133909428846,27,N-Termina,P
121,28_P2,0.0,0.0,0.0,0.0024024376692088,0.0006006094173022,28,N-Termina,Q
122,28_PKB,0.0,0.0,0.0,0.0024024376692088,0.0006006094173022,28,N-Termina,Q
123,28_PKA,0.0,0.0,0.0,0.0024024376692088,0.0006006094173022,28,N-Termina,Q
124,29_P2,2.2453489168018576e-06,1.0945520045879677e-07,0.0,0.0157918385778609,0.0039485483454945,29,N-Termina,Y
125,29_SCT,3.15957771808946e-07,0.0,0.0,0.0263598225930931,0.0065900346377162,29,N-Termina,Y
126,29_PKA,2.820970047527368e-06,1.728923507471336e-06,0.0,0.0116695301939467,0.0029185200218754,29,N-Termina,Y
127,29_H3,1.5302918256569203e-06,7.726705916866194e-06,0.0,0.0053122652943732,0.0013303805730289,29,N-Termina,Y
128,29_PKB,3.218113435207345e-06,0.0,0.0,0.0011277779335044,0.0002827490117349,29,N-Termina,Y
129,30_P2,3.208333423319045e-05,6.394657248165458e-07,0.0,0.0394286465980926,0.0098653423495126,30,N-Termina,Y
130,30_PKB,1.465761621403115e-05,0.0,0.0,0.0029079377650983,0.0007306488453281,30,N-Termina,Y
131,30_H3,3.208333423319045e-05,6.394657248165458e-07,0.0,0.0394286465980926,0.0098653423495126,30,N-Termina,Y
132,30_SCT,3.208333423319045e-05,6.394657248165458e-07,0.0,0.0394286465980926,0.0098653423495126,30,N-Termina,Y
133,30_PKA,3.208333423319045e-05,6.394657248165458e-07,0.0,0.0394286465980926,0.0098653423495126,30,N-Termina,Y
134,31_PKA,1.374847344834382e-06,5.181497186868e-08,0.0,0.0117076785654958,0.0029272763069531,31,N-Termina,L
135,31_P2,3.4723323636363915e-06,4.815650754608214e-06,4.254837125151638e-05,0.0033414528631412,0.0008480723043777,31,N-Termina,L
136,31_PKB,3.352293353966025e-06,0.0,0.0,0.0325126119637634,0.0081289910642793,31,N-Termina,L
137,32_P2,1.1263177542880944e-05,1.0544260476308407e-05,0.0,0.0176263738077455,0.0044120453114411,32,N-Termina,A
138,32_SCT,4.504178883795334e-06,0.0,0.0,0.0614015885421903,0.0153515231802685,32,N-Termina,A
139,32_PKA,1.0078082798768165e-05,0.0,0.0,0.0012707288964959,0.0003202017448236,32,N-Termina,A
140,33_PKB,0.0002636665665691,4.912863005301915e-05,0.000126264457498,0.0226643247114527,0.0057758460913932,33,N-Termina,E
141,33_PKA,0.0001734999674635,5.638326456391951e-06,0.0,0.0148203164708854,0.0037498636912013,33,N-Termina,E
142,33_SCT,8.035004037094264e-06,2.60871416912778e-07,0.0,0.0430047033732529,0.0107532498121767,33,N-Termina,E
143,33_H3,9.151185592368525e-06,0.0,0.0,0.0595013754859979,0.0148776316678975,33,N-Termina,E
144,34_PKB,4.074589086372736e-05,4.690546404617635e-07,0.0006348030859355,0.0041311006733967,0.0012017796762091,34,N-Termina,P
145,34_PKA,0.0002237322428871,6.921522435732186e-05,0.0,0.0069755226022931,0.0018171175173844,34,N-Termina,P
146,34_P2,0.0001186994702245,1.2313893194004777e-06,0.0,0.0053980332575525,0.0013794910292741,34,N-Termina,P
147,34_SCT,4.948529759677517e-05,9.787030421648524e-07,0.0,0.0442954635306602,0.0110864818828247,34,N-Termina,P
148,34_H3,5.708128069305693e-06,1.248989036639614e-07,0.0,0.0566027258723989,0.0141521397248429,34,N-Termina,P
149,35_H3,2.8713698148152977e-06,2.702456356473704e-07,0.0,0.0448900022040706,0.0112232859548802,35,N-Termina,W
150,35_PKA,2.8400801631332657e-05,4.954878477292368e-06,0.0,0.0290740967352064,0.0072768631038287,35,N-Termina,W
151,35_PKB,4.650159539238889e-05,2.048574430091321e-07,0.0,0.0833631468326377,0.0208524633213682,35,N-Termina,W
152,35_P2,7.020738606023281e-05,5.4230181234515846e-08,0.0,0.0672033131651184,0.0168183936953399,35,N-Termina,W
153,36_P2,0.0001229493951345,1.50784217112232e-06,0.0,0.0141696468863771,0.0035735260309207,36,N-Termina,Q
154,36_H3,2.5374511695574592e-05,1.6375441873606178e-06,0.0,0.0217878960470504,0.0054537270257333,36,N-Termina,Q
155,36_PKA,8.959636831601607e-05,1.930952976181288e-06,6.910954573494536e-05,0.0377928231658484,0.0094883650082189,36,N-Termina,Q
156,36_SCT,9.234797903039586e-06,9.153258361038752e-06,0.0,0.021412523428,0.005357727871066,36,N-Termina,Q
157,36_PKB,3.546941380194516e-05,5.903129718376477e-08,0.0,0.035396598741004,0.0088580317965257,36,N-Termina,Q
158,37_P2,4.149653530253434e-05,0.0,0.0,0.000719419578917,0.0001902290285548,37,1,F
159,37_PKA,5.11850470872143e-05,3.949035090045072e-05,0.0029540932423884,0.0952808082287905,0.0245813942172916,37,1,F
160,37_PKB,2.732502166081567e-05,0.0,0.0,0.0051098849669641,0.0012843024971562,37,1,F
161,37_H3,5.11850470872143e-05,3.949035090045072e-05,0.0029540932423884,0.0952808082287905,0.0245813942172916,37,1,F
162,38_SCT,2.8659268160173664e-05,2.7353523819328984e-06,0.0,0.0063025219974109,0.0015834791544882,38,1,S
163,38_P2,0.0001713857352774,7.2529569479229394e-06,0.0,0.0073379645338989,0.001879150806531,38,1,S
164,39_H3,1.7665179828701252e-08,0.0,0.0,0.0314156715642378,0.0078539223073544,39,1,M
165,39_SCT,8.596836202145393e-06,3.521255109717458e-07,0.0,0.008822585193523,0.002207883538809,39,1,M
166,39_P2,7.675246993234136e-05,1.4572235613741211e-06,6.06292335053614e-05,0.0801033650363417,0.0200605509908352,39,1,M
167,40_PKB,7.432843307220892e-05,0.0,0.0,0.0325233551855808,0.0081494209046632,40,1,L
168,40_H3,2.0527643795950417e-05,1.8503686760595886e-07,0.0,0.0125794873943691,0.0031500500187581,40,1,L
169,40_SCT,0.0001031220819653,0.0,0.0,0.023335834037868,0.0058597390299583,40,1,L
170,40_PKA,0.0001352882931892,0.0,0.0,0.0048528176335065,0.0012470264816739,40,1,L
171,40_P2,5.675384859861576e-06,6.497098365798593e-05,0.0,0.0254906814746908,0.0063903319608021,40,1,L
172,41_PKA,5.024989015571272e-05,4.811551548300486e-07,0.0,0.0262800671008045,0.0065826995365287,41,1,A
173,41_P2,4.280262001251577e-05,3.91410958400229e-06,0.0,0.0199154017660161,0.0049905296239031,41,1,A
174,41_SCT,2.6046783390616267e-05,8.156042895279825e-05,0.0,0.0016214924447949,0.0004322749142845,41,1,A
175,41_H3,7.472640035898273e-05,1.0527704944252037e-05,0.0,0.0093929653204558,0.0023695548564397,41,1,A
176,41_PKB,2.3960657975664965e-05,1.7403444871888496e-06,0.0,0.0296800658010224,0.0074264417008713,41,1,A
177,42_PKA,0.0003111150463052,2.4503582608303983e-05,0.0003036334634245,0.0001429276723379,0.000195544941169,42,1,A
178,42_H3,1.9963600746286225e-05,1.4373948431511965e-07,0.0,0.0345109412800847,0.0086327621550788,42,1,A
179,42_SCT,7.838182338250541e-05,3.736981398105854e-06,0.0,0.0536325455708142,0.0134286660938987,42,1,A
180,42_PKB,0.0002727951804145,2.8235635909368284e-06,0.0,0.006202645755651,0.0016195661249141,42,1,A
181,42_P2,0.0001632759394391,9.145831427304074e-06,0.0,0.0378923896911717,0.0095162028655095,42,1,A
182,43_P2,2.4937571940859435e-05,0.0,0.0,0.0179567630464182,0.0044954251545897,43,1,Y
183,43_PKA,1.015627738819773e-05,0.0,0.0,0.0376913147566917,0.0094253677585199,43,1,Y
184,43_H3,0.025701345503662,0.0,0.0,0.0172782228001964,0.0107448920759646,43,1,Y
185,43_PKB,1.746801643244476e-08,0.0,0.0,0.007479890800329,0.0018699770670863,43,1,Y
186,44_PKB,4.934670437739665e-05,8.021034147986938e-08,5.667117718691208e-05,0.0698329554644725,0.0174847633890945,44,1,M
187,44_P2,9.139317476882636e-05,3.32725153384672e-06,8.966528903668192e-05,0.0069900728961456,0.0017936146528712,44,1,M
188,45_PKB,8.202277799551229e-05,0.0,0.0,0.0027554103456519,0.0007093582809118,45,1,F
189,45_P2,0.0020932482700891,7.374134838755708e-06,0.0,0.0268683544114151,0.0072422442040857,45,1,F
190,45_PKA,9.720399194496674e-06,2.1343069533941161e-07,0.0,0.0389068852472607,0.0097292047692876,45,1,F
191,45_SCT,3.2657038776569374e-05,1.4330751127999974e-06,0.0,0.0418922019297034,0.0104815730108981,45,1,F
192,46_H3,4.50242786978153e-05,2.56576640822459e-06,0.0,0.0066138434453635,0.0016653583726173,46,1,L
193,46_SCT,0.0001183689188843,2.833475946317776e-06,0.0,0.0178112715558736,0.004483118487676,46,1,L
194,46_PKB,0.0002126252693368,3.925160854123533e-06,0.0,0.0070145525477589,0.0018077757444874,46,1,L
195,46_PKA,0.000286539058535,0.0001365587522741,0.0002767187367036,0.0146468430271677,0.0038366648936701,46,1,L
196,47_PKA,5.208016769819435e-06,3.6162768424219394e-07,0.0,0.0145118717656322,0.0036293603525215,47,1,L
197,47_P2,3.921259924893368e-06,7.925841600808781e-07,0.0,0.0082627889419852,0.0020668756965175,47,1,L
198,47_PKB,6.078994674802919e-06,0.0,0.0,0.0252909899281203,0.0063242672306987,47,1,L
199,48_PKB,2.089575697144234e-05,2.2655120801573505e-07,0.0032066386889755,0.0263887084069508,0.0074041173510264,48,1,I
200,48_PKA,9.088442068750413e-05,1.351437094854191e-05,0.0,0.0250155648107412,0.0062799909005943,48,1,I
201,48_P2,9.851911256747157e-06,4.472038654057542e-06,0.0,0.0132836079117519,0.0033244829654156,48,1,I
202,48_SCT,2.287187856448158e-05,0.0,0.0,0.0288235316700587,0.0072116008871558,48,1,I
203,49_PKB,0.0004158424695597,4.6352888602996245e-06,0.0,0.0778706171752695,0.0195727737334223,49,1,M
204,49_H3,0.0004982277155366,1.627074925636407e-05,0.0004695060373164,0.0433045871989211,0.0110721479252576,49,1,M
205,49_SCT,0.0002237261149742,9.323815675088554e-07,0.0,0.0331785475697405,0.0083508015165705,49,1,M
206,49_P2,0.0011709572549497,6.335224497888703e-06,0.0005529197159797,0.0671154486147374,0.0172114152025412,49,1,M
207,49_PKA,0.0002789596403268,1.6187022993108258e-06,0.0,0.042486255457296,0.0106917084499805,49,1,M
208,50_PKA,0.0001629460204248,5.807452907902189e-06,0.0001474710785818,0.002253892498503,0.0006425292626044,50,1,L
209,50_P2,0.0001009743429771,4.356258796178736e-05,0.0,0.0770567804250508,0.0193003293389974,50,1,L
210,50_SCT,7.549803387891931e-06,0.0,6.919631182992106e-05,0.0329770753195595,0.0082634553586943,50,1,L
211,50_PKB,0.0014273518324174,0.0004133266920689,0.0,0.043150037932709,0.0112476791142988,50,1,L
212,50_H3,1.1930183737223987e-05,7.558477932434471e-07,0.0,0.0272623164824373,0.0068187506284919,50,1,L
213,51_P2,1.501101117132643e-06,0.0,0.0,0.0019974144824547,0.0004997288958929,51,1,G
214,51_SCT,9.939499948663376e-06,0.0,0.0,0.0128060117800341,0.0032039878199956,51,1,G
215,51_PKB,6.079218419763929e-06,0.0,0.0,0.0017714484501014,0.0004443819171302,51,1,G
216,51_H3,0.0,0.0,0.0,0.0024024376692088,0.0006006094173022,51,1,G
217,51_PKA,1.6625261357320404e-06,0.0,0.0,0.0029331360718013,0.0007336996494842,51,1,G
218,52_PKB,0.0001289501382054,0.0,0.0,0.068923176371866,0.0172630316275178,52,1,F
219,52_SCT,0.0001704613133941,6.316317069376964e-08,3.250754785946978e-06,0.0701988319608625,0.0175931517980533,52,1,F
220,52_PKA,6.790743597789755e-05,8.818225296636228e-07,0.000111008457049,0.0142747245618565,0.0036136305693532,52,1,F
221,52_H3,8.715551977988241e-05,5.886111466679722e-06,0.0,0.0948239984400027,0.0237292600178123,52,1,F
222,52_P2,0.0019992370733734,3.4413151297485456e-05,0.0003454085661862,0.0427820647477813,0.0112902808846596,52,1,F
223,53_PKB,0.0002786163435546,0.0,0.0,0.0082568328308918,0.0021338622936116,53,1,P
224,53_H3,6.791871548961121e-06,0.0001443780929548,0.0,0.0285559677175995,0.0071767844205258,53,1,P
225,53_P2,0.0003811510605244,5.845608757226728e-05,0.0,0.054254988689915,0.0136736489595029,53,1,P
226,53_PKA,0.0010080246846444,2.4260327791125746e-07,0.0,0.0541187504500199,0.0137817544344855,53,1,P
227,53_SCT,1.4020150211063565e-06,1.0898671689574255e-06,0.0,0.0029452124786229,0.0007369260902032,53,1,P
228,54_PKB,1.2882633194678186e-05,0.0,0.0,0.0398627647015709,0.0099689118336914,54,1,I
229,54_H3,0.0,0.0,0.0,0.0024024376692088,0.0006006094173022,54,1,I
230,54_P2,7.86720215893793e-06,4.553060989564983e-06,0.0002236552420293,0.0482164661250412,0.0121131354075547,54,1,I
231,54_PKA,5.3328872379146494e-06,0.0,0.0,0.0291101836038484,0.0072788791227715,54,1,I
232,54_SCT,2.0743201818831121e-07,0.0,0.0,0.0859878757728756,0.0214970208012234,54,1,I
233,56_PKA,0.0001003664001667,7.194010436251119e-07,0.0,0.0596953433161699,0.014949107279345,56,1,F
234,56_P2,0.0001319140278829,3.501658966342802e-06,0.0028927662231393,0.0370426499743787,0.0100177079710918,56,1,F
235,56_PKB,0.0001169541964426,4.520341462921351e-06,0.0,0.0726043958763464,0.018181467603563,56,1,F
236,56_SCT,1.9570466720549243e-05,0.0,0.0,0.0068722116593661,0.0017229455315216,56,1,F
237,57_PKB,3.1729644281721155e-05,2.128035134774109e-07,0.0,0.0680693298195136,0.0170253180668272,57,1,L
238,57_P2,2.129385848973383e-05,1.7464270740674692e-06,0.0001117704050145,0.001006647918609,0.0002853646522968,57,1,L
239,57_PKA,5.138762745231805e-05,6.268902552619693e-07,0.0,0.0202958813709158,0.0050869739721558,57,1,L
240,57_SCT,1.1825052602629114e-05,0.0,0.0,0.0422424187280015,0.010563560945151,57,1,L
241,57_H3,1.232402173943438e-05,0.0,0.0,0.022749774550685,0.0056905246431061,57,1,L
242,58_SCT,1.8550383475644688e-06,0.0,0.0,0.0578972801394218,0.0144747837944423,58,1,T
243,58_H3,1.8550383475644688e-06,0.0,0.0,0.0578972801394218,0.0144747837944423,58,1,T
244,58_PKA,1.8550383475644688e-06,0.0,0.0,0.0578972801394218,0.0144747837944423,58,1,T
245,58_PKB,1.8550383475644688e-06,0.0,0.0,0.0578972801394218,0.0144747837944423,58,1,T
246,58_P2,1.2077240624912786e-06,1.9461490410321858e-06,0.0,0.009280004021266,0.0023207894735923,58,1,T
247,60_P2,4.611944227518764e-05,3.858074251184007e-06,2.200887621698841e-05,0.0107401053515211,0.0027030229360661,60,1,Y
248,60_PKB,5.763141201517886e-05,0.0,2.970378314956675e-05,0.0364769750239674,0.009141077554783,60,1,Y
249,60_PKA,0.0002165978366631,8.3761033238261e-06,8.0837742430302e-05,0.0005351728109846,0.0002102461233504,60,1,Y
250,60_H3,3.902457882558566e-06,3.0801842854089045e-07,3.741595863001365e-05,0.0025249136613525,0.0006416350240734,60,1,Y
251,60_SCT,9.794677913548297e-06,0.0,0.0,0.0236231445963591,0.0059082348185681,60,1,Y
252,61_PKB,3.090170333200645e-05,0.0,0.0,0.0076700355890506,0.0019252343230956,61,1,V
253,61_SCT,3.320868088399956e-05,0.0,0.0,0.0130620642053666,0.0032738182215626,61,1,V
254,61_PKA,4.736346702537e-05,0.0,0.0,0.0097882833714826,0.0024589117096269,61,1,V
255,62_PKA,3.2661306595548567e-09,1.6510708178429925e-07,0.0,0.0067101397181542,0.0016775770228416,62,CT/EC,T
256,62_H3,5.389328917315225e-07,0.0,0.0,0.0096649536771795,0.0024163731525178,62,CT/EC,T
257,62_PKB,5.389328917315225e-07,0.0,0.0,0.0096649536771795,0.0024163731525178,62,CT/EC,T
258,62_SCT,1.2900311692681905e-08,0.0,0.0,0.0160494193826796,0.0040123580707478,62,CT/EC,T
259,63_PKB,0.0001560083057699,2.913521939262864e-07,0.0,0.0295816878243875,0.0074344968705878,63,CT/EC,V
260,63_SCT,3.858416528496516e-06,0.0,0.0,0.041703084500417,0.0104267357292363,63,CT/EC,V
261,63_PKA,0.0002829543035949,1.3481032965501072e-06,1.4211385157200346e-05,0.020217831035743,0.0051290862069479,63,CT/EC,V
262,63_H3,8.769541012424217e-06,0.0,0.0,0.0028363430013736,0.0007112781355965,63,CT/EC,V
263,64_P2,0.0001238912335295,5.981050890113693e-07,0.0,0.0086017890187992,0.0021815695893544,64,CT/EC,Q
264,64_PKA,5.49872631742685e-05,5.082007987766701e-07,1.5571855994876177e-06,0.0070076608891026,0.0017661783846687,64,CT/EC,Q
265,64_PKB,3.80842177194119e-05,6.962504244256706e-07,0.0,0.0609154375670273,0.0152385545087928,64,CT/EC,Q
266,64_SCT,3.539259497919766e-06,1.035636501001136e-06,0.0,0.0015785054514827,0.0003957700868704,64,CT/EC,Q
267,65_PKA,4.598130129718843e-05,2.428869905202191e-08,0.0,0.0017520385965605,0.0004495110466391,65,CT/EC,H
268,65_P2,0.2351647659173379,0.0,0.0,0.0257709064062791,0.0652339180809042,65,CT/EC,H
269,65_SCT,0.0002139871671104,0.0,0.0,0.0011209069568358,0.0003337235309865,65,CT/EC,H
270,66_P2,2.39284020247196e-08,2.592280168300931e-07,0.0,0.0502106584483097,0.0125527354011821,66,CT/EC,K
271,66_PKB,1.545811832811415e-07,0.0,0.0,0.0138803052260205,0.0034701149518009,66,CT/EC,K
272,66_H3,2.39284020247196e-08,2.592280168300931e-07,0.0,0.0502106584483097,0.0125527354011821,66,CT/EC,K
273,66_PKA,2.39284020247196e-08,2.592280168300931e-07,0.0,0.0502106584483097,0.0125527354011821,66,CT/EC,K
274,67_PKB,2.938670486375857e-07,2.205714366709799e-07,0.0,0.0078887000224563,0.0019723036152354,67,CT/EC,K
275,69_SCT,1.8616207973679012e-06,0.0,0.0,0.030180152158217,0.0075455034447535,69,CT/EC,R
276,69_PKB,3.020696822557078e-06,0.0,0.0,0.0099473415270359,0.0024875905559646,69,CT/EC,R
277,70_P2,4.098370577156112e-06,1.8427782322305575e-07,0.0,0.0032600085870429,0.0008160728088608,70,CT/EC,T
278,70_SCT,2.613714554303545e-07,0.0,0.0,0.0196102711957362,0.0049026331417979,70,CT/EC,T
279,70_PKA,7.532623778953231e-06,1.3212499538894917e-07,0.0,0.0055941294814896,0.0014004485575659,70,CT/EC,T
280,70_H3,2.132404065382608e-07,0.0,0.0,0.0155837152077365,0.0038959821120357,70,CT/EC,T
281,70_PKB,1.5263600352792268e-06,0.0,0.0,0.016798532547575,0.0042000147269025,70,CT/EC,T
282,71_H3,5.144266866245829e-07,1.066167953922559e-07,0.0,0.0014670148076012,0.0003669089627708,71,CT/EC,P
283,71_P2,1.0668260186166275e-06,6.559862981703191e-07,0.0,0.010734685932954,0.0026841021863177,71,CT/EC,P
284,71_SCT,6.443452283338134e-06,0.0,0.0,0.0437992745150101,0.0109514294918233,71,CT/EC,P
285,71_PKA,1.2411599967769368e-06,0.0,0.0,0.0240063239301225,0.0060018912725298,71,CT/EC,P
286,71_PKB,1.235492625537306e-06,0.0,0.0,0.1012907595016866,0.025322998748578,71,CT/EC,P
287,74_H3,4.477603056470734e-06,1.6441555317214809e-06,0.0,0.0258505921877973,0.0064641784865963,74,2,Y
288,74_PKA,2.7467963090939586e-05,0.0,0.0,0.0425013547443904,0.0106322056768703,74,2,Y
289,74_PKB,7.810362718601822e-06,0.0,0.0,0.0204072549217132,0.0051037663211079,74,2,Y
290,74_P2,3.766405807655936e-06,2.4552551991519067e-08,6.064701674035663e-08,0.0057965370881544,0.0014500971733827,74,2,Y
291,77_P2,4.466445626310737e-07,0.0,1.5284444969812236e-05,0.0180073411624868,0.0045057680630048,77,2,L
292,77_PKB,2.9295485494332293e-07,0.0,0.0,0.0033434303771463,0.0008359308330003,77,2,L
293,77_PKA,1.7872114355265448e-06,0.0,0.0,0.0049578156171603,0.0012399007071489,77,2,L
294,79_P2,7.599209175372807e-05,2.303027758898679e-05,0.0,0.0173296755930144,0.0043571744905892,79,2,L
295,79_PKA,0.0004391119348528,0.0,0.0,0.0062384213769147,0.0016693833279418,79,2,L
296,79_PKB,8.66154259306662e-05,0.0,0.0,0.0012573260908834,0.0003359853792035,79,2,L
297,80_PKB,6.547655438651071e-06,0.0,0.0,0.0060737680677985,0.0015200789308093,80,2,A
298,80_H3,6.547655438651071e-06,0.0,0.0,0.0060737680677985,0.0015200789308093,80,2,A
299,80_PKA,4.0934338559796e-06,1.570367385284044e-05,0.0,0.0228957864582084,0.0057288958914793,80,2,A
300,80_P2,1.8151840973886564e-05,6.519200042021112e-07,0.0,0.0220535988484613,0.0055181006523598,80,2,A
301,80_SCT,3.6858139193262377e-07,0.0,0.0,0.0113830264421954,0.0028458487558968,80,2,A
302,81_PKA,0.000114104057203,4.502623141888762e-06,3.307936191304723e-05,0.0169558938525673,0.0042768949737063,81,2,V
303,81_SCT,9.55557827706811e-06,0.0,1.5393068403519878e-05,0.0204317755830951,0.0051141810574439,81,2,V
304,81_P2,6.657825248097967e-05,1.8206327467851224e-06,0.0,0.0157697717767106,0.0039595426654846,81,2,V
305,81_PKB,0.0001304939932191,0.0,0.0,0.0223167189093968,0.0056118032256539,81,2,V
306,82_H3,1.3305305788152345e-05,3.9409304264381724e-08,0.0,0.032533437725277,0.0081366956100923,82,2,A
307,82_PKB,7.668173100165236e-05,0.0,4.702369618112933e-05,0.0170574239850412,0.004295282353056,82,2,A
308,82_SCT,0.0001432071557938,3.746524441794463e-07,0.0,0.054080646426719,0.0135560570587392,82,2,A
309,82_PKA,4.335579253861773e-06,0.0,0.0,0.0477500526894638,0.0119385970671794,82,2,A
310,82_P2,3.854419151329734e-05,7.414997327259698e-08,0.0,0.0125127657703346,0.0031378460279552,82,2,A
311,83_H3,4.546249743541447e-06,2.889015036089404e-07,0.0,0.0371070009776164,0.0092779590322159,83,2,D
312,83_SCT,0.000425849165426,0.0001260798599105,0.0009449214298467,0.0527969529108446,0.013573450841507,83,2,D
313,83_PKA,0.0001495612347066,7.14344423613511e-08,0.0010815483314092,0.018066458353452,0.0048244098385025,83,2,D
314,83_P2,0.0001749624447204,1.865920694399392e-06,7.572272075892686e-05,0.028284351987728,0.0071342257684754,83,2,D
315,84_P2,0.0030426090763035,2.318667247891426e-05,0.0044326263194968,0.1013985848636173,0.0272242517329741,84,2,L
316,84_PKA,0.0010642680999969,4.495817847782746e-05,0.000726953675782,0.1339784477080499,0.0339536569155766,84,2,L
317,84_PKB,0.0003525573999578,2.5058764094865182e-06,0.0,0.0228463472831855,0.0058003526398882,84,2,L
318,84_SCT,0.0006547909201,1.7292934444412822e-06,0.0006461184627668,0.0792095858442391,0.0201280561301376,84,2,L
319,85_H3,5.294377272265431e-08,7.553774850066476e-08,0.0,0.0170402637088672,0.0042600980475971,85,2,F
320,85_PKA,5.077663793557134e-06,7.095542855495296e-07,0.0,0.0257465545781944,0.0064380854490683,85,2,F
321,85_PKB,1.6064634115676523e-05,1.349322928945185e-06,0.0,0.0071743304917195,0.001797936112191,85,2,F
322,85_P2,3.754631027059163e-05,2.546833854921715e-07,0.0,0.0039950391839905,0.0010082100444116,85,2,F
323,86_P2,0.0006009065066543,8.670614988659509e-06,0.0061226137561385,0.2321078087963751,0.0597099999185391,86,2,M
324,86_H3,0.0006824809369106,9.017133379529696e-06,8.349029885929463e-05,0.4064128818747782,0.1017969675609819,86,2,M
325,86_PKA,0.0798715791560386,0.0009707373101264,0.074539828872399,1.0,0.288845536334641,86,2,M
326,86_PKB,0.0010788365453618,5.5154203437268734e-05,0.0044236668309715,0.1663299050180343,0.0429718906494512,86,2,M
327,86_SCT,0.0002567060029279,3.2857806218089536e-06,0.0,0.1014103202449733,0.0254175780071307,86,2,M
328,87_H3,2.95692019887888e-05,2.8421848696780216e-07,0.0,0.034352346059445,0.0085955498699802,87,2,V
329,87_PKA,0.0067402263800163,0.0048675849102437,0.0739892086494394,0.0481073171882152,0.0334260842819787,87,2,V
330,87_PKB,0.0033087477703708,2.316703466931358e-05,0.0,0.0392611820946944,0.0106482742249336,87,2,V
331,87_SCT,5.871901411115728e-07,0.0,0.0,0.05483035271299,0.0137077349757827,87,2,V
332,88_P2,9.476317842065196e-05,1.8863842115024452e-06,0.0,0.0356489079682868,0.0089363893827297,88,2,F
333,88_PKA,0.0002734805474741,2.048697524514864e-06,4.447363989811116e-05,0.0190762457055432,0.00484906214761,88,2,F
334,88_H3,4.742516353181534e-06,4.142298621445661e-06,0.0,0.0141656402498313,0.0035436312662015,88,2,F
335,88_SCT,2.2631508682052248e-05,2.7463362130220048e-05,0.0,0.0246384805721153,0.0061721438607319,88,2,F
336,89_SCT,2.674695152364516e-05,9.761046015910325e-08,0.0,0.0551701068889014,0.0137992378627213,89,2,G
337,89_PKA,7.326462003178554e-06,1.7867521819425747e-05,0.0,0.0303753285821075,0.0076001306414825,89,2,G
338,89_PKB,3.363943988221482e-05,0.0,0.0,0.0546384148957735,0.0136680135839139,89,2,G
339,89_P2,1.949184980123302e-05,6.29980604571756e-06,0.0,0.0206467249332629,0.0051681291472774,89,2,G
340,90_PKB,0.0017564034826095,2.8265771106816828e-05,0.000931418309159,0.1929665650118606,0.048920663143684,90,2,G
341,90_SCT,0.0012400141796547,9.973477972380351e-07,1.892895624109185e-05,0.1079815880975015,0.0273103821452986,90,2,G
342,90_P2,0.0017769099359528,5.0993279728572816e-05,0.0044161565951533,0.1282900901037773,0.033633537478653,90,2,G
343,90_PKA,0.0013651636720908,6.57633734135743e-07,0.002755580635366,0.1183103839060864,0.0306079464618193,90,2,G
344,90_H3,0.0009369793785953,2.019618295889813e-05,0.0001828323765941,0.0169041820261692,0.0045110474910794,90,2,G
345,91_PKB,0.0002567495264692,3.7397076084744185e-06,0.0001843452659104,0.0655209389862159,0.016491443371551,91,2,F
346,91_PKA,0.0002836715820898,7.384614036709536e-06,5.039085176833876e-05,0.0203201146421246,0.0051653904225049,91,2,F
347,91_P2,0.0001123879319223,2.2288372747425456e-06,0.0,0.040741013004408,0.0102139074434012,91,2,F
348,91_H3,2.341816951575597e-05,2.1572129753621998e-06,0.0,0.0112519446053793,0.0028193799969676,91,2,F
349,92_P2,1.6721203566886392e-05,2.945338337667636e-07,3.7037945639957286e-06,0.0353035245452305,0.0088310610192987,92,2,T
350,92_PKB,2.5424962369487248e-05,0.0,3.6833696483355913e-06,0.0090466479695791,0.0022689390753992,92,2,T
351,92_PKA,7.412207259557546e-05,1.079806821735474e-07,0.0005389687867058,0.0314391843616429,0.0080130958004066,92,2,T
352,92_SCT,1.1933785729031117e-05,1.86414695235726e-07,0.0,0.0070254978037856,0.0017594045010524,92,2,T
353,92_H3,1.0360048285353305e-05,9.811997188080568e-07,0.0,0.0083766480551244,0.0020969973257821,92,2,T
354,93_H3,0.0015084637426695,2.5462053599767387e-05,0.0010472220828639,0.467903733088243,0.117621220241844,93,2,T
355,93_SCT,0.000520521246147,5.121046797285089e-06,0.0004611082527001,0.054028801100477,0.0137538879115303,93,2,T
356,93_P2,0.0077632721372744,0.0001192129784612,0.0047994690707866,0.183286096472142,0.048992012664666,93,2,T
357,93_PKA,0.001802636692275,2.5232393454643894e-05,0.0005480826975954,0.0245680624350644,0.0067360035545973,93,2,T
358,94_H3,0.0007779003270661,5.32158519490622e-05,0.0,0.1465126352680707,0.0368359378617714,94,2,T
359,94_PKA,0.001278973030697,6.133072020020336e-05,7.196461377634235e-05,0.1162586584973493,0.0294177317155057,94,2,T
360,94_P2,0.0068946869003179,3.304510869384103e-07,0.0329328275595002,0.0117014243659489,0.0128823173192135,94,2,T
361,94_SCT,0.0792610012797212,0.008191242814064,0.383659141660527,0.1161271495941274,0.1468096338371099,94,2,T
362,94_PKB,0.0004932865413831,0.0003613066801335,0.1648321121268673,0.0353519490442144,0.0502596635981496,94,2,T
363,95_P2,4.016122620240466e-05,6.049681360309478e-06,0.0,0.0190009228164698,0.0047617834310081,95,2,L
364,95_PKA,5.586487514798458e-05,2.411158857285045e-05,0.0,0.0328130448623032,0.008223255331506,95,2,L
365,95_SCT,4.9113881667208375e-06,5.189491858459405e-08,0.0,0.0011727906347952,0.0002944384794701,95,2,L
366,95_PKB,5.634343511408488e-05,8.262678079518082e-07,0.0005574495783643,0.0675214522046591,0.0170340178714863,95,2,L
367,96_PKB,6.3970512300817e-05,8.058339631134004e-07,0.0,0.092861974192223,0.0232316876346217,96,CT/EC,Y
368,96_SCT,1.8108100146091076e-05,2.3253799099620664e-06,0.0,0.0096164174663799,0.002409212736609,96,CT/EC,Y
369,96_P2,0.0070174255199049,0.0004781653406098,0.0053207685616365,0.0661689466513054,0.0197463265183642,96,CT/EC,Y
370,96_H3,9.971742719022416e-06,0.0001368325756629,0.0,0.0203935110635913,0.0051350788454933,96,CT/EC,Y
371,96_PKA,7.554182942453113e-05,2.56947005254915e-05,0.0,0.0198445841765875,0.0049864551766343,96,CT/EC,Y
372,97_PKB,0.0012193814786768,6.765366561012343e-05,0.0,0.1320503663947458,0.0333343503847582,97,CT/EC,T
373,97_SCT,0.0001271929182476,0.0,0.0013330840355472,0.0971519892893472,0.0246530665607855,97,CT/EC,T
374,97_PKA,0.0001961380774961,0.0,0.0,0.1079702870951871,0.0270416062931708,97,CT/EC,T
375,97_P2,0.000122037099935,5.223725111136446e-06,3.951444111548449e-05,0.0922706603014773,0.0231093588919097,97,CT/EC,T
376,97_H3,0.0002343141912433,7.72965563555772e-07,0.0,0.0481570003928425,0.0120980218874123,97,CT/EC,T
377,98_PKB,8.033143132411111e-05,5.683163522007817e-07,0.0,0.0376929413883079,0.009443460283996,98,CT/EC,S
378,98_PKA,0.0023400991277878,0.0,0.0,0.0222543521066138,0.0061486128086004,98,CT/EC,S
379,98_SCT,0.0006783965071753,6.425531751119706e-07,0.0,0.0489975451203215,0.012419146045168,98,CT/EC,S
380,98_P2,3.677231910870868e-05,6.216002930159448e-07,0.0,0.0060889490099017,0.0015315857323258,98,CT/EC,S
381,99_P2,0.0001397227863493,1.6757849152782e-06,0.0,0.0098940391168229,0.0025088594220219,99,CT/EC,L
382,99_PKB,0.0001586464740329,3.037598617083859e-07,0.0002020753557008,0.0462518227515535,0.0116532120852872,99,CT/EC,L
383,99_PKA,0.0001758049265758,1.4593980267818552e-05,0.0,0.0424580426213221,0.0106621103820414,99,CT/EC,L
384,99_SCT,0.0001347538780447,3.905707671947312e-06,0.0,0.0170436458873867,0.0042955763682758,99,CT/EC,L
385,99_H3,2.215632566837308e-05,1.615023052181641e-06,0.0,0.0108846197476377,0.0027270977740895,99,CT/EC,L
386,100_H3,4.430007286964479e-05,7.300430297618732e-06,0.0,0.0102827552789999,0.0025835889455418,100,CT/EC,H
387,100_PKB,0.0011326033914543,1.1468257525848458e-06,0.0001236940367409,0.0812522762305013,0.0206274301211122,100,CT/EC,H
388,100_P2,0.0005425188691174,2.7418962417868897e-05,0.0003115027050131,0.0751950882442098,0.0190191321951895,100,CT/EC,H
389,100_SCT,8.61481777231086e-05,6.045016107236734e-06,6.578399150203753e-05,0.0392196112404228,0.0098443971064388,100,CT/EC,H
390,100_PKA,0.0008066875517327,5.2308319027360994e-06,0.0,0.024703074413347,0.0063787481992456,100,CT/EC,H
391,101_P2,6.055057910447429e-06,4.725388293991273e-07,0.0,0.0185863836440511,0.0046482278101977,101,CT/EC,G
392,101_PKA,6.647510861572822e-05,0.0,0.0,0.0024190877081172,0.0006213907041832,101,CT/EC,G
393,101_PKB,4.317327234600868e-05,5.555570510296093e-07,0.0,0.0007074053897138,0.0001877835547777,101,CT/EC,G
394,101_H3,8.613462848580188e-07,0.0,0.0,0.0191419565069328,0.0047857044633044,101,CT/EC,G
395,103_SCT,0.0,0.0,0.0,0.0008459190887921,0.000211479772198,103,CT/EC,F
396,103_PKA,8.932777752605694e-07,0.0,0.0,0.0039266314244311,0.0009818811755516,103,CT/EC,F
397,103_H3,1.3506272047522316e-06,5.674502290275996e-07,0.0,0.0064342371337042,0.0016090388027845,103,CT/EC,F
398,104_P2,0.0338829157944019,0.0023033877369016,0.0292791539438579,0.0739134120104239,0.0348447173713963,104,CT/EC,V
399,104_PKA,5.546444301077736e-05,1.0268257710777109e-06,0.0,0.067599919034948,0.0169141025759324,104,CT/EC,V
400,104_SCT,4.127083928379581e-05,1.445166333269299e-07,0.0,0.037872868163947,0.009478570879966,104,CT/EC,V
401,104_PKB,0.0003138371304342,0.0,0.0,0.0661665258891835,0.0166200907549044,104,CT/EC,V
402,105_P2,3.080218709966253e-05,2.5597091735107824e-07,0.0,0.0162029695539526,0.0040585069279924,105,CT/EC,F
403,105_SCT,1.7095332525771e-05,0.0,0.0,0.0412183388806638,0.0103088585532973,105,CT/EC,F
404,105_PKA,3.6634522389086587e-05,1.6561418760829838e-06,0.0,0.0408429629667138,0.0102203134077447,105,CT/EC,F
405,105_PKB,7.314837228273533e-05,0.0,0.0,0.0254479112992754,0.0063802649178895,105,CT/EC,F
406,107_H3,3.808901402718672e-05,1.945505800904357e-06,0.0,0.0513615335536413,0.0128503920183673,107,CT/EC,P
407,107_SCT,1.3756751879218168e-05,1.0700786106099258e-06,0.0,0.0017469460689099,0.0004404432248499,107,CT/EC,P
408,107_PKB,2.286858382946868e-05,1.127489213104127e-06,0.0,0.002405773382468,0.0006074423638776,107,CT/EC,P
409,107_PKA,0.0088051676930935,6.661561542387062e-07,0.0,0.0159293051353526,0.0061837847461501,107,CT/EC,P
410,108_SCT,0.0001138479534901,4.830024522561871e-07,0.0004971998449752,0.0202740865842201,0.0052214043462844,108,CT/EC,T
411,108_PKA,0.0001332392491216,5.356784186005825e-06,0.0,0.0899809851777599,0.0225298953027669,108,CT/EC,T
412,108_PKB,0.0002868619629346,7.785924935888033e-06,0.0,0.014405309115098,0.0036749892507421,108,CT/EC,T
413,108_H3,0.0009777900038739,4.932837782689603e-06,0.0004905936524567,0.0673851874575919,0.0172146259879263,108,CT/EC,T
414,108_P2,0.000301231306757,2.596707645352581e-06,0.0,0.0991113373950716,0.0248537913523685,108,CT/EC,T
415,109_PKB,0.0042540188547537,6.033021054463461e-05,0.0088913601612513,0.1231978154598796,0.0341008811716073,109,CT/EC,G
416,109_PKA,0.0002565039847543,1.0313060556654818e-05,0.0015857378890211,0.0574031952766498,0.0148139375527454,109,CT/EC,G
417,109_SCT,0.0015597029928021,1.2135801625845488e-06,0.0,0.0503309126682643,0.0129729573103072,109,CT/EC,G
418,110_H3,1.140102184067762e-05,6.112128176027909e-06,0.0,0.0043306880196506,0.0010870502924168,110,CT/EC,C
419,110_P2,2.7810995890960972e-05,0.0,0.0,0.0032872853064493,0.000828774075585,110,CT/EC,C
420,110_PKB,3.956938375066012e-05,0.0,0.0,0.0216938159830663,0.0054333463417042,110,CT/EC,C
421,110_PKA,4.891748376353912e-05,0.0,0.0,0.0022875932323091,0.0005841276790181,110,CT/EC,C
422,110_SCT,3.956938375066012e-05,0.0,0.0,0.0216938159830663,0.0054333463417042,110,CT/EC,C
423,111_PKB,0.0004237727487628,3.112648130354501e-07,0.0042634593690275,0.0346280314262271,0.0098288937022076,111,3,N
424,111_H3,4.758922623009649e-05,1.18266029858205e-06,0.0,0.0995877055457805,0.0249091193580773,111,3,N
425,111_P2,0.0003115667986841,7.428853859892115e-05,0.0,0.0340132505002704,0.0085997764593883,111,3,N
426,111_SCT,5.675261199405362e-05,1.1325895684421994e-05,2.285572522278624e-06,0.0223022684220982,0.0055931581255747,111,3,N
427,111_PKA,0.0001454652224692,3.3477095939815626e-07,0.0,0.0187278998564567,0.0047184249624713,111,3,N
428,112_SCT,3.330956519970252e-06,2.35608149523614e-06,0.0,0.0368721007625841,0.0092194469501498,112,3,L
429,112_PKA,0.0001835916482651,4.527708767909644e-07,0.0001124491988383,0.0671924668046852,0.0168722401056663,112,3,L
430,113_PKB,0.0012433380431397,3.010125055880053e-06,0.0005835512710233,0.1052185054058287,0.0267621012112619,113,3,E
431,113_SCT,0.0027341209735535,0.0001101542366086,0.005946358889111,0.2408596859273454,0.0624125800066546,113,3,E
432,113_H3,0.0001177413375367,5.724346010538284e-06,0.0,0.1609088410854072,0.0402580766922386,113,3,E
433,113_P2,0.0014798406796393,1.312951008003438e-05,0.0014314331741356,0.2570952768449875,0.0650049200522106,113,3,E
434,113_PKA,0.0036454565236118,0.0001272117515327,0.0026401411052402,0.3530543218843931,0.0898667828161944,113,3,E
435,114_P2,0.0003105245163859,3.4414017136441544e-05,0.0,0.0042530946339909,0.0011495082918783,114,3,G
436,114_PKB,0.0003467751133669,0.0,0.0013577736814315,0.0094274085481829,0.0027829893357453,114,3,G
437,114_SCT,0.0003351268079041,0.0004679850244428,0.0015379330706897,0.0982594692450409,0.0251501285370194,114,3,G
438,114_H3,8.641218569558612e-06,0.0,0.0,0.0046128140337192,0.0011553638130722,114,3,G
439,114_PKA,8.641218569558612e-06,0.0,0.0,0.0046128140337192,0.0011553638130722,114,3,G
440,115_P2,8.593304789877804e-06,3.195433180280816e-07,3.5193732293335814e-06,0.0199530832126223,0.0049913788584898,115,3,F
441,115_SCT,7.641443639055849e-07,3.814262890955433e-05,0.0,0.0718968171738414,0.0179839309867787,115,3,F
442,115_PKA,3.2127159796101026e-05,0.0,0.0,0.0393035612900072,0.0098339221124508,115,3,F
443,115_H3,3.846481652317533e-05,5.564461844187463e-06,0.0,0.0612230329540132,0.0153167655580951,115,3,F
444,115_PKB,1.4994662345237126e-05,0.0,0.0,0.0042390884296934,0.0010635207730096,115,3,F
445,116_P2,0.0012976534175924,5.245151260169223e-05,0.0016742462306268,0.193698178923996,0.0491806325212042,116,3,F
446,116_PKA,0.0013702627226371,1.7581729480298236e-05,0.0038254029729901,0.0102921095527587,0.0038763392444665,116,3,F
447,116_PKB,0.0017949299930642,9.226640713677624e-07,0.0003184398596054,0.0172414216964916,0.0048389285533081,116,3,F
448,116_H3,0.0006637598474452,0.0004442974750418,0.0005486549158086,0.0418648975111824,0.0108804024373695,116,3,F
449,117_PKA,0.000271820869111,6.097925364656477e-08,0.0001227328459438,0.0582081582636326,0.0146506932394852,117,3,A
450,117_PKB,0.0004239882635361,1.98435873244307e-06,4.767102182850133e-07,0.0945489418562657,0.0237438477971881,117,3,A
451,117_SCT,0.0003391635572825,1.7827904230216518e-05,6.784857244958242e-05,0.0047137267684789,0.0012846417006103,117,3,A
452,117_P2,0.0003300655414985,7.023441412457032e-06,0.0,0.0826611190561383,0.0207495520097623,117,3,A
453,117_H3,0.0002198723287639,2.223068986495491e-05,0.0,0.1683484068667781,0.0421476274713517,117,3,A
454,118_PKB,0.0004439815686612,5.2566902013495564e-06,0.0,0.0643862321313358,0.0162088675975496,118,3,T
455,118_P2,0.0007110067016472,1.0989964721375143e-05,0.0022474522659768,0.1162651309829351,0.0298086449788201,118,3,T
456,118_H3,0.0002026494430837,2.0847492123721167e-05,0.0001181412529789,0.0854151075296904,0.0214391864294692,118,3,T
457,118_SCT,0.0001553783300968,3.273694346717093e-06,0.0,0.0035218415188752,0.0009201233858296,118,3,T
458,118_PKA,0.0008451431540075,0.0,0.0055237598821682,0.1615784281414737,0.0419868327944124,118,3,T
459,119_P2,0.0001359282539801,1.1430047379690222e-05,0.0012193151354945,0.0421260751277622,0.0108731871411541,119,3,L
460,119_PKA,0.0017755171756241,1.7762693005352048e-06,0.0134639902348535,0.03240536244722,0.0119116615317495,119,3,L
461,120_H3,0.0001909209197081,1.5219308124869713e-06,0.0,0.0554618208437755,0.013913565923574,120,3,G
462,120_PKB,0.0004548241145556,3.281763838458573e-06,0.0,0.0556650275559056,0.0140307833585749,120,3,G
463,120_P2,0.0001146357943067,1.466745516154333e-07,0.0,0.0300065297194163,0.0075303280470686,120,3,G
464,120_PKA,0.0001023154760592,1.2919393839183613e-06,0.0,0.0509961766498119,0.0127749460163137,120,3,G
465,120_SCT,4.187664561253202e-05,2.516311212730216e-07,0.0,0.0709206502593123,0.0177406946340115,120,3,G
466,122_H3,3.923431948299661e-05,5.361017656468903e-07,0.0,0.1489785577670231,0.0372545820470679,122,3,E
467,122_P2,0.0004039463837351,8.298701686726417e-06,0.0007422816520141,0.0619471656798069,0.0157754231043107,122,3,E
468,122_SCT,0.0007215184969351,2.439096761008841e-06,0.0,0.1339542113982645,0.0336695422479901,122,3,E
469,122_PKA,0.0031986441132514,0.0001225453888764,0.0035822363772435,0.1582737519281793,0.0412942944518876,122,3,E
470,122_PKB,0.0040151335456079,0.0001197256133309,0.0134341611343509,0.2176460542915804,0.0588037686462175,122,3,E
471,123_H3,4.584437446031247e-05,5.453700158142283e-09,0.0,0.0214306779501516,0.005369131944578,123,3,I
472,123_PKA,3.888154585024649e-05,1.7322737448921544e-06,0.0,0.0094488916687935,0.0023723763720971,123,3,I
473,123_SCT,8.80819104102308e-05,0.0,5.2162123529158094e-05,0.1418650253898144,0.0355013173559384,123,3,I
474,123_PKB,7.416432594317722e-05,3.123344640698633e-06,6.403549251035411e-05,0.0325171503940211,0.0081646183892788,123,3,I
475,124_PKA,4.0603998724743264e-05,4.194474968244322e-06,0.0,0.0011394634416739,0.0002960654788417,124,3,A
476,124_SCT,6.503746346795685e-05,4.378963421913795e-05,0.0002218895949289,0.0230014619189753,0.0058330446528978,124,3,A
477,124_PKB,0.0001486858864377,1.951426747837104e-05,0.0004747693219855,0.0029086596281128,0.0008879072760036,124,3,A
478,124_H3,8.277589229471657e-05,1.0285497410222888e-05,0.0,0.0094620723946369,0.0023887834460854,124,3,A
479,124_P2,0.0001360780245905,7.423006172757596e-05,6.0987755632475584e-06,0.0062757988166037,0.0016230514196212,124,3,A
480,125_P2,2.2852420180805917e-06,0.0,0.0,0.0073513837422832,0.0018384172460753,125,3,L
481,125_H3,4.100600082894327e-08,0.0,0.0,0.0030820516755361,0.0007705231703842,125,3,L
482,125_PKA,1.0163831329977215e-06,0.0,0.0,0.0014448167113944,0.0003614582736318,125,3,L
483,125_PKB,1.0851376422656708e-05,1.3921899721935918e-07,0.0,0.0097438213233629,0.0024387029796957,125,3,L
484,125_SCT,1.162114371200401e-05,5.205643537919968e-05,0.0,0.2130725534537113,0.0532840577582006,125,3,L
485,129_PKA,5.663027390185721e-06,0.0,6.951992571492036e-06,0.0205743775782947,0.0051467481495641,129,3,V
486,129_SCT,3.763548708563606e-06,4.140100315908058e-07,0.0,0.0240738962666463,0.0060195184563466,129,3,V
487,129_PKB,4.342688505629812e-06,0.0,0.0,0.0395836535162591,0.0098969990511911,129,3,V
488,129_H3,7.807944404347106e-06,0.0,8.28841722135423e-06,0.0199163314905436,0.0049831069630423,129,3,V
489,129_P2,2.1507847255116737e-06,0.0,0.0,0.0249545775445043,0.0062391820823074,129,3,V
490,130_SCT,1.2930603082475128e-07,0.0,0.0,0.0838008399713946,0.0209502423193563,130,3,V
491,130_P2,5.1519692450391066e-05,7.810528046547915e-08,0.0,0.0258735581464112,0.0064812889860355,130,3,V
492,130_PKB,1.2930603082475128e-07,0.0,0.0,0.0838008399713946,0.0209502423193563,130,3,V
493,130_PKA,1.2930603082475128e-07,0.0,0.0,0.0838008399713946,0.0209502423193563,130,3,V
494,131_P2,4.215916487407037e-05,0.0,0.0,0.0094885977785372,0.0023826892358528,131,3,L
495,131_PKA,3.771735372372663e-05,0.0,0.0,0.0045130135422229,0.0011376827239866,131,3,L
496,132_SCT,1.0627132715865988e-05,0.0,8.931011538407286e-05,0.0031870629151152,0.0008217500408038,132,3,A
497,132_PKB,1.0627132715865988e-05,0.0,8.931011538407286e-05,0.0031870629151152,0.0008217500408038,132,3,A
498,132_P2,1.0627132715865988e-05,0.0,8.931011538407286e-05,0.0031870629151152,0.0008217500408038,132,3,A
499,132_H3,1.0627132715865988e-05,0.0,8.931011538407286e-05,0.0031870629151152,0.0008217500408038,132,3,A
500,132_PKA,1.0627132715865988e-05,0.0,8.931011538407286e-05,0.0031870629151152,0.0008217500408038,132,3,A
501,133_H3,0.0,0.0,0.0,0.0024024376692088,0.0006006094173022,133,CT/EC,I
502,133_PKB,3.2811077801484725e-05,1.3939408063379233e-06,0.0,0.0354420633397002,0.008869067089577,133,CT/EC,I
503,133_SCT,4.61875352472975e-06,0.0,6.789734347137784e-07,0.0097104364090528,0.002428933534003,133,CT/EC,I
504,133_PKA,2.878937357541767e-05,1.925537617353257e-06,0.0,0.0442506422516024,0.0110703392906988,133,CT/EC,I
505,136_PKA,4.4080104949923695e-06,0.0,0.0,0.0069731666946229,0.0017443936762794,136,CT/EC,Y
506,136_H3,2.649937187531465e-07,6.240470611373894e-07,0.0,0.0124670338816506,0.0031169807306076,136,CT/EC,Y
507,136_PKB,9.039779461823444e-06,0.0,0.0,0.0241049094674371,0.0060284873117247,136,CT/EC,Y
508,136_P2,1.663815502925526e-05,0.0,0.0,0.00483317157728,0.0012124524330773,136,CT/EC,Y
509,137_PKB,6.352327698741413e-05,2.810654677887215e-07,0.0,0.0159280008314829,0.0039979512934845,137,CT/EC,V
510,137_PKA,9.116288983126746e-05,4.520474703895161e-06,0.0,0.0024147320872951,0.0006276038629575,137,CT/EC,V
511,137_SCT,2.851241141896942e-06,1.7052409475581951e-06,0.0,0.029137048541724,0.0072854012559533,137,CT/EC,V
512,139_PKA,1.399778993728552e-05,0.0,0.0,0.0054443876458953,0.0013645963589581,139,CT/EC,V
513,139_P2,1.399778993728552e-05,0.0,0.0,0.0054443876458953,0.0013645963589581,139,CT/EC,V
514,139_PKB,1.399778993728552e-05,0.0,0.0,0.0054443876458953,0.0013645963589581,139,CT/EC,V
515,142_H3,0.0,0.0,0.0,0.0046780539611023,0.0011695134902755,142,CT/EC,P
516,142_PKB,0.0,0.0,0.0,0.0046780539611023,0.0011695134902755,142,CT/EC,P
517,142_PKA,0.0,0.0,0.0,0.0046780539611023,0.0011695134902755,142,CT/EC,P
518,142_P2,0.0,0.0,0.0,0.0046780539611023,0.0011695134902755,142,CT/EC,P
519,142_SCT,0.0,0.0,0.0,0.0046780539611023,0.0011695134902755,142,CT/EC,P
520,143_P2,1.2485501304460198e-05,8.249247684943839e-07,0.0,0.0133432504947897,0.0033391402302156,143,CT/EC,M
521,143_PKA,4.590108936481941e-05,4.575752399205157e-08,0.0,0.0585036287177056,0.0146373938911486,143,CT/EC,M
522,143_SCT,2.5468650081083004e-05,0.0,0.0,0.044538077586992,0.0111408865592682,143,CT/EC,M
523,144_H3,7.86410399424648e-07,9.263435174489133e-08,0.0,0.0360746861946953,0.0090188913098616,144,CT/EC,S
524,144_SCT,2.1390832568502815e-05,7.233520449290155e-08,0.0,0.0564963131910127,0.0141294440896964,144,CT/EC,S
525,144_PKA,4.627977424971193e-06,0.0,0.0,0.0147666062796306,0.0036928085642638,144,CT/EC,S
526,144_PKB,7.86410399424648e-07,9.263435174489133e-08,0.0,0.0360746861946953,0.0090188913098616,144,CT/EC,S
527,144_P2,9.641396328147526e-06,0.0,0.0,0.0198640326368839,0.004968418508303,144,CT/EC,S
528,145_PKA,3.1425690734778685e-05,0.0,0.0,0.0166652321423784,0.0041741644582783,145,CT/EC,N
529,145_H3,1.83574256062929e-06,0.0,0.0,0.0666313688061789,0.0166583011371849,145,CT/EC,N
530,145_SCT,1.0595242594788754e-06,0.0,0.0,0.0726220866389843,0.0181557865408109,145,CT/EC,N
531,145_P2,2.6495627881351624e-05,6.606733826686195e-09,0.0,0.0028746532659841,0.0007252888751498,145,CT/EC,N
532,145_PKB,4.2429722977822e-05,2.370030394160949e-08,0.0,0.0634397172995682,0.0158705426807125,145,CT/EC,N
533,146_SCT,4.5067669710039086e-06,0.0,0.0,0.0026953856091661,0.0006749730940342,146,CT/EC,F
534,146_P2,1.0139153171997122e-05,3.275404765190615e-07,0.0,0.006672809182495,0.0016708189690358,146,CT/EC,F
535,146_PKA,4.5067669710039086e-06,0.0,0.0,0.0026953856091661,0.0006749730940342,146,CT/EC,F
536,146_PKB,4.5067669710039086e-06,0.0,0.0,0.0026953856091661,0.0006749730940342,146,CT/EC,F
537,147_H3,5.024531807300016e-06,0.0,0.0,0.0435396869646176,0.0108861778741062,147,CT/EC,R
538,147_SCT,2.53263748514895e-05,0.0,0.0,0.1388902576317663,0.0347288960016544,147,CT/EC,R
539,147_P2,0.0001270674805906,4.219212357270408e-08,0.0,0.0025301382146582,0.0006643119718431,147,CT/EC,R
540,147_PKB,0.0002344980364653,8.963428990682587e-05,0.0,0.0660567770530747,0.0165952273448617,147,CT/EC,R
541,149_PKA,0.0001390499823437,3.244512754463358e-06,0.0,0.0151202056006646,0.0038156250239407,149,CT/EC,G
542,149_PKB,0.00010958965086,6.432754162233323e-06,8.141735571647526e-05,0.0081132105081928,0.0020776625672328,149,CT/EC,G
543,149_P2,8.687500110904566e-05,2.029514689638745e-06,8.755913964824774e-05,0.0183276907622923,0.0046260386044348,149,CT/EC,G
544,149_SCT,3.0556998410148945e-05,9.265112566936295e-06,0.0,0.0229208735361527,0.0057401739117824,149,CT/EC,G
545,149_H3,2.5542661371897038e-05,5.061692263552686e-06,0.0,0.0168267901249568,0.004214348619648,149,CT/EC,G
546,150_SCT,0.0004378925393127,2.7027042960980907e-05,0.0001090428584281,0.0305795795510451,0.0077883854979367,150,CT/EC,E
547,150_PKA,7.31560680186324e-05,0.0,4.778459623048117e-05,0.0092241963934839,0.0023362842644332,150,CT/EC,E
548,150_H3,1.4813127887998596e-05,1.429969984201307e-06,0.001672845807923,0.024949663869698,0.0066596881938733,150,CT/EC,E
549,150_PKB,9.03856316887591e-05,1.57271458078867e-07,0.0,0.0254833898827341,0.0063934831964702,150,CT/EC,E
550,150_P2,5.434590233403648e-05,3.775041932385648e-06,0.0001024109201425,0.0210479623638921,0.0053021235570752,150,CT/EC,E
551,151_PKB,4.450245228441708e-05,8.382877325630035e-08,0.0,0.0540060517156795,0.0135126594991843,151,CT/EC,N
552,151_H3,4.084347634048958e-05,0.0,0.0,0.0605412865481741,0.0151455325061286,151,CT/EC,N
553,151_SCT,1.15816444267109e-05,0.0,0.0,0.0418386323326485,0.0104625534942688,151,CT/EC,N
554,151_P2,0.0001431315235,9.615454473532736e-05,0.0,0.0354706169464205,0.0089274757536639,151,CT/EC,N
555,151_PKA,0.0003194929971528,6.61117082927376e-05,0.0,0.0153422320775378,0.0039319591957458,151,CT/EC,N
556,152_SCT,1.0719140691167143e-06,0.0,0.0,0.0469310713737016,0.0117330358219426,152,CT/EC,H
557,152_PKA,2.4118144932343516e-05,0.0,0.0,0.020616941605402,0.0051602649375835,152,CT/EC,H
558,152_PKB,2.8966329528129783e-05,0.0,0.0,0.0438602766289373,0.0109723107396163,152,CT/EC,H
559,152_P2,5.995635463713958e-07,0.0,0.0,0.0017386846584855,0.0004348210555079,152,CT/EC,H
560,152_H3,1.024801699473744e-06,0.0,0.0,0.0151871877770674,0.0037970531446917,152,CT/EC,H
561,154_H3,1.8781740216050444e-05,0.0,0.0,0.0455424625431056,0.0113903110708304,154,4,I
562,154_PKA,0.0001267410042498,1.0362614375480916e-06,0.0001043280138132,0.0189327143907266,0.0047912049175568,154,4,I
563,154_SCT,8.327389436501743e-05,3.69186182069825e-07,0.0,0.0006883835343044,0.0001930066537128,154,4,I
564,154_PKB,0.0001219129257471,4.1496090830150933e-07,0.0,0.0132586779530859,0.0033452514599353,154,4,I
565,154_P2,6.022863602368858e-05,1.331178395957977e-06,5.769667936402427e-05,0.0287975159261041,0.0072291931049719,154,4,I
566,155_H3,7.380434245116182e-07,1.6886164644347448e-07,0.0,0.0524947036362228,0.0131239026353234,155,4,M
567,155_P2,0.000374819437361,9.433897503186016e-07,0.0,0.0418857482880619,0.0105653777787933,155,4,M
568,155_SCT,5.941986262779929e-06,7.06487384150023e-08,0.0,0.0559909194936926,0.0139992330321734,155,4,M
569,155_PKB,0.0001402676167427,2.988886762977927e-06,0.0007954149049669,0.0533970971861015,0.0135839421486435,155,4,M
570,155_PKA,6.227815819965912e-05,2.653910371464008e-07,0.0,0.0011451317814236,0.0003019188326651,155,4,M
571,156_P2,3.902253515711771e-05,0.0,0.0,0.0212607314354573,0.0053249384926536,156,4,G
572,156_PKB,3.3030176066204564e-06,0.0,0.0,0.0308232383571392,0.0077066353436864,156,4,G
573,156_SCT,1.9340759901139592e-08,0.0,0.0,0.0072047459826089,0.0018011913308422,156,4,G
574,156_PKA,6.633363510978906e-06,0.0,0.0,0.0109042546629223,0.0027277220066083,156,4,G
575,157_SCT,0.0019811354493528,0.0,0.0,0.0472598966055216,0.0123102580137186,157,4,V
576,157_PKA,0.0019811354493528,0.0,0.0,0.0472598966055216,0.0123102580137186,157,4,V
577,157_P2,1.9983333628807816e-05,5.474296926877287e-07,0.0,0.010800811939712,0.0027053356757583,157,4,V
578,157_PKB,0.0019811354493528,0.0,0.0,0.0472598966055216,0.0123102580137186,157,4,V
579,158_PKA,0.0003605374714623,1.9916076780646108e-05,0.0001758408869729,0.0634052348657603,0.015990382325244,158,4,A
580,158_P2,0.0002257914990687,6.086722805775935e-06,5.945214204734283e-05,0.0109378763411853,0.0028073016762767,158,4,A
581,158_H3,1.976451781986743e-05,2.138845722754468e-08,0.0,0.0050848326520248,0.0012761546395754,158,4,A
582,158_SCT,4.518082148725299e-05,0.0,6.466937706214842e-05,0.0137557249768426,0.003466393793848,158,4,A
583,159_SCT,3.3849835649661306e-05,3.0436746101258905e-07,0.0,0.072824779333616,0.0182147333841816,159,4,F
584,159_PKB,4.893456096882523e-05,2.0424349713721316e-05,0.0,0.0726291718460811,0.0181746326891909,159,4,F
585,159_PKA,8.897865095817507e-05,2.880203169297602e-07,0.0,0.0212038004376455,0.0053232667772301,159,4,F
586,159_P2,6.056468587639693e-05,2.0312522792664822e-06,1.7179981148770234e-05,0.0040915544370721,0.0010428325890941,159,4,F
587,160_P2,5.959422054187015e-06,1.1439445870564668e-06,0.0,0.0008402198720657,0.0002118308096767,160,4,T
588,160_SCT,3.630190741436193e-06,4.653029179735313e-07,0.0,0.004599907038703,0.0011510006330906,160,4,T
589,160_PKA,8.40040979426677e-06,0.0,0.0,0.0028834964649671,0.0007229742186903,160,4,T
590,160_H3,3.3674144622199934e-06,1.4465496178672765e-07,0.0,0.0082572764250183,0.0020651971236105,160,4,T
591,162_PKA,0.0002703804292651,8.943283660300949e-07,0.0003498937724619,0.0632047241321294,0.0159564731655556,162,4,V
592,162_H3,9.972196018770536e-06,1.2466807675082237e-05,0.0,0.0258815738293668,0.0064760032082651,162,4,V
593,162_SCT,3.4422299003234725e-05,9.47370494941424e-07,0.0,0.0216791972390138,0.0054286417271279,162,4,V
594,162_PKB,0.0002680809231606,1.057413737726165e-05,0.000104605984807,0.1002064246537964,0.0251474214247853,162,4,V
595,163_SCT,1.8043973902227764e-05,4.0736999551427295e-08,0.0,0.0230136183876671,0.0057579257746422,163,4,M
596,163_PKB,2.5779893312170907e-05,1.001624013952096e-06,0.0,0.0483470061065608,0.0120934469059717,163,4,M
597,163_P2,9.68021339042906e-06,9.369321105623384e-07,0.0,0.0064735265366673,0.001621035920542,163,4,M
598,163_H3,1.702148526247368e-06,0.0,0.0,0.027987127333068,0.0069972073703985,163,4,M
599,163_PKA,3.220501812968535e-06,0.0,0.0,0.0544372502914044,0.0136101176983043,163,4,M
600,164_P2,9.46160991238787e-05,1.2617663742275909e-05,0.0001192563500973,0.0096018931094204,0.0024570958055959,164,4,A
601,164_H3,0.0004809869611946,2.0139244952588346e-05,0.0009080272943696,0.111852471403716,0.0283154062260582,164,4,A
602,164_SCT,8.991805966266893e-05,2.5496767648292007e-06,0.0071260492180205,0.0353763498259406,0.0106487166950971,164,4,A
603,164_PKA,4.953803756522852e-05,0.0,0.0,0.0142112628955637,0.0035652002332822,164,4,A
604,164_PKB,0.0004418671444894,1.0909042202911225e-07,0.0003550833979077,0.1516288100029038,0.0381064674089307,164,4,A
605,165_H3,2.599107589142448e-06,2.0185909306746908e-05,0.0,0.0656160031839483,0.016409697050211,165,4,L
606,165_SCT,4.644756688099749e-05,3.1708070764580043e-06,0.0,0.0330277523902799,0.0082693426910593,165,4,L
607,165_P2,0.0001639472323254,1.6266782040474936e-05,0.0,0.023133262697297,0.0058283691779157,165,4,L
608,165_PKA,0.0003712938091203,9.899337601382284e-05,0.0,0.0544484780521583,0.0137296913093231,165,4,L
609,166_H3,3.1998284438405766e-05,1.6316035953423125e-06,0.0,0.0729134533723407,0.0182367708150936,166,4,A
610,166_SCT,2.6040672977265702e-05,6.413687856365868e-07,0.0,0.003029479291803,0.0007640403333914,166,4,A
611,166_P2,0.0003234652645662,2.597128059278475e-06,0.0,0.0478157243308987,0.012035446680881,166,4,A
612,166_PKA,0.0001473206583527,1.942134986165911e-07,0.0,0.0301495842567424,0.0075742747821484,166,4,A
613,167_H3,3.634442807323386e-07,0.0,0.0,0.0099019759531408,0.0024755848493553,167,4,C
614,167_PKB,5.485518953920281e-05,0.0,0.0,0.0331883064410804,0.0083107904076549,167,4,C
615,167_P2,0.0006016216995976,0.0,0.0,0.0391027339314214,0.0099260889077547,167,4,C
616,167_SCT,0.0017522081419747,0.0,0.0,0.0143500004974302,0.0040255521598512,167,4,C
617,167_PKA,5.272961774921902e-08,0.0,0.0,0.0050608600172969,0.0012652281867286,167,4,C
618,168_PKA,3.042385854332545e-05,0.0,0.0,0.0189210963659209,0.004737880056116,168,4,A
619,168_PKB,0.0001233213427014,6.234542837546543e-08,0.0,0.0028009644487846,0.0007310870342286,168,4,A
620,168_P2,0.000370514652304,6.870246238577239e-08,0.0,0.0095989672717291,0.0024923876566239,168,4,A
621,168_SCT,1.7140429251904107e-05,0.0,0.0,0.0002934668310456,7.765181507438589e-05,168,4,A
622,168_H3,3.5419084261694946e-05,2.192361898778472e-05,0.0,0.0100255034878458,0.0025207115477738,168,4,A
623,169_PKB,0.0001297908965852,4.755978011417028e-07,0.0,0.0472223437761523,0.0118381525676347,169,4,A
624,169_H3,5.152387376555804e-06,0.0,0.0,0.0137657980307765,0.0034427376045382,169,4,A
625,169_P2,0.0005119695961007,1.5887968402239494e-05,0.0007981418042944,0.0558311407077643,0.0142892850191404,169,4,A
626,170_SCT,6.335404972439557e-06,2.1402911443146882e-07,0.0,0.0342067992710305,0.0085533371762793,170,4,P
627,170_P2,7.317705351906184e-06,9.69676307249756e-07,0.0,0.0011678024486014,0.0002940224575651,170,4,P
628,172_PKB,3.91858768345037e-06,3.4659276337833944e-08,0.0,0.0106705188018383,0.0026686180121995,172,4,L
629,172_P2,8.154299869310745e-06,1.2663154848269189e-05,4.734558171005264e-05,0.0168628407775321,0.0042327509534899,172,4,L
630,172_SCT,4.9643869149963615e-08,0.0,0.0,0.0197007676394562,0.0049252043208313,172,4,L
631,172_PKA,5.142216183229246e-06,1.4807392290094867e-06,0.0,0.0721909151630158,0.018049384529607,172,4,L
632,172_H3,4.51896376314969e-07,9.911932465911375e-07,0.0,0.0171952579666357,0.0042991752640646,172,4,L
633,173_PKA,3.375976559683891e-05,0.0,0.0001125733064148,0.0581270669292049,0.0145683500003041,173,4,V
634,173_PKB,8.993112504875004e-05,0.0,0.0,0.0135326552947824,0.0034056466049578,173,4,V
635,173_SCT,8.144755366481244e-05,1.7233189453236267e-07,9.558006634791264e-05,0.0505717305141126,0.0126872326165049,173,4,V
636,173_P2,0.00019210420932,1.079696994565893e-05,9.020073673042598e-06,0.0409831117390438,0.0102987582479956,173,4,V
637,173_H3,3.850654819355603e-07,0.0,0.0,0.0165634603602195,0.0041409613564253,173,4,V
638,178_P2,0.0003657427893657,2.4650831619510427e-05,0.0006553153901931,0.1391292868292846,0.0350437489601157,178,CT/EC,Y
639,178_PKA,0.0003657427893657,2.4650831619510427e-05,0.0006553153901931,0.1391292868292846,0.0350437489601157,178,CT/EC,Y
640,178_PKB,0.0003657427893657,2.4650831619510427e-05,0.0006553153901931,0.1391292868292846,0.0350437489601157,178,CT/EC,Y
641,178_H3,0.0003657427893657,2.4650831619510427e-05,0.0006553153901931,0.1391292868292846,0.0350437489601157,178,CT/EC,Y
642,179_PKA,0.0,0.0,0.0,0.0024024376692088,0.0006006094173022,179,CT/EC,I
643,179_PKB,1.2902360789104533e-05,0.0007859976612962,0.0,0.0301506205060792,0.0077373801320411,179,CT/EC,I
644,179_H3,0.0,0.0,0.0,0.0024024376692088,0.0006006094173022,179,CT/EC,I
645,179_P2,0.0,0.0,0.0,0.0024024376692088,0.0006006094173022,179,CT/EC,I
646,179_SCT,0.0,0.0,0.0,0.0024024376692088,0.0006006094173022,179,CT/EC,I
647,181_PKA,0.2018656247635436,0.0040581347420811,0.1533149062491474,0.2771734377037494,0.1591030258646304,181,CT/EC,E
648,181_PKB,0.0003798677412137,4.265911684342427e-06,8.330246728168124e-05,0.2263034135334109,0.0566927124133976,181,CT/EC,E
649,181_H3,0.0004884886449244,9.603153557691256e-06,0.0,0.0899728622534178,0.022617738512975,181,CT/EC,E
650,181_SCT,0.0005843285755403,3.277822315794765e-06,0.0,0.1014240891015595,0.0255029238748539,181,CT/EC,E
651,181_P2,0.0067607827691231,5.581160166912014e-06,4.078739113075719e-05,0.0345179122247217,0.0103312658862856,181,CT/EC,E
652,183_PKA,0.0001527229149646,0.0001522822858532,0.0008630343869206,0.0635751853637569,0.0161858062378738,183,CT/EC,M
653,183_PKB,6.0012352820981e-05,0.0,0.0001399213579479,0.0469527329269032,0.011788166659418,183,CT/EC,M
654,183_P2,0.000109311072154,0.0004788320511579,0.0001738178608409,0.0162403142982192,0.004250568820593,183,CT/EC,M
655,184_PKA,0.0053347537961032,0.0,0.0,0.00046381806505,0.0014496429652883,184,CT/EC,Q
656,184_PKB,0.005356755547882,0.0,0.0,0.0124255879231405,0.0044455858677556,184,CT/EC,Q
657,184_H3,0.0087019255561117,0.0,0.0,0.0499651343538937,0.0146667649775013,184,CT/EC,Q
658,184_SCT,0.033667742673304,3.774571837311669e-07,0.0887081594154249,0.1469751124102779,0.0673378479890476,184,CT/EC,Q
659,184_P2,2.2788792593875923e-05,0.0042382110841572,0.0,0.0002330203495925,0.0011235050565859,184,CT/EC,Q
660,185_PKA,4.231318592806376e-05,2.569732714619022e-06,2.0462022337393706e-08,0.0174192389137395,0.0043660355736011,185,CT/EC,C
661,185_PKB,9.88127543641734e-06,0.0,0.0,0.002236672521795,0.0005616384493078,185,CT/EC,C
662,185_P2,1.5129028964711537e-06,4.159529112257587e-07,4.956334215788161e-07,0.002949894700105,0.0007380797973335,185,CT/EC,C
663,185_SCT,9.88127543641734e-06,0.0,0.0,0.002236672521795,0.0005616384493078,185,CT/EC,C
664,185_H3,3.5839394408903752e-06,0.0,0.0,0.0155510578492812,0.0038886604471805,185,CT/EC,C
665,189_PKB,1.1033597831064777e-07,0.0,0.0,0.0377684152972877,0.0094421314083165,189,CT/EC,I
666,189_SCT,1.1033597831064777e-07,0.0,0.0,0.0377684152972877,0.0094421314083165,189,CT/EC,I
667,189_PKA,1.1033597831064777e-07,0.0,0.0,0.0377684152972877,0.0094421314083165,189,CT/EC,I
668,189_P2,2.1444140274108684e-05,1.0419473710499003e-06,0.0,0.0009399211310321,0.0002406018046693,189,CT/EC,I
669,191_SCT,0.0,0.0,0.0,0.0024024376692088,0.0006006094173022,191,CT/EC,Y
670,191_PKA,0.1577399714767218,0.0,0.2607292510938453,0.0356471271378059,0.1135290874270932,191,CT/EC,Y
671,191_P2,0.0778688138847251,0.0,0.0747619390976479,0.0323791388592642,0.0462524729604093,191,CT/EC,Y
672,191_H3,0.0,0.0,0.0,0.0024024376692088,0.0006006094173022,191,CT/EC,Y
673,191_PKB,1.3494834123253742e-08,0.0,0.0,0.0208497082223337,0.0052124304292919,191,CT/EC,Y
674,192_H3,0.0,0.0,0.0,0.0024024376692088,0.0006006094173022,192,CT/EC,Y
675,192_PKA,0.0,0.0,0.0,0.0024024376692088,0.0006006094173022,192,CT/EC,Y
676,192_PKB,0.0,0.0,0.0,0.0111811369081953,0.0027952842270488,192,CT/EC,Y
677,192_P2,4.20641923521037e-07,0.0,0.0,0.0068727147632271,0.0017182838512876,192,CT/EC,Y
678,193_P2,1.90397911286361e-05,0.0,0.0,0.0032368306205924,0.0008139676029302,193,CT/EC,T
679,193_PKB,7.17631641211678e-06,0.0,0.0,0.0017184181019184,0.0004313986045826,193,CT/EC,T
680,193_PKA,0.0,0.0,0.0,0.0057767397378718,0.0014441849344679,193,CT/EC,T
681,193_H3,4.0100594869112513e-07,0.0,0.0,0.0135029023227773,0.0033758258321815,193,CT/EC,T
682,193_SCT,1.1660543001993274e-05,0.0,0.0,0.0114416463162419,0.0028633267148109,193,CT/EC,T
683,194_SCT,3.144284988398094e-05,3.544147693901323e-05,0.0,0.0113849799430909,0.0028629660674784,194,CT/EC,P
684,194_P2,0.0001616472039809,3.1476313324674265e-06,5.062830350109493e-05,0.0298803253107807,0.0075239371123988,194,CT/EC,P
685,194_PKB,4.538073272330448e-05,1.282347398046113e-06,0.0,0.0224160043870736,0.0056156668667987,194,CT/EC,P
686,195_H3,8.344143152437346e-05,1.69804991401179e-06,2.18215664669999e-06,0.0050643273954911,0.001287912258394,195,CT/EC,H
687,195_P2,1.3435960818396466e-05,8.02481281425571e-06,0.0,0.0242674725252366,0.0060722333247173,195,CT/EC,H
688,195_SCT,1.6034789774382888e-05,1.39052644954063e-06,0.0,0.0305742412248727,0.0076479166352741,195,CT/EC,H
689,195_PKB,0.0001199103432056,2.353619720452116e-06,0.0,0.025012824927944,0.0062837722227175,195,CT/EC,H
690,195_PKA,0.0001844966984355,2.2103936316852923e-06,0.0,0.0176449882429935,0.0044579238337651,195,CT/EC,H
691,196_PKB,2.343798230596915e-05,2.5308252133982023e-06,1.6193446819974397e-05,0.0260654413652572,0.0065269009048991,196,CT/EC,E
692,196_SCT,5.149565749748147e-06,0.0,7.829667409483344e-06,0.0077233604578029,0.0019340849227405,196,CT/EC,E
693,196_H3,4.503705349512852e-06,6.387510609329183e-08,0.0,0.0119848621878841,0.0029973574420849,196,CT/EC,E
694,196_PKA,1.5255796984806972e-05,5.146538342160056e-07,0.0,0.019836092388157,0.004962965709744,196,CT/EC,E
695,197_PKA,3.449587301249493e-05,1.1245638376067293e-07,0.0,0.0143541865145682,0.0035971987109911,197,CT/EC,E
696,197_P2,1.828636267959772e-06,0.0,0.0,0.0568455819191421,0.0142118526388525,197,CT/EC,E
697,197_H3,3.269958127130487e-06,9.126871987064078e-07,0.0,0.0222414870472847,0.0055614174231526,197,CT/EC,E
698,197_PKB,5.477107941108441e-06,0.0,0.0,0.060722276224992,0.0151819383332332,197,CT/EC,E
699,197_SCT,7.357387019359196e-06,0.0,0.0,0.0321488359479553,0.0080390483337436,197,CT/EC,E
700,198_H3,0.0003108238082547,0.000124147220049,0.0015518451046382,0.0207146613456566,0.0056753693696496,198,CT/EC,T
701,198_P2,0.0001827589881169,1.4416146768780893e-05,0.0,0.0379535305488449,0.0095376764209326,198,CT/EC,T
702,198_SCT,1.7395145556845432e-06,0.0,0.0,0.0497522539985516,0.0124384983782768,198,CT/EC,T
703,198_PKB,4.6615049364589415e-05,5.801177280773118e-07,0.0,0.0226814682814851,0.0056821658621444,198,CT/EC,T
704,198_PKA,0.0006669843078519,1.2419104677974246e-06,0.0,0.009085550273589,0.0024384441229772,198,CT/EC,T
705,199_PKA,6.091992744398195e-05,0.0,0.0,0.0253411961200085,0.0063505290118631,199,CT/EC,N
706,199_SCT,8.759007966711584e-06,0.0,5.116071627955672e-05,0.0445112470445137,0.0111427916921899,199,CT/EC,N
707,199_P2,0.0002616308520128,3.511662782784697e-07,7.862076311605754e-06,0.0186580238562141,0.0047319669877042,199,CT/EC,N
708,199_PKB,0.0003064337470367,6.017449413775466e-05,0.0,0.0238212392640946,0.0060469618763172,199,CT/EC,N
709,199_H3,3.32678173145743e-05,0.0,0.0,0.0173291595087673,0.0043406068315204,199,CT/EC,N
710,200_SCT,8.515892308609773e-07,0.0,0.0,0.080454376065609,0.0201138069137099,200,CT/EC,N
711,200_H3,3.2146041757464814e-06,0.0,0.0,0.0014007189069484,0.000350983377781,200,CT/EC,N
712,200_PKB,0.0290580934292325,0.0,0.0,0.0464746839106634,0.018883194334974,200,CT/EC,N
713,200_P2,0.0301190901475644,0.0120932972058653,0.0797923068926507,0.0150392972687469,0.0342609978787068,200,CT/EC,N
714,201_PKA,4.386298380181244e-05,2.427821641504125e-07,0.0,0.0024451646012348,0.0006223175918002,201,CT/EC,E
715,201_P2,5.2615311032862414e-06,0.0,0.0,0.0138574907467701,0.0034656880694683,201,CT/EC,E
716,201_SCT,5.417054710645669e-06,1.2160029427832342e-07,0.0,0.0481520716300392,0.012039402571261,201,CT/EC,E
717,201_PKB,1.0050089522205336e-05,0.0,0.0,0.019872529549023,0.0049706449096363,201,CT/EC,E
718,201_H3,1.7202520650650444e-05,4.485763838601997e-06,0.0,0.0171241266796733,0.0042864537410406,201,CT/EC,E
719,202_SCT,1.1677577461137906e-05,0.0,0.0,0.0203463999565816,0.0050895193835106,202,CT/EC,S
720,202_P2,2.501524723194907e-05,1.316392172157066e-06,0.0,0.0067435668306791,0.0016924746175208,202,CT/EC,S
721,202_H3,1.833186683242039e-05,3.9762149128819146e-08,0.0,0.0107505356362702,0.0026922268163129,202,CT/EC,S
722,202_PKB,1.0083899790731447e-05,1.6695047406756205e-06,0.000209533661795,0.032370668797225,0.0081479889658878,202,CT/EC,S
723,202_PKA,2.1474304425751976e-05,1.8218175412698656e-08,0.0,0.0110153367033364,0.0027592073064843,202,CT/EC,S
724,203_H3,0.0001792482646664,6.198358460096642e-05,0.0003451545903612,0.0056279133400051,0.0015535749449084,203,5,F
725,203_PKB,0.0001792482646664,6.198358460096642e-05,0.0003451545903612,0.0056279133400051,0.0015535749449084,203,5,F
726,203_PKA,0.0001792482646664,6.198358460096642e-05,0.0003451545903612,0.0056279133400051,0.0015535749449084,203,5,F
727,203_P2,0.0001792482646664,6.198358460096642e-05,0.0003451545903612,0.0056279133400051,0.0015535749449084,203,5,F
728,204_PKA,1.0227980937016014e-06,8.760252399042656e-07,0.0,0.0017210138616577,0.0004307281712478,204,5,V
729,204_PKB,0.0019834741258332,2.915191544161644e-06,0.0,0.01176848341417,0.0034387181828868,204,5,V
730,204_SCT,1.9034765593422705e-07,1.3841193080565972e-08,0.0,0.0352870174453747,0.0088218054085559,204,5,V
731,204_H3,1.9034765593422705e-07,1.3841193080565972e-08,0.0,0.0352870174453747,0.0088218054085559,204,5,V
732,204_P2,2.8387516443774167e-05,8.139355145431182e-07,0.0,0.0234281649725346,0.0058643416061232,204,5,V
733,205_PKA,2.5448109053443167e-05,1.3264402696222533e-06,4.454108079227359e-05,0.0142427326686891,0.0035785120747011,205,5,I
734,205_P2,5.795923329661883e-05,4.265075403964147e-06,0.0023749146811312,0.00512360639129,0.0018901863452804,205,5,I
735,205_PKB,1.1723839951132185e-05,0.0,0.0,0.0719768213230374,0.0179971362907471,205,5,I
736,205_H3,2.1978478893953525e-06,0.0,0.0,0.0145567519627517,0.0036397374526602,205,5,I
737,205_SCT,5.026229571784349e-06,1.1154024832649156e-06,0.0,0.016028352207984,0.0040086234600097,205,5,I
738,206_PKA,0.0523588481097717,0.0,0.0807100207220761,0.0172150126192649,0.0375709703627781,206,5,Y
739,206_PKB,2.733460605715668e-05,0.0,0.0,0.013037872640353,0.0032663018116025,206,5,Y
740,206_SCT,9.926862964998398e-06,0.0,0.0,0.0049072612114627,0.0012292970186069,206,5,Y
741,206_H3,1.4375494112565586e-06,0.0,0.0,0.0156890602434063,0.0039226244482044,206,5,Y
742,206_P2,5.8650942738129855e-06,0.0,0.0,0.0061832113855992,0.0015472691199682,206,5,Y
743,207_PKB,0.0001106735822933,0.0,0.0,0.0838593024577599,0.0209924940100133,207,5,M
744,207_PKA,7.895892009992335e-05,5.215581404627301e-05,3.5263324742085264e-05,0.031406065080507,0.0078931107848488,207,5,M
745,207_P2,0.0001106735822933,0.0,0.0,0.0838593024577599,0.0209924940100133,207,5,M
746,208_SCT,4.982544660440105e-06,0.0,0.0,0.0343327136691608,0.0085844240534553,208,5,F
747,208_P2,4.532323620697344e-06,9.29885936784558e-05,0.0,0.0023064479549992,0.0006009922180746,208,5,F
748,208_PKB,3.629659915346452e-06,0.0,0.0,0.0010994492905193,0.0002757697376086,208,5,F
749,208_PKA,1.1187802102868195e-06,0.0,0.0,0.0136796341205633,0.0034201882251934,208,5,F
750,208_H3,0.0,0.0,0.0,0.0018593772153037,0.0004648443038259,208,5,F
751,209_PKB,6.450266394199753e-05,4.069082478963537e-06,0.0,0.0243203698978899,0.0060972354110777,209,5,V
752,209_SCT,6.127186393354949e-05,0.0,0.0,0.0389454252113776,0.0097516742688278,209,5,V
753,209_H3,4.567419016402519e-06,1.5250253682097537e-06,0.0,0.0523646888659929,0.0130926953275943,209,5,V
754,209_P2,0.0001870128027964,9.652503649704158e-07,1.2874654286112098e-06,0.0569034868856991,0.0142731881010722,209,5,V
755,210_P2,0.0028775360360386,2.9771401841571787e-06,0.0,0.0076450595163488,0.0026313931731429,210,5,V
756,210_H3,0.0087019255561117,0.0,0.0,0.0499651343538937,0.0146667649775013,210,5,V
757,210_SCT,5.506774482669965e-06,5.113835186421056e-07,0.0,0.0625243058831906,0.0156325810102979,210,5,V
758,210_PKA,0.0001339879162655,1.391397063343902e-06,0.0,0.0579300187479431,0.014516349515318,210,5,V
759,210_PKB,0.0001487524945869,0.0,0.0,0.0500428627716885,0.0125479038165688,210,5,V
760,211_PKB,4.565761147005116e-06,4.244458295943332e-07,8.482008483129526e-06,0.0111337254965944,0.0027867994280135,211,5,H
761,211_H3,4.565761147005116e-06,4.244458295943332e-07,8.482008483129526e-06,0.0111337254965944,0.0027867994280135,211,5,H
762,211_PKA,1.2195990965457353e-05,0.0,0.0,0.0067450587395117,0.0016893136826192,211,5,H
763,211_SCT,4.565761147005116e-06,4.244458295943332e-07,8.482008483129526e-06,0.0111337254965944,0.0027867994280135,211,5,H
764,211_P2,1.0105279240173006e-05,1.876939990097526e-07,0.0,0.0027736607817752,0.0006959884387536,211,5,H
765,212_H3,4.77926133895008e-05,2.3311654331337195e-06,0.0,0.034270128959656,0.0085800631846196,212,5,F
766,212_PKA,3.1418223959507747e-06,0.0,0.0,0.0375697355896106,0.0093932193530016,212,5,F
767,212_SCT,0.0,0.0,0.0,0.0193107952564863,0.0048276988141215,212,5,F
768,212_P2,0.0,0.0,0.0,0.0024024376692088,0.0006006094173022,212,5,F
769,212_PKB,0.0,0.0,0.0,0.0024024376692088,0.0006006094173022,212,5,F
770,213_PKA,8.425542561278074e-05,9.797447546588955e-07,1.0471615411295812e-05,0.0114542777980705,0.0028874961459623,213,5,I
771,213_PKB,7.548003455511391e-05,3.6964795526728263e-06,0.0,0.0439081607155116,0.0109968343074048,213,5,I
772,213_P2,0.0002031778763614,4.077911398780998e-06,3.805245587062751e-05,0.0639196342027865,0.0160412356116043,213,5,I
773,213_H3,1.5140326022327166e-05,6.849289093224797e-06,0.0,0.0513752731242019,0.0128493156848293,213,5,I
774,213_SCT,9.652705360594751e-05,2.419358679617289e-06,0.0,0.0118838094766941,0.0029956889722449,213,5,I
775,214_H3,1.9355770542747623e-05,2.0200419385218996e-05,0.0,0.0514328436815779,0.0128680999678764,214,5,I
776,214_SCT,2.2685847081261397e-05,2.061412487819325e-06,0.0001638476936027,0.0337089667800878,0.0084743904333149,214,5,I
777,214_PKA,0.0004057165024804,1.594590770537252e-07,6.066001763664517e-06,0.0774945244746461,0.0194766166094918,214,5,I
778,214_PKB,0.0002705199451982,1.4781168147237622e-06,0.0,0.030181235155963,0.007613308304494,214,5,I
779,214_P2,5.844335586536189e-05,2.596416607048013e-06,0.0,0.0148616587415996,0.003730674628518,214,5,I
780,216_SCT,1.0888190280826604e-05,0.0,0.0,0.0108279968208824,0.0027097212527908,216,5,L
781,216_P2,2.470994746374186e-05,1.2251804264451494e-06,0.0,0.0049908666391243,0.0012542004417536,216,5,L
782,216_PKA,1.2947514390964509e-05,0.0,0.0,0.0046508846360336,0.0011659580376061,216,5,L
783,216_PKB,0.0001114679857289,0.0,0.0,0.0048293336807714,0.0012352004166251,216,5,L
784,217_P2,0.0001771037610347,1.1743144341380685e-06,0.0,0.0822598654808944,0.0206095358890908,217,5,I
785,217_H3,3.0399769625360862e-05,8.564663858123822e-07,0.0,0.0896627262273698,0.0224234956158452,217,5,I
786,217_PKB,0.0007582438983223,5.274737486615777e-05,0.0017104505033579,0.0540250815663104,0.0141366308357142,217,5,I
787,217_SCT,0.0001029186463743,1.090470277631539e-06,1.5204102872933705e-05,0.008071491402402,0.0020476761554817,217,5,I
788,218_P2,7.783082326165314e-05,7.126152468117652e-07,0.0,0.0243581216380791,0.0061091662691468,218,5,V
789,218_H3,8.474349568292848e-06,0.0,0.0,0.0157269047449134,0.0039338447736204,218,5,V
790,218_PKB,0.0003143103390936,6.804778536206868e-07,0.0,0.0200476602547982,0.0050906627679363,218,5,V
791,219_PKA,1.7773323738754775e-06,2.546697396610398e-05,0.0,0.0049731408623528,0.0012500962921732,219,5,I
792,219_P2,1.125222198227468e-06,5.856335292264703e-07,0.0,0.0147847053507546,0.0036966040516205,219,5,I
793,220_SCT,1.1986631330839165e-05,3.030159945183186e-08,0.0,0.0034674376496049,0.0008698636456338,220,5,F
794,220_PKB,9.384161564310832e-05,2.4294374725286616e-06,0.0,0.0342098724436614,0.0085765358741942,220,5,F
795,220_P2,7.88050103557045e-05,2.508795944322628e-07,0.0,0.0406466383928753,0.0101814235707063,220,5,F
796,221_PKA,2.2875791905016743e-06,0.0,2.928435581063182e-05,0.02117718044759,0.0053021880956478,221,5,F
797,221_PKB,2.2875791905016743e-06,0.0,2.928435581063182e-05,0.02117718044759,0.0053021880956478,221,5,F
798,221_SCT,2.293836507145979e-06,4.530479054665193e-05,0.0,0.0385124734505353,0.0096400180193972,221,5,F
799,221_P2,2.293836507145979e-06,4.530479054665193e-05,0.0,0.0385124734505353,0.0096400180193972,221,5,F
800,222_H3,1.5439768832688985e-06,0.0,0.0,0.0676190276450191,0.0169051429054756,222,5,C
801,222_SCT,1.5439768832688985e-06,0.0,0.0,0.0676190276450191,0.0169051429054756,222,5,C
802,222_P2,1.3032772951803689e-06,0.0,0.0,0.003092681357235,0.0007734961586325,222,5,C
803,222_PKB,1.5439768832688985e-06,0.0,0.0,0.0676190276450191,0.0169051429054756,222,5,C
804,222_PKA,2.416668495566574e-06,0.0,0.0,0.0067370247091421,0.0016848603444094,222,5,C
805,224_PKB,4.1313138807026016e-05,2.2030860691302223e-06,9.381657747343708e-05,0.0543911827264042,0.0136321288821884,224,5,G
806,224_P2,9.718416981542132e-05,3.663975576273515e-06,0.0,0.0243892011792909,0.0061225123311706,224,5,G
807,224_PKA,2.6586748500363215e-05,0.0001491050788899,0.0002886334910745,0.0220686730687307,0.0056332495967989,224,5,G
808,224_H3,3.860165719893128e-05,0.0,5.712023171375839e-05,0.0224071237840775,0.0056257114182475,224,5,G
809,225_SCT,1.938896379332612e-05,4.745909973280504e-05,0.0,0.0294966127786984,0.0073908652105561,225,CT/EC,Q
810,225_PKA,8.063914883801757e-06,4.056191471590864e-08,0.0,0.0234812437421753,0.0058723370547434,225,CT/EC,Q
811,225_PKB,2.0530885364810205e-05,1.1460075484137633e-06,0.0,0.0004797538838165,0.0001253576941824,225,CT/EC,Q
812,225_P2,2.2770426942025697e-06,1.770314810300988e-07,0.0,0.0061218123772841,0.0015310666128648,225,CT/EC,Q
813,225_H3,5.800771307784169e-07,0.0,0.0,0.0091710849310293,0.00229291625204,225,CT/EC,Q
814,226_PKA,0.0,0.0,0.0,0.0024024376692088,0.0006006094173022,226,CT/EC,L
815,226_P2,0.0,0.0,0.0,0.0024024376692088,0.0006006094173022,226,CT/EC,L
816,226_PKB,0.0,0.0,0.0,0.0024024376692088,0.0006006094173022,226,CT/EC,L
817,227_PKB,7.343402444964157e-06,1.429133504871061e-07,0.0,0.0051484352332587,0.0012889803872635,227,CT/EC,V
818,227_PKA,2.86158331645245e-06,1.25615059687334e-07,0.0,0.0051320380463458,0.0012837563111804,227,CT/EC,V
819,227_SCT,0.0,0.0,0.0,0.0024024376692088,0.0006006094173022,227,CT/EC,V
820,227_H3,0.0,0.0,0.0,0.0024024376692088,0.0006006094173022,227,CT/EC,V
821,227_P2,3.7470734033466055e-05,0.0,0.0,0.0058363551524877,0.0014684564716303,227,CT/EC,V
822,228_SCT,0.0002646534762592,0.0,0.0,0.0292263786699292,0.0073727580365471,228,CT/EC,F
823,228_PKB,9.515702474977985e-05,2.3157217583502643e-06,0.0,0.0860838707227852,0.0215453358673233,228,CT/EC,F
824,228_PKA,0.0002766318806685,0.0,0.0,0.0637559884721693,0.0160081550882094,228,CT/EC,F
825,228_P2,7.676084329470467e-05,1.1521832675498445e-05,0.0,0.049144511640897,0.0123081985792168,228,CT/EC,F
826,228_H3,6.432154192403075e-05,9.1283009169274e-06,0.0,0.0546993238966362,0.0136931934348693,228,CT/EC,F
827,229_SCT,4.628654757212952e-05,7.076134522776556e-08,0.0,0.005108241131449,0.0012886496100916,229,CT/EC,T
828,229_P2,2.3018358650604853e-05,0.0,0.0,0.0029149603158892,0.0007344946686349,229,CT/EC,T
829,229_PKA,9.425145196488229e-06,2.31809575979014e-08,0.0,0.0218551768567716,0.0054661562957314,229,CT/EC,T
830,229_PKB,2.105523365004212e-05,0.0,0.0,0.0174217582121787,0.0043607033614572,229,CT/EC,T
831,229_H3,8.565807742555494e-07,1.3334069080883635e-05,4.539926372000324e-05,0.0331791695228411,0.008309689859104,229,CT/EC,T
832,230_PKA,8.487578671496538e-07,3.2338439837076294e-07,0.0,0.0127693614889375,0.0031926334078007,230,CT/EC,V
833,230_PKB,4.997012083107132e-07,0.0,0.0,0.0305673981641004,0.0076419744663271,230,CT/EC,V
834,230_P2,6.860438655048072e-07,4.150564336669049e-08,0.0,0.006863845070667,0.0017161431550439,230,CT/EC,V
835,231_H3,2.9081331909060516e-05,0.0,0.0,0.0556213062681458,0.0139125969000137,231,CT/EC,K
836,231_PKA,5.158922524528685e-05,0.0,0.0,0.0462427984201545,0.0115735969113499,231,CT/EC,K
837,231_PKB,3.954151592130918e-05,8.322371058966382e-08,0.0,0.008142724365937,0.0020455872763922,231,CT/EC,K
838,231_P2,9.805588961687989e-05,2.710212538659107e-05,0.0,0.0305259910088469,0.0076627872559626,231,CT/EC,K
839,232_SCT,3.116109452628591e-06,0.0,0.0,0.0008345604548157,0.0002094191410671,232,CT/EC,E
840,232_P2,8.483527096224725e-05,0.0,0.0,0.0024431015517397,0.0006319842056754,232,CT/EC,E
841,232_H3,5.066541543851934e-05,0.0,0.0,0.0287006083386896,0.007187818438532,232,CT/EC,E
842,232_PKA,0.0001271109517271,6.339053470583167e-06,0.0,0.0186269904755199,0.0046901101201794,232,CT/EC,E
843,233_PKB,6.21693359547063e-07,0.0,0.0,0.0013417759786316,0.0003355994179978,233,CT/EC,A
844,233_PKA,6.21693359547063e-07,0.0,0.0,0.0013417759786316,0.0003355994179978,233,CT/EC,A
845,233_P2,1.4055617809861253e-06,8.08418150199941e-08,0.0,0.0014629525470316,0.0003661097376569,233,CT/EC,A
846,235_PKA,1.6290607029999158e-05,1.649525245284167e-07,0.0,0.003661211344692,0.0009194167260616,235,CT/EC,A
847,235_SCT,1.361892405506588e-05,0.0,0.0,0.030481111507152,0.0076236826078017,235,CT/EC,A
848,235_P2,7.52146716067606e-06,1.935898580995854e-05,0.0,0.0215801136214626,0.0054017485186083,235,CT/EC,A
849,235_H3,8.452852962624427e-06,3.3077171792683657e-06,0.0,0.0041063390887041,0.0010295249147115,235,CT/EC,A
850,235_PKB,1.40526865294191e-05,0.0,0.0,0.0182985294231696,0.0045781455274247,235,CT/EC,A
851,238_PKB,6.573773645641761e-06,0.0,1.1909500108643428e-07,0.0129994147469297,0.0032515269038941,238,CT/EC,Q
852,238_PKA,2.8464279838121555e-06,0.0,0.0,0.0031732112999631,0.0007940144319867,238,CT/EC,Q
853,238_H3,1.7516254096814377e-07,0.0,0.0,0.0163590711231506,0.0040898115714229,238,CT/EC,Q
854,238_P2,8.651116189554706e-07,0.0,0.0,0.0096981907709319,0.0024247639706377,238,CT/EC,Q
855,238_SCT,2.4278476584771804e-06,0.0,0.0,0.0222038994569716,0.0055515818261575,238,CT/EC,Q
856,239_P2,4.401212019952785e-05,9.57833708525868e-06,0.0,0.0086226956004149,0.0021690715144249,239,CT/EC,E
857,239_PKA,2.5904544465424434e-05,0.0,1.5035233874264768e-05,0.0421293199553165,0.010542564933414,239,CT/EC,E
858,239_SCT,1.3161559188628986e-07,0.0,0.0,0.0038344814646499,0.0009586532700604,239,CT/EC,E
859,241_P2,1.930416695027263e-05,0.0,0.0,0.0246848672824081,0.0061760428623396,241,CT/EC,A
860,241_H3,3.157020391585899e-06,0.0,0.0,0.0105960164092917,0.0026497933574208,241,CT/EC,A
861,241_PKA,3.157020391585899e-06,0.0,0.0,0.0105960164092917,0.0026497933574208,241,CT/EC,A
862,241_SCT,3.157020391585899e-06,0.0,0.0,0.0105960164092917,0.0026497933574208,241,CT/EC,A
863,241_PKB,5.980343615981416e-07,2.4188776137634704e-07,0.0,0.0128810751033415,0.0032204787563661,241,CT/EC,A
864,242_PKB,4.3631441271652224e-05,0.0,0.0,0.0168525838872949,0.0042240538321416,242,CT/EC,T
865,242_P2,4.3631441271652224e-05,0.0,0.0,0.0168525838872949,0.0042240538321416,242,CT/EC,T
866,242_PKA,4.3631441271652224e-05,0.0,0.0,0.0168525838872949,0.0042240538321416,242,CT/EC,T
867,245_P2,1.5938542139283746e-07,0.0,0.0,0.0170022981662577,0.0042506143879197,245,CT/EC,K
868,245_PKA,5.0596659809321155e-08,0.0,0.0,0.0012181390409363,0.000304547409399,245,CT/EC,K
869,245_PKB,1.5938542139283746e-07,0.0,0.0,0.0170022981662577,0.0042506143879197,245,CT/EC,K
870,245_H3,1.5938542139283746e-07,0.0,0.0,0.0170022981662577,0.0042506143879197,245,CT/EC,K
871,248_H3,1.828716731513462e-05,1.0180490335187642e-06,0.0,0.0665343113809965,0.0166384041493362,248,CT/EC,K
872,248_PKA,1.7593661065463704e-05,0.0,0.0,0.002200513779781,0.0005545268602116,248,CT/EC,K
873,248_PKB,2.0540725478547604e-05,0.0,0.0,0.0232992241320514,0.0058299412143824,248,CT/EC,K
874,248_P2,9.36156251127234e-06,4.388564320834121e-07,0.0,0.0104782730280906,0.0026220183617585,248,CT/EC,K
875,249_P2,4.340254552408012e-06,9.63278736776374e-08,0.0,0.003646293442004,0.0009126825061075,249,CT/EC,E
876,249_PKA,1.130329501578034e-06,8.86246027675952e-08,0.0,0.0055062759376967,0.0013768737229502,249,CT/EC,E
877,251_PKB,1.3151122861814309e-06,0.0,0.0,0.0207794831696662,0.0051951995704881,251,CT/EC,T
878,251_P2,1.6337233665118633e-05,0.0,9.21526167144348e-05,0.018698208470216,0.0047016745801489,251,CT/EC,T
879,251_PKA,1.6337233665118633e-05,0.0,9.21526167144348e-05,0.018698208470216,0.0047016745801489,251,CT/EC,T
880,252_SCT,1.0734924746079306e-09,5.6115850384230725e-06,0.0,0.0322062228410961,0.0080529588749067,252,CT/EC,R
881,252_P2,4.4450067624797305e-05,3.0971634714660468e-06,0.0,0.0013723177849509,0.0003549662540118,252,CT/EC,R
882,252_PKB,7.52651217522739e-05,0.0,0.0001691701461257,0.0118446287807658,0.0030222660121609,252,CT/EC,R
883,252_H3,4.450731610612586e-05,0.0,0.0,0.0061752963991206,0.0015549509288066,252,CT/EC,R
884,252_PKA,1.1725261618387783e-05,0.0,0.0001637680645502,0.0083009107729818,0.0021191010247876,252,CT/EC,R
885,254_P2,1.6816948325720448e-06,2.130992925231112e-06,0.0,0.0114180451243616,0.0028554644530298,254,6,V
886,254_PKB,1.3329698336988258e-07,0.0,0.0,0.0100563072099774,0.0025141101267402,254,6,V
887,254_PKA,1.3329698336988258e-07,0.0,0.0,0.0100563072099774,0.0025141101267402,254,6,V
888,254_SCT,1.3329698336988258e-07,0.0,0.0,0.0100563072099774,0.0025141101267402,254,6,V
889,255_PKB,3.712183455906328e-05,0.0,0.0,0.0083517276462789,0.0020972123702094,255,6,I
890,255_PKA,0.0006031275048227,0.0,0.0,0.0007456279942387,0.0003371888747653,255,6,I
891,255_P2,6.062591095494345e-05,1.8901291696238327e-06,0.0,0.0295057565921488,0.0073920681580683,255,6,I
892,256_P2,2.3992408933701625e-05,3.496853196338634e-06,0.0,0.0105570610854185,0.0026461375868871,256,6,I
893,256_SCT,1.2335481343927109e-05,0.0,0.0,0.0065720142844627,0.0016460874414516,256,6,I
894,256_PKA,4.802297020673138e-05,0.0,0.0002482272336448,0.0202461734112437,0.0051356059037738,256,6,I
895,258_PKB,6.009797044234782e-06,0.0,0.0,0.0064111676224055,0.0016042943548624,258,6,V
896,258_PKA,4.21554736495617e-06,3.9965951259546273e-07,0.0,0.0007034573648225,0.000177018142925,258,6,V
897,258_P2,2.865831584318912e-06,3.2363465152229764e-07,0.0,0.0045540582403552,0.0011393119266477,258,6,V
898,259_SCT,3.323073405069857e-05,1.6103967936942356e-07,0.0,0.025442783449065,0.0063690438056987,259,6,I
899,259_PKB,0.0002476036112522,2.489868791144545e-07,0.0,0.0414188363242573,0.0104166722305971,259,6,I
900,259_PKA,0.0001929594419353,3.9102019400161225e-06,0.0,0.0235776559589181,0.0059436314006983,259,6,I
901,259_P2,8.309397827835145e-05,8.122903636831325e-06,0.0004061798185978,0.0067881715593911,0.001821392064976,259,6,I
902,260_P2,3.268737675449143e-05,1.751734885147016e-06,0.0,0.0321386546635441,0.0080432734437959,260,6,A
903,260_H3,5.457414682904831e-06,0.0,0.0,0.0390732934903446,0.0097696877262568,260,6,A
904,260_PKB,1.4505206116644676e-05,8.330279115398298e-07,0.0,0.0084905243761834,0.0021264656525529,260,6,A
905,260_SCT,6.047712511455774e-06,0.0,0.0,0.0275546213134176,0.0068901672564822,260,6,A
906,260_PKA,1.3583677425501504e-05,7.898632361502678e-07,0.0,0.0203605332423364,0.0050937266957495,260,6,A
907,261_H3,0.0036717187661198,0.0001012210705084,0.017170258592662,0.4356622926273674,0.1141513727641644,261,6,F
908,261_PKA,0.0036717187661198,0.0001012210705084,0.017170258592662,0.4356622926273674,0.1141513727641644,261,6,F
909,261_P2,0.0036717187661198,0.0001012210705084,0.017170258592662,0.4356622926273674,0.1141513727641644,261,6,F
910,261_PKB,0.0036717187661198,0.0001012210705084,0.017170258592662,0.4356622926273674,0.1141513727641644,261,6,F
911,262_SCT,7.584693235349727e-05,4.781730922331917e-07,0.0,0.0494278660438542,0.0123760477873249,262,6,L
912,262_PKB,7.584693235349727e-05,4.781730922331917e-07,0.0,0.0494278660438542,0.0123760477873249,262,6,L
913,262_P2,9.491102985909486e-05,5.16212082857237e-07,0.0,0.0092717793122934,0.0023418016385588,262,6,L
914,262_PKA,7.584693235349727e-05,4.781730922331917e-07,0.0,0.0494278660438542,0.0123760477873249,262,6,L
915,263_PKA,0.0001997078468908,1.86592460522661e-05,0.0,0.0080581642141502,0.0020691328267733,263,6,I
916,263_H3,4.202081122951871e-06,6.366272486957314e-08,0.0,0.0328113745722454,0.0082039100790233,263,6,I
917,263_P2,0.0001135753673368,2.4090533770504408e-05,0.0,0.0624207488197895,0.0156396036802242,263,6,I
918,263_SCT,3.920777173442528e-05,0.0,0.0,0.0484380552647328,0.0121193157591168,263,6,I
919,263_PKB,0.0002794491000056,2.4940793537098216e-06,0.0007720473787741,0.0703551665092638,0.0178522892668493,263,6,I
920,264_SCT,3.043801755844206e-05,1.091575359168928e-05,0.0,0.0078511760343046,0.0019731324513636,264,6,C
921,264_P2,7.506994324208978e-05,2.8863146894764213e-07,0.0,0.0001434791977848,5.4709443123962885e-05,264,6,C
922,264_PKB,3.043801755844206e-05,1.091575359168928e-05,0.0,0.0078511760343046,0.0019731324513636,264,6,C
923,264_PKA,7.506994324208978e-05,2.8863146894764213e-07,0.0,0.0001434791977848,5.4709443123962885e-05,264,6,C
924,265_PKB,0.0423412656656178,4.922018774777825e-07,0.0342142811378359,0.0352864940451428,0.0279606332626185,265,6,W
925,265_P2,0.019282554206934,0.0021514773834496,0.0001270611878775,0.17373270382601,0.0488234491510678,265,6,W
926,265_PKA,0.0157029662871258,1.7304711263932407e-07,0.0832662128721359,0.2401451955870558,0.0847786369483575,265,6,W
927,266_PKB,0.0002047352540628,4.821517450182e-06,0.000387885726672,0.0032124001030983,0.0009524606503208,266,6,L
928,266_H3,5.047163634176627e-05,0.0001630913175176,0.0,0.097943727246171,0.0245393225500076,266,6,L
929,266_P2,0.0001822130932516,1.4142958093543714e-07,0.0,0.0459322962642166,0.0115286626967623,266,6,L
930,266_SCT,0.0001674421175048,8.444624199910322e-07,0.0011725777813796,0.0058734532531844,0.0018035794036222,266,6,L
931,269_SCT,0.0024431738751826,3.533302503910818e-07,0.0,0.0467695842487326,0.0123032778635414,269,6,A
932,269_H3,0.0020559270081666,0.0001779845042619,0.0034776646226634,0.2286605432186076,0.0585930298384249,269,6,A
933,269_P2,0.0033426559034911,7.186421134974808e-05,0.0018854213916758,0.1210071174983876,0.031576764751226,269,6,A
934,269_PKA,0.00216675975513,8.440920282737352e-07,0.0017729330663252,0.1814497918949943,0.0463475822021195,269,6,A
935,269_PKB,0.0022695928715714,6.577428575837985e-05,0.0105465717347234,0.2023702934861837,0.0538130580945592,269,6,A
936,270_H3,5.803655545248656e-05,7.014836683083559e-06,0.0,0.006857377478785,0.0017306072177301,270,6,G
937,270_P2,0.0001447228931883,1.0803450095409062e-05,0.0002649940510123,0.0532108943394389,0.0134078536834337,270,6,G
938,270_PKA,0.0053753463254523,1.8005532353981837e-07,3.66766586617408e-05,0.0056795560452659,0.0027729397711759,270,6,G
939,270_PKB,0.0002153334609088,2.7008923098037485e-07,0.0,0.0069271237221261,0.0017856818180664,270,6,G
940,270_SCT,3.0919291238749534e-05,0.0,0.0,0.0200302401886534,0.005015289869973,270,6,G
941,271_P2,7.385368016452666e-05,1.1345548500685254e-06,0.0,0.00462552508158,0.0011751283291486,271,6,V
942,271_PKB,1.976146187605338e-05,0.0,0.0,0.0648400366031931,0.0162149495162673,271,6,V
943,271_PKA,0.0002352725813888,1.1426498531363904e-05,0.0,0.0243494779720737,0.0061490442629984,271,6,V
944,271_SCT,1.7518994576088085e-06,5.685070618710597e-07,0.0,0.0409823166527794,0.0102461592648247,271,6,V
945,271_H3,1.5834993253182452e-05,3.0306313192340895e-07,8.271883143970622e-05,0.0184500880122306,0.0046372362250138,271,6,V
946,272_P2,4.540861708205826e-07,3.581156704512978e-07,0.0,0.0083289832268448,0.0020824488571715,272,6,A
947,272_SCT,7.220215067429064e-06,0.0,0.0,0.0110990692540651,0.0027765723672831,272,6,A
948,273_H3,3.528308015111496e-07,7.352270614546796e-08,0.0,0.012210705241463,0.0030527828987426,273,6,F
949,273_SCT,4.962713581827198e-06,0.0,0.0,0.0131911777384739,0.0032990351130139,273,6,F
950,273_PKB,1.385091741621134e-05,6.817560915806099e-08,0.0,0.0586658494545422,0.0146699421368919,273,6,F
951,273_P2,4.605176847303491e-05,1.056910150509793e-06,0.0,0.0602444841683979,0.0150728982117553,273,6,F
952,273_PKA,3.134387668502804e-05,2.363129169680178e-06,0.0,0.0236726317733473,0.0059265846948005,273,6,F
953,274_PKA,3.628977065665585e-05,1.7293028577114455e-05,0.0,0.072949783985556,0.0182508416961974,274,6,Y
954,274_H3,7.50676252387514e-06,1.0255272400172544e-06,0.0,0.0204650921995838,0.0051184061223369,274,6,Y
955,274_PKB,7.39119650406713e-06,0.0,0.0,0.0499450215613219,0.0124881031894565,274,6,Y
956,275_SCT,6.873213203203031e-08,0.0,4.106433077816452e-05,0.0310629795092104,0.0077760281430301,275,CT/EC,I
957,275_PKB,0.0096451823001287,0.0,0.0094611608575254,0.0753296971385258,0.023609010074045,275,CT/EC,I
958,275_P2,0.0115030629736054,0.0054418072104454,0.0559607066385971,0.0154515964729828,0.0220892933239077,275,CT/EC,I
959,275_PKA,0.0141401597099243,0.0,0.0,0.0162149521009705,0.0075887779527237,275,CT/EC,I
960,275_H3,2.076763773650105e-06,2.7306887204758823e-05,3.992599637021679e-05,0.0175279609759,0.0043993176558121,275,CT/EC,I
961,276_P2,5.300149700857269e-05,7.165773240558337e-06,0.0,0.002008027952712,0.0005170488057402,276,CT/EC,F
962,276_SCT,5.010155390390825e-05,4.5964816308696754e-06,0.0,0.0758154177315778,0.0189675289417781,276,CT/EC,F
963,276_PKA,5.378264997687119e-05,1.1283160347375087e-05,0.0,0.0035132996704559,0.000894591370195,276,CT/EC,F
964,276_PKB,5.258185662940308e-05,2.411798504908802e-06,7.46299571453618e-05,0.0052995548293084,0.001357294610397,276,CT/EC,F
965,277_P2,1.0101460342170704e-05,2.605176518954977e-07,0.0,0.0309047373015762,0.0077287748198925,277,CT/EC,T
966,277_SCT,2.433760982704013e-05,8.841387710845083e-08,0.0,0.0348917636448184,0.0087290474171306,277,CT/EC,T
967,277_PKA,0.000712578406543,1.002103886094119e-06,0.0,0.0100333341378245,0.0026867286620634,277,CT/EC,T
968,277_PKB,0.0001383902009929,7.002050210758171e-07,0.0,0.0431189901243031,0.0108145201325792,277,CT/EC,T
969,277_H3,6.323444755595584e-06,1.915983193612192e-05,0.0,0.0472553050184113,0.0118201970737757,277,CT/EC,T
970,278_PKB,1.8548344369126747e-05,1.5471066944883205e-05,0.0,0.0087076874292147,0.0021854267101321,278,CT/EC,H
971,278_H3,0.0,0.0,0.0,0.0103300990894694,0.0025825247723673,278,CT/EC,H
972,278_PKA,1.5182692568875626e-05,0.0,0.0,0.0014059401843904,0.0003552807192398,278,CT/EC,H
973,278_P2,1.951917496733377e-05,2.374635869273334e-06,0.0,0.0085433777141869,0.0021413178812559,278,CT/EC,H
974,278_SCT,7.872960805769837e-06,0.0,5.904318980793375e-06,0.0015181471434606,0.0003829811058117,278,CT/EC,H
975,279_P2,5.927254373818108e-05,0.0,0.0,0.0306391608168968,0.0076746083401587,279,CT/EC,Q
976,279_H3,3.3282515488920735e-07,0.0,0.0,0.1144185948756954,0.0286047319252125,279,CT/EC,Q
977,279_SCT,3.1869884118005304e-05,0.0,0.0,0.0137713691700868,0.0034508097635512,279,CT/EC,Q
978,279_PKA,1.5096946397105876e-05,1.4618482055084314e-05,5.276581663012565e-05,0.0203797753408622,0.0051155641464861,279,CT/EC,Q
979,279_PKB,2.993022425339593e-05,0.0,0.0,0.0258888401281143,0.0064796925880919,279,CT/EC,Q
980,280_P2,0.0036738805218432,2.533140650484711e-05,0.0,0.0458780555868605,0.0123943168788021,280,CT/EC,G
981,280_PKA,5.50140734493372e-05,5.153863753548649e-07,0.0,0.0379435842073397,0.0094997784167911,280,CT/EC,G
982,280_PKB,6.976818843701637e-05,1.208542698805104e-06,0.0,0.04117294224746,0.0103109797446489,280,CT/EC,G
983,280_SCT,7.347691367278963e-06,3.232062454117113e-06,0.0,0.0292758497280216,0.0073216073704607,280,CT/EC,G
984,280_H3,2.2852420180805917e-06,0.0,0.0,0.0073513837422832,0.0018384172460753,280,CT/EC,G
985,281_PKA,1.5169745822852216e-05,6.357410597956914e-08,1.2569284632688946e-06,0.0164211575737463,0.0041094119555346,281,CT/EC,S
986,281_H3,6.301044829097586e-06,0.0,0.0,0.0216344892630323,0.0054101975769653,281,CT/EC,S
987,281_P2,3.9749212762973264e-05,1.1939689557038946e-06,0.0,0.0578182585467818,0.0144648004321251,281,CT/EC,S
988,281_SCT,4.654789349155814e-05,0.0,0.0,0.0317720269390863,0.0079546437081444,281,CT/EC,S
989,282_PKB,0.0005675358497301,2.904218490584753e-06,0.0007421567807293,0.0543991672275759,0.0139279410191314,282,CT/EC,D
990,282_PKA,0.0001136613720844,1.3390884987529716e-06,0.0,0.0624928691340688,0.015651967398663,282,CT/EC,D
991,282_H3,8.619606786727594e-05,2.5769877538550645e-06,0.0,0.0126190063828228,0.0031769448596109,282,CT/EC,D
992,282_SCT,0.0003078074659961,2.003096233238466e-05,0.0004449706750378,0.0307636358746305,0.0078841112444992,282,CT/EC,D
993,282_P2,0.0001185522515559,7.411289857373049e-07,1.5160289671647406e-06,0.0453971776239352,0.011379496758361,282,CT/EC,D
994,283_PKB,1.032720206809477e-06,0.0,0.0,0.0296795995419065,0.0074201580655283,283,CT/EC,F
995,283_P2,2.2852420180805917e-06,0.0,0.0,0.0073513837422832,0.0018384172460753,283,CT/EC,F
996,283_SCT,7.521862743351967e-08,0.0,0.0,0.0657349705770184,0.0164337614489114,283,CT/EC,F
997,283_PKA,0.0017092041440818,0.0,0.0,0.0320310956499834,0.0084350749485163,283,CT/EC,F
998,284_PKB,9.104600043064543e-06,1.673194446993875e-06,0.0,0.0072509604548627,0.0018154345623381,284,CT/EC,G
999,284_P2,1.1382226002092038e-05,1.368586737271471e-07,0.0,0.000535402432101,0.0001367303791942,284,CT/EC,G
1000,284_PKA,7.890314555021244e-06,0.0,0.0,0.0208165497481721,0.0052061100156817,284,CT/EC,G
1001,284_SCT,3.212334622626635e-05,0.0,0.0,0.0153729125680663,0.0038512589785731,284,CT/EC,G
1002,284_H3,1.1033597831064777e-07,0.0,0.0,0.0377684152972877,0.0094421314083165,284,CT/EC,G
1003,285_H3,2.905604619964746e-07,0.0,0.0,0.0001481052686743,3.709895728407484e-05,285,CT/EC,P
1004,285_P2,0.3141272322931506,0.0844744741916656,0.6351073912056561,0.0277185098947248,0.2653569018962993,285,CT/EC,P
1005,285_PKB,3.898923515557329e-05,0.0,0.0,0.0073656926610441,0.0018511704740499,285,CT/EC,P
1006,285_PKA,1.5464085988639168e-06,0.0,0.0,0.0028380256595971,0.000709893017049,285,CT/EC,P
1007,285_SCT,3.898923515557329e-05,0.0,0.0,0.0073656926610441,0.0018511704740499,285,CT/EC,P
1008,286_H3,6.356810685828845e-05,0.0,0.0,0.0007313854321028,0.0001987383847402,286,CT/EC,I
1009,286_PKA,2.9057930509924348e-05,1.7760192349669524e-05,0.0,0.0072185314278468,0.0018163373876766,286,CT/EC,I
1010,286_PKB,0.6562263379706212,1.7212240663866396e-06,1.0,0.0112029146641994,0.4168577434647217,286,CT/EC,I
1011,286_SCT,1.0,1.0,0.489082718335365,0.0578852079669215,0.6367419815755717,286,CT/EC,I
1012,287_H3,4.855924634536664e-06,6.24654390435353e-08,0.0,0.0071145534033643,0.0017798679483594,287,7,F
1013,287_SCT,3.743072963814723e-05,9.069131579053646e-07,0.0,0.0008003409948978,0.0002096696594234,287,7,F
1014,287_PKB,6.042462178546244e-05,6.993613510530849e-07,0.0,0.017385841451854,0.0043617413587476,287,7,F
1015,287_PKA,4.144642052893073e-05,1.4532430213876069e-05,0.0,0.0112125749989625,0.0028171384624263,287,7,F
1016,288_PKA,1.918851579428852e-06,6.454772005781706e-08,0.0,0.0030471851706284,0.0007622921424819,288,7,M
1017,288_P2,0.0006889291595627,0.0,0.0279766336209937,0.011540331236732,0.0100514735043221,288,7,M
1018,288_PKB,0.0005848768645417,0.0,0.0,0.0160257066112695,0.0041526458689528,288,7,M
1019,289_H3,6.539203889173648e-05,0.0,0.0,0.1483910840179821,0.0371141190142184,289,7,T
1020,289_SCT,5.2956930810766495e-06,3.9623232623853255e-06,0.0,0.0095825902221991,0.0023979620596356,289,7,T
1021,289_PKB,6.539203889173648e-05,0.0,0.0,0.1483910840179821,0.0371141190142184,289,7,T
1022,289_PKA,0.0001749347684226,0.0,0.0017860280140297,0.0517765173961463,0.0134343700446497,289,7,T
1023,289_P2,0.000101251516863,9.294898859479872e-07,0.0006643566885921,0.0317865173017824,0.0081382637492809,289,7,T
1024,290_PKB,3.917798625999359e-05,1.224869379257143e-07,0.0,0.0259066854274267,0.0064864964751561,290,7,I
1025,290_PKA,2.328174499589261e-05,3.388859568076441e-06,4.783567444243789e-05,0.0060144860651365,0.0015222480860357,290,7,I
1026,292_PKA,0.0028797586891936,1.3424553344520973e-06,0.0076103662870779,0.03359716431335,0.011022157936239,292,7,A
1027,292_SCT,0.0022763618198411,7.080766408762429e-06,0.0033036291737449,0.0555102536733237,0.0152743313583296,292,7,A
1028,292_H3,0.0022837889564493,7.469099364243448e-05,0.0038842418846081,0.2432175377494214,0.0623650648960303,292,7,A
1029,292_PKB,0.0020712935969456,9.69388274825178e-05,0.0048236901594426,0.3404776787600757,0.0868674003359866,292,7,A
1030,293_PKA,2.7790284984393973e-05,1.9106253148493124e-06,2.2756253455007767e-06,0.0972447156054521,0.0243191730352742,293,7,F
1031,293_H3,6.934072529900117e-06,4.755345798912458e-06,0.0,0.0534709247216423,0.0133706535349927,293,7,F
1032,293_P2,6.066243155951232e-05,1.5275071518772163e-06,1.7086246673859787e-05,0.0175802387615544,0.0044148787367349,293,7,F
1033,293_PKB,0.000755556554076,3.639974579527916e-07,5.286408099471333e-06,0.008720835967418,0.0023705107317628,293,7,F
1034,294_SCT,3.831108797169939e-06,0.0,0.0,0.0540912254826099,0.0135237641478517,294,7,F
1035,294_P2,9.963691651090854e-05,0.0,0.0,0.0145460364298386,0.0036614183365873,294,7,F
1036,294_PKB,3.831108797169939e-06,0.0,0.0,0.0540912254826099,0.0135237641478517,294,7,F
1037,294_PKA,3.831108797169939e-06,0.0,0.0,0.0540912254826099,0.0135237641478517,294,7,F
1038,295_PKA,1.5751172827220011e-06,0.0,0.0,0.0118206268436926,0.0029555504902438,295,7,A
1039,295_SCT,2.876476624112833e-06,6.058144208509475e-08,0.0,0.0197782537345651,0.0049452976981578,295,7,A
1040,295_H3,2.535509643468431e-06,0.0,0.0,0.0390094537155333,0.0097529973062941,295,7,A
1041,295_P2,1.5284406089254384e-05,1.1638577035455457e-07,0.0,0.0004904470196387,0.0001264619528745,295,7,A
1042,295_PKB,9.012682606824672e-07,0.0,1.0039209679936124e-06,0.0266709669025194,0.006668218022937,295,7,A
1043,297_SCT,8.4910449098697e-06,2.7104524633614342e-06,0.0,0.0064138323317641,0.0016062584572843,297,7,T
1044,297_H3,8.381976031745894e-05,1.2381379974613085e-06,0.0,0.0218425245243945,0.0054818956056773,297,7,T
1045,297_P2,5.8777169614325945e-05,7.796398335813137e-07,0.0,0.0088719652124439,0.0022328805054729,297,7,T
1046,297_PKB,8.381976031745894e-05,1.2381379974613085e-06,0.0,0.0218425245243945,0.0054818956056773,297,7,T
1047,297_PKA,9.207343269733074e-05,0.0,0.0,0.0112150341920721,0.0028267769061923,297,7,T
1048,298_PKA,0.0001007720492717,0.0,0.0,0.0111274270010076,0.0028070497625698,298,7,S
1049,298_H3,0.0001007720492717,0.0,0.0,0.0111274270010076,0.0028070497625698,298,7,S
1050,298_SCT,0.0001161691133696,0.0,0.0,0.0631512564014404,0.0158168563787025,298,7,S
1051,298_P2,0.0001587417237918,2.2501483272208134e-06,0.0,0.0096583614465051,0.002454838329656,298,7,S
1052,298_PKB,0.0001007720492717,0.0,0.0,0.0111274270010076,0.0028070497625698,298,7,S
1053,299_SCT,2.762270055383617e-05,0.0,0.0,0.0005479155868275,0.0001438845718453,299,7,A
1054,299_PKA,0.0001384164436613,1.6797598334505892e-07,0.0,0.0027315549552718,0.0007175348437291,299,7,A
1055,299_PKB,6.0947595287559695e-05,5.152661287866067e-06,0.0,0.0182286224422973,0.0045736806747182,299,7,A
1056,299_H3,3.394534597748944e-05,9.18914611247601e-06,0.0,0.0327718874797527,0.0082037554929606,299,7,A
1057,299_P2,4.189728271116945e-05,1.2263459211681038e-05,0.0,0.0091030568616358,0.0022893044008896,299,7,A
1058,300_PKB,5.096713306001813e-05,0.0,0.0047792829544035,0.0057233552962658,0.0026384013459323,300,7,V
1059,300_P2,3.726750521710509e-05,0.0003205410321243,0.0019348099640337,0.0346039690030921,0.0092241468761168,300,7,V
1060,300_PKA,9.792861939534807e-06,0.0,0.0,0.0115976213790934,0.0029018535602582,300,7,V
1061,301_PKB,2.2489681240955988e-05,1.5858494180065463e-06,0.0,0.0141292345148401,0.0035383275113747,301,7,Y
1062,303_SCT,1.5795786437455093e-07,0.0,0.0,0.01282032740679,0.0032051213411636,303,7,P
1063,303_PKA,1.5795786437455093e-07,0.0,0.0,0.01282032740679,0.0032051213411636,303,7,P
1064,303_PKB,1.5795786437455093e-07,0.0,0.0,0.01282032740679,0.0032051213411636,303,7,P
1065,303_P2,1.264696821238728e-06,0.0,0.0,0.0054461580238347,0.0013618556801639,303,7,P
1066,304_PKA,0.0001029946973248,1.7245956485112401e-07,0.0,0.0211709646310702,0.0053185329469899,304,7,V
1067,304_P2,7.144800317391925e-05,5.364548997022212e-06,0.0,0.0051209919434892,0.001299451123915,304,7,V
1068,307_PKB,2.180179352203184e-05,1.5795296803844394e-07,0.0001062498167579,0.0076900704390665,0.0019545700005786,307,7,I
1069,307_P2,2.2949006840077207e-05,9.053921417034872e-07,0.0,0.0158717090324091,0.0039738908578477,307,7,I
1070,307_H3,5.799429027007986e-07,8.097938007267658e-06,0.0,0.0157517229754079,0.0039401002140794,307,7,I
1071,307_SCT,1.0397307081394029e-05,0.0,0.0,0.0391240095772604,0.0097836017210854,307,7,I
1072,307_PKA,2.094954318871457e-05,0.0,0.0,0.0013109576145196,0.000332976789427,307,7,I
1073,308_PKB,9.157912701565952e-06,0.0,0.0,0.0130577558105412,0.0032667284308107,308,7,M
1074,308_H3,6.213446117547138e-06,0.0,0.0,0.0020087124366534,0.0005037314706927,308,7,M
1075,308_PKA,5.52378802168309e-05,0.0,0.0,0.0351269476493851,0.0087955463824004,308,7,M
1076,308_P2,2.90541609694724e-05,2.271782932439237e-06,5.815662221184569e-05,0.016350428827274,0.0041099778483469,308,7,M
1077,308_SCT,8.78215496325867e-06,4.289232720111613e-07,0.0,0.0079678574406571,0.001994267129723,308,7,M
1078,309_PKB,1.9200990534249888e-05,1.9206092929380247e-06,8.920327645942007e-05,0.0272930093115064,0.0068508335469482,309,CT/EC,M
1079,311_P2,3.5197209495819883e-06,0.0,0.0,0.0030233214986397,0.0007567103048973,311,CT/EC,K
1080,311_H3,1.068736530457443e-06,0.0,0.0,0.0161829897350597,0.0040460146178975,311,CT/EC,K
1081,311_PKB,1.7219779255989896e-06,0.0,0.0,0.0006771521488517,0.0001697185316943,311,CT/EC,K
1082,311_PKA,3.953848102788906e-06,0.0,0.0,0.0011870969596102,0.0002977627019282,311,CT/EC,K
1083,314_P2,4.0313052789183733e-07,3.716818355314899e-07,0.0,0.012753741811113,0.0031886291558691,314,CT/EC,R
1084,314_PKB,6.954429058557805e-06,0.0003172751457896,0.0,0.006021358815034,0.0015863970974705,314,CT/EC,R
1085,314_PKA,1.840655015748021e-06,0.0,0.0,0.0195305010382349,0.0048830854233126,314,CT/EC,R
1086,314_SCT,1.3760294138958965e-06,1.2526564205472823e-05,0.0,0.0762547878188068,0.0190671726031065,314,CT/EC,R
1087,315_PKA,1.65439535867794e-05,0.0,0.0,0.0400432775206136,0.0100149553685501,315,CT/EC,N
1088,315_P2,4.527456905566093e-05,1.3211065663654153e-07,0.0,0.0422877294564226,0.0105832840340337,315,CT/EC,N
1089,315_H3,1.1522261111145905e-05,0.0,0.0,0.0509163991034741,0.0127319803411463,315,CT/EC,N
1090,315_SCT,4.656785932876996e-05,0.0,0.0,0.002858528146636,0.0007262740014912,315,CT/EC,N
1091,315_PKB,4.504034476985098e-05,1.2612269529199692e-05,0.0,0.0267642113838484,0.0067054659995368,315,CT/EC,N
1092,317_PKB,1.9332322557445496e-05,0.0,0.0,0.0721824161073494,0.0180504371074767,317,CT/EC,M
1093,317_PKA,0.0027516893905528,0.0198407303541898,2.073598942858883e-07,0.0231469607636906,0.0114348969670818,317,CT/EC,M
1094,317_P2,1.6452022329535977e-05,1.63195500135771e-06,0.0,0.0136246831169563,0.0034106917735718,317,CT/EC,M
1095,318_H3,2.368829373935443e-06,0.0,0.0,0.001929897360015,0.0004830665473472,318,CT/EC,V
1096,318_SCT,1.327938799406988e-07,0.0,0.0,0.0363364517497851,0.0090841461359162,318,CT/EC,V
1097,318_PKA,0.0004364964186428,3.702292815432884e-05,0.0,0.020487812124462,0.0052403328678148,318,CT/EC,V
1098,318_PKB,0.0006189840714635,0.0,0.0005976803050185,0.097193353952805,0.0246025045823217,318,CT/EC,V
1099,318_P2,0.0001614714886176,2.212387016697903e-06,0.0,0.0084185255766639,0.0021455523630745,318,CT/EC,V
1100,319_H3,2.272901069153317e-06,0.0,0.0,0.0397750245747749,0.009944324368961,319,CT/EC,T
1101,319_SCT,1.2876600596110036e-05,0.0,0.0063671618749252,0.0571579907610202,0.0158845073091353,319,CT/EC,T
1102,319_PKB,0.0014684379657906,0.0,0.0,0.0039486908636302,0.0013542822073552,319,CT/EC,T
1103,319_PKA,4.44273975067305e-05,1.2465179111131874e-07,0.0,0.0238571578146159,0.0059754274659784,319,CT/EC,T
1104,319_P2,2.32980682133756e-05,4.61150222008655e-07,0.0,0.0032186568026473,0.0008106040052706,319,CT/EC,T
1105,320_PKB,4.318269257119434e-05,0.0,0.0,0.0146631808116081,0.0036765908760448,320,CT/EC,T
1106,320_H3,4.651801127679016e-06,0.0,0.0,0.03275278209133,0.0081893584731144,320,CT/EC,T
1107,320_P2,5.887537484863788e-05,4.854004842513859e-08,0.0,0.0279171133839381,0.0069940093247088,320,CT/EC,T
1108,320_SCT,4.651801127679016e-06,0.0,0.0,0.03275278209133,0.0081893584731144,320,CT/EC,T
1109,320_PKA,3.4434872720666305e-05,0.0,0.0,0.0082656247231254,0.0020750148989615,320,CT/EC,T
1110,321_SCT,0.0,0.0,0.0,0.0024024376692088,0.0006006094173022,321,CT/EC,L
1111,321_PKA,0.0,0.0,0.0,0.0024024376692088,0.0006006094173022,321,CT/EC,L
1112,321_PKB,2.2715921591213667e-05,0.0,0.0,0.0624138408531051,0.015609139193674,321,CT/EC,L
1113,321_P2,5.196311121896639e-05,1.867962282631197e-06,0.0,0.0054377451381951,0.0013728940529241,321,CT/EC,L
1114,322_P2,3.5009724697880053e-06,0.0,0.0,0.0247714076754264,0.006193727161974,322,CT/EC,C
1115,322_SCT,2.325109567555516e-06,1.871861314839407e-07,0.0,0.0489826187975165,0.0122462827733038,322,CT/EC,C
1116,322_PKB,5.005277225624361e-06,0.0,0.0,0.0076296521564302,0.0019086643584139,322,CT/EC,C
1117,322_PKA,5.005277225624361e-06,0.0,0.0,0.0076296521564302,0.0019086643584139,322,CT/EC,C
1118,322_H3,0.0001167891619077,0.0,0.0,0.0074726564954555,0.0018973614143408,322,CT/EC,C
1119,323_SCT,1.010569966677578e-06,0.0,0.0,0.0399347732634719,0.0099839459583596,324,CT/EC,G
1120,323_PKA,6.392273000860847e-05,0.0,0.0,0.0005862522554929,0.0001625437463753,324,CT/EC,G
1121,323_PKB,6.392273000860847e-05,0.0,0.0,0.0005862522554929,0.0001625437463753,324,CT/EC,G
1122,323_H3,6.047879793019725e-06,0.0,0.0,0.0460574955555139,0.0115158858588267,324,CT/EC,G
1123,323_P2,1.929828639620851e-05,0.0,0.0,0.017001606570149,0.0042552262141363,324,CT/EC,G
1124,324_PKA,0.0001164927064475,1.068057997599681e-07,0.0,0.0133698315681798,0.0033716077701068,325,CT/EC,K
1125,324_P2,1.2535168601385331e-05,0.0,0.0,0.0146552456641702,0.0036669452081929,325,CT/EC,K
1126,324_H3,6.101665586575986e-05,7.174503480200657e-08,0.0,0.0378177610122899,0.0094697123532976,325,CT/EC,K
1127,324_SCT,1.2540247828532464e-06,0.0,0.0,0.0043821705578352,0.0010958561456545,325,CT/EC,K
1128,325_H3,7.333651111884382e-06,0.0,0.0,0.0204664304563173,0.0051184410268573,326,CT/EC,N
1129,325_P2,9.131036170888644e-06,0.0,0.0,0.0006961477340332,0.000176319692551,326,CT/EC,N
1130,325_PKB,5.002228680319525e-07,0.0,0.0,0.0023357157671517,0.0005840539975049,326,CT/EC,N
1131,325_SCT,5.002228680319525e-07,0.0,0.0,0.0023357157671517,0.0005840539975049,326,CT/EC,N
1132,325_PKA,5.002228680319525e-07,0.0,0.0,0.0023357157671517,0.0005840539975049,326,CT/EC,N
1133,326_SCT,1.212305097060995e-05,0.0,0.0,0.0711696101646164,0.0177954333038967,327,CT/EC,P
1134,326_PKB,3.912911449737877e-05,1.61076729909837e-06,0.0,0.0266521662829092,0.0066732265411764,327,CT/EC,P
1135,326_H3,2.0310763896815775e-05,2.025519097514916e-05,9.247240347468444e-05,0.0120638420575844,0.0030492201039827,327,CT/EC,P
1136,326_P2,8.264775678311232e-06,0.0,0.0,0.0102144840950179,0.002555687217674,327,CT/EC,P
1137,326_PKA,1.472836603460765e-05,2.5265816816499864e-07,0.0,0.0225423298866696,0.0056393277277181,327,CT/EC,P
1138,327_H3,1.3424836753061408e-06,0.0,0.0,0.0011283410323105,0.0002824208789964,328,CT/EC,L
1139,327_SCT,1.276271309018808e-05,3.655507043731632e-07,0.0,0.0139281626247768,0.0034853227221428,328,CT/EC,L
1140,327_PKA,2.0456557989209832e-05,0.0,0.0,0.0349140985354892,0.0087336387733696,328,CT/EC,L
1141,327_P2,2.0400923631467395e-05,2.3245681290973155e-07,0.0,0.0407045842399891,0.0101813044051083,328,CT/EC,L
1142,327_PKB,1.3424836753061408e-06,0.0,0.0,0.0011283410323105,0.0002824208789964,328,CT/EC,L
1143,328_PKA,8.484160159608939e-05,0.0,0.0,0.041464684171952,0.010387381443387,329,CT/EC,G
1144,328_P2,4.576149901481859e-05,0.0,0.0,6.473338837909609e-05,2.762372184847867e-05,329,CT/EC,G
1145,328_H3,1.0588644620271935e-06,0.0002100701967719,0.0,0.0203257665938151,0.0051342239137622,329,CT/EC,G
1146,328_PKB,8.484160159608939e-05,0.0,0.0,0.041464684171952,0.010387381443387,329,CT/EC,G
1147,328_SCT,2.935314042639696e-05,1.5239565982483327e-06,0.0,0.0189381819640468,0.0047422647652678,329,CT/EC,G
1148,329_H3,4.735665569211299e-06,1.0725620995799544e-05,0.0,0.0202586050857202,0.0050685165930713,330,CT/EC,D
1149,329_P2,9.343604139694812e-05,4.032237029605312e-06,0.0,0.0011705739408076,0.0003170105548085,330,CT/EC,D
1150,329_PKB,0.0001873072923126,2.244169081677683e-07,0.0,0.0011909226640601,0.0003446135933202,330,CT/EC,D
1151,329_SCT,1.7846428540641e-05,1.8390865363926426e-07,0.0,0.0367323261058355,0.0091875891107574,330,CT/EC,D
1152,330_P2,1.3866807466197835e-05,4.15430065459077e-07,0.0,0.023894902749437,0.0059772962467421,331,CT/EC,D
1153,330_PKA,1.3866807466197835e-05,4.15430065459077e-07,0.0,0.023894902749437,0.0059772962467421,331,CT/EC,D
1154,330_PKB,1.3866807466197835e-05,4.15430065459077e-07,0.0,0.023894902749437,0.0059772962467421,331,CT/EC,D
1155,331_H3,2.469133040339433e-06,0.0,0.0,0.0011084423605073,0.0002777278733869,332,CT/EC,E
1156,331_PKA,3.732764763177853e-05,3.698775330462922e-08,0.0,0.0495705463984086,0.0124019777584484,332,CT/EC,E
1157,331_PKB,3.3701327281886814e-05,0.0,0.0,0.004878862050748,0.0012281408445074,332,CT/EC,E
1158,331_SCT,4.840018357751377e-06,0.0,0.0,0.0292881808985682,0.0073232552292314,332,CT/EC,E
1159,332_PKB,5.52453528497064e-05,1.1003731970049555e-06,0.0,0.0414314828545827,0.0103719571451573,333,CT/EC,A
1160,332_SCT,0.0002084729006359,1.9176650312147103e-05,0.0,0.0319587454401894,0.0080465987477843,333,CT/EC,A
1161,332_P2,0.0001445800655335,1.4566079471478588e-06,0.0,0.0865972391980817,0.0216858189678906,333,CT/EC,A
1162,332_H3,2.217665432724589e-05,6.63066828110459e-07,0.0,0.1479111123318637,0.0369834880132547,333,CT/EC,A
1163,332_PKA,5.52453528497064e-05,1.1003731970049555e-06,0.0,0.0414314828545827,0.0103719571451573,333,CT/EC,A
1164,333_H3,1.1643422294282044e-05,1.3656503483616689e-08,0.0,0.024546605902966,0.0061395657454409,334,CT/EC,S
1165,333_PKB,0.000272495429068,2.0912229956593364e-06,0.0,0.0429653534497131,0.0108099850254442,334,CT/EC,S
1166,333_SCT,1.3411470856814833e-05,0.0,0.0,0.0662172417847341,0.0165576633138977,334,CT/EC,S
1167,333_PKA,5.975059747187643e-05,2.5493518478469923e-06,0.0,0.0620368839959445,0.015524795986316,334,CT/EC,S
1168,333_P2,8.286483118596765e-05,5.235678600001847e-06,0.0,0.0262360716657062,0.006581043043873,334,CT/EC,S
1169,334_PKB,0.0001142363454833,3.244255276513286e-05,0.0,0.0111037314332005,0.0028126025828622,335,CT/EC,T
1170,334_P2,7.099061148149339e-05,4.535165862762369e-05,5.26124903640934e-05,0.032812901322929,0.0082454640208505,335,CT/EC,T
1171,334_PKA,0.0001142363454833,3.244255276513286e-05,0.0,0.0111037314332005,0.0028126025828622,335,CT/EC,T
1172,334_H3,8.595683508416795e-06,3.1947610068527865e-07,0.0,0.0292874178017994,0.0073240832403521,335,CT/EC,T
1173,334_SCT,7.865919927899427e-06,0.0,0.0,0.0128211979807114,0.0032072659751598,335,CT/EC,T
1174,335_P2,8.485098696874987e-05,2.0269157175789587e-05,0.0001220455796953,0.0040422238346135,0.0010673473896133,NA,NA,-
1175,335_PKA,0.0001573114487084,2.8729075438604923e-06,0.0,0.0398355916510102,0.0099989440018156,NA,NA,-
1176,335_H3,3.837571167301986e-06,9.749372793521616e-07,0.0,0.0681478634417038,0.0170381689875376,NA,NA,-
1177,335_PKB,0.0001573114487084,2.8729075438604923e-06,0.0,0.0398355916510102,0.0099989440018156,NA,NA,-
1178,335_SCT,4.638828886180761e-05,1.3292308722157031e-05,7.795940002992937e-06,0.0048176579036105,0.0012212836102993,NA,NA,-
1179,336_P2,3.882821394447083e-05,8.63534950212852e-08,0.0,0.0323867074912436,0.0081064055146707,NA,NA,-
1180,336_PKA,3.075960066155027e-05,1.4853307561679685e-07,0.0,0.0074413893501164,0.0018680743709633,NA,NA,-
1181,336_SCT,1.457452580406235e-05,1.6410145065037798e-07,0.0,0.0268640008601064,0.0067196848718402,NA,NA,-
1182,336_H3,6.896654148824408e-06,0.0,0.0,0.0659958678623198,0.0165006911291171,NA,NA,-
1183,336_PKB,3.075960066155027e-05,1.4853307561679685e-07,0.0,0.0074413893501164,0.0018680743709633,NA,NA,-
1184,337_P2,2.3270664258658043e-05,2.9228492621768964e-06,0.0,0.019577581833437,0.0049009438367394,336,CT/EC,T
1185,338_P2,0.0005313953631428,1.3821895663568284e-06,0.0,0.0006374706682367,0.0002925620552364,337,CT/EC,V
1186,338_H3,0.0006570840137744,0.0002803995739668,0.0,0.0308820947367184,0.0079548945811149,337,CT/EC,V
1187,338_PKA,0.0017114193255229,8.392478321184171e-07,0.0,0.0035511218677277,0.0013158451102707,337,CT/EC,V
1188,338_PKB,0.0017114193255229,8.392478321184171e-07,0.0,0.0035511218677277,0.0013158451102707,337,CT/EC,V
1189,338_SCT,0.0006790232418652,7.467559726137551e-08,0.0,0.01419601785965,0.0037187789442781,337,CT/EC,V
1190,339_P2,6.304642211686964e-05,1.9750932551687583e-06,0.0,0.0741270927075414,0.0185480285557283,338,CT/EC,S
1191,340_PKB,1.295713302099076e-05,0.0,0.0,0.0078635070076173,0.0019691160351595,339,CT/EC,K
1192,340_SCT,1.119389002142273e-06,0.0,0.0,0.0320957166511376,0.0080242090100349,339,CT/EC,K
1193,340_H3,6.612798803060736e-05,3.4815542448995984e-08,0.0,0.1005801686401547,0.0251615828609319,339,CT/EC,K
1194,340_PKA,2.3391132177804645e-05,0.0,0.0,0.0145010249204259,0.0036311040131509,339,CT/EC,K
1195,340_P2,1.367565381746466e-05,0.0,0.0,0.0122986529311856,0.0030780821462507,339,CT/EC,K
1196,341_PKA,2.2906699849235128e-08,0.0,0.0,0.0068145033968595,0.0017036315758898,340,CT/EC,T
1197,341_P2,7.734112026652109e-08,0.0,0.0,0.0032324841614697,0.0008081403756475,340,CT/EC,T
1198,341_SCT,7.968685670290919e-08,0.0,0.0,0.030193375148045,0.0075483637087254,340,CT/EC,T
1199,341_PKB,5.9327743218181434e-08,0.0,0.0,0.0027119440422904,0.0006780008425084,340,CT/EC,T
1200,341_H3,5.539397831409973e-07,0.0,0.0,0.0054597137106852,0.0013650669126171,340,CT/EC,T
1201,342_P2,3.116383481226335e-06,9.89656427918817e-07,0.0,0.0192023147416098,0.0048016051953797,341,CT/EC,E
1202,342_SCT,1.11250431752588e-05,0.0,0.0,0.0634980903575791,0.0158773038501885,341,CT/EC,E
1203,342_H3,3.1460621895040376e-07,0.0,0.0,0.0282087567372497,0.0070522678358671,341,CT/EC,E
1204,342_PKB,1.519759800379646e-05,1.635275879152687e-07,0.0,0.0026280219400194,0.0006608457664027,341,CT/EC,E
1205,343_SCT,2.0251446633350665e-05,0.0,0.0,0.0422228125754301,0.0105607660055158,NA,NA,-
1206,343_H3,2.4413865759134896e-06,6.745428891008487e-06,0.0,0.0013464246956254,0.000338902877773,NA,NA,-
1207,343_P2,2.69456076556656e-05,1.1930827668038546e-06,4.903810665000279e-06,0.0033721533589576,0.0008512989650112,NA,NA,-
1208,343_PKA,2.935663289679913e-05,1.045974613589351e-06,0.0,0.0116979201200864,0.0029320806818992,NA,NA,-
1209,343_PKB,2.935663289679913e-05,1.045974613589351e-06,0.0,0.0116979201200864,0.0029320806818992,NA,NA,-
1210,344_H3,1.041958581245486e-06,0.0,0.0,0.0108665678943805,0.0027169024632404,NA,NA,-
1211,344_PKB,1.041958581245486e-06,0.0,0.0,0.0108665678943805,0.0027169024632404,NA,NA,-
1212,344_SCT,1.041958581245486e-06,0.0,0.0,0.0108665678943805,0.0027169024632404,NA,NA,-
1213,344_P2,1.7608397147037345e-05,2.529552887153841e-07,0.0,0.0107371896456187,0.0026887627495136,NA,NA,-
1214,344_PKA,1.041958581245486e-06,0.0,0.0,0.0108665678943805,0.0027169024632404,NA,NA,-
1215,345_PKB,1.041958581245486e-06,0.0,0.0,0.0108665678943805,0.0027169024632404,NA,NA,-
1216,345_H3,1.617329737932752e-05,1.3649904758494811e-05,5.6934146403224254e-05,0.0154090069255145,0.0038739410685138,NA,NA,-
1217,345_P2,0.0006951709507085,2.4131170448526973e-06,0.0,0.0087778999553322,0.0023688710057714,NA,NA,-
1218,345_SCT,6.309925213047096e-06,5.713686732633505e-07,0.0,0.0063726487523359,0.0015948825115555,NA,NA,-
1219,345_PKA,1.041958581245486e-06,0.0,0.0,0.0108665678943805,0.0027169024632404,NA,NA,-
1220,346_SCT,1.4337720512747256e-05,3.783777856369852e-06,2.880143037310646e-07,0.0235004376390722,0.0058797117879362,NA,NA,-
1221,346_P2,1.4542318374896144e-05,1.746099997035344e-06,0.0,0.0186457148137765,0.0046655008080371,NA,NA,-
1222,346_H3,1.4337720512747256e-05,3.783777856369852e-06,2.880143037310646e-07,0.0235004376390722,0.0058797117879362,NA,NA,-
1223,346_PKA,1.4337720512747256e-05,3.783777856369852e-06,2.880143037310646e-07,0.0235004376390722,0.0058797117879362,NA,NA,-
1224,346_PKB,1.4337720512747256e-05,3.783777856369852e-06,2.880143037310646e-07,0.0235004376390722,0.0058797117879362,NA,NA,-
1225,347_H3,1.0996915943409864e-05,0.0,0.0,0.0083658758340035,0.0020942181874867,342,CT/EC,T
1226,347_PKA,1.0996915943409864e-05,0.0,0.0,0.0083658758340035,0.0020942181874867,342,CT/EC,T
1227,347_PKB,1.0996915943409864e-05,0.0,0.0,0.0083658758340035,0.0020942181874867,342,CT/EC,T
1228,347_P2,5.010399872721087e-05,4.772120973939309e-06,0.0,0.0236203032732049,0.0059187948482265,342,CT/EC,T
1229,347_SCT,1.0996915943409864e-05,0.0,0.0,0.0083658758340035,0.0020942181874867,342,CT/EC,T
1230,349_SCT,1.325090588388196e-05,0.0,0.0,0.0744862908915686,0.0186248854493631,344,CT/EC,Q
1231,349_H3,1.7050850704655047e-05,2.323088665434625e-06,0.0,0.071958872440984,0.0179945615950885,344,CT/EC,Q
1232,349_P2,1.1998449788375456e-05,0.0,0.0,0.0015318122329559,0.000385952670686,344,CT/EC,Q
1233,350_P2,1.0676883847592056e-05,0.0,0.0,0.0088909101958988,0.0022253967699366,345,CT/EC,V
1234,350_PKA,4.999641584573147e-07,0.0,0.0,0.0703370527049363,0.0175843881672737,345,CT/EC,V
1235,350_H3,4.999641584573147e-07,0.0,0.0,0.0703370527049363,0.0175843881672737,345,CT/EC,V
1236,350_PKB,4.999641584573147e-07,0.0,0.0,0.0703370527049363,0.0175843881672737,345,CT/EC,V
1237,350_SCT,4.999641584573147e-07,0.0,0.0,0.0703370527049363,0.0175843881672737,345,CT/EC,V
1238,351_PKB,5.052471722543988e-05,3.923566691810265e-05,0.0,0.0326031728523296,0.0081732333091183,346,CT/EC,A
1239,351_SCT,4.549635331643912e-05,8.359101855148766e-08,2.3392185982530985e-07,0.0526790966709041,0.0131812276342747,346,CT/EC,A
1240,351_PKA,5.052471722543988e-05,3.923566691810265e-05,0.0,0.0326031728523296,0.0081732333091183,346,CT/EC,A
1241,351_H3,0.0001034293811463,2.8159191060694862e-05,0.0,0.0355733215963747,0.0089262275421454,346,CT/EC,A
1242,351_P2,0.0003149672848356,2.450058218528284e-07,0.0001815582559788,0.0216348300336536,0.0055329001450724,346,CT/EC,A
1243,352_PKA,1.174971467474552e-05,9.463926744501804e-07,0.0,0.030956779718411,0.00774236895644,347,CT/EC,P
1244,352_P2,1.174971467474552e-05,9.463926744501804e-07,0.0,0.030956779718411,0.00774236895644,347,CT/EC,P
1245,352_PKB,1.174971467474552e-05,9.463926744501804e-07,0.0,0.030956779718411,0.00774236895644,347,CT/EC,P
1246,352_SCT,1.174971467474552e-05,9.463926744501804e-07,0.0,0.030956779718411,0.00774236895644,347,CT/EC,P
1247,353_SCT,4.5179303375833e-05,0.0,0.0,0.0518507060353425,0.0129739713346795,348,CT/EC,A
1248,353_P2,3.713520311967077e-05,9.28818224110728e-07,0.0012998630010636,0.019411202822743,0.0051872824612876,348,CT/EC,A
1249,353_H3,1.7809167451408308e-05,0.0,0.0,0.0287012457310052,0.0071797637246141,348,CT/EC,A
