,R2,MAE,MSE,RMSE,MAPE
rf,0.9554319936395487,7.01460806559259,128.267293339324,11.094360574731976,0.014909611646850843
gbr,0.9548661551075203,7.216650258289472,131.19864829371812,11.296610737765413,0.01530996093053905
xgb,0.9540820203001189,7.273426018002448,132.57807453934433,11.38009467096904,0.015361292845676486
BayesianRidge,0.9456581421646781,8.205015136363368,155.63863904770147,12.318398787524808,0.017369627105742472
