feature,rf,xgb,gbr,BayesianRidge,mean
1_H3,1.514559326109156e-05,5.353313099476509e-06,0.0,0.09689099830376466,0.024227874302531306
1_MASS,2.592280121061118e-05,8.944097316998523e-06,0.0,0.07652645960672289,0.019140331626312623
2_H3,8.653437889367171e-05,1.2784513273800258e-05,0.0,0.049294998788314934,0.012348579420120602
2_NCI,0.0004201495668816166,6.893288809806108e-05,0.00013925178265606695,0.06998290644157254,0.01765281016980207
2_MASS,7.497101252258911e-05,3.32832883032097e-06,0.0,0.02937813779978553,0.007364109285284611
3_H2,8.056083340430163e-05,1.2757258446072228e-05,0.0,0.09318279962237473,0.023319029428556275
3_H3,4.514450313400734e-05,7.745298375994025e-07,0.0,0.00015828833459683968,5.1051841892111604e-05
3_NCI,0.00014392961917935319,5.642017185891746e-06,0.0,0.19650971035576856,0.04916482049803345
3_MASS,0.00010509321517208778,8.156461035468965e-07,3.020280117767563e-06,0.0049944666336670124,0.0012758489437651036
4_H2,0.00010558927206796077,5.133409558766289e-06,0.0,0.016188465765401436,0.004074797111757041
4_H3,1.690832771189881e-05,2.340290166102932e-06,0.0,0.05070978488246028,0.012682258375084571
4_NCI,4.62757344484801e-05,2.5459163225605153e-05,0.0,0.13107974154099333,0.032787869109666856
4_MASS,7.723791044115528e-05,2.3878512365627103e-05,0.0,0.027326418578800263,0.006856883750401761
5_H2,2.9077860363430882e-05,3.931172159354901e-06,0.0,0.17024696598848327,0.042569993755251515
5_H3,3.823266214790801e-06,2.7075177058577538e-05,0.0,0.08066282867308636,0.02017343177908993
5_NCI,0.00024774233929453806,4.0465449274051934e-05,0.0,0.059002716602899435,0.014822731097867007
5_MASS,5.1797079028791526e-05,2.6820989660336636e-05,0.0,0.06082573593586927,0.015226088501139599
6_H2,0.00011056659800246471,9.513414624962024e-06,0.0,0.14026255101254653,0.03509565775629349
6_H3,1.756117822354431e-05,0.0003507851215545088,0.0,0.18783690936321126,0.04705131391574733
6_NCI,6.937743794441864e-05,1.3615936950372998e-05,0.0,0.06592297836691254,0.01650149293545183
6_MASS,3.4405231134117176e-05,1.7768905308912508e-05,0.0,0.04690501614826761,0.01173929757117766
7_H2,6.269951183619927e-05,8.286931006296072e-06,0.0,0.0020510346056560455,0.0005305052621246352
7_H3,1.946610980086503e-05,3.597295653889887e-05,0.0,0.22976043404449575,0.05745396827770888
7_NCI,8.672280377183086e-05,5.593790319835534e-06,0.0,0.10358794288264156,0.025920064869183305
7_MASS,5.7306359844074585e-05,1.225558025907958e-05,0.0003856735644889565,0.15346020706369096,0.03847886064207077
8_H2,0.00012203830619566648,1.3546765330829658e-05,0.0,0.1964336728057262,0.04914231446931318
8_H3,3.9621356261747234e-05,2.0887468963337597e-06,0.0,0.14746960851657948,0.03687782965493439
8_NCI,7.524296159739051e-05,3.614191427914193e-06,0.0,0.09879932927748376,0.024719546607627266
8_MASS,0.00016883258156664656,9.132591003435664e-07,0.0,0.09248559671846081,0.02316383563978195
9_H2,0.00017792842084506314,0.00021566622308455408,0.0,0.13835045102425467,0.034686011417046074
9_H3,7.326147477361598e-06,2.2135080143925734e-05,0.0,0.08712601875086001,0.021788869994620326
9_NCI,0.00017373647779883155,4.102862658328377e-05,0.0006063305304356711,0.23039185411264443,0.05780323743686555
9_MASS,0.00013022620158044168,9.139474968833383e-06,0.0,0.009598296448214501,0.002434415531190944
10_H2,0.008979689598765375,5.720534772990504e-06,0.0,0.09370167104266602,0.025671770294051096
10_H3,6.362983392336662e-05,1.7875660205390886e-06,0.0,0.013681118628400485,0.003436634007086098
10_MASS,1.912465880547811e-05,0.00035962395486421883,0.0,0.03151528420516257,0.007973508204708067
11_H2,0.00010699298155082212,8.562776088183455e-07,0.00030696759176898907,0.036582117127501194,0.009249233494607456
11_H3,3.393029511301539e-05,7.124828243831871e-06,0.0,0.09639848061470005,0.024109883934514225
11_NCI,0.00012734914253448076,3.3259050269407453e-06,0.0,0.23809840477920996,0.059557269956692846
11_MASS,5.514600537461302e-05,2.616435995150823e-05,4.928709316434667e-05,0.12956418817265994,0.032423696407787604
12_H2,6.072872192426493e-06,2.877794713640469e-06,0.00017134914835598717,0.10065138745484704,0.025207921817527276
12_H3,1.1977744820350307e-05,0.0,0.0,0.14183703483834315,0.03546225314579087
12_NCI,3.7647258643913294e-05,0.0,0.0,0.024979349851537845,0.00625424927754544
12_MASS,2.1440651973108942e-05,1.7398713680449873e-05,0.0,0.13886702728184527,0.034726466661874705
13_H2,4.269569920038935e-05,1.6454534488730133e-05,0.0,0.023904868154604606,0.005991004597073432
13_NCI,0.00016285009617000943,1.0607737976897624e-06,0.0,0.1461062390968084,0.03656753749169402
13_MASS,1.964167528877611e-05,0.0,0.0,0.025916477306017278,0.006484029745326514
14_H2,0.0004928156513618391,2.517384245948051e-06,0.0,0.062016827336789676,0.015628040093099364
14_NCI,0.0009425923252164838,2.902318101405399e-06,9.181093351755313e-05,0.059365730080425616,0.015100758914315265
14_MASS,5.7782870664285016e-05,3.9814229239709675e-05,7.23561067100748e-05,0.06882219312938508,0.017248036583999787
15_H2,2.8487494572318853e-05,7.24461597201298e-06,0.0,0.10430369094944959,0.026084855764998482
15_H3,1.1217783580148573e-05,5.562205478781834e-05,0.0,0.15789710953197972,0.03949098734258692
15_NCI,0.0002464267269487359,0.0001366002397844568,0.0,0.15711822022320507,0.03937531179748457
15_MASS,2.467771215956676e-05,1.5133318811422214e-05,0.0,0.07459313332308068,0.018658236088512917
16_H2,0.00021115109011174887,8.868826739671931e-07,0.0,0.06795945397705513,0.01704287298746021
16_H3,7.12132781987658e-05,4.917797014059033e-07,0.0,0.0562177261439547,0.014072357800463717
16_NCI,5.338107127815763e-05,2.0413666788954288e-05,0.0,0.1179764204924414,0.02951255380762713
16_MASS,6.909139253387898e-05,9.440324902243447e-06,0.0,0.027764629140202533,0.006960790214409664
17_H2,8.149288033672513e-05,9.553341078571975e-05,0.0,0.01818017194970449,0.004589299560206734
17_H3,1.551472192666504e-05,0.0,0.0,0.20537180387712162,0.05134682964976207
17_NCI,4.379985430625778e-05,6.742090477018792e-07,0.0,0.15915888385593271,0.039800839479821666
17_MASS,2.4111074877271467e-05,0.00013890548143535852,0.00019752982889103936,0.13380427357062036,0.033541204988956005
18_H2,5.664814225681346e-06,6.88375450863532e-07,0.0,0.13045801435317986,0.0326160918857141
18_H3,1.148943501000217e-05,0.0,0.0,0.23905510322219764,0.05976664816430191
18_NCI,9.149598052186462e-05,5.060060721007176e-05,0.0,0.05871838947454296,0.014715121515568724
18_MASS,8.609874265888811e-05,0.0,0.0,0.06581306481261943,0.01647479088881958
19_H2,6.289132312173667e-05,2.9801153687003534e-06,0.0,0.11282659007767303,0.028223115379040865
19_H3,5.425748633713275e-06,7.986447599250823e-06,0.0,0.14699740081063445,0.03675270325171685
19_MASS,3.6964735493906075e-05,8.193912799470127e-05,0.0,0.026930075244212977,0.006762244776925396
20_H2,0.0004873086543544187,4.723371148429578e-06,0.0,0.06576058322587515,0.0165631538128445
20_H3,9.169443290378405e-06,2.2716662897437345e-06,0.0,0.15061277068635798,0.037656052948984525
20_NCI,7.731285589813319e-05,4.684191480919253e-06,3.266432561135938e-06,0.04476554529498451,0.011212702193731175
20_MASS,2.458340343045876e-05,7.623522833455354e-06,0.0,0.09481764768022277,0.023712463651621673
21_H2,0.0008301036823424991,8.187142157112248e-06,0.0,0.00029826384704573753,0.00028413866788633724
21_H3,2.148783281711006e-05,1.755794983182568e-06,0.0,0.07288748476542795,0.01822768209830706
21_NCI,2.1058110206710322e-05,1.5163807347562397e-06,0.0,0.14295399307599113,0.03574414189173315
21_MASS,2.3274912686057303e-05,9.116855181900974e-08,0.0,0.011263528859460813,0.0028217237351746724
22_H2,0.00029315428216856613,0.00010746117914095521,0.00011291893624559612,0.04117285190960786,0.010421596576790744
22_H3,0.00013102401248258578,0.0,0.0,0.0483580297791845,0.01212226344791677
22_NCI,8.195204857524505e-05,2.0725649392261403e-06,0.0,0.06368875887391107,0.015943195871856386
22_MASS,0.0002540915147964399,0.0,7.997252287549176e-05,0.0011559307911086733,0.00037249870719515126
23_H2,8.742096232350377e-05,0.00025307631585747004,0.003125928442087891,0.3542343756799808,0.0894252003500624
23_H3,1.7015258413176764e-05,2.3413441851971584e-07,0.0,0.13276639175616423,0.033195910287248984
23_NCI,0.0001649590135761652,6.83799453327083e-06,0.00015035224900820647,0.043913724123199056,0.011058968345079174
23_MASS,0.0009037791890901937,0.0,0.0007632595537222228,0.26660478018415606,0.06706795473174212
24_H2,2.1142904620857915e-06,0.0,0.0,0.08307565581565424,0.02076944252652908
24_NCI,1.8224791773619752e-05,1.7942607883014716e-05,0.0,0.039836022300063806,0.009968047424930111
24_MASS,1.2327285513872189e-05,0.0,0.0,0.04168787371877239,0.010425050251071565
25_H2,7.96350473153251e-06,3.084011041210033e-06,0.0,0.2679809478902153,0.06699799885149701
25_H3,2.2330556476259486e-05,3.0407925351028098e-06,0.0,0.10163376180099255,0.025414783287500978
25_NCI,0.00018962523016992792,4.77212142868666e-06,0.0,0.03689241698332726,0.009271703583731469
25_MASS,7.85056249152263e-06,7.911025363682711e-07,0.0,0.18568614222666782,0.04642369597292393
26_NCI,8.441951115497598e-05,2.140332799172029e-05,0.0,0.0415112071984428,0.010404257509397373
27_H2,4.3500926138433136e-05,0.0001017444665194489,0.0,0.03997551461645967,0.010030190002279388
27_H3,1.6443548420989186e-07,0.0,0.0,0.0910665593308351,0.02276668094157983
27_NCI,4.855416314502381e-05,6.0889992710144725e-06,0.0,0.02207358804084654,0.005532057800815645
27_MASS,4.372272646827798e-05,6.980555190239102e-05,0.0,0.013443092365021773,0.0033891551608481105
28_H2,6.295320324689045e-05,2.824405385126738e-07,0.0,0.49516749924597747,0.12380768372244072
28_H3,3.1748691876448077e-06,0.0,0.0,0.08323310100364012,0.02080906896820694
28_NCI,4.737790471989189e-05,0.0002962323487736285,0.0,0.07277086536684063,0.01827861890508354
28_MASS,0.0003946663688091719,6.129035318735987e-05,0.0002774441254893327,0.02059934865879167,0.005333187376569384
29_H2,0.0019746681081703418,3.4057822631439194e-05,0.0,0.06982777253074185,0.01795912461538591
29_H3,0.0014247029742607915,0.00013059607590548694,0.0,0.06927477905338073,0.017707519525886752
29_NCI,0.00289117566655981,0.000497867469675839,0.007478103351295908,0.25706346478098063,0.06698265281712805
29_MASS,0.001262187534624058,4.795451968675479e-05,0.0,0.05391448966297097,0.013806157929320446
30_H2,0.00012944139818122293,1.2020540452795103e-05,0.0,0.04162280159106383,0.010441065882424463
30_MASS,5.277906725223244e-05,1.8654362747838604e-06,0.0,0.00506838374012336,0.0012807570609125942
31_H2,0.00017635269340414973,2.6739178338175407e-06,0.0,0.022327579183723124,0.005626651448740273
31_H3,0.0007178034151089412,4.186271780781681e-06,0.0,0.004594627677053316,0.0013291543409857597
31_NCI,0.00024101092786442686,2.8433774446057214e-07,0.0,0.20367037402655486,0.05097791732304094
31_MASS,0.00157172220639271,1.5065803609104478e-06,0.0,0.10310561362130308,0.026169710602014173
32_H2,2.546318508832532e-05,4.100936621398432e-06,0.00025838383339233886,0.06125933352599451,0.015386820370274144
32_H3,2.47207670535995e-06,0.0,0.0,0.0130199901235776,0.00325561555007074
32_NCI,6.0454578723674276e-05,5.6315957408514805e-06,0.0,0.05220962873320657,0.013068928726917775
32_MASS,0.0001178277625666721,8.94869735930115e-05,5.35196262869068e-05,0.007729034937962752,0.0019974673251023354
33_H2,0.0002907858399284525,6.846717587905005e-05,7.897997270552709e-05,0.06898757989460505,0.01735645322077952
33_H3,0.0003273275964079109,0.002181300427764654,0.0,0.19291824818771694,0.048856719052972376
33_NCI,0.00012486630393766367,1.412063829775434e-05,0.0,0.011426461707254991,0.0028913621623726025
33_MASS,0.00019118660521841535,8.772140972723719e-06,0.0014347774638994817,0.053883411099651154,0.013879536827435444
34_H3,4.095636080818074e-06,0.0,0.0,0.1669000736167785,0.04172604231321483
34_NCI,1.5989706804391415e-05,4.747141701955115e-06,0.0,0.09837423175281904,0.024598742150331344
34_MASS,5.8834366270375635e-05,0.0,0.0,0.13082652611745638,0.03272134012093169
35_H3,4.361732356288812e-05,7.230327173601836e-05,0.0,0.0658548183390021,0.016492684733575253
35_NCI,0.00028088508054777253,4.3087111407658085e-06,0.0,0.060057019970285674,0.015085553440493553
35_MASS,0.0004032035777905221,9.258375030185562e-06,0.0,0.052505444773263237,0.013229476681520986
36_H3,4.8560229361356435e-05,8.509917279297952e-06,0.0,0.1721015912106208,0.043039665339315365
36_NCI,7.774310917666495e-05,0.0010406149085611105,0.0,0.039968387020890846,0.010271686259657156
36_MASS,0.0007300470574915962,0.00011832937889266759,0.0,0.0728569907245207,0.01842634179022624
37_H2,5.684636259544569e-05,5.1719775910896715e-06,0.0,0.06705064753735367,0.01677816646938505
37_NCI,0.0002401659337027593,2.7642885470413603e-05,0.0,0.20673771890945059,0.05175138193215594
37_MASS,0.00017849820691229632,1.0039599146693945e-05,0.0,0.09387072373047266,0.02351481538413291
38_H3,3.1155565920229137e-07,1.0860555903491331e-06,0.0,0.16137234499124523,0.0403434356506237
38_NCI,0.0001046546870428122,3.218108304281486e-06,0.0,0.12704378359371937,0.03178791409726662
39_H2,0.0004333948737207091,0.0009920794982463121,0.0,0.00664236842098884,0.0020169606982389653
39_H3,1.621400974020632e-05,5.1576707846834324e-06,0.0,0.04944124987971339,0.012365655390059571
39_NCI,4.961602096996239e-05,0.0005039216484874487,0.0,0.12168124156800428,0.030558694809365423
39_MASS,4.3342587932000006e-05,2.0358666006359272e-05,0.0,0.06268882923070354,0.015688132621160474
40_H2,0.00014369993149821047,4.2212494008708745e-05,7.0108491422877e-05,0.17890339495673582,0.04478985396841641
40_H3,5.071733384573023e-05,6.779726390959695e-05,0.0,0.18161718044168962,0.04543392375986124
40_NCI,5.661965404360008e-05,3.794226358877495e-06,0.0,0.12289038664234604,0.03073770013068713
41_H2,0.0010714013364081126,3.6018830087414244e-06,0.0,0.020572327953281323,0.005411832793174544
41_NCI,0.00033929243560380096,2.530045276216697e-05,5.576678830439061e-05,0.1452567912383403,0.036419287728752664
41_MASS,0.000374212929393236,0.0,0.000737226823908641,0.037796996616331915,0.009727109092408448
42_H2,0.0004330168494477645,0.0002497567911632359,0.0,0.11446163822702977,0.028786102966910195
42_H3,2.5513521978281322e-06,3.6542987800203264e-05,0.0,0.0004055573145035765,0.00011116291362540198
42_NCI,0.0001695915387196811,0.008502845652401447,0.0021211009981893956,0.1237867298228491,0.03364506700303991
42_MASS,4.891025541582237e-05,0.0,8.24123459522336e-05,0.05573125033647403,0.013965643234460522
43_H2,0.00015061399634471378,1.009172933663649e-06,0.0,0.18254273328502635,0.045673589113576184
43_H3,2.330088820256376e-07,0.0,0.0,0.05847016211623857,0.014617598781280149
43_MASS,2.4837820987515455e-05,8.432583854300901e-06,0.0,0.08946854797962765,0.022375454596117367
44_H2,4.472025713411709e-05,3.8527101423824206e-05,0.00011858009981222238,0.03245645809465783,0.008164571388256998
44_H3,8.020516119407338e-07,0.0,0.0,0.34001073807596055,0.08500288503189313
44_NCI,5.121296247724335e-05,8.284766227006912e-05,0.0,0.006507137089270611,0.0016602994285044809
44_MASS,8.577362575866469e-05,0.0,0.0,0.1189099582395129,0.029748932966317893
45_H3,3.6677100969119385e-05,7.614722107973648e-06,0.0,0.1555077697373733,0.03888801539011259
45_MASS,0.0002833484441196658,1.158754457719624e-05,0.00011701749315345052,0.16396645629371517,0.04109460244389137
46_MASS,4.2168386058113944e-05,1.741122332532541e-06,0.0,0.06497810725751421,0.016255504191476214
47_H2,6.859337329278553e-05,1.8430831687510363e-06,6.948907775624115e-06,0.1946281321091435,0.048676379368345166
47_H3,7.121727137309809e-06,0.00019877239537891,0.0,0.26976393559611633,0.06749245742965813
47_NCI,0.00013649263753308578,8.906783932616236e-07,0.0,0.10002606764676454,0.02504086274067272
47_MASS,5.126194415735171e-05,0.0,0.0,0.02962139329205749,0.0074181638090537105
48_H2,0.0002794572180901811,1.6791407688288018e-05,0.0,0.20601215380766638,0.05157710060836121
48_H3,8.499446242055619e-05,0.00015655519382562488,0.0,0.1403768006786142,0.03515458758371509
48_NCI,0.00029108518814711557,5.163369860383682e-05,0.0002775108059179758,0.02590219273290977,0.006630605606394674
48_MASS,0.0004035871781174613,1.8104914261130034e-06,0.0003575772544204405,0.20585686857162386,0.05165496087389697
49_H2,0.00011666643220582477,1.1069635547755752e-05,0.0,0.09772380593694573,0.024462885501174828
49_H3,4.117310097811252e-05,0.0,0.0,0.04568198632398845,0.01143078985624164
49_NCI,0.00023327226597890535,6.2201374930737074e-06,0.0,0.10146939457836435,0.025427221745459083
50_H2,0.00012619096398991687,2.472114886131749e-07,0.0,0.03829491657460492,0.009605338687520861
50_H3,3.0042260049529923e-07,0.0,0.0,0.03178236467414086,0.00794566627418534
50_NCI,5.203454378718154e-05,1.0638167395882192e-06,0.0,0.04676876228058586,0.011705465160278157
50_MASS,5.552977305729369e-05,0.0,7.262421518739473e-05,0.019226397115233964,0.0048386377758696635
51_H2,0.00027274074037805503,0.0001115261620725505,7.945452030102377e-05,0.25930328887563103,0.06494175257459567
51_H3,7.225430414192565e-05,0.0,0.0,0.17085423977752018,0.042731623520415526
51_NCI,0.0003162827949788591,2.1039149942225777e-06,0.0,0.15617123319136614,0.039122404975334805
51_MASS,0.00089890656145067,1.914995209517656e-06,5.566746930547961e-05,0.18234063562599565,0.04582428116299033
52_H2,2.3402343289930944e-05,1.7442634998587891e-06,0.0,0.16739422884807578,0.04185484386371639
52_H3,2.944736844682402e-06,0.0,0.0,0.08515661096278732,0.021289888924908
52_NCI,7.62803913222093e-05,4.212704425299307e-06,0.0,0.22668964706597886,0.05669253504043159
52_MASS,0.0022462390546484664,0.0002565201139077544,0.0,0.19306550223718047,0.04889206535143417
53_H2,2.8970573862269984e-06,4.943912699673092e-06,0.0,0.1735714715640026,0.04339482813352213
53_H3,2.619486373999362e-08,0.0,0.0,0.004297224859017349,0.0010743127634702723
53_NCI,1.3926361840833551e-05,1.3402132026385516e-06,0.0,0.1354984297918168,0.03387842409171507
53_MASS,2.9155963067199742e-06,4.248506957083009e-05,6.908762157412336e-05,0.07321781753720863,0.018333076456165075
55_H2,0.00016156296560175214,6.997671334829647e-06,0.0,0.15745924586901455,0.03940695162648778
55_NCI,0.0002715974312581224,5.44050135431462e-06,0.0,0.015205195662263664,0.0038705583987190253
55_MASS,0.00010669061702563243,0.0,0.0,0.07395280967863989,0.01851487507391638
56_H3,1.8461850956620996e-05,0.0,0.0,0.0576166144111256,0.014408769065520556
56_NCI,7.828830572557457e-05,2.8564379590534372e-06,0.0,0.027525821902527548,0.006901741661553044
56_MASS,5.068804502857519e-05,8.37989427964203e-05,0.0,0.031204739019115444,0.00783480650173511
57_H2,9.730662382061106e-07,1.0210873142568744e-06,0.0,0.06768152563729676,0.016920879947712308
58_H2,7.079700789719863e-06,7.362065161942155e-07,0.0,0.04758381031372062,0.011897906555256634
58_NCI,6.73099899354391e-05,7.451310375472531e-05,0.0,0.13345249041262908,0.03339857837657981
59_H2,5.614259185380238e-05,7.52139976611943e-06,0.0,0.1225715790918109,0.030658810770857706
59_H3,5.843629087013691e-06,0.0,0.0,0.003886830145978251,0.0009731684437663162
59_NCI,7.5826444042826e-05,3.2868326798052294e-06,0.0,0.09915303295969784,0.02480803655910512
59_MASS,5.187976816511898e-05,1.422004515916342e-06,0.0,0.09645253306166227,0.024126458708585825
60_H3,1.611002737973764e-08,0.0,0.0,0.059078837570560344,0.014769713420146931
60_NCI,0.001101215563508955,2.6832012167687935e-07,5.412618181498665e-05,0.07397878888092208,0.018783599736591924
62_H2,5.0940045191137525e-05,0.0001990139135159552,0.0,0.061755261782414375,0.015501303935280366
62_H3,8.761834722474414e-06,0.00035720158484764397,0.0,0.03533509248231731,0.008925263975471857
62_NCI,0.00034290716817804564,0.0001721402077237144,0.0,0.20661756083490596,0.05178315205270193
62_MASS,0.00015090230575104106,3.229088906664401e-05,0.0,0.04147033279587874,0.010413381497674106
63_H2,0.00011160223853914409,1.7392809240845963e-05,0.0,0.1386610948313198,0.03469752246977495
63_MASS,0.0003462768106898724,0.00010297545668436214,0.0,0.1657954040124059,0.041561164069945034
64_H2,0.00046268598437314534,0.0,0.0,0.10417721286819329,0.026159974713141607
64_H3,0.0001841857940814082,0.0,0.0,0.16737455739818502,0.04188968579806661
64_NCI,2.7796048646682422e-05,1.887082908069715e-05,0.0,0.03883286850057987,0.009719883844576812
64_MASS,0.000258061609719972,9.037015615831478e-07,0.00013956161636514977,0.07035330005798154,0.017687956746407062
65_H2,2.622646980629898e-06,3.884123316311161e-07,0.0,0.15459037450822005,0.03864834639188308
65_MASS,3.235687649211597e-05,0.0,0.0,0.07246320802753291,0.018123891226006255
66_H2,0.00041676020110974606,4.586442230447574e-07,0.0,0.07094681779010788,0.017841009158860166
66_NCI,8.71755835363768e-05,0.00033729549613781273,1.0386966707057748e-05,0.24715765215185914,0.061898127549560096
67_NCI,0.0,2.026053067538669e-07,0.0,0.036382634283159083,0.00909570922211646
68_H2,6.22790871430339e-06,0.0,0.0,0.022778491772519806,0.005696179920308527
68_H3,6.378362867393311e-07,9.554387361276895e-05,0.00026158542913189554,0.32081877716568735,0.08029413607617969
68_NCI,1.0602430428838826e-05,3.5062837469013175e-06,0.0,0.003291709026186631,0.0008264544350905928
68_MASS,5.1006728594282624e-06,0.0,0.0,0.06742238171126756,0.016856870596031748
69_H2,1.6986645324952024e-05,0.003686554031446576,0.0,0.15986874348044952,0.040893071039305263
69_H3,0.0,0.0,0.0,0.026632074354105157,0.006658018588526289
69_NCI,4.917198054480741e-06,6.6988332036999054e-06,0.0,0.007125490207618854,0.0017842765597192588
70_H2,2.4161847154623996e-05,0.0,0.0,0.030193669435665576,0.00755445782070505
70_H3,1.9245512087817737e-05,0.0,0.0,0.02308640043007904,0.005776411485541714
70_NCI,4.033680536570264e-07,0.0,0.0,0.21103339241956978,0.05275844894690586
70_MASS,1.8613219850181227e-07,2.5031062023117556e-07,0.0,0.047517690035982774,0.011879531619700377
72_H2,0.0,0.0,0.0,0.0172470453401832,0.0043117613350458
72_NCI,4.8890779646201505e-06,0.0,0.0,0.0070938153239863445,0.0017746761004877412
72_MASS,5.827267503615863e-06,0.0,0.0,0.0024778573885991255,0.0006209211640256854
73_H2,3.7477332582905125e-05,0.0,0.0,0.032339630176511466,0.008094276877273593
73_H3,2.4533396490046074e-05,0.0,0.0,0.19494152457517208,0.048741514492915534
73_NCI,1.9882019559811467e-05,0.0,0.0,0.07318378530539602,0.018300916831238957
73_MASS,4.560636335199795e-05,0.00023404593230225146,0.0,0.010067084109655906,0.002586684101327539
74_H2,2.5261871659645863e-06,1.2437743635018705e-07,0.0,0.01868203060660163,0.004671170292800986
74_H3,0.0,0.0,0.00013921000386786045,0.06463431729279503,0.016193381824165725
74_NCI,1.4647506826575434e-05,7.111499940037902e-07,0.0,0.07745028465985371,0.01936641082916857
74_MASS,4.811861525092889e-05,0.0,0.0007702522651949027,0.07220722428984654,0.01825639879257309
75_H2,1.1652581294210286e-05,7.207823273347458e-06,0.0,0.002521583700981867,0.0006351110263873562
75_NCI,4.975803061846154e-06,8.881133339855296e-08,0.0,0.04318226963265294,0.010796833561762045
75_MASS,4.974429285148019e-06,0.0,0.0,0.014665301181389924,0.0036675689026687682
76_H2,1.1944848471164675e-05,0.0004889447591267526,0.0,0.08926177047569757,0.022440665020823872
76_NCI,6.447638160251381e-05,1.4626779375248589e-05,0.0,0.1629428035277004,0.04075547667216954
76_MASS,4.00595581815319e-05,0.0,6.23410740799593e-05,0.07377628485526248,0.018469671371880995
77_H2,2.370924097061935e-06,9.200983299706422e-07,0.0,0.03604601294604991,0.009012325992119236
77_NCI,1.0880458869577624e-06,0.0,0.0,0.043543098110680495,0.010886046539141863
77_MASS,5.980425171389248e-07,1.1582104662011261e-06,0.0,0.029880136068901095,0.007470473080471109
78_H2,3.103368736167191e-05,0.0,0.00039985981658689383,0.030939094797996024,0.007842497075486147
78_NCI,7.740537578378107e-05,2.028320523095317e-06,0.0,0.051161669906077525,0.0128102759005961
78_MASS,6.524676610331079e-05,0.0,0.0,0.008812116221134123,0.0022193407468093585
79_H2,2.081578488197085e-05,2.442772256472381e-06,6.088523090480425e-05,0.030694001011208248,0.007694536199812874
79_H3,4.249609000970747e-06,0.0,0.0,0.060699348077911566,0.015175899421728135
79_NCI,1.6644327528454186e-05,6.220370778464712e-06,0.0,0.018336181306564687,0.004589761501217902
79_MASS,1.2015228937749405e-06,9.010876738102525e-07,0.0,0.026373490324599517,0.006593898233791776
80_H2,9.18255303856395e-05,5.043407782068243e-06,0.0,0.08562491433215594,0.021430445817580912
80_NCI,0.0002122496827397614,4.435700611793436e-05,0.0,0.1799865741697966,0.04506079521466357
80_MASS,7.568452492605095e-05,0.0,0.0,0.017683282636645738,0.004439741790392947
81_H3,3.7653632012582894e-06,6.3835782384558115e-06,0.0,0.19194900244212953,0.047989787845892314
81_NCI,6.252050030648686e-05,4.109917426831089e-06,0.0,0.02979129890221893,0.007464482329988062
82_H2,0.00013772240887813283,2.26124520850135e-05,0.0,0.11192918350409588,0.028022379591264756
82_MASS,0.00015170569641289962,6.828416189819109e-06,0.0,0.09514775074279354,0.023826571213849065
83_H2,0.0007721043244843037,8.137006807373837e-05,0.00038545112551279344,0.46525521933591446,0.11662353621349632
83_NCI,0.0005457603055629731,2.394913963144063e-06,0.0004963669999698694,0.049809280087575444,0.012713450576767857
83_MASS,0.0032455774074430775,0.0002641316968947649,0.001385767708091164,0.1593523318867631,0.04106195217479802
84_H2,2.8559744253171176e-05,1.9325432276673382e-06,0.0,0.022071252546234765,0.005525436208428901
84_NCI,0.00013606899392121433,4.340936357039027e-05,0.0,0.03378939515736624,0.00849221837871446
84_MASS,7.385751074267666e-05,2.47082207351923e-05,0.0,0.08681719256626091,0.021728939574434697
85_H2,0.019059307572142997,0.0002952313225250691,0.023357933533750208,1.0,0.26067811810710456
85_H3,0.0018727425484078273,0.001900580944493413,0.0017026338809485247,0.5945380949814626,0.1500035130888281
85_NCI,0.0019379547352596006,7.290729990927503e-05,0.00026395952679465296,0.37119224824891306,0.09336676745271914
85_MASS,0.002159815153361834,0.0003352410567458719,0.0044663753121607945,0.568086725655084,0.14376203929433812
86_H3,1.6686531607436997e-06,6.948879445189959e-07,0.0,0.01725994155680813,0.004315576274478349
86_NCI,0.000730279850047533,0.00038564324495382607,0.0,0.27677597943302196,0.06947297563200583
86_MASS,7.100496310715604e-05,3.059539449168369e-05,0.0,0.0762290704168914,0.01908266769362256
87_H2,4.93312656244174e-05,3.5043399293499533e-06,0.0,0.029160558518833504,0.007303348531096818
87_H3,1.3063521050485662e-06,2.1182201237479603e-07,0.0,0.06725735763002764,0.016814718951036266
87_NCI,4.1428588954330276e-05,5.82649090574705e-06,0.0,0.016428790233882003,0.00411901132843552
87_MASS,0.00010109817303256901,5.317766635926091e-07,3.1938441881920016e-05,0.044917868328384854,0.011262859179990734
88_H2,5.6721974814268885e-05,4.430940407473827e-06,0.0,0.07025938281681679,0.017580133933009633
88_H3,1.4943619101626883e-05,4.508344773057615e-06,0.0,0.023136883738699945,0.005789083925643658
88_NCI,0.00013084737566575023,0.00016509748820681125,0.0,0.2561202740690073,0.06410405473321996
88_MASS,0.00026891068841570516,8.061892003752291e-06,0.0,0.10702303855169239,0.026825002783027962
89_H2,0.012477617821458818,0.00020832610607612878,0.001108200320740086,0.26615054366292756,0.06998617197780065
89_H3,0.007323507248691895,0.00040148297557607293,0.002283334820959003,0.937009558507573,0.23675447088819998
89_NCI,0.0016714976361974102,2.078514444292523e-05,0.0007623578614719655,0.44089676761080887,0.1108378520632303
89_MASS,0.008887417484291012,0.00286094774492085,0.006102099686135116,0.271985869687035,0.07245908365059549
90_H2,0.0024463279236077887,0.00014531709894072264,0.0015536416769197214,0.7629122738713073,0.1917643901426939
90_H3,9.12946031874549e-05,0.0,0.0,0.30259326237936823,0.07567113924563892
90_NCI,0.000643891598116005,1.823312595661264e-05,0.012171495314921645,0.12847614376408284,0.03532744095076928
90_MASS,0.005817388761851508,0.00018358735542278737,6.236670639021235e-08,0.03261902307419486,0.009655015389543886
91_H2,6.217010020815962e-05,3.007979785252246e-06,0.0,0.11977901920061353,0.029961049320151735
91_H3,0.00033162753583290813,0.0,0.0,0.11763308378285318,0.029491177829671523
91_NCI,0.0005880375835646084,6.848969405837124e-06,0.0,0.09648762314776571,0.02427062742518404
91_MASS,0.0008033723080163208,5.083725795884675e-07,0.0037636191766939617,0.10304290393947284,0.026902600949190676
92_H2,0.0010625100636490552,4.79613445349969e-05,0.0018868719686699587,0.30612743488171584,0.07728119456464247
92_H3,0.0003116548793215401,4.486669058678672e-05,2.400932578427792e-05,0.7473068722487565,0.18692185078611226
92_NCI,0.0045507593279194,0.0005101806600578129,0.0012651188912493946,0.2543360382076892,0.06516552427172895
92_MASS,0.0011239635707613097,0.00034708462771959603,0.00022960019971581425,0.13138238855327244,0.03327075923786729
93_H2,0.43235438657185976,0.002533589256927371,0.26622511227251616,0.38045548727925427,0.2703921438451394
93_H3,0.0007829408282109524,0.00012124917702749372,1.0424439731263948e-05,0.29840717037605025,0.07483044620525499
93_MASS,0.005322592476160563,0.00022833723051007837,0.003917777216201907,0.24497084729508276,0.06360988855448882
94_H2,0.0011671457802184808,0.0011527114547789097,0.0017533908818647154,0.2750888009537602,0.06979051226765558
94_MASS,0.0003981369393498008,5.045817488280591e-07,0.0,0.34147610767869313,0.08546868729994794
95_H2,0.0043194325759615204,0.00103354814928025,0.007000310906282835,0.08187766875088034,0.023557740095601236
95_H3,0.00035600893601408655,4.381085091154091e-06,0.0009159620008064105,0.12768665803803972,0.03224075251498784
95_NCI,0.0030766911448728397,0.00018512795213609934,0.0014864939662779324,0.024068702388954477,0.0072042538630603375
96_H2,0.00045153921494759617,1.5535806596744806e-05,0.00023917717326273256,0.17157036082056432,0.04306915325384285
96_H3,0.0002591035987724508,4.069470378453843e-06,0.0,0.4895038956684855,0.1224417671844091
96_MASS,0.00043175599811186717,0.00012398906983435154,0.0,0.2605624646805807,0.06527955243713172
97_H3,6.02506103474834e-05,1.7657413991400972e-05,0.0,0.06898959961033278,0.017266876908667916
97_NCI,0.00015665915380403593,1.0062253750220407e-05,0.0,0.06273837989044358,0.01572627532449946
97_MASS,0.005075563304026202,0.028681136667728424,0.0019006012243092056,0.14809297136593705,0.04593756814050022
98_H2,8.618058515577658e-05,3.925761575374054e-06,0.0,0.04693576698238582,0.011756468332279243
98_H3,2.2454806321316128e-05,0.0,0.0,0.02567993546620425,0.006425597568131392
98_NCI,0.00011644093753661428,2.9569457637990126e-06,0.0,0.045515228275506935,0.011408656539701837
98_MASS,7.530639161133283e-05,1.297538801736664e-06,0.0,0.06152730934218333,0.0154009783181491
99_H2,0.0007296868072514778,1.2584883734234609e-05,0.0028537845721165094,0.04430330246384122,0.01197483968173586
99_H3,0.0003486385194502652,6.0126940297777764e-06,0.0,0.02295318539236861,0.005826959151462164
99_NCI,0.000867219544061173,2.00544782273937e-05,0.00019655491775945024,0.25313063495861593,0.06355361597466598
99_MASS,0.00053163984902774,4.388667730381712e-05,0.0,0.02067297464660313,0.005312125293233672
100_MASS,0.0012651776671776774,0.0,0.0,0.10549821656913753,0.026690848559078804
101_H3,5.238343618653305e-05,0.0008520185365341604,0.0020141116023863832,0.09047214697064516,0.02334766513643806
101_NCI,1.889922586739823e-05,0.0,0.0,0.30804450546491136,0.07701585117269469
101_MASS,9.723932930037063e-06,1.5558254062852939e-06,0.0,0.07625863813890546,0.019067479474310447
102_H2,0.00032572030971305906,2.1567649355347385e-07,3.1657987444134454e-05,0.13895348413515568,0.03482776952720161
102_H3,9.881927767804794e-07,0.0,0.0,0.09369345434926699,0.02342361063551094
102_MASS,0.003149680414009757,0.0,0.004403339602553208,0.12080900400230601,0.032090506004717245
103_H2,0.0008542101863733122,7.366552745224908e-05,0.0005072518594151816,0.4203794175893396,0.1054536362906451
103_NCI,0.00026606349334708446,5.87584036111366e-05,0.0003283477827843375,0.015432512488335747,0.004021420542019576
104_H2,0.003336025132628506,3.861647201119922e-06,5.195553032053172e-05,0.10167443587313767,0.026266569545821957
104_H3,1.7813083737191545e-05,0.0,0.0,0.1348847724352178,0.033725646379738745
104_NCI,5.1707066582036825e-05,2.2986494514043443e-05,0.0,0.0896925841319515,0.022441819423261896
104_MASS,0.00010000377748098667,0.0,0.0,0.03678457527762209,0.009221144763775769
106_H2,0.0002120737060902888,5.096450695418753e-05,0.0,0.030961897087388945,0.007806233825108356
106_H3,2.757225382658257e-05,1.0732812825153815e-06,0.0,0.05458209009070713,0.013652683906454056
106_NCI,5.5636641218604114e-05,0.00013454917643684894,0.0,0.002728412847477219,0.000729649666283168
106_MASS,7.430914098126121e-05,3.251707994422759e-06,0.0,0.014070293722057255,0.003536963642758235
107_H3,0.0005243598010043229,0.000113755973870866,0.00021373729940956187,0.022031518249706398,0.005720842830997787
107_NCI,0.0001915447170902565,1.5764060663059354e-05,0.0,0.0921911866030511,0.023099623845201103
107_MASS,0.00031804512464227115,0.00023340663756243885,0.0,0.03874477697038087,0.009824057183146395
108_H2,0.0028089137063833803,0.00011294845171505585,0.009732122895972464,0.2751327068692101,0.07194667298082025
108_H3,1.8563384661895784e-07,1.1657710956569645e-06,0.0,0.10378387825584477,0.02594630741519676
108_MASS,0.0015708276787484248,1.7135272400992108e-06,0.001787816272902873,0.1578975421378444,0.04031447490418395
109_H2,1.770238801502134e-05,1.030214480124414e-05,0.0,0.10333554475498496,0.025840887321950307
109_H3,6.715440435893972e-06,0.0,0.0,0.06718880124317536,0.016798879170902815
109_NCI,1.0674466603647577e-05,0.0,0.0,0.08180286371999737,0.020453384546650254
109_MASS,1.3568073020473175e-05,0.0,0.0,0.05808718406532137,0.014525188034585461
110_H3,3.107744107381318e-05,5.117775799590163e-06,5.320717520837107e-06,0.17037716015889834,0.04260466902332315
110_NCI,0.000927366853483356,8.322036592289805e-06,0.0,0.09639300061010801,0.024332172375045914
110_MASS,0.0007351077810408275,1.5314302800106816e-05,2.091361373687134e-05,0.07527563761916654,0.019011743329186086
111_H2,0.00018778149264338326,3.8103767110442277e-06,8.327788849033e-05,0.11568898039686132,0.02899096253867652
111_NCI,0.00025425617357910705,7.846200787753332e-06,0.0,0.1831132074141404,0.04584382744712681
112_H3,8.124294257989718e-05,5.3168255362834316e-06,0.0,0.009730698964382813,0.002454314683124748
112_NCI,0.004749930704255096,0.0001798330049496144,0.0019090702654442628,0.18292590594238073,0.04744118497925742
112_MASS,0.001338958839660887,0.00011575533426366746,0.0009036563152230225,0.20628403309667528,0.05216060089645572
113_H2,0.00014939001009179232,8.149549830704927e-05,0.0,0.12302124704627802,0.030813033138669215
113_H3,1.127515810649205e-06,8.401421496273542e-07,0.0,0.0911784822823455,0.022795112485076444
113_NCI,0.00015496169127657023,9.056142516783439e-06,0.0,0.23896851419457207,0.05978313300709136
113_MASS,0.0001932771402143112,2.5717147309478605e-06,0.0,0.12074814785683077,0.03023599917794401
114_H2,0.001218097628179634,0.0003186555113643408,0.0,0.1913308710841505,0.04821690605592362
114_H3,5.975672331375796e-05,1.500053485870012e-07,0.0,0.24428041140541482,0.06108507953351929
114_NCI,0.00014837613554874508,0.00025608521536923945,0.0002201409920894823,0.37971729745595956,0.09508547494974176
114_MASS,0.00025650576301253236,0.0009859662968665361,0.0,0.048562509274640724,0.012451245333629948
115_H2,0.0031237460937828996,0.00043252293835394084,0.005865836288958492,0.20945048157102447,0.05471814672302995
115_H3,0.0008326617590061597,0.0,0.0,0.0680006329365072,0.01720832367387834
115_NCI,0.0006607778252966149,3.964512870879844e-05,3.283476601944029e-05,0.21051672162574,0.052812494836441216
115_MASS,0.0024242898780481286,0.0004709363856818527,0.00017746928717670183,0.0924885590246526,0.02389031364388982
116_H2,0.00022318524961990657,4.804724994755816e-06,0.007118157790787572,0.14606080575491365,0.03835173838007897
116_H3,0.00022974323499430578,0.00013445265358313918,0.0,0.07582263677369395,0.01904670816556785
116_NCI,0.00018690186223580376,2.6780495318234898e-05,0.0,0.2554624700340104,0.06391903809789111
116_MASS,0.00018326853084013985,3.543308048392646e-05,0.0,0.05289643174137471,0.013278783338174695
117_H3,0.00041747658318813874,5.258730743662454e-05,0.0,0.13827765714260795,0.03468693025830818
117_NCI,0.0007690056759588379,1.0316341104044113e-05,0.006314504206201989,0.18976952866821656,0.04921583872287036
117_MASS,0.000888283450858135,7.142168033169582e-05,0.0019057183250266944,0.24882156209121248,0.06292174638685726
118_H2,0.00017165951673573892,3.104340794379823e-05,0.0,0.0230825904728476,0.0058213233493817846
118_H3,3.78975583934203e-05,0.0,0.0,0.0006529468006596854,0.00017271108976327644
118_MASS,0.00018291419793331482,0.00011967570026172325,0.0011469580754901538,0.02266116447303788,0.006027678111680768
119_H2,2.092777831579437e-05,0.0006408161716535687,0.0,0.009403269764617628,0.002516253428646748
119_H3,0.00024125355060917645,0.0005203546606935561,0.00018823879992368463,0.45180328748260623,0.11318828362345816
119_NCI,0.0002994839313809467,3.996712257503532e-05,0.0,0.1511351688428673,0.037868654974205815
119_MASS,0.0002652596688789788,1.8850385458790697e-05,0.00012637886777093396,0.1012445589934988,0.025413761978901876
121_H2,0.0013334322672871716,0.00012549202074296772,0.002582847218703673,0.4537107776402078,0.1144381372867354
121_H3,2.920354838378783e-05,0.0,0.0,0.18927491805997412,0.04732603040208948
121_NCI,0.003444923619839011,0.0001149862800957635,0.0022622063851243383,0.37604170915691804,0.09546595636049429
121_MASS,0.0005607617814468102,2.0130919438088313e-05,0.0,0.053000549163211626,0.013395360466024131
122_H2,9.770884863544368e-05,0.00010953106539091095,0.0,0.07423393872918825,0.01861029466080365
122_H3,2.2894260906318185e-05,0.0,0.0,0.1239628512089628,0.03099643636746728
122_NCI,9.381588612973508e-05,2.419905285933055e-06,9.636732283454071e-05,0.09449909918521596,0.02367292557486654
122_MASS,0.00025002974357319003,1.3546776926887105e-06,0.0,0.011641153040994084,0.0029731343655649907
123_H2,9.36169032503406e-05,0.00015955939306877553,0.0,0.043642084278586,0.010973815143726279
123_H3,3.4429705319558365e-05,0.0,0.0,0.046217100972793156,0.011562882669528178
123_NCI,8.746566156374654e-05,3.807293251156807e-05,0.0,0.09328721795414707,0.023353189137055596
123_MASS,6.695287145882285e-05,0.0,0.0,0.06724941523516471,0.016829092026655883
124_H2,7.414607428388033e-06,5.48705020264606e-06,0.0,0.1717694094087085,0.042945577766584885
124_H3,9.741524827763734e-06,0.0,0.0,0.10535340147694465,0.026340785750443102
124_NCI,1.282961682668158e-06,0.0,0.0,0.06589069627040275,0.016472994808021356
124_MASS,1.0,1.0,1.0,0.04051624011832161,0.7601290600295804
125_H2,0.00027289556121205794,0.00029930591699667275,0.0001401863477756996,0.09108795968487848,0.022950086877715728
125_H3,7.459780101401874e-05,3.8018835766706616e-05,0.0,0.10265951330133401,0.025693032484528682
125_NCI,9.866818460140141e-05,3.159586185574881e-06,0.0,0.17181978855260746,0.04298040408084861
125_MASS,5.6058360920289346e-05,8.697181328898296e-06,0.0,0.1041774334808958,0.026060547255786246
126_H2,2.3213093463071402e-05,2.2504681851387431e-07,0.0,0.03542246365661304,0.008861475449223657
126_H3,1.4378515371199054e-05,0.0,0.0,0.020446733814180683,0.005115278082387971
126_MASS,1.6840273645959423e-05,0.0,0.0,0.04794110383917855,0.011989486028206127
127_H2,9.47519289580597e-07,0.0,0.0,0.08700033096123638,0.021750319620131492
127_H3,2.251484477310584e-07,0.0,0.0,0.02158728400107155,0.00539687728737982
127_MASS,2.620260134298003e-07,0.0,0.0,0.0012231181657656363,0.0003058450479447665
128_H2,6.578094752689951e-05,0.0,0.0,0.01173528004500063,0.0029502652481318828
128_H3,1.02053733947325e-06,6.087103611207567e-05,0.0,0.17088484238933335,0.042736683490696224
128_NCI,0.00011419774934119239,0.0,0.0,0.031738772383907154,0.007963242533312086
128_MASS,0.001665443773250205,0.0,0.0001459023040078551,0.06146553326795465,0.01581921983630318
129_H2,0.00016618432542325152,9.500129749540065e-07,0.0,0.1669506739427931,0.041779452070297825
129_H3,1.1496572954374729e-08,0.0,0.0,0.014530977665543761,0.003632747290529179
129_MASS,5.274910846957294e-05,1.618069177311554e-06,0.0,0.007222042206217758,0.0018191023459661606
130_H2,1.7222491872388467e-05,0.0,0.0,0.002648616528631174,0.0006664597551258906
130_NCI,1.7073031879472617e-05,0.0,1.8345564178523426e-05,0.04059499366577957,0.010157603065459393
130_MASS,4.770287584854574e-05,0.0,0.0,0.014404661155725359,0.003613091007893476
131_H2,1.2601561961935345e-06,5.19525128765963e-05,0.0,0.038779656307794855,0.00970821724421691
131_H3,5.314245698938994e-07,0.0,0.0,0.1281221146558046,0.03203066152009362
131_NCI,3.630091230087171e-06,0.0,0.0,0.09963699727477454,0.024910156841501156
131_MASS,1.6625243385071002e-05,0.0,0.0,0.027825194692018107,0.006960454983850795
132_H2,0.0020013494257263716,1.595405046828091e-05,0.0,0.10426845299657561,0.026571439118192566
132_H3,2.8522330448380053e-06,0.0,0.0,0.11080062103983625,0.027700868318220273
134_H2,2.4027817246708466e-06,5.997365519760933e-07,0.0,0.08777335379397669,0.021944089078063334
134_NCI,1.0755735572851283e-06,7.708878229095717e-07,0.0,0.009787458724216469,0.0024473262963991657
134_MASS,2.5234960638300964e-06,2.120787939929869e-06,0.0,0.01579227270364611,0.003949229246912467
135_H2,6.087036965876929e-06,1.8337559595238417e-06,0.0,0.039543024866322225,0.009887736414811906
135_NCI,2.292568386595138e-05,0.0,0.0,0.027671864683512223,0.006923697591844543
135_MASS,2.559109673648149e-06,1.544004362585838e-06,0.0,0.011143107204260694,0.002786802579574232
136_H2,6.85242951519599e-05,5.979983143333811e-06,0.0,0.03691821392513768,0.009248179550858243
136_H3,1.1591352312955976e-06,0.0,0.0,0.12842202795203242,0.03210579677181593
136_NCI,9.069532698832479e-05,7.502665994252311e-06,0.0,0.14619598547589688,0.036573545867219864
136_MASS,9.22037078653927e-05,8.211101203414728e-07,0.0,0.055547149526019614,0.013910043586001336
137_H2,0.00017609227045836396,1.7384317061441834e-06,0.0,0.023782422947433764,0.005990063412399568
137_H3,2.5141005114708065e-08,0.0,0.0,0.14051463033907605,0.03512866387002029
137_NCI,9.941025103640646e-06,2.0489961727321315e-08,0.0,0.00986548147678714,0.002468860747963127
137_MASS,7.622423019961438e-07,0.0,0.0,0.0015738376957230911,0.00039364998450627185
138_H2,4.44617729213034e-06,2.26115798795945e-06,0.0,0.03138913782658252,0.007848961290465653
138_H3,0.0,0.0,0.0,0.006029428369567754,0.0015073570923919385
138_NCI,2.540133647179131e-05,0.0,0.0,0.076027291580242,0.01901317322917845
138_MASS,1.5663656332989038e-05,0.0,0.0,0.022515166502396846,0.005632707539682459
139_H2,1.0748242144802095e-06,6.128937457106076e-06,0.0,0.009314610560547953,0.0023304535805548847
139_H3,4.118308922438795e-07,0.0,0.0,0.17256117803674187,0.04314039746690853
139_NCI,3.480352489271852e-06,0.0,0.0,0.0942657879852144,0.02356731708442592
139_MASS,1.1241370678907568e-06,0.0,0.0,0.004360464991103028,0.0010903972820427298
140_H3,2.0212337664037155e-06,3.0900055207894184e-06,0.0,0.21550760853481243,0.05387817994352491
140_NCI,5.253263208030661e-06,2.566378952906234e-06,0.0,0.05073541687376541,0.012685809128981587
140_MASS,9.834767513048206e-06,1.434706007330533e-07,0.0,0.055496087454585466,0.013876516423174811
141_NCI,3.8041018285855005e-06,0.0,0.0,0.15358419958995084,0.03839700092294486
141_MASS,2.1728445337708407e-05,0.0,0.0,0.011132012785515673,0.0027884353077133454
142_H2,3.1250721170694865e-05,2.5029183348124207e-07,3.815287843651138e-06,0.01765867961077705,0.004423498977906219
142_NCI,0.0015967451764489484,1.2900039791929885e-06,0.0,0.00011745322127468305,0.0004288721004257061
142_MASS,3.145462604253131e-05,4.6812096115900204e-05,0.0,2.8147736657791147e-05,2.6603614704055665e-05
143_H2,3.4178992156646625e-05,2.152974411728792e-05,0.0,0.13061075981599485,0.0326666171380672
143_H3,3.1395610270265156e-07,0.0,0.0,0.03666758696918998,0.009166975231323172
143_NCI,3.387117175326254e-05,0.0,0.0,0.08105766444874096,0.020272883905123558
144_NCI,0.0003608174978433363,0.0018333470216020942,0.0,0.1755772502446799,0.044442853691031334
144_MASS,3.130274517197225e-05,6.486802135441394e-07,0.0,0.01245428020467515,0.0031215579075151664
145_H2,1.2689957196471884e-05,0.0,0.0,0.04348378649518133,0.01087411911309445
145_NCI,3.662305337156599e-05,2.9056113817205187e-06,8.918848080341955e-05,0.017282449548737266,0.004352791673573493
145_MASS,2.764269092657741e-05,0.0,0.0,0.04382622455174776,0.010963466810668584
146_H2,0.00021113555241627062,0.00019183913536835462,0.0,0.10183382489462697,0.0255591998956029
146_H3,0.00016122390944642634,4.1658802274469053e-07,0.0012721085242022956,0.11819041436792956,0.029906040847400256
146_NCI,0.00030846059060775084,1.2894039173261262e-05,0.0,0.06535219578516034,0.01641838760373534
146_MASS,0.0008293051598429791,1.0056725159302005e-06,0.0,0.10908998739521879,0.027480074556894423
147_H3,1.9414206276104103e-07,0.0,0.0,0.10093810093618477,0.025234573769561883
147_NCI,3.679246120860181e-05,0.0,0.0,0.15816952896332304,0.03955158035613291
147_MASS,1.403838459245568e-05,0.0,8.536202935706475e-05,0.06428845802085363,0.01609696460870079
148_H2,0.009907410254882676,0.00016047889948822558,0.0,0.06139262772230608,0.017865129219169246
148_H3,5.317161863018246e-05,0.0,0.0,0.024862023520687997,0.006228798784829545
148_NCI,0.0005650118000669812,6.733105237799464e-06,0.0,0.06535243793075896,0.016481045709015932
149_H2,8.066923424593874e-05,0.0001006146558211185,4.585780040375455e-06,0.0808866836864897,0.020268138339149283
149_H3,1.259889783519295e-05,0.0,0.0,0.1024853068478656,0.025624476436425198
149_MASS,0.00010324465269913141,1.1279515774731408e-06,0.0,0.05867688456841801,0.014695314293173655
150_H2,0.00030271330005399025,7.537798956036568e-05,0.0,0.11375776149353337,0.02853396319578693
150_H3,4.522815138046479e-05,2.0438969841052312e-06,0.0,0.1758661811811425,0.04397836330737677
150_NCI,0.00026577223104989184,1.1003035069734324e-05,0.0,0.13336653613048258,0.03341082784915055
150_MASS,6.174668588890457e-05,6.42688428342808e-06,0.0,0.0755107525183811,0.01889473152213836
151_H2,8.148282146277979e-06,0.0,0.0,0.07901778160678728,0.01975648247223339
151_H3,8.9921644891757e-05,0.0,0.0,0.1697575462706375,0.04246186697888231
151_NCI,6.259152128008897e-05,9.716942258819472e-06,0.0,0.17916919576013046,0.04481037605591734
151_MASS,5.066114067302891e-06,0.0,0.0,0.15260061382561824,0.038151419984921386
152_H2,0.00021423981845475953,3.2605132673779735e-06,0.0,0.016120733740773215,0.004084558518123838
152_NCI,0.00027184710039913505,2.309301089553628e-05,0.00020197059576020863,0.007240743923932287,0.0019344136577467916
153_H2,0.0002284613972280754,4.589629952533869e-06,0.0,0.03151445702285028,0.007936877012507722
153_H3,4.598659944895699e-05,0.0,0.0,0.16969082643878575,0.04243420325955868
153_NCI,0.00028957142112945176,0.0002470666076987982,0.0004470167601131373,0.016058004874279923,0.004260414915805328
153_MASS,0.00019188689460199367,1.3752889572060667e-05,0.0,0.15685696341580763,0.03926565079999542
154_H2,0.00016902989593000058,3.327716694911942e-05,0.0,0.017158667817721646,0.004340243720150192
154_NCI,0.0001118230847786249,0.00012829310435336083,0.0,0.13748709573113455,0.03443180298006663
154_MASS,0.0002995736656431455,8.82344029378146e-05,0.0,0.20392547278177486,0.05107832021258896
155_H2,6.190210095565172e-05,9.838317964749876e-07,0.00030311269306664023,0.00804975488425512,0.002103938377518472
155_H3,9.641690708170106e-06,0.0,0.0,0.1357234405448272,0.033933270558883843
155_NCI,7.060168969071659e-05,0.0,3.5769358618058794e-06,0.21812751241464567,0.05455042276004955
155_MASS,9.038633510903018e-05,0.0,0.0,0.01583017686597941,0.00398014080027211
156_H2,4.4815606449214025e-05,1.6013553249649704e-05,0.0,0.1334432390648853,0.03337601705614605
156_NCI,0.0013596487496710305,0.0023130811750888824,0.0,0.2136202860142703,0.054323253984757555
156_MASS,7.172327715567367e-05,0.0,0.0,0.024820849494323307,0.006223143192869745
157_H2,0.00013498399088020634,2.293211036885623e-05,0.00015560136911421343,0.06796406334478675,0.017069395203787505
157_H3,1.3907929670408985e-05,3.6192846891935915e-05,0.0,0.08116047320787574,0.02030264349610952
157_NCI,0.00020637699649309714,7.743517926428467e-06,0.0,0.10639025233374719,0.026651093212041677
157_MASS,0.00043851160717491374,6.382411356753437e-06,0.00036899090338330027,0.10650430244625961,0.026829546842043642
158_H2,0.00013321782710419553,1.195151071442524e-05,0.0,0.12608029713307803,0.03155636661772416
158_H3,6.855641848396516e-06,3.8203666008485015e-06,0.0,0.0907431474362531,0.022688455861175585
158_NCI,0.0002616978262948212,1.8747328795143403e-05,0.0,0.015049683972259037,0.00383253228183725
158_MASS,4.6141561111234195e-05,9.237995072908234e-06,0.0,0.08882849026856907,0.022220967456188304
159_H2,0.0006485882881081537,0.00017631849914323539,0.0,0.08676442434055645,0.02189733278195196
159_NCI,1.1882292517134129e-05,8.42355689201213e-07,5.89728276823809e-06,0.2560106003995345,0.06400730558262727
159_MASS,6.676356020268448e-05,1.3138652548150276e-06,0.0,0.018546955297213348,0.004653758180667712
160_NCI,5.496588994581951e-06,6.343755671878171e-07,0.0,0.0371969486188487,0.009300769895852618
161_H2,0.0002094584021048939,2.1267516785883345e-05,0.0,0.03271511676154416,0.008236460670108733
161_H3,2.012016789396837e-05,3.364459644217277e-07,0.0,0.09376744184635552,0.02344697461505348
161_NCI,0.0002614992438114783,1.464480646973243e-05,9.514508572182394e-05,0.12473184674695251,0.03127578397073889
161_MASS,0.0010078885998390935,0.0002149913489120081,0.000817183389896287,0.14261596004391144,0.03616400584563971
162_H2,0.00032758917508099444,3.080064061578014e-06,0.0,0.1268545842850505,0.03179631338104827
162_H3,0.0002571394711346009,0.0,0.0,0.3036532723767535,0.07597760296197202
162_MASS,1.911212593195734e-05,5.950554395894869e-07,0.0,0.11087931264650604,0.027724754956969397
163_H2,0.0005239288958097054,7.694057421758771e-05,0.0005477386788196914,0.13502631327883027,0.034043730356919315
163_H3,0.0001851828367482794,0.0,0.00043059897664851263,0.3316868919937993,0.08307566845179902
163_NCI,0.00021070162363883284,3.4737309761112556e-05,0.0,0.16972027371849302,0.042491428162973244
163_MASS,0.00011751291188723442,0.0,8.523760113231422e-06,0.010221186956645008,0.0025868059071613683
164_H2,0.00016265166714317484,6.130197107268032e-06,0.0,0.03927526275815948,0.00986101115560248
164_H3,0.00028001584062954877,2.6388588025838544e-07,8.555853903732035e-05,0.34367614695185883,0.0860104963043515
164_MASS,0.0003934535869285534,2.718999667195021e-06,0.000196613379219392,0.06494610922536302,0.01638472379779454
165_H2,0.0001203048398828011,5.095668529975228e-05,0.0,0.27547362779363005,0.06891122232970315
165_H3,2.0125303011078212e-05,7.578690201626159e-06,0.0,0.029476049501662018,0.00737593837371868
165_NCI,0.0001390704069868248,4.492508014664054e-05,0.0,0.1004338703892999,0.025154466469108343
165_MASS,0.00014124380933386755,1.4366357845574385e-06,0.0,0.07055323077168621,0.017673977804201157
166_H2,0.007625016819623368,0.0,0.0,0.07491035402284563,0.02063384271061725
166_H3,1.0636873454352557e-05,0.0,0.0,0.023041583621000564,0.005763055123613729
166_NCI,6.010037210880923e-05,0.0,0.0,0.10432010347506264,0.026095050961792862
166_MASS,0.006459400374046604,0.0,0.0,0.03775537776115954,0.011053694533801535
167_H2,9.201129160010055e-05,9.528152986604255e-07,0.0,0.004621149998087864,0.0011785285262466561
167_H3,8.082587090830977e-05,0.0,0.0,0.27431296791338844,0.06859844844607418
167_NCI,0.00010173801234629602,0.0,0.0,0.07034548539105012,0.017611805850849104
167_MASS,5.2020106223169875e-05,0.0,0.0,0.18999219889164143,0.04751105474946615
168_H2,0.0001960487400773634,3.6591416119335918e-06,6.853206720945302e-07,0.12892553849204733,0.03228148292360218
168_H3,1.2209638353719026e-05,0.0,0.0,0.11917098179815874,0.029795797859128115
168_NCI,0.00018839020646731544,1.1023169008694822e-06,7.514329555451909e-05,0.03794037920626889,0.009551253756297898
168_MASS,0.0006250300771631245,8.300468834931962e-06,0.0,0.08785568622195278,0.022122254191987708
169_H2,0.00022714686103546651,8.24252936126868e-07,0.0,0.05120053557176066,0.012857126671433064
169_H3,9.11648250951009e-06,9.135016625805292e-06,0.0,0.010507894500030212,0.0026315364997913817
169_NCI,4.3153758938428804e-05,0.0,0.00029222750173196326,0.15924531438438502,0.039895173911263855
169_MASS,0.00015067658838049434,0.0,0.0,0.1493241943732252,0.03736871774040142
170_H2,0.0,0.0,0.0,0.03471365734924875,0.008678414337312187
170_NCI,0.0,2.1924479653989692e-07,0.0,0.043373786342015455,0.010843501396702999
171_H2,0.00038452538968894407,7.211300726339687e-06,5.737527503792249e-05,0.10878292848843267,0.02730801011347147
171_H3,7.522522499589134e-07,5.460057650452654e-07,0.0,0.028563109545192842,0.007141101950801962
171_NCI,4.169159968120643e-05,6.186472774061258e-07,0.0,0.0038079449639592602,0.0009625638027294682
171_MASS,0.0002517565201145506,7.89814002928324e-05,0.0006619301938338286,0.10285434703369697,0.025961753786984548
172_H2,0.00021570996146925053,0.0002648667141329497,0.00013685010292303903,0.35836188538268027,0.08974482804030137
172_H3,2.3741946941079583e-06,0.0,0.0,0.02458746273276449,0.006147459231864649
172_NCI,0.00043367159188926433,2.1122480120538967e-06,0.0,0.03127480128744382,0.007927646281836283
172_MASS,0.00024030202458807156,7.013011781964451e-06,0.0,0.17161868536314195,0.042966500099878
173_H2,1.9126924397632587e-05,0.0,0.0,0.1483732333807933,0.03709809007629773
173_H3,0.005722030609650979,0.027019428089261055,0.0,0.04077276936929846,0.018378557017052623
173_NCI,0.00027687874330448316,0.0,0.0,0.004632434437701687,0.0012273282952515426
173_MASS,2.8164345566106157e-06,0.0,0.0,0.04920050888085847,0.01230083132885377
175_H2,0.0007867580708850423,0.00012052799866069108,0.00037140974678933025,0.012296306688597715,0.0033937506262331947
175_H3,0.00040231588836203556,0.0,0.00040427217515259025,0.3208286235720127,0.08040880290888183
175_MASS,0.0008266920729034524,2.821026646415703e-05,4.470209834033558e-05,0.10970674090200609,0.02765158633492851
177_H2,0.00041425668996473145,6.233400199562311e-05,0.0,0.11393159080476628,0.028602045374181657
177_H3,0.0005887403857126037,9.669661085354164e-05,5.559021343068848e-06,0.17196586183616935,0.04316421446351964
177_NCI,0.000480571044273383,0.0,0.00011460370771752799,0.07398155117132098,0.01864418148082797
177_MASS,0.000485270311078578,3.3061114663723856e-05,0.0,0.04788813027853335,0.012101615426068912
178_H2,0.00015587982689101892,5.4296986490953714e-05,0.0,0.14623993372868924,0.036612527635517804
178_H3,1.2296403436482983e-07,0.0,0.0,0.045088886733846874,0.01127225242447031
178_NCI,0.00012650148668244475,1.7797468672142713e-06,0.0,0.017885638896604942,0.00450348003253865
178_MASS,0.00016342380738800687,0.0007556042401120067,0.0006052372509061484,0.1153575570869561,0.029220455596340563
179_H2,2.7623166922874474e-07,0.0,0.0,0.019363970747009757,0.004841061744669747
180_H2,0.0004904287788981389,0.00018393431673757732,0.00022607891114682097,0.15179492262454602,0.03817384115783214
180_H3,0.0011663998961570202,0.000881296000443399,0.0,0.5165567259091942,0.12965110545144864
180_NCI,0.005857712099907586,5.373428939492442e-05,0.005351478048535096,0.48541652660291684,0.12416986276018861
180_MASS,0.0005625495242775971,7.107451892807148e-06,0.001042759658287243,0.33069608090076036,0.0830771243838045
181_H2,0.0,0.0,0.0,0.004784771650443321,0.0011961929126108302
181_H3,3.924745409131026e-07,0.0,0.0,0.0073257687201027715,0.001831540298660921
181_NCI,0.0,0.0,0.0,0.008981237518473892,0.002245309379618473
181_MASS,2.626080682034717e-09,0.0,0.0,0.0007950909674403098,0.00019877339838024794
182_H2,0.00019652034274330666,6.80719967931509e-05,0.0,0.0299423451998943,0.00755173438485769
182_H3,8.314425793805047e-06,0.0,0.0,0.010831908022937396,0.0027100556121828004
182_NCI,3.307237630223272e-05,3.055670822504908e-05,0.0,0.026862524081699122,0.0067315382915566005
182_MASS,0.00010219427076293398,0.0,0.0,0.01399619115651814,0.0035245963568202687
183_H2,4.299273469510453e-05,3.008092562595266e-06,0.0,0.3822102711399049,0.09556406799179065
183_H3,5.477533122152646e-05,0.0,0.0,0.12251689577245863,0.03064291777592004
183_NCI,0.08722972500386067,0.0504150390625,0.03473920121183203,0.2214138039823696,0.09844944231514058
183_MASS,0.001166019709417402,9.929212865245063e-06,0.0,0.11246158879312132,0.028409384428850992
184_H2,9.757378446469995e-06,4.589073341776384e-06,0.0,0.02144584865822339,0.005365048777502909
184_H3,1.0934600598502668e-05,0.0,0.0,0.014726997119140712,0.0036844829299348034
184_NCI,7.900800439537496e-05,3.2236278002528707e-07,0.0,0.000502729660277366,0.00014551500686319158
184_MASS,4.466022587982063e-05,4.749401796289021e-06,0.0,0.013067847244013966,0.0032793142179225188
185_H2,0.00022994861013822282,2.0964684154023416e-05,1.358299229606398e-05,0.3115920065480834,0.07796412570866793
185_H3,4.886309343723499e-05,8.699592399352696e-06,0.0,0.03339258192714953,0.008362536153246529
185_NCI,0.0050716927116935635,3.9585142985743005e-06,3.549416563197079e-05,0.011044375668002614,0.004038880264906681
185_MASS,0.0001418275858910941,2.5911074317264138e-06,0.0,0.09833398103300518,0.024619599931582
187_H3,9.18261071860553e-06,4.6759828364884015e-06,0.0,0.02857256542591977,0.0071466060048687155
187_NCI,0.00011356613271509249,1.277382398257032e-05,0.0,0.16775009713953076,0.04196910927405711
187_MASS,0.00015735257354367843,6.063708042347571e-06,0.0,0.010067077813279385,0.002557623523716353
188_H2,0.00023207799709122013,0.0009316040086559951,0.0,0.1825093318669097,0.04591825346816423
188_H3,7.194715121194534e-05,0.0,0.0,0.18097652393305907,0.045262117771067756
188_NCI,1.0364090742485167e-06,2.2912272470421158e-06,0.0,0.08419366819243894,0.021049248957190056
188_MASS,1.2299542883861463e-05,0.0,0.0,0.05021197255911873,0.012556068025500649
189_NCI,4.653359069916638e-06,1.514258656243328e-06,0.0,0.01181503988870173,0.0029553018766069724
190_H2,3.845920510005649e-06,7.501158165723609e-07,0.0,0.07925330758469326,0.01981447590525496
190_H3,1.7459896032324786e-07,0.0,0.0,0.015317715596473765,0.003829472548858522
190_NCI,5.120165050274667e-05,0.0,0.0,0.015437217108353503,0.0038721046897140622
190_MASS,1.4254718116712663e-05,0.0,0.0,0.04559766056430913,0.01140297882060646
191_H2,4.68218451222109e-05,0.0,0.0,0.04118841239763033,0.010308808560688136
191_H3,1.059208842923954e-05,0.0,0.0,0.039718041763585524,0.009932158463003691
191_NCI,4.406813841198875e-05,1.8677304751690826e-06,0.0,0.02438729232680564,0.006108307048923199
191_MASS,9.510826064679368e-06,0.0,0.0,0.0026453507859691776,0.0006637154030084642
192_H2,1.1758598213651224e-05,3.5269404179416597e-06,0.0,0.22337018770917189,0.05584636831195087
192_H3,4.682275694237801e-05,2.627085677886498e-07,0.0,0.014855205148630125,0.003725572653535073
192_NCI,0.00010631807024981143,0.0,0.0,0.033178764231266034,0.008321270575378962
192_MASS,0.00015628434892282672,0.0007169979508034885,0.0008879868445617754,0.07909305375292257,0.020213580724302665
193_H2,3.82878579574228e-05,1.2078601685061585e-05,0.0,0.04021536253246015,0.01006643224802566
193_H3,1.096390814416004e-05,4.436107587935112e-07,5.312847373865599e-05,0.12220287884071841,0.030566853708340006
193_NCI,0.0001314903720306592,7.0275132202368695e-06,6.391770274185866e-07,0.040840595461163136,0.010244938130860363
193_MASS,7.032256662979224e-05,1.1163636372657493e-05,0.0,0.08271873148747702,0.02070005442261987
194_H3,0.0001804679208693481,7.718558663327713e-06,0.0,0.09402928973729699,0.023554369054207415
194_NCI,0.00014789263005337997,5.536786557058804e-05,0.0,0.06186053960770859,0.01551595002583314
194_MASS,5.885675332832841e-05,4.805653588846326e-06,0.0,0.07758813079217736,0.019412948299773632
195_H2,4.204328479459404e-05,4.2872870835708454e-06,0.0,0.07445625573872965,0.018625646577651953
195_H3,1.448863705796847e-05,0.0,0.0,0.07153187712869866,0.017886591441439156
195_NCI,0.002692586908611759,4.1918679016816895e-07,0.0,0.025985047191972043,0.007169513321843493
196_H2,0.00014282730152923706,0.0001174293938674964,0.0,0.022514427759588347,0.00569367111374627
196_H3,2.7550597596279406e-06,0.0,0.0,0.0369250695672985,0.009231956156764531
196_NCI,4.746961060962252e-05,3.727989678736776e-05,0.0,0.01836840260823479,0.004613288028907946
196_MASS,6.560199337317487e-05,0.0,0.0,0.13716875450868934,0.03430858912551563
197_H2,9.597326391446783e-05,1.3999364455230534e-05,0.0,0.03376235938959034,0.008468083004490009
197_H3,0.00022477869971086994,2.2408077711588703e-05,0.0,0.10470811420393358,0.02623882524533901
197_NCI,0.00016277736175553795,2.4360720090044197e-06,0.0,0.0016810191340317266,0.00046155814194906723
197_MASS,0.00021184343618079068,2.500253515336226e-07,0.0,0.22637290202308358,0.05664624887115398
198_H2,0.00013220019354710278,0.00010308536002412438,0.00010768174446387004,0.18095142818113338,0.04532359886979212
198_H3,0.017133654737814828,8.251542749349028e-05,0.006848245090128472,0.06029847979482681,0.021090723762565898
198_NCI,0.003130190438994161,5.002823968425218e-07,0.0,0.13498020308173092,0.03452772345078048
198_MASS,0.00013305785458268512,0.0005243259365670383,0.0,0.12953911064170898,0.03254912360821467
199_H3,3.1089683404680845e-06,0.0,0.0,0.022812867469563597,0.005703994109476016
199_NCI,0.00010189757590282214,0.0002897903323173523,0.0,0.28692495669533064,0.07182916115088771
199_MASS,2.4055682986126526e-05,0.0,0.0,0.18054243105310028,0.0451416216840216
200_H2,2.0243301260812675e-05,2.189505039495998e-06,4.1696079771689605e-06,0.2565477506559256,0.06414358826755077
200_NCI,2.9941932212343424e-05,2.7453543225419708e-06,0.0,0.03551482843080374,0.008886878929334655
200_MASS,5.3263772967067206e-05,8.440420629085565e-08,0.0,0.07782400207467356,0.01946933756296173
201_H2,2.4925170838618066e-05,2.7350009986548685e-05,4.6183845903742284e-05,0.05360918271919548,0.013426910436481096
201_H3,5.184674315577592e-05,0.0,0.0,0.08922809547640995,0.022319985554891432
201_NCI,0.0015070462009674373,0.0008178087882697582,0.0009328152948345431,0.03131182193587971,0.008642373054987862
201_MASS,0.00012894003846335194,0.0,0.0,0.030535288388904173,0.007666057106841881
202_H3,5.409472133471291e-05,7.895025191828609e-06,0.0,0.15241247393889976,0.038118615921356576
202_MASS,0.0001342322423596798,0.0,0.0,0.046424369570621245,0.011639650453245231
203_H2,6.492501920230009e-05,7.546217602794059e-06,0.0,0.039294323608236585,0.00984169871126042
203_H3,2.7010306821536805e-07,0.0,0.0,0.016444406731651276,0.0041111692086798724
203_NCI,0.0003433434961574963,2.6347577204433037e-06,0.0,0.19817821274018838,0.04963104774851658
203_MASS,5.494880614685652e-05,5.708732714992948e-06,1.0274214462843752e-05,0.02508984965982463,0.006290195353287331
204_H2,0.00012972531864949546,2.124741513398476e-06,3.3658478439086584e-06,0.2509738585324337,0.06277726861011013
204_H3,1.5486808992441288e-05,2.1130081222509034e-06,0.0,0.14817894385575098,0.037049135918216416
204_NCI,7.159018443774394e-05,4.199960585538065e-06,0.0010246095165316993,0.12455808872048205,0.031414622095509256
204_MASS,0.00021006663454666916,0.00012066481576766819,0.0,0.11215371632307622,0.02812111194334764
205_H2,0.00014607322676516273,1.632198654988315e-05,0.0006751154035670321,0.2565551712731872,0.06434817047251733
205_H3,3.362254035571538e-05,0.0,0.0,0.013458626665793573,0.003373062301537322
205_NCI,0.0001824728575148703,5.0421572268533055e-06,0.0,0.24583201080342496,0.06150488145454167
205_MASS,9.501614789038534e-05,0.0,0.0,0.030593889807099466,0.0076722264887474625
206_H2,0.0008500739040360191,8.803379023447633e-05,0.0003249058535958155,0.34767690375342913,0.08723497932532386
206_H3,0.0,0.0,0.0,0.09625175584015776,0.02406293896003944
206_NCI,0.0005795310578176278,8.608298230683431e-06,0.00032185815700530747,0.409101421603102,0.1025028547790389
206_MASS,0.0003076178372054744,1.7427440752726397e-06,0.0038874390195918406,0.031282940587707385,0.008869935047144993
207_H2,0.1150063317954909,0.05178137868642807,0.15525163969220293,0.6089985306325775,0.23275947020167484
207_H3,8.971407564412755e-06,0.0,0.0,0.0034192284975262197,0.0008570499762726581
207_NCI,0.009073813483178352,1.2364725989755243e-05,0.0009534165990156186,0.49733998668844964,0.12684489537415833
207_MASS,0.00914839077200496,0.0,0.013588532338455384,0.36726118110118655,0.09749952605291172
208_H2,8.85084093999769e-05,4.784405973623507e-06,0.0,0.056942868563075816,0.014259040344612355
208_NCI,0.0001928502763014074,1.7366530300932936e-05,0.0,0.05624884506452638,0.01411476546778218
208_MASS,9.049833362529479e-05,2.1645103061018744e-06,0.0,0.021314065669159412,0.005351682128272702
209_H2,0.0014119297888085369,0.000267521885689348,2.2703314630064404e-06,0.1236859610144478,0.03134192075510217
209_H3,3.0265981606942047e-05,0.0,0.0,0.20762706972611183,0.05191433392692969
209_NCI,3.9669485649578775e-05,4.33661853094236e-06,0.0,0.37398112077791895,0.09350628172052487
209_MASS,0.007182294556014897,0.0021319077350199223,0.006067352264485123,0.1052054757363427,0.03014675757296566
210_H2,0.00022633962308036558,4.76423156214878e-06,0.0,0.0037290640457885217,0.000990041975107759
210_H3,0.00016939137666259542,0.0,0.0,0.08575533713902737,0.021481182128922492
210_NCI,0.003037864966374539,0.0015690538566559553,0.004364338057506019,0.3024447634295287,0.0778540050775163
210_MASS,0.00041226865202637905,0.0,0.0028666991116409963,0.03772031214386701,0.010249819976883595
211_H2,4.101073099177054e-05,0.0,0.0,0.04812581803215,0.012041707190785442
211_NCI,9.141592240045067e-06,0.0,0.0,0.005315149081711838,0.0013310726684879707
211_MASS,3.100788382111531e-05,0.0,3.392096369168199e-06,0.05194203552641287,0.012994108876650787
212_H2,0.0024446108206718,1.7557254977873527e-05,0.0011166798793293732,0.21177857477145728,0.05383935568160908
212_H3,1.2661505250840152e-05,2.3182443328551017e-05,0.0,0.04268463461212102,0.010680119640175102
212_MASS,0.00014142621879034104,0.0003588101244531572,0.0,0.037120367165600944,0.00940515087721111
213_H2,0.00011735233788110796,1.1350783097441308e-05,0.0,0.029969262332572386,0.007524491363387734
213_H3,2.941978359656745e-05,0.00016736306133680046,0.0,0.23266570606034154,0.05821562222631873
213_NCI,0.00012543275381948047,2.7611804398475215e-06,3.959337585287392e-05,0.00433371244910029,0.0011253749398031229
213_MASS,0.0003527130416265739,8.206608981708996e-06,0.0,0.030743547069835845,0.007776116680111032
214_NCI,3.910336792988487e-06,6.99388692737557e-07,6.396073808515402e-05,0.4407736775855688,0.11021056201228492
214_MASS,3.110330889278546e-05,1.4695775689688162e-06,0.0,0.017461878845337293,0.0043736129329497615
215_H3,5.196831625800943e-06,0.0,0.0,0.014371038152469592,0.003594058746023848
215_NCI,3.0895843063992954e-05,3.216256800442352e-06,0.0,0.08790688049882477,0.0219852481496723
215_MASS,0.0006653705700646533,4.104222171008587e-06,0.0008118192534621062,0.015220163565881654,0.0041753644028948555
216_H2,0.000330696939821953,9.144750038103666e-06,0.0,0.13191075058887056,0.033062648069682656
216_H3,3.780330090521556e-05,6.6375796450302005e-06,0.00020011341568710217,0.3195359608185986,0.07994512877870898
216_NCI,0.000499220274547408,2.226956348749809e-05,0.0009987014609765703,0.04561625776017019,0.011784112264795418
216_MASS,0.0009525639580323986,0.00024181079061236233,0.0020565443141720876,0.13865706535005115,0.035476996103217
217_NCI,0.0002140731476657283,9.586301894159988e-05,0.00021858842459006978,0.10430523311675806,0.026208439426988864
217_MASS,4.637863833894909e-05,7.386434845102485e-06,0.0,0.09890854096512983,0.02474057650957847
218_H2,1.1285761491824152e-06,5.455610789795173e-07,0.0,0.04385975112221422,0.010965356314860595
218_H3,1.724225662139992e-08,0.0,0.0,0.011486713060863804,0.0028716825757801063
218_NCI,0.004451846568966179,0.016700077801942825,0.01281520376332206,0.16654100452728718,0.05012703316537956
219_H2,0.00025013816853821323,1.959144128704793e-06,0.0,0.02577601921722788,0.006507029132473699
219_NCI,0.0004227873982448892,1.7867080259748036e-06,0.0,0.06364971248342179,0.016018571647423163
219_MASS,0.00010180883250624921,1.0959419114442426e-06,0.0,0.055941489609717426,0.01401109859603378
220_H2,7.602252746124204e-05,1.025666824716609e-05,0.0,0.10851112913091146,0.027149352081654966
220_NCI,0.00017293045317386853,0.0002630088129080832,0.0,0.14296721445157315,0.03585078842941378
220_MASS,9.409726643210757e-06,0.0,0.0,0.01034445915624988,0.0025884672207232727
221_H2,5.4392291302112224e-05,0.0,0.0,0.016765536089337528,0.00420498209515991
221_H3,3.594962592916532e-06,0.0,0.0,0.0860807402038448,0.02152108379160943
221_NCI,0.00014942100380068224,0.000314432691084221,0.0,0.026607761764372597,0.006767903864814375
223_H2,0.000596083167678411,0.0006752681802026927,0.012169969664554608,0.29178608816694357,0.07630685229484482
223_H3,2.6836218635307526e-05,0.0,0.0,0.09504065721183007,0.023766873357616344
223_NCI,0.00032521681650168075,0.00011774445010814816,0.0005266744291204864,0.08540952494663315,0.021594790160590866
223_MASS,0.00021106299689408484,0.0006041618762537837,0.00010119344945048027,0.08436111086125117,0.02131938229596238
224_H2,6.61520867430333e-05,5.950396371190436e-07,0.0,0.1028170171145455,0.02572094106023141
224_H3,9.499866462417813e-06,0.0,0.0,0.08413602419086842,0.02103638101433271
224_NCI,1.4331540712474853e-05,1.5609887213940965e-06,0.0,0.01904566194526199,0.004765388618673964
225_H2,0.0,0.0,0.0,0.036306824621998975,0.009076706155499744
225_MASS,2.596673290128707e-07,0.0,0.0,0.010920545054449397,0.002730201180444602
226_H2,7.373575860689042e-05,1.081392474588938e-05,0.0,0.02917238616004041,0.0073142339608482975
226_H3,1.7654256081032507e-07,0.0,0.0,0.0610682033473675,0.015267094972482078
226_NCI,7.890206448808334e-05,0.0,0.0,0.042896865196635194,0.010743941815280818
227_H2,0.026060870964674097,9.699336806079373e-05,0.0,0.07039016043083524,0.024137006190892533
227_H3,0.00011631937091049334,0.0,0.0,0.1191565263682229,0.029818211434783345
227_NCI,0.00017447087381320197,1.1292746421531774e-05,0.00016994059054150154,0.07628285483913057,0.019159639762476702
227_MASS,0.0003523553390507099,9.263067113352008e-06,0.000341840278226356,0.09322054400812678,0.0234810006731293
228_H3,1.3606720644389753e-05,1.3411181498668157e-06,0.0,0.11494653620644915,0.028740371011310852
228_MASS,2.0227731462247456e-05,0.0,0.0,0.005951725664093477,0.0014929883488889312
229_H2,4.066499893285886e-06,7.908447514637373e-06,0.0,0.009768118327351975,0.0024450233186899743
229_NCI,8.435083699840204e-06,0.0,0.0,0.04325324867129453,0.010815420938748592
229_MASS,2.615096999503837e-07,0.0,0.0,0.010604035243160616,0.0026510741882151416
230_H3,9.575070552319738e-07,0.0,0.0,0.09537966428027399,0.023845155446832304
230_NCI,0.00016553006023482944,1.0358981853642035e-05,9.735397792819893e-06,0.02780033707752319,0.00699649037935112
230_MASS,7.704911249237552e-05,2.7468008738651406e-06,0.0,0.144202183132179,0.03607049476138631
231_H2,7.571544230583356e-05,0.0,0.0,0.1505652524591254,0.037660241975357805
231_H3,9.973832000993676e-05,0.0,0.0,0.13724538050878654,0.034336279707199116
231_NCI,0.00020567456795590072,0.0,0.00034155739709982946,0.14834834266400923,0.03722389365726624
231_MASS,0.000440007980509745,0.0009612165158614516,0.0,0.18306936872534516,0.04611764830542909
232_H2,5.883009877873118e-07,0.0,0.0,0.1439291923427553,0.03598244516093577
232_NCI,3.716324425558332e-07,8.604771437603631e-07,0.0,0.01411035787062717,0.0035278974950533715
232_MASS,4.921209059584177e-07,7.316727419492963e-07,0.0,0.01695648306674473,0.00423942671509816
233_NCI,6.345394442747088e-05,0.0,0.0,0.03865278105271578,0.009679058749285813
234_H2,7.903341169231818e-05,5.681535526491643e-07,0.0,0.14456927215369442,0.03616221842973485
234_H3,4.512249953499338e-05,0.0,0.0,0.11993871012342038,0.02999595815573884
234_NCI,0.0027930964099722646,2.645119536737184e-07,0.0,0.1057827108417245,0.027144017940912608
234_MASS,1.4537639722794315e-05,1.4644410839537159e-07,0.0,0.14094895559587947,0.03524090991992766
235_H2,0.0018904864046195777,0.0,0.0,0.18992583245629246,0.04795407971522801
235_NCI,0.04739622667186185,0.20648644864559174,0.06721677189110632,0.16611402735516995,0.12180336864093246
236_NCI,7.570842016884684e-06,0.0,0.0,0.05876577431288351,0.014693336288725099
236_MASS,6.647024821414548e-06,0.0,0.0,0.014767275331237447,0.0036934805890147153
237_H2,4.997237676788972e-06,0.0,0.0,0.0014522583967256958,0.0003643139086006212
237_H3,1.5970772992357166e-06,0.0,0.0,0.059676815949229786,0.014919603256632255
237_NCI,0.013446514327699487,6.77747323152289e-07,0.01805005068840586,0.06946658986759098,0.025240958157754873
237_MASS,0.00043404812758305255,0.0,0.0,0.019372311792339784,0.004951589979980709
238_NCI,2.182407278049729e-05,0.0,0.0,0.0847795814533333,0.021200351381528447
238_MASS,4.3948622758428085e-05,0.0,0.0,0.00792623061766413,0.0019925448101056394
239_H2,0.0004711242107735093,0.009557276032865047,0.0,0.19089883356120588,0.050231808451211106
239_MASS,1.4476149630745145e-05,0.0,6.563976049278001e-05,0.08246354209048784,0.02063591450015284
240_H2,1.1458263909690872e-05,3.1379801157527254e-07,0.0,0.039222186566553456,0.00980848965711868
240_H3,4.584128336019533e-06,0.0,0.0,0.11588289622347438,0.0289718700879526
240_NCI,2.663880437928649e-05,4.3260428128633066e-07,0.00017127222418619411,0.02235562727630499,0.005638492727287939
240_MASS,1.0997929605076301e-05,1.5993953184079146e-07,0.0,0.03699971282087204,0.00925271767250224
241_H2,0.00029278154245244824,7.612569606862962e-05,0.0,0.12786074063163574,0.0320574119675392
241_H3,3.5991758864987215e-05,0.0,0.0,0.0362883199366997,0.009081077923891172
241_NCI,0.00010226192912826805,1.850325134000741e-05,0.0,0.20150060170159365,0.05040534172051548
241_MASS,0.0001272512051058808,5.361836429074174e-06,4.118263368056341e-06,0.08417586078855557,0.021078148023364645
242_H2,4.024061818534256e-05,1.5565856301691383e-05,5.796305586895002e-05,0.18524194035487282,0.046338927471307204
242_H3,4.1552563699151035e-05,0.0,0.0,0.015450208819259036,0.003872940345739547
242_MASS,4.3768392591326105e-05,4.841495410801144e-06,0.0001193496397797113,0.08398670944448965,0.021038667243067872
243_H2,5.1445070265448116e-05,1.4026324606675189e-05,0.0,0.06821041019887678,0.017068970398437223
243_H3,9.738602655521841e-06,0.0,0.0,0.19247795050081162,0.048121922275866785
243_MASS,5.1801329215229494e-05,2.1074780306662433e-05,0.0,0.05142057404057328,0.012873362537523792
244_H2,4.543351865976538e-06,0.0,0.0,0.12390179843379102,0.03097658544641425
244_H3,1.551843157019007e-05,0.0,0.0,0.022005050095712544,0.005505142131820683
244_NCI,2.9300628815523117e-06,9.633589797886088e-06,0.0,0.10466438238938977,0.0261692365105173
244_MASS,1.6617589542970652e-07,0.0,0.0,0.03386409146438166,0.008466064410069273
245_H2,5.171850654125957e-05,0.0,0.0,0.12418455486805215,0.03105906834364835
245_H3,3.355707086788463e-07,0.0,0.0,0.028037296744352725,0.007009408078765351
247_H3,8.18686008750724e-06,1.2064776910847286e-06,0.0,0.12580093254292854,0.03145258147017678
247_NCI,0.00032116129191817,0.00021863222355023026,5.319979914579882e-05,0.32225648402464735,0.08071236933481539
247_MASS,2.1771568675554938e-05,0.0,0.0,0.02050023282259837,0.005130501097818482
248_H2,0.0,0.0,0.0,0.204038004422584,0.051009501105646
248_H3,1.9397181024865712e-05,0.0,0.00040118933128374033,0.19539974988459446,0.04895508409922577
248_NCI,4.650251423078573e-05,0.0,0.0,0.07786032094495793,0.01947670586479718
248_MASS,4.084745729259885e-06,0.0,0.0,0.06641741551301317,0.016605375064685606
249_H3,3.165775869804001e-07,0.0,0.0,0.01459027176211179,0.0036476470849246927
249_NCI,3.7666317599293566e-05,0.0,0.0,0.06822636397839618,0.01706600757399887
249_MASS,3.5836009083354786e-06,0.0,0.0,0.03878794502495384,0.009697882156465545
250_H2,2.317137396362667e-05,0.0,0.0,0.012902821132559007,0.0032314981266306584
250_MASS,1.0580712381086516e-06,0.0,0.0,0.006455335462681205,0.0016140983834798284
251_H2,2.3303441162662025e-05,0.0,0.0,0.1448027208118486,0.03620650606325282
251_NCI,1.9449516115719284e-05,2.2166095732245594e-06,0.000122219073031852,0.0642094605479643,0.016088336436671274
251_MASS,9.08159946207065e-06,3.069916056119837e-05,2.8028783493906656e-06,0.03426541539369276,0.008576999758016355
252_H2,2.8958753185032236e-05,0.0,0.0,0.03212712606422553,0.00803902120435264
252_NCI,7.980907708229303e-05,0.0009540262981317937,0.0,0.0002504832542314965,0.0003210796573613958
252_MASS,1.312088977026309e-05,0.0,0.0,0.01644725288019759,0.004115093442491963
253_H2,4.949978950851605e-06,2.912632771767676e-05,0.0,0.0868258269319816,0.021714975809662532
253_NCI,1.517598583761421e-06,0.0,0.0,0.08685948800560343,0.021715251401046798
254_H2,1.9449494412933655e-05,2.513945673854323e-07,0.0,0.22120151520204548,0.05530530402275645
254_NCI,3.3662708668085386e-05,2.7702930083250976e-07,0.0,0.09250671686595907,0.023135164150981997
254_MASS,3.5897730590956235e-05,0.0,0.0,0.055943598801187676,0.013994874132944658
255_H2,2.4006164948880892e-05,1.6605448536211043e-06,0.0,0.02380141778460007,0.005956771123600643
255_H3,2.9572467714948753e-07,0.0,0.0,0.12628473893845274,0.031571258665782476
255_NCI,4.7142127049152635e-05,6.344245093714562e-07,0.0,0.2570222945638364,0.06426751777884873
255_MASS,2.9112522578022415e-05,0.0,0.0,0.08175809245620325,0.020446801244695317
256_H2,3.522852528291672e-06,2.8100935196562205e-06,0.0,0.08619444245712343,0.021550193850792845
256_H3,1.3482133325085088e-06,1.3313193676367518e-06,0.0,0.128043495371793,0.03201154372612328
256_NCI,4.557566495156754e-06,7.310998626053333e-06,0.0,0.06487102052577697,0.016220722272724544
256_MASS,2.1546952018236807e-05,3.0975074878369924e-06,0.0,0.06008589518283724,0.015027634910585829
257_H2,1.8272283646637784e-05,7.501865866288426e-07,0.0,0.09655270087104763,0.024142930835320223
257_H3,0.0,0.0,0.0,0.153150406394103,0.03828760159852575
257_MASS,0.00027964810910000216,0.0,0.0,0.09743378375713736,0.02442835796655934
258_H2,0.00015410898185984356,1.8494439473215607e-06,7.279824656340702e-05,0.1778959111272815,0.04453116694991302
258_H3,4.648789415848269e-06,0.0,0.0,0.273587894303309,0.06839813577318121
258_NCI,0.00033584747166954745,0.00016943470109254122,0.0,0.13750101523912747,0.03450157435297239
258_MASS,0.00010721103969059643,2.2408827135222964e-05,1.948896171466016e-05,0.05890354789334837,0.014763164180472212
259_H2,0.00019962205228673356,1.4274856994234142e-06,0.0,0.05007986121831768,0.01257022768907596
259_H3,2.456651292006385e-06,0.0,0.0,0.01612835995723546,0.004032704152131867
259_NCI,0.002413624511879261,1.1954045930906432e-06,0.00019734288111409999,0.04251802321190699,0.011282546502373359
259_MASS,0.0024594895897849522,0.0,0.0,0.060049376265249955,0.015627216463758725
260_H2,0.0009812111401214915,8.715262811165303e-05,0.00085188124856519,0.09001791945744618,0.02298454111856113
260_H3,0.0009054454033458567,0.0023072040639817715,0.006638324784770727,0.6312646331645979,0.16027890185417407
260_NCI,0.0009599374528229129,0.0,0.000374198529578474,0.2526345733108499,0.06349217732331282
260_MASS,0.0012516975503230878,0.0,0.001350309854118844,0.27038239657357105,0.06824610099450325
261_H2,0.00014295435855201698,2.7232536012888886e-06,0.0,0.11110895542629146,0.02781365825961119
261_NCI,0.00016728905621567027,0.0,0.0,0.03277795778379975,0.008236311710003856
261_MASS,0.00018975346992935435,2.584595131338574e-05,0.0,0.03466148206585817,0.008719270371775226
262_H2,6.281348921485181e-05,0.00016316611436195672,0.0,0.10899989213216557,0.027306467933935596
262_H3,8.380901153650595e-06,0.0,0.0,0.013468686034682082,0.0033692667339589332
262_NCI,6.995661567344352e-05,1.3162947425371385e-06,0.0,0.024379973157765352,0.006112811517045333
262_MASS,0.00017182206023473972,5.671441272170341e-07,0.0,0.034696882865535024,0.008717318017474246
263_H3,7.852328782053128e-07,0.0,0.0,0.16474683859780834,0.04118690595767163
263_NCI,8.934971226482817e-05,0.00641647819429636,0.0,0.07982142279346631,0.021581812675006876
263_MASS,0.00015076623290371702,0.0,0.00013724068556899045,0.012886591948854643,0.003293649716831838
264_H2,0.0003072692503525157,7.540572551079094e-05,6.979222276122528e-05,0.4320957767639638,0.10813706099064709
264_H3,6.633668905577907e-05,5.7588285926613025e-06,0.0,0.05752719950226289,0.014399823754977833
264_NCI,7.580155138361783e-05,9.579495235811919e-05,6.67263727622082e-05,0.1397519812565122,0.034997576033254034
264_MASS,0.0002542115139199051,0.0,0.00019616421448005833,0.20144435374230513,0.05047368236767627
265_H2,0.0001366226998054979,0.00016884882643353194,0.0,0.06606974727155913,0.01659380469944954
265_H3,2.8306703934265272e-05,0.0,0.0,0.22871557379731436,0.05718597012531216
265_NCI,0.00010544918146395613,6.155710252642166e-07,0.0,0.14216771206118245,0.03556844420341792
265_MASS,4.878506854434508e-05,5.718450211134041e-07,0.0,0.001528022037844715,0.00039434473785254336
268_H2,0.0013626838015046645,0.0008080126135610044,0.0019202595285086927,0.07734583185979291,0.020359196950841818
268_H3,0.002435023510215609,1.527159292891156e-05,0.001372027861667784,0.8069604537711175,0.20269569418398245
268_NCI,0.0014119013273168723,2.1028778064646758e-05,0.0015705223875141958,0.009059672739400705,0.003015781308074105
268_MASS,0.0017814341053680328,0.00022910351981408894,0.005867107216856099,0.22316855805037658,0.0577615507231037
269_H2,0.00025971537622238597,1.5150275430642068e-05,5.603436393251688e-05,0.22593727346437856,0.05656704336999103
269_H3,1.0907447300399537e-05,1.2349676126177656e-06,0.0,0.2347523552841961,0.05869112442477728
269_NCI,0.00016365828240489286,4.804807758773677e-06,0.0011813760537539508,0.06616743579468656,0.016879318734651046
269_MASS,0.00016764531337957266,3.457124694250524e-05,0.0,0.16622249986358184,0.04160617910597598
270_H2,3.918953853950566e-05,2.462417683091189e-07,0.0,0.3483819148305636,0.08710533765271784
270_NCI,0.001372954839766793,1.8270083046445507e-06,0.0008788084501748636,0.28560449436658436,0.07196452116620766
270_MASS,7.011114064349218e-05,0.0008190007647499442,0.0,0.0499425240238439,0.012707908982309335
271_H2,1.5005727756977255e-05,1.5083593325471156e-06,0.0,0.17259458455591647,0.0431527746607515
271_H3,1.728519612256979e-05,0.0,0.0,0.17184173827738647,0.04296475586837726
271_MASS,2.8225284757347698e-05,0.003959172870963812,0.004254455583573822,0.0729552448388804,0.020299274644543844
272_H2,0.0003684458867624326,4.605422873282805e-05,0.0,0.01107082290032487,0.0028713307539550326
272_H3,8.18728545420955e-06,1.1996958448889927e-07,0.0,0.20665222408058956,0.051665132833907064
273_H2,1.2928184494112591e-05,7.092621672200039e-05,0.0002878896271346699,0.030206142165155974,0.0076444715483766894
273_H3,4.110936519814658e-05,3.4740860428428277e-06,0.0,0.01497605231530084,0.0037551589416354573
273_NCI,6.593036860224935e-05,5.619909870802076e-07,0.0,0.06757525663395796,0.016910437248386822
273_MASS,0.0001271193511906122,0.0,0.0,0.03014504778560607,0.007568041784199171
274_H2,6.692601756798281e-05,0.0001281356962863356,8.644340773549954e-05,0.18302000985372416,0.04582537874382849
274_NCI,0.00010295716851258972,2.2004431230016053e-05,0.0,0.10739806674423001,0.026880757085993155
274_MASS,0.00015146038628615385,0.0,0.0,0.028981400469868312,0.007283215214038617
275_H2,0.00021226426623219814,2.03911022254033e-05,0.0,0.0076286494135698385,0.00196532619550686
275_NCI,0.0015292532763453966,9.56976418819977e-06,0.0,0.13616490753360544,0.03442593264353476
275_MASS,0.001524431720281987,1.793637238733936e-05,0.0,0.1158093886758433,0.029337939192128158
276_H2,8.039474618818107e-05,2.2355126816364645e-07,0.0,0.2010749205295396,0.050288884706748985
276_H3,4.74204403543473e-06,0.0,0.0,0.07430792683510977,0.0185781672197863
276_NCI,7.993875247001674e-05,1.088041585717292e-06,0.0,0.048968744064468356,0.012262442714631023
276_MASS,0.0002177843122543524,4.6421999286394566e-05,5.831418594579637e-05,0.12155280520367397,0.030468831425290128
277_H2,0.00011422356528470978,4.350008111941861e-06,0.00036181993537451925,0.1414445655133086,0.03548123975551994
277_H3,2.0472282430177039e-07,0.0,0.0,0.014050089510475042,0.003512573558324836
277_NCI,5.1501756914822344e-05,5.406949185271515e-06,0.0,0.016911299968092607,0.004242052168548175
278_H2,0.00013260951707972442,6.340540130622685e-05,0.0,0.044140903807672036,0.011084229681514497
278_H3,0.00019583185867734368,5.054539542470593e-06,0.0,0.33646414099584476,0.08416625684851614
278_NCI,0.0002068780402803758,3.4360313293291256e-05,0.00042577214390199014,0.10515533010599694,0.026455585150868148
278_MASS,0.033773581756241025,0.058849796652793884,0.03689962122210139,0.09056849862252593,0.055022874563415564
279_H2,0.002826071142875978,1.1973309483437333e-05,0.0,0.0014408439251335538,0.0010697220943732422
279_H3,5.027358567728285e-06,0.0,0.0,0.22426553105586078,0.056067639603607125
279_NCI,0.008257164010032344,2.244327333755791e-06,0.0,0.19062392343306056,0.049720832942606666
279_MASS,0.0017265005899705793,4.7689786697446834e-06,0.0,0.11981177322127759,0.030385760697479478
280_H2,0.00011823826412321073,8.834159416437615e-06,0.0,0.0026809397762533496,0.0007020030499482495
280_H3,8.071353942651329e-06,9.071144631889183e-06,0.0,0.11534471321687302,0.02884046392886189
280_NCI,0.00016562375443877832,0.00010428185487398878,0.0,0.01915957124034546,0.004857369212414557
280_MASS,5.598039407032489e-05,4.5315073293750174e-06,0.0,0.20125777191988828,0.05032957095532199
281_H2,0.000478698505650281,1.5069450455484912e-05,0.0005510995051095773,0.19929341009742568,0.05008456938966026
281_H3,0.0002493030638626896,0.0,0.0,0.17419591892872968,0.043611305498148095
281_NCI,0.0008623901290836628,3.8368248169717845e-06,0.002087274886985395,0.1061376994468658,0.027272800321937955
281_MASS,0.0010157740798966872,0.00010240596020594239,0.0,0.01646363050292095,0.004395452635755895
282_H2,0.00015537522722993294,0.0,0.0,0.047896088689582235,0.012012865979203043
282_NCI,0.00015054154077618687,0.0,0.0,0.10086212367445416,0.025253166303807587
282_MASS,2.8438858453944738e-05,0.0,0.0,0.06058293851791494,0.015152844344092222
283_H2,0.0004271679779889549,7.483410513486888e-07,7.675366036418177e-05,0.13698416759010373,0.034372209392377055
283_H3,6.430535052445589e-07,0.0,0.0,0.005835252251289785,0.0014589738261987573
283_MASS,0.00194784686186456,1.6028665413614362e-05,0.0,0.01109846020969296,0.0032655839342427837
284_H2,8.480324445472057e-07,5.636387868435122e-06,0.0,0.07470229855381637,0.018677195743532337
284_H3,1.5436309968872928e-06,0.0,0.0,0.006111424551724784,0.0015282420456804178
284_NCI,6.477386704971827e-06,5.098310680295981e-07,0.0,0.06774481015949323,0.01693794934431656
284_MASS,1.5953727849830775e-05,0.0,0.0,0.07891848686745251,0.019733610148825586
285_H2,0.4189662609127558,0.1744009256362915,0.4530687019532886,0.4038679228358179,0.3625759528345385
285_H3,3.088842216791991e-05,0.0,0.0,5.65478751700272e-05,2.1859074334486776e-05
285_NCI,0.00048037981232174293,3.148727773805149e-05,0.0,0.3761234306228483,0.09415882442822703
285_MASS,0.0027649256261743447,6.948859663680196e-06,0.0,0.04358828580013471,0.011590040071493184
286_H2,0.0002609444669096898,1.0509676940273494e-05,0.0,0.2410482277311484,0.06032992046874959
286_H3,4.04098196800333e-05,0.0,0.0,0.050737101453538325,0.012694377818304589
286_NCI,0.0002339041061099273,1.4575073691958096e-05,0.0,0.3372007463036535,0.08436230637086384
287_H2,2.115755005773553e-06,1.3183966075303033e-05,0.0,0.1961924191287394,0.04905192971245512
287_NCI,1.50933798854091e-06,0.0,0.0,0.07135284708747004,0.017838589106364645
288_H2,1.1087536530335006e-05,6.920274245203473e-06,0.0,0.0696640575983218,0.017420516352274335
288_H3,5.5644533688074215e-06,0.002189084654673934,0.0,0.4015143299963135,0.10092724477608905
288_NCI,0.00010411775328561647,3.7526451706071384e-06,0.0,0.26207716888779936,0.0655462598215639
288_MASS,7.141800327089957e-05,2.6189651180175133e-05,0.0,0.11408816383695625,0.02854644287285183
289_H2,1.6337221110118116e-05,6.01400415689568e-06,0.0,0.05674674270869347,0.014192273483490121
289_H3,0.0,0.0,0.0,0.10415549009482145,0.02603887252370536
289_NCI,0.00012853018519165196,8.964628364083183e-07,0.0,0.2340816800970184,0.05855277668626162
289_MASS,4.1370423507069466e-05,1.732375153551402e-06,1.643572457661196e-05,0.0675502633128708,0.016902450459027007
290_H3,4.526612743189963e-06,0.0,0.0,0.0906741253191934,0.02266966298298415
290_NCI,1.624139331316673e-05,2.10488838092715e-06,0.0,0.014105427820143932,0.0035309435254595066
290_MASS,4.660394350493253e-05,0.00016742825391702354,0.0,0.10667691505087237,0.026722736812073582
291_H2,0.002947651354830073,0.0002715973823796958,0.0032901547996439114,0.1945095747026655,0.05025474455987979
291_H3,0.0021044814819433386,0.0,0.0005815110270129935,0.824623166998598,0.20682728987688856
291_MASS,0.001817443382951351,8.0082891145139e-06,0.004115571518673031,0.06546513780036349,0.017851540247775598
292_H2,0.0016989087591727599,0.0019047296373173594,0.0,0.00525734021986942,0.0022152446540898846
292_H3,4.28625004766227e-06,1.6047255257944926e-06,0.0,0.0030900663434920324,0.0007739893297663723
292_NCI,0.0006130242292351503,2.7023281290894374e-05,0.0038792275873384815,0.10154619865317321,0.026516368437759435
292_MASS,0.00334554944497867,7.363138365690247e-07,0.0,0.08765372567202832,0.02275000285771089
293_H2,1.8305546198633548e-05,0.0,0.0,0.21109855137699554,0.052779214230798545
293_H3,2.7394499663295467e-09,0.0,0.0,0.11017338570665243,0.0275433471115256
293_NCI,1.2626130683805027e-05,1.8936673029656959e-07,0.0,0.054222922534411994,0.013558934507956524
293_MASS,2.644802252492115e-05,0.0,0.0,0.2076418511531922,0.05191707479392928
294_H2,1.9686370555018263e-06,1.1224532272535725e-06,0.0,0.1220615817578151,0.030516168212024464
294_H3,7.061986964560409e-06,0.0,0.0,0.1986065726220181,0.04965340865224567
294_NCI,0.016347630171701287,0.002210066420957446,0.023120229030123177,0.3145863105298412,0.08906605903815579
294_MASS,1.4520788697289317e-06,0.0,0.0,0.13657279658640048,0.03414356216631755
296_NCI,0.00028200055023598614,0.0005113047664053738,0.0013397315053869352,0.1323615296363154,0.03362364161458592
296_MASS,0.0005114173993395882,1.049088851345914e-07,0.0,0.05972612968515628,0.015059412998345251
297_H2,0.00032420258431933044,7.419233952532522e-06,0.0,0.13691458687921923,0.034311552174372775
297_H3,6.341610825097646e-05,1.1142852827106253e-06,3.125516807677334e-05,0.13374196607440744,0.03345943790900448
297_NCI,6.92354522042778e-05,1.1056857147195842e-05,0.0,0.03472071354368601,0.008700251463259371
297_MASS,0.00010975692110808241,0.00016412013792432845,0.0,0.009123304630985374,0.0023492954225044463
298_H2,0.0013763053671313826,2.3629709176020697e-05,0.0,0.03480325485389304,0.00905079748255011
298_H3,2.19221362288269e-05,0.0,0.0,0.06922611737756514,0.01731200987844849
298_NCI,3.408065738959198e-05,1.5776334976180806e-06,0.0,0.023869960364405748,0.00597640466382324
298_MASS,2.862527466161695e-05,2.623710884108732e-07,0.0,0.014371883818084668,0.003600192865958674
299_H2,0.0002995370205870452,0.006981781218200922,0.0002821805215130977,0.13308054310749234,0.035161010466948354
299_H3,1.9995119901632232e-09,0.0,0.0,0.0696900905964413,0.01742252314898832
299_NCI,0.0009672487269675386,5.482598680828232e-06,0.0,0.10835635182133246,0.027332270786745206
299_MASS,7.32551982549017e-05,0.0,0.0028230210107690616,0.08351526020899483,0.0216028841045047
300_H2,2.37175067422589e-05,6.625464720855234e-06,0.0,0.055618032769946896,0.013912093935352502
300_H3,1.560835501972171e-05,0.0,0.0,0.08237709680717006,0.020598176290547447
300_NCI,2.4625602681689476e-05,0.0,0.0,0.0972134269168949,0.024309513129894145
300_MASS,2.2348285800430648e-05,0.0,0.0,0.0813996171686177,0.020355491363604532
301_H2,6.541665390997414e-06,1.3600402780866716e-05,0.0,0.11125538281329878,0.02781888122036766
301_H3,1.2258245041223891e-07,0.0,0.0,0.0030775797767432058,0.0007694255897984045
301_NCI,2.705686973294676e-05,0.0,0.0,0.039215866710248425,0.009810730894995344
302_H2,3.512303573071538e-06,0.0,0.0,0.042683251215363344,0.010671690879734104
302_NCI,6.536673688803863e-07,9.073427804651146e-07,0.0,0.07585265763122928,0.018963554660344658
302_MASS,6.652000206950514e-07,0.0,0.0,0.010328093619524475,0.0025821897048862925
303_H2,3.9047129577993884e-05,1.700723601061327e-06,0.0,0.11142593106967229,0.027866669730712834
303_H3,0.0002280489237173247,0.0,0.0,0.11517986138505563,0.02885197757719324
303_NCI,7.861988848362179e-05,1.182819323730655e-05,0.0,0.09944098510104044,0.02488285829569034
303_MASS,6.812368969594652e-05,0.0,0.0,0.03668953191983193,0.00918941390238197
304_H2,8.860772498530646e-07,0.0,0.0,0.025884388469948443,0.006471318636799574
304_NCI,3.625256068102805e-05,0.0,0.0,0.15448792868724495,0.03863104531198149
306_H2,4.621569075150323e-06,7.877511052356567e-06,0.0,0.003761418408693025,0.000943479372205133
306_H3,5.125110585818185e-06,0.00011749906843760982,0.0,0.029541233636595804,0.0074159644539048076
306_NCI,7.168756819234546e-05,0.0,0.0,0.06217222920678017,0.01556097919374313
306_MASS,6.231607997528283e-06,0.0,0.0,0.029388700465047015,0.007348733018261136
307_H2,8.275465655770012e-05,0.000285872258245945,0.0,0.15576813737985382,0.03903419107366436
307_H3,0.0002879288773031547,0.0,0.0,0.038315528789782914,0.009650864416771517
307_NCI,1.3722034942604242e-05,8.889833225111943e-07,0.0,0.06730536403660548,0.016829993763717646
307_MASS,3.5492299176499673e-05,5.709909601137042e-06,0.0,0.14152216531405087,0.035390841880707125
308_NCI,3.6376290881001535e-05,7.471237950085197e-06,0.0,0.008423335964705651,0.0021167958733841843
310_H3,2.849398598350569e-05,0.0,0.0,0.09052907591950578,0.02263939247637232
310_NCI,1.0535296275570676e-05,0.0,0.0,0.06388764840817161,0.015974545926111795
310_MASS,1.8916457251821724e-06,0.0,0.0,0.027270402423942346,0.006818073517416882
311_H3,4.274341307587549e-06,0.0,0.0,0.11178998358669434,0.027948564482000483
311_NCI,5.610871652760813e-05,1.29197886167276e-07,0.0,0.002214924275531891,0.0005677905474864166
311_MASS,7.334031691996951e-06,0.0,0.0,0.013198186430827355,0.003301380115629838
313_H2,1.0039112914456274e-06,3.191497910393082e-07,0.0,0.1184721942084445,0.029618379317381746
313_H3,2.928280992667055e-06,0.0,0.0,0.03039352951400968,0.007599114448750587
313_NCI,1.6803999167060372e-07,0.0,0.0,0.005169591802782108,0.0012924399606934445
313_MASS,1.1767082060486567e-05,0.0,0.0,0.048021720886213565,0.012008371992068513
314_H2,3.370157387205438e-05,4.381823600851931e-06,0.0,0.0016025622398838993,0.0004101614093392014
314_H3,9.224667109107601e-06,0.0,0.0,0.15487457798003165,0.03872095066178519
314_NCI,1.0721721763899083e-05,3.012331944773905e-06,0.0,0.09646588927157347,0.024119905831320537
314_MASS,8.650730187262052e-05,1.3505538163371966e-06,0.0,0.12929049713690743,0.0323445887481491
316_H2,1.704713676676761e-05,0.0,0.0,0.08820704002408641,0.022056021790213296
316_H3,0.00010038251277472432,0.0,0.0,0.09820609949484331,0.024576620501904508
316_NCI,8.025184118109094e-05,0.0,0.0,0.06399863204841706,0.016019720972399537
316_MASS,6.908333855618642e-05,0.0,0.0,0.066552795073085,0.016655469602910294
317_H2,0.00011738038367749412,3.351468330947682e-05,0.00035870425293406757,0.06485022724001287,0.016339956639983475
317_H3,3.859950067045899e-07,2.9724769774475135e-06,0.0,0.08629318066930505,0.021574134785322302
317_NCI,0.00031486270488204586,0.00037997151957824826,0.0,0.24504205003415458,0.06143422106465372
317_MASS,0.00015382972088918414,3.6354115309222834e-06,0.0,0.01238861987064769,0.003136521250766949
318_H2,0.00016504648812335276,8.696181612322107e-05,0.0,0.005037348962986796,0.0013223393168083424
318_H3,9.634843492818316e-06,2.613958167785313e-05,0.0,0.031532740558161125,0.00789212874583295
318_NCI,0.0007248370597880726,3.474502818789915e-06,1.5320175295241043e-05,0.10621229059915943,0.026738980584265385
318_MASS,3.929121223482884e-05,6.427962517818742e-08,0.0,0.14011359667558818,0.03503823804186205
319_H2,0.0002025153402323215,7.543560059275478e-06,0.0,0.0022359892173069167,0.0006115120293996284
319_H3,3.660978957933279e-05,5.8605899539543316e-05,0.0,0.2809756877714104,0.07026772586513232
319_NCI,2.8139337816432298e-05,4.042669388581999e-06,0.0,0.00951696461143737,0.0023872866546605963
319_MASS,0.0018651549105097428,0.0,0.0,0.03791576968357719,0.009945231148521734
320_H2,0.000490010148856391,0.0069767264649271965,0.0029359258367386027,0.06828456766966776,0.019671807530047485
320_NCI,0.0010941304228274005,0.0,0.0010643678546986078,0.2345444223930429,0.05917573016764223
320_MASS,1.6246486424331244e-05,0.0,0.0031421743457448826,0.045421935300427804,0.012145089033149254
321_H2,0.000314910722194115,0.0,0.0,0.028097666377530518,0.007103144274931158
321_H3,9.837836295080271e-05,0.0,0.0,0.12585042099516866,0.03148719983952986
321_NCI,3.9829461823652834e-05,0.00018785228894557804,0.0,0.17761182915168597,0.0444598777256138
321_MASS,2.549670388893234e-05,1.097683934858651e-06,6.142376550038052e-05,0.12554915612442877,0.03140929356943824
322_H2,0.0016847642496170723,0.011482976377010345,0.0034954590507616447,0.14888300950688726,0.04138655229606908
322_H3,7.1622590236943605e-06,0.0,0.0,0.1484608716167899,0.0371170084689534
322_NCI,6.472497591961488e-05,8.495973702338233e-07,0.0,0.008817606594476805,0.0022207952919416634
322_MASS,0.00015512205582779914,0.0010357910068705678,0.0016749445922036748,0.18980822444395828,0.04816852052471508
323_H2,0.00043919283313478456,0.002904535038396716,0.0,0.009039700706761166,0.003095857144573167
323_H3,0.0020487238036350454,0.0,0.0076300534906052365,0.3141219634823801,0.08095018519415509
323_NCI,0.0003773508364709791,5.617982424155343e-06,3.010552379333764e-05,0.11190433529072431,0.028079352408353197
323_MASS,0.0012390760718043394,0.00014035006461199373,0.00018904535596112818,0.09625850707038122,0.02445674464068967
324_H2,5.7361999267711486e-05,5.323196091922e-06,0.0,0.10206802290761488,0.02553267702574363
324_H3,8.129620369336341e-05,4.831532805837924e-06,0.000355805379321341,0.37116141293178734,0.09290083651190197
324_NCI,0.0002517103608607561,4.7509696742054075e-05,0.0002578952419586926,0.12683197965870643,0.031847273739566986
324_MASS,8.983506209847961e-05,1.93347004824318e-05,0.0,0.11401939669522622,0.02853214161445178
325_H2,4.7283687231048606e-05,8.257603667516378e-07,6.859410837123199e-05,0.12220519479148116,0.030580474586862548
325_H3,1.8756421610774465e-05,0.0,0.0,0.13714023118693536,0.034289746902136535
325_NCI,5.995098403968979e-06,0.0,0.0002908905606038195,0.17536534776477475,0.043915558355945634
325_MASS,0.0004988510266883056,9.080471500055864e-06,0.00018545703718136062,0.17652680380873303,0.044305048086025686
326_H2,0.00010283876821583999,6.937326543265954e-05,0.0,0.039416357604422525,0.009897142409517756
326_H3,8.435071930683897e-06,0.0,0.0,0.07569845377373846,0.018926722211417286
326_NCI,4.780587162194008e-06,1.6896072338568047e-05,0.0,0.020955028279652302,0.005244176234788266
326_MASS,2.8156853571077185e-05,0.0,0.0,0.06838712481619508,0.01710382041744154
327_H2,1.127175919526543e-05,8.511822670698166e-06,0.0,0.13949580400817801,0.034878896897510996
327_H3,0.0001694115520092042,0.0,0.0,0.006956599493987086,0.0017815027614990727
327_NCI,2.630863785436135e-05,2.238226807094179e-05,0.0,0.08496127913677903,0.021252492510676083
327_MASS,3.696483412278795e-06,0.0,0.0,0.04294567129755315,0.010737341945241357
328_H2,2.4490947409795006e-05,2.0847563064307906e-05,9.009234520052422e-05,0.18758973382154884,0.04693129116930587
328_H3,1.2554369642802713e-06,0.0,0.0,0.04507595460555078,0.011269302510628765
328_NCI,2.418313177879064e-05,0.0,0.0,0.0232672969065174,0.005822870009574047
328_MASS,1.1674824144097094e-05,2.633348776726052e-05,0.0,0.027464373951301708,0.006875595565803266
329_H2,0.00010345863375964239,9.678663627710193e-05,0.0,0.14457336183090114,0.03619340177523447
329_H3,5.999421457376568e-06,0.0,0.0,0.07884425335755608,0.019712563194753365
329_NCI,7.240555606625646e-05,1.71480805875035e-05,0.0,0.0010259781733728951,0.00027888295250666376
329_MASS,9.810560886848974e-05,0.0,0.0,0.060684951923706695,0.015195764383143797
330_H2,5.3799315234676834e-05,0.0,1.1172621617376924e-05,0.17956444282837428,0.044907353691306585
330_H3,2.6952841933570164e-07,0.0,0.0,0.015182727180983967,0.0037957491773508256
330_MASS,6.363428276391732e-05,1.0688236216083169e-05,6.422234050586638e-05,0.10190587271112542,0.02551110439265282
331_H2,1.1000338081767984e-05,4.874802471022122e-06,1.9026145025882854e-06,0.04611365346534491,0.011532857805100072
331_H3,3.79083785194053e-06,0.0,0.0,0.031319570635108054,0.007830840368239998
331_NCI,0.0001915136344638657,6.901091182953678e-06,1.5261948659610084e-05,0.2050443267857811,0.051314500865021886
332_H2,0.0003522178316005548,0.00030414757202379405,1.342615459470119e-05,0.005157957212858559,0.0014569371927694024
332_H3,2.7862571280984885e-05,4.503732270677574e-06,0.0,0.06284743177265038,0.01571994951905051
332_NCI,0.00022294248446309622,3.0363693440449424e-05,0.0,0.14522406416355108,0.03636934258536365
332_MASS,0.0001872743009205737,7.903335063019767e-05,0.0,0.11567729191190454,0.028985899890863826
333_H2,3.231509609488438e-05,3.8116329506010516e-06,0.0,0.1525339663551465,0.038142523271047994
333_H3,8.386952321878412e-06,0.0,0.0,0.11479920424892873,0.02870189780031265
333_NCI,0.00011826757026814065,1.5104459635040257e-05,0.0,0.2698462965666289,0.06749491714913301
333_MASS,7.277531115993702e-05,2.299218749612919e-06,0.0,0.0621220313262055,0.015549276464028762
334_H2,0.00010793917762821724,4.918553531751968e-05,0.0,0.09470247572719909,0.023714900110036206
334_H3,6.104104903054819e-06,2.1574567654170096e-05,0.0,0.1656589349764185,0.041421653412243936
334_NCI,0.0009325474931040365,0.0005045394646003842,0.0,0.07868971635676976,0.020031700828618545
334_MASS,0.00011838020496847411,6.785927325836383e-06,0.0,0.038668981851718805,0.009698536996003279
335_H2,0.00019573830472552342,4.588824594975449e-05,0.0,0.14200492560438666,0.03556163803876548
335_H3,1.1453128036883893e-05,0.0,0.0,0.05760974270953822,0.014405298959393775
335_NCI,2.2897049039353705e-05,9.52536538534332e-06,0.00029832480269392694,0.0329467814851555,0.00831938217556853
335_MASS,5.721077569565936e-05,0.0,0.00019495920829366416,0.017159705359574336,0.004352968835890915
336_H2,0.0004180688735887418,0.0001010641353786923,0.0,0.06872121061396567,0.017310085905733276
336_H3,9.307611097986472e-05,0.0,0.0,0.1324379058933106,0.03313274550107261
336_NCI,0.00038298158839116756,2.206856879638508e-05,0.00021236442894403853,0.04855191219878466,0.012292331696229062
336_MASS,0.00021545322155190318,1.515748863312183e-05,0.0,0.046910687590153106,0.011785324575084534
337_H2,0.0001690898973757313,5.821570448460989e-05,0.0,0.08902441573775907,0.022312930334904852
337_H3,7.073607006956525e-06,0.0,0.0,0.07370156883730464,0.018427160611077898
338_H2,0.0013041254271189328,0.00021720005315728486,0.0017335483500890547,0.33441260259206307,0.08441686910560708
338_H3,0.00046355240876381815,1.962229418950301e-07,0.0,0.16299764831380814,0.04086534923637846
338_NCI,0.001109719370125235,3.753575583687052e-07,0.0,0.024607735006570253,0.006429457433563464
338_MASS,0.0006119968964072311,4.193341283098562e-06,0.0,0.029204368538041602,0.007455139693932983
339_H2,7.626877660180657e-05,1.2892998711322434e-05,0.0,0.1488802956052428,0.03724236434513898
339_H3,4.6956107991336565e-05,6.265619595069438e-05,0.0,0.118755784839342,0.02971634928582101
339_NCI,0.00021938022517179392,3.8103786209831014e-05,0.0,0.14384236566166633,0.03602496241826199
339_MASS,0.00011875750115262344,0.00041323667392134666,0.001678367232250214,0.1343479876946418,0.0341395872754915
340_H2,0.0002001415351507319,7.383226829915657e-07,0.0,0.041691373344450416,0.010473063300571035
340_H3,7.830726030597192e-05,0.0002203391632065177,0.0,0.10565639786086493,0.026488761071094356
340_NCI,0.0001326240918053448,0.0001947044365806505,8.111434530587346e-05,0.13753594452764376,0.03448609685033391
340_MASS,5.434982990710227e-05,0.0010762049350887537,0.0,0.08516466858668405,0.021573805837919974
341_H2,2.2139984323003923e-05,0.00037844860344193876,0.0,0.014256077388342843,0.0036641664940269465
341_H3,2.9717049939603732e-05,2.0149303736616275e-07,0.0,0.015986688916476817,0.0040041518648634465
341_NCI,3.791288536168951e-05,0.0002544008893892169,0.0005712330420606336,0.2101337622067958,0.05274932725590183
341_MASS,2.4478103336248228e-05,0.0,0.0,0.0004233827062428794,0.00011196520239478191
342_H2,4.9738230886850915e-05,7.563481631223112e-06,4.362497329619864e-05,0.03574501532596392,0.008961485502944549
342_NCI,8.183658466640328e-05,1.2853430234827101e-05,0.0,0.02223659630235279,0.005582821579313505
343_H2,1.9021770550221e-05,1.1151301038125894e-07,0.0,0.11466236369365192,0.02867037424430313
343_H3,7.562823276118149e-06,4.2456933442736045e-05,0.0,0.014686786090881468,0.0036842014619000805
343_MASS,0.00017558197450242576,0.0,0.0,0.006696128654862893,0.0017179276573413298
344_H2,2.2910745902523963e-05,1.889754094008822e-05,0.00035480735011753404,0.23511589911924116,0.058878128689050326
344_H3,0.00010912675891918941,5.3354783631220926e-06,0.0,0.02910909370985345,0.00730588898678394
344_NCI,0.0001193881174461192,1.5500819472435978e-06,9.608637803430469e-06,0.20298160898573817,0.05077803895573374
344_MASS,0.00010212592095177257,0.0001245143066626042,0.00014178960316028693,0.0820337233232503,0.02060053828850624
345_H2,0.0003227963878383062,1.5131943655433133e-05,0.0,0.06960392227420738,0.01748546265142528
345_H3,3.147283565321419e-05,6.034074999661243e-07,0.0,0.01057259738074108,0.0026511684059735653
345_NCI,0.0003128410628664574,5.6923752708826214e-05,0.00028702308901614924,0.058838344770455415,0.014873783168761713
345_MASS,0.0002717728512648289,0.0,0.0,0.11643241170693999,0.029176046139551205
346_H2,1.5558904071133794e-06,0.0,0.0,0.04206824215251081,0.010517449510729481
346_H3,6.3534677302136555e-06,0.0,0.0,0.12333309345464231,0.030834861730593133
346_NCI,1.6045176603801776e-05,1.9849243471981026e-05,0.0,0.2371994974311782,0.0593088479628135
346_MASS,6.820596410075188e-05,0.0,0.0,0.09251399004158056,0.023145549001420327
347_H2,0.00017047431328841216,3.722958717844449e-05,0.0,0.0542134326885043,0.01360528414724279
347_H3,4.1796853097038464e-05,0.0003976168227382004,0.0,0.18164402167980437,0.045520858838909904
347_NCI,0.0002051189789696128,0.0,0.0002456328935521405,0.056787210006168015,0.014309490469672443
347_MASS,4.2070279641826414e-05,3.754531644517556e-05,0.0,0.03829704600407319,0.009594165400040048
348_H2,0.00042215207630291886,1.2097462786186952e-05,0.0006782499826044081,0.02842006003158104,0.007383139888318639
348_H3,3.990644461566474e-05,1.4738872096131672e-06,0.0,0.16594659181502758,0.04149699303671321
348_NCI,0.00023907705454966223,0.0,0.0,0.22399368403571895,0.05605819027256716
348_MASS,5.035138004828768e-05,0.000653060560580343,0.0,0.06182064338302971,0.015631013830914583
349_H2,0.0001954300896065174,1.4010623090143781e-05,0.0,0.23779783500769416,0.059501818930097705
350_H2,4.9809065136074896e-05,6.815722736064345e-05,0.0,0.2765647900795556,0.06917068909301308
350_NCI,2.2060848514951402e-05,3.4959982713189675e-06,0.0,0.020673016642219565,0.005174643372251458
350_MASS,5.9995932833181025e-05,1.8056089174933732e-06,0.0,0.23953240284646718,0.05989855109705446
351_NCI,2.699727605244298e-05,0.0,0.0,0.019125317308720354,0.004788078646193199
352_H2,0.00035789647209620557,0.00021191035921219736,2.4862868506447218e-05,0.06362148411414259,0.01605403845348936
352_NCI,0.00041216795379550635,1.0803797522385139e-05,0.0,0.12245549855197804,0.030719617575823983
353_H3,4.9193532089580006e-06,1.2084384252375457e-05,0.0,0.05210442082350986,0.0130303561402428
353_NCI,3.2875392708537607e-06,7.123504133232927e-07,0.0,0.0474530524266447,0.01186426307908222
354_H2,0.00014450615315979472,1.2015892934869044e-05,7.73509339754186e-07,0.250024285895232,0.06254539536266661
354_H3,1.0988741514002727e-05,0.0,0.0,0.15811449254859491,0.03953137032252723
354_NCI,1.9940237718807515e-05,3.460259279108868e-07,0.0,0.046738854506525325,0.01168978519254301
354_MASS,0.0001647632253349046,0.0,0.0,0.07705997845319916,0.019306185419633515
57_H3,9.730662382061106e-07,1.0210873142568744e-06,0.0,0.06768152563729676,0.016920879947712308
57_NCI,9.730662382061106e-07,1.0210873142568744e-06,0.0,0.06768152563729676,0.016920879947712308
214_H3,0.0,0.0,0.00013921000386786045,0.06463431729279503,0.016193381824165725
82_H3,0.00015170569641289962,6.828416189819109e-06,0.0,0.09514775074279354,0.023826571213849065
82_NCI,0.00015170569641289962,6.828416189819109e-06,0.0,0.09514775074279354,0.023826571213849065
141_H2,0.0,0.0,0.0,0.006029428369567754,0.0015073570923919385
214_H2,0.0,0.0,0.0,0.006029428369567754,0.0015073570923919385
225_H3,0.0,0.0,0.0,0.006029428369567754,0.0015073570923919385
175_NCI,0.00040231588836203556,0.0,0.00040427217515259025,0.3208286235720127,0.08040880290888183
202_NCI,5.409472133471291e-05,7.895025191828609e-06,0.0,0.15241247393889976,0.038118615921356576
226_MASS,7.373575860689042e-05,1.081392474588938e-05,0.0,0.02917238616004041,0.0073142339608482975
283_NCI,6.430535052445589e-07,0.0,0.0,0.005835252251289785,0.0014589738261987573
353_MASS,4.9193532089580006e-06,1.2084384252375457e-05,0.0,0.05210442082350986,0.0130303561402428
