feature,p_value,score,rf,xgb,gbr,BayesianRidge,mean
p1_H2,0.5328454774089947,0.38911899916137055,0.0,0.0,0.0,0.0,0.0
p1_H3,8.87388678479947e-09,33.40295541916305,1.514559326109156e-05,5.353313e-06,0.0,0.09689099830376466,0.024227874302531306
p1_NCI,0.868488519798815,0.027424482238997457,0.0,0.0,0.0,0.0,0.0
p1_MASS,1.0926345961543718e-05,19.45693379761657,2.592280121061118e-05,8.944097e-06,0.0,0.07652645960672289,0.019140331626312623
p2_H2,0.6005967803027137,0.2741981797164878,0.0,0.0,0.0,0.0,0.0
p2_H3,3.213504236466571e-39,180.56040478268355,8.653437889367171e-05,1.2784513e-05,0.0,0.049294998788314934,0.012348579420120602
p2_NCI,7.940571851194689e-10,38.20324200102622,0.0004201495668816166,6.893289e-05,0.00013925178265606695,0.06998290644157254,0.01765281016980207
p2_MASS,6.91489090726996e-18,75.88677705966086,7.497101252258911e-05,3.3283288e-06,0.0,0.02937813779978553,0.007364109285284611
p3_H2,4.307118337574873e-62,300.0514063647837,8.056083340430163e-05,1.2757258e-05,0.0,0.09318279962237473,0.023319029428556275
p3_H3,6.454185289792144e-62,299.10489353086217,4.514450313400734e-05,7.7452984e-07,0.0,0.00015828833459683968,5.1051841892111604e-05
p3_NCI,2.1854663018319827e-23,102.23450424895992,0.00014392961917935319,5.642017e-06,0.0,0.19650971035576856,0.04916482049803345
p3_MASS,3.800438346432072e-61,294.9611411990802,0.00010509321517208778,8.156461e-07,3.020280117767563e-06,0.0049944666336670124,0.0012758489437651036
p4_H2,5.801628296708094e-14,57.38932622256748,0.00010558927206796077,5.1334096e-06,0.0,0.016188465765401436,0.004074797111757041
p4_H3,1.776644543377612e-82,413.016548343988,1.690832771189881e-05,2.3402902e-06,0.0,0.05070978488246028,0.012682258375084571
p4_NCI,3.821702015479275e-71,349.4447505652122,4.62757344484801e-05,2.5459163e-05,0.0,0.13107974154099333,0.032787869109666856
p4_MASS,1.407076091071371e-118,628.9823160590637,7.723791044115528e-05,2.3878512e-05,0.0,0.027326418578800263,0.006856883750401761
p5_H2,9.949469071801786e-136,739.1587299224104,2.9077860363430882e-05,3.931172e-06,0.0,0.17024696598848327,0.042569993755251515
p5_H3,1.7179002373751606e-112,591.0848840149326,3.823266214790801e-06,2.7075177e-05,0.0,0.08066282867308636,0.02017343177908993
p5_NCI,1.9502008181155782e-106,553.9942802008154,0.00024774233929453806,4.046545e-05,0.0,0.059002716602899435,0.014822731097867007
p5_MASS,9.528530118060226e-106,549.8122470471232,5.1797079028791526e-05,2.682099e-05,0.0,0.06082573593586927,0.015226088501139599
p6_H2,0.03703911589151901,4.355373482796892,0.00011056659800246471,9.513415e-06,0.0,0.14026255101254653,0.03509565775629349
p6_H3,6.5911208655742e-20,85.5126268584332,1.756117822354431e-05,0.00035078512,0.0,0.18783690936321126,0.04705131391574733
p6_NCI,8.143497513585338e-31,138.53681592959114,6.937743794441864e-05,1.3615937e-05,0.0,0.06592297836691254,0.01650149293545183
p6_MASS,1.8463024403401842e-07,27.411462837734692,3.4405231134117176e-05,1.7768905e-05,0.0,0.04690501614826761,0.01173929757117766
p7_H2,5.837895050733559e-79,393.0805443902756,6.269951183619927e-05,8.286931e-06,0.0,0.0020510346056560455,0.0005305052621246352
p7_H3,1.3443166900502228e-150,838.8704369599794,1.946610980086503e-05,3.5972957e-05,0.0,0.22976043404449575,0.05745396827770888
p7_NCI,2.758366704626102e-45,211.52008119523194,8.672280377183086e-05,5.5937903e-06,0.0,0.10358794288264156,0.025920064869183305
p7_MASS,1.4206572829509235e-87,442.25035356643633,5.7306359844074585e-05,1.225558e-05,0.0003856735644889565,0.15346020706369096,0.03847886064207077
p8_H2,6.102062100545857e-15,61.97521540783512,0.00012203830619566648,1.3546765e-05,0.0,0.1964336728057262,0.04914231446931318
p8_H3,0.00040390861136218166,12.563263902561953,3.9621356261747234e-05,2.088747e-06,0.0,0.14746960851657948,0.03687782965493439
p8_NCI,5.791792547777041e-05,16.250432419898537,7.524296159739051e-05,3.6141914e-06,0.0,0.09879932927748376,0.024719546607627266
p8_MASS,5.955198438044446e-10,38.77733508536101,0.00016883258156664656,9.132591e-07,0.0,0.09248559671846081,0.02316383563978195
p9_H2,7.42082854943044e-14,56.88914849553829,0.00017792842084506314,0.00021566622,0.0,0.13835045102425467,0.034686011417046074
p9_H3,0.05425801399326991,3.7098094653636826,7.326147477361598e-06,2.213508e-05,0.0,0.08712601875086001,0.021788869994620326
p9_NCI,5.9450401372650754e-08,29.641992958436067,0.00017373647779883155,4.1028627e-05,0.0006063305304356711,0.23039185411264443,0.05780323743686555
p9_MASS,3.188857174849752e-06,21.84310317909622,0.00013022620158044168,9.139475e-06,0.0,0.009598296448214501,0.002434415531190944
p10_H2,6.794867022616205e-17,71.18374552165407,0.008979689598765375,5.720535e-06,0.0,0.09370167104266602,0.025671770294051096
p10_H3,0.003369528974541601,8.619722882015468,6.362983392336662e-05,1.787566e-06,0.0,0.013681118628400485,0.003436634007086098
p10_NCI,0.3197762736532389,0.990433477101071,0.0,0.0,0.0,0.0,0.0
p10_MASS,0.003678433443720794,8.459263703694996,1.912465880547811e-05,0.00035962395,0.0,0.03151528420516257,0.007973508204708067
p11_H2,1.3075481684666755e-49,233.9093890636836,0.00010699298155082212,8.562776e-07,0.00030696759176898907,0.036582117127501194,0.009249233494607456
p11_H3,4.49547752676808e-18,76.77482699787043,3.393029511301539e-05,7.1248282e-06,0.0,0.09639848061470005,0.024109883934514225
p11_NCI,4.4036400573284353e-13,53.27711348521317,0.00012734914253448076,3.325905e-06,0.0,0.23809840477920996,0.059557269956692846
p11_MASS,3.284023389485935e-07,26.281134539189335,5.514600537461302e-05,2.616436e-05,4.928709316434667e-05,0.12956418817265994,0.032423696407787604
p12_H2,3.314570814316306e-43,200.8468320984333,6.072872192426493e-06,2.8777947e-06,0.00017134914835598717,0.10065138745484704,0.025207921817527276
p12_H3,4.4342564192844103e-07,25.692637150972175,1.1977744820350307e-05,0.0,0.0,0.14183703483834315,0.03546225314579087
p12_NCI,9.540761046470558e-23,99.14474371647155,3.7647258643913294e-05,0.0,0.0,0.024979349851537845,0.00625424927754544
p12_MASS,9.297593691356194e-06,19.768877752600854,2.1440651973108942e-05,1.7398714e-05,0.0,0.13886702728184527,0.034726466661874705
p13_H2,5.209646350314059e-156,876.1586544128617,4.269569920038935e-05,1.6454534e-05,0.0,0.023904868154604606,0.005991004597073432
p13_H3,0.9341948304000506,0.006819512861697555,0.0,0.0,0.0,0.0,0.0
p13_NCI,0.0014344783711422063,10.193939113005722,0.00016285009617000943,1.0607738e-06,0.0,0.1461062390968084,0.03656753749169402
p13_MASS,0.011522692992260655,6.39657450978231,1.964167528877611e-05,0.0,0.0,0.025916477306017278,0.006484029745326514
p14_H2,1.924561370301206e-20,88.06997504374398,0.0004928156513618391,2.5173842e-06,0.0,0.062016827336789676,0.015628040093099364
p14_H3,0.24089872747989738,1.3762761083028208,0.0,0.0,0.0,0.0,0.0
p14_NCI,0.013322756536728535,6.138432591904351,0.0009425923252164838,2.902318e-06,9.181093351755313e-05,0.059365730080425616,0.015100758914315265
p14_MASS,2.2620516789120992e-06,22.510891033203077,5.7782870664285016e-05,3.981423e-05,7.23561067100748e-05,0.06882219312938508,0.017248036583999787
p15_H2,3.0105326152883555e-84,423.1280744100623,2.8487494572318853e-05,7.244616e-06,0.0,0.10430369094944959,0.026084855764998482
p15_H3,9.08569236197926e-207,1253.5182366684544,1.1217783580148573e-05,5.5622055e-05,0.0,0.15789710953197972,0.03949098734258692
p15_NCI,7.131922116987839e-141,773.2088274362078,0.0002464267269487359,0.00013660024,0.0,0.15711822022320507,0.03937531179748457
p15_MASS,3.9803453778451825e-175,1012.2946998108868,2.467771215956676e-05,1.5133319e-05,0.0,0.07459313332308068,0.018658236088512917
p16_H2,4.977489587473832e-51,241.31728183679814,0.00021115109011174887,8.868827e-07,0.0,0.06795945397705513,0.01704287298746021
p16_H3,6.280530531003052e-208,1262.7587886492065,7.12132781987658e-05,4.917797e-07,0.0,0.0562177261439547,0.014072357800463717
p16_NCI,1.0108349233707304e-119,636.1723411953933,5.338107127815763e-05,2.0413667e-05,0.0,0.1179764204924414,0.02951255380762713
p16_MASS,6.738136154383438e-155,868.4542771562178,6.909139253387898e-05,9.440325e-06,0.0,0.027764629140202533,0.006960790214409664
p17_H2,7.608530642629098e-11,42.89372081527333,8.149288033672513e-05,9.553341e-05,0.0,0.01818017194970449,0.004589299560206734
p17_H3,2.0266799455673472e-259,1703.094543343657,1.551472192666504e-05,0.0,0.0,0.20537180387712162,0.05134682964976207
p17_NCI,1.7615919009732578e-213,1307.372370186365,4.379985430625778e-05,6.7420905e-07,0.0,0.15915888385593271,0.039800839479821666
p17_MASS,7.930773017032629e-210,1277.941003381948,2.4111074877271467e-05,0.00013890548,0.00019752982889103936,0.13380427357062036,0.033541204988956005
p18_H2,0.04362513431931961,4.077012624292726,5.664814225681346e-06,6.8837545e-07,0.0,0.13045801435317986,0.0326160918857141
p18_H3,2.005273802832041e-12,50.211251447360056,1.148943501000217e-05,0.0,0.0,0.23905510322219764,0.05976664816430191
p18_NCI,6.872725124782395e-38,173.84195746970443,9.149598052186462e-05,5.0600607e-05,0.0,0.05871838947454296,0.014715121515568724
p18_MASS,3.719303112471584e-11,44.329902704705226,8.609874265888811e-05,0.0,0.0,0.06581306481261943,0.01647479088881958
p19_H2,0.00024297193161518701,13.522367805600487,6.289132312173667e-05,2.9801154e-06,0.0,0.11282659007767303,0.028223115379040865
p19_H3,0.0039702002954524985,8.319836989145404,5.425748633713275e-06,7.986448e-06,0.0,0.14699740081063445,0.03675270325171685
p19_NCI,0.19990153069006117,1.6443554077734144,0.0,0.0,0.0,0.0,0.0
p19_MASS,0.013941579085805077,6.057911895447035,3.6964735493906075e-05,8.193913e-05,0.0,0.026930075244212977,0.006762244776925396
p20_H2,2.4006572958760378e-258,1693.2809655616784,0.0004873086543544187,4.723371e-06,0.0,0.06576058322587515,0.0165631538128445
p20_H3,3.826144118665929e-174,1005.1243247177063,9.169443290378405e-06,2.2716663e-06,0.0,0.15061277068635798,0.037656052948984525
p20_NCI,3.181692305683581e-22,96.62418925097828,7.731285589813319e-05,4.6841915e-06,3.266432561135938e-06,0.04476554529498451,0.011212702193731175
p20_MASS,4.973296424045909e-240,1530.1181152854642,2.458340343045876e-05,7.623523e-06,0.0,0.09481764768022277,0.023712463651621673
p21_H2,1.1023441503772941e-10,42.150621745180786,0.0008301036823424991,8.187142e-06,0.0,0.00029826384704573753,0.00028413866788633724
p21_H3,1.2891475301525683e-27,122.80328324463942,2.148783281711006e-05,1.755795e-06,0.0,0.07288748476542795,0.01822768209830706
p21_NCI,7.451038462351591e-40,183.77539057346783,2.1058110206710322e-05,1.5163807e-06,0.0,0.14295399307599113,0.03574414189173315
p21_MASS,7.90862038419113e-21,89.92023194993901,2.3274912686057303e-05,9.116855e-08,0.0,0.011263528859460813,0.0028217237351746724
p22_H2,2.582804170770716e-12,49.7002221221034,0.00029315428216856613,0.00010746118,0.00011291893624559612,0.04117285190960786,0.010421596576790744
p22_H3,0.0014058370134983236,10.231357956604633,0.00013102401248258578,0.0,0.0,0.0483580297791845,0.01212226344791677
p22_NCI,0.013418855524213265,6.12567879654695,8.195204857524505e-05,2.072565e-06,0.0,0.06368875887391107,0.015943195871856386
p22_MASS,1.3314465736176357e-05,19.075291626366283,0.0002540915147964399,0.0,7.997252287549176e-05,0.0011559307911086733,0.00037249870719515126
p23_H2,2.4677566397309475e-21,92.34674817451848,8.742096232350377e-05,0.00025307632,0.003125928442087891,0.3542343756799808,0.0894252003500624
p23_H3,2.9713421814286885e-39,180.73259765039907,1.7015258413176764e-05,2.3413442e-07,0.0,0.13276639175616423,0.033195910287248984
p23_NCI,4.710370321110985e-05,16.645996808134882,0.0001649590135761652,6.8379945e-06,0.00015035224900820647,0.043913724123199056,0.011058968345079174
p23_MASS,2.8634746123164373e-32,145.73509284944348,0.0009037791890901937,0.0,0.0007632595537222228,0.26660478018415606,0.06706795473174212
p24_H2,0.00046552415711957303,12.296181920763779,2.1142904620857915e-06,0.0,0.0,0.08307565581565424,0.02076944252652908
p24_H3,0.3131764519484771,1.0178282283949496,0.0,0.0,0.0,0.0,0.0
p24_NCI,7.652647801911634e-08,29.14430683147025,1.8224791773619752e-05,1.7942608e-05,0.0,0.039836022300063806,0.009968047424930111
p24_MASS,0.014089043803733162,6.0392669763751465,1.2327285513872189e-05,0.0,0.0,0.04168787371877239,0.010425050251071565
p25_H2,1.2819957108686065e-24,108.19745857618194,7.96350473153251e-06,3.084011e-06,0.0,0.2679809478902153,0.06699799885149701
p25_H3,8.385281517181362e-07,24.446185879597373,2.2330556476259486e-05,3.0407925e-06,0.0,0.10163376180099255,0.025414783287500978
p25_NCI,3.371032357839556e-43,200.80929541058921,0.00018962523016992792,4.7721214e-06,0.0,0.03689241698332726,0.009271703583731469
p25_MASS,2.0775873246125123e-17,73.62055710683637,7.85056249152263e-06,7.9110254e-07,0.0,0.18568614222666782,0.04642369597292393
p26_H2,0.14702016123279826,2.104794879271058,0.0,0.0,0.0,0.0,0.0
p26_H3,0.9063658545000066,0.013839399585702138,0.0,0.0,0.0,0.0,0.0
p26_NCI,0.0027039781937011724,9.023341976384256,8.441951115497598e-05,2.1403328e-05,0.0,0.0415112071984428,0.010404257509397373
p26_MASS,0.36564215224062846,0.8188535689345489,0.0,0.0,0.0,0.0,0.0
p27_H2,1.4734112184873897e-42,197.53447282560123,4.3500926138433136e-05,0.00010174447,0.0,0.03997551461645967,0.010030190002279388
p27_H3,2.2097333769911563e-05,18.099087451543923,1.6443548420989186e-07,0.0,0.0,0.0910665593308351,0.02276668094157983
p27_NCI,5.229219224822526e-48,225.58362947394957,4.855416314502381e-05,6.0889993e-06,0.0,0.02207358804084654,0.005532057800815645
p27_MASS,6.502504675267643e-24,104.78057032445966,4.372272646827798e-05,6.980555e-05,0.0,0.013443092365021773,0.0033891551608481105
p28_H2,8.937602513104958e-29,128.4860196990888,6.295320324689045e-05,2.8244054e-07,0.0,0.49516749924597747,0.12380768372244072
p28_H3,5.058122040670729e-48,225.65855145062525,3.1748691876448077e-06,0.0,0.0,0.08323310100364012,0.02080906896820694
p28_NCI,4.9041923436136764e-08,30.0216190299047,4.737790471989189e-05,0.00029623235,0.0,0.07277086536684063,0.01827861890508354
p28_MASS,0.0007514909579438877,11.398225881469548,0.0003946663688091719,6.129035e-05,0.0002774441254893327,0.02059934865879167,0.005333187376569384
p29_H2,1.0953930814745796e-33,152.78129077787602,0.0019746681081703418,3.4057823e-05,0.0,0.06982777253074185,0.01795912461538591
p29_H3,3.671547200350889e-11,44.35585377675268,0.0014247029742607915,0.00013059608,0.0,0.06927477905338073,0.017707519525886752
p29_NCI,6.495488652950838e-10,38.604014838040555,0.00289117566655981,0.00049786747,0.007478103351295908,0.25706346478098063,0.06698265281712805
p29_MASS,2.163884936480563e-40,186.49961166253073,0.001262187534624058,4.795452e-05,0.0,0.05391448966297097,0.013806157929320446
p30_H2,0.002564364256026338,9.120802044200385,0.00012944139818122293,1.202054e-05,0.0,0.04162280159106383,0.010441065882424463
p30_H3,0.3006802388579382,1.0718192735693033,0.0,0.0,0.0,0.0,0.0
p30_NCI,0.1520832036720316,2.053049282295255,0.0,0.0,0.0,0.0,0.0
p30_MASS,0.02611396922897559,4.957014498014141,5.277906725223244e-05,1.8654363e-06,0.0,0.00506838374012336,0.0012807570609125942
p31_H2,0.0004701230234413893,12.277703290281726,0.00017635269340414973,2.6739178e-06,0.0,0.022327579183723124,0.005626651448740273
p31_H3,6.588598786211139e-15,61.81872245735827,0.0007178034151089412,4.186272e-06,0.0,0.004594627677053316,0.0013291543409857597
p31_NCI,3.5359464734001918e-37,170.25919705264783,0.00024101092786442686,2.8433774e-07,0.0,0.20367037402655486,0.05097791732304094
p31_MASS,3.451404653654596e-13,53.77066480576795,0.00157172220639271,1.5065804e-06,0.0,0.10310561362130308,0.026169710602014173
p32_H2,1.3605183559761896e-10,41.72912766671703,2.546318508832532e-05,4.1009366e-06,0.00025838383339233886,0.06125933352599451,0.015386820370274144
p32_H3,7.355459280967794e-14,56.907123683579144,2.47207670535995e-06,0.0,0.0,0.0130199901235776,0.00325561555007074
p32_NCI,1.1254684978568917e-17,74.88288482239953,6.0454578723674276e-05,5.6315957e-06,0.0,0.05220962873320657,0.013068928726917775
p32_MASS,0.00011479711716982536,14.945083115459614,0.0001178277625666721,8.948697e-05,5.35196262869068e-05,0.007729034937962752,0.0019974673251023354
p33_H2,1.0223190648079277e-60,292.652183813834,0.0002907858399284525,6.8467176e-05,7.897997270552709e-05,0.06898757989460505,0.01735645322077952
p33_H3,5.0859090112996443e-36,164.44315969737752,0.0003273275964079109,0.0021813004,0.0,0.19291824818771694,0.048856719052972376
p33_NCI,1.228000027748415e-28,127.80852644579777,0.00012486630393766367,1.4120638e-05,0.0,0.011426461707254991,0.0028913621623726025
p33_MASS,8.499348203172413e-24,104.217744852149,0.00019118660521841535,8.772141e-06,0.0014347774638994817,0.053883411099651154,0.013879536827435444
p34_H2,0.15444030412669785,2.0296206732036373,0.0,0.0,0.0,0.0,0.0
p34_H3,1.8453789067251125e-05,18.44598161431021,4.095636080818074e-06,0.0,0.0,0.1669000736167785,0.04172604231321483
p34_NCI,3.018756732551228e-09,35.54377456164279,1.5989706804391415e-05,4.7471417e-06,0.0,0.09837423175281904,0.024598742150331344
p34_MASS,0.046025089100896734,3.98643895801155,5.8834366270375635e-05,0.0,0.0,0.13082652611745638,0.03272134012093169
p35_H2,0.09005566915985815,2.876612353798995,0.0,0.0,0.0,0.0,0.0
p35_H3,2.409490448794929e-18,78.06201256201658,4.361732356288812e-05,7.230327e-05,0.0,0.0658548183390021,0.016492684733575253
p35_NCI,1.6669005366518746e-46,217.8032654074144,0.00028088508054777253,4.308711e-06,0.0,0.060057019970285674,0.015085553440493553
p35_MASS,4.868131001370078e-87,439.1637420032118,0.0004032035777905221,9.258375e-06,0.0,0.052505444773263237,0.013229476681520986
p36_H2,0.21646329624246768,1.5287863560531945,0.0,0.0,0.0,0.0,0.0
p36_H3,4.833757506539773e-43,200.00854847491738,4.8560229361356435e-05,8.509917e-06,0.0,0.1721015912106208,0.043039665339315365
p36_NCI,1.0092301304265452e-16,70.37117938018766,7.774310917666495e-05,0.0010406149,0.0,0.039968387020890846,0.010271686259657156
p36_MASS,2.177224465954167e-50,237.96896820103126,0.0007300470574915962,0.00011832938,0.0,0.0728569907245207,0.01842634179022624
p37_H2,1.350747870752091e-48,228.6345777505273,5.684636259544569e-05,5.1719776e-06,0.0,0.06705064753735367,0.01677816646938505
p37_H3,0.1625131580603927,1.9523563968207933,0.0,0.0,0.0,0.0,0.0
p37_NCI,4.721300907544352e-07,25.569792749551045,0.0002401659337027593,2.7642885e-05,0.0,0.20673771890945059,0.05175138193215594
p37_MASS,3.4935096431652515e-99,510.35244625233287,0.00017849820691229632,1.0039599e-05,0.0,0.09387072373047266,0.02351481538413291
p38_H2,0.1950929744676732,1.6800388660996017,0.0,0.0,0.0,0.0,0.0
p38_H3,0.005439917042686568,7.746678706575227,3.1155565920229137e-07,1.0860556e-06,0.0,0.16137234499124523,0.0403434356506237
p38_NCI,3.3942253431872713e-09,35.31073388060474,0.0001046546870428122,3.2181083e-06,0.0,0.12704378359371937,0.03178791409726662
p38_MASS,0.6021235216738577,0.2719054017952702,0.0,0.0,0.0,0.0,0.0
p39_H2,5.365069572222708e-79,393.28751306153913,0.0004333948737207091,0.0009920795,0.0,0.00664236842098884,0.0020169606982389653
p39_H3,1.2414485534058903e-44,208.16086778354207,1.621400974020632e-05,5.157671e-06,0.0,0.04944124987971339,0.012365655390059571
p39_NCI,6.12436166696344e-26,114.61701881828921,4.961602096996239e-05,0.00050392165,0.0,0.12168124156800428,0.030558694809365423
p39_MASS,5.965558609026388e-239,1520.7534325733602,4.3342587932000006e-05,2.0358666e-05,0.0,0.06268882923070354,0.015688132621160474
p40_H2,5.5506925094337946e-39,179.3596380615655,0.00014369993149821047,4.2212494e-05,7.0108491422877e-05,0.17890339495673582,0.04478985396841641
p40_H3,1.7969902025475427e-10,41.172081299196094,5.071733384573023e-05,6.7797264e-05,0.0,0.18161718044168962,0.04543392375986124
p40_NCI,1.808989338822555e-15,64.45811777496759,5.661965404360008e-05,3.7942264e-06,0.0,0.12289038664234604,0.03073770013068713
p40_MASS,0.2933578089179341,1.1048219015535898,0.0,0.0,0.0,0.0,0.0
p41_H2,2.7116844145077054e-35,160.80177991872307,0.0010714013364081126,3.601883e-06,0.0,0.020572327953281323,0.005411832793174544
p41_H3,0.35559847309256254,0.8538374192678461,0.0,0.0,0.0,0.0,0.0
p41_NCI,1.1203853030353022e-15,65.43781238483174,0.00033929243560380096,2.5300453e-05,5.576678830439061e-05,0.1452567912383403,0.036419287728752664
p41_MASS,1.18316112841557e-37,172.65300354797424,0.000374212929393236,0.0,0.000737226823908641,0.037796996616331915,0.009727109092408448
p42_H2,0.0001648648921722177,14.25716498190689,0.0004330168494477645,0.0002497568,0.0,0.11446163822702977,0.028786102966910195
p42_H3,2.231054099114888e-250,1621.3161191490733,2.5513521978281322e-06,3.6542988e-05,0.0,0.0004055573145035765,0.00011116291362540198
p42_NCI,3.7596760619437694e-44,205.69027341766036,0.0001695915387196811,0.008502846,0.0021211009981893956,0.1237867298228491,0.03364506700303991
p42_MASS,6.868328196291883e-39,178.8919089539463,4.891025541582237e-05,0.0,8.24123459522336e-05,0.05573125033647403,0.013965643234460522
p43_H2,0.0010239492199256366,10.820737929866954,0.00015061399634471378,1.0091729e-06,0.0,0.18254273328502635,0.045673589113576184
p43_H3,5.523515631846864e-15,62.17844911676714,2.330088820256376e-07,0.0,0.0,0.05847016211623857,0.014617598781280149
p43_NCI,0.5858647133572217,0.29696061370736887,0.0,0.0,0.0,0.0,0.0
p43_MASS,1.6089822669430136e-35,161.93660370437559,2.4837820987515455e-05,8.432584e-06,0.0,0.08946854797962765,0.022375454596117367
p44_H2,1.5666133091986816e-122,653.9310374160071,4.472025713411709e-05,3.85271e-05,0.00011858009981222238,0.03245645809465783,0.008164571388256998
p44_H3,0.00014072198859626663,14.557853160573435,8.020516119407338e-07,0.0,0.0,0.34001073807596055,0.08500288503189313
p44_NCI,1.3212876257590287e-184,1082.426410963908,5.121296247724335e-05,8.284766e-05,0.0,0.006507137089270611,0.0016602994285044809
p44_MASS,1.0295614514822637e-129,699.9400739338458,8.577362575866469e-05,0.0,0.0,0.1189099582395129,0.029748932966317893
p45_H2,0.8991917682432525,0.016053168390939183,0.0,0.0,0.0,0.0,0.0
p45_H3,1.8098524644453128e-17,73.90455222385894,3.6677100969119385e-05,7.614722e-06,0.0,0.1555077697373733,0.03888801539011259
p45_NCI,0.7422572223918777,0.10818743598414636,0.0,0.0,0.0,0.0,0.0
p45_MASS,8.226484683227635e-05,15.580074797443611,0.0002833484441196658,1.1587545e-05,0.00011701749315345052,0.16396645629371517,0.04109460244389137
p46_H2,0.5445842151084317,0.36725499869916595,0.0,0.0,0.0,0.0,0.0
p46_H3,0.15614359159524716,2.012941908471859,0.0,0.0,0.0,0.0,0.0
p46_NCI,0.16598508646905077,1.9204628267528925,0.0,0.0,0.0,0.0,0.0
p46_MASS,0.07061499782143417,3.27272169712013,4.2168386058113944e-05,1.7411223e-06,0.0,0.06497810725751421,0.016255504191476214
p47_H2,1.1551367514277773e-112,592.149570633231,6.859337329278553e-05,1.8430832e-06,6.948907775624115e-06,0.1946281321091435,0.048676379368345166
p47_H3,1.1315871236582463e-26,118.19244760117815,7.121727137309809e-06,0.0001987724,0.0,0.26976393559611633,0.06749245742965813
p47_NCI,6.266711011710335e-24,104.85821208978048,0.00013649263753308578,8.906784e-07,0.0,0.10002606764676454,0.02504086274067272
p47_MASS,4.764801299028887e-243,1556.4605988950511,5.126194415735171e-05,0.0,0.0,0.02962139329205749,0.0074181638090537105
p48_H2,4.745558546282375e-44,205.17145612648176,0.0002794572180901811,1.6791408e-05,0.0,0.20601215380766638,0.05157710060836121
p48_H3,1.652285398539267e-08,32.1715421142055,8.499446242055619e-05,0.0001565552,0.0,0.1403768006786142,0.03515458758371509
p48_NCI,4.2529955924193454e-24,105.67326573664741,0.00029108518814711557,5.16337e-05,0.0002775108059179758,0.02590219273290977,0.006630605606394674
p48_MASS,6.31807109236735e-39,179.07526961260263,0.0004035871781174613,1.8104914e-06,0.0003575772544204405,0.20585686857162386,0.05165496087389697
p49_H2,2.2595295835801786e-08,31.552318322918065,0.00011666643220582477,1.1069636e-05,0.0,0.09772380593694573,0.024462885501174828
p49_H3,8.923132961539267e-12,47.20052768738846,4.117310097811252e-05,0.0,0.0,0.04568198632398845,0.01143078985624164
p49_NCI,5.373432172272399e-26,114.89370032536655,0.00023327226597890535,6.2201375e-06,0.0,0.10146939457836435,0.025427221745459083
p49_MASS,0.34426017321566604,0.8949944205706972,0.0,0.0,0.0,0.0,0.0
p50_H2,1.9342823284489296e-53,253.96373155985648,0.00012619096398991687,2.472115e-07,0.0,0.03829491657460492,0.009605338687520861
p50_H3,8.225099281827284e-87,437.8506412962836,3.0042260049529923e-07,0.0,0.0,0.03178236467414086,0.00794566627418534
p50_NCI,1.2598379302025771e-58,281.4577448915042,5.203454378718154e-05,1.0638167e-06,0.0,0.04676876228058586,0.011705465160278157
p50_MASS,1.03685799344178e-76,380.42731450635637,5.552977305729369e-05,0.0,7.262421518739473e-05,0.019226397115233964,0.0048386377758696635
p51_H2,6.3096463503623714e-86,432.7572242069202,0.00027274074037805503,0.00011152616,7.945452030102377e-05,0.25930328887563103,0.06494175257459567
p51_H3,6.403429539585855e-150,834.2374327515528,7.225430414192565e-05,0.0,0.0,0.17085423977752018,0.042731623520415526
p51_NCI,1.706759346091037e-89,453.3687644964127,0.0003162827949788591,2.103915e-06,0.0,0.15617123319136614,0.039122404975334805
p51_MASS,1.9875051514742714e-16,68.98035812191111,0.00089890656145067,1.9149952e-06,5.566746930547961e-05,0.18234063562599565,0.04582428116299033
p52_H2,9.369579745247003e-48,224.27064058817027,2.3402343289930944e-05,1.7442635e-06,0.0,0.16739422884807578,0.04185484386371639
p52_H3,3.6763313687560368e-06,21.5667638860977,2.944736844682402e-06,0.0,0.0,0.08515661096278732,0.021289888924908
p52_NCI,8.051022071188557e-37,168.46218795725594,7.62803913222093e-05,4.2127044e-06,0.0,0.22668964706597886,0.05669253504043159
p52_MASS,5.6529820151842855e-61,294.0343168878949,0.0022462390546484664,0.0002565201,0.0,0.19306550223718047,0.04889206535143417
p53_H2,1.0002539788004645e-47,224.12352671318394,2.8970573862269984e-06,4.9439127e-06,0.0,0.1735714715640026,0.04339482813352213
p53_H3,2.7508340916176568e-93,475.4979382385718,2.619486373999362e-08,0.0,0.0,0.004297224859017349,0.0010743127634702723
p53_NCI,2.5918071139318977e-12,49.693197958669685,1.3926361840833551e-05,1.3402132e-06,0.0,0.1354984297918168,0.03387842409171507
p53_MASS,4.590097318256781e-11,43.90756508041387,2.9155963067199742e-06,4.248507e-05,6.908762157412336e-05,0.07321781753720863,0.018333076456165075
p54_H2,0.5633946414679566,0.3339899027375819,0.0,0.0,0.0,0.0,0.0
p54_H3,1.0,0.0,0.0,0.0,0.0,0.0,0.0
p54_NCI,0.5633946608690827,0.3339898695172247,0.0,0.0,0.0,0.0,0.0
p54_MASS,0.5633946410616115,0.33398990343337737,0.0,0.0,0.0,0.0,0.0
p55_H2,0.0011530599666068175,10.599642258175944,0.00016156296560175214,6.9976713e-06,0.0,0.15745924586901455,0.03940695162648778
p55_H3,0.40742480722040086,0.6866389062513951,0.0,0.0,0.0,0.0,0.0
p55_NCI,4.8107981736779265e-76,376.6930261389037,0.0002715974312581224,5.4405014e-06,0.0,0.015205195662263664,0.0038705583987190253
p55_MASS,5.595078473298453e-06,20.751984228781925,0.00010669061702563243,0.0,0.0,0.07395280967863989,0.01851487507391638
p56_H2,0.4582098063912198,0.5505118643138943,0.0,0.0,0.0,0.0,0.0
p56_H3,3.0871769085609433e-06,21.906078714460584,1.8461850956620996e-05,0.0,0.0,0.0576166144111256,0.014408769065520556
p56_NCI,1.1532902588618882e-46,218.6295667552347,7.828830572557457e-05,2.856438e-06,0.0,0.027525821902527548,0.006901741661553044
p56_MASS,4.6167772045214176e-10,39.28559642361798,5.068804502857519e-05,8.379894e-05,0.0,0.031204739019115444,0.00783480650173511
p57_H2,4.14556444271758e-30,135.04856566537862,9.730662382061106e-07,1.0210873e-06,0.0,0.06768152563729676,0.016920879947712308
p57_H3,8.423208573894257e-29,128.61245520073004,9.730662382061106e-07,1.0210873e-06,0.0,0.06768152563729676,0.016920879947712308
p57_NCI,3.303966299759515e-26,115.92281676997703,9.730662382061106e-07,1.0210873e-06,0.0,0.06768152563729676,0.016920879947712308
p57_MASS,0.21164268533051864,1.5613143384252233,0.0,0.0,0.0,0.0,0.0
p58_H2,0.00017927768906680238,14.098167487263538,7.079700789719863e-06,7.362065e-07,0.0,0.04758381031372062,0.011897906555256634
p58_H3,0.5633946414768921,0.33398990272231865,0.0,0.0,0.0,0.0,0.0
p58_NCI,0.05037637598061019,3.834261069041235,6.73099899354391e-05,7.4513104e-05,0.0,0.13345249041262908,0.03339857837657981
p58_MASS,0.4114468161936169,0.6749443079033427,0.0,0.0,0.0,0.0,0.0
p59_H2,5.04128937159055e-05,16.515989254637468,5.614259185380238e-05,7.5213998e-06,0.0,0.1225715790918109,0.030658810770857706
p59_H3,1.2076077845762222e-29,132.76072949344484,5.843629087013691e-06,0.0,0.0,0.003886830145978251,0.0009731684437663162
p59_NCI,4.706880392205215e-43,200.06763360126308,7.5826444042826e-05,3.2868327e-06,0.0,0.09915303295969784,0.02480803655910512
p59_MASS,0.0003149536949356459,13.032133186707725,5.187976816511898e-05,1.4220045e-06,0.0,0.09645253306166227,0.024126458708585825
p60_H2,0.19334493222877266,1.6932670609284248,0.0,0.0,0.0,0.0,0.0
p60_H3,0.004102957440909657,8.259816491451785,1.611002737973764e-08,0.0,0.0,0.059078837570560344,0.014769713420146931
p60_NCI,2.4431830170102435e-05,17.90589783625738,0.001101215563508955,2.6832012e-07,5.412618181498665e-05,0.07397878888092208,0.018783599736591924
p60_MASS,0.7960713143446889,0.06680926925341185,0.0,0.0,0.0,0.0,0.0
p61_H2,0.4355335985040326,0.6083058172940705,0.0,0.0,0.0,0.0,0.0
p61_H3,0.22562390911336175,1.4692907909919288,0.0,0.0,0.0,0.0,0.0
p61_NCI,0.5114791019771918,0.43121910451985346,0.0,0.0,0.0,0.0,0.0
p61_MASS,0.2669368607640945,1.2332195664799808,0.0,0.0,0.0,0.0,0.0
p62_H2,2.498603173116591e-06,22.317369681726287,5.0940045191137525e-05,0.00019901391,0.0,0.061755261782414375,0.015501303935280366
p62_H3,0.02967848657662626,4.735692147014107,8.761834722474414e-06,0.00035720158,0.0,0.03533509248231731,0.008925263975471857
p62_NCI,1.616452295620463e-41,192.2287766567565,0.00034290716817804564,0.00017214021,0.0,0.20661756083490596,0.05178315205270193
p62_MASS,0.00019164103502043077,13.971731042694532,0.00015090230575104106,3.229089e-05,0.0,0.04147033279587874,0.010413381497674106
p63_H2,0.018237961244748187,5.583797855823815,0.00011160223853914409,1.739281e-05,0.0,0.1386610948313198,0.03469752246977495
p63_H3,0.22371894336306777,1.4814220120862742,0.0,0.0,0.0,0.0,0.0
p63_NCI,0.8711551127295872,0.026313898523657432,0.0,0.0,0.0,0.0,0.0
p63_MASS,3.1535198225946784e-11,44.661326181695415,0.0003462768106898724,0.00010297546,0.0,0.1657954040124059,0.041561164069945034
p64_H2,8.128866320400167e-27,118.8937462271516,0.00046268598437314534,0.0,0.0,0.10417721286819329,0.026159974713141607
p64_H3,8.643903696143621e-05,15.485657151190601,0.0001841857940814082,0.0,0.0,0.16737455739818502,0.04188968579806661
p64_NCI,1.1825627546464347e-10,42.009896780558826,2.7796048646682422e-05,1.8870829e-05,0.0,0.03883286850057987,0.009719883844576812
p64_MASS,2.3222658186201223e-32,146.18654333090345,0.000258061609719972,9.0370156e-07,0.00013956161636514977,0.07035330005798154,0.017687956746407062
p65_H2,0.010577016034225244,6.549355132665451,2.622646980629898e-06,3.8841233e-07,0.0,0.15459037450822005,0.03864834639188308
p65_H3,0.13490410675101544,2.2372445059577584,0.0,0.0,0.0,0.0,0.0
p65_NCI,0.8341465768406422,0.04385597203060071,0.0,0.0,0.0,0.0,0.0
p65_MASS,3.346352276360355e-05,17.301530802501674,3.235687649211597e-05,0.0,0.0,0.07246320802753291,0.018123891226006255
p66_H2,0.07848989823832303,3.099581880320187,0.00041676020110974606,4.5864422e-07,0.0,0.07094681779010788,0.017841009158860166
p66_H3,0.6226609614284954,0.24223262695374495,0.0,0.0,0.0,0.0,0.0
p66_NCI,0.015342818051806262,5.888420402591881,8.71755835363768e-05,0.0003372955,1.0386966707057748e-05,0.24715765215185914,0.061898127549560096
p66_MASS,0.4766108292753539,0.5068299090165667,0.0,0.0,0.0,0.0,0.0
p67_H2,0.6132585679498794,0.255550159960056,0.0,0.0,0.0,0.0,0.0
p67_H3,1.0,0.0,0.0,0.0,0.0,0.0,0.0
p67_NCI,0.025120134834723192,5.024357228043606,0.0,2.026053e-07,0.0,0.036382634283159083,0.00909570922211646
p67_MASS,0.8428223669549217,0.03932866606575192,0.0,0.0,0.0,0.0,0.0
p68_H2,5.382489231396341e-06,20.827068626786915,6.22790871430339e-06,0.0,0.0,0.022778491772519806,0.005696179920308527
p68_H3,2.2602938561571063e-16,68.716567754754,6.378362867393311e-07,9.554387e-05,0.00026158542913189554,0.32081877716568735,0.08029413607617969
p68_NCI,0.0019012345793458965,9.67238962384347,1.0602430428838826e-05,3.5062837e-06,0.0,0.003291709026186631,0.0008264544350905928
p68_MASS,3.604798047557942e-14,58.35688994618109,5.1006728594282624e-06,0.0,0.0,0.06742238171126756,0.016856870596031748
p69_H2,1.2470326920150278e-77,385.5921212196049,1.6986645324952024e-05,0.003686554,0.0,0.15986874348044952,0.040893071039305263
p69_H3,1.6787839065379308e-09,36.71124225977755,0.0,0.0,0.0,0.026632074354105157,0.006658018588526289
p69_NCI,8.296205767437281e-150,833.4696215118709,4.917198054480741e-06,6.698833e-06,0.0,0.007125490207618854,0.0017842765597192588
p69_MASS,0.8952694814758569,0.017334064057517924,0.0,0.0,0.0,0.0,0.0
p70_H2,8.926326435875445e-05,15.424344738265837,2.4161847154623996e-05,0.0,0.0,0.030193669435665576,0.00755445782070505
p70_H3,1.9386600439178496e-14,59.61921518276635,1.9245512087817737e-05,0.0,0.0,0.02308640043007904,0.005776411485541714
p70_NCI,7.980656473812828e-14,56.74140268355008,4.033680536570264e-07,0.0,0.0,0.21103339241956978,0.05275844894690586
p70_MASS,0.0004616135137758438,12.312040883132509,1.8613219850181227e-07,2.5031062e-07,0.0,0.047517690035982774,0.011879531619700377
p71_H2,0.1335206342280869,2.253212911197015,0.0,0.0,0.0,0.0,0.0
p71_H3,0.8904192686442667,0.018987210017562938,0.0,0.0,0.0,0.0,0.0
p71_NCI,0.5696075201109683,0.3234639166292771,0.0,0.0,0.0,0.0,0.0
p71_MASS,0.4403228442027354,0.5957168082648328,0.0,0.0,0.0,0.0,0.0
p72_H2,0.02450414651948073,5.067501797803087,0.0,0.0,0.0,0.0172470453401832,0.0043117613350458
p72_H3,1.0,0.0,0.0,0.0,0.0,0.0,0.0
p72_NCI,0.038912566362017766,4.271207068222391,4.8890779646201505e-06,0.0,0.0,0.0070938153239863445,0.0017746761004877412
p72_MASS,0.019558569483592393,5.461095155016184,5.827267503615863e-06,0.0,0.0,0.0024778573885991255,0.0006209211640256854
p73_H2,1.4756711514408592e-46,218.07657402710632,3.7477332582905125e-05,0.0,0.0,0.032339630176511466,0.008094276877273593
p73_H3,0.06284398369366029,3.4651793118859406,2.4533396490046074e-05,0.0,0.0,0.19494152457517208,0.048741514492915534
p73_NCI,6.70368793608385e-52,245.87566239989292,1.9882019559811467e-05,0.0,0.0,0.07318378530539602,0.018300916831238957
p73_MASS,5.360756225942923e-06,20.83491175879822,4.560636335199795e-05,0.00023404593,0.0,0.010067084109655906,0.002586684101327539
p74_H2,2.763427194030491e-08,31.154334682604606,2.5261871659645863e-06,1.2437744e-07,0.0,0.01868203060660163,0.004671170292800986
p74_H3,0.025604671098044988,4.991185343324615,0.0,0.0,0.00013921000386786045,0.06463431729279503,0.016193381824165725
p74_NCI,0.0011296061442299787,10.637879337396528,1.4647506826575434e-05,7.1115e-07,0.0,0.07745028465985371,0.01936641082916857
p74_MASS,3.7389978424860993e-07,26.02678147933997,4.811861525092889e-05,0.0,0.0007702522651949027,0.07220722428984654,0.01825639879257309
p75_H2,0.0009072609030604878,11.046339369945125,1.1652581294210286e-05,7.2078233e-06,0.0,0.002521583700981867,0.0006351110263873562
p75_H3,0.0849178475719164,2.9715932197285375,0.0,0.0,0.0,0.0,0.0
p75_NCI,2.2347250183730882e-06,22.534545178239284,4.975803061846154e-06,8.881133e-08,0.0,0.04318226963265294,0.010796833561762045
p75_MASS,0.007924634095182317,7.066935639517202,4.974429285148019e-06,0.0,0.0,0.014665301181389924,0.0036675689026687682
p76_H2,1.5697210970541247e-16,69.4644972052937,1.1944848471164675e-05,0.00048894476,0.0,0.08926177047569757,0.022440665020823872
p76_H3,0.3355384148697236,0.9279231879097912,0.0,0.0,0.0,0.0,0.0
p76_NCI,0.0005554288690647732,11.964551200551142,6.447638160251381e-05,1.4626779e-05,0.0,0.1629428035277004,0.04075547667216954
p76_MASS,1.0416716727918905e-18,79.79465771137966,4.00595581815319e-05,0.0,6.23410740799593e-05,0.07377628485526248,0.018469671371880995
p77_H2,0.015426875510647689,5.878766141853105,2.370924097061935e-06,9.2009833e-07,0.0,0.03604601294604991,0.009012325992119236
p77_H3,1.0,0.0,0.0,0.0,0.0,0.0,0.0
p77_NCI,5.299816229083679e-06,20.857075715896,1.0880458869577624e-06,0.0,0.0,0.043543098110680495,0.010886046539141863
p77_MASS,0.04368825649422688,4.074563817799913,5.980425171389248e-07,1.1582105e-06,0.0,0.029880136068901095,0.007470473080471109
p78_H2,3.293323345439941e-43,200.86112384207965,3.103368736167191e-05,0.0,0.00039985981658689383,0.030939094797996024,0.007842497075486147
p78_H3,1.0,0.0,0.0,0.0,0.0,0.0,0.0
p78_NCI,6.739474301450986e-55,261.6531641335164,7.740537578378107e-05,2.0283205e-06,0.0,0.051161669906077525,0.0128102759005961
p78_MASS,2.4006864132164657e-65,317.666849170119,6.524676610331079e-05,0.0,0.0,0.008812116221134123,0.0022193407468093585
p79_H2,3.569276496088687e-268,1784.1802034623452,2.081578488197085e-05,2.4427723e-06,6.088523090480425e-05,0.030694001011208248,0.007694536199812874
p79_H3,2.054790640869825e-290,1998.9240453480463,4.249609000970747e-06,0.0,0.0,0.060699348077911566,0.015175899421728135
p79_NCI,7.302406310379633e-17,71.03574741532802,1.6644327528454186e-05,6.220371e-06,0.0,0.018336181306564687,0.004589761501217902
p79_MASS,1.6269847562549469e-252,1640.4672998488497,1.2015228937749405e-06,9.010877e-07,0.0,0.026373490324599517,0.006593898233791776
p80_H2,4.6145900614568706e-26,115.21578250899913,9.18255303856395e-05,5.043408e-06,0.0,0.08562491433215594,0.021430445817580912
p80_H3,0.6882144277641299,0.16107945272557334,0.0,0.0,0.0,0.0,0.0
p80_NCI,2.2256995138737665e-05,18.085234741839738,0.0002122496827397614,4.4357006e-05,0.0,0.1799865741697966,0.04506079521466357
p80_MASS,9.630090182810917e-32,143.12374643230956,7.568452492605095e-05,0.0,0.0,0.017683282636645738,0.004439741790392947
p81_H2,0.8208877229888735,0.051274125582553794,0.0,0.0,0.0,0.0,0.0
p81_H3,0.0010188972622646498,10.82995366357685,3.7653632012582894e-06,6.3835782e-06,0.0,0.19194900244212953,0.047989787845892314
p81_NCI,7.461688729979845e-134,726.8649536815713,6.252050030648686e-05,4.1099174e-06,0.0,0.02979129890221893,0.007464482329988062
p81_MASS,0.8406376124406819,0.040444564087405016,0.0,0.0,0.0,0.0,0.0
p82_H2,1.2281375558003615e-167,958.1290816049064,0.00013772240887813283,2.2612452e-05,0.0,0.11192918350409588,0.028022379591264756
p82_H3,4.928605320871835e-151,841.8530925803053,0.00015170569641289962,6.828416e-06,0.0,0.09514775074279354,0.023826571213849065
p82_NCI,2.1870067108066884e-162,920.797662812282,0.00015170569641289962,6.828416e-06,0.0,0.09514775074279354,0.023826571213849065
p82_MASS,1.0648764193418795e-154,867.079277925272,0.00015170569641289962,6.828416e-06,0.0,0.09514775074279354,0.023826571213849065
p83_H2,5.0077159490382936e-42,194.82259363826924,0.0007721043244843037,8.137007e-05,0.00038545112551279344,0.46525521933591446,0.11662353621349632
p83_H3,0.7814341966615257,0.07700286563151443,0.0,0.0,0.0,0.0,0.0
p83_NCI,2.157277926757128e-28,126.60764463095154,0.0005457603055629731,2.394914e-06,0.0004963669999698694,0.049809280087575444,0.012713450576767857
p83_MASS,6.912836956150052e-101,520.5265124566148,0.0032455774074430775,0.0002641317,0.001385767708091164,0.1593523318867631,0.04106195217479802
p84_H2,2.5898676517628808e-21,92.2460437671538,2.8559744253171176e-05,1.9325432e-06,0.0,0.022071252546234765,0.005525436208428901
p84_H3,0.10636932659889316,2.610083933032966,0.0,0.0,0.0,0.0,0.0
p84_NCI,5.467325665546553e-06,20.796753934684023,0.00013606899392121433,4.3409364e-05,0.0,0.03378939515736624,0.00849221837871446
p84_MASS,6.134652942954297e-14,57.275892618238146,7.385751074267666e-05,2.470822e-05,0.0,0.08681719256626091,0.021728939574434697
p85_H2,4.642605770068113e-143,787.8229461126823,0.019059307572142997,0.00029523132,0.023357933533750208,1.0,0.26067811810710456
p85_H3,1.3454597052042052e-54,260.0670567853028,0.0018727425484078273,0.001900581,0.0017026338809485247,0.5945380949814626,0.1500035130888281
p85_NCI,1.7101775159687014e-103,536.183980104579,0.0019379547352596006,7.29073e-05,0.00026395952679465296,0.37119224824891306,0.09336676745271914
p85_MASS,0.055238820527434604,3.67985544334688,0.002159815153361834,0.00033524106,0.0044663753121607945,0.568086725655084,0.14376203929433812
p86_H2,0.5384552555985347,0.3785617784793523,0.0,0.0,0.0,0.0,0.0
p86_H3,2.6513785852713114e-17,73.1186889087892,1.6686531607436997e-06,6.9488794e-07,0.0,0.01725994155680813,0.004315576274478349
p86_NCI,6.554163980526695e-45,209.5866006017567,0.000730279850047533,0.00038564324,0.0,0.27677597943302196,0.06947297563200583
p86_MASS,0.04805550385764213,3.913619007250896,7.100496310715604e-05,3.0595394e-05,0.0,0.0762290704168914,0.01908266769362256
p87_H2,1.9320634131290415e-06,22.81786987172876,4.93312656244174e-05,3.50434e-06,0.0,0.029160558518833504,0.007303348531096818
p87_H3,2.3548488638116254e-22,97.25358649673652,1.3063521050485662e-06,2.1182201e-07,0.0,0.06725735763002764,0.016814718951036266
p87_NCI,1.3132405027692116e-14,60.41256607406065,4.1428588954330276e-05,5.826491e-06,0.0,0.016428790233882003,0.00411901132843552
p87_MASS,0.000608872304484294,11.792257937930138,0.00010109817303256901,5.3177666e-07,3.1938441881920016e-05,0.044917868328384854,0.011262859179990734
p88_H2,3.606417642291559e-41,190.4546448477077,5.6721974814268885e-05,4.4309404e-06,0.0,0.07025938281681679,0.017580133933009633
p88_H3,0.0016141454004686157,9.97521078471313,1.4943619101626883e-05,4.508345e-06,0.0,0.023136883738699945,0.005789083925643658
p88_NCI,1.0075907351750552e-13,56.267947470653,0.00013084737566575023,0.00016509749,0.0,0.2561202740690073,0.06410405473321996
p88_MASS,6.7811533717646256e-46,214.6589034788441,0.00026891068841570516,8.061892e-06,0.0,0.10702303855169239,0.026825002783027962
p89_H2,1.2130902586096174e-84,425.3885526971258,0.012477617821458818,0.0002083261,0.001108200320740086,0.26615054366292756,0.06998617197780065
p89_H3,9.757007899529887e-140,765.6488738788166,0.007323507248691895,0.00040148298,0.002283334820959003,0.937009558507573,0.23675447088819998
p89_NCI,1.4346174445062955e-25,112.81771603564263,0.0016714976361974102,2.0785144e-05,0.0007623578614719655,0.44089676761080887,0.1108378520632303
p89_MASS,3.404311732483867e-50,236.9559308548962,0.008887417484291012,0.0028609477,0.006102099686135116,0.271985869687035,0.07245908365059549
p90_H2,0.07582657215264826,3.155962786638665,0.0024463279236077887,0.0001453171,0.0015536416769197214,0.7629122738713073,0.1917643901426939
p90_H3,1.4690712962624716e-22,98.2409527637225,9.12946031874549e-05,0.0,0.0,0.30259326237936823,0.07567113924563892
p90_NCI,2.3495137493948924e-49,232.58414401145058,0.000643891598116005,1.8233126e-05,0.012171495314921645,0.12847614376408284,0.03532744095076928
p90_MASS,9.685932041091267e-45,208.71470119303711,0.005817388761851508,0.00018358736,6.236670639021235e-08,0.03261902307419486,0.009655015389543886
p91_H2,1.1297509288114974e-133,725.6870730763333,6.217010020815962e-05,3.0079798e-06,0.0,0.11977901920061353,0.029961049320151735
p91_H3,1.8873151864263362e-144,797.164481269474,0.00033162753583290813,0.0,0.0,0.11763308378285318,0.029491177829671523
p91_NCI,7.001483233248783e-87,438.2538098145912,0.0005880375835646084,6.8489694e-06,0.0,0.09648762314776571,0.02427062742518404
p91_MASS,1.7513112954554025e-09,36.627033891635726,0.0008033723080163208,5.083726e-07,0.0037636191766939617,0.10304290393947284,0.026902600949190676
p92_H2,2.306245145421233e-72,356.1915855306108,0.0010625100636490552,4.7961345e-05,0.0018868719686699587,0.30612743488171584,0.07728119456464247
p92_H3,6.8880542534720305e-28,124.13610520612559,0.0003116548793215401,4.486669e-05,2.400932578427792e-05,0.7473068722487565,0.18692185078611226
p92_NCI,1.2458949313466717e-07,28.184744167296003,0.0045507593279194,0.00051018066,0.0012651188912493946,0.2543360382076892,0.06516552427172895
p92_MASS,3.119832533225512e-14,58.65082024107962,0.0011239635707613097,0.00034708463,0.00022960019971581425,0.13138238855327244,0.03327075923786729
p93_H2,7.447e-320,2303.5815702505274,0.43235438657185976,0.0025335893,0.26622511227251616,0.38045548727925427,0.2703921438451394
p93_H3,2.2664137852114755e-191,1133.583667458084,0.0007829408282109524,0.00012124918,1.0424439731263948e-05,0.29840717037605025,0.07483044620525499
p93_NCI,0.10306645601041645,2.6602649903896576,0.0,0.0,0.0,0.0,0.0
p93_MASS,9.970354288033494e-15,60.973959863162875,0.005322592476160563,0.00022833723,0.003917777216201907,0.24497084729508276,0.06360988855448882
p94_H2,2.2918199847293005e-216,1330.8236998033756,0.0011671457802184808,0.0011527115,0.0017533908818647154,0.2750888009537602,0.06979051226765558
p94_H3,0.6927455867319693,0.15618159860566,0.0,0.0,0.0,0.0,0.0
p94_NCI,0.8265391449896524,0.048037995181380036,0.0,0.0,0.0,0.0,0.0
p94_MASS,3.7979853253291875e-246,1583.7225173770235,0.0003981369393498008,5.0458175e-07,0.0,0.34147610767869313,0.08546868729994794
p95_H2,1.3356755494094573e-07,28.04787222041341,0.0043194325759615204,0.0010335481,0.007000310906282835,0.08187766875088034,0.023557740095601236
p95_H3,7.598206506679507e-14,56.841161008493486,0.00035600893601408655,4.381085e-06,0.0009159620008064105,0.12768665803803972,0.03224075251498784
p95_NCI,0.0007319574576141059,11.44748582668341,0.0030766911448728397,0.00018512795,0.0014864939662779324,0.024068702388954477,0.0072042538630603375
p95_MASS,0.8295480359832352,0.046360105824102604,0.0,0.0,0.0,0.0,0.0
p96_H2,2.395381889431429e-43,201.5687533166515,0.00045153921494759617,1.5535807e-05,0.00023917717326273256,0.17157036082056432,0.04306915325384285
p96_H3,4.793528893193726e-122,650.8516473918276,0.0002591035987724508,4.0694704e-06,0.0,0.4895038956684855,0.1224417671844091
p96_NCI,0.19211077613099367,1.702690984463767,0.0,0.0,0.0,0.0,0.0
p96_MASS,1.6796490877749812e-158,893.5091514650056,0.00043175599811186717,0.00012398907,0.0,0.2605624646805807,0.06527955243713172
p97_H2,0.27587773345245953,1.1880401759851589,0.0,0.0,0.0,0.0,0.0
p97_H3,6.585027484155728e-06,20.436360284068623,6.02506103474834e-05,1.7657414e-05,0.0,0.06898959961033278,0.017266876908667916
p97_NCI,2.162619358679245e-16,68.80716466676249,0.00015665915380403593,1.0062254e-05,0.0,0.06273837989044358,0.01572627532449946
p97_MASS,2.8296383902286234e-22,96.8694122646484,0.005075563304026202,0.028681137,0.0019006012243092056,0.14809297136593705,0.04593756814050022
p98_H2,5.734892005187545e-96,491.2773084249934,8.618058515577658e-05,3.9257616e-06,0.0,0.04693576698238582,0.011756468332279243
p98_H3,1.138238675460578e-31,142.76412190969748,2.2454806321316128e-05,0.0,0.0,0.02567993546620425,0.006425597568131392
p98_NCI,1.9015161499783357e-119,634.4450552273404,0.00011644093753661428,2.9569458e-06,0.0,0.045515228275506935,0.011408656539701837
p98_MASS,2.7679728894535493e-69,339.1965133745003,7.530639161133283e-05,1.2975388e-06,0.0,0.06152730934218333,0.0154009783181491
p99_H2,5.9470099228824525e-31,139.21139349152077,0.0007296868072514778,1.2584884e-05,0.0028537845721165094,0.04430330246384122,0.01197483968173586
p99_H3,3.5299649199432507e-15,63.092330281616036,0.0003486385194502652,6.012694e-06,0.0,0.02295318539236861,0.005826959151462164
p99_NCI,3.64808229622464e-12,49.00336095481826,0.000867219544061173,2.0054478e-05,0.00019655491775945024,0.25313063495861593,0.06355361597466598
p99_MASS,0.0003438771077996306,12.86640872805493,0.00053163984902774,4.3886677e-05,0.0,0.02067297464660313,0.005312125293233672
p100_H2,0.3859186637726173,0.7521454077434956,0.0,0.0,0.0,0.0,0.0
p100_H3,0.6946436099991014,0.154155938286149,0.0,0.0,0.0,0.0,0.0
p100_NCI,0.22548996623405201,1.4701397426471658,0.0,0.0,0.0,0.0,0.0
p100_MASS,0.0005142179559307561,12.109265890226972,0.0012651776671776774,0.0,0.0,0.10549821656913753,0.026690848559078804
p101_H2,0.6825940425931436,0.16727707521802673,0.0,0.0,0.0,0.0,0.0
p101_H3,2.780315041930402e-35,160.74745766687803,5.238343618653305e-05,0.00085201854,0.0020141116023863832,0.09047214697064516,0.02334766513643806
p101_NCI,9.561886929888162e-55,260.8504635899013,1.889922586739823e-05,0.0,0.0,0.30804450546491136,0.07701585117269469
p101_MASS,0.02099770897765167,5.336781812918612,9.723932930037063e-06,1.5558254e-06,0.0,0.07625863813890546,0.019067479474310447
p102_H2,3.521918985910862e-27,120.66837592583346,0.00032572030971305906,2.156765e-07,3.1657987444134454e-05,0.13895348413515568,0.03482776952720161
p102_H3,2.0680323974037682e-12,50.14901523759862,9.881927767804794e-07,0.0,0.0,0.09369345434926699,0.02342361063551094
p102_NCI,0.21770896487427743,1.520521028972331,0.0,0.0,0.0,0.0,0.0
p102_MASS,1.9417466979702066e-25,112.17836745415558,0.003149680414009757,0.0,0.004403339602553208,0.12080900400230601,0.032090506004717245
p103_H2,0.0023258902744291068,9.300460974645564,0.0008542101863733122,7.366553e-05,0.0005072518594151816,0.4203794175893396,0.1054536362906451
p103_H3,0.7070894587307424,0.14124830739194488,0.0,0.0,0.0,0.0,0.0
p103_NCI,5.121210198032545e-07,25.410597904585163,0.00026606349334708446,5.8758404e-05,0.0003283477827843375,0.015432512488335747,0.004021420542019576
p103_MASS,0.733629040482558,0.11584304141810703,0.0,0.0,0.0,0.0,0.0
p104_H2,0.0085162571683784,6.937508375474416,0.003336025132628506,3.861647e-06,5.195553032053172e-05,0.10167443587313767,0.026266569545821957
p104_H3,1.2669724107806613e-06,23.64033627260811,1.7813083737191545e-05,0.0,0.0,0.1348847724352178,0.033725646379738745
p104_NCI,0.014630644046817683,5.972473126675673,5.1707066582036825e-05,2.2986495e-05,0.0,0.0896925841319515,0.022441819423261896
p104_MASS,2.5570813210959578e-09,35.87383840435884,0.00010000377748098667,0.0,0.0,0.03678457527762209,0.009221144763775769
p105_H2,0.42181541699207703,0.6455601560977076,0.0,0.0,0.0,0.0,0.0
p105_H3,0.596424934295232,0.2805260095624953,0.0,0.0,0.0,0.0,0.0
p105_NCI,0.5069675256285,0.4405052782707323,0.0,0.0,0.0,0.0,0.0
p105_MASS,0.4101384282610051,0.6787301347176532,0.0,0.0,0.0,0.0,0.0
p106_H2,9.413082680768249e-99,507.78902101918607,0.0002120737060902888,5.0964507e-05,0.0,0.030961897087388945,0.007806233825108356
p106_H3,7.351300943601561e-13,52.23978049660206,2.757225382658257e-05,1.0732813e-06,0.0,0.05458209009070713,0.013652683906454056
p106_NCI,1.2275466201336704e-16,69.96913084852446,5.5636641218604114e-05,0.00013454918,0.0,0.002728412847477219,0.000729649666283168
p106_MASS,5.739132721630959e-42,194.52064730232706,7.430914098126121e-05,3.251708e-06,0.0,0.014070293722057255,0.003536963642758235
p107_H2,0.3299341480210213,0.9496937047012399,0.0,0.0,0.0,0.0,0.0
p107_H3,6.117875030665964e-56,267.16801948422795,0.0005243598010043229,0.000113755974,0.00021373729940956187,0.022031518249706398,0.005720842830997787
p107_NCI,1.4533443218367809e-120,641.4820778595592,0.0001915447170902565,1.576406e-05,0.0,0.0921911866030511,0.023099623845201103
p107_MASS,1.6224823002666674e-86,436.15099939572593,0.00031804512464227115,0.00023340664,0.0,0.03874477697038087,0.009824057183146395
p108_H2,0.0001250725981886519,14.781976788338103,0.0028089137063833803,0.00011294845,0.009732122895972464,0.2751327068692101,0.07194667298082025
p108_H3,0.053906670122632554,3.7206795311306586,1.8563384661895784e-07,1.1657711e-06,0.0,0.10378387825584477,0.02594630741519676
p108_NCI,0.6065734050506888,0.26529239969716706,0.0,0.0,0.0,0.0,0.0
p108_MASS,2.4689575563887654e-05,17.885717242255573,0.0015708276787484248,1.7135272e-06,0.001787816272902873,0.1578975421378444,0.04031447490418395
p109_H2,0.007327405235810868,7.208035540257995,1.770238801502134e-05,1.0302145e-05,0.0,0.10333554475498496,0.025840887321950307
p109_H3,0.0032096004987780323,8.708784447274784,6.715440435893972e-06,0.0,0.0,0.06718880124317536,0.016798879170902815
p109_NCI,0.006323683404176539,7.474010255378543,1.0674466603647577e-05,0.0,0.0,0.08180286371999737,0.020453384546650254
p109_MASS,0.002263831993240765,9.350287505251112,1.3568073020473175e-05,0.0,0.0,0.05808718406532137,0.014525188034585461
p110_H2,0.4916243628430419,0.4731715385634603,0.0,0.0,0.0,0.0,0.0
p110_H3,1.5814296868572375e-09,36.830198313056584,3.107744107381318e-05,5.117776e-06,5.320717520837107e-06,0.17037716015889834,0.04260466902332315
p110_NCI,9.034378484475262e-25,108.93485379020743,0.000927366853483356,8.322037e-06,0.0,0.09639300061010801,0.024332172375045914
p110_MASS,3.46435000511485e-32,145.32469647266288,0.0007351077810408275,1.5314303e-05,2.091361373687134e-05,0.07527563761916654,0.019011743329186086
p111_H2,0.018844071004896944,5.526378538677439,0.00018778149264338326,3.8103767e-06,8.327788849033e-05,0.11568898039686132,0.02899096253867652
p111_H3,0.7374831628146206,0.11238738798309686,0.0,0.0,0.0,0.0,0.0
p111_NCI,0.0074858696559025615,7.169480863302242,0.00025425617357910705,7.846201e-06,0.0,0.1831132074141404,0.04584382744712681
p111_MASS,0.8220039708826763,0.05062615691552362,0.0,0.0,0.0,0.0,0.0
p112_H2,0.6187281357482102,0.2477489615947998,0.0,0.0,0.0,0.0,0.0
p112_H3,1.5941087626870417e-13,55.3368282632271,8.124294257989718e-05,5.3168255e-06,0.0,0.009730698964382813,0.002454314683124748
p112_NCI,5.388403602005505e-15,62.228981796473754,0.004749930704255096,0.000179833,0.0019090702654442628,0.18292590594238073,0.04744118497925742
p112_MASS,3.259653506337629e-19,82.19857392356609,0.001338958839660887,0.000115755334,0.0009036563152230225,0.20628403309667528,0.05216060089645572
p113_H2,2.683534343055249e-102,528.9881960173268,0.00014939001009179232,8.14955e-05,0.0,0.12302124704627802,0.030813033138669215
p113_H3,1.984379582334347e-07,27.2697832704867,1.127515810649205e-06,8.4014215e-07,0.0,0.0911784822823455,0.022795112485076444
p113_NCI,7.997084064240108e-146,806.4193268558636,0.00015496169127657023,9.0561425e-06,0.0,0.23896851419457207,0.05978313300709136
p113_MASS,1.0395301856511711e-111,586.2616921253167,0.0001932771402143112,2.5717147e-06,0.0,0.12074814785683077,0.03023599917794401
p114_H2,0.03647409965612166,4.3816357957199425,0.001218097628179634,0.0003186555,0.0,0.1913308710841505,0.04821690605592362
p114_H3,1.6286659684170705e-42,197.31225302566963,5.975672331375796e-05,1.5000535e-07,0.0,0.24428041140541482,0.06108507953351929
p114_NCI,8.196014699717655e-20,85.06037056476627,0.00014837613554874508,0.00025608522,0.0002201409920894823,0.37971729745595956,0.09508547494974176
p114_MASS,1.6707210704938615e-12,50.57994216383421,0.00025650576301253236,0.0009859663,0.0,0.048562509274640724,0.012451245333629948
p115_H2,3.0730712719866307e-06,21.914979197434473,0.0031237460937828996,0.00043252294,0.005865836288958492,0.20945048157102447,0.05471814672302995
p115_H3,3.306084749024066e-42,195.74254022565054,0.0008326617590061597,0.0,0.0,0.0680006329365072,0.01720832367387834
p115_NCI,4.666010843678711e-30,134.79534976479107,0.0006607778252966149,3.964513e-05,3.283476601944029e-05,0.21051672162574,0.052812494836441216
p115_MASS,0.00038157972211076344,12.670350875604091,0.0024242898780481286,0.0004709364,0.00017746928717670183,0.0924885590246526,0.02389031364388982
p116_H2,1.2533637295363328e-140,771.5774512056678,0.00022318524961990657,4.804725e-06,0.007118157790787572,0.14606080575491365,0.03835173838007897
p116_H3,3.169574240305179e-07,26.35069277374753,0.00022974323499430578,0.00013445265,0.0,0.07582263677369395,0.01904670816556785
p116_NCI,1.3333540366377782e-97,500.9481830033705,0.00018690186223580376,2.6780495e-05,0.0,0.2554624700340104,0.06391903809789111
p116_MASS,8.056900689289709e-102,526.1211914396488,0.00018326853084013985,3.543308e-05,0.0,0.05289643174137471,0.013278783338174695
p117_H2,0.4349640582527107,0.6098170008958173,0.0,0.0,0.0,0.0,0.0
p117_H3,4.3977136899987144e-17,72.07796339566173,0.00041747658318813874,5.2587307e-05,0.0,0.13827765714260795,0.03468693025830818
p117_NCI,0.03832895498692603,4.296962112309789,0.0007690056759588379,1.0316341e-05,0.006314504206201989,0.18976952866821656,0.04921583872287036
p117_MASS,7.821970454820561e-17,70.89455225347001,0.000888283450858135,7.142168e-05,0.0019057183250266944,0.24882156209121248,0.06292174638685726
p118_H2,7.053086489805228e-06,20.303400354133185,0.00017165951673573892,3.1043408e-05,0.0,0.0230825904728476,0.0058213233493817846
p118_H3,0.007750269042749575,7.106974257319498,3.78975583934203e-05,0.0,0.0,0.0006529468006596854,0.00017271108976327644
p118_NCI,0.10566978021778445,2.62056826816772,0.0,0.0,0.0,0.0,0.0
p118_MASS,3.4197910393467635e-10,39.88518097784809,0.00018291419793331482,0.0001196757,0.0011469580754901538,0.02266116447303788,0.006027678111680768
p119_H2,2.909998269115502e-40,185.84652716053634,2.092777831579437e-05,0.0006408162,0.0,0.009403269764617628,0.002516253428646748
p119_H3,5.988075457234873e-26,114.66461639604933,0.00024125355060917645,0.00052035466,0.00018823879992368463,0.45180328748260623,0.11318828362345816
p119_NCI,7.146142741309307e-08,29.27924575232677,0.0002994839313809467,3.9967123e-05,0.0,0.1511351688428673,0.037868654974205815
p119_MASS,1.4055273577807723e-33,152.24202010131555,0.0002652596688789788,1.8850385e-05,0.00012637886777093396,0.1012445589934988,0.025413761978901876
p120_H2,0.45686621562250784,0.5538110218588966,0.0,0.0,0.0,0.0,0.0
p120_H3,0.7979174493123989,0.06557842748822716,0.0,0.0,0.0,0.0,0.0
p120_NCI,0.3317969661586486,0.9424029382655956,0.0,0.0,0.0,0.0,0.0
p120_MASS,0.7858841150089318,0.07382170656135982,0.0,0.0,0.0,0.0,0.0
p121_H2,8.28601309524341e-53,250.64080520638086,0.0013334322672871716,0.00012549202,0.002582847218703673,0.4537107776402078,0.1144381372867354
p121_H3,2.2146145713325692e-55,264.2091902644984,2.920354838378783e-05,0.0,0.0,0.18927491805997412,0.04732603040208948
p121_NCI,1.7255861303196553e-140,770.6528173723173,0.003444923619839011,0.00011498628,0.0022622063851243383,0.37604170915691804,0.09546595636049429
p121_MASS,0.0005099492923183908,12.124920587096074,0.0005607617814468102,2.013092e-05,0.0,0.053000549163211626,0.013395360466024131
p122_H2,4.929570781560147e-10,39.15468296884266,9.770884863544368e-05,0.000109531065,0.0,0.07423393872918825,0.01861029466080365
p122_H3,2.4172448661704435e-73,361.627933016549,2.2894260906318185e-05,0.0,0.0,0.1239628512089628,0.03099643636746728
p122_NCI,6.686300934455689e-97,496.7975144952156,9.381588612973508e-05,2.4199053e-06,9.636732283454071e-05,0.09449909918521596,0.02367292557486654
p122_MASS,2.6805501006884697e-16,68.36689535152617,0.00025002974357319003,1.3546777e-06,0.0,0.011641153040994084,0.0029731343655649907
p123_H2,1.219040635892243e-24,108.3035355098531,9.36169032503406e-05,0.0001595594,0.0,0.043642084278586,0.010973815143726279
p123_H3,8.995426255081214e-104,537.8665147762629,3.4429705319558365e-05,0.0,0.0,0.046217100972793156,0.011562882669528178
p123_NCI,7.80542128908929e-47,219.50570590116456,8.746566156374654e-05,3.8072933e-05,0.0,0.09328721795414707,0.023353189137055596
p123_MASS,1.2513181204689866e-201,1212.9370258728613,6.695287145882285e-05,0.0,0.0,0.06724941523516471,0.016829092026655883
p124_H2,0.0,3594.4081499173094,7.414607428388033e-06,5.48705e-06,0.0,0.1717694094087085,0.042945577766584885
p124_H3,0.00044633237039913673,12.3753400965577,9.741524827763734e-06,0.0,0.0,0.10535340147694465,0.026340785750443102
p124_NCI,2.258419358923369e-257,1684.4065005787681,1.282961682668158e-06,0.0,0.0,0.06589069627040275,0.016472994808021356
p124_MASS,0.0,3824.3731973811914,1.0,1.0,1.0,0.04051624011832161,0.7601290600295804
p125_H2,6.091425324329088e-14,57.29026337038645,0.00027289556121205794,0.00029930592,0.0001401863477756996,0.09108795968487848,0.022950086877715728
p125_H3,4.653841983223428e-15,62.52806477216691,7.459780101401874e-05,3.8018836e-05,0.0,0.10265951330133401,0.025693032484528682
p125_NCI,2.41708373889999e-07,26.882459551225764,9.866818460140141e-05,3.1595862e-06,0.0,0.17181978855260746,0.04298040408084861
p125_MASS,4.865308066565106e-13,53.075220712662734,5.6058360920289346e-05,8.697181e-06,0.0,0.1041774334808958,0.026060547255786246
p126_H2,0.03797774907593157,4.312660085546985,2.3213093463071402e-05,2.2504682e-07,0.0,0.03542246365661304,0.008861475449223657
p126_H3,0.023770759545052415,5.12036283412927,1.4378515371199054e-05,0.0,0.0,0.020446733814180683,0.005115278082387971
p126_NCI,0.833729316684407,0.04408019560834329,0.0,0.0,0.0,0.0,0.0
p126_MASS,0.030584072810987267,4.683874479308158,1.6840273645959423e-05,0.0,0.0,0.04794110383917855,0.011989486028206127
p127_H2,9.716242981768721e-22,94.29156964455159,9.47519289580597e-07,0.0,0.0,0.08700033096123638,0.021750319620131492
p127_H3,2.4537686108622433e-28,126.33330681575035,2.251484477310584e-07,0.0,0.0,0.02158728400107155,0.00539687728737982
p127_NCI,0.2851445544386455,1.1431167360519794,0.0,0.0,0.0,0.0,0.0
p127_MASS,2.8150552411135636e-28,126.04074288576014,2.620260134298003e-07,0.0,0.0,0.0012231181657656363,0.0003058450479447665
p128_H2,6.7031137461336126e-40,184.0082940879353,6.578094752689951e-05,0.0,0.0,0.01173528004500063,0.0029502652481318828
p128_H3,1.2300104238337113e-36,167.53731177764405,1.02053733947325e-06,6.0871036e-05,0.0,0.17088484238933335,0.042736683490696224
p128_NCI,1.409989365204732e-32,147.2622676591185,0.00011419774934119239,0.0,0.0,0.031738772383907154,0.007963242533312086
p128_MASS,1.3276293995308502e-129,699.2259726602758,0.001665443773250205,0.0,0.0001459023040078551,0.06146553326795465,0.01581921983630318
p129_H2,4.194616520344907e-77,382.63254482719555,0.00016618432542325152,9.50013e-07,0.0,0.1669506739427931,0.041779452070297825
p129_H3,0.034706791553447705,4.4666201828164285,1.1496572954374729e-08,0.0,0.0,0.014530977665543761,0.003632747290529179
p129_NCI,0.7168532531028549,0.1315709638547096,0.0,0.0,0.0,0.0,0.0
p129_MASS,2.78036135911712e-76,378.0263809105874,5.274910846957294e-05,1.6180692e-06,0.0,0.007222042206217758,0.0018191023459661606
p130_H2,0.0024537619102385183,9.201917429194468,1.7222491872388467e-05,0.0,0.0,0.002648616528631174,0.0006664597551258906
p130_H3,1.0,0.0,0.0,0.0,0.0,0.0,0.0
p130_NCI,1.839737195710829e-45,212.42559791814773,1.7073031879472617e-05,0.0,1.8345564178523426e-05,0.04059499366577957,0.010157603065459393
p130_MASS,0.0026195606489737653,9.081641348166249,4.770287584854574e-05,0.0,0.0,0.014404661155725359,0.003613091007893476
p131_H2,2.402759542885355e-59,285.30353394551287,1.2601561961935345e-06,5.1952513e-05,0.0,0.038779656307794855,0.00970821724421691
p131_H3,2.2657657446609713e-72,356.234208693284,5.314245698938994e-07,0.0,0.0,0.1281221146558046,0.03203066152009362
p131_NCI,0.01623568745469501,5.788551913005127,3.630091230087171e-06,0.0,0.0,0.09963699727477454,0.024910156841501156
p131_MASS,1.102093094824835e-65,319.5062806597062,1.6625243385071002e-05,0.0,0.0,0.027825194692018107,0.006960454983850795
p132_H2,0.06776502365736249,3.340548721844858,0.0020013494257263716,1.595405e-05,0.0,0.10426845299657561,0.026571439118192566
p132_H3,5.8272972085344456e-28,124.49190721574323,2.8522330448380053e-06,0.0,0.0,0.11080062103983625,0.027700868318220273
p132_NCI,0.35289081125129307,0.8635018629711799,0.0,0.0,0.0,0.0,0.0
p132_MASS,0.282776100454388,1.154421070934477,0.0,0.0,0.0,0.0,0.0
p133_H2,0.5525189268357485,0.35296252523983057,0.0,0.0,0.0,0.0,0.0
p133_H3,0.624973621823361,0.2390247753794292,0.0,0.0,0.0,0.0,0.0
p133_NCI,0.571844029065399,0.31972930951091105,0.0,0.0,0.0,0.0,0.0
p133_MASS,0.4277332132752347,0.6292680415005231,0.0,0.0,0.0,0.0,0.0
p134_H2,0.009078318300287044,6.822811254393695,2.4027817246708466e-06,5.9973655e-07,0.0,0.08777335379397669,0.021944089078063334
p134_H3,0.45164577265676564,0.5667760797410909,0.0,0.0,0.0,0.0,0.0
p134_NCI,0.01598943988333072,5.8155180635978825,1.0755735572851283e-06,7.708878e-07,0.0,0.009787458724216469,0.0024473262963991657
p134_MASS,0.019090158817431847,5.503608772986644,2.5234960638300964e-06,2.120788e-06,0.0,0.01579227270364611,0.003949229246912467
p135_H2,6.113294051220471e-60,288.4860816232093,6.087036965876929e-06,1.833756e-06,0.0,0.039543024866322225,0.009887736414811906
p135_H3,0.7961045343440618,0.06678701320952139,0.0,0.0,0.0,0.0,0.0
p135_NCI,4.7137386292284284e-39,179.71862658530392,2.292568386595138e-05,0.0,0.0,0.027671864683512223,0.006923697591844543
p135_MASS,7.880472892732234e-59,282.54594760747227,2.559109673648149e-06,1.5440044e-06,0.0,0.011143107204260694,0.002786802579574232
p136_H2,5.137430222515648e-05,16.479826454304334,6.85242951519599e-05,5.979983e-06,0.0,0.03691821392513768,0.009248179550858243
p136_H3,0.062180380327222985,3.482779422146225,1.1591352312955976e-06,0.0,0.0,0.12842202795203242,0.03210579677181593
p136_NCI,0.004467681426083986,8.104586120062072,9.069532698832479e-05,7.502666e-06,0.0,0.14619598547589688,0.036573545867219864
p136_MASS,0.00041658327352195177,12.505107114921122,9.22037078653927e-05,8.211101e-07,0.0,0.055547149526019614,0.013910043586001336
p137_H2,2.225715447605454e-15,64.03442545297402,0.00017609227045836396,1.7384317e-06,0.0,0.023782422947433764,0.005990063412399568
p137_H3,2.266505150718888e-22,97.33357715392364,2.5141005114708065e-08,0.0,0.0,0.14051463033907605,0.03512866387002029
p137_NCI,5.184531929213646e-18,76.48066038740977,9.941025103640646e-06,2.0489962e-08,0.0,0.00986548147678714,0.002468860747963127
p137_MASS,0.016599721774190567,5.749450634307106,7.622423019961438e-07,0.0,0.0,0.0015738376957230911,0.00039364998450627185
p138_H2,2.2737070784186273e-77,384.1261344857275,4.44617729213034e-06,2.261158e-06,0.0,0.03138913782658252,0.007848961290465653
p138_H3,0.018105756696073245,5.596584125936823,0.0,0.0,0.0,0.006029428369567754,0.0015073570923919385
p138_NCI,1.0939876437546381e-175,1016.39531104557,2.540133647179131e-05,0.0,0.0,0.076027291580242,0.01901317322917845
p138_MASS,7.573653129073834e-189,1114.390693803693,1.5663656332989038e-05,0.0,0.0,0.022515166502396846,0.005632707539682459
p139_H2,1.4248267660579871e-24,107.97495341684139,1.0748242144802095e-06,6.1289375e-06,0.0,0.009314610560547953,0.0023304535805548847
p139_H3,2.141385769286868e-14,59.416720782678034,4.118308922438795e-07,0.0,0.0,0.17256117803674187,0.04314039746690853
p139_NCI,1.7420153025314342e-09,36.637629664814135,3.480352489271852e-06,0.0,0.0,0.0942657879852144,0.02356731708442592
p139_MASS,1.4802690086725185e-07,27.845744907901224,1.1241370678907568e-06,0.0,0.0,0.004360464991103028,0.0010903972820427298
p140_H2,0.17230528040185886,1.864320787527486,0.0,0.0,0.0,0.0,0.0
p140_H3,4.737019066802647e-20,86.1983925128086,2.0212337664037155e-06,3.0900055e-06,0.0,0.21550760853481243,0.05387817994352491
p140_NCI,0.0016476115593804226,9.937210446839803,5.253263208030661e-06,2.566379e-06,0.0,0.05073541687376541,0.012685809128981587
p140_MASS,6.845510024181792e-05,15.930918560046639,9.834767513048206e-06,1.434706e-07,0.0,0.055496087454585466,0.013876516423174811
p141_H2,0.01965244791162496,5.452701422107987,0.0,0.0,0.0,0.006029428369567754,0.0015073570923919385
p141_H3,0.9001612702125498,0.01574425847906171,0.0,0.0,0.0,0.0,0.0
p141_NCI,2.387267927392858e-15,63.8912486066462,3.8041018285855005e-06,0.0,0.0,0.15358419958995084,0.03839700092294486
p141_MASS,3.800315594175008e-26,115.62658946247765,2.1728445337708407e-05,0.0,0.0,0.011132012785515673,0.0027884353077133454
p142_H2,1.4264757548263067e-18,79.14485456831221,3.1250721170694865e-05,2.5029183e-07,3.815287843651138e-06,0.01765867961077705,0.004423498977906219
p142_H3,0.8825733623988892,0.021824073309216624,0.0,0.0,0.0,0.0,0.0
p142_NCI,1.0878141957887849e-23,103.69930790213894,0.0015967451764489484,1.290004e-06,0.0,0.00011745322127468305,0.0004288721004257061
p142_MASS,1.0154965643002525e-06,24.07215771148535,3.145462604253131e-05,4.6812096e-05,0.0,2.8147736657791147e-05,2.6603614704055665e-05
p143_H2,4.637029253134322e-19,81.46887073683577,3.4178992156646625e-05,2.1529744e-05,0.0,0.13061075981599485,0.0326666171380672
p143_H3,3.8080628477040066e-07,25.99091051190265,3.1395610270265156e-07,0.0,0.0,0.03666758696918998,0.009166975231323172
p143_NCI,2.437008243761409e-18,78.0385642737451,3.387117175326254e-05,0.0,0.0,0.08105766444874096,0.020272883905123558
p143_MASS,0.28412701940748003,1.1479586667584234,0.0,0.0,0.0,0.0,0.0
p144_H2,0.3724432233536211,0.7959115133823358,0.0,0.0,0.0,0.0,0.0
p144_H3,0.3600916378529472,0.8380206983761058,0.0,0.0,0.0,0.0,0.0
p144_NCI,2.45126874303303e-09,35.95789974099107,0.0003608174978433363,0.001833347,0.0,0.1755772502446799,0.044442853691031334
p144_MASS,0.01621645787066375,5.790642471032114,3.130274517197225e-05,6.486802e-07,0.0,0.01245428020467515,0.0031215579075151664
p145_H2,1.0003195101512417e-12,51.61671182368288,1.2689957196471884e-05,0.0,0.0,0.04348378649518133,0.01087411911309445
p145_H3,0.1154381656906462,2.48065186814797,0.0,0.0,0.0,0.0,0.0
p145_NCI,1.3357765943114677e-11,46.38836466091636,3.662305337156599e-05,2.9056114e-06,8.918848080341955e-05,0.017282449548737266,0.004352791673573493
p145_MASS,1.943275652088989e-09,36.41998978912642,2.764269092657741e-05,0.0,0.0,0.04382622455174776,0.010963466810668584
p146_H2,0.00017891085665581086,14.102051988450368,0.00021113555241627062,0.00019183914,0.0,0.10183382489462697,0.0255591998956029
p146_H3,1.0839730497159519e-13,56.11958736823288,0.00016122390944642634,4.1658802e-07,0.0012721085242022956,0.11819041436792956,0.029906040847400256
p146_NCI,0.01002440531936099,6.645268714718741,0.00030846059060775084,1.2894039e-05,0.0,0.06535219578516034,0.01641838760373534
p146_MASS,0.04148047761286564,4.162506850858083,0.0008293051598429791,1.0056725e-06,0.0,0.10908998739521879,0.027480074556894423
p147_H2,0.08933518930862054,2.8895721392375906,0.0,0.0,0.0,0.0,0.0
p147_H3,2.65208588716397e-26,116.38808576702158,1.9414206276104103e-07,0.0,0.0,0.10093810093618477,0.025234573769561883
p147_NCI,9.695445995801975e-16,65.73365224625836,3.679246120860181e-05,0.0,0.0,0.15816952896332304,0.03955158035613291
p147_MASS,1.0827434318651103e-10,42.186567034208515,1.403838459245568e-05,0.0,8.536202935706475e-05,0.06428845802085363,0.01609696460870079
p148_H2,0.0027566454333492175,8.987899352545595,0.009907410254882676,0.0001604789,0.0,0.06139262772230608,0.017865129219169246
p148_H3,0.0002956623282634607,13.151443852916337,5.317161863018246e-05,0.0,0.0,0.024862023520687997,0.006228798784829545
p148_NCI,0.0026465117919694543,9.062823703155342,0.0005650118000669812,6.7331052e-06,0.0,0.06535243793075896,0.016481045709015932
p148_MASS,0.21009067267690695,1.5719745788422481,0.0,0.0,0.0,0.0,0.0
p149_H2,6.4095234282685066e-15,61.874932734753415,8.066923424593874e-05,0.000100614656,4.585780040375455e-06,0.0808866836864897,0.020268138339149283
p149_H3,3.2158967896761736e-41,190.70791683045323,1.259889783519295e-05,0.0,0.0,0.1024853068478656,0.025624476436425198
p149_NCI,0.39776837135461307,0.7154184742438008,0.0,0.0,0.0,0.0,0.0
p149_MASS,2.333342696408495e-06,22.450506852449557,0.00010324465269913141,1.1279516e-06,0.0,0.05867688456841801,0.014695314293173655
p150_H2,6.0810804764335426e-18,76.15171642623072,0.00030271330005399025,7.537799e-05,0.0,0.11375776149353337,0.02853396319578693
p150_H3,4.650115420189572e-05,16.67065569868082,4.522815138046479e-05,2.043897e-06,0.0,0.1758661811811425,0.04397836330737677
p150_NCI,4.1051096100515726e-05,16.90952638656348,0.00026577223104989184,1.1003035e-05,0.0,0.13336653613048258,0.03341082784915055
p150_MASS,9.828308703853303e-41,188.2406236561344,6.174668588890457e-05,6.4268843e-06,0.0,0.0755107525183811,0.01889473152213836
p151_H2,7.268547421137502e-68,331.41084376469325,8.148282146277979e-06,0.0,0.0,0.07901778160678728,0.01975648247223339
p151_H3,1.0921952554340436e-18,79.6967427404596,8.9921644891757e-05,0.0,0.0,0.1697575462706375,0.04246186697888231
p151_NCI,5.349602008682811e-20,85.94587294347811,6.259152128008897e-05,9.716942e-06,0.0,0.17916919576013046,0.04481037605591734
p151_MASS,0.02716180225177191,4.888840373059144,5.066114067302891e-06,0.0,0.0,0.15260061382561824,0.038151419984921386
p152_H2,0.05319471286116077,3.7429386526474233,0.00021423981845475953,3.2605133e-06,0.0,0.016120733740773215,0.004084558518123838
p152_H3,0.6949163144763926,0.15386614913026697,0.0,0.0,0.0,0.0,0.0
p152_NCI,0.0018684416963679433,9.704541025096908,0.00027184710039913505,2.309301e-05,0.00020197059576020863,0.007240743923932287,0.0019344136577467916
p152_MASS,0.11619269590913758,2.4703920277436473,0.0,0.0,0.0,0.0,0.0
p153_H2,1.1540698111637144e-07,28.335374477697492,0.0002284613972280754,4.58963e-06,0.0,0.03151445702285028,0.007936877012507722
p153_H3,4.74522060762918e-09,34.64505200815811,4.598659944895699e-05,0.0,0.0,0.16969082643878575,0.04243420325955868
p153_NCI,1.1544533977979285e-09,37.45712318493934,0.00028957142112945176,0.0002470666,0.0004470167601131373,0.016058004874279923,0.004260414915805328
p153_MASS,0.004245910761584433,8.197359358066487,0.00019188689460199367,1.375289e-05,0.0,0.15685696341580763,0.03926565079999542
p154_H2,0.0017170854739069308,9.860762585619732,0.00016902989593000058,3.3277167e-05,0.0,0.017158667817721646,0.004340243720150192
p154_H3,0.9882244811321255,0.00021789017374937292,0.0,0.0,0.0,0.0,0.0
p154_NCI,4.307441796540333e-07,25.749473346451236,0.0001118230847786249,0.0001282931,0.0,0.13748709573113455,0.03443180298006663
p154_MASS,8.76270252020192e-13,51.88448415794621,0.0002995736656431455,8.82344e-05,0.0,0.20392547278177486,0.05107832021258896
p155_H2,1.4249013966686507e-164,936.2766445431624,6.190210095565172e-05,9.838318e-07,0.00030311269306664023,0.00804975488425512,0.002103938377518472
p155_H3,6.942650862727156e-32,143.8278539509445,9.641690708170106e-06,0.0,0.0,0.1357234405448272,0.033933270558883843
p155_NCI,3.566096997861021e-151,842.8156918204073,7.060168969071659e-05,0.0,3.5769358618058794e-06,0.21812751241464567,0.05455042276004955
p155_MASS,2.5664493618720483e-32,145.97107435487237,9.038633510903018e-05,0.0,0.0,0.01583017686597941,0.00398014080027211
p156_H2,3.0146500483922778e-18,77.59941437954642,4.4815606449214025e-05,1.6013553e-05,0.0,0.1334432390648853,0.03337601705614605
p156_H3,0.3685691838321514,0.8089075352080145,0.0,0.0,0.0,0.0,0.0
p156_NCI,4.477869820449817e-08,30.201073967533873,0.0013596487496710305,0.0023130812,0.0,0.2136202860142703,0.054323253984757555
p156_MASS,9.041058967833684e-47,219.1758414600047,7.172327715567367e-05,0.0,0.0,0.024820849494323307,0.006223143192869745
p157_H2,1.5000058218058714e-24,107.86665551604477,0.00013498399088020634,2.293211e-05,0.00015560136911421343,0.06796406334478675,0.017069395203787505
p157_H3,0.0010628651318908278,10.751253970534485,1.3907929670408985e-05,3.6192847e-05,0.0,0.08116047320787574,0.02030264349610952
p157_NCI,1.973083861093805e-12,50.24393487142711,0.00020637699649309714,7.743518e-06,0.0,0.10639025233374719,0.026651093212041677
p157_MASS,1.010645925603532e-15,65.64870275311782,0.00043851160717491374,6.3824114e-06,0.00036899090338330027,0.10650430244625961,0.026829546842043642
p158_H2,5.545290868248193e-120,637.814802249118,0.00013321782710419553,1.1951511e-05,0.0,0.12608029713307803,0.03155636661772416
p158_H3,0.0241459639887728,5.093110519540226,6.855641848396516e-06,3.8203666e-06,0.0,0.0907431474362531,0.022688455861175585
p158_NCI,8.96274340885175e-49,229.56004987621085,0.0002616978262948212,1.8747329e-05,0.0,0.015049683972259037,0.00383253228183725
p158_MASS,1.793609712888073e-133,724.375172225857,4.6141561111234195e-05,9.237995e-06,0.0,0.08882849026856907,0.022220967456188304
p159_H2,7.665442280354001e-13,52.15511725150062,0.0006485882881081537,0.0001763185,0.0,0.08676442434055645,0.02189733278195196
p159_H3,0.28685969146746726,1.1350047078708625,0.0,0.0,0.0,0.0,0.0
p159_NCI,0.0009565261120435616,10.947702207362704,1.1882292517134129e-05,8.423557e-07,5.89728276823809e-06,0.2560106003995345,0.06400730558262727
p159_MASS,5.308654939230709e-32,144.40551065436375,6.676356020268448e-05,1.3138653e-06,0.0,0.018546955297213348,0.004653758180667712
p160_H2,0.1236469530831706,2.3728278222485875,0.0,0.0,0.0,0.0,0.0
p160_H3,0.7119899532276637,0.13634242586246156,0.0,0.0,0.0,0.0,0.0
p160_NCI,0.06678843334027344,3.364495769183969,5.496588994581951e-06,6.3437557e-07,0.0,0.0371969486188487,0.009300769895852618
p160_MASS,0.2649590149389169,1.2434696304589783,0.0,0.0,0.0,0.0,0.0
p161_H2,8.345352834985352e-14,56.65063911482008,0.0002094584021048939,2.1267517e-05,0.0,0.03271511676154416,0.008236460670108733
p161_H3,5.818513201206621e-49,230.5353474301161,2.012016789396837e-05,3.3644596e-07,0.0,0.09376744184635552,0.02344697461505348
p161_NCI,2.4010505482349304e-35,161.06622639904577,0.0002614992438114783,1.46448065e-05,9.514508572182394e-05,0.12473184674695251,0.03127578397073889
p161_MASS,0.0001303330807739211,14.703630038253486,0.0010078885998390935,0.00021499135,0.000817183389896287,0.14261596004391144,0.03616400584563971
p162_H2,2.2689558799397334e-07,27.006610886111197,0.00032758917508099444,3.080064e-06,0.0,0.1268545842850505,0.03179631338104827
p162_H3,1.6757004079372976e-32,146.88997278260484,0.0002571394711346009,0.0,0.0,0.3036532723767535,0.07597760296197202
p162_NCI,0.14697397665954456,2.1052761266822078,0.0,0.0,0.0,0.0,0.0
p162_MASS,2.1465687409895444e-45,212.08068524816434,1.911212593195734e-05,5.9505544e-07,0.0,0.11087931264650604,0.027724754956969397
p163_H2,0.06553389367844789,3.3958138494642696,0.0005239288958097054,7.6940574e-05,0.0005477386788196914,0.13502631327883027,0.034043730356919315
p163_H3,8.675814435833042e-39,178.3790387058229,0.0001851828367482794,0.0,0.00043059897664851263,0.3316868919937993,0.08307566845179902
p163_NCI,5.597757789378494e-260,1708.2135936466827,0.00021070162363883284,3.473731e-05,0.0,0.16972027371849302,0.042491428162973244
p163_MASS,1.2230687250046328e-109,573.5368632499619,0.00011751291188723442,0.0,8.523760113231422e-06,0.010221186956645008,0.0025868059071613683
p164_H2,3.218939319294664e-32,145.48297783133975,0.00016265166714317484,6.130197e-06,0.0,0.03927526275815948,0.00986101115560248
p164_H3,0.0037479886849712623,8.425028395778316,0.00028001584062954877,2.6388588e-07,8.555853903732035e-05,0.34367614695185883,0.0860104963043515
p164_NCI,0.33613194118901724,0.9256460274268632,0.0,0.0,0.0,0.0,0.0
p164_MASS,6.443630740530138e-36,163.9278994521517,0.0003934535869285534,2.7189997e-06,0.000196613379219392,0.06494610922536302,0.01638472379779454
p165_H2,2.41317572453451e-87,440.9219630410498,0.0001203048398828011,5.0956685e-05,0.0,0.27547362779363005,0.06891122232970315
p165_H3,6.776017187168517e-05,15.950412220276732,2.0125303011078212e-05,7.57869e-06,0.0,0.029476049501662018,0.00737593837371868
p165_NCI,1.1471708825011999e-219,1357.86922871357,0.0001390704069868248,4.492508e-05,0.0,0.1004338703892999,0.025154466469108343
p165_MASS,2.3734658760744183e-50,237.77333964059267,0.00014124380933386755,1.4366358e-06,0.0,0.07055323077168621,0.017673977804201157
p166_H2,1.4243328097123214e-34,157.20037752789761,0.007625016819623368,0.0,0.0,0.07491035402284563,0.02063384271061725
p166_H3,7.833381265617681e-70,342.2118399442412,1.0636873454352557e-05,0.0,0.0,0.023041583621000564,0.005763055123613729
p166_NCI,7.586687826190939e-46,214.40759853989258,6.010037210880923e-05,0.0,0.0,0.10432010347506264,0.026095050961792862
p166_MASS,4.5731804898535435e-76,376.8161746694299,0.006459400374046604,0.0,0.0,0.03775537776115954,0.011053694533801535
p167_H2,3.59578573335171e-125,670.7342406798075,9.201129160010055e-05,9.528153e-07,0.0,0.004621149998087864,0.0011785285262466561
p167_H3,1.1993266035814493e-09,37.38113187215104,8.082587090830977e-05,0.0,0.0,0.27431296791338844,0.06859844844607418
p167_NCI,2.4724664197151358e-18,78.00873781775623,0.00010173801234629602,0.0,0.0,0.07034548539105012,0.017611805850849104
p167_MASS,4.3967891753941743e-16,67.35270721865176,5.2020106223169875e-05,0.0,0.0,0.18999219889164143,0.04751105474946615
p168_H2,2.846219374679953e-107,559.0782196695126,0.0001960487400773634,3.6591416e-06,6.853206720945302e-07,0.12892553849204733,0.03228148292360218
p168_H3,6.851536827400708e-07,24.841063200703307,1.2209638353719026e-05,0.0,0.0,0.11917098179815874,0.029795797859128115
p168_NCI,0.0007582061452755422,11.381590043365385,0.00018839020646731544,1.1023169e-06,7.514329555451909e-05,0.03794037920626889,0.009551253756297898
p168_MASS,1.5008971865324095e-135,737.9853851927666,0.0006250300771631245,8.300469e-06,0.0,0.08785568622195278,0.022122254191987708
p169_H2,0.02826884455832285,4.819725885265563,0.00022714686103546651,8.2425294e-07,0.0,0.05120053557176066,0.012857126671433064
p169_H3,0.01146794483953739,6.405062182350259,9.11648250951009e-06,9.135017e-06,0.0,0.010507894500030212,0.0026315364997913817
p169_NCI,0.022476413127489672,5.217925433999612,4.3153758938428804e-05,0.0,0.00029222750173196326,0.15924531438438502,0.039895173911263855
p169_MASS,1.8582501555073024e-15,64.40320019223887,0.00015067658838049434,0.0,0.0,0.1493241943732252,0.03736871774040142
p170_H2,0.00029769687925007847,13.13849574628991,0.0,0.0,0.0,0.03471365734924875,0.008678414337312187
p170_H3,0.8504320087212109,0.03556829833183834,0.0,0.0,0.0,0.0,0.0
p170_NCI,0.00032613120697193776,12.966334959544717,0.0,2.192448e-07,0.0,0.043373786342015455,0.010843501396702999
p170_MASS,0.3036270454291332,1.0588284663811334,0.0,0.0,0.0,0.0,0.0
p171_H2,6.052069400381543e-102,526.8670044331506,0.00038452538968894407,7.2113007e-06,5.737527503792249e-05,0.10878292848843267,0.02730801011347147
p171_H3,5.1704715354805516e-09,34.47463041251634,7.522522499589134e-07,5.4600577e-07,0.0,0.028563109545192842,0.007141101950801962
p171_NCI,1.4630470342739927e-07,27.868754259942172,4.169159968120643e-05,6.186473e-07,0.0,0.0038079449639592602,0.0009625638027294682
p171_MASS,2.931106773107709e-114,602.0289652694886,0.0002517565201145506,7.89814e-05,0.0006619301938338286,0.10285434703369697,0.025961753786984548
p172_H2,0.015885488141259948,5.827030509463468,0.00021570996146925053,0.0002648667,0.00013685010292303903,0.35836188538268027,0.08974482804030137
p172_H3,1.7989761090731603e-05,18.495038946384334,2.3741946941079583e-06,0.0,0.0,0.02458746273276449,0.006147459231864649
p172_NCI,2.013558950896479e-11,45.5628979548963,0.00043367159188926433,2.112248e-06,0.0,0.03127480128744382,0.007927646281836283
p172_MASS,5.242176693855909e-07,25.364896046011843,0.00024030202458807156,7.013012e-06,0.0,0.17161868536314195,0.042966500099878
p173_H2,2.251197852994834e-18,78.20233392628425,1.9126924397632587e-05,0.0,0.0,0.1483732333807933,0.03709809007629773
p173_H3,9.791403613461693e-24,103.92041074638486,0.005722030609650979,0.027019428,0.0,0.04077276936929846,0.018378557017052623
p173_NCI,5.333847646319702e-22,95.54421797837942,0.00027687874330448316,0.0,0.0,0.004632434437701687,0.0012273282952515426
p173_MASS,1.8804367565815294e-20,88.11820112092232,2.8164345566106157e-06,0.0,0.0,0.04920050888085847,0.01230083132885377
p174_H2,0.512874697864222,0.42837519717700245,0.0,0.0,0.0,0.0,0.0
p174_H3,0.2449837759411396,1.352608358035209,0.0,0.0,0.0,0.0,0.0
p174_NCI,0.25089082919856365,1.3192243167014825,0.0,0.0,0.0,0.0,0.0
p174_MASS,0.44707965113585735,0.5783099204007598,0.0,0.0,0.0,0.0,0.0
p175_H2,1.2284807743040301e-25,113.14546251335481,0.0007867580708850423,0.000120528,0.00037140974678933025,0.012296306688597715,0.0033937506262331947
p175_H3,9.197844472282997e-16,65.84146162177015,0.00040231588836203556,0.0,0.00040427217515259025,0.3208286235720127,0.08040880290888183
p175_NCI,1.6781660846922245e-15,64.61157096002168,0.00040231588836203556,0.0,0.00040427217515259025,0.3208286235720127,0.08040880290888183
p175_MASS,8.165335250116082e-32,143.4787558944191,0.0008266920729034524,2.8210266e-05,4.470209834033558e-05,0.10970674090200609,0.02765158633492851
p176_H2,0.30510042651494007,1.0523941121756861,0.0,0.0,0.0,0.0,0.0
p176_H3,0.661556605674863,0.19170456460393545,0.0,0.0,0.0,0.0,0.0
p176_NCI,0.2695854121634995,1.2196409750673602,0.0,0.0,0.0,0.0,0.0
p176_MASS,0.09958799266067529,2.715054810908223,0.0,0.0,0.0,0.0,0.0
p177_H2,8.755857533225193e-13,51.8860648026082,0.00041425668996473145,6.2334e-05,0.0,0.11393159080476628,0.028602045374181657
p177_H3,1.7486229343660158e-112,591.0373439571337,0.0005887403857126037,9.669661e-05,5.559021343068848e-06,0.17196586183616935,0.04316421446351964
p177_NCI,1.0451201887388063e-65,319.6317504161022,0.000480571044273383,0.0,0.00011460370771752799,0.07398155117132098,0.01864418148082797
p177_MASS,1.2520747161519039e-91,465.7952620517786,0.000485270311078578,3.3061115e-05,0.0,0.04788813027853335,0.012101615426068912
p178_H2,9.053337211510545e-40,183.3466128572074,0.00015587982689101892,5.4296986e-05,0.0,0.14623993372868924,0.036612527635517804
p178_H3,2.6130204093492764e-53,253.27628095608657,1.2296403436482983e-07,0.0,0.0,0.045088886733846874,0.01127225242447031
p178_NCI,3.82023250821205e-08,30.514617588762633,0.00012650148668244475,1.7797469e-06,0.0,0.017885638896604942,0.00450348003253865
p178_MASS,3.338899269260506e-76,377.5811052210795,0.00016342380738800687,0.00075560424,0.0006052372509061484,0.1153575570869561,0.029220455596340563
p179_H2,0.04405275368136992,4.060495741841871,2.7623166922874474e-07,0.0,0.0,0.019363970747009757,0.004841061744669747
p179_H3,0.21942919970233205,1.5091991396636066,0.0,0.0,0.0,0.0,0.0
p179_NCI,0.3893711680943752,0.741279534679341,0.0,0.0,0.0,0.0,0.0
p179_MASS,0.3248487194031323,0.9698789497993393,0.0,0.0,0.0,0.0,0.0
p180_H2,3.9413855644039924e-86,433.93245065091855,0.0004904287788981389,0.00018393432,0.00022607891114682097,0.15179492262454602,0.03817384115783214
p180_H3,0.0002600640554184346,13.393817740262381,0.0011663998961570202,0.000881296,0.0,0.5165567259091942,0.12965110545144864
p180_NCI,2.7022092704654215e-29,131.03933198254035,0.005857712099907586,5.373429e-05,0.005351478048535096,0.48541652660291684,0.12416986276018861
p180_MASS,1.6479651278072164e-26,117.39582272367647,0.0005625495242775971,7.107452e-06,0.001042759658287243,0.33069608090076036,0.0830771243838045
p181_H2,0.034054153500011994,4.499154595485608,0.0,0.0,0.0,0.004784771650443321,0.0011961929126108302
p181_H3,0.027295708263872676,4.880325980790485,3.924745409131026e-07,0.0,0.0,0.0073257687201027715,0.001831540298660921
p181_NCI,0.04779710867499388,3.922703965150893,0.0,0.0,0.0,0.008981237518473892,0.002245309379618473
p181_MASS,0.033078606584487705,4.549022804045688,2.626080682034717e-09,0.0,0.0,0.0007950909674403098,0.00019877339838024794
p182_H2,1.2971563104694216e-63,308.26731311292315,0.00019652034274330666,6.8072e-05,0.0,0.0299423451998943,0.00755173438485769
p182_H3,1.1418213971977211e-20,89.15587363904551,8.314425793805047e-06,0.0,0.0,0.010831908022937396,0.0027100556121828004
p182_NCI,1.1161975189408618e-66,324.92626363594627,3.307237630223272e-05,3.055671e-05,0.0,0.026862524081699122,0.0067315382915566005
p182_MASS,0.008102580400431552,7.0269939374083625,0.00010219427076293398,0.0,0.0,0.01399619115651814,0.0035245963568202687
p183_H2,5.114563190368639e-55,262.28649017369395,4.299273469510453e-05,3.0080926e-06,0.0,0.3822102711399049,0.09556406799179065
p183_H3,4.464998304310414e-39,179.8377167759822,5.477533122152646e-05,0.0,0.0,0.12251689577245863,0.03064291777592004
p183_NCI,7.305622514952588e-75,370.09012278629626,0.08722972500386067,0.05041504,0.03473920121183203,0.2214138039823696,0.09844944231514058
p183_MASS,5.041466804556618e-17,71.7971228508319,0.001166019709417402,9.929213e-06,0.0,0.11246158879312132,0.028409384428850992
p184_H2,6.403523574333811e-22,95.1623456222427,9.757378446469995e-06,4.5890733e-06,0.0,0.02144584865822339,0.005365048777502909
p184_H3,6.892163847479743e-48,224.9618711173748,1.0934600598502668e-05,0.0,0.0,0.014726997119140712,0.0036844829299348034
p184_NCI,3.662657533293036e-35,160.1485288767674,7.900800439537496e-05,3.2236278e-07,0.0,0.000502729660277366,0.00014551500686319158
p184_MASS,3.807843125619123e-05,17.053657236812956,4.466022587982063e-05,4.749402e-06,0.0,0.013067847244013966,0.0032793142179225188
p185_H2,8.595240358616861e-05,15.496425170268342,0.00022994861013822282,2.0964684e-05,1.358299229606398e-05,0.3115920065480834,0.07796412570866793
p185_H3,6.424139817444415e-18,76.0385541924094,4.886309343723499e-05,8.699592e-06,0.0,0.03339258192714953,0.008362536153246529
p185_NCI,0.006850297526182628,7.32948487712118,0.0050716927116935635,3.9585143e-06,3.549416563197079e-05,0.011044375668002614,0.004038880264906681
p185_MASS,1.7780707603574906e-07,27.48545025822242,0.0001418275858910941,2.5911074e-06,0.0,0.09833398103300518,0.024619599931582
p186_H2,0.552993348177138,0.3521201373456423,0.0,0.0,0.0,0.0,0.0
p186_H3,1.0,0.0,0.0,0.0,0.0,0.0,0.0
p186_NCI,0.49745421588795247,0.4605586035270294,0.0,0.0,0.0,0.0,0.0
p186_MASS,0.5090462186264991,0.4362090551133697,0.0,0.0,0.0,0.0,0.0
p187_H2,0.6783736708667295,0.17202086870459962,0.0,0.0,0.0,0.0,0.0
p187_H3,6.4638977557926044e-15,61.85770047091852,9.18261071860553e-06,4.675983e-06,0.0,0.02857256542591977,0.0071466060048687155
p187_NCI,2.58784104831064e-14,59.031251983128435,0.00011356613271509249,1.2773824e-05,0.0,0.16775009713953076,0.04196910927405711
p187_MASS,3.625937219194409e-13,53.67071881885592,0.00015735257354367843,6.063708e-06,0.0,0.010067077813279385,0.002557623523716353
p188_H2,0.006058674650193303,7.551464250182675,0.00023207799709122013,0.000931604,0.0,0.1825093318669097,0.04591825346816423
p188_H3,3.9544225003597664e-32,145.03970196946685,7.194715121194534e-05,0.0,0.0,0.18097652393305907,0.045262117771067756
p188_NCI,3.8594102195863248e-28,125.36886775517671,1.0364090742485167e-06,2.2912272e-06,0.0,0.08419366819243894,0.021049248957190056
p188_MASS,2.3535494688040235e-06,22.43372832451488,1.2299542883861463e-05,0.0,0.0,0.05021197255911873,0.012556068025500649
p189_H2,0.34835891914205175,0.8799061885286695,0.0,0.0,0.0,0.0,0.0
p189_H3,1.0,0.0,0.0,0.0,0.0,0.0,0.0
p189_NCI,0.06161678064245316,3.4978852277310244,4.653359069916638e-06,1.5142587e-06,0.0,0.01181503988870173,0.0029553018766069724
p189_MASS,0.6856009100936706,0.1639444500100206,0.0,0.0,0.0,0.0,0.0
p190_H2,2.757828619576404e-309,2191.4455070370554,3.845920510005649e-06,7.501158e-07,0.0,0.07925330758469326,0.01981447590525496
p190_H3,7.037574610548186e-81,403.9349690177543,1.7459896032324786e-07,0.0,0.0,0.015317715596473765,0.003829472548858522
p190_NCI,0.004671270894106128,8.023461333081649,5.120165050274667e-05,0.0,0.0,0.015437217108353503,0.0038721046897140622
p190_MASS,7.002198409477753e-203,1222.7733577943525,1.4254718116712663e-05,0.0,0.0,0.04559766056430913,0.01140297882060646
p191_H2,3.83330755679377e-05,17.04087472294559,4.68218451222109e-05,0.0,0.0,0.04118841239763033,0.010308808560688136
p191_H3,1.193812859683445e-56,270.9328896801025,1.059208842923954e-05,0.0,0.0,0.039718041763585524,0.009932158463003691
p191_NCI,1.8304490376667943e-21,92.9698156952752,4.406813841198875e-05,1.8677305e-06,0.0,0.02438729232680564,0.006108307048923199
p191_MASS,3.3920299306790524e-13,53.80582370002672,9.510826064679368e-06,0.0,0.0,0.0026453507859691776,0.0006637154030084642
p192_H2,7.16907616157503e-53,250.9712610685264,1.1758598213651224e-05,3.5269404e-06,0.0,0.22337018770917189,0.05584636831195087
p192_H3,0.0025987230141647664,9.096325819897165,4.682275694237801e-05,2.6270857e-07,0.0,0.014855205148630125,0.003725572653535073
p192_NCI,0.021000284736464994,5.336567317694506,0.00010631807024981143,0.0,0.0,0.033178764231266034,0.008321270575378962
p192_MASS,4.177574021943372e-14,58.05697456091137,0.00015628434892282672,0.00071699795,0.0008879868445617754,0.07909305375292257,0.020213580724302665
p193_H2,3.705429114052205e-19,81.93315666461265,3.82878579574228e-05,1.2078602e-05,0.0,0.04021536253246015,0.01006643224802566
p193_H3,5.686530001211747e-05,16.28551511166172,1.096390814416004e-05,4.4361076e-07,5.312847373865599e-05,0.12220287884071841,0.030566853708340006
p193_NCI,1.2284459897749225e-61,297.5996659278029,0.0001314903720306592,7.027513e-06,6.391770274185866e-07,0.040840595461163136,0.010244938130860363
p193_MASS,9.671112411120146e-06,19.69273763349974,7.032256662979224e-05,1.1163636e-05,0.0,0.08271873148747702,0.02070005442261987
p194_H2,0.6718449551184014,0.17951306405239834,0.0,0.0,0.0,0.0,0.0
p194_H3,2.565939244006177e-15,63.74378986477922,0.0001804679208693481,7.718559e-06,0.0,0.09402928973729699,0.023554369054207415
p194_NCI,6.053614929935976e-203,1223.2708645847367,0.00014789263005337997,5.5367866e-05,0.0,0.06186053960770859,0.01551595002583314
p194_MASS,7.817893312850882e-13,52.11527556021911,5.885675332832841e-05,4.8056536e-06,0.0,0.07758813079217736,0.019412948299773632
p195_H2,2.0152892135072673e-22,97.57935705374088,4.204328479459404e-05,4.287287e-06,0.0,0.07445625573872965,0.018625646577651953
p195_H3,4.2540145703149144e-10,39.44904601787775,1.448863705796847e-05,0.0,0.0,0.07153187712869866,0.017886591441439156
p195_NCI,8.120941484993473e-23,99.48225400623454,0.002692586908611759,4.191868e-07,0.0,0.025985047191972043,0.007169513321843493
p195_MASS,0.11679657453374878,2.4622335960654196,0.0,0.0,0.0,0.0,0.0
p196_H2,4.472513416569819e-51,241.56023274387388,0.00014282730152923706,0.000117429394,0.0,0.022514427759588347,0.00569367111374627
p196_H3,3.065420919335032e-50,237.1935262810478,2.7550597596279406e-06,0.0,0.0,0.0369250695672985,0.009231956156764531
p196_NCI,4.476310230716675e-06,21.18459455649748,4.746961060962252e-05,3.7279897e-05,0.0,0.01836840260823479,0.004613288028907946
p196_MASS,0.0009441673183177635,10.971954925619187,6.560199337317487e-05,0.0,0.0,0.13716875450868934,0.03430858912551563
p197_H2,8.804264882175861e-31,138.36942828497175,9.597326391446783e-05,1.39993645e-05,0.0,0.03376235938959034,0.008468083004490009
p197_H3,1.073427879510818e-36,167.83441268539835,0.00022477869971086994,2.2408078e-05,0.0,0.10470811420393358,0.02623882524533901
p197_NCI,2.401156627183428e-92,469.9866595262768,0.00016277736175553795,2.436072e-06,0.0,0.0016810191340317266,0.00046155814194906723
p197_MASS,2.4207147030457982e-89,452.4879292976018,0.00021184343618079068,2.5002535e-07,0.0,0.22637290202308358,0.05664624887115398
p198_H2,3.1339716545603535e-169,969.5605253449913,0.00013220019354710278,0.00010308536,0.00010768174446387004,0.18095142818113338,0.04532359886979212
p198_H3,3.521413231601817e-31,140.33658578075043,0.017133654737814828,8.251543e-05,0.006848245090128472,0.06029847979482681,0.021090723762565898
p198_NCI,3.3334914390013735e-50,237.0035630464009,0.003130190438994161,5.002824e-07,0.0,0.13498020308173092,0.03452772345078048
p198_MASS,1.0122059022700364e-165,944.445403548005,0.00013305785458268512,0.00052432594,0.0,0.12953911064170898,0.03254912360821467
p199_H2,0.6782770311382514,0.17213040396708695,0.0,0.0,0.0,0.0,0.0
p199_H3,1.2306575158887648e-56,270.86278998709076,3.1089683404680845e-06,0.0,0.0,0.022812867469563597,0.005703994109476016
p199_NCI,8.397658955080231e-35,158.3466951139507,0.00010189757590282214,0.00028979033,0.0,0.28692495669533064,0.07182916115088771
p199_MASS,8.977393032663534e-58,276.9097032524159,2.4055682986126526e-05,0.0,0.0,0.18054243105310028,0.0451416216840216
p200_H2,7.232885391573504e-55,261.49100114949186,2.0243301260812675e-05,2.189505e-06,4.1696079771689605e-06,0.2565477506559256,0.06414358826755077
p200_H3,0.1795891916286842,1.80248600766539,0.0,0.0,0.0,0.0,0.0
p200_NCI,1.5030885637691416e-77,385.13619921476044,2.9941932212343424e-05,2.7453543e-06,0.0,0.03551482843080374,0.008886878929334655
p200_MASS,0.003696827717049436,8.450146293942943,5.3263772967067206e-05,8.4404206e-08,0.0,0.07782400207467356,0.01946933756296173
p201_H2,1.270461802541623e-306,2163.682707731162,2.4925170838618066e-05,2.735001e-05,4.6183845903742284e-05,0.05360918271919548,0.013426910436481096
p201_H3,9.383469161618312e-180,1046.3101849049167,5.184674315577592e-05,0.0,0.0,0.08922809547640995,0.022319985554891432
p201_NCI,9.168879335780123e-66,319.94121224838625,0.0015070462009674373,0.0008178088,0.0009328152948345431,0.03131182193587971,0.008642373054987862
p201_MASS,1.560025887936636e-288,1980.2689874051307,0.00012894003846335194,0.0,0.0,0.030535288388904173,0.007666057106841881
p202_H2,0.6649897640228117,0.187583481003334,0.0,0.0,0.0,0.0,0.0
p202_H3,0.002564461502141074,9.120732299564668,5.409472133471291e-05,7.895025e-06,0.0,0.15241247393889976,0.038118615921356576
p202_NCI,0.004067450560333074,8.275673437248702,5.409472133471291e-05,7.895025e-06,0.0,0.15241247393889976,0.038118615921356576
p202_MASS,0.001015100409693157,10.836910346785167,0.0001342322423596798,0.0,0.0,0.046424369570621245,0.011639650453245231
p203_H2,3.1604988704926207e-166,948.0488146302062,6.492501920230009e-05,7.5462176e-06,0.0,0.039294323608236585,0.00984169871126042
p203_H3,4.756813925123898e-274,1839.6746493180658,2.7010306821536805e-07,0.0,0.0,0.016444406731651276,0.0041111692086798724
p203_NCI,1.3453825117158476e-17,74.51523509087454,0.0003433434961574963,2.6347577e-06,0.0,0.19817821274018838,0.04963104774851658
p203_MASS,1.985570474167166e-88,447.19130075334175,5.494880614685652e-05,5.7087327e-06,1.0274214462843752e-05,0.02508984965982463,0.006290195353287331
p204_H2,6.518039302504041e-47,219.91036688487435,0.00012972531864949546,2.1247415e-06,3.3658478439086584e-06,0.2509738585324337,0.06277726861011013
p204_H3,1.008681862454457e-163,930.2474478663838,1.5486808992441288e-05,2.1130081e-06,0.0,0.14817894385575098,0.037049135918216416
p204_NCI,8.568536157575765e-18,75.44478423739521,7.159018443774394e-05,4.1999606e-06,0.0010246095165316993,0.12455808872048205,0.031414622095509256
p204_MASS,4.4260952901729454e-150,835.3328284411233,0.00021006663454666916,0.000120664816,0.0,0.11215371632307622,0.02812111194334764
p205_H2,1.0717105166106972e-37,172.86948481823282,0.00014607322676516273,1.6321987e-05,0.0006751154035670321,0.2565551712731872,0.06434817047251733
p205_H3,1.7774218995386288e-22,97.8421738065303,3.362254035571538e-05,0.0,0.0,0.013458626665793573,0.003373062301537322
p205_NCI,0.00039100312539583126,12.624405067608622,0.0001824728575148703,5.042157e-06,0.0,0.24583201080342496,0.06150488145454167
p205_MASS,1.5688473658610085e-18,78.94827683657202,9.501614789038534e-05,0.0,0.0,0.030593889807099466,0.0076722264887474625
p206_H2,1.695807859211735e-09,36.69115343321788,0.0008500739040360191,8.803379e-05,0.0003249058535958155,0.34767690375342913,0.08723497932532386
p206_H3,1.4138960593664783e-31,142.29771181932773,0.0,0.0,0.0,0.09625175584015776,0.02406293896003944
p206_NCI,2.7314368676269005e-52,247.92057430333634,0.0005795310578176278,8.608298e-06,0.00032185815700530747,0.409101421603102,0.1025028547790389
p206_MASS,2.0474240034141798e-85,429.82019761715077,0.0003076178372054744,1.7427441e-06,0.0038874390195918406,0.031282940587707385,0.008869935047144993
p207_H2,7.002865082957741e-99,508.55365934332974,0.1150063317954909,0.05178138,0.15525163969220293,0.6089985306325775,0.23275947020167484
p207_H3,1.9038569616475203e-17,73.80031004105363,8.971407564412755e-06,0.0,0.0,0.0034192284975262197,0.0008570499762726581
p207_NCI,4.143321435200989e-70,343.73492593611326,0.009073813483178352,1.2364726e-05,0.0009534165990156186,0.49733998668844964,0.12684489537415833
p207_MASS,1.2212431886267189e-64,313.82896920426435,0.00914839077200496,0.0,0.013588532338455384,0.36726118110118655,0.09749952605291172
p208_H2,0.004085147180593391,8.267752789620216,8.85084093999769e-05,4.784406e-06,0.0,0.056942868563075816,0.014259040344612355
p208_H3,0.2248809672962407,1.474007326373405,0.0,0.0,0.0,0.0,0.0
p208_NCI,1.1875572015172739e-26,118.09011991640142,0.0001928502763014074,1.736653e-05,0.0,0.05624884506452638,0.01411476546778218
p208_MASS,4.7839153584566617e-23,100.5912493348175,9.049833362529479e-05,2.1645103e-06,0.0,0.021314065669159412,0.005351682128272702
p209_H2,1.8354407547802834e-103,535.9989359488114,0.0014119297888085369,0.0002675219,2.2703314630064404e-06,0.1236859610144478,0.03134192075510217
p209_H3,3.819833411154262e-55,262.9567608873073,3.0265981606942047e-05,0.0,0.0,0.20762706972611183,0.05191433392692969
p209_NCI,4.918705042044927e-06,21.00177773006375,3.9669485649578775e-05,4.3366185e-06,0.0,0.37398112077791895,0.09350628172052487
p209_MASS,8.101452395350664e-95,484.4945013897441,0.007182294556014897,0.0021319077,0.006067352264485123,0.1052054757363427,0.03014675757296566
p210_H2,0.004167560301894999,8.231320945107282,0.00022633962308036558,4.7642316e-06,0.0,0.0037290640457885217,0.000990041975107759
p210_H3,1.9140041209949966e-14,59.645277812955236,0.00016939137666259542,0.0,0.0,0.08575533713902737,0.021481182128922492
p210_NCI,3.504036840305735e-17,72.54509479836787,0.003037864966374539,0.0015690539,0.004364338057506019,0.3024447634295287,0.0778540050775163
p210_MASS,1.3885879333883618e-46,218.2130168566333,0.00041226865202637905,0.0,0.0028666991116409963,0.03772031214386701,0.010249819976883595
p211_H2,2.205253015018352e-92,470.20288664771266,4.101073099177054e-05,0.0,0.0,0.04812581803215,0.012041707190785442
p211_H3,0.44258477194969414,0.589843945961294,0.0,0.0,0.0,0.0,0.0
p211_NCI,5.724708553897654e-94,479.49952899511914,9.141592240045067e-06,0.0,0.0,0.005315149081711838,0.0013310726684879707
p211_MASS,4.0638311434719754e-66,321.86590602071993,3.100788382111531e-05,0.0,3.392096369168199e-06,0.05194203552641287,0.012994108876650787
p212_H2,2.6022559387114204e-07,26.73758238241323,0.0024446108206718,1.7557255e-05,0.0011166798793293732,0.21177857477145728,0.05383935568160908
p212_H3,3.54770192548889e-07,26.129720561485524,1.2661505250840152e-05,2.3182443e-05,0.0,0.04268463461212102,0.010680119640175102
p212_NCI,0.7123253045724276,0.13601030959642066,0.0,0.0,0.0,0.0,0.0
p212_MASS,3.362601237290421e-34,155.33820212887755,0.00014142621879034104,0.00035881012,0.0,0.037120367165600944,0.00940515087721111
p213_H2,0.0007912586613208458,11.301821246294944,0.00011735233788110796,1.1350783e-05,0.0,0.029969262332572386,0.007524491363387734
p213_H3,1.400512802479528e-21,93.52839501953035,2.941978359656745e-05,0.00016736306,0.0,0.23266570606034154,0.05821562222631873
p213_NCI,8.729265988216064e-16,65.94846292484172,0.00012543275381948047,2.7611804e-06,3.959337585287392e-05,0.00433371244910029,0.0011253749398031229
p213_MASS,0.00021706087358575233,13.735776238398506,0.0003527130416265739,8.206609e-06,0.0,0.030743547069835845,0.007776116680111032
p214_H2,0.014356259219937616,6.005987704644644,0.0,0.0,0.0,0.006029428369567754,0.0015073570923919385
p214_H3,0.02560467109773833,4.991185343345228,0.0,0.0,0.00013921000386786045,0.06463431729279503,0.016193381824165725
p214_NCI,0.0048218807064830315,7.965734408575572,3.910336792988487e-06,6.993887e-07,6.396073808515402e-05,0.4407736775855688,0.11021056201228492
p214_MASS,0.015116648424655623,5.9146699572557715,3.110330889278546e-05,1.4695776e-06,0.0,0.017461878845337293,0.0043736129329497615
p215_H2,0.5518232640889016,0.35420021593930534,0.0,0.0,0.0,0.0,0.0
p215_H3,0.0007758183502230321,11.33865673479599,5.196831625800943e-06,0.0,0.0,0.014371038152469592,0.003594058746023848
p215_NCI,1.443194382043798e-15,64.9199826592377,3.0895843063992954e-05,3.2162568e-06,0.0,0.08790688049882477,0.0219852481496723
p215_MASS,1.3452056603336589e-17,74.51550584842681,0.0006653705700646533,4.104222e-06,0.0008118192534621062,0.015220163565881654,0.0041753644028948555
p216_H2,2.0849027056248046e-62,301.75045979365234,0.000330696939821953,9.14475e-06,0.0,0.13191075058887056,0.033062648069682656
p216_H3,6.547846078361218e-90,455.7853815981953,3.780330090521556e-05,6.6375796e-06,0.00020011341568710217,0.3195359608185986,0.07994512877870898
p216_NCI,2.058264710923676e-19,83.15099132816195,0.000499220274547408,2.2269563e-05,0.0009987014609765703,0.04561625776017019,0.011784112264795418
p216_MASS,7.586535350630959e-11,42.89952566331627,0.0009525639580323986,0.00024181079,0.0020565443141720876,0.13865706535005115,0.035476996103217
p217_H2,0.2148349179746578,1.5396769372701693,0.0,0.0,0.0,0.0,0.0
p217_H3,0.16707393114415048,1.910617552890839,0.0,0.0,0.0,0.0,0.0
p217_NCI,1.662221075123024e-05,18.647383670428727,0.0002140731476657283,9.586302e-05,0.00021858842459006978,0.10430523311675806,0.026208439426988864
p217_MASS,3.6433622643444446e-18,77.20846146625162,4.637863833894909e-05,7.386435e-06,0.0,0.09890854096512983,0.02474057650957847
p218_H2,0.009392683084035887,6.7617935442630275,1.1285761491824152e-06,5.455611e-07,0.0,0.04385975112221422,0.010965356314860595
p218_H3,0.04052429148647652,4.202134421079444,1.724225662139992e-08,0.0,0.0,0.011486713060863804,0.0028716825757801063
p218_NCI,1.5449776678934753e-05,18.788385329903903,0.004451846568966179,0.016700078,0.01281520376332206,0.16654100452728718,0.05012703316537956
p218_MASS,0.10418205378119859,2.643120745359971,0.0,0.0,0.0,0.0,0.0
p219_H2,2.324379482351628e-47,222.2269813330466,0.00025013816853821323,1.9591441e-06,0.0,0.02577601921722788,0.006507029132473699
p219_H3,0.4034729446484554,0.6982955255673716,0.0,0.0,0.0,0.0,0.0
p219_NCI,6.038392031455294e-107,557.089946311168,0.0004227873982448892,1.786708e-06,0.0,0.06364971248342179,0.016018571647423163
p219_MASS,3.9439767080126206e-38,175.05833824494897,0.00010180883250624921,1.0959419e-06,0.0,0.055941489609717426,0.01401109859603378
p220_H2,3.3293249226769356e-32,145.4103389003397,7.602252746124204e-05,1.0256668e-05,0.0,0.10851112913091146,0.027149352081654966
p220_H3,0.3085198152921485,1.0376153585979202,0.0,0.0,0.0,0.0,0.0
p220_NCI,1.753236300416581e-11,45.84128335331878,0.00017293045317386853,0.0002630088,0.0,0.14296721445157315,0.03585078842941378
p220_MASS,3.20158533309389e-35,160.4408632258988,9.409726643210757e-06,0.0,0.0,0.01034445915624988,0.0025884672207232727
p221_H2,3.291578612422176e-26,115.9307679292483,5.4392291302112224e-05,0.0,0.0,0.016765536089337528,0.00420498209515991
p221_H3,1.6138962484941042e-79,396.2333776767926,3.594962592916532e-06,0.0,0.0,0.0860807402038448,0.02152108379160943
p221_NCI,7.747672803419504e-95,484.6086971231258,0.00014942100380068224,0.0003144327,0.0,0.026607761764372597,0.006767903864814375
p221_MASS,0.8476529790628128,0.036918868339585714,0.0,0.0,0.0,0.0,0.0
p222_H2,0.6824678844764736,0.16741775641101617,0.0,0.0,0.0,0.0,0.0
p222_H3,0.682467884473559,0.16741775641415943,0.0,0.0,0.0,0.0,0.0
p222_NCI,0.682467884479045,0.16741775640796658,0.0,0.0,0.0,0.0,0.0
p222_MASS,0.6824678844799021,0.1674177564071825,0.0,0.0,0.0,0.0,0.0
p223_H2,6.672014617983211e-141,773.4017662814982,0.000596083167678411,0.0006752682,0.012169969664554608,0.29178608816694357,0.07630685229484482
p223_H3,1.8357258961318435e-278,1881.939765509583,2.6836218635307526e-05,0.0,0.0,0.09504065721183007,0.023766873357616344
p223_NCI,1.3765222759940967e-65,318.98077357258734,0.00032521681650168075,0.00011774445,0.0005266744291204864,0.08540952494663315,0.021594790160590866
p223_MASS,5.5817267638589844e-11,43.515041553383774,0.00021106299689408484,0.0006041619,0.00010119344945048027,0.08436111086125117,0.02131938229596238
p224_H2,0.03140934270301477,4.638028229727234,6.61520867430333e-05,5.9503964e-07,0.0,0.1028170171145455,0.02572094106023141
p224_H3,4.4194492540117885e-20,86.34249951472779,9.499866462417813e-06,0.0,0.0,0.08413602419086842,0.02103638101433271
p224_NCI,2.3198817949576048e-36,166.1535597248764,1.4331540712474853e-05,1.5609887e-06,0.0,0.01904566194526199,0.004765388618673964
p224_MASS,0.23603475384585648,1.4051019448840834,0.0,0.0,0.0,0.0,0.0
p225_H2,1.1095631320326693e-10,42.137544196678306,0.0,0.0,0.0,0.036306824621998975,0.009076706155499744
p225_H3,0.018105756696073245,5.596584125936823,0.0,0.0,0.0,0.006029428369567754,0.0015073570923919385
p225_NCI,0.266125155682016,1.2374146959983143,0.0,0.0,0.0,0.0,0.0
p225_MASS,4.576278869938911e-41,189.9284265633345,2.596673290128707e-07,0.0,0.0,0.010920545054449397,0.002730201180444602
p226_H2,1.1886834512806438e-51,244.5722485574105,7.373575860689042e-05,1.0813925e-05,0.0,0.02917238616004041,0.0073142339608482975
p226_H3,4.7708068420444085e-87,439.21431790988544,1.7654256081032507e-07,0.0,0.0,0.0610682033473675,0.015267094972482078
p226_NCI,6.6125634997968466e-31,138.98370213453583,7.890206448808334e-05,0.0,0.0,0.042896865196635194,0.010743941815280818
p226_MASS,1.6906255769495595e-48,228.1283593106648,7.373575860689042e-05,1.0813925e-05,0.0,0.02917238616004041,0.0073142339608482975
p227_H2,1.4839130757440776e-140,771.0891116531106,0.026060870964674097,9.699337e-05,0.0,0.07039016043083524,0.024137006190892533
p227_H3,1.1783713274961769e-39,182.7665340580172,0.00011631937091049334,0.0,0.0,0.1191565263682229,0.029818211434783345
p227_NCI,3.481919149315955e-67,327.68920818335914,0.00017447087381320197,1.1292746e-05,0.00016994059054150154,0.07628285483913057,0.019159639762476702
p227_MASS,1.585927325839447e-21,93.2689644415478,0.0003523553390507099,9.263067e-06,0.000341840278226356,0.09322054400812678,0.0234810006731293
p228_H2,0.1242626376320973,2.3650627936835704,0.0,0.0,0.0,0.0,0.0
p228_H3,0.03047562094542291,4.689995119344002,1.3606720644389753e-05,1.3411181e-06,0.0,0.11494653620644915,0.028740371011310852
p228_NCI,0.3465512366485153,0.886530769823109,0.0,0.0,0.0,0.0,0.0
p228_MASS,4.247531505418387e-08,30.305303697297646,2.0227731462247456e-05,0.0,0.0,0.005951725664093477,0.0014929883488889312
p229_H2,1.792483068818107e-30,136.8448129936425,4.066499893285886e-06,7.9084475e-06,0.0,0.009768118327351975,0.0024450233186899743
p229_H3,1.0,0.0,0.0,0.0,0.0,0.0,0.0
p229_NCI,1.6879724353172502e-28,127.13037767809354,8.435083699840204e-06,0.0,0.0,0.04325324867129453,0.010815420938748592
p229_MASS,7.168254437061803e-41,188.93730955247682,2.615096999503837e-07,0.0,0.0,0.010604035243160616,0.0026510741882151416
p230_H2,0.5852832427407512,0.297883149708158,0.0,0.0,0.0,0.0,0.0
p230_H3,1.336146252858949e-22,98.43948934771363,9.575070552319738e-07,0.0,0.0,0.09537966428027399,0.023845155446832304
p230_NCI,9.283229684502156e-57,271.513057803789,0.00016553006023482944,1.0358982e-05,9.735397792819893e-06,0.02780033707752319,0.00699649037935112
p230_MASS,4.122990374153292e-44,205.48474441729473,7.704911249237552e-05,2.7468009e-06,0.0,0.144202183132179,0.03607049476138631
p231_H2,1.098028622177691e-18,79.68573099192518,7.571544230583356e-05,0.0,0.0,0.1505652524591254,0.037660241975357805
p231_H3,2.7994943581563976e-13,54.19489192079738,9.973832000993676e-05,0.0,0.0,0.13724538050878654,0.034336279707199116
p231_NCI,0.02762185908044891,4.85976834909438,0.00020567456795590072,0.0,0.00034155739709982946,0.14834834266400923,0.03722389365726624
p231_MASS,1.5277040982830218e-12,50.76075122470943,0.000440007980509745,0.0009612165,0.0,0.18306936872534516,0.04611764830542909
p232_H2,4.1821346564605386e-26,115.42399108951363,5.883009877873118e-07,0.0,0.0,0.1439291923427553,0.03598244516093577
p232_H3,0.2975758545634255,1.0856834779646685,0.0,0.0,0.0,0.0,0.0
p232_NCI,3.894509020712969e-30,135.18233705231395,3.716324425558332e-07,8.6047714e-07,0.0,0.01411035787062717,0.0035278974950533715
p232_MASS,3.156154649227224e-07,26.359013324547654,4.921209059584177e-07,7.3167274e-07,0.0,0.01695648306674473,0.00423942671509816
p233_H2,0.3450753096634104,0.8919744236363217,0.0,0.0,0.0,0.0,0.0
p233_H3,0.33156174364732693,0.9433205490502626,0.0,0.0,0.0,0.0,0.0
p233_NCI,0.0632015668519455,3.455777476708885,6.345394442747088e-05,0.0,0.0,0.03865278105271578,0.009679058749285813
p233_MASS,0.43307568618849435,0.6148491443029012,0.0,0.0,0.0,0.0,0.0
p234_H2,1.2170467430699055e-19,84.24023301151558,7.903341169231818e-05,5.6815355e-07,0.0,0.14456927215369442,0.03616221842973485
p234_H3,0.002098642265382501,9.489996148024698,4.512249953499338e-05,0.0,0.0,0.11993871012342038,0.02999595815573884
p234_NCI,1.3256794101809463e-07,28.06264724714789,0.0027930964099722646,2.6451195e-07,0.0,0.1057827108417245,0.027144017940912608
p234_MASS,4.5106207242157023e-32,144.7562822352899,1.4537639722794315e-05,1.4644411e-07,0.0,0.14094895559587947,0.03524090991992766
p235_H2,0.018537271560962385,5.555200338183333,0.0018904864046195777,0.0,0.0,0.18992583245629246,0.04795407971522801
p235_H3,0.9883737276178319,0.00021240157425091586,0.0,0.0,0.0,0.0,0.0
p235_NCI,0.07445715253099497,3.185788067209856,0.04739622667186185,0.20648645,0.06721677189110632,0.16611402735516995,0.12180336864093246
p235_MASS,0.10562122172862005,2.621298855639065,0.0,0.0,0.0,0.0,0.0
p236_H2,0.08375750251927531,2.9939060870315672,0.0,0.0,0.0,0.0,0.0
p236_H3,0.08233386762086177,3.0217429870470136,0.0,0.0,0.0,0.0,0.0
p236_NCI,2.02117075550861e-18,78.42493770492695,7.570842016884684e-06,0.0,0.0,0.05876577431288351,0.014693336288725099
p236_MASS,8.917434805373249e-09,33.393249733862405,6.647024821414548e-06,0.0,0.0,0.014767275331237447,0.0036934805890147153
p237_H2,3.9983922962076513e-57,273.45718908860664,4.997237676788972e-06,0.0,0.0,0.0014522583967256958,0.0003643139086006212
p237_H3,2.088647934840041e-24,107.16958066239462,1.5970772992357166e-06,0.0,0.0,0.059676815949229786,0.014919603256632255
p237_NCI,0.07642846223302559,3.14303670751522,0.013446514327699487,6.777473e-07,0.01805005068840586,0.06946658986759098,0.025240958157754873
p237_MASS,1.6775694512685828e-14,59.913787284516985,0.00043404812758305255,0.0,0.0,0.019372311792339784,0.004951589979980709
p238_H2,0.3076888662516514,1.041187138736831,0.0,0.0,0.0,0.0,0.0
p238_H3,0.5282024133110892,0.3980101480024473,0.0,0.0,0.0,0.0,0.0
p238_NCI,0.00019238457528986436,13.964391483248972,2.182407278049729e-05,0.0,0.0,0.0847795814533333,0.021200351381528447
p238_MASS,0.004160891043923881,8.234241768246648,4.3948622758428085e-05,0.0,0.0,0.00792623061766413,0.0019925448101056394
p239_H2,1.4760883991089956e-07,27.851305614862017,0.0004711242107735093,0.009557276,0.0,0.19089883356120588,0.050231808451211106
p239_H3,0.08125155300853022,3.043256165104518,0.0,0.0,0.0,0.0,0.0
p239_NCI,0.3123380105326913,1.0213625384500886,0.0,0.0,0.0,0.0,0.0
p239_MASS,3.76762655812518e-08,30.541996278760976,1.4476149630745145e-05,0.0,6.563976049278001e-05,0.08246354209048784,0.02063591450015284
p240_H2,4.228781257866411e-151,842.308615122581,1.1458263909690872e-05,3.13798e-07,0.0,0.039222186566553456,0.00980848965711868
p240_H3,1.8626041169097583e-108,566.3005559697575,4.584128336019533e-06,0.0,0.0,0.11588289622347438,0.0289718700879526
p240_NCI,2.4592734473560022e-29,131.2405773854618,2.663880437928649e-05,4.3260428e-07,0.00017127222418619411,0.02235562727630499,0.005638492727287939
p240_MASS,9.391142149723056e-99,507.7950526255113,1.0997929605076301e-05,1.5993953e-07,0.0,0.03699971282087204,0.00925271767250224
p241_H2,8.532567441039023e-05,15.510383998260062,0.00029278154245244824,7.6125696e-05,0.0,0.12786074063163574,0.0320574119675392
p241_H3,0.009098300455357384,6.818868738017998,3.5991758864987215e-05,0.0,0.0,0.0362883199366997,0.009081077923891172
p241_NCI,0.031883932140844715,4.612229500550128,0.00010226192912826805,1.8503251e-05,0.0,0.20150060170159365,0.05040534172051548
p241_MASS,1.335099390642742e-25,112.96960638091774,0.0001272512051058808,5.3618364e-06,4.118263368056341e-06,0.08417586078855557,0.021078148023364645
p242_H2,0.010549337308501433,6.554035536978564,4.024061818534256e-05,1.5565856e-05,5.796305586895002e-05,0.18524194035487282,0.046338927471307204
p242_H3,8.719521379172302e-10,38.0166057656793,4.1552563699151035e-05,0.0,0.0,0.015450208819259036,0.003872940345739547
p242_NCI,0.11105100970502545,2.541811845806919,0.0,0.0,0.0,0.0,0.0
p242_MASS,0.0012944692359486809,10.384587122285991,4.3768392591326105e-05,4.8414954e-06,0.0001193496397797113,0.08398670944448965,0.021038667243067872
p243_H2,6.192106851766541e-10,38.69947365159056,5.1445070265448116e-05,1.4026325e-05,0.0,0.06821041019887678,0.017068970398437223
p243_H3,0.04276403758887174,4.110796214690999,9.738602655521841e-06,0.0,0.0,0.19247795050081162,0.048121922275866785
p243_NCI,0.7246505193096329,0.12412081553583221,0.0,0.0,0.0,0.0,0.0
p243_MASS,0.0019496829091233717,9.625904425505073,5.1801329215229494e-05,2.107478e-05,0.0,0.05142057404057328,0.012873362537523792
p244_H2,0.04787128595697743,3.9200906563877282,4.543351865976538e-06,0.0,0.0,0.12390179843379102,0.03097658544641425
p244_H3,1.591513008623718e-07,27.703292672211987,1.551843157019007e-05,0.0,0.0,0.022005050095712544,0.005505142131820683
p244_NCI,7.259949143640859e-07,24.727850009450968,2.9300628815523117e-06,9.63359e-06,0.0,0.10466438238938977,0.0261692365105173
p244_MASS,0.06679926713954003,3.3642280631694095,1.6617589542970652e-07,0.0,0.0,0.03386409146438166,0.008466064410069273
p245_H2,0.015017312453492622,5.926327258342284,5.171850654125957e-05,0.0,0.0,0.12418455486805215,0.03105906834364835
p245_H3,0.036415747677842725,4.384372289630335,3.355707086788463e-07,0.0,0.0,0.028037296744352725,0.007009408078765351
p245_NCI,0.10013073739311133,2.706369368097827,0.0,0.0,0.0,0.0,0.0
p245_MASS,0.6011630319124022,0.2733463835043538,0.0,0.0,0.0,0.0,0.0
p246_H2,0.6461978777043169,0.21080148933506343,0.0,0.0,0.0,0.0,0.0
p246_H3,0.6994526731170458,0.14909160044398392,0.0,0.0,0.0,0.0,0.0
p246_NCI,0.5153898502957657,0.4232837353044047,0.0,0.0,0.0,0.0,0.0
p246_MASS,0.2160348387838728,1.5316423932250516,0.0,0.0,0.0,0.0,0.0
p247_H2,0.9490222933952907,0.004088826340573705,0.0,0.0,0.0,0.0,0.0
p247_H3,3.204960492820837e-73,360.9473007063525,8.18686008750724e-06,1.2064777e-06,0.0,0.12580093254292854,0.03145258147017678
p247_NCI,5.2094175112392e-68,332.2030136256009,0.00032116129191817,0.00021863222,5.319979914579882e-05,0.32225648402464735,0.08071236933481539
p247_MASS,1.6471376426365003e-43,202.40153825846278,2.1771568675554938e-05,0.0,0.0,0.02050023282259837,0.005130501097818482
p248_H2,0.008742279585492669,6.890478455743707,0.0,0.0,0.0,0.204038004422584,0.051009501105646
p248_H3,5.628950940169504e-21,90.6282740500583,1.9397181024865712e-05,0.0,0.00040118933128374033,0.19539974988459446,0.04895508409922577
p248_NCI,5.961719289792425e-05,16.19513050890593,4.650251423078573e-05,0.0,0.0,0.07786032094495793,0.01947670586479718
p248_MASS,1.590658324228549e-12,50.67915759895204,4.084745729259885e-06,0.0,0.0,0.06641741551301317,0.016605375064685606
p249_H2,0.30759916470296084,1.0415734642512016,0.0,0.0,0.0,0.0,0.0
p249_H3,0.07392980867509251,3.197430946642825,3.165775869804001e-07,0.0,0.0,0.01459027176211179,0.0036476470849246927
p249_NCI,7.982615767843678e-16,66.13146155203523,3.7666317599293566e-05,0.0,0.0,0.06822636397839618,0.01706600757399887
p249_MASS,0.03878335520521902,4.276874112783832,3.5836009083354786e-06,0.0,0.0,0.03878794502495384,0.009697882156465545
p250_H2,3.237693526556628e-88,445.9625197249401,2.317137396362667e-05,0.0,0.0,0.012902821132559007,0.0032314981266306584
p250_H3,0.15696438089516376,2.0049783237534116,0.0,0.0,0.0,0.0,0.0
p250_NCI,0.14405024496810118,2.1360939679585433,0.0,0.0,0.0,0.0,0.0
p250_MASS,4.9424033889979354e-20,86.11025752035114,1.0580712381086516e-06,0.0,0.0,0.006455335462681205,0.0016140983834798284
p251_H2,3.941040139555048e-13,53.501907814886984,2.3303441162662025e-05,0.0,0.0,0.1448027208118486,0.03620650606325282
p251_H3,0.21561826037033188,1.5344257237174381,0.0,0.0,0.0,0.0,0.0
p251_NCI,7.822859503922377e-15,61.46851425991613,1.9449516115719284e-05,2.2166096e-06,0.000122219073031852,0.0642094605479643,0.016088336436671274
p251_MASS,1.4505839447124643e-06,23.376388355951413,9.08159946207065e-06,3.069916e-05,2.8028783493906656e-06,0.03426541539369276,0.008576999758016355
p252_H2,4.073635901570308e-36,164.92658817874832,2.8958753185032236e-05,0.0,0.0,0.03212712606422553,0.00803902120435264
p252_H3,0.29693805457425576,1.0885549419557417,0.0,0.0,0.0,0.0,0.0
p252_NCI,5.543108365106326e-12,48.15974486768243,7.980907708229303e-05,0.0009540263,0.0,0.0002504832542314965,0.0003210796573613958
p252_MASS,0.0008983473842287412,11.064763590819597,1.312088977026309e-05,0.0,0.0,0.01644725288019759,0.004115093442491963
p253_H2,0.0002575060723676554,13.412504205778896,4.949978950851605e-06,2.9126328e-05,0.0,0.0868258269319816,0.021714975809662532
p253_H3,0.5734193368575282,0.3171159594551802,0.0,0.0,0.0,0.0,0.0
p253_NCI,2.7405776766884883e-07,26.635958637413072,1.517598583761421e-06,0.0,0.0,0.08685948800560343,0.021715251401046798
p253_MASS,0.13556440889871071,2.2296876188521413,0.0,0.0,0.0,0.0,0.0
p254_H2,0.015393369401107965,5.882607905889887,1.9449494412933655e-05,2.5139457e-07,0.0,0.22120151520204548,0.05530530402275645
p254_H3,0.3518774551230125,0.8671449399919176,0.0,0.0,0.0,0.0,0.0
p254_NCI,0.00859474881363406,6.921032698588809,3.3662708668085386e-05,2.770293e-07,0.0,0.09250671686595907,0.023135164150981997
p254_MASS,8.375469245461206e-07,24.44847378889897,3.5897730590956235e-05,0.0,0.0,0.055943598801187676,0.013994874132944658
p255_H2,2.1859256702826586e-11,45.397770698421226,2.4006164948880892e-05,1.6605449e-06,0.0,0.02380141778460007,0.005956771123600643
p255_H3,8.710246132372445e-16,65.95292677770477,2.9572467714948753e-07,0.0,0.0,0.12628473893845274,0.031571258665782476
p255_NCI,7.803522627458365e-15,61.47356122001971,4.7142127049152635e-05,6.344245e-07,0.0,0.2570222945638364,0.06426751777884873
p255_MASS,1.246088592112749e-33,152.50244856140134,2.9112522578022415e-05,0.0,0.0,0.08175809245620325,0.020446801244695317
p256_H2,4.750561029560642e-20,86.19246457092103,3.522852528291672e-06,2.8100935e-06,0.0,0.08619444245712343,0.021550193850792845
p256_H3,4.4097289982135555e-32,144.8049976118933,1.3482133325085088e-06,1.3313194e-06,0.0,0.128043495371793,0.03201154372612328
p256_NCI,6.15919623726396e-11,43.31753676238014,4.557566495156754e-06,7.3109986e-06,0.0,0.06487102052577697,0.016220722272724544
p256_MASS,0.0021190501980337005,9.472143101900736,2.1546952018236807e-05,3.0975075e-06,0.0,0.06008589518283724,0.015027634910585829
p257_H2,9.21307613891803e-37,168.16790812050274,1.8272283646637784e-05,7.501866e-07,0.0,0.09655270087104763,0.024142930835320223
p257_H3,0.002963520738745082,8.8550455504899,0.0,0.0,0.0,0.153150406394103,0.03828760159852575
p257_NCI,0.12469414710718324,2.3596460233968366,0.0,0.0,0.0,0.0,0.0
p257_MASS,1.8378218518730885e-14,59.727984858735354,0.00027964810910000216,0.0,0.0,0.09743378375713736,0.02442835796655934
p258_H2,1.462983094196113e-54,259.87502033713633,0.00015410898185984356,1.849444e-06,7.279824656340702e-05,0.1778959111272815,0.04453116694991302
p258_H3,3.705614206730592e-23,101.12678556254629,4.648789415848269e-06,0.0,0.0,0.273587894303309,0.06839813577318121
p258_NCI,7.634823699488356e-218,1342.9001868054797,0.00033584747166954745,0.0001694347,0.0,0.13750101523912747,0.03450157435297239
p258_MASS,6.610643872362189e-95,485.0146542719221,0.00010721103969059643,2.2408827e-05,1.948896171466016e-05,0.05890354789334837,0.014763164180472212
p259_H2,3.820376935901718e-36,165.06642563641972,0.00019962205228673356,1.4274857e-06,0.0,0.05007986121831768,0.01257022768907596
p259_H3,3.674292090741973e-157,884.1638070739036,2.456651292006385e-06,0.0,0.0,0.01612835995723546,0.004032704152131867
p259_NCI,0.0006047951195722616,11.804852883541942,0.002413624511879261,1.1954046e-06,0.00019734288111409999,0.04251802321190699,0.011282546502373359
p259_MASS,4.979935275854421e-17,71.82236543098804,0.0024594895897849522,0.0,0.0,0.060049376265249955,0.015627216463758725
p260_H2,1.2762230632603902e-07,28.137431870160707,0.0009812111401214915,8.715263e-05,0.00085188124856519,0.09001791945744618,0.02298454111856113
p260_H3,1.1023153826116704e-93,477.82833430946334,0.0009054454033458567,0.002307204,0.006638324784770727,0.6312646331645979,0.16027890185417407
p260_NCI,5.018408300718065e-43,199.92527624877792,0.0009599374528229129,0.0,0.000374198529578474,0.2526345733108499,0.06349217732331282
p260_MASS,5.423308489254999e-65,315.74320911928953,0.0012516975503230878,0.0,0.001350309854118844,0.27038239657357105,0.06824610099450325
p261_H2,1.5042247424511168e-46,218.03358607762493,0.00014295435855201698,2.7232536e-06,0.0,0.11110895542629146,0.02781365825961119
p261_H3,0.8313218364817587,0.045385573908759344,0.0,0.0,0.0,0.0,0.0
p261_NCI,3.7697946823152676e-19,81.89750007291781,0.00016728905621567027,0.0,0.0,0.03277795778379975,0.008236311710003856
p261_MASS,3.115152960066454e-56,268.72218302524925,0.00018975346992935435,2.5845951e-05,0.0,0.03466148206585817,0.008719270371775226
p262_H2,5.412708491950518e-19,81.1487539549991,6.281348921485181e-05,0.00016316611,0.0,0.10899989213216557,0.027306467933935596
p262_H3,5.230417119187014e-10,39.03639935776632,8.380901153650595e-06,0.0,0.0,0.013468686034682082,0.0033692667339589332
p262_NCI,2.5658096830924945e-05,17.81173450758448,6.995661567344352e-05,1.3162947e-06,0.0,0.024379973157765352,0.006112811517045333
p262_MASS,1.8514914831532652e-33,151.64609735107055,0.00017182206023473972,5.671441e-07,0.0,0.034696882865535024,0.008717318017474246
p263_H2,0.40234682173678593,0.7016477475417363,0.0,0.0,0.0,0.0,0.0
p263_H3,9.203575458257217e-16,65.84018701002213,7.852328782053128e-07,0.0,0.0,0.16474683859780834,0.04118690595767163
p263_NCI,3.899183078418655e-08,30.47422943520131,8.934971226482817e-05,0.006416478,0.0,0.07982142279346631,0.021581812675006876
p263_MASS,2.6931839868378794e-18,77.83219205622296,0.00015076623290371702,0.0,0.00013724068556899045,0.012886591948854643,0.003293649716831838
p264_H2,1.0543109865412703e-267,1779.7747823591994,0.0003072692503525157,7.5405726e-05,6.979222276122528e-05,0.4320957767639638,0.10813706099064709
p264_H3,0.07105073402097495,3.2626105934649248,6.633668905577907e-05,5.7588286e-06,0.0,0.05752719950226289,0.014399823754977833
p264_NCI,1.3879578320350226e-290,2000.619136395927,7.580155138361783e-05,9.579495e-05,6.67263727622082e-05,0.1397519812565122,0.034997576033254034
p264_MASS,3.7629992167242076e-171,983.406269651471,0.0002542115139199051,0.0,0.00019616421448005833,0.20144435374230513,0.05047368236767627
p265_H2,3.3247465744780375e-41,190.63435232945733,0.0001366226998054979,0.00016884883,0.0,0.06606974727155913,0.01659380469944954
p265_H3,0.0010013455629802228,10.862334766860819,2.8306703934265272e-05,0.0,0.0,0.22871557379731436,0.05718597012531216
p265_NCI,1.1349907268701406e-28,127.97645865755769,0.00010544918146395613,6.15571e-07,0.0,0.14216771206118245,0.03556844420341792
p265_MASS,1.2711954518483817e-28,127.73482185621837,4.878506854434508e-05,5.71845e-07,0.0,0.001528022037844715,0.00039434473785254336
p266_H2,0.8253774479899507,0.04869417406616289,0.0,0.0,0.0,0.0,0.0
p266_H3,0.4890855564870853,0.47874291448194983,0.0,0.0,0.0,0.0,0.0
p266_NCI,0.3837111698444353,0.7591657821233083,0.0,0.0,0.0,0.0,0.0
p266_MASS,0.6431796062009393,0.21468347193277545,0.0,0.0,0.0,0.0,0.0
p267_H2,0.6736002715277947,0.17748022968872065,0.0,0.0,0.0,0.0,0.0
p267_H3,0.9313012578343178,0.007433953056912856,0.0,0.0,0.0,0.0,0.0
p267_NCI,0.7634463953197625,0.09060450433589184,0.0,0.0,0.0,0.0,0.0
p267_MASS,0.5696345974633465,0.3234185302618963,0.0,0.0,0.0,0.0,0.0
p268_H2,1.813930256149823e-29,131.89096146089187,0.0013626838015046645,0.0008080126,0.0019202595285086927,0.07734583185979291,0.020359196950841818
p268_H3,1.2388318029355025e-52,249.72320656433885,0.002435023510215609,1.5271593e-05,0.001372027861667784,0.8069604537711175,0.20269569418398245
p268_NCI,7.323068656335245e-06,20.230683771520805,0.0014119013273168723,2.1028778e-05,0.0015705223875141958,0.009059672739400705,0.003015781308074105
p268_MASS,2.4209275336738098e-99,511.301704124564,0.0017814341053680328,0.00022910352,0.005867107216856099,0.22316855805037658,0.0577615507231037
p269_H2,1.832725378540017e-17,73.87869744829514,0.00025971537622238597,1.5150275e-05,5.603436393251688e-05,0.22593727346437856,0.05656704336999103
p269_H3,5.509463161003259e-12,48.17201701123701,1.0907447300399537e-05,1.2349676e-06,0.0,0.2347523552841961,0.05869112442477728
p269_NCI,4.991633768376058e-20,86.08967681617352,0.00016365828240489286,4.8048078e-06,0.0011813760537539508,0.06616743579468656,0.016879318734651046
p269_MASS,1.420635079506198e-73,362.91110426661555,0.00016764531337957266,3.4571247e-05,0.0,0.16622249986358184,0.04160617910597598
p270_H2,5.6469653987963464e-30,134.3868822513114,3.918953853950566e-05,2.4624177e-07,0.0,0.3483819148305636,0.08710533765271784
p270_H3,0.417294228334953,0.6582396419378886,0.0,0.0,0.0,0.0,0.0
p270_NCI,2.733991545058881e-05,17.68970047722511,0.001372954839766793,1.8270083e-06,0.0008788084501748636,0.28560449436658436,0.07196452116620766
p270_MASS,4.278362329600872e-06,21.27235703576751,7.011114064349218e-05,0.00081900076,0.0,0.0499425240238439,0.012707908982309335
p271_H2,1.087161720949186e-21,94.05700521281032,1.5005727756977255e-05,1.5083593e-06,0.0,0.17259458455591647,0.0431527746607515
p271_H3,2.3142008632263453e-10,40.66597200872441,1.728519612256979e-05,0.0,0.0,0.17184173827738647,0.04296475586837726
p271_NCI,0.2650837959408759,1.2428201484642472,0.0,0.0,0.0,0.0,0.0
p271_MASS,8.241976504206114e-22,94.6351813026099,2.8225284757347698e-05,0.003959173,0.004254455583573822,0.0729552448388804,0.020299274644543844
p272_H2,2.683978272275862e-09,35.77750944672495,0.0003684458867624326,4.605423e-05,0.0,0.01107082290032487,0.0028713307539550326
p272_H3,2.247182839279275e-18,78.2060202995972,8.18728545420955e-06,1.1996958e-07,0.0,0.20665222408058956,0.051665132833907064
p272_NCI,0.10508033854989351,2.6294617215589144,0.0,0.0,0.0,0.0,0.0
p272_MASS,0.8702541635007404,0.026686489937253026,0.0,0.0,0.0,0.0,0.0
p273_H2,0.003534813911833466,8.532088702737349,1.2928184494112591e-05,7.092622e-05,0.0002878896271346699,0.030206142165155974,0.0076444715483766894
p273_H3,2.8162546814952114e-13,54.18279358759271,4.110936519814658e-05,3.474086e-06,0.0,0.01497605231530084,0.0037551589416354573
p273_NCI,6.650357099038729e-10,38.55699495865866,6.593036860224935e-05,5.61991e-07,0.0,0.06757525663395796,0.016910437248386822
p273_MASS,2.4897838640192332e-12,49.774267964671964,0.0001271193511906122,0.0,0.0,0.03014504778560607,0.007568041784199171
p274_H2,2.0860312272878199e-10,40.87362489815162,6.692601756798281e-05,0.0001281357,8.644340773549954e-05,0.18302000985372416,0.04582537874382849
p274_H3,0.9686960400393299,0.0015405211224210841,0.0,0.0,0.0,0.0,0.0
p274_NCI,0.053940235095038716,3.719637838798219,0.00010295716851258972,2.2004431e-05,0.0,0.10739806674423001,0.026880757085993155
p274_MASS,2.4652520740858515e-94,481.6503196977511,0.00015146038628615385,0.0,0.0,0.028981400469868312,0.007283215214038617
p275_H2,8.623563438743867e-07,24.391436044306563,0.00021226426623219814,2.0391102e-05,0.0,0.0076286494135698385,0.00196532619550686
p275_H3,0.6642194419656176,0.18850352527468858,0.0,0.0,0.0,0.0,0.0
p275_NCI,7.102565243874713e-84,420.9956620694641,0.0015292532763453966,9.569764e-06,0.0,0.13616490753360544,0.03442593264353476
p275_MASS,1.0247791571960807e-20,89.38091680953328,0.001524431720281987,1.7936372e-05,0.0,0.1158093886758433,0.029337939192128158
p276_H2,7.200894523743461e-107,556.6247699365126,8.039474618818107e-05,2.2355127e-07,0.0,0.2010749205295396,0.050288884706748985
p276_H3,3.762097021156591e-82,411.16144121083914,4.74204403543473e-06,0.0,0.0,0.07430792683510977,0.0185781672197863
p276_NCI,0.0010260432286177874,10.816931545970563,7.993875247001674e-05,1.0880416e-06,0.0,0.048968744064468356,0.012262442714631023
p276_MASS,9.451548599683076e-44,203.63737854151634,0.0002177843122543524,4.6422e-05,5.831418594579637e-05,0.12155280520367397,0.030468831425290128
p277_H2,4.7550814143386904e-12,48.46888174524774,0.00011422356528470978,4.350008e-06,0.00036181993537451925,0.1414445655133086,0.03548123975551994
p277_H3,5.4997757469341776e-06,20.785283310298638,2.0472282430177039e-07,0.0,0.0,0.014050089510475042,0.003512573558324836
p277_NCI,6.469859943365706e-06,20.47053178807595,5.1501756914822344e-05,5.406949e-06,0.0,0.016911299968092607,0.004242052168548175
p277_MASS,0.09612143921337038,2.771778280240569,0.0,0.0,0.0,0.0,0.0
p278_H2,5.0796973541955667e-113,594.3550455117796,0.00013260951707972442,6.34054e-05,0.0,0.044140903807672036,0.011084229681514497
p278_H3,1.374181249040789e-102,530.7353425614174,0.00019583185867734368,5.0545395e-06,0.0,0.33646414099584476,0.08416625684851614
p278_NCI,1.768845568705539e-61,296.7475232978659,0.0002068780402803758,3.4360313e-05,0.00042577214390199014,0.10515533010599694,0.026455585150868148
p278_MASS,1.372982743310928e-181,1059.9135352082847,0.033773581756241025,0.058849797,0.03689962122210139,0.09056849862252593,0.055022874563415564
p279_H2,3.7330224101197284e-202,1217.0596445527071,0.002826071142875978,1.19733095e-05,0.0,0.0014408439251335538,0.0010697220943732422
p279_H3,1.3931215641328052e-165,943.4574285131617,5.027358567728285e-06,0.0,0.0,0.22426553105586078,0.056067639603607125
p279_NCI,1.495593357972118e-188,1112.152035678192,0.008257164010032344,2.2443273e-06,0.0,0.19062392343306056,0.049720832942606666
p279_MASS,9.395150121273672e-148,819.4874483175871,0.0017265005899705793,4.7689787e-06,0.0,0.11981177322127759,0.030385760697479478
p280_H2,1.9579638329790238e-34,156.51034492663655,0.00011823826412321073,8.834159e-06,0.0,0.0026809397762533496,0.0007020030499482495
p280_H3,5.383281611086266e-55,262.1689268872954,8.071353942651329e-06,9.071145e-06,0.0,0.11534471321687302,0.02884046392886189
p280_NCI,1.1666470548903976e-17,74.80885533825989,0.00016562375443877832,0.000104281855,0.0,0.01915957124034546,0.004857369212414557
p280_MASS,1.0385996825225615e-06,24.028235327859257,5.598039407032489e-05,4.5315073e-06,0.0,0.20125777191988828,0.05032957095532199
p281_H2,7.915938830088616e-16,66.1486295991837,0.000478698505650281,1.50694505e-05,0.0005510995051095773,0.19929341009742568,0.05008456938966026
p281_H3,8.144879424653656e-38,173.47016166475336,0.0002493030638626896,0.0,0.0,0.17419591892872968,0.043611305498148095
p281_NCI,9.714441870118777e-115,605.0068507844911,0.0008623901290836628,3.836825e-06,0.002087274886985395,0.1061376994468658,0.027272800321937955
p281_MASS,5.660000954977105e-45,209.91414058121296,0.0010157740798966872,0.00010240596,0.0,0.01646363050292095,0.004395452635755895
p282_H2,2.235978616302453e-80,401.08957162859707,0.00015537522722993294,0.0,0.0,0.047896088689582235,0.012012865979203043
p282_H3,0.5133891717589206,0.42733020558071944,0.0,0.0,0.0,0.0,0.0
p282_NCI,3.9227935634107297e-50,236.63476419668226,0.00015054154077618687,0.0,0.0,0.10086212367445416,0.025253166303807587
p282_MASS,1.3824334845202343e-125,673.3882915883092,2.8438858453944738e-05,0.0,0.0,0.06058293851791494,0.015152844344092222
p283_H2,2.5954940699972596e-284,1938.7318935733874,0.0004271679779889549,7.4834105e-07,7.675366036418177e-05,0.13698416759010373,0.034372209392377055
p283_H3,8.70752523912025e-24,104.16689879565159,6.430535052445589e-07,0.0,0.0,0.005835252251289785,0.0014589738261987573
p283_NCI,6.663184350313712e-38,173.9097516659263,6.430535052445589e-07,0.0,0.0,0.005835252251289785,0.0014589738261987573
p283_MASS,5.252112223455366e-12,48.26844753592727,0.00194784686186456,1.6028665e-05,0.0,0.01109846020969296,0.0032655839342427837
p284_H2,2.584877331501831e-302,2119.1885506060203,8.480324445472057e-07,5.636388e-06,0.0,0.07470229855381637,0.018677195743532337
p284_H3,0.002066705319933498,9.51829167443599,1.5436309968872928e-06,0.0,0.0,0.006111424551724784,0.0015282420456804178
p284_NCI,1.0824334824680947e-110,579.9994647830716,6.477386704971827e-06,5.0983107e-07,0.0,0.06774481015949323,0.01693794934431656
p284_MASS,8.240649789538098e-135,733.1310302803965,1.5953727849830775e-05,0.0,0.0,0.07891848686745251,0.019733610148825586
p285_H2,0.0,3136.0312529546013,0.4189662609127558,0.17440093,0.4530687019532886,0.4038679228358179,0.3625759528345385
p285_H3,1.3821287872312584e-220,1365.4430210405922,3.088842216791991e-05,0.0,0.0,5.65478751700272e-05,2.1859074334486776e-05
p285_NCI,1.0739054498296239e-38,177.9107971362752,0.00048037981232174293,3.1487278e-05,0.0,0.3761234306228483,0.09415882442822703
p285_MASS,9.141686067787642e-87,437.5862200030437,0.0027649256261743447,6.9488597e-06,0.0,0.04358828580013471,0.011590040071493184
p286_H2,1.0633368383721371e-13,56.158611260715766,0.0002609444669096898,1.0509677e-05,0.0,0.2410482277311484,0.06032992046874959
p286_H3,5.248011913925852e-13,52.92191091655882,4.04098196800333e-05,0.0,0.0,0.050737101453538325,0.012694377818304589
p286_NCI,1.812528742754788e-38,176.7625449850252,0.0002339041061099273,1.4575074e-05,0.0,0.3372007463036535,0.08436230637086384
p286_MASS,0.903036659685718,0.014845998335127047,0.0,0.0,0.0,0.0,0.0
p287_H2,6.015747219950566e-60,288.5235131215454,2.115755005773553e-06,1.3183966e-05,0.0,0.1961924191287394,0.04905192971245512
p287_H3,0.15086228182785813,2.0653471460096315,0.0,0.0,0.0,0.0,0.0
p287_NCI,2.5141513267424433e-260,1711.4021217276402,1.50933798854091e-06,0.0,0.0,0.07135284708747004,0.017838589106364645
p287_MASS,0.9355743108325649,0.006535975864474925,0.0,0.0,0.0,0.0,0.0
p288_H2,5.444710025814733e-05,16.368651785874956,1.1087536530335006e-05,6.9202742e-06,0.0,0.0696640575983218,0.017420516352274335
p288_H3,1.3591461655392962e-59,286.62769877316987,5.5644533688074215e-06,0.0021890847,0.0,0.4015143299963135,0.10092724477608905
p288_NCI,1.6470996157116438e-24,107.66964634647887,0.00010411775328561647,3.7526452e-06,0.0,0.26207716888779936,0.0655462598215639
p288_MASS,4.25192085305408e-65,316.31739230514336,7.141800327089957e-05,2.6189651e-05,0.0,0.11408816383695625,0.02854644287285183
p289_H2,6.106796074383738e-17,71.40312341097474,1.6337221110118116e-05,6.014004e-06,0.0,0.05674674270869347,0.014192273483490121
p289_H3,9.173283937931002e-31,138.2813409065115,0.0,0.0,0.0,0.10415549009482145,0.02603887252370536
p289_NCI,6.872893390270546e-64,309.7608297236343,0.00012853018519165196,8.9646284e-07,0.0,0.2340816800970184,0.05855277668626162
p289_MASS,1.33851150309583e-27,122.72341112599881,4.1370423507069466e-05,1.7323752e-06,1.643572457661196e-05,0.0675502633128708,0.016902450459027007
p290_H2,0.12032353171779513,2.4154977870731305,0.0,0.0,0.0,0.0,0.0
p290_H3,0.002495925995291625,9.170564406797826,4.526612743189963e-06,0.0,0.0,0.0906741253191934,0.02266966298298415
p290_NCI,1.5660027130111484e-18,78.95202665534956,1.624139331316673e-05,2.1048884e-06,0.0,0.014105427820143932,0.0035309435254595066
p290_MASS,8.909571627293388e-29,128.49271959751744,4.660394350493253e-05,0.00016742825,0.0,0.10667691505087237,0.026722736812073582
p291_H2,0.001232481290286684,10.475772474689872,0.002947651354830073,0.00027159738,0.0032901547996439114,0.1945095747026655,0.05025474455987979
p291_H3,9.586092432419098e-06,19.709805498241657,0.0021044814819433386,0.0,0.0005815110270129935,0.824623166998598,0.20682728987688856
p291_NCI,0.0937172946774035,2.8124435982444,0.0,0.0,0.0,0.0,0.0
p291_MASS,6.941181876326769e-05,15.90440487866213,0.001817443382951351,8.008289e-06,0.004115571518673031,0.06546513780036349,0.017851540247775598
p292_H2,0.005063340705069325,7.876917133690742,0.0016989087591727599,0.0019047296,0.0,0.00525734021986942,0.0022152446540898846
p292_H3,3.3808595274314414e-63,306.016944979236,4.28625004766227e-06,1.6047255e-06,0.0,0.0030900663434920324,0.0007739893297663723
p292_NCI,2.6897261245092474e-09,35.77325498703019,0.0006130242292351503,2.7023281e-05,0.0038792275873384815,0.10154619865317321,0.026516368437759435
p292_MASS,3.1573283582541337e-12,49.294854138289146,0.00334554944497867,7.3631384e-07,0.0,0.08765372567202832,0.02275000285771089
p293_H2,2.995828183442292e-24,106.41040894455519,1.8305546198633548e-05,0.0,0.0,0.21109855137699554,0.052779214230798545
p293_H3,1.217191502283075e-16,69.9865205682538,2.7394499663295467e-09,0.0,0.0,0.11017338570665243,0.0275433471115256
p293_NCI,6.442215896733389e-06,20.47882504943351,1.2626130683805027e-05,1.8936673e-07,0.0,0.054222922534411994,0.013558934507956524
p293_MASS,2.2794377626264743e-22,97.32167424816522,2.644802252492115e-05,0.0,0.0,0.2076418511531922,0.05191707479392928
p294_H2,1.822332822058787e-97,500.14331657315057,1.9686370555018263e-06,1.1224532e-06,0.0,0.1220615817578151,0.030516168212024464
p294_H3,9.341604001390461e-206,1245.4820636859827,7.061986964560409e-06,0.0,0.0,0.1986065726220181,0.04965340865224567
p294_NCI,5.776513355309278e-54,256.72845161538334,0.016347630171701287,0.0022100664,0.023120229030123177,0.3145863105298412,0.08906605903815579
p294_MASS,3.908878620835259e-252,1637.0480364103075,1.4520788697289317e-06,0.0,0.0,0.13657279658640048,0.03414356216631755
p295_H2,0.49161467680571336,0.47319270311268447,0.0,0.0,0.0,0.0,0.0
p295_H3,1.0,0.0,0.0,0.0,0.0,0.0,0.0
p295_NCI,0.8442958940361905,0.03858519749760617,0.0,0.0,0.0,0.0,0.0
p295_MASS,0.6030931522908543,0.2704556163668221,0.0,0.0,0.0,0.0,0.0
p296_H2,0.3138610033095583,1.0149517686505485,0.0,0.0,0.0,0.0,0.0
p296_H3,0.5776179004612528,0.3102195041687535,0.0,0.0,0.0,0.0,0.0
p296_NCI,0.008225114226505108,7.000008834550062,0.00028200055023598614,0.00051130477,0.0013397315053869352,0.1323615296363154,0.03362364161458592
p296_MASS,8.092831002899199e-06,20.03726860305617,0.0005114173993395882,1.04908885e-07,0.0,0.05972612968515628,0.015059412998345251
p297_H2,1.5951654269067662e-14,60.01637611871282,0.00032420258431933044,7.419234e-06,0.0,0.13691458687921923,0.034311552174372775
p297_H3,1.4768823503665786e-08,32.39369920221362,6.341610825097646e-05,1.1142853e-06,3.125516807677334e-05,0.13374196607440744,0.03345943790900448
p297_NCI,8.851453137233171e-20,84.90074454841887,6.92354522042778e-05,1.1056857e-05,0.0,0.03472071354368601,0.008700251463259371
p297_MASS,1.220144244171305e-05,19.243783113039857,0.00010975692110808241,0.00016412014,0.0,0.009123304630985374,0.0023492954225044463
p298_H2,9.575216639982293e-110,574.1884139930344,0.0013763053671313826,2.362971e-05,0.0,0.03480325485389304,0.00905079748255011
p298_H3,2.1146601801079062e-55,264.315335631863,2.19221362288269e-05,0.0,0.0,0.06922611737756514,0.01731200987844849
p298_NCI,2.3356378070769763e-268,1785.9066015815968,3.408065738959198e-05,1.5776335e-06,0.0,0.023869960364405748,0.00597640466382324
p298_MASS,4.98702631230381e-47,220.51160762716037,2.862527466161695e-05,2.623711e-07,0.0,0.014371883818084668,0.003600192865958674
p299_H2,3.129589792562262e-44,206.09903551555632,0.0002995370205870452,0.006981781,0.0002821805215130977,0.13308054310749234,0.035161010466948354
p299_H3,0.012690316624008912,6.224804433692895,1.9995119901632232e-09,0.0,0.0,0.0696900905964413,0.01742252314898832
p299_NCI,0.00012505901794977273,14.782183313636484,0.0009672487269675386,5.4825987e-06,0.0,0.10835635182133246,0.027332270786745206
p299_MASS,3.4584303982524745e-107,558.5630432566351,7.32551982549017e-05,0.0,0.0028230210107690616,0.08351526020899483,0.0216028841045047
p300_H2,2.3388254330171035e-10,40.64480067473425,2.37175067422589e-05,6.6254647e-06,0.0,0.055618032769946896,0.013912093935352502
p300_H3,2.1560377710534665e-12,50.064857497340036,1.560835501972171e-05,0.0,0.0,0.08237709680717006,0.020598176290547447
p300_NCI,7.70071389692248e-05,15.706116025547212,2.4625602681689476e-05,0.0,0.0,0.0972134269168949,0.024309513129894145
p300_MASS,1.2574916871509783e-18,79.40543428100447,2.2348285800430648e-05,0.0,0.0,0.0813996171686177,0.020355491363604532
p301_H2,2.341346233892581e-14,59.23498836460609,6.541665390997414e-06,1.3600403e-05,0.0,0.11125538281329878,0.02781888122036766
p301_H3,0.02032171670642203,5.394038011169619,1.2258245041223891e-07,0.0,0.0,0.0030775797767432058,0.0007694255897984045
p301_NCI,1.0203731885356902e-29,133.1210202141662,2.705686973294676e-05,0.0,0.0,0.039215866710248425,0.009810730894995344
p301_MASS,0.14551076807078372,2.120611890720326,0.0,0.0,0.0,0.0,0.0
p302_H2,0.006750115086604779,7.356084181219865,3.512303573071538e-06,0.0,0.0,0.042683251215363344,0.010671690879734104
p302_H3,1.0,0.0,0.0,0.0,0.0,0.0,0.0
p302_NCI,0.0004434234204811942,12.387637602845825,6.536673688803863e-07,9.073428e-07,0.0,0.07585265763122928,0.018963554660344658
p302_MASS,0.0015882167075423118,10.005205843437402,6.652000206950514e-07,0.0,0.0,0.010328093619524475,0.0025821897048862925
p303_H2,2.3391487805814806e-32,146.1709312950313,3.9047129577993884e-05,1.7007236e-06,0.0,0.11142593106967229,0.027866669730712834
p303_H3,6.79070321069198e-25,109.53663199970242,0.0002280489237173247,0.0,0.0,0.11517986138505563,0.02885197757719324
p303_NCI,1.0241806534042471e-21,94.18158817819224,7.861988848362179e-05,1.1828193e-05,0.0,0.09944098510104044,0.02488285829569034
p303_MASS,4.529925716191091e-36,164.69531139168637,6.812368969594652e-05,0.0,0.0,0.03668953191983193,0.00918941390238197
p304_H2,0.006521929181941652,7.4182074230498625,8.860772498530646e-07,0.0,0.0,0.025884388469948443,0.006471318636799574
p304_H3,1.0,0.0,0.0,0.0,0.0,0.0,0.0
p304_NCI,0.01893633043882995,5.5178062076540595,3.625256068102805e-05,0.0,0.0,0.15448792868724495,0.03863104531198149
p304_MASS,0.1730188871095584,1.8581308352885924,0.0,0.0,0.0,0.0,0.0
p305_H2,0.580189560973152,0.3060443285935346,0.0,0.0,0.0,0.0,0.0
p305_H3,0.5801895609288998,0.30604432866508585,0.0,0.0,0.0,0.0,0.0
p305_NCI,0.5801895609375373,0.3060443286509926,0.0,0.0,0.0,0.0,0.0
p305_MASS,0.5801895609748084,0.30604432859089886,0.0,0.0,0.0,0.0,0.0
p306_H2,2.6968271952010283e-54,258.47308538377075,4.621569075150323e-06,7.877511e-06,0.0,0.003761418408693025,0.000943479372205133
p306_H3,5.98145182712648e-29,129.34281888561688,5.125110585818185e-06,0.00011749907,0.0,0.029541233636595804,0.0074159644539048076
p306_NCI,2.2142126406293994e-179,1043.5538127830848,7.168756819234546e-05,0.0,0.0,0.06217222920678017,0.01556097919374313
p306_MASS,0.0035565976312036617,8.520851140043964,6.231607997528283e-06,0.0,0.0,0.029388700465047015,0.007348733018261136
p307_H2,2.4131755080778479e-29,131.2810039005097,8.275465655770012e-05,0.00028587226,0.0,0.15576813737985382,0.03903419107366436
p307_H3,0.0045631294689695056,8.066093453160098,0.0002879288773031547,0.0,0.0,0.038315528789782914,0.009650864416771517
p307_NCI,9.763726275257935e-09,33.213518834138206,1.3722034942604242e-05,8.889833e-07,0.0,0.06730536403660548,0.016829993763717646
p307_MASS,1.2998360580538903e-25,113.02616307753102,3.5492299176499673e-05,5.7099096e-06,0.0,0.14152216531405087,0.035390841880707125
p308_H2,0.6960873375870058,0.15262533592790034,0.0,0.0,0.0,0.0,0.0
p308_H3,0.12097551621800041,2.4070245776702683,0.0,0.0,0.0,0.0,0.0
p308_NCI,0.017505256799163527,5.6559029108587655,3.6376290881001535e-05,7.471238e-06,0.0,0.008423335964705651,0.0021167958733841843
p308_MASS,0.08822215187480503,2.9098177871328232,0.0,0.0,0.0,0.0,0.0
p309_H2,0.39447392711402185,0.7254699898876733,0.0,0.0,0.0,0.0,0.0
p309_H3,0.3970301865622503,0.7176602408950727,0.0,0.0,0.0,0.0,0.0
p309_NCI,0.9554408794856897,0.0031229962847879765,0.0,0.0,0.0,0.0,0.0
p309_MASS,0.6775035424276632,0.17300857973826872,0.0,0.0,0.0,0.0,0.0
p310_H2,0.7829773493271289,0.07589151986916147,0.0,0.0,0.0,0.0,0.0
p310_H3,1.7415975897968823e-85,430.22362394633404,2.849398598350569e-05,0.0,0.0,0.09052907591950578,0.02263939247637232
p310_NCI,0.005461883726032348,7.739368090970609,1.0535296275570676e-05,0.0,0.0,0.06388764840817161,0.015974545926111795
p310_MASS,1.1212202142625296e-26,118.21195615991246,1.8916457251821724e-06,0.0,0.0,0.027270402423942346,0.006818073517416882
p311_H2,0.23900920609802032,1.387389466874295,0.0,0.0,0.0,0.0,0.0
p311_H3,1.5441071663408033e-05,18.789471996140346,4.274341307587549e-06,0.0,0.0,0.11178998358669434,0.027948564482000483
p311_NCI,8.463216067936289e-06,19.95070147815499,5.610871652760813e-05,1.2919789e-07,0.0,0.002214924275531891,0.0005677905474864166
p311_MASS,5.125568904966617e-06,20.921891604772732,7.334031691996951e-06,0.0,0.0,0.013198186430827355,0.003301380115629838
p312_H2,0.4184262007759363,0.6550459229849168,0.0,0.0,0.0,0.0,0.0
p312_H3,0.4987358173004064,0.4578191925347659,0.0,0.0,0.0,0.0,0.0
p312_NCI,0.5322090639536856,0.3903294243757318,0.0,0.0,0.0,0.0,0.0
p312_MASS,0.5697537572512037,0.32321884774477655,0.0,0.0,0.0,0.0,0.0
p313_H2,4.924051256404987e-10,39.156920051443834,1.0039112914456274e-06,3.191498e-07,0.0,0.1184721942084445,0.029618379317381746
p313_H3,0.00044178393790878824,12.394604427608202,2.928280992667055e-06,0.0,0.0,0.03039352951400968,0.007599114448750587
p313_NCI,4.670833531795539e-10,39.26234859086882,1.6803999167060372e-07,0.0,0.0,0.005169591802782108,0.0012924399606934445
p313_MASS,6.91358285072234e-10,38.47953941301882,1.1767082060486567e-05,0.0,0.0,0.048021720886213565,0.012008371992068513
p314_H2,2.7851880324215087e-108,565.2333745437028,3.370157387205438e-05,4.3818236e-06,0.0,0.0016025622398838993,0.0004101614093392014
p314_H3,7.945361783541955e-47,219.465816335531,9.224667109107601e-06,0.0,0.0,0.15487457798003165,0.03872095066178519
p314_NCI,0.0004093711296696149,12.53797669098789,1.0721721763899083e-05,3.012332e-06,0.0,0.09646588927157347,0.024119905831320537
p314_MASS,6.221689142468711e-33,149.02753998409844,8.650730187262052e-05,1.3505538e-06,0.0,0.12929049713690743,0.0323445887481491
p315_H2,0.20937653448619917,1.5769111623555752,0.0,0.0,0.0,0.0,0.0
p315_H3,0.15791387179128374,1.9958249112011504,0.0,0.0,0.0,0.0,0.0
p315_NCI,0.1567908372619764,2.006658151046072,0.0,0.0,0.0,0.0,0.0
p315_MASS,0.1543334691755973,2.030673767244919,0.0,0.0,0.0,0.0,0.0
p316_H2,9.09240528548421e-10,37.933102360703984,1.704713676676761e-05,0.0,0.0,0.08820704002408641,0.022056021790213296
p316_H3,1.1724511167609377e-25,113.24410743138853,0.00010038251277472432,0.0,0.0,0.09820609949484331,0.024576620501904508
p316_NCI,1.7459093562300003e-19,83.49209777003996,8.025184118109094e-05,0.0,0.0,0.06399863204841706,0.016019720972399537
p316_MASS,4.775733380980546e-05,16.61960390940726,6.908333855618642e-05,0.0,0.0,0.066552795073085,0.016655469602910294
p317_H2,3.579931494114703e-12,49.04140419233869,0.00011738038367749412,3.3514683e-05,0.00035870425293406757,0.06485022724001287,0.016339956639983475
p317_H3,0.002137645466975734,9.45602712391692,3.859950067045899e-07,2.972477e-06,0.0,0.08629318066930505,0.021574134785322302
p317_NCI,6.313174601699869e-19,80.83033617200238,0.00031486270488204586,0.00037997152,0.0,0.24504205003415458,0.06143422106465372
p317_MASS,4.7671562877722734e-42,194.93164280494202,0.00015382972088918414,3.6354115e-06,0.0,0.01238861987064769,0.003136521250766949
p318_H2,1.5620889511261774e-247,1595.989181997627,0.00016504648812335276,8.6961816e-05,0.0,0.005037348962986796,0.0013223393168083424
p318_H3,0.02740038038621508,4.873700644288127,9.634843492818316e-06,2.6139582e-05,0.0,0.031532740558161125,0.00789212874583295
p318_NCI,3.73409948099372e-18,77.1576977649715,0.0007248370597880726,3.4745028e-06,1.5320175295241043e-05,0.10621229059915943,0.026738980584265385
p318_MASS,4.9991652951275505e-15,62.381983985656696,3.929121223482884e-05,6.4279625e-08,0.0,0.14011359667558818,0.03503823804186205
p319_H2,1.3994898861575065e-06,23.44630935033831,0.0002025153402323215,7.54356e-06,0.0,0.0022359892173069167,0.0006115120293996284
p319_H3,0.0014505409754033442,10.17328398141518,3.660978957933279e-05,5.86059e-05,0.0,0.2809756877714104,0.07026772586513232
p319_NCI,4.997944895042393e-21,90.87592974926588,2.8139337816432298e-05,4.0426694e-06,0.0,0.00951696461143737,0.0023872866546605963
p319_MASS,7.893768022677603e-41,188.72445648879238,0.0018651549105097428,0.0,0.0,0.03791576968357719,0.009945231148521734
p320_H2,1.1523390137715947e-183,1075.387476446261,0.000490010148856391,0.0069767265,0.0029359258367386027,0.06828456766966776,0.019671807530047485
p320_H3,0.2479105478399799,1.3359457618179835,0.0,0.0,0.0,0.0,0.0
p320_NCI,5.574501037974908e-35,159.23623701604882,0.0010941304228274005,0.0,0.0010643678546986078,0.2345444223930429,0.05917573016764223
p320_MASS,3.229971038168923e-197,1178.540804850793,1.6246486424331244e-05,0.0,0.0031421743457448826,0.045421935300427804,0.012145089033149254
p321_H2,4.111662777618987e-12,48.7620647659399,0.000314910722194115,0.0,0.0,0.028097666377530518,0.007103144274931158
p321_H3,8.953918088200197e-07,24.31799179478781,9.837836295080271e-05,0.0,0.0,0.12585042099516866,0.03148719983952986
p321_NCI,2.1379610165850894e-25,111.97508810111944,3.9829461823652834e-05,0.00018785229,0.0,0.17761182915168597,0.0444598777256138
p321_MASS,1.8029362981303542e-11,45.78506687604638,2.549670388893234e-05,1.0976839e-06,6.142376550038052e-05,0.12554915612442877,0.03140929356943824
p322_H2,1.7060508899005666e-54,259.5225973445692,0.0016847642496170723,0.011482976,0.0034954590507616447,0.14888300950688726,0.04138655229606908
p322_H3,2.4757389142598638e-95,487.52848532499405,7.1622590236943605e-06,0.0,0.0,0.1484608716167899,0.0371170084689534
p322_NCI,1.741768090251428e-47,222.87578473484857,6.472497591961488e-05,8.4959737e-07,0.0,0.008817606594476805,0.0022207952919416634
p322_MASS,3.73874322215987e-108,564.4527238818383,0.00015512205582779914,0.001035791,0.0016749445922036748,0.18980822444395828,0.04816852052471508
p323_H2,3.4886861904508872e-43,200.73305900726905,0.00043919283313478456,0.002904535,0.0,0.009039700706761166,0.003095857144573167
p323_H3,4.892001296122847e-19,81.3580820134888,0.0020487238036350454,0.0,0.0076300534906052365,0.3141219634823801,0.08095018519415509
p323_NCI,5.909412383493309e-13,52.68162556701824,0.0003773508364709791,5.6179824e-06,3.010552379333764e-05,0.11190433529072431,0.028079352408353197
p323_MASS,5.464911654171756e-24,105.14602723018176,0.0012390760718043394,0.00014035006,0.00018904535596112818,0.09625850707038122,0.02445674464068967
p324_H2,5.611545128196675e-18,76.31742613608947,5.7361999267711486e-05,5.323196e-06,0.0,0.10206802290761488,0.02553267702574363
p324_H3,8.54143479870403e-17,70.7138136664726,8.129620369336341e-05,4.831533e-06,0.000355805379321341,0.37116141293178734,0.09290083651190197
p324_NCI,8.305283673005607e-08,28.983077258887118,0.0002517103608607561,4.7509697e-05,0.0002578952419586926,0.12683197965870643,0.031847273739566986
p324_MASS,2.9074340842090192e-06,22.022677117631712,8.983506209847961e-05,1.93347e-05,0.0,0.11401939669522622,0.02853214161445178
p325_H2,5.160718698960008e-14,57.627270169569314,4.7283687231048606e-05,8.2576037e-07,6.859410837123199e-05,0.12220519479148116,0.030580474586862548
p325_H3,1.9819269549597246e-27,121.88933635991017,1.8756421610774465e-05,0.0,0.0,0.13714023118693536,0.034289746902136535
p325_NCI,3.1010613666573824e-12,49.3311397274668,5.995098403968979e-06,0.0,0.0002908905606038195,0.17536534776477475,0.043915558355945634
p325_MASS,1.5091640089069338e-17,74.27865022115155,0.0004988510266883056,9.0804715e-06,0.00018545703718136062,0.17652680380873303,0.044305048086025686
p326_H2,6.324088645691075e-18,76.07091976400181,0.00010283876821583999,6.9373265e-05,0.0,0.039416357604422525,0.009897142409517756
p326_H3,7.342399241488011e-45,209.3330407556888,8.435071930683897e-06,0.0,0.0,0.07569845377373846,0.018926722211417286
p326_NCI,3.7498320019250267e-16,67.6788234828491,4.780587162194008e-06,1.6896072e-05,0.0,0.020955028279652302,0.005244176234788266
p326_MASS,4.721167230823313e-53,251.92493561980928,2.8156853571077185e-05,0.0,0.0,0.06838712481619508,0.01710382041744154
p327_H2,1.9850722595186013e-05,18.305456327191216,1.127175919526543e-05,8.511823e-06,0.0,0.13949580400817801,0.034878896897510996
p327_H3,3.0481498352894683e-44,206.15780018538865,0.0001694115520092042,0.0,0.0,0.006956599493987086,0.0017815027614990727
p327_NCI,1.3867082806735085e-110,579.3383795037364,2.630863785436135e-05,2.2382268e-05,0.0,0.08496127913677903,0.021252492510676083
p327_MASS,5.242030935822365e-43,199.82844241387,3.696483412278795e-06,0.0,0.0,0.04294567129755315,0.010737341945241357
p328_H2,7.213795639324714e-67,325.9611383662343,2.4490947409795006e-05,2.0847563e-05,9.009234520052422e-05,0.18758973382154884,0.04693129116930587
p328_H3,1.0334991546824498e-113,598.6356392280039,1.2554369642802713e-06,0.0,0.0,0.04507595460555078,0.011269302510628765
p328_NCI,1.2802730147920129e-17,74.6174068881095,2.418313177879064e-05,0.0,0.0,0.0232672969065174,0.005822870009574047
p328_MASS,8.450463406539743e-162,916.6564678869194,1.1674824144097094e-05,2.6333488e-05,0.0,0.027464373951301708,0.006875595565803266
p329_H2,0.03022081454380505,4.704465376579204,0.00010345863375964239,9.6786636e-05,0.0,0.14457336183090114,0.03619340177523447
p329_H3,2.4353634674427025e-12,49.81888369356669,5.999421457376568e-06,0.0,0.0,0.07884425335755608,0.019712563194753365
p329_NCI,6.989424073182598e-14,57.01082990499234,7.240555606625646e-05,1.714808e-05,0.0,0.0010259781733728951,0.00027888295250666376
p329_MASS,0.0003710618431632803,12.72300605002335,9.810560886848974e-05,0.0,0.0,0.060684951923706695,0.015195764383143797
p330_H2,1.3580549052473148e-08,32.55978881154241,5.3799315234676834e-05,0.0,1.1172621617376924e-05,0.17956444282837428,0.044907353691306585
p330_H3,9.258395022318196e-05,15.354706259066885,2.6952841933570164e-07,0.0,0.0,0.015182727180983967,0.0037957491773508256
p330_NCI,0.08763660778869485,2.920580087168965,0.0,0.0,0.0,0.0,0.0
p330_MASS,1.4666173469027216e-14,60.18752177901636,6.363428276391732e-05,1.0688236e-05,6.422234050586638e-05,0.10190587271112542,0.02551110439265282
p331_H2,0.00029819882354538435,13.135315052460953,1.1000338081767984e-05,4.8748025e-06,1.9026145025882854e-06,0.04611365346534491,0.011532857805100072
p331_H3,0.04700447418233644,3.950899308886515,3.79083785194053e-06,0.0,0.0,0.031319570635108054,0.007830840368239998
p331_NCI,0.00025014124573274584,13.467370022818118,0.0001915136344638657,6.901091e-06,1.5261948659610084e-05,0.2050443267857811,0.051314500865021886
p331_MASS,0.6576328985816626,0.19648000048024694,0.0,0.0,0.0,0.0,0.0
p332_H2,1.4123438657187711e-14,60.26434041526437,0.0003522178316005548,0.00030414757,1.342615459470119e-05,0.005157957212858559,0.0014569371927694024
p332_H3,7.24603008967892e-84,420.9460063514026,2.7862571280984885e-05,4.5037323e-06,0.0,0.06284743177265038,0.01571994951905051
p332_NCI,1.549222614574976e-97,500.56156789896073,0.00022294248446309622,3.0363693e-05,0.0,0.14522406416355108,0.03636934258536365
p332_MASS,1.3894639158297123e-32,147.2938926847305,0.0001872743009205737,7.903335e-05,0.0,0.11567729191190454,0.028985899890863826
p333_H2,3.5911042388593042e-127,683.5511147742019,3.231509609488438e-05,3.811633e-06,0.0,0.1525339663551465,0.038142523271047994
p333_H3,1.9706637454566268e-09,36.39213442931818,8.386952321878412e-06,0.0,0.0,0.11479920424892873,0.02870189780031265
p333_NCI,1.5592968104527734e-25,112.6416648429756,0.00011826757026814065,1.510446e-05,0.0,0.2698462965666289,0.06749491714913301
p333_MASS,1.6480176528439745e-47,223.0002132545697,7.277531115993702e-05,2.2992187e-06,0.0,0.0621220313262055,0.015549276464028762
p334_H2,5.774741493767942e-206,1247.138939133709,0.00010793917762821724,4.9185535e-05,0.0,0.09470247572719909,0.023714900110036206
p334_H3,1.4544380019900415e-53,254.61563124176718,6.104104903054819e-06,2.1574568e-05,0.0,0.1656589349764185,0.041421653412243936
p334_NCI,2.4699534909957805e-52,248.14990388040292,0.0009325474931040365,0.00050453946,0.0,0.07868971635676976,0.020031700828618545
p334_MASS,0.0232757341591236,5.157009488524002,0.00011838020496847411,6.7859273e-06,0.0,0.038668981851718805,0.009698536996003279
p335_H2,1.2198622849140793e-129,699.4637104115949,0.00019573830472552342,4.5888246e-05,0.0,0.14200492560438666,0.03556163803876548
p335_H3,3.262815187163463e-58,279.2524742585367,1.1453128036883893e-05,0.0,0.0,0.05760974270953822,0.014405298959393775
p335_NCI,3.923399872447516e-44,205.59529795433647,2.2897049039353705e-05,9.525365e-06,0.00029832480269392694,0.0329467814851555,0.00831938217556853
p335_MASS,0.00011768402930850336,14.897817187118374,5.721077569565936e-05,0.0,0.00019495920829366416,0.017159705359574336,0.004352968835890915
p336_H2,7.001892522425672e-23,99.79288839409318,0.0004180688735887418,0.000101064135,0.0,0.06872121061396567,0.017310085905733276
p336_H3,2.970788234940075e-54,258.2514008417298,9.307611097986472e-05,0.0,0.0,0.1324379058933106,0.03313274550107261
p336_NCI,3.2756596960221793e-19,82.18842999939105,0.00038298158839116756,2.2068569e-05,0.00021236442894403853,0.04855191219878466,0.012292331696229062
p336_MASS,1.4374640055010006e-26,117.68538026642554,0.00021545322155190318,1.5157489e-05,0.0,0.046910687590153106,0.011785324575084534
p337_H2,8.234858068418873e-09,33.55114436344795,0.0001690898973757313,5.8215704e-05,0.0,0.08902441573775907,0.022312930334904852
p337_H3,0.011120357385668364,6.459939811983212,7.073607006956525e-06,0.0,0.0,0.07370156883730464,0.018427160611077898
p337_NCI,0.8671222890378205,0.02800262956619509,0.0,0.0,0.0,0.0,0.0
p337_MASS,0.5793322459466238,0.30743209739826305,0.0,0.0,0.0,0.0,0.0
p338_H2,0.0007407810570242058,11.425071681241928,0.0013041254271189328,0.00021720005,0.0017335483500890547,0.33441260259206307,0.08441686910560708
p338_H3,1.3189336802012655e-14,60.403752164917364,0.00046355240876381815,1.9622294e-07,0.0,0.16299764831380814,0.04086534923637846
p338_NCI,5.410168629234639e-10,38.968939110982994,0.001109719370125235,3.7535756e-07,0.0,0.024607735006570253,0.006429457433563464
p338_MASS,1.3805437314701983e-20,88.76089328006896,0.0006119968964072311,4.1933413e-06,0.0,0.029204368538041602,0.007455139693932983
p339_H2,0.0003197522049211605,13.003601785904433,7.626877660180657e-05,1.2892999e-05,0.0,0.1488802956052428,0.03724236434513898
p339_H3,6.175893599013289e-06,20.560604860972873,4.6956107991336565e-05,6.2656196e-05,0.0,0.118755784839342,0.02971634928582101
p339_NCI,5.953470999646725e-07,25.115886979932192,0.00021938022517179392,3.8103786e-05,0.0,0.14384236566166633,0.03602496241826199
p339_MASS,5.033912377641255e-62,299.6864505149212,0.00011875750115262344,0.00041323667,0.001678367232250214,0.1343479876946418,0.0341395872754915
p340_H2,0.06626066194331591,3.3775936736584677,0.0002001415351507319,7.383227e-07,0.0,0.041691373344450416,0.010473063300571035
p340_H3,1.9640151105378848e-14,59.59275753085206,7.830726030597192e-05,0.00022033916,0.0,0.10565639786086493,0.026488761071094356
p340_NCI,0.016087654064171827,5.804711764452277,0.0001326240918053448,0.00019470444,8.111434530587346e-05,0.13753594452764376,0.03448609685033391
p340_MASS,0.0042882368894334106,8.179277471509394,5.434982990710227e-05,0.0010762049,0.0,0.08516466858668405,0.021573805837919974
p341_H2,0.0007753843477865162,11.339702806110093,2.2139984323003923e-05,0.0003784486,0.0,0.014256077388342843,0.0036641664940269465
p341_H3,0.06931943991863954,3.303184377007926,2.9717049939603732e-05,2.0149304e-07,0.0,0.015986688916476817,0.0040041518648634465
p341_NCI,0.043697426977670886,4.074208361555512,3.791288536168951e-05,0.0002544009,0.0005712330420606336,0.2101337622067958,0.05274932725590183
p341_MASS,5.214257590038837e-05,16.451414669199227,2.4478103336248228e-05,0.0,0.0,0.0004233827062428794,0.00011196520239478191
p342_H2,1.2609427425441904e-05,19.18029190411261,4.9738230886850915e-05,7.5634816e-06,4.362497329619864e-05,0.03574501532596392,0.008961485502944549
p342_H3,0.7818658077316158,0.07669115239585159,0.0,0.0,0.0,0.0,0.0
p342_NCI,0.005880929858807981,7.605377836536737,8.183658466640328e-05,1.285343e-05,0.0,0.02223659630235279,0.005582821579313505
p342_MASS,0.6974726477183002,0.151164935855173,0.0,0.0,0.0,0.0,0.0
p343_H2,6.139014013980417e-23,100.06848305216712,1.9021770550221e-05,1.1151301e-07,0.0,0.11466236369365192,0.02867037424430313
p343_H3,2.2219709380811523e-07,27.04769528796007,7.562823276118149e-06,4.2456933e-05,0.0,0.014686786090881468,0.0036842014619000805
p343_NCI,0.5656363745278925,0.3301660655114983,0.0,0.0,0.0,0.0,0.0
p343_MASS,3.2936428910238944e-15,63.23382914318523,0.00017558197450242576,0.0,0.0,0.006696128654862893,0.0017179276573413298
p344_H2,1.0928465708322804e-07,28.442643041187594,2.2910745902523963e-05,1.8897541e-05,0.00035480735011753404,0.23511589911924116,0.058878128689050326
p344_H3,4.406885478869456e-14,57.948311486959284,0.00010912675891918941,5.3354784e-06,0.0,0.02910909370985345,0.00730588898678394
p344_NCI,0.04942570124597665,3.86629065567621,0.0001193881174461192,1.550082e-06,9.608637803430469e-06,0.20298160898573817,0.05077803895573374
p344_MASS,1.5506458924171816e-10,41.46721473012943,0.00010212592095177257,0.0001245143,0.00014178960316028693,0.0820337233232503,0.02060053828850624
p345_H2,2.9083187138521417e-13,54.1175978560732,0.0003227963878383062,1.5131944e-05,0.0,0.06960392227420738,0.01748546265142528
p345_H3,2.2086312566960155e-20,87.78374727142264,3.147283565321419e-05,6.034075e-07,0.0,0.01057259738074108,0.0026511684059735653
p345_NCI,3.1369435575992174e-21,91.84651794430464,0.0003128410628664574,5.6923753e-05,0.00028702308901614924,0.058838344770455415,0.014873783168761713
p345_MASS,4.451922627878734e-11,43.96891762065194,0.0002717728512648289,0.0,0.0,0.11643241170693999,0.029176046139551205
p346_H2,3.2878451291956624e-26,115.933170179049,1.5558904071133794e-06,0.0,0.0,0.04206824215251081,0.010517449510729481
p346_H3,1.0090778498033808e-28,128.22720302264477,6.3534677302136555e-06,0.0,0.0,0.12333309345464231,0.030834861730593133
p346_NCI,1.626339847214878e-21,93.21646498712083,1.6045176603801776e-05,1.9849243e-05,0.0,0.2371994974311782,0.0593088479628135
p346_MASS,4.582362398062154e-31,139.77102128973578,6.820596410075188e-05,0.0,0.0,0.09251399004158056,0.023145549001420327
p347_H2,2.0936738574111692e-12,50.12412999335833,0.00017047431328841216,3.7229587e-05,0.0,0.0542134326885043,0.01360528414724279
p347_H3,1.1546265636599112e-88,448.55453593567887,4.1796853097038464e-05,0.00039761682,0.0,0.18164402167980437,0.045520858838909904
p347_NCI,1.6349925419106782e-104,542.3380195761529,0.0002051189789696128,0.0,0.0002456328935521405,0.056787210006168015,0.014309490469672443
p347_MASS,9.112072202593536e-57,271.5559886023549,4.2070279641826414e-05,3.7545316e-05,0.0,0.03829704600407319,0.009594165400040048
p348_H2,8.843043341970185e-05,15.442219520767305,0.00042215207630291886,1.2097463e-05,0.0006782499826044081,0.02842006003158104,0.007383139888318639
p348_H3,3.74059210650664e-33,150.1262831850416,3.990644461566474e-05,1.4738872e-06,0.0,0.16594659181502758,0.04149699303671321
p348_NCI,9.584529767078399e-33,148.09495273773592,0.00023907705454966223,0.0,0.0,0.22399368403571895,0.05605819027256716
p348_MASS,2.3390094316303944e-22,97.26770478115645,5.035138004828768e-05,0.00065306056,0.0,0.06182064338302971,0.015631013830914583
p349_H2,0.019069588191005217,5.505500450305818,0.0001954300896065174,1.4010623e-05,0.0,0.23779783500769416,0.059501818930097705
p349_H3,0.454388600169487,0.5599350427595757,0.0,0.0,0.0,0.0,0.0
p349_NCI,0.13963157225870557,2.1840321258112976,0.0,0.0,0.0,0.0,0.0
p349_MASS,0.2551126736013409,1.2959500470327423,0.0,0.0,0.0,0.0,0.0
p350_H2,4.814409216483833e-11,43.81180178132674,4.9809065136074896e-05,6.815723e-05,0.0,0.2765647900795556,0.06917068909301308
p350_H3,0.45305141602811105,0.5632620748741883,0.0,0.0,0.0,0.0,0.0
p350_NCI,1.8715494913143985e-09,36.494847346865306,2.2060848514951402e-05,3.4959983e-06,0.0,0.020673016642219565,0.005174643372251458
p350_MASS,1.0957118259015362e-12,51.43253547158801,5.9995932833181025e-05,1.8056089e-06,0.0,0.23953240284646718,0.05989855109705446
p351_H2,0.4406773905067304,0.5947931993390975,0.0,0.0,0.0,0.0,0.0
p351_H3,0.13672960084231445,2.2164525135975253,0.0,0.0,0.0,0.0,0.0
p351_NCI,0.03738361949430624,4.3395660219195715,2.699727605244298e-05,0.0,0.0,0.019125317308720354,0.004788078646193199
p351_MASS,0.20328716058890428,1.6198310167400434,0.0,0.0,0.0,0.0,0.0
p352_H2,9.412948389260937e-11,42.467103354336246,0.00035789647209620557,0.00021191036,2.4862868506447218e-05,0.06362148411414259,0.01605403845348936
p352_H3,0.663906623422788,0.18887790808197635,0.0,0.0,0.0,0.0,0.0
p352_NCI,4.621532562592584e-28,124.9852575824117,0.00041216795379550635,1.08037975e-05,0.0,0.12245549855197804,0.030719617575823983
p352_MASS,0.9656880023009635,0.0018509985088786855,0.0,0.0,0.0,0.0,0.0
p353_H2,0.24816254694082213,1.3345223551744143,0.0,0.0,0.0,0.0,0.0
p353_H3,0.05972884085268358,3.549580607959523,4.9193532089580006e-06,1.2084384e-05,0.0,0.05210442082350986,0.0130303561402428
p353_NCI,0.011831078485860663,6.349526130495001,3.2875392708537607e-06,7.123504e-07,0.0,0.0474530524266447,0.01186426307908222
p353_MASS,0.03247992112317629,4.580393807416298,4.9193532089580006e-06,1.2084384e-05,0.0,0.05210442082350986,0.0130303561402428
p354_H2,5.877321433711469e-63,304.71910018352247,0.00014450615315979472,1.2015893e-05,7.73509339754186e-07,0.250024285895232,0.06254539536266661
p354_H3,9.805188434942475e-74,363.80668591173406,1.0988741514002727e-05,0.0,0.0,0.15811449254859491,0.03953137032252723
p354_NCI,0.0015917118388347395,10.00113373871801,1.9940237718807515e-05,3.4602593e-07,0.0,0.046738854506525325,0.01168978519254301
p354_MASS,5.568882064221943e-25,109.95489540009719,0.0001647632253349046,0.0,0.0,0.07705997845319916,0.019306185419633515
