,feature,rf,xgb,gbr,BayesianRidge,mean,true_position,TMD,amino_acid
0,1_H3,1.514559326109156e-05,5.353313099476509e-06,0.0,0.0968909983037646,0.0242278743025313,1,CT/EC,M
1,1_MASS,2.592280121061118e-05,8.944097316998523e-06,0.0,0.0765264596067228,0.0191403316263126,1,CT/EC,M
2,2_H3,8.653437889367171e-05,1.2784513273800258e-05,0.0,0.0492949987883149,0.0123485794201206,2,CT/EC,N
3,2_MASS,7.497101252258911e-05,3.32832883032097e-06,0.0,0.0293781377997855,0.0073641092852846,2,CT/EC,N
4,2_NCI,0.0004201495668816,6.893288809806108e-05,0.000139251782656,0.0699829064415725,0.017652810169802,2,CT/EC,N
5,3_H3,4.514450313400734e-05,7.745298375994025e-07,0.0,0.0001582883345968,5.10518418921116e-05,3,N-Termina,G
6,3_H2,8.056083340430163e-05,1.2757258446072228e-05,0.0,0.0931827996223747,0.0233190294285562,3,N-Termina,G
7,3_NCI,0.0001439296191793,5.642017185891746e-06,0.0,0.1965097103557685,0.0491648204980334,3,N-Termina,G
8,3_MASS,0.000105093215172,8.156461035468965e-07,3.020280117767563e-06,0.004994466633667,0.0012758489437651,3,N-Termina,G
9,4_NCI,4.62757344484801e-05,2.5459163225605156e-05,0.0,0.1310797415409933,0.0327878691096668,4,N-Termina,T
10,4_H2,0.0001055892720679,5.133409558766289e-06,0.0,0.0161884657654014,0.004074797111757,4,N-Termina,T
11,4_MASS,7.723791044115528e-05,2.3878512365627103e-05,0.0,0.0273264185788002,0.0068568837504017,4,N-Termina,T
12,4_H3,1.690832771189881e-05,2.340290166102932e-06,0.0,0.0507097848824602,0.0126822583750845,4,N-Termina,T
13,5_H3,3.823266214790801e-06,2.7075177058577538e-05,0.0,0.0806628286730863,0.0201734317790899,5,N-Termina,E
14,5_H2,2.907786036343088e-05,3.931172159354901e-06,0.0,0.1702469659884832,0.0425699937552515,5,N-Termina,E
15,5_MASS,5.1797079028791526e-05,2.682098966033664e-05,0.0,0.0608257359358692,0.0152260885011395,5,N-Termina,E
16,5_NCI,0.0002477423392945,4.0465449274051934e-05,0.0,0.0590027166028994,0.014822731097867,5,N-Termina,E
17,6_H2,0.0001105665980024,9.513414624962024e-06,0.0,0.1402625510125465,0.0350956577562934,6,N-Termina,G
18,6_H3,1.756117822354431e-05,0.0003507851215545,0.0,0.1878369093632112,0.0470513139157473,6,N-Termina,G
19,6_NCI,6.937743794441864e-05,1.3615936950372998e-05,0.0,0.0659229783669125,0.0165014929354518,6,N-Termina,G
20,6_MASS,3.4405231134117176e-05,1.7768905308912508e-05,0.0,0.0469050161482676,0.0117392975711776,6,N-Termina,G
21,7_NCI,8.672280377183086e-05,5.593790319835534e-06,0.0,0.1035879428826415,0.0259200648691833,7,N-Termina,P
22,7_H3,1.946610980086503e-05,3.597295653889887e-05,0.0,0.2297604340444957,0.0574539682777088,7,N-Termina,P
23,7_H2,6.269951183619927e-05,8.286931006296072e-06,0.0,0.002051034605656,0.0005305052621246,7,N-Termina,P
24,7_MASS,5.7306359844074585e-05,1.225558025907958e-05,0.0003856735644889,0.1534602070636909,0.0384788606420707,7,N-Termina,P
25,8_H3,3.9621356261747234e-05,2.08874689633376e-06,0.0,0.1474696085165794,0.0368778296549343,8,N-Termina,N
26,8_NCI,7.524296159739051e-05,3.614191427914193e-06,0.0,0.0987993292774837,0.0247195466076272,8,N-Termina,N
27,8_MASS,0.0001688325815666,9.132591003435664e-07,0.0,0.0924855967184608,0.0231638356397819,8,N-Termina,N
28,8_H2,0.0001220383061956,1.3546765330829658e-05,0.0,0.1964336728057262,0.0491423144693131,8,N-Termina,N
29,9_H2,0.000177928420845,0.0002156662230845,0.0,0.1383504510242546,0.034686011417046,9,N-Termina,F
30,9_NCI,0.0001737364777988,4.102862658328377e-05,0.0006063305304356,0.2303918541126444,0.0578032374368655,9,N-Termina,F
31,9_MASS,0.0001302262015804,9.139474968833383e-06,0.0,0.0095982964482145,0.0024344155311909,9,N-Termina,F
32,9_H3,7.326147477361598e-06,2.213508014392573e-05,0.0,0.08712601875086,0.0217888699946203,9,N-Termina,F
33,10_MASS,1.912465880547811e-05,0.0003596239548642,0.0,0.0315152842051625,0.007973508204708,10,N-Termina,Y
34,10_H3,6.362983392336662e-05,1.7875660205390886e-06,0.0,0.0136811186284004,0.003436634007086,10,N-Termina,Y
35,10_H2,0.0089796895987653,5.720534772990504e-06,0.0,0.093701671042666,0.025671770294051,10,N-Termina,Y
36,11_MASS,5.514600537461302e-05,2.616435995150823e-05,4.928709316434667e-05,0.1295641881726599,0.0324236964077876,11,N-Termina,V
37,11_H2,0.0001069929815508,8.562776088183455e-07,0.0003069675917689,0.0365821171275011,0.0092492334946074,11,N-Termina,V
38,11_H3,3.393029511301539e-05,7.124828243831871e-06,0.0,0.0963984806147,0.0241098839345142,11,N-Termina,V
39,11_NCI,0.0001273491425344,3.3259050269407453e-06,0.0,0.2380984047792099,0.0595572699566928,11,N-Termina,V
40,12_H2,6.072872192426493e-06,2.877794713640469e-06,0.0001713491483559,0.100651387454847,0.0252079218175272,12,N-Termina,P
41,12_MASS,2.1440651973108945e-05,1.7398713680449873e-05,0.0,0.1388670272818452,0.0347264666618747,12,N-Termina,P
42,12_H3,1.1977744820350307e-05,0.0,0.0,0.1418370348383431,0.0354622531457908,12,N-Termina,P
43,12_NCI,3.7647258643913294e-05,0.0,0.0,0.0249793498515378,0.0062542492775454,12,N-Termina,P
44,13_NCI,0.00016285009617,1.0607737976897624e-06,0.0,0.1461062390968084,0.036567537491694,13,N-Termina,F
45,13_MASS,1.964167528877611e-05,0.0,0.0,0.0259164773060172,0.0064840297453265,13,N-Termina,F
46,13_H2,4.269569920038935e-05,1.6454534488730133e-05,0.0,0.0239048681546046,0.0059910045970734,13,N-Termina,F
47,14_NCI,0.0009425923252164,2.902318101405399e-06,9.181093351755313e-05,0.0593657300804256,0.0151007589143152,14,N-Termina,S
48,14_MASS,5.7782870664285016e-05,3.981422923970968e-05,7.23561067100748e-05,0.068822193129385,0.0172480365839997,14,N-Termina,S
49,14_H2,0.0004928156513618,2.517384245948051e-06,0.0,0.0620168273367896,0.0156280400930993,14,N-Termina,S
50,15_NCI,0.0002464267269487,0.0001366002397844,0.0,0.157118220223205,0.0393753117974845,15,N-Termina,N
51,15_H2,2.8487494572318853e-05,7.24461597201298e-06,0.0,0.1043036909494495,0.0260848557649984,15,N-Termina,N
52,15_MASS,2.467771215956676e-05,1.5133318811422214e-05,0.0,0.0745931333230806,0.0186582360885129,15,N-Termina,N
53,15_H3,1.1217783580148573e-05,5.562205478781834e-05,0.0,0.1578971095319797,0.0394909873425869,15,N-Termina,N
54,16_MASS,6.909139253387898e-05,9.440324902243448e-06,0.0,0.0277646291402025,0.0069607902144096,16,N-Termina,K
55,16_H2,0.0002111510901117,8.868826739671931e-07,0.0,0.0679594539770551,0.0170428729874602,16,N-Termina,K
56,16_H3,7.12132781987658e-05,4.917797014059033e-07,0.0,0.0562177261439547,0.0140723578004637,16,N-Termina,K
57,16_NCI,5.338107127815763e-05,2.0413666788954288e-05,0.0,0.1179764204924414,0.0295125538076271,16,N-Termina,K
58,17_NCI,4.379985430625778e-05,6.742090477018792e-07,0.0,0.1591588838559327,0.0398008394798216,17,N-Termina,T
59,17_MASS,2.4111074877271467e-05,0.0001389054814353,0.000197529828891,0.1338042735706203,0.033541204988956,17,N-Termina,T
60,17_H2,8.149288033672513e-05,9.553341078571977e-05,0.0,0.0181801719497044,0.0045892995602067,17,N-Termina,T
61,17_H3,1.551472192666504e-05,0.0,0.0,0.2053718038771216,0.051346829649762,17,N-Termina,T
62,18_H3,1.148943501000217e-05,0.0,0.0,0.2390551032221976,0.0597666481643019,18,N-Termina,G
63,18_NCI,9.149598052186462e-05,5.060060721007176e-05,0.0,0.0587183894745429,0.0147151215155687,18,N-Termina,G
64,18_MASS,8.609874265888811e-05,0.0,0.0,0.0658130648126194,0.0164747908888195,18,N-Termina,G
65,18_H2,5.664814225681346e-06,6.88375450863532e-07,0.0,0.1304580143531798,0.0326160918857141,18,N-Termina,G
66,19_H2,6.289132312173667e-05,2.980115368700353e-06,0.0,0.112826590077673,0.0282231153790408,19,N-Termina,V
67,19_MASS,3.696473549390608e-05,8.193912799470127e-05,0.0,0.0269300752442129,0.0067622447769253,19,N-Termina,V
68,19_H3,5.425748633713275e-06,7.986447599250823e-06,0.0,0.1469974008106344,0.0367527032517168,19,N-Termina,V
69,20_H3,9.169443290378403e-06,2.2716662897437345e-06,0.0,0.1506127706863579,0.0376560529489845,21,N-Termina,R
70,20_H2,0.0004873086543544,4.723371148429578e-06,0.0,0.0657605832258751,0.0165631538128445,21,N-Termina,R
71,20_NCI,7.731285589813319e-05,4.684191480919253e-06,3.266432561135938e-06,0.0447655452949845,0.0112127021937311,21,N-Termina,R
72,20_MASS,2.458340343045876e-05,7.623522833455354e-06,0.0,0.0948176476802227,0.0237124636516216,21,N-Termina,R
73,21_MASS,2.3274912686057303e-05,9.116855181900975e-08,0.0,0.0112635288594608,0.0028217237351746,22,N-Termina,S
74,21_H2,0.0008301036823424,8.187142157112248e-06,0.0,0.0002982638470457,0.0002841386678863,22,N-Termina,S
75,21_H3,2.148783281711006e-05,1.755794983182568e-06,0.0,0.0728874847654279,0.018227682098307,22,N-Termina,S
76,21_NCI,2.105811020671032e-05,1.5163807347562397e-06,0.0,0.1429539930759911,0.0357441418917331,22,N-Termina,S
77,22_NCI,8.195204857524505e-05,2.0725649392261403e-06,0.0,0.063688758873911,0.0159431958718563,23,N-Termina,P
78,22_H2,0.0002931542821685,0.0001074611791409,0.0001129189362455,0.0411728519096078,0.0104215965767907,23,N-Termina,P
79,22_MASS,0.0002540915147964,0.0,7.997252287549176e-05,0.0011559307911086,0.0003724987071951,23,N-Termina,P
80,22_H3,0.0001310240124825,0.0,0.0,0.0483580297791845,0.0121222634479167,23,N-Termina,P
81,23_NCI,0.0001649590135761,6.83799453327083e-06,0.0001503522490082,0.043913724123199,0.0110589683450791,24,N-Termina,F
82,23_H3,1.7015258413176764e-05,2.3413441851971586e-07,0.0,0.1327663917561642,0.0331959102872489,24,N-Termina,F
83,23_H2,8.742096232350377e-05,0.0002530763158574,0.0031259284420878,0.3542343756799808,0.0894252003500624,24,N-Termina,F
84,23_MASS,0.0009037791890901,0.0,0.0007632595537222,0.266604780184156,0.0670679547317421,24,N-Termina,F
85,24_MASS,1.2327285513872187e-05,0.0,0.0,0.0416878737187723,0.0104250502510715,25,N-Termina,E
86,24_H2,2.1142904620857915e-06,0.0,0.0,0.0830756558156542,0.020769442526529,25,N-Termina,E
87,24_NCI,1.8224791773619752e-05,1.7942607883014716e-05,0.0,0.0398360223000638,0.0099680474249301,25,N-Termina,E
88,25_MASS,7.85056249152263e-06,7.911025363682711e-07,0.0,0.1856861422266678,0.0464236959729239,26,N-Termina,A
89,25_H2,7.96350473153251e-06,3.084011041210033e-06,0.0,0.2679809478902153,0.066997998851497,26,N-Termina,A
90,25_NCI,0.0001896252301699,4.77212142868666e-06,0.0,0.0368924169833272,0.0092717035837314,26,N-Termina,A
91,25_H3,2.233055647625949e-05,3.0407925351028098e-06,0.0,0.1016337618009925,0.0254147832875009,26,N-Termina,A
92,26_NCI,8.441951115497598e-05,2.140332799172029e-05,0.0,0.0415112071984428,0.0104042575093973,27,N-Termina,P
93,27_MASS,4.372272646827798e-05,6.980555190239102e-05,0.0,0.0134430923650217,0.0033891551608481,28,N-Termina,Q
94,27_H3,1.6443548420989186e-07,0.0,0.0,0.0910665593308351,0.0227666809415798,28,N-Termina,Q
95,27_H2,4.3500926138433136e-05,0.0001017444665194,0.0,0.0399755146164596,0.0100301900022793,28,N-Termina,Q
96,27_NCI,4.855416314502381e-05,6.0889992710144725e-06,0.0,0.0220735880408465,0.0055320578008156,28,N-Termina,Q
97,28_MASS,0.0003946663688091,6.129035318735987e-05,0.0002774441254893,0.0205993486587916,0.0053331873765693,29,N-Termina,Y
98,28_H3,3.174869187644808e-06,0.0,0.0,0.0832331010036401,0.0208090689682069,29,N-Termina,Y
99,28_H2,6.295320324689045e-05,2.824405385126738e-07,0.0,0.4951674992459774,0.1238076837224407,29,N-Termina,Y
100,28_NCI,4.737790471989189e-05,0.0002962323487736,0.0,0.0727708653668406,0.0182786189050835,29,N-Termina,Y
101,29_MASS,0.001262187534624,4.795451968675479e-05,0.0,0.0539144896629709,0.0138061579293204,30,N-Termina,Y
102,29_H3,0.0014247029742607,0.0001305960759054,0.0,0.0692747790533807,0.0177075195258867,30,N-Termina,Y
103,29_H2,0.0019746681081703,3.4057822631439194e-05,0.0,0.0698277725307418,0.0179591246153859,30,N-Termina,Y
104,29_NCI,0.0028911756665598,0.0004978674696758,0.0074781033512959,0.2570634647809806,0.066982652817128,30,N-Termina,Y
105,30_MASS,5.277906725223244e-05,1.8654362747838604e-06,0.0,0.0050683837401233,0.0012807570609125,31,N-Termina,L
106,30_H2,0.0001294413981812,1.2020540452795103e-05,0.0,0.0416228015910638,0.0104410658824244,31,N-Termina,L
107,31_H3,0.0007178034151089,4.186271780781681e-06,0.0,0.0045946276770533,0.0013291543409857,32,N-Termina,A
108,31_MASS,0.0015717222063927,1.5065803609104478e-06,0.0,0.103105613621303,0.0261697106020141,32,N-Termina,A
109,31_NCI,0.0002410109278644,2.8433774446057214e-07,0.0,0.2036703740265548,0.0509779173230409,32,N-Termina,A
110,31_H2,0.0001763526934041,2.6739178338175407e-06,0.0,0.0223275791837231,0.0056266514487402,32,N-Termina,A
111,32_H3,2.47207670535995e-06,0.0,0.0,0.0130199901235776,0.0032556155500707,33,N-Termina,E
112,32_MASS,0.0001178277625666,8.94869735930115e-05,5.35196262869068e-05,0.0077290349379627,0.0019974673251023,33,N-Termina,E
113,32_NCI,6.045457872367428e-05,5.6315957408514805e-06,0.0,0.0522096287332065,0.0130689287269177,33,N-Termina,E
114,32_H2,2.546318508832532e-05,4.100936621398432e-06,0.0002583838333923,0.0612593335259945,0.0153868203702741,33,N-Termina,E
115,33_H3,0.0003273275964079,0.0021813004277646,0.0,0.1929182481877169,0.0488567190529723,34,N-Termina,P
116,33_MASS,0.0001911866052184,8.772140972723719e-06,0.0014347774638994,0.0538834110996511,0.0138795368274354,34,N-Termina,P
117,33_NCI,0.0001248663039376,1.412063829775434e-05,0.0,0.0114264617072549,0.0028913621623726,34,N-Termina,P
118,33_H2,0.0002907858399284,6.846717587905005e-05,7.897997270552709e-05,0.068987579894605,0.0173564532207795,34,N-Termina,P
119,34_NCI,1.5989706804391415e-05,4.747141701955115e-06,0.0,0.098374231752819,0.0245987421503313,35,N-Termina,W
120,34_H3,4.095636080818074e-06,0.0,0.0,0.1669000736167785,0.0417260423132148,35,N-Termina,W
121,34_MASS,5.883436627037564e-05,0.0,0.0,0.1308265261174563,0.0327213401209316,35,N-Termina,W
122,35_MASS,0.0004032035777905,9.258375030185562e-06,0.0,0.0525054447732632,0.0132294766815209,36,N-Termina,Q
123,35_H3,4.361732356288812e-05,7.230327173601836e-05,0.0,0.0658548183390021,0.0164926847335752,36,N-Termina,Q
124,35_NCI,0.0002808850805477,4.3087111407658085e-06,0.0,0.0600570199702856,0.0150855534404935,36,N-Termina,Q
125,36_MASS,0.0007300470574915,0.0001183293788926,0.0,0.0728569907245207,0.0184263417902262,37,1,F
126,36_NCI,7.774310917666495e-05,0.0010406149085611,0.0,0.0399683870208908,0.0102716862596571,37,1,F
127,36_H3,4.856022936135644e-05,8.509917279297952e-06,0.0,0.1721015912106208,0.0430396653393153,37,1,F
128,37_NCI,0.0002401659337027,2.7642885470413603e-05,0.0,0.2067377189094505,0.0517513819321559,38,1,S
129,37_MASS,0.0001784982069122,1.0039599146693943e-05,0.0,0.0938707237304726,0.0235148153841329,38,1,S
130,37_H2,5.684636259544569e-05,5.171977591089672e-06,0.0,0.0670506475373536,0.016778166469385,38,1,S
131,38_NCI,0.0001046546870428,3.218108304281486e-06,0.0,0.1270437835937193,0.0317879140972666,39,1,M
132,38_H3,3.1155565920229137e-07,1.0860555903491331e-06,0.0,0.1613723449912452,0.0403434356506237,39,1,M
133,39_H3,1.621400974020632e-05,5.157670784683432e-06,0.0,0.0494412498797133,0.0123656553900595,40,1,L
134,39_H2,0.0004333948737207,0.0009920794982463,0.0,0.0066423684209888,0.0020169606982389,40,1,L
135,39_NCI,4.961602096996239e-05,0.0005039216484874,0.0,0.1216812415680042,0.0305586948093654,40,1,L
136,39_MASS,4.3342587932000006e-05,2.0358666006359272e-05,0.0,0.0626888292307035,0.0156881326211604,40,1,L
137,40_H2,0.0001436999314982,4.2212494008708745e-05,7.0108491422877e-05,0.1789033949567358,0.0447898539684164,41,1,A
138,40_H3,5.071733384573023e-05,6.779726390959695e-05,0.0,0.1816171804416896,0.0454339237598612,41,1,A
139,40_NCI,5.661965404360008e-05,3.794226358877495e-06,0.0,0.122890386642346,0.0307377001306871,41,1,A
140,41_H2,0.0010714013364081,3.6018830087414244e-06,0.0,0.0205723279532813,0.0054118327931745,42,1,A
141,41_NCI,0.0003392924356038,2.530045276216697e-05,5.576678830439061e-05,0.1452567912383403,0.0364192877287526,42,1,A
142,41_MASS,0.0003742129293932,0.0,0.0007372268239086,0.0377969966163319,0.0097271090924084,42,1,A
143,42_H2,0.0004330168494477,0.0002497567911632,0.0,0.1144616382270297,0.0287861029669101,43,1,Y
144,42_NCI,0.0001695915387196,0.0085028456524014,0.0021211009981893,0.1237867298228491,0.0336450670030399,43,1,Y
145,42_MASS,4.891025541582237e-05,0.0,8.24123459522336e-05,0.055731250336474,0.0139656432344605,43,1,Y
146,42_H3,2.551352197828132e-06,3.6542987800203264e-05,0.0,0.0004055573145035,0.0001111629136254,43,1,Y
147,43_H3,2.330088820256376e-07,0.0,0.0,0.0584701621162385,0.0146175987812801,44,1,M
148,43_MASS,2.483782098751545e-05,8.432583854300901e-06,0.0,0.0894685479796276,0.0223754545961173,44,1,M
149,43_H2,0.0001506139963447,1.009172933663649e-06,0.0,0.1825427332850263,0.0456735891135761,44,1,M
150,44_H2,4.472025713411709e-05,3.8527101423824206e-05,0.0001185800998122,0.0324564580946578,0.0081645713882569,45,1,F
151,44_NCI,5.121296247724335e-05,8.284766227006912e-05,0.0,0.0065071370892706,0.0016602994285044,45,1,F
152,44_MASS,8.577362575866469e-05,0.0,0.0,0.1189099582395129,0.0297489329663178,45,1,F
153,44_H3,8.020516119407338e-07,0.0,0.0,0.3400107380759605,0.0850028850318931,45,1,F
154,45_H3,3.6677100969119385e-05,7.614722107973648e-06,0.0,0.1555077697373733,0.0388880153901125,46,1,L
155,45_MASS,0.0002833484441196,1.158754457719624e-05,0.0001170174931534,0.1639664562937151,0.0410946024438913,46,1,L
156,46_MASS,4.216838605811394e-05,1.741122332532541e-06,0.0,0.0649781072575142,0.0162555041914762,47,1,L
157,47_H3,7.121727137309809e-06,0.0001987723953789,0.0,0.2697639355961163,0.0674924574296581,48,1,I
158,47_H2,6.859337329278553e-05,1.8430831687510365e-06,6.948907775624115e-06,0.1946281321091435,0.0486763793683451,48,1,I
159,47_MASS,5.126194415735171e-05,0.0,0.0,0.0296213932920574,0.0074181638090537,48,1,I
160,47_NCI,0.000136492637533,8.906783932616236e-07,0.0,0.1000260676467645,0.0250408627406727,48,1,I
161,48_H3,8.499446242055619e-05,0.0001565551938256,0.0,0.1403768006786142,0.035154587583715,49,1,M
162,48_H2,0.0002794572180901,1.6791407688288018e-05,0.0,0.2060121538076663,0.0515771006083612,49,1,M
163,48_MASS,0.0004035871781174,1.8104914261130036e-06,0.0003575772544204,0.2058568685716238,0.0516549608738969,49,1,M
164,48_NCI,0.0002910851881471,5.163369860383682e-05,0.0002775108059179,0.0259021927329097,0.0066306056063946,49,1,M
165,49_H3,4.117310097811252e-05,0.0,0.0,0.0456819863239884,0.0114307898562416,50,1,L
166,49_H2,0.0001166664322058,1.1069635547755752e-05,0.0,0.0977238059369457,0.0244628855011748,50,1,L
167,49_NCI,0.0002332722659789,6.2201374930737074e-06,0.0,0.1014693945783643,0.025427221745459,50,1,L
168,50_H2,0.0001261909639899,2.472114886131749e-07,0.0,0.0382949165746049,0.0096053386875208,51,1,G
169,50_H3,3.004226004952993e-07,0.0,0.0,0.0317823646741408,0.0079456662741853,51,1,G
170,50_NCI,5.203454378718154e-05,1.0638167395882192e-06,0.0,0.0467687622805858,0.0117054651602781,51,1,G
171,50_MASS,5.552977305729369e-05,0.0,7.262421518739473e-05,0.0192263971152339,0.0048386377758696,51,1,G
172,51_H2,0.000272740740378,0.0001115261620725,7.945452030102377e-05,0.259303288875631,0.0649417525745956,52,1,F
173,51_H3,7.225430414192565e-05,0.0,0.0,0.1708542397775201,0.0427316235204155,52,1,F
174,51_NCI,0.0003162827949788,2.1039149942225777e-06,0.0,0.1561712331913661,0.0391224049753348,52,1,F
175,51_MASS,0.0008989065614506,1.914995209517656e-06,5.566746930547961e-05,0.1823406356259956,0.0458242811629903,52,1,F
176,52_H3,2.944736844682402e-06,0.0,0.0,0.0851566109627873,0.021289888924908,53,1,P
177,52_NCI,7.62803913222093e-05,4.212704425299307e-06,0.0,0.2266896470659788,0.0566925350404315,53,1,P
178,52_H2,2.3402343289930944e-05,1.7442634998587891e-06,0.0,0.1673942288480757,0.0418548438637163,53,1,P
179,52_MASS,0.0022462390546484,0.0002565201139077,0.0,0.1930655022371804,0.0488920653514341,53,1,P
180,53_H3,2.6194863739993622e-08,0.0,0.0,0.0042972248590173,0.0010743127634702,54,1,I
181,53_NCI,1.3926361840833551e-05,1.3402132026385516e-06,0.0,0.1354984297918168,0.033878424091715,54,1,I
182,53_H2,2.8970573862269984e-06,4.943912699673092e-06,0.0,0.1735714715640026,0.0433948281335221,54,1,I
183,53_MASS,2.9155963067199742e-06,4.248506957083009e-05,6.908762157412336e-05,0.0732178175372086,0.018333076456165,54,1,I
184,55_H2,0.0001615629656017,6.997671334829647e-06,0.0,0.1574592458690145,0.0394069516264877,56,1,F
185,55_NCI,0.0002715974312581,5.44050135431462e-06,0.0,0.0152051956622636,0.003870558398719,56,1,F
186,55_MASS,0.0001066906170256,0.0,0.0,0.0739528096786398,0.0185148750739163,56,1,F
187,56_H3,1.8461850956621e-05,0.0,0.0,0.0576166144111256,0.0144087690655205,57,1,L
188,56_NCI,7.828830572557457e-05,2.856437959053437e-06,0.0,0.0275258219025275,0.006901741661553,57,1,L
189,56_MASS,5.068804502857519e-05,8.37989427964203e-05,0.0,0.0312047390191154,0.0078348065017351,57,1,L
190,57_H2,9.730662382061106e-07,1.0210873142568744e-06,0.0,0.0676815256372967,0.0169208799477123,58,1,T
191,57_H3,9.730662382061106e-07,1.0210873142568744e-06,0.0,0.0676815256372967,0.0169208799477123,58,1,T
192,57_NCI,9.730662382061106e-07,1.0210873142568744e-06,0.0,0.0676815256372967,0.0169208799477123,58,1,T
193,58_H2,7.079700789719863e-06,7.362065161942155e-07,0.0,0.0475838103137206,0.0118979065552566,59,1,L
194,58_NCI,6.73099899354391e-05,7.451310375472531e-05,0.0,0.133452490412629,0.0333985783765798,59,1,L
195,59_H2,5.614259185380238e-05,7.52139976611943e-06,0.0,0.1225715790918109,0.0306588107708577,60,1,Y
196,59_H3,5.843629087013691e-06,0.0,0.0,0.0038868301459782,0.0009731684437663,60,1,Y
197,59_MASS,5.187976816511898e-05,1.422004515916342e-06,0.0,0.0964525330616622,0.0241264587085858,60,1,Y
198,59_NCI,7.5826444042826e-05,3.286832679805229e-06,0.0,0.0991530329596978,0.0248080365591051,60,1,Y
199,60_NCI,0.0011012155635089,2.6832012167687935e-07,5.412618181498665e-05,0.073978788880922,0.0187835997365919,61,1,V
200,60_H3,1.611002737973764e-08,0.0,0.0,0.0590788375705603,0.0147697134201469,61,1,V
201,62_MASS,0.000150902305751,3.229088906664401e-05,0.0,0.0414703327958787,0.0104133814976741,63,CT/EC,V
202,62_H2,5.094004519113753e-05,0.0001990139135159,0.0,0.0617552617824143,0.0155013039352803,63,CT/EC,V
203,62_H3,8.761834722474414e-06,0.0003572015848476,0.0,0.0353350924823173,0.0089252639754718,63,CT/EC,V
204,62_NCI,0.000342907168178,0.0001721402077237,0.0,0.2066175608349059,0.0517831520527019,63,CT/EC,V
205,63_MASS,0.0003462768106898,0.0001029754566843,0.0,0.1657954040124059,0.041561164069945,64,CT/EC,Q
206,63_H2,0.0001116022385391,1.7392809240845963e-05,0.0,0.1386610948313198,0.0346975224697749,64,CT/EC,Q
207,64_H3,0.0001841857940814,0.0,0.0,0.167374557398185,0.0418896857980666,65,CT/EC,H
208,64_NCI,2.7796048646682426e-05,1.887082908069715e-05,0.0,0.0388328685005798,0.0097198838445768,65,CT/EC,H
209,64_MASS,0.0002580616097199,9.037015615831478e-07,0.0001395616163651,0.0703533000579815,0.017687956746407,65,CT/EC,H
210,64_H2,0.0004626859843731,0.0,0.0,0.1041772128681932,0.0261599747131416,65,CT/EC,H
211,65_H2,2.622646980629898e-06,3.884123316311161e-07,0.0,0.15459037450822,0.038648346391883,66,CT/EC,K
212,65_MASS,3.235687649211597e-05,0.0,0.0,0.0724632080275329,0.0181238912260062,66,CT/EC,K
213,66_H2,0.0004167602011097,4.586442230447574e-07,0.0,0.0709468177901078,0.0178410091588601,67,CT/EC,K
214,66_NCI,8.71755835363768e-05,0.0003372954961378,1.0386966707057748e-05,0.2471576521518591,0.06189812754956,67,CT/EC,K
215,67_NCI,0.0,2.026053067538669e-07,0.0,0.036382634283159,0.0090957092221164,68,CT/EC,L
216,68_MASS,5.1006728594282624e-06,0.0,0.0,0.0674223817112675,0.0168568705960317,69,CT/EC,R
217,68_H3,6.378362867393311e-07,9.554387361276896e-05,0.0002615854291318,0.3208187771656873,0.0802941360761796,69,CT/EC,R
218,68_NCI,1.0602430428838826e-05,3.506283746901317e-06,0.0,0.0032917090261866,0.0008264544350905,69,CT/EC,R
219,68_H2,6.22790871430339e-06,0.0,0.0,0.0227784917725198,0.0056961799203085,69,CT/EC,R
220,69_H3,0.0,0.0,0.0,0.0266320743541051,0.0066580185885262,70,CT/EC,T
221,69_NCI,4.917198054480741e-06,6.6988332036999054e-06,0.0,0.0071254902076188,0.0017842765597192,70,CT/EC,T
222,69_H2,1.6986645324952024e-05,0.0036865540314465,0.0,0.1598687434804495,0.0408930710393052,70,CT/EC,T
223,70_H2,2.4161847154624e-05,0.0,0.0,0.0301936694356655,0.007554457820705,71,CT/EC,P
224,70_NCI,4.033680536570264e-07,0.0,0.0,0.2110333924195697,0.0527584489469058,71,CT/EC,P
225,70_MASS,1.861321985018123e-07,2.503106202311756e-07,0.0,0.0475176900359827,0.0118795316197003,71,CT/EC,P
226,70_H3,1.9245512087817737e-05,0.0,0.0,0.023086400430079,0.0057764114855417,71,CT/EC,P
227,72_H2,0.0,0.0,0.0,0.0172470453401832,0.0043117613350458,73,CT/EC,N
228,72_NCI,4.889077964620151e-06,0.0,0.0,0.0070938153239863,0.0017746761004877,73,CT/EC,N
229,72_MASS,5.827267503615863e-06,0.0,0.0,0.0024778573885991,0.0006209211640256,73,CT/EC,N
230,73_H3,2.4533396490046077e-05,0.0,0.0,0.194941524575172,0.0487415144929155,74,2,Y
231,73_MASS,4.560636335199795e-05,0.0002340459323022,0.0,0.0100670841096559,0.0025866841013275,74,2,Y
232,73_NCI,1.9882019559811467e-05,0.0,0.0,0.073183785305396,0.0183009168312389,74,2,Y
233,73_H2,3.7477332582905125e-05,0.0,0.0,0.0323396301765114,0.0080942768772735,74,2,Y
234,74_H3,0.0,0.0,0.0001392100038678,0.064634317292795,0.0161933818241657,75,2,I
235,74_MASS,4.811861525092889e-05,0.0,0.0007702522651949,0.0722072242898465,0.018256398792573,75,2,I
236,74_NCI,1.4647506826575434e-05,7.111499940037902e-07,0.0,0.0774502846598537,0.0193664108291685,75,2,I
237,74_H2,2.5261871659645863e-06,1.2437743635018705e-07,0.0,0.0186820306066016,0.0046711702928009,75,2,I
238,75_H2,1.1652581294210286e-05,7.207823273347458e-06,0.0,0.0025215837009818,0.0006351110263873,76,2,L
239,75_MASS,4.974429285148019e-06,0.0,0.0,0.0146653011813899,0.0036675689026687,76,2,L
240,75_NCI,4.975803061846154e-06,8.881133339855297e-08,0.0,0.0431822696326529,0.010796833561762,76,2,L
241,76_MASS,4.00595581815319e-05,0.0,6.23410740799593e-05,0.0737762848552624,0.0184696713718809,77,2,L
242,76_H2,1.1944848471164676e-05,0.0004889447591267,0.0,0.0892617704756975,0.0224406650208238,77,2,L
243,76_NCI,6.447638160251381e-05,1.4626779375248589e-05,0.0,0.1629428035277004,0.0407554766721695,77,2,L
244,77_NCI,1.0880458869577624e-06,0.0,0.0,0.0435430981106804,0.0108860465391418,78,2,N
245,77_MASS,5.980425171389248e-07,1.158210466201126e-06,0.0,0.029880136068901,0.0074704730804711,78,2,N
246,77_H2,2.370924097061935e-06,9.200983299706422e-07,0.0,0.0360460129460499,0.0090123259921192,78,2,N
247,78_NCI,7.740537578378107e-05,2.028320523095317e-06,0.0,0.0511616699060775,0.0128102759005961,79,2,L
248,78_MASS,6.524676610331079e-05,0.0,0.0,0.0088121162211341,0.0022193407468093,79,2,L
249,78_H2,3.103368736167191e-05,0.0,0.0003998598165868,0.030939094797996,0.0078424970754861,79,2,L
250,79_H3,4.249609000970747e-06,0.0,0.0,0.0606993480779115,0.0151758994217281,80,2,A
251,79_MASS,1.2015228937749405e-06,9.010876738102523e-07,0.0,0.0263734903245995,0.0065938982337917,80,2,A
252,79_NCI,1.6644327528454186e-05,6.220370778464712e-06,0.0,0.0183361813065646,0.0045897615012179,80,2,A
253,79_H2,2.081578488197085e-05,2.442772256472381e-06,6.088523090480425e-05,0.0306940010112082,0.0076945361998128,80,2,A
254,80_NCI,0.0002122496827397,4.435700611793436e-05,0.0,0.1799865741697966,0.0450607952146635,81,2,V
255,80_MASS,7.568452492605095e-05,0.0,0.0,0.0176832826366457,0.0044397417903929,81,2,V
256,80_H2,9.18255303856395e-05,5.043407782068243e-06,0.0,0.0856249143321559,0.0214304458175809,81,2,V
257,81_H3,3.7653632012582898e-06,6.383578238455812e-06,0.0,0.1919490024421295,0.0479897878458923,82,2,A
258,81_NCI,6.252050030648686e-05,4.109917426831089e-06,0.0,0.0297912989022189,0.007464482329988,82,2,A
259,82_MASS,0.0001517056964128,6.828416189819109e-06,0.0,0.0951477507427935,0.023826571213849,83,2,D
260,82_NCI,0.0001517056964128,6.828416189819109e-06,0.0,0.0951477507427935,0.023826571213849,83,2,D
261,82_H3,0.0001517056964128,6.828416189819109e-06,0.0,0.0951477507427935,0.023826571213849,83,2,D
262,82_H2,0.0001377224088781,2.26124520850135e-05,0.0,0.1119291835040958,0.0280223795912647,83,2,D
263,83_H2,0.0007721043244843,8.137006807373837e-05,0.0003854511255127,0.4652552193359144,0.1166235362134963,84,2,L
264,83_MASS,0.003245577407443,0.0002641316968947,0.0013857677080911,0.1593523318867631,0.041061952174798,84,2,L
265,83_NCI,0.0005457603055629,2.394913963144063e-06,0.0004963669999698,0.0498092800875754,0.0127134505767678,84,2,L
266,84_NCI,0.0001360689939212,4.340936357039027e-05,0.0,0.0337893951573662,0.0084922183787144,85,2,F
267,84_H2,2.8559744253171176e-05,1.9325432276673382e-06,0.0,0.0220712525462347,0.0055254362084289,85,2,F
268,84_MASS,7.385751074267666e-05,2.47082207351923e-05,0.0,0.0868171925662609,0.0217289395744346,85,2,F
269,85_H3,0.0018727425484078,0.0019005809444934,0.0017026338809485,0.5945380949814626,0.1500035130888281,86,2,M
270,85_MASS,0.0021598151533618,0.0003352410567458,0.0044663753121607,0.568086725655084,0.1437620392943381,86,2,M
271,85_NCI,0.0019379547352596,7.290729990927503e-05,0.0002639595267946,0.371192248248913,0.0933667674527191,86,2,M
272,85_H2,0.0190593075721429,0.000295231322525,0.0233579335337502,1.0,0.2606781181071045,86,2,M
273,86_NCI,0.0007302798500475,0.0003856432449538,0.0,0.2767759794330219,0.0694729756320058,87,2,V
274,86_MASS,7.100496310715604e-05,3.059539449168369e-05,0.0,0.0762290704168914,0.0190826676936225,87,2,V
275,86_H3,1.6686531607436995e-06,6.948879445189959e-07,0.0,0.0172599415568081,0.0043155762744783,87,2,V
276,87_NCI,4.142858895433028e-05,5.82649090574705e-06,0.0,0.016428790233882,0.0041190113284355,88,2,F
277,87_H3,1.3063521050485662e-06,2.1182201237479606e-07,0.0,0.0672573576300276,0.0168147189510362,88,2,F
278,87_H2,4.93312656244174e-05,3.5043399293499533e-06,0.0,0.0291605585188335,0.0073033485310968,88,2,F
279,87_MASS,0.0001010981730325,5.317766635926091e-07,3.1938441881920016e-05,0.0449178683283848,0.0112628591799907,88,2,F
280,88_MASS,0.0002689106884157,8.061892003752291e-06,0.0,0.1070230385516923,0.0268250027830279,89,2,G
281,88_H2,5.6721974814268885e-05,4.430940407473827e-06,0.0,0.0702593828168167,0.0175801339330096,89,2,G
282,88_H3,1.4943619101626883e-05,4.508344773057615e-06,0.0,0.0231368837386999,0.0057890839256436,89,2,G
283,88_NCI,0.0001308473756657,0.0001650974882068,0.0,0.2561202740690073,0.0641040547332199,89,2,G
284,89_H2,0.0124776178214588,0.0002083261060761,0.00110820032074,0.2661505436629275,0.0699861719778006,90,2,G
285,89_H3,0.0073235072486918,0.000401482975576,0.002283334820959,0.937009558507573,0.2367544708881999,90,2,G
286,89_MASS,0.008887417484291,0.0028609477449208,0.0061020996861351,0.271985869687035,0.0724590836505954,90,2,G
287,89_NCI,0.0016714976361974,2.078514444292523e-05,0.0007623578614719,0.4408967676108088,0.1108378520632303,90,2,G
288,90_H3,9.12946031874549e-05,0.0,0.0,0.3025932623793682,0.0756711392456389,91,2,F
289,90_MASS,0.0058173887618515,0.0001835873554227,6.236670639021235e-08,0.0326190230741948,0.0096550153895438,91,2,F
290,90_H2,0.0024463279236077,0.0001453170989407,0.0015536416769197,0.7629122738713073,0.1917643901426939,91,2,F
291,90_NCI,0.000643891598116,1.823312595661264e-05,0.0121714953149216,0.1284761437640828,0.0353274409507692,91,2,F
292,91_H2,6.217010020815962e-05,3.007979785252246e-06,0.0,0.1197790192006135,0.0299610493201517,92,2,T
293,91_H3,0.0003316275358329,0.0,0.0,0.1176330837828531,0.0294911778296715,92,2,T
294,91_MASS,0.0008033723080163,5.083725795884675e-07,0.0037636191766939,0.1030429039394728,0.0269026009491906,92,2,T
295,91_NCI,0.0005880375835646,6.848969405837124e-06,0.0,0.0964876231477657,0.024270627425184,92,2,T
296,92_NCI,0.0045507593279194,0.0005101806600578,0.0012651188912493,0.2543360382076892,0.0651655242717289,93,2,T
297,92_H2,0.001062510063649,4.79613445349969e-05,0.0018868719686699,0.3061274348817158,0.0772811945646424,93,2,T
298,92_H3,0.0003116548793215,4.486669058678672e-05,2.400932578427792e-05,0.7473068722487565,0.1869218507861122,93,2,T
299,92_MASS,0.0011239635707613,0.0003470846277195,0.0002296001997158,0.1313823885532724,0.0332707592378672,93,2,T
300,93_MASS,0.0053225924761605,0.00022833723051,0.0039177772162019,0.2449708472950827,0.0636098885544888,94,2,T
301,93_H2,0.4323543865718597,0.0025335892569273,0.2662251122725161,0.3804554872792542,0.2703921438451394,94,2,T
302,93_H3,0.0007829408282109,0.0001212491770274,1.0424439731263948e-05,0.2984071703760502,0.0748304462052549,94,2,T
303,94_MASS,0.0003981369393498,5.045817488280591e-07,0.0,0.3414761076786931,0.0854686872999479,95,2,L
304,94_H2,0.0011671457802184,0.0011527114547789,0.0017533908818647,0.2750888009537602,0.0697905122676555,95,2,L
305,95_NCI,0.0030766911448728,0.000185127952136,0.0014864939662779,0.0240687023889544,0.0072042538630603,96,CT/EC,Y
306,95_H2,0.0043194325759615,0.0010335481492802,0.0070003109062828,0.0818776687508803,0.0235577400956012,96,CT/EC,Y
307,95_H3,0.000356008936014,4.381085091154091e-06,0.0009159620008064,0.1276866580380397,0.0322407525149878,96,CT/EC,Y
308,96_MASS,0.0004317559981118,0.0001239890698343,0.0,0.2605624646805807,0.0652795524371317,97,CT/EC,T
309,96_H2,0.0004515392149475,1.5535806596744806e-05,0.0002391771732627,0.1715703608205643,0.0430691532538428,97,CT/EC,T
310,96_H3,0.0002591035987724,4.069470378453843e-06,0.0,0.4895038956684855,0.1224417671844091,97,CT/EC,T
311,97_MASS,0.0050755633040262,0.0286811366677284,0.0019006012243092,0.148092971365937,0.0459375681405002,98,CT/EC,S
312,97_H3,6.02506103474834e-05,1.7657413991400972e-05,0.0,0.0689895996103327,0.0172668769086679,98,CT/EC,S
313,97_NCI,0.000156659153804,1.0062253750220408e-05,0.0,0.0627383798904435,0.0157262753244994,98,CT/EC,S
314,98_MASS,7.530639161133283e-05,1.297538801736664e-06,0.0,0.0615273093421833,0.0154009783181491,99,CT/EC,L
315,98_H3,2.2454806321316128e-05,0.0,0.0,0.0256799354662042,0.0064255975681313,99,CT/EC,L
316,98_H2,8.618058515577658e-05,3.925761575374054e-06,0.0,0.0469357669823858,0.0117564683322792,99,CT/EC,L
317,98_NCI,0.0001164409375366,2.9569457637990126e-06,0.0,0.0455152282755069,0.0114086565397018,99,CT/EC,L
318,99_NCI,0.0008672195440611,2.00544782273937e-05,0.0001965549177594,0.2531306349586159,0.0635536159746659,100,CT/EC,H
319,99_MASS,0.0005316398490277,4.388667730381712e-05,0.0,0.0206729746466031,0.0053121252932336,100,CT/EC,H
320,99_H3,0.0003486385194502,6.012694029777776e-06,0.0,0.0229531853923686,0.0058269591514621,100,CT/EC,H
321,99_H2,0.0007296868072514,1.2584883734234609e-05,0.0028537845721165,0.0443033024638412,0.0119748396817358,100,CT/EC,H
322,100_MASS,0.0012651776671776,0.0,0.0,0.1054982165691375,0.0266908485590788,101,CT/EC,G
323,101_H3,5.238343618653305e-05,0.0008520185365341,0.0020141116023863,0.0904721469706451,0.023347665136438,102,CT/EC,Y
324,101_NCI,1.889922586739823e-05,0.0,0.0,0.3080445054649113,0.0770158511726946,102,CT/EC,Y
325,101_MASS,9.723932930037064e-06,1.555825406285294e-06,0.0,0.0762586381389054,0.0190674794743104,102,CT/EC,Y
326,102_H2,0.000325720309713,2.1567649355347385e-07,3.1657987444134454e-05,0.1389534841351556,0.0348277695272016,103,CT/EC,F
327,102_MASS,0.0031496804140097,0.0,0.0044033396025532,0.120809004002306,0.0320905060047172,103,CT/EC,F
328,102_H3,9.881927767804794e-07,0.0,0.0,0.0936934543492669,0.0234236106355109,103,CT/EC,F
329,103_H2,0.0008542101863733,7.366552745224908e-05,0.0005072518594151,0.4203794175893396,0.1054536362906451,104,CT/EC,V
330,103_NCI,0.000266063493347,5.87584036111366e-05,0.0003283477827843,0.0154325124883357,0.0040214205420195,104,CT/EC,V
331,104_H3,1.7813083737191545e-05,0.0,0.0,0.1348847724352178,0.0337256463797387,105,CT/EC,F
332,104_NCI,5.1707066582036825e-05,2.2986494514043443e-05,0.0,0.0896925841319515,0.0224418194232618,105,CT/EC,F
333,104_H2,0.0033360251326285,3.861647201119922e-06,5.195553032053172e-05,0.1016744358731376,0.0262665695458219,105,CT/EC,F
334,104_MASS,0.0001000037774809,0.0,0.0,0.036784575277622,0.0092211447637757,105,CT/EC,F
335,106_H3,2.757225382658257e-05,1.0732812825153817e-06,0.0,0.0545820900907071,0.013652683906454,107,CT/EC,P
336,106_NCI,5.5636641218604114e-05,0.0001345491764368,0.0,0.0027284128474772,0.0007296496662831,107,CT/EC,P
337,106_MASS,7.430914098126121e-05,3.251707994422759e-06,0.0,0.0140702937220572,0.0035369636427582,107,CT/EC,P
338,106_H2,0.0002120737060902,5.096450695418753e-05,0.0,0.0309618970873889,0.0078062338251083,107,CT/EC,P
339,107_H3,0.0005243598010043,0.0001137559738708,0.0002137372994095,0.0220315182497063,0.0057208428309977,108,CT/EC,T
340,107_NCI,0.0001915447170902,1.5764060663059354e-05,0.0,0.0921911866030511,0.0230996238452011,108,CT/EC,T
341,107_MASS,0.0003180451246422,0.0002334066375624,0.0,0.0387447769703808,0.0098240571831463,108,CT/EC,T
342,108_H2,0.0028089137063833,0.000112948451715,0.0097321228959724,0.2751327068692101,0.0719466729808202,109,CT/EC,G
343,108_H3,1.8563384661895787e-07,1.1657710956569645e-06,0.0,0.1037838782558447,0.0259463074151967,109,CT/EC,G
344,108_MASS,0.0015708276787484,1.7135272400992108e-06,0.0017878162729028,0.1578975421378444,0.0403144749041839,109,CT/EC,G
345,109_H3,6.715440435893972e-06,0.0,0.0,0.0671888012431753,0.0167988791709028,110,CT/EC,C
346,109_MASS,1.3568073020473175e-05,0.0,0.0,0.0580871840653213,0.0145251880345854,110,CT/EC,C
347,109_H2,1.770238801502134e-05,1.030214480124414e-05,0.0,0.1033355447549849,0.0258408873219503,110,CT/EC,C
348,109_NCI,1.0674466603647575e-05,0.0,0.0,0.0818028637199973,0.0204533845466502,110,CT/EC,C
349,110_MASS,0.0007351077810408,1.5314302800106816e-05,2.091361373687134e-05,0.0752756376191665,0.019011743329186,111,3,N
350,110_H3,3.107744107381318e-05,5.117775799590163e-06,5.320717520837107e-06,0.1703771601588983,0.0426046690233231,111,3,N
351,110_NCI,0.0009273668534833,8.322036592289805e-06,0.0,0.096393000610108,0.0243321723750459,111,3,N
352,111_NCI,0.0002542561735791,7.846200787753332e-06,0.0,0.1831132074141404,0.0458438274471268,112,3,L
353,111_H2,0.0001877814926433,3.810376711044228e-06,8.327788849033e-05,0.1156889803968613,0.0289909625386765,112,3,L
354,112_MASS,0.0013389588396608,0.0001157553342636,0.000903656315223,0.2062840330966752,0.0521606008964557,113,3,E
355,112_H3,8.124294257989718e-05,5.316825536283432e-06,0.0,0.0097306989643828,0.0024543146831247,113,3,E
356,112_NCI,0.004749930704255,0.0001798330049496,0.0019090702654442,0.1829259059423807,0.0474411849792574,113,3,E
357,113_MASS,0.0001932771402143,2.5717147309478605e-06,0.0,0.1207481478568307,0.030235999177944,114,3,G
358,113_NCI,0.0001549616912765,9.05614251678344e-06,0.0,0.238968514194572,0.0597831330070913,114,3,G
359,113_H2,0.0001493900100917,8.149549830704927e-05,0.0,0.123021247046278,0.0308130331386692,114,3,G
360,113_H3,1.127515810649205e-06,8.401421496273542e-07,0.0,0.0911784822823455,0.0227951124850764,114,3,G
361,114_NCI,0.0001483761355487,0.0002560852153692,0.0002201409920894,0.3797172974559595,0.0950854749497417,115,3,F
362,114_H2,0.0012180976281796,0.0003186555113643,0.0,0.1913308710841505,0.0482169060559236,115,3,F
363,114_MASS,0.0002565057630125,0.0009859662968665,0.0,0.0485625092746407,0.0124512453336299,115,3,F
364,114_H3,5.975672331375796e-05,1.500053485870012e-07,0.0,0.2442804114054148,0.0610850795335192,115,3,F
365,115_MASS,0.0024242898780481,0.0004709363856818,0.0001774692871767,0.0924885590246526,0.0238903136438898,116,3,F
366,115_H2,0.0031237460937828,0.0004325229383539,0.0058658362889584,0.2094504815710244,0.0547181467230299,116,3,F
367,115_H3,0.0008326617590061,0.0,0.0,0.0680006329365072,0.0172083236738783,116,3,F
368,115_NCI,0.0006607778252966,3.964512870879844e-05,3.283476601944029e-05,0.21051672162574,0.0528124948364412,116,3,F
369,116_H2,0.0002231852496199,4.804724994755816e-06,0.0071181577907875,0.1460608057549136,0.0383517383800789,117,3,A
370,116_MASS,0.0001832685308401,3.543308048392646e-05,0.0,0.0528964317413747,0.0132787833381746,117,3,A
371,116_H3,0.0002297432349943,0.0001344526535831,0.0,0.0758226367736939,0.0190467081655678,117,3,A
372,116_NCI,0.0001869018622358,2.6780495318234895e-05,0.0,0.2554624700340104,0.0639190380978911,117,3,A
373,117_MASS,0.0008882834508581,7.142168033169582e-05,0.0019057183250266,0.2488215620912124,0.0629217463868572,118,3,T
374,117_H3,0.0004174765831881,5.258730743662454e-05,0.0,0.1382776571426079,0.0346869302583081,118,3,T
375,117_NCI,0.0007690056759588,1.0316341104044112e-05,0.0063145042062019,0.1897695286682165,0.0492158387228703,118,3,T
376,118_H3,3.78975583934203e-05,0.0,0.0,0.0006529468006596,0.0001727110897632,119,3,L
377,118_H2,0.0001716595167357,3.104340794379823e-05,0.0,0.0230825904728476,0.0058213233493817,119,3,L
378,118_MASS,0.0001829141979333,0.0001196757002617,0.0011469580754901,0.0226611644730378,0.0060276781116807,119,3,L
379,119_NCI,0.0002994839313809,3.996712257503532e-05,0.0,0.1511351688428673,0.0378686549742058,120,3,G
380,119_H3,0.0002412535506091,0.0005203546606935,0.0001882387999236,0.4518032874826062,0.1131882836234581,120,3,G
381,119_MASS,0.0002652596688789,1.8850385458790697e-05,0.0001263788677709,0.1012445589934988,0.0254137619789018,120,3,G
382,119_H2,2.092777831579437e-05,0.0006408161716535,0.0,0.0094032697646176,0.0025162534286467,120,3,G
383,121_H2,0.0013334322672871,0.0001254920207429,0.0025828472187036,0.4537107776402078,0.1144381372867354,122,3,E
384,121_H3,2.920354838378783e-05,0.0,0.0,0.1892749180599741,0.0473260304020894,122,3,E
385,121_MASS,0.0005607617814468,2.0130919438088316e-05,0.0,0.0530005491632116,0.0133953604660241,122,3,E
386,121_NCI,0.003444923619839,0.0001149862800957,0.0022622063851243,0.376041709156918,0.0954659563604942,122,3,E
387,122_NCI,9.381588612973508e-05,2.419905285933055e-06,9.636732283454072e-05,0.0944990991852159,0.0236729255748665,123,3,I
388,122_H3,2.2894260906318185e-05,0.0,0.0,0.1239628512089628,0.0309964363674672,123,3,I
389,122_MASS,0.0002500297435731,1.3546776926887103e-06,0.0,0.011641153040994,0.0029731343655649,123,3,I
390,122_H2,9.770884863544368e-05,0.0001095310653909,0.0,0.0742339387291882,0.0186102946608036,123,3,I
391,123_H2,9.36169032503406e-05,0.0001595593930687,0.0,0.043642084278586,0.0109738151437262,124,3,A
392,123_H3,3.4429705319558365e-05,0.0,0.0,0.0462171009727931,0.0115628826695281,124,3,A
393,123_MASS,6.695287145882285e-05,0.0,0.0,0.0672494152351647,0.0168290920266558,124,3,A
394,123_NCI,8.746566156374654e-05,3.807293251156807e-05,0.0,0.093287217954147,0.0233531891370555,124,3,A
395,124_H3,9.741524827763734e-06,0.0,0.0,0.1053534014769446,0.0263407857504431,125,3,L
396,124_NCI,1.282961682668158e-06,0.0,0.0,0.0658906962704027,0.0164729948080213,125,3,L
397,124_H2,7.414607428388033e-06,5.48705020264606e-06,0.0,0.1717694094087085,0.0429455777665848,125,3,L
398,124_MASS,1.0,1.0,1.0,0.0405162401183216,0.7601290600295804,125,3,L
399,125_H2,0.000272895561212,0.0002993059169966,0.0001401863477756,0.0910879596848784,0.0229500868777157,126,3,W
400,125_H3,7.459780101401874e-05,3.8018835766706616e-05,0.0,0.102659513301334,0.0256930324845286,126,3,W
401,125_MASS,5.605836092028935e-05,8.697181328898296e-06,0.0,0.1041774334808958,0.0260605472557862,126,3,W
402,125_NCI,9.86681846014014e-05,3.159586185574881e-06,0.0,0.1718197885526074,0.0429804040808486,126,3,W
403,126_H2,2.32130934630714e-05,2.2504681851387434e-07,0.0,0.035422463656613,0.0088614754492236,127,3,S
404,126_MASS,1.6840273645959423e-05,0.0,0.0,0.0479411038391785,0.0119894860282061,127,3,S
405,126_H3,1.4378515371199054e-05,0.0,0.0,0.0204467338141806,0.0051152780823879,127,3,S
406,127_MASS,2.620260134298003e-07,0.0,0.0,0.0012231181657656,0.0003058450479447,128,3,L
407,127_H3,2.251484477310584e-07,0.0,0.0,0.0215872840010715,0.0053968772873798,128,3,L
408,127_H2,9.47519289580597e-07,0.0,0.0,0.0870003309612363,0.0217503196201314,128,3,L
409,128_H2,6.578094752689951e-05,0.0,0.0,0.0117352800450006,0.0029502652481318,129,3,V
410,128_MASS,0.0016654437732502,0.0,0.0001459023040078,0.0614655332679546,0.0158192198363031,129,3,V
411,128_NCI,0.0001141977493411,0.0,0.0,0.0317387723839071,0.007963242533312,129,3,V
412,128_H3,1.02053733947325e-06,6.087103611207567e-05,0.0,0.1708848423893333,0.0427366834906962,129,3,V
413,129_H2,0.0001661843254232,9.500129749540064e-07,0.0,0.1669506739427931,0.0417794520702978,130,3,V
414,129_H3,1.1496572954374729e-08,0.0,0.0,0.0145309776655437,0.0036327472905291,130,3,V
415,129_MASS,5.274910846957294e-05,1.618069177311554e-06,0.0,0.0072220422062177,0.0018191023459661,130,3,V
416,130_MASS,4.770287584854574e-05,0.0,0.0,0.0144046611557253,0.0036130910078934,131,3,L
417,130_H2,1.7222491872388467e-05,0.0,0.0,0.0026486165286311,0.0006664597551258,131,3,L
418,130_NCI,1.7073031879472617e-05,0.0,1.8345564178523423e-05,0.0405949936657795,0.0101576030654593,131,3,L
419,131_NCI,3.630091230087171e-06,0.0,0.0,0.0996369972747745,0.0249101568415011,132,3,A
420,131_H2,1.2601561961935345e-06,5.19525128765963e-05,0.0,0.0387796563077948,0.0097082172442169,132,3,A
421,131_H3,5.314245698938994e-07,0.0,0.0,0.1281221146558046,0.0320306615200936,132,3,A
422,131_MASS,1.6625243385071002e-05,0.0,0.0,0.0278251946920181,0.0069604549838507,132,3,A
423,132_H2,0.0020013494257263,1.595405046828091e-05,0.0,0.1042684529965756,0.0265714391181925,133,CT/EC,I
424,132_H3,2.8522330448380053e-06,0.0,0.0,0.1108006210398362,0.0277008683182202,133,CT/EC,I
425,134_H2,2.4027817246708466e-06,5.997365519760933e-07,0.0,0.0877733537939766,0.0219440890780633,135,CT/EC,R
426,134_NCI,1.0755735572851285e-06,7.708878229095717e-07,0.0,0.0097874587242164,0.0024473262963991,135,CT/EC,R
427,134_MASS,2.5234960638300964e-06,2.120787939929869e-06,0.0,0.0157922727036461,0.0039492292469124,135,CT/EC,R
428,135_NCI,2.292568386595138e-05,0.0,0.0,0.0276718646835122,0.0069236975918445,136,CT/EC,Y
429,135_H2,6.087036965876929e-06,1.8337559595238415e-06,0.0,0.0395430248663222,0.0098877364148119,136,CT/EC,Y
430,135_MASS,2.559109673648149e-06,1.544004362585838e-06,0.0,0.0111431072042606,0.0027868025795742,136,CT/EC,Y
431,136_H2,6.85242951519599e-05,5.979983143333811e-06,0.0,0.0369182139251376,0.0092481795508582,137,CT/EC,V
432,136_MASS,9.22037078653927e-05,8.211101203414728e-07,0.0,0.0555471495260196,0.0139100435860013,137,CT/EC,V
433,136_NCI,9.06953269883248e-05,7.502665994252311e-06,0.0,0.1461959854758968,0.0365735458672198,137,CT/EC,V
434,136_H3,1.1591352312955976e-06,0.0,0.0,0.1284220279520324,0.0321057967718159,137,CT/EC,V
435,137_MASS,7.622423019961438e-07,0.0,0.0,0.001573837695723,0.0003936499845062,138,CT/EC,V
436,137_H2,0.0001760922704583,1.7384317061441834e-06,0.0,0.0237824229474337,0.0059900634123995,138,CT/EC,V
437,137_NCI,9.941025103640646e-06,2.0489961727321315e-08,0.0,0.0098654814767871,0.0024688607479631,138,CT/EC,V
438,137_H3,2.5141005114708065e-08,0.0,0.0,0.140514630339076,0.0351286638700202,138,CT/EC,V
439,138_MASS,1.5663656332989038e-05,0.0,0.0,0.0225151665023968,0.0056327075396824,139,CT/EC,V
440,138_NCI,2.540133647179131e-05,0.0,0.0,0.076027291580242,0.0190131732291784,139,CT/EC,V
441,138_H2,4.44617729213034e-06,2.26115798795945e-06,0.0,0.0313891378265825,0.0078489612904656,139,CT/EC,V
442,138_H3,0.0,0.0,0.0,0.0060294283695677,0.0015073570923919,139,CT/EC,V
443,139_H2,1.0748242144802097e-06,6.128937457106076e-06,0.0,0.0093146105605479,0.0023304535805548,140,CT/EC,C
444,139_MASS,1.1241370678907568e-06,0.0,0.0,0.004360464991103,0.0010903972820427,140,CT/EC,C
445,139_H3,4.118308922438795e-07,0.0,0.0,0.1725611780367418,0.0431403974669085,140,CT/EC,C
446,139_NCI,3.480352489271852e-06,0.0,0.0,0.0942657879852144,0.0235673170844259,140,CT/EC,C
447,140_H3,2.0212337664037155e-06,3.0900055207894184e-06,0.0,0.2155076085348124,0.0538781799435249,141,CT/EC,K
448,140_NCI,5.253263208030661e-06,2.566378952906234e-06,0.0,0.0507354168737654,0.0126858091289815,141,CT/EC,K
449,140_MASS,9.834767513048206e-06,1.434706007330533e-07,0.0,0.0554960874545854,0.0138765164231748,141,CT/EC,K
450,141_H2,0.0,0.0,0.0,0.0060294283695677,0.0015073570923919,142,CT/EC,P
451,141_NCI,3.804101828585501e-06,0.0,0.0,0.1535841995899508,0.0383970009229448,142,CT/EC,P
452,141_MASS,2.1728445337708407e-05,0.0,0.0,0.0111320127855156,0.0027884353077133,142,CT/EC,P
453,142_MASS,3.145462604253131e-05,4.681209611590021e-05,0.0,2.8147736657791147e-05,2.6603614704055665e-05,143,CT/EC,M
454,142_NCI,0.0015967451764489,1.2900039791929885e-06,0.0,0.0001174532212746,0.0004288721004257,143,CT/EC,M
455,142_H2,3.1250721170694865e-05,2.502918334812421e-07,3.815287843651138e-06,0.017658679610777,0.0044234989779062,143,CT/EC,M
456,143_H2,3.4178992156646625e-05,2.152974411728792e-05,0.0,0.1306107598159948,0.0326666171380672,144,CT/EC,S
457,143_H3,3.139561027026516e-07,0.0,0.0,0.0366675869691899,0.0091669752313231,144,CT/EC,S
458,143_NCI,3.387117175326254e-05,0.0,0.0,0.0810576644487409,0.0202728839051235,144,CT/EC,S
459,144_NCI,0.0003608174978433,0.001833347021602,0.0,0.1755772502446799,0.0444428536910313,145,CT/EC,N
460,144_MASS,3.130274517197225e-05,6.486802135441394e-07,0.0,0.0124542802046751,0.0031215579075151,145,CT/EC,N
461,145_NCI,3.662305337156599e-05,2.9056113817205187e-06,8.918848080341955e-05,0.0172824495487372,0.0043527916735734,146,CT/EC,F
462,145_H2,1.2689957196471884e-05,0.0,0.0,0.0434837864951813,0.0108741191130944,146,CT/EC,F
463,145_MASS,2.764269092657741e-05,0.0,0.0,0.0438262245517477,0.0109634668106685,146,CT/EC,F
464,146_NCI,0.0003084605906077,1.2894039173261262e-05,0.0,0.0653521957851603,0.0164183876037353,147,CT/EC,R
465,146_MASS,0.0008293051598429,1.0056725159302005e-06,0.0,0.1090899873952187,0.0274800745568944,147,CT/EC,R
466,146_H3,0.0001612239094464,4.1658802274469053e-07,0.0012721085242022,0.1181904143679295,0.0299060408474002,147,CT/EC,R
467,146_H2,0.0002111355524162,0.0001918391353683,0.0,0.1018338248946269,0.0255591998956029,147,CT/EC,R
468,147_NCI,3.679246120860181e-05,0.0,0.0,0.158169528963323,0.0395515803561329,148,CT/EC,F
469,147_MASS,1.403838459245568e-05,0.0,8.536202935706475e-05,0.0642884580208536,0.0160969646087007,148,CT/EC,F
470,147_H3,1.9414206276104106e-07,0.0,0.0,0.1009381009361847,0.0252345737695618,148,CT/EC,F
471,148_H2,0.0099074102548826,0.0001604788994882,0.0,0.061392627722306,0.0178651292191692,149,CT/EC,G
472,148_NCI,0.0005650118000669,6.733105237799464e-06,0.0,0.0653524379307589,0.0164810457090159,149,CT/EC,G
473,148_H3,5.317161863018246e-05,0.0,0.0,0.0248620235206879,0.0062287987848295,149,CT/EC,G
474,149_MASS,0.0001032446526991,1.1279515774731408e-06,0.0,0.058676884568418,0.0146953142931736,150,CT/EC,E
475,149_H2,8.066923424593874e-05,0.0001006146558211,4.585780040375455e-06,0.0808866836864897,0.0202681383391492,150,CT/EC,E
476,149_H3,1.259889783519295e-05,0.0,0.0,0.1024853068478656,0.0256244764364251,150,CT/EC,E
477,150_H3,4.522815138046479e-05,2.0438969841052312e-06,0.0,0.1758661811811425,0.0439783633073767,151,CT/EC,N
478,150_H2,0.0003027133000539,7.537798956036568e-05,0.0,0.1137577614935333,0.0285339631957869,151,CT/EC,N
479,150_MASS,6.174668588890457e-05,6.42688428342808e-06,0.0,0.0755107525183811,0.0188947315221383,151,CT/EC,N
480,150_NCI,0.0002657722310498,1.1003035069734324e-05,0.0,0.1333665361304825,0.0334108278491505,151,CT/EC,N
481,151_H3,8.9921644891757e-05,0.0,0.0,0.1697575462706375,0.0424618669788823,152,CT/EC,H
482,151_H2,8.148282146277979e-06,0.0,0.0,0.0790177816067872,0.0197564824722333,152,CT/EC,H
483,151_MASS,5.066114067302891e-06,0.0,0.0,0.1526006138256182,0.0381514199849213,152,CT/EC,H
484,151_NCI,6.259152128008897e-05,9.716942258819472e-06,0.0,0.1791691957601304,0.0448103760559173,152,CT/EC,H
485,152_H2,0.0002142398184547,3.260513267377973e-06,0.0,0.0161207337407732,0.0040845585181238,153,4,A
486,152_NCI,0.0002718471003991,2.309301089553628e-05,0.0002019705957602,0.0072407439239322,0.0019344136577467,153,4,A
487,153_MASS,0.0001918868946019,1.3752889572060669e-05,0.0,0.1568569634158076,0.0392656507999954,154,4,I
488,153_NCI,0.0002895714211294,0.0002470666076987,0.0004470167601131,0.0160580048742799,0.0042604149158053,154,4,I
489,153_H2,0.000228461397228,4.589629952533869e-06,0.0,0.0315144570228502,0.0079368770125077,154,4,I
490,153_H3,4.598659944895699e-05,0.0,0.0,0.1696908264387857,0.0424342032595586,154,4,I
491,154_NCI,0.0001118230847786,0.0001282931043533,0.0,0.1374870957311345,0.0344318029800666,155,4,M
492,154_H2,0.00016902989593,3.327716694911942e-05,0.0,0.0171586678177216,0.0043402437201501,155,4,M
493,154_MASS,0.0002995736656431,8.82344029378146e-05,0.0,0.2039254727817748,0.0510783202125889,155,4,M
494,155_H3,9.641690708170106e-06,0.0,0.0,0.1357234405448272,0.0339332705588838,156,4,G
495,155_NCI,7.060168969071659e-05,0.0,3.5769358618058794e-06,0.2181275124146456,0.0545504227600495,156,4,G
496,155_H2,6.190210095565172e-05,9.838317964749876e-07,0.0003031126930666,0.0080497548842551,0.0021039383775184,156,4,G
497,155_MASS,9.038633510903018e-05,0.0,0.0,0.0158301768659794,0.0039801408002721,156,4,G
498,156_NCI,0.001359648749671,0.0023130811750888,0.0,0.2136202860142703,0.0543232539847575,157,4,V
499,156_MASS,7.172327715567367e-05,0.0,0.0,0.0248208494943233,0.0062231431928697,157,4,V
500,156_H2,4.4815606449214025e-05,1.6013553249649704e-05,0.0,0.1334432390648853,0.033376017056146,157,4,V
501,157_H3,1.3907929670408984e-05,3.619284689193592e-05,0.0,0.0811604732078757,0.0203026434961095,158,4,A
502,157_MASS,0.0004385116071749,6.382411356753437e-06,0.0003689909033833,0.1065043024462596,0.0268295468420436,158,4,A
503,157_NCI,0.000206376996493,7.743517926428467e-06,0.0,0.1063902523337471,0.0266510932120416,158,4,A
504,157_H2,0.0001349839908802,2.293211036885623e-05,0.0001556013691142,0.0679640633447867,0.0170693952037875,158,4,A
505,158_NCI,0.0002616978262948,1.8747328795143403e-05,0.0,0.015049683972259,0.0038325322818372,159,4,F
506,158_H2,0.0001332178271041,1.195151071442524e-05,0.0,0.126080297133078,0.0315563666177241,159,4,F
507,158_H3,6.855641848396516e-06,3.8203666008485015e-06,0.0,0.0907431474362531,0.0226884558611755,159,4,F
508,158_MASS,4.61415611112342e-05,9.237995072908234e-06,0.0,0.088828490268569,0.0222209674561883,159,4,F
509,159_NCI,1.1882292517134127e-05,8.42355689201213e-07,5.89728276823809e-06,0.2560106003995345,0.0640073055826272,160,4,T
510,159_H2,0.0006485882881081,0.0001763184991432,0.0,0.0867644243405564,0.0218973327819519,160,4,T
511,159_MASS,6.676356020268448e-05,1.3138652548150276e-06,0.0,0.0185469552972133,0.0046537581806677,160,4,T
512,160_NCI,5.496588994581951e-06,6.343755671878171e-07,0.0,0.0371969486188487,0.0093007698958526,161,4,W
513,161_H2,0.0002094584021048,2.1267516785883345e-05,0.0,0.0327151167615441,0.0082364606701087,162,4,V
514,161_H3,2.012016789396837e-05,3.364459644217277e-07,0.0,0.0937674418463555,0.0234469746150534,162,4,V
515,161_NCI,0.0002614992438114,1.464480646973243e-05,9.514508572182394e-05,0.1247318467469525,0.0312757839707388,162,4,V
516,161_MASS,0.001007888599839,0.000214991348912,0.0008171833898962,0.1426159600439114,0.0361640058456397,162,4,V
517,162_H2,0.0003275891750809,3.080064061578014e-06,0.0,0.1268545842850505,0.0317963133810482,163,4,M
518,162_H3,0.0002571394711346,0.0,0.0,0.3036532723767535,0.075977602961972,163,4,M
519,162_MASS,1.911212593195734e-05,5.950554395894869e-07,0.0,0.110879312646506,0.0277247549569693,163,4,M
520,163_NCI,0.0002107016236388,3.473730976111256e-05,0.0,0.169720273718493,0.0424914281629732,164,4,A
521,163_H2,0.0005239288958097,7.694057421758771e-05,0.0005477386788196,0.1350263132788302,0.0340437303569193,164,4,A
522,163_H3,0.0001851828367482,0.0,0.0004305989766485,0.3316868919937993,0.083075668451799,164,4,A
523,163_MASS,0.0001175129118872,0.0,8.523760113231422e-06,0.010221186956645,0.0025868059071613,164,4,A
524,164_H3,0.0002800158406295,2.6388588025838544e-07,8.555853903732035e-05,0.3436761469518588,0.0860104963043515,165,4,L
525,164_H2,0.0001626516671431,6.130197107268032e-06,0.0,0.0392752627581594,0.0098610111556024,165,4,L
526,164_MASS,0.0003934535869285,2.718999667195021e-06,0.0001966133792193,0.064946109225363,0.0163847237977945,165,4,L
527,165_NCI,0.0001390704069868,4.492508014664054e-05,0.0,0.1004338703892999,0.0251544664691083,166,4,A
528,165_H3,2.012530301107821e-05,7.578690201626159e-06,0.0,0.029476049501662,0.0073759383737186,166,4,A
529,165_MASS,0.0001412438093338,1.4366357845574385e-06,0.0,0.0705532307716862,0.0176739778042011,166,4,A
530,165_H2,0.0001203048398828,5.095668529975228e-05,0.0,0.27547362779363,0.0689112223297031,166,4,A
531,166_MASS,0.0064594003740466,0.0,0.0,0.0377553777611595,0.0110536945338015,167,4,C
532,166_H3,1.0636873454352557e-05,0.0,0.0,0.0230415836210005,0.0057630551236137,167,4,C
533,166_H2,0.0076250168196233,0.0,0.0,0.0749103540228456,0.0206338427106172,167,4,C
534,166_NCI,6.010037210880923e-05,0.0,0.0,0.1043201034750626,0.0260950509617928,167,4,C
535,167_H3,8.082587090830977e-05,0.0,0.0,0.2743129679133884,0.0685984484460741,168,4,A
536,167_H2,9.201129160010056e-05,9.528152986604256e-07,0.0,0.0046211499980878,0.0011785285262466,168,4,A
537,167_NCI,0.0001017380123462,0.0,0.0,0.0703454853910501,0.0176118058508491,168,4,A
538,167_MASS,5.202010622316988e-05,0.0,0.0,0.1899921988916414,0.0475110547494661,168,4,A
539,168_H2,0.0001960487400773,3.659141611933592e-06,6.853206720945302e-07,0.1289255384920473,0.0322814829236021,169,4,A
540,168_H3,1.2209638353719026e-05,0.0,0.0,0.1191709817981587,0.0297957978591281,169,4,A
541,168_NCI,0.0001883902064673,1.1023169008694822e-06,7.514329555451909e-05,0.0379403792062688,0.0095512537562978,169,4,A
542,168_MASS,0.0006250300771631,8.300468834931962e-06,0.0,0.0878556862219527,0.0221222541919877,169,4,A
543,169_H2,0.0002271468610354,8.24252936126868e-07,0.0,0.0512005355717606,0.012857126671433,170,4,P
544,169_H3,9.11648250951009e-06,9.135016625805292e-06,0.0,0.0105078945000302,0.0026315364997913,170,4,P
545,169_NCI,4.31537589384288e-05,0.0,0.0002922275017319,0.159245314384385,0.0398951739112638,170,4,P
546,169_MASS,0.0001506765883804,0.0,0.0,0.1493241943732252,0.0373687177404014,170,4,P
547,170_H2,0.0,0.0,0.0,0.0347136573492487,0.0086784143373121,171,4,P
548,170_NCI,0.0,2.192447965398969e-07,0.0,0.0433737863420154,0.0108435013967029,171,4,P
549,171_MASS,0.0002517565201145,7.89814002928324e-05,0.0006619301938338,0.1028543470336969,0.0259617537869845,172,4,L
550,171_NCI,4.169159968120643e-05,6.186472774061258e-07,0.0,0.0038079449639592,0.0009625638027294,172,4,L
551,171_H3,7.522522499589134e-07,5.460057650452654e-07,0.0,0.0285631095451928,0.0071411019508019,172,4,L
552,171_H2,0.0003845253896889,7.211300726339687e-06,5.737527503792249e-05,0.1087829284884326,0.0273080101134714,172,4,L
553,172_H3,2.3741946941079583e-06,0.0,0.0,0.0245874627327644,0.0061474592318646,173,4,V
554,172_H2,0.0002157099614692,0.0002648667141329,0.000136850102923,0.3583618853826802,0.0897448280403013,173,4,V
555,172_NCI,0.0004336715918892,2.1122480120538967e-06,0.0,0.0312748012874438,0.0079276462818362,173,4,V
556,172_MASS,0.000240302024588,7.013011781964451e-06,0.0,0.1716186853631419,0.042966500099878,173,4,V
557,173_H3,0.0057220306096509,0.027019428089261,0.0,0.0407727693692984,0.0183785570170526,174,CT/EC,G
558,173_NCI,0.0002768787433044,0.0,0.0,0.0046324344377016,0.0012273282952515,174,CT/EC,G
559,173_H2,1.9126924397632587e-05,0.0,0.0,0.1483732333807933,0.0370980900762977,174,CT/EC,G
560,173_MASS,2.816434556610616e-06,0.0,0.0,0.0492005088808584,0.0123008313288537,174,CT/EC,G
561,175_NCI,0.000402315888362,0.0,0.0004042721751525,0.3208286235720127,0.0804088029088818,176,CT/EC,S
562,175_MASS,0.0008266920729034,2.821026646415703e-05,4.470209834033558e-05,0.109706740902006,0.0276515863349285,176,CT/EC,S
563,175_H2,0.000786758070885,0.0001205279986606,0.0003714097467893,0.0122963066885977,0.0033937506262331,176,CT/EC,S
564,175_H3,0.000402315888362,0.0,0.0004042721751525,0.3208286235720127,0.0804088029088818,176,CT/EC,S
565,177_MASS,0.0004852703110785,3.3061114663723856e-05,0.0,0.0478881302785333,0.0121016154260689,178,CT/EC,Y
566,177_NCI,0.0004805710442733,0.0,0.0001146037077175,0.0739815511713209,0.0186441814808279,178,CT/EC,Y
567,177_H3,0.0005887403857126,9.669661085354164e-05,5.559021343068848e-06,0.1719658618361693,0.0431642144635196,178,CT/EC,Y
568,177_H2,0.0004142566899647,6.233400199562311e-05,0.0,0.1139315908047662,0.0286020453741816,178,CT/EC,Y
569,178_MASS,0.000163423807388,0.000755604240112,0.0006052372509061,0.1153575570869561,0.0292204555963405,179,CT/EC,I
570,178_NCI,0.0001265014866824,1.7797468672142711e-06,0.0,0.0178856388966049,0.0045034800325386,179,CT/EC,I
571,178_H3,1.2296403436482985e-07,0.0,0.0,0.0450888867338468,0.0112722524244703,179,CT/EC,I
572,178_H2,0.000155879826891,5.4296986490953714e-05,0.0,0.1462399337286892,0.0366125276355178,179,CT/EC,I
573,179_H2,2.762316692287448e-07,0.0,0.0,0.0193639707470097,0.0048410617446697,180,CT/EC,P
574,180_H3,0.001166399896157,0.0008812960004433,0.0,0.5165567259091942,0.1296511054514486,181,CT/EC,E
575,180_NCI,0.0058577120999075,5.373428939492442e-05,0.005351478048535,0.4854165266029168,0.1241698627601886,181,CT/EC,E
576,180_MASS,0.0005625495242775,7.107451892807148e-06,0.0010427596582872,0.3306960809007603,0.0830771243838045,181,CT/EC,E
577,180_H2,0.0004904287788981,0.0001839343167375,0.0002260789111468,0.151794922624546,0.0381738411578321,181,CT/EC,E
578,181_MASS,2.626080682034717e-09,0.0,0.0,0.0007950909674403,0.0001987733983802,182,CT/EC,G
579,181_H3,3.924745409131026e-07,0.0,0.0,0.0073257687201027,0.0018315402986609,182,CT/EC,G
580,181_NCI,0.0,0.0,0.0,0.0089812375184738,0.0022453093796184,182,CT/EC,G
581,181_H2,0.0,0.0,0.0,0.0047847716504433,0.0011961929126108,182,CT/EC,G
582,182_MASS,0.0001021942707629,0.0,0.0,0.0139961911565181,0.0035245963568202,183,CT/EC,M
583,182_H2,0.0001965203427433,6.80719967931509e-05,0.0,0.0299423451998943,0.0075517343848576,183,CT/EC,M
584,182_H3,8.314425793805047e-06,0.0,0.0,0.0108319080229373,0.0027100556121828,183,CT/EC,M
585,182_NCI,3.307237630223272e-05,3.055670822504908e-05,0.0,0.0268625240816991,0.0067315382915566,183,CT/EC,M
586,183_H3,5.477533122152646e-05,0.0,0.0,0.1225168957724586,0.03064291777592,184,CT/EC,Q
587,183_NCI,0.0872297250038606,0.0504150390625,0.034739201211832,0.2214138039823696,0.0984494423151405,184,CT/EC,Q
588,183_MASS,0.0011660197094174,9.929212865245065e-06,0.0,0.1124615887931213,0.0284093844288509,184,CT/EC,Q
589,183_H2,4.299273469510453e-05,3.008092562595266e-06,0.0,0.3822102711399049,0.0955640679917906,184,CT/EC,Q
590,184_NCI,7.900800439537496e-05,3.223627800252871e-07,0.0,0.0005027296602773,0.0001455150068631,185,CT/EC,C
591,184_MASS,4.466022587982063e-05,4.749401796289021e-06,0.0,0.0130678472440139,0.0032793142179225,185,CT/EC,C
592,184_H3,1.0934600598502668e-05,0.0,0.0,0.0147269971191407,0.0036844829299348,185,CT/EC,C
593,184_H2,9.757378446469996e-06,4.589073341776384e-06,0.0,0.0214458486582233,0.0053650487775029,185,CT/EC,C
594,185_MASS,0.000141827585891,2.5911074317264138e-06,0.0,0.0983339810330051,0.024619599931582,186,CT/EC,S
595,185_H2,0.0002299486101382,2.0964684154023416e-05,1.358299229606398e-05,0.3115920065480834,0.0779641257086679,186,CT/EC,S
596,185_H3,4.886309343723499e-05,8.699592399352696e-06,0.0,0.0333925819271495,0.0083625361532465,186,CT/EC,S
597,185_NCI,0.0050716927116935,3.9585142985743005e-06,3.549416563197079e-05,0.0110443756680026,0.0040388802649066,186,CT/EC,S
598,187_MASS,0.0001573525735436,6.063708042347571e-06,0.0,0.0100670778132793,0.0025576235237163,188,CT/EC,G
599,187_H3,9.18261071860553e-06,4.6759828364884015e-06,0.0,0.0285725654259197,0.0071466060048687,188,CT/EC,G
600,187_NCI,0.000113566132715,1.277382398257032e-05,0.0,0.1677500971395307,0.0419691092740571,188,CT/EC,G
601,188_H3,7.194715121194534e-05,0.0,0.0,0.180976523933059,0.0452621177710677,189,CT/EC,I
602,188_H2,0.0002320779970912,0.0009316040086559,0.0,0.1825093318669097,0.0459182534681642,189,CT/EC,I
603,188_MASS,1.2299542883861463e-05,0.0,0.0,0.0502119725591187,0.0125560680255006,189,CT/EC,I
604,188_NCI,1.0364090742485167e-06,2.291227247042116e-06,0.0,0.0841936681924389,0.02104924895719,189,CT/EC,I
605,189_NCI,4.653359069916638e-06,1.514258656243328e-06,0.0,0.0118150398887017,0.0029553018766069,190,CT/EC,D
606,190_H3,1.7459896032324786e-07,0.0,0.0,0.0153177155964737,0.0038294725488585,191,CT/EC,Y
607,190_NCI,5.120165050274667e-05,0.0,0.0,0.0154372171083535,0.003872104689714,191,CT/EC,Y
608,190_H2,3.845920510005649e-06,7.501158165723609e-07,0.0,0.0792533075846932,0.0198144759052549,191,CT/EC,Y
609,190_MASS,1.4254718116712663e-05,0.0,0.0,0.0455976605643091,0.0114029788206064,191,CT/EC,Y
610,191_MASS,9.510826064679368e-06,0.0,0.0,0.0026453507859691,0.0006637154030084,192,CT/EC,Y
611,191_H2,4.68218451222109e-05,0.0,0.0,0.0411884123976303,0.0103088085606881,192,CT/EC,Y
612,191_H3,1.059208842923954e-05,0.0,0.0,0.0397180417635855,0.0099321584630036,192,CT/EC,Y
613,191_NCI,4.406813841198875e-05,1.8677304751690824e-06,0.0,0.0243872923268056,0.0061083070489231,192,CT/EC,Y
614,192_H3,4.682275694237801e-05,2.627085677886498e-07,0.0,0.0148552051486301,0.003725572653535,193,CT/EC,T
615,192_NCI,0.0001063180702498,0.0,0.0,0.033178764231266,0.0083212705753789,193,CT/EC,T
616,192_MASS,0.0001562843489228,0.0007169979508034,0.0008879868445617,0.0790930537529225,0.0202135807243026,193,CT/EC,T
617,192_H2,1.1758598213651224e-05,3.52694041794166e-06,0.0,0.2233701877091718,0.0558463683119508,193,CT/EC,T
618,193_H3,1.096390814416004e-05,4.436107587935112e-07,5.312847373865599e-05,0.1222028788407184,0.03056685370834,194,CT/EC,P
619,193_NCI,0.0001314903720306,7.0275132202368695e-06,6.391770274185866e-07,0.0408405954611631,0.0102449381308603,194,CT/EC,P
620,193_MASS,7.032256662979224e-05,1.1163636372657493e-05,0.0,0.082718731487477,0.0207000544226198,194,CT/EC,P
621,193_H2,3.82878579574228e-05,1.2078601685061583e-05,0.0,0.0402153625324601,0.0100664322480256,194,CT/EC,P
622,194_NCI,0.0001478926300533,5.536786557058804e-05,0.0,0.0618605396077085,0.0155159500258331,195,CT/EC,H
623,194_MASS,5.885675332832841e-05,4.805653588846326e-06,0.0,0.0775881307921773,0.0194129482997736,195,CT/EC,H
624,194_H3,0.0001804679208693,7.718558663327713e-06,0.0,0.0940292897372969,0.0235543690542074,195,CT/EC,H
625,195_H3,1.448863705796847e-05,0.0,0.0,0.0715318771286986,0.0178865914414391,196,CT/EC,E
626,195_H2,4.204328479459404e-05,4.287287083570845e-06,0.0,0.0744562557387296,0.0186256465776519,196,CT/EC,E
627,195_NCI,0.0026925869086117,4.19186790168169e-07,0.0,0.025985047191972,0.0071695133218434,196,CT/EC,E
628,196_H3,2.7550597596279406e-06,0.0,0.0,0.0369250695672985,0.0092319561567645,197,CT/EC,E
629,196_H2,0.0001428273015292,0.0001174293938674,0.0,0.0225144277595883,0.0056936711137462,197,CT/EC,E
630,196_NCI,4.746961060962252e-05,3.727989678736776e-05,0.0,0.0183684026082347,0.0046132880289079,197,CT/EC,E
631,196_MASS,6.560199337317487e-05,0.0,0.0,0.1371687545086893,0.0343085891255156,197,CT/EC,E
632,197_H2,9.597326391446785e-05,1.3999364455230534e-05,0.0,0.0337623593895903,0.00846808300449,198,CT/EC,T
633,197_H3,0.0002247786997108,2.2408077711588703e-05,0.0,0.1047081142039335,0.026238825245339,198,CT/EC,T
634,197_MASS,0.0002118434361807,2.500253515336226e-07,0.0,0.2263729020230835,0.0566462488711539,198,CT/EC,T
635,197_NCI,0.0001627773617555,2.43607200900442e-06,0.0,0.0016810191340317,0.000461558141949,198,CT/EC,T
636,198_H3,0.0171336547378148,8.251542749349028e-05,0.0068482450901284,0.0602984797948268,0.0210907237625658,199,CT/EC,N
637,198_MASS,0.0001330578545826,0.000524325936567,0.0,0.1295391106417089,0.0325491236082146,199,CT/EC,N
638,198_NCI,0.0031301904389941,5.002823968425218e-07,0.0,0.1349802030817309,0.0345277234507804,199,CT/EC,N
639,198_H2,0.0001322001935471,0.0001030853600241,0.0001076817444638,0.1809514281811333,0.0453235988697921,199,CT/EC,N
640,199_H3,3.1089683404680845e-06,0.0,0.0,0.0228128674695635,0.005703994109476,200,CT/EC,N
641,199_MASS,2.405568298612653e-05,0.0,0.0,0.1805424310531002,0.0451416216840216,200,CT/EC,N
642,199_NCI,0.0001018975759028,0.0002897903323173,0.0,0.2869249566953306,0.0718291611508877,200,CT/EC,N
643,200_H2,2.0243301260812675e-05,2.189505039495998e-06,4.1696079771689605e-06,0.2565477506559256,0.0641435882675507,201,CT/EC,E
644,200_MASS,5.3263772967067206e-05,8.440420629085565e-08,0.0,0.0778240020746735,0.0194693375629617,201,CT/EC,E
645,200_NCI,2.9941932212343424e-05,2.7453543225419708e-06,0.0,0.0355148284308037,0.0088868789293346,201,CT/EC,E
646,201_H3,5.184674315577592e-05,0.0,0.0,0.0892280954764099,0.0223199855548914,202,CT/EC,S
647,201_NCI,0.0015070462009674,0.0008178087882697,0.0009328152948345,0.0313118219358797,0.0086423730549878,202,CT/EC,S
648,201_MASS,0.0001289400384633,0.0,0.0,0.0305352883889041,0.0076660571068418,202,CT/EC,S
649,201_H2,2.4925170838618066e-05,2.7350009986548685e-05,4.618384590374229e-05,0.0536091827191954,0.013426910436481,202,CT/EC,S
650,202_MASS,0.0001342322423596,0.0,0.0,0.0464243695706212,0.0116396504532452,203,5,F
651,202_H3,5.409472133471291e-05,7.895025191828609e-06,0.0,0.1524124739388997,0.0381186159213565,203,5,F
652,202_NCI,5.409472133471291e-05,7.895025191828609e-06,0.0,0.1524124739388997,0.0381186159213565,203,5,F
653,203_MASS,5.494880614685652e-05,5.708732714992948e-06,1.0274214462843752e-05,0.0250898496598246,0.0062901953532873,204,5,V
654,203_H3,2.7010306821536805e-07,0.0,0.0,0.0164444067316512,0.0041111692086798,204,5,V
655,203_NCI,0.0003433434961574,2.634757720443304e-06,0.0,0.1981782127401883,0.0496310477485165,204,5,V
656,203_H2,6.492501920230009e-05,7.546217602794059e-06,0.0,0.0392943236082365,0.0098416987112604,204,5,V
657,204_H2,0.0001297253186494,2.124741513398476e-06,3.3658478439086584e-06,0.2509738585324337,0.0627772686101101,205,5,I
658,204_H3,1.5486808992441288e-05,2.1130081222509034e-06,0.0,0.1481789438557509,0.0370491359182164,205,5,I
659,204_NCI,7.159018443774394e-05,4.199960585538065e-06,0.0010246095165316,0.124558088720482,0.0314146220955092,205,5,I
660,204_MASS,0.0002100666345466,0.0001206648157676,0.0,0.1121537163230762,0.0281211119433476,205,5,I
661,205_H2,0.0001460732267651,1.632198654988315e-05,0.000675115403567,0.2565551712731872,0.0643481704725173,206,5,Y
662,205_NCI,0.0001824728575148,5.0421572268533055e-06,0.0,0.2458320108034249,0.0615048814545416,206,5,Y
663,205_MASS,9.501614789038534e-05,0.0,0.0,0.0305938898070994,0.0076722264887474,206,5,Y
664,205_H3,3.362254035571538e-05,0.0,0.0,0.0134586266657935,0.0033730623015373,206,5,Y
665,206_H3,0.0,0.0,0.0,0.0962517558401577,0.0240629389600394,207,5,M
666,206_MASS,0.0003076178372054,1.7427440752726395e-06,0.0038874390195918,0.0312829405877073,0.0088699350471449,207,5,M
667,206_NCI,0.0005795310578176,8.608298230683431e-06,0.0003218581570053,0.409101421603102,0.1025028547790389,207,5,M
668,206_H2,0.000850073904036,8.803379023447633e-05,0.0003249058535958,0.3476769037534291,0.0872349793253238,207,5,M
669,207_MASS,0.0091483907720049,0.0,0.0135885323384553,0.3672611811011865,0.0974995260529117,208,5,F
670,207_NCI,0.0090738134831783,1.2364725989755245e-05,0.0009534165990156,0.4973399866884496,0.1268448953741583,208,5,F
671,207_H2,0.1150063317954909,0.051781378686428,0.1552516396922029,0.6089985306325775,0.2327594702016748,208,5,F
672,207_H3,8.971407564412755e-06,0.0,0.0,0.0034192284975262,0.0008570499762726,208,5,F
673,208_NCI,0.0001928502763014,1.7366530300932936e-05,0.0,0.0562488450645263,0.0141147654677821,209,5,V
674,208_H2,8.85084093999769e-05,4.784405973623507e-06,0.0,0.0569428685630758,0.0142590403446123,209,5,V
675,208_MASS,9.04983336252948e-05,2.1645103061018744e-06,0.0,0.0213140656691594,0.0053516821282727,209,5,V
676,209_MASS,0.0071822945560148,0.0021319077350199,0.0060673522644851,0.1052054757363427,0.0301467575729656,210,5,V
677,209_H2,0.0014119297888085,0.0002675218856893,2.2703314630064404e-06,0.1236859610144478,0.0313419207551021,210,5,V
678,209_NCI,3.9669485649578775e-05,4.33661853094236e-06,0.0,0.3739811207779189,0.0935062817205248,210,5,V
679,209_H3,3.0265981606942047e-05,0.0,0.0,0.2076270697261118,0.0519143339269296,210,5,V
680,210_H2,0.0002263396230803,4.76423156214878e-06,0.0,0.0037290640457885,0.0009900419751077,211,5,H
681,210_MASS,0.0004122686520263,0.0,0.0028666991116409,0.037720312143867,0.0102498199768835,211,5,H
682,210_H3,0.0001693913766625,0.0,0.0,0.0857553371390273,0.0214811821289224,211,5,H
683,210_NCI,0.0030378649663745,0.0015690538566559,0.004364338057506,0.3024447634295287,0.0778540050775163,211,5,H
684,211_H2,4.101073099177054e-05,0.0,0.0,0.04812581803215,0.0120417071907854,212,5,F
685,211_NCI,9.141592240045069e-06,0.0,0.0,0.0053151490817118,0.0013310726684879,212,5,F
686,211_MASS,3.100788382111531e-05,0.0,3.392096369168199e-06,0.0519420355264128,0.0129941088766507,212,5,F
687,212_MASS,0.0001414262187903,0.0003588101244531,0.0,0.0371203671656009,0.0094051508772111,213,5,I
688,212_H3,1.2661505250840152e-05,2.3182443328551017e-05,0.0,0.042684634612121,0.0106801196401751,213,5,I
689,212_H2,0.0024446108206718,1.7557254977873527e-05,0.0011166798793293,0.2117785747714572,0.053839355681609,213,5,I
690,213_H2,0.0001173523378811,1.1350783097441308e-05,0.0,0.0299692623325723,0.0075244913633877,214,5,I
691,213_H3,2.941978359656745e-05,0.0001673630613368,0.0,0.2326657060603415,0.0582156222263187,214,5,I
692,213_NCI,0.0001254327538194,2.761180439847521e-06,3.959337585287392e-05,0.0043337124491002,0.0011253749398031,214,5,I
693,213_MASS,0.0003527130416265,8.206608981708996e-06,0.0,0.0307435470698358,0.007776116680111,214,5,I
694,214_H2,0.0,0.0,0.0,0.0060294283695677,0.0015073570923919,215,5,P
695,214_H3,0.0,0.0,0.0001392100038678,0.064634317292795,0.0161933818241657,215,5,P
696,214_NCI,3.910336792988487e-06,6.99388692737557e-07,6.396073808515402e-05,0.4407736775855688,0.1102105620122849,215,5,P
697,214_MASS,3.110330889278546e-05,1.4695775689688162e-06,0.0,0.0174618788453372,0.0043736129329497,215,5,P
698,215_NCI,3.0895843063992954e-05,3.216256800442352e-06,0.0,0.0879068804988247,0.0219852481496723,216,5,L
699,215_H3,5.196831625800943e-06,0.0,0.0,0.0143710381524695,0.0035940587460238,216,5,L
700,215_MASS,0.0006653705700646,4.104222171008587e-06,0.0008118192534621,0.0152201635658816,0.0041753644028948,216,5,L
701,216_MASS,0.0009525639580323,0.0002418107906123,0.002056544314172,0.1386570653500511,0.035476996103217,217,5,I
702,216_H3,3.780330090521556e-05,6.6375796450302005e-06,0.0002001134156871,0.3195359608185986,0.0799451287787089,217,5,I
703,216_H2,0.0003306969398219,9.144750038103666e-06,0.0,0.1319107505888705,0.0330626480696826,217,5,I
704,216_NCI,0.0004992202745474,2.226956348749809e-05,0.0009987014609765,0.0456162577601701,0.0117841122647954,217,5,I
705,217_MASS,4.637863833894909e-05,7.386434845102485e-06,0.0,0.0989085409651298,0.0247405765095784,218,5,V
706,217_NCI,0.0002140731476657,9.586301894159988e-05,0.00021858842459,0.104305233116758,0.0262084394269888,218,5,V
707,218_NCI,0.0044518465689661,0.0167000778019428,0.012815203763322,0.1665410045272871,0.0501270331653795,219,5,I
708,218_H3,1.7242256621399922e-08,0.0,0.0,0.0114867130608638,0.0028716825757801,219,5,I
709,218_H2,1.1285761491824152e-06,5.455610789795173e-07,0.0,0.0438597511222142,0.0109653563148605,219,5,I
710,219_H2,0.0002501381685382,1.959144128704793e-06,0.0,0.0257760192172278,0.0065070291324736,220,5,F
711,219_MASS,0.0001018088325062,1.0959419114442426e-06,0.0,0.0559414896097174,0.0140110985960337,220,5,F
712,219_NCI,0.0004227873982448,1.7867080259748036e-06,0.0,0.0636497124834217,0.0160185716474231,220,5,F
713,220_NCI,0.0001729304531738,0.000263008812908,0.0,0.1429672144515731,0.0358507884294137,221,5,F
714,220_MASS,9.409726643210755e-06,0.0,0.0,0.0103444591562498,0.0025884672207232,221,5,F
715,220_H2,7.602252746124204e-05,1.025666824716609e-05,0.0,0.1085111291309114,0.0271493520816549,221,5,F
716,221_H2,5.4392291302112224e-05,0.0,0.0,0.0167655360893375,0.0042049820951599,222,5,C
717,221_NCI,0.0001494210038006,0.0003144326910842,0.0,0.0266077617643725,0.0067679038648143,222,5,C
718,221_H3,3.594962592916532e-06,0.0,0.0,0.0860807402038448,0.0215210837916094,222,5,C
719,223_H2,0.0005960831676784,0.0006752681802026,0.0121699696645546,0.2917860881669435,0.0763068522948448,224,5,G
720,223_NCI,0.0003252168165016,0.0001177444501081,0.0005266744291204,0.0854095249466331,0.0215947901605908,224,5,G
721,223_MASS,0.000211062996894,0.0006041618762537,0.0001011934494504,0.0843611108612511,0.0213193822959623,224,5,G
722,223_H3,2.683621863530753e-05,0.0,0.0,0.09504065721183,0.0237668733576163,224,5,G
723,224_H2,6.61520867430333e-05,5.950396371190436e-07,0.0,0.1028170171145455,0.0257209410602314,225,CT/EC,Q
724,224_H3,9.499866462417813e-06,0.0,0.0,0.0841360241908684,0.0210363810143327,225,CT/EC,Q
725,224_NCI,1.4331540712474853e-05,1.5609887213940965e-06,0.0,0.0190456619452619,0.0047653886186739,225,CT/EC,Q
726,225_H3,0.0,0.0,0.0,0.0060294283695677,0.0015073570923919,226,CT/EC,L
727,225_H2,0.0,0.0,0.0,0.0363068246219989,0.0090767061554997,226,CT/EC,L
728,225_MASS,2.596673290128707e-07,0.0,0.0,0.0109205450544493,0.0027302011804446,226,CT/EC,L
729,226_H2,7.373575860689042e-05,1.081392474588938e-05,0.0,0.0291723861600404,0.0073142339608482,227,CT/EC,V
730,226_MASS,7.373575860689042e-05,1.081392474588938e-05,0.0,0.0291723861600404,0.0073142339608482,227,CT/EC,V
731,226_H3,1.765425608103251e-07,0.0,0.0,0.0610682033473675,0.015267094972482,227,CT/EC,V
732,226_NCI,7.890206448808334e-05,0.0,0.0,0.0428968651966351,0.0107439418152808,227,CT/EC,V
733,227_H2,0.026060870964674,9.699336806079371e-05,0.0,0.0703901604308352,0.0241370061908925,228,CT/EC,F
734,227_H3,0.0001163193709104,0.0,0.0,0.1191565263682229,0.0298182114347833,228,CT/EC,F
735,227_NCI,0.0001744708738132,1.1292746421531774e-05,0.0001699405905415,0.0762828548391305,0.0191596397624767,228,CT/EC,F
736,227_MASS,0.0003523553390507,9.263067113352008e-06,0.0003418402782263,0.0932205440081267,0.0234810006731293,228,CT/EC,F
737,228_H3,1.3606720644389752e-05,1.3411181498668157e-06,0.0,0.1149465362064491,0.0287403710113108,229,CT/EC,T
738,228_MASS,2.0227731462247456e-05,0.0,0.0,0.0059517256640934,0.0014929883488889,229,CT/EC,T
739,229_NCI,8.435083699840204e-06,0.0,0.0,0.0432532486712945,0.0108154209387485,230,CT/EC,V
740,229_MASS,2.615096999503837e-07,0.0,0.0,0.0106040352431606,0.0026510741882151,230,CT/EC,V
741,229_H2,4.066499893285886e-06,7.908447514637373e-06,0.0,0.0097681183273519,0.0024450233186899,230,CT/EC,V
742,230_NCI,0.0001655300602348,1.0358981853642035e-05,9.735397792819893e-06,0.0278003370775231,0.0069964903793511,231,CT/EC,K
743,230_H3,9.575070552319738e-07,0.0,0.0,0.0953796642802739,0.0238451554468323,231,CT/EC,K
744,230_MASS,7.704911249237552e-05,2.7468008738651406e-06,0.0,0.144202183132179,0.0360704947613863,231,CT/EC,K
745,231_H2,7.571544230583356e-05,0.0,0.0,0.1505652524591254,0.0376602419753578,232,CT/EC,E
746,231_MASS,0.0004400079805097,0.0009612165158614,0.0,0.1830693687253451,0.046117648305429,232,CT/EC,E
747,231_H3,9.973832000993676e-05,0.0,0.0,0.1372453805087865,0.0343362797071991,232,CT/EC,E
748,231_NCI,0.0002056745679559,0.0,0.0003415573970998,0.1483483426640092,0.0372238936572662,232,CT/EC,E
749,232_H2,5.883009877873118e-07,0.0,0.0,0.1439291923427553,0.0359824451609357,233,CT/EC,A
750,232_NCI,3.716324425558332e-07,8.604771437603631e-07,0.0,0.0141103578706271,0.0035278974950533,233,CT/EC,A
751,232_MASS,4.921209059584177e-07,7.316727419492963e-07,0.0,0.0169564830667447,0.0042394267150981,233,CT/EC,A
752,233_NCI,6.345394442747088e-05,0.0,0.0,0.0386527810527157,0.0096790587492858,234,CT/EC,A
753,234_NCI,0.0027930964099722,2.645119536737184e-07,0.0,0.1057827108417245,0.0271440179409126,235,CT/EC,A
754,234_MASS,1.4537639722794316e-05,1.464441083953716e-07,0.0,0.1409489555958794,0.0352409099199276,235,CT/EC,A
755,234_H3,4.512249953499338e-05,0.0,0.0,0.1199387101234203,0.0299959581557388,235,CT/EC,A
756,234_H2,7.903341169231818e-05,5.681535526491643e-07,0.0,0.1445692721536944,0.0361622184297348,235,CT/EC,A
757,235_NCI,0.0473962266718618,0.2064864486455917,0.0672167718911063,0.1661140273551699,0.1218033686409324,236,CT/EC,Q
758,235_H2,0.0018904864046195,0.0,0.0,0.1899258324562924,0.047954079715228,236,CT/EC,Q
759,236_NCI,7.570842016884684e-06,0.0,0.0,0.0587657743128835,0.014693336288725,237,CT/EC,Q
760,236_MASS,6.647024821414548e-06,0.0,0.0,0.0147672753312374,0.0036934805890147,237,CT/EC,Q
761,237_H2,4.997237676788972e-06,0.0,0.0,0.0014522583967256,0.0003643139086006,238,CT/EC,Q
762,237_MASS,0.000434048127583,0.0,0.0,0.0193723117923397,0.0049515899799807,238,CT/EC,Q
763,237_H3,1.5970772992357166e-06,0.0,0.0,0.0596768159492297,0.0149196032566322,238,CT/EC,Q
764,237_NCI,0.0134465143276994,6.77747323152289e-07,0.0180500506884058,0.0694665898675909,0.0252409581577548,238,CT/EC,Q
765,238_NCI,2.182407278049729e-05,0.0,0.0,0.0847795814533333,0.0212003513815284,239,CT/EC,E
766,238_MASS,4.3948622758428085e-05,0.0,0.0,0.0079262306176641,0.0019925448101056,239,CT/EC,E
767,239_MASS,1.4476149630745143e-05,0.0,6.563976049278001e-05,0.0824635420904878,0.0206359145001528,240,CT/EC,S
768,239_H2,0.0004711242107735,0.009557276032865,0.0,0.1908988335612058,0.0502318084512111,240,CT/EC,S
769,240_NCI,2.663880437928649e-05,4.3260428128633066e-07,0.0001712722241861,0.0223556272763049,0.0056384927272879,241,CT/EC,A
770,240_MASS,1.09979296050763e-05,1.5993953184079149e-07,0.0,0.036999712820872,0.0092527176725022,241,CT/EC,A
771,240_H3,4.584128336019533e-06,0.0,0.0,0.1158828962234743,0.0289718700879526,241,CT/EC,A
772,240_H2,1.1458263909690872e-05,3.1379801157527254e-07,0.0,0.0392221865665534,0.0098084896571186,241,CT/EC,A
773,241_NCI,0.0001022619291282,1.850325134000741e-05,0.0,0.2015006017015936,0.0504053417205154,242,CT/EC,T
774,241_H3,3.5991758864987215e-05,0.0,0.0,0.0362883199366997,0.0090810779238911,242,CT/EC,T
775,241_H2,0.0002927815424524,7.612569606862962e-05,0.0,0.1278607406316357,0.0320574119675392,242,CT/EC,T
776,241_MASS,0.0001272512051058,5.361836429074174e-06,4.118263368056341e-06,0.0841758607885555,0.0210781480233646,242,CT/EC,T
777,242_H2,4.024061818534256e-05,1.5565856301691383e-05,5.796305586895002e-05,0.1852419403548728,0.0463389274713072,243,CT/EC,T
778,242_MASS,4.3768392591326105e-05,4.841495410801144e-06,0.0001193496397797,0.0839867094444896,0.0210386672430678,243,CT/EC,T
779,242_H3,4.155256369915104e-05,0.0,0.0,0.015450208819259,0.0038729403457395,243,CT/EC,T
780,243_H2,5.144507026544812e-05,1.4026324606675187e-05,0.0,0.0682104101988767,0.0170689703984372,244,CT/EC,Q
781,243_MASS,5.180132921522949e-05,2.1074780306662436e-05,0.0,0.0514205740405732,0.0128733625375237,244,CT/EC,Q
782,243_H3,9.73860265552184e-06,0.0,0.0,0.1924779505008116,0.0481219222758667,244,CT/EC,Q
783,244_NCI,2.930062881552312e-06,9.633589797886088e-06,0.0,0.1046643823893897,0.0261692365105173,245,CT/EC,K
784,244_MASS,1.6617589542970655e-07,0.0,0.0,0.0338640914643816,0.0084660644100692,245,CT/EC,K
785,244_H2,4.543351865976538e-06,0.0,0.0,0.123901798433791,0.0309765854464142,245,CT/EC,K
786,244_H3,1.551843157019007e-05,0.0,0.0,0.0220050500957125,0.0055051421318206,245,CT/EC,K
787,245_H3,3.355707086788463e-07,0.0,0.0,0.0280372967443527,0.0070094080787653,246,CT/EC,A
788,245_H2,5.171850654125957e-05,0.0,0.0,0.1241845548680521,0.0310590683436483,246,CT/EC,A
789,247_MASS,2.1771568675554935e-05,0.0,0.0,0.0205002328225983,0.0051305010978184,248,CT/EC,K
790,247_NCI,0.0003211612919181,0.0002186322235502,5.319979914579882e-05,0.3222564840246473,0.0807123693348153,248,CT/EC,K
791,247_H3,8.18686008750724e-06,1.2064776910847286e-06,0.0,0.1258009325429285,0.0314525814701767,248,CT/EC,K
792,248_H3,1.9397181024865712e-05,0.0,0.0004011893312837,0.1953997498845944,0.0489550840992257,249,CT/EC,E
793,248_MASS,4.084745729259885e-06,0.0,0.0,0.0664174155130131,0.0166053750646856,249,CT/EC,E
794,248_H2,0.0,0.0,0.0,0.204038004422584,0.051009501105646,249,CT/EC,E
795,248_NCI,4.650251423078573e-05,0.0,0.0,0.0778603209449579,0.0194767058647971,249,CT/EC,E
796,249_NCI,3.7666317599293566e-05,0.0,0.0,0.0682263639783961,0.0170660075739988,250,CT/EC,V
797,249_H3,3.165775869804001e-07,0.0,0.0,0.0145902717621117,0.0036476470849246,250,CT/EC,V
798,249_MASS,3.583600908335478e-06,0.0,0.0,0.0387879450249538,0.0096978821564655,250,CT/EC,V
799,250_MASS,1.0580712381086516e-06,0.0,0.0,0.0064553354626812,0.0016140983834798,251,CT/EC,T
800,250_H2,2.317137396362667e-05,0.0,0.0,0.012902821132559,0.0032314981266306,251,CT/EC,T
801,251_MASS,9.08159946207065e-06,3.069916056119837e-05,2.8028783493906656e-06,0.0342654153936927,0.0085769997580163,252,CT/EC,R
802,251_H2,2.3303441162662025e-05,0.0,0.0,0.1448027208118486,0.0362065060632528,252,CT/EC,R
803,251_NCI,1.9449516115719284e-05,2.2166095732245594e-06,0.0001222190730318,0.0642094605479643,0.0160883364366712,252,CT/EC,R
804,252_MASS,1.312088977026309e-05,0.0,0.0,0.0164472528801975,0.0041150934424919,253,6,M
805,252_H2,2.895875318503224e-05,0.0,0.0,0.0321271260642255,0.0080390212043526,253,6,M
806,252_NCI,7.980907708229303e-05,0.0009540262981317,0.0,0.0002504832542314,0.0003210796573613,253,6,M
807,253_H2,4.949978950851605e-06,2.912632771767676e-05,0.0,0.0868258269319816,0.0217149758096625,254,6,V
808,253_NCI,1.517598583761421e-06,0.0,0.0,0.0868594880056034,0.0217152514010467,254,6,V
809,254_H2,1.9449494412933652e-05,2.513945673854323e-07,0.0,0.2212015152020454,0.0553053040227564,255,6,I
810,254_MASS,3.5897730590956235e-05,0.0,0.0,0.0559435988011876,0.0139948741329446,255,6,I
811,254_NCI,3.3662708668085386e-05,2.7702930083250976e-07,0.0,0.092506716865959,0.0231351641509819,255,6,I
812,255_H2,2.400616494888089e-05,1.6605448536211045e-06,0.0,0.0238014177846,0.0059567711236006,256,6,I
813,255_MASS,2.911252257802241e-05,0.0,0.0,0.0817580924562032,0.0204468012446953,256,6,I
814,255_H3,2.957246771494876e-07,0.0,0.0,0.1262847389384527,0.0315712586657824,256,6,I
815,255_NCI,4.714212704915264e-05,6.344245093714562e-07,0.0,0.2570222945638364,0.0642675177788487,256,6,I
816,256_NCI,4.557566495156754e-06,7.310998626053333e-06,0.0,0.0648710205257769,0.0162207222727245,257,6,M
817,256_H3,1.3482133325085088e-06,1.3313193676367518e-06,0.0,0.128043495371793,0.0320115437261232,257,6,M
818,256_MASS,2.1546952018236807e-05,3.0975074878369924e-06,0.0,0.0600858951828372,0.0150276349105858,257,6,M
819,256_H2,3.522852528291672e-06,2.8100935196562205e-06,0.0,0.0861944424571234,0.0215501938507928,257,6,M
820,257_MASS,0.0002796481091,0.0,0.0,0.0974337837571373,0.0244283579665593,258,6,V
821,257_H2,1.8272283646637784e-05,7.501865866288426e-07,0.0,0.0965527008710476,0.0241429308353202,258,6,V
822,257_H3,0.0,0.0,0.0,0.153150406394103,0.0382876015985257,258,6,V
823,258_MASS,0.0001072110396905,2.2408827135222964e-05,1.948896171466016e-05,0.0589035478933483,0.0147631641804722,259,6,I
824,258_H3,4.648789415848269e-06,0.0,0.0,0.273587894303309,0.0683981357731812,259,6,I
825,258_H2,0.0001541089818598,1.8494439473215607e-06,7.279824656340702e-05,0.1778959111272815,0.044531166949913,259,6,I
826,258_NCI,0.0003358474716695,0.0001694347010925,0.0,0.1375010152391274,0.0345015743529723,259,6,I
827,259_H2,0.0001996220522867,1.4274856994234142e-06,0.0,0.0500798612183176,0.0125702276890759,260,6,A
828,259_NCI,0.0024136245118792,1.1954045930906432e-06,0.000197342881114,0.0425180232119069,0.0112825465023733,260,6,A
829,259_MASS,0.0024594895897849,0.0,0.0,0.0600493762652499,0.0156272164637587,260,6,A
830,259_H3,2.456651292006385e-06,0.0,0.0,0.0161283599572354,0.0040327041521318,260,6,A
831,260_NCI,0.0009599374528229,0.0,0.0003741985295784,0.2526345733108499,0.0634921773233128,261,6,F
832,260_MASS,0.001251697550323,0.0,0.0013503098541188,0.270382396573571,0.0682461009945032,261,6,F
833,260_H2,0.0009812111401214,8.715262811165303e-05,0.0008518812485651,0.0900179194574461,0.0229845411185611,261,6,F
834,260_H3,0.0009054454033458,0.0023072040639817,0.0066383247847707,0.6312646331645979,0.160278901854174,261,6,F
835,261_NCI,0.0001672890562156,0.0,0.0,0.0327779577837997,0.0082363117100038,262,6,L
836,261_H2,0.000142954358552,2.7232536012888886e-06,0.0,0.1111089554262914,0.0278136582596111,262,6,L
837,261_MASS,0.0001897534699293,2.584595131338574e-05,0.0,0.0346614820658581,0.0087192703717752,262,6,L
838,262_MASS,0.0001718220602347,5.671441272170341e-07,0.0,0.034696882865535,0.0087173180174742,263,6,I
839,262_H2,6.281348921485181e-05,0.0001631661143619,0.0,0.1089998921321655,0.0273064679339355,263,6,I
840,262_H3,8.380901153650595e-06,0.0,0.0,0.013468686034682,0.0033692667339589,263,6,I
841,262_NCI,6.995661567344352e-05,1.3162947425371383e-06,0.0,0.0243799731577653,0.0061128115170453,263,6,I
842,263_H3,7.852328782053128e-07,0.0,0.0,0.1647468385978083,0.0411869059576716,264,6,C
843,263_MASS,0.0001507662329037,0.0,0.0001372406855689,0.0128865919488546,0.0032936497168318,264,6,C
844,263_NCI,8.934971226482817e-05,0.0064164781942963,0.0,0.0798214227934663,0.0215818126750068,264,6,C
845,264_H3,6.633668905577907e-05,5.758828592661303e-06,0.0,0.0575271995022628,0.0143998237549778,265,6,W
846,264_H2,0.0003072692503525,7.540572551079094e-05,6.979222276122528e-05,0.4320957767639638,0.108137060990647,265,6,W
847,264_NCI,7.580155138361783e-05,9.57949523581192e-05,6.67263727622082e-05,0.1397519812565122,0.034997576033254,265,6,W
848,264_MASS,0.0002542115139199,0.0,0.00019616421448,0.2014443537423051,0.0504736823676762,265,6,W
849,265_MASS,4.878506854434508e-05,5.718450211134041e-07,0.0,0.0015280220378447,0.0003943447378525,266,6,L
850,265_NCI,0.0001054491814639,6.155710252642166e-07,0.0,0.1421677120611824,0.0355684442034179,266,6,L
851,265_H3,2.8306703934265272e-05,0.0,0.0,0.2287155737973143,0.0571859701253121,266,6,L
852,265_H2,0.0001366226998054,0.0001688488264335,0.0,0.0660697472715591,0.0165938046994495,266,6,L
853,268_NCI,0.0014119013273168,2.102877806464676e-05,0.0015705223875141,0.0090596727394007,0.0030157813080741,269,6,A
854,268_H3,0.0024350235102156,1.527159292891156e-05,0.0013720278616677,0.8069604537711175,0.2026956941839824,269,6,A
855,268_H2,0.0013626838015046,0.000808012613561,0.0019202595285086,0.0773458318597929,0.0203591969508418,269,6,A
856,268_MASS,0.001781434105368,0.000229103519814,0.005867107216856,0.2231685580503765,0.0577615507231037,269,6,A
857,269_NCI,0.0001636582824048,4.804807758773677e-06,0.0011813760537539,0.0661674357946865,0.016879318734651,270,6,G
858,269_H2,0.0002597153762223,1.5150275430642068e-05,5.603436393251688e-05,0.2259372734643785,0.056567043369991,270,6,G
859,269_MASS,0.0001676453133795,3.457124694250524e-05,0.0,0.1662224998635818,0.0416061791059759,270,6,G
860,269_H3,1.0907447300399535e-05,1.2349676126177656e-06,0.0,0.2347523552841961,0.0586911244247772,270,6,G
861,270_MASS,7.011114064349218e-05,0.0008190007647499,0.0,0.0499425240238439,0.0127079089823093,271,6,V
862,270_NCI,0.0013729548397667,1.8270083046445509e-06,0.0008788084501748,0.2856044943665843,0.0719645211662076,271,6,V
863,270_H2,3.918953853950566e-05,2.462417683091189e-07,0.0,0.3483819148305636,0.0871053376527178,271,6,V
864,271_H2,1.5005727756977256e-05,1.5083593325471156e-06,0.0,0.1725945845559164,0.0431527746607515,272,6,A
865,271_H3,1.728519612256979e-05,0.0,0.0,0.1718417382773864,0.0429647558683772,272,6,A
866,271_MASS,2.8225284757347695e-05,0.0039591728709638,0.0042544555835738,0.0729552448388804,0.0202992746445438,272,6,A
867,272_H3,8.18728545420955e-06,1.199695844888993e-07,0.0,0.2066522240805895,0.051665132833907,273,6,F
868,272_H2,0.0003684458867624,4.605422873282805e-05,0.0,0.0110708229003248,0.002871330753955,273,6,F
869,273_MASS,0.0001271193511906,0.0,0.0,0.030145047785606,0.0075680417841991,274,6,Y
870,273_H2,1.2928184494112593e-05,7.092621672200039e-05,0.0002878896271346,0.0302061421651559,0.0076444715483766,274,6,Y
871,273_H3,4.110936519814658e-05,3.474086042842828e-06,0.0,0.0149760523153008,0.0037551589416354,274,6,Y
872,273_NCI,6.593036860224935e-05,5.619909870802076e-07,0.0,0.0675752566339579,0.0169104372483868,274,6,Y
873,274_H2,6.692601756798281e-05,0.0001281356962863,8.644340773549954e-05,0.1830200098537241,0.0458253787438284,275,CT/EC,I
874,274_MASS,0.0001514603862861,0.0,0.0,0.0289814004698683,0.0072832152140386,275,CT/EC,I
875,274_NCI,0.0001029571685125,2.2004431230016053e-05,0.0,0.10739806674423,0.0268807570859931,275,CT/EC,I
876,275_H2,0.0002122642662321,2.03911022254033e-05,0.0,0.0076286494135698,0.0019653261955068,276,CT/EC,F
877,275_MASS,0.0015244317202819,1.793637238733936e-05,0.0,0.1158093886758433,0.0293379391921281,276,CT/EC,F
878,275_NCI,0.0015292532763453,9.56976418819977e-06,0.0,0.1361649075336054,0.0344259326435347,276,CT/EC,F
879,276_H2,8.039474618818107e-05,2.2355126816364645e-07,0.0,0.2010749205295396,0.0502888847067489,277,CT/EC,T
880,276_NCI,7.993875247001674e-05,1.088041585717292e-06,0.0,0.0489687440644683,0.012262442714631,277,CT/EC,T
881,276_MASS,0.0002177843122543,4.6421999286394566e-05,5.831418594579637e-05,0.1215528052036739,0.0304688314252901,277,CT/EC,T
882,276_H3,4.74204403543473e-06,0.0,0.0,0.0743079268351097,0.0185781672197863,277,CT/EC,T
883,277_H2,0.0001142235652847,4.350008111941861e-06,0.0003618199353745,0.1414445655133086,0.0354812397555199,278,CT/EC,H
884,277_H3,2.047228243017704e-07,0.0,0.0,0.014050089510475,0.0035125735583248,278,CT/EC,H
885,277_NCI,5.150175691482234e-05,5.406949185271515e-06,0.0,0.0169112999680926,0.0042420521685481,278,CT/EC,H
886,278_H3,0.0001958318586773,5.054539542470593e-06,0.0,0.3364641409958447,0.0841662568485161,279,CT/EC,Q
887,278_MASS,0.033773581756241,0.0588497966527938,0.0368996212221013,0.0905684986225259,0.0550228745634155,279,CT/EC,Q
888,278_H2,0.0001326095170797,6.340540130622685e-05,0.0,0.044140903807672,0.0110842296815144,279,CT/EC,Q
889,278_NCI,0.0002068780402803,3.4360313293291256e-05,0.0004257721439019,0.1051553301059969,0.0264555851508681,279,CT/EC,Q
890,279_NCI,0.0082571640100323,2.244327333755791e-06,0.0,0.1906239234330605,0.0497208329426066,280,CT/EC,G
891,279_H2,0.0028260711428759,1.1973309483437332e-05,0.0,0.0014408439251335,0.0010697220943732,280,CT/EC,G
892,279_MASS,0.0017265005899705,4.7689786697446834e-06,0.0,0.1198117732212775,0.0303857606974794,280,CT/EC,G
893,279_H3,5.027358567728285e-06,0.0,0.0,0.2242655310558607,0.0560676396036071,280,CT/EC,G
894,280_H3,8.071353942651329e-06,9.071144631889185e-06,0.0,0.115344713216873,0.0288404639288618,281,CT/EC,S
895,280_MASS,5.598039407032489e-05,4.5315073293750174e-06,0.0,0.2012577719198882,0.0503295709553219,281,CT/EC,S
896,280_NCI,0.0001656237544387,0.0001042818548739,0.0,0.0191595712403454,0.0048573692124145,281,CT/EC,S
897,280_H2,0.0001182382641232,8.834159416437615e-06,0.0,0.0026809397762533,0.0007020030499482,281,CT/EC,S
898,281_MASS,0.0010157740798966,0.0001024059602059,0.0,0.0164636305029209,0.0043954526357558,282,CT/EC,D
899,281_NCI,0.0008623901290836,3.8368248169717845e-06,0.0020872748869853,0.1061376994468658,0.0272728003219379,282,CT/EC,D
900,281_H3,0.0002493030638626,0.0,0.0,0.1741959189287296,0.043611305498148,282,CT/EC,D
901,281_H2,0.0004786985056502,1.5069450455484912e-05,0.0005510995051095,0.1992934100974256,0.0500845693896602,282,CT/EC,D
902,282_MASS,2.8438858453944734e-05,0.0,0.0,0.0605829385179149,0.0151528443440922,283,CT/EC,F
903,282_H2,0.0001553752272299,0.0,0.0,0.0478960886895822,0.012012865979203,283,CT/EC,F
904,282_NCI,0.0001505415407761,0.0,0.0,0.1008621236744541,0.0252531663038075,283,CT/EC,F
905,283_NCI,6.430535052445589e-07,0.0,0.0,0.0058352522512897,0.0014589738261987,284,CT/EC,G
906,283_H3,6.430535052445589e-07,0.0,0.0,0.0058352522512897,0.0014589738261987,284,CT/EC,G
907,283_H2,0.0004271679779889,7.483410513486888e-07,7.675366036418177e-05,0.1369841675901037,0.034372209392377,284,CT/EC,G
908,283_MASS,0.0019478468618645,1.6028665413614362e-05,0.0,0.0110984602096929,0.0032655839342427,284,CT/EC,G
909,284_MASS,1.5953727849830775e-05,0.0,0.0,0.0789184868674525,0.0197336101488255,285,CT/EC,P
910,284_H2,8.480324445472057e-07,5.636387868435122e-06,0.0,0.0747022985538163,0.0186771957435323,285,CT/EC,P
911,284_H3,1.5436309968872928e-06,0.0,0.0,0.0061114245517247,0.0015282420456804,285,CT/EC,P
912,284_NCI,6.477386704971827e-06,5.098310680295981e-07,0.0,0.0677448101594932,0.0169379493443165,285,CT/EC,P
913,285_NCI,0.0004803798123217,3.148727773805149e-05,0.0,0.3761234306228483,0.094158824428227,286,CT/EC,I
914,285_MASS,0.0027649256261743,6.948859663680196e-06,0.0,0.0435882858001347,0.0115900400714931,286,CT/EC,I
915,285_H3,3.088842216791991e-05,0.0,0.0,5.65478751700272e-05,2.1859074334486776e-05,286,CT/EC,I
916,285_H2,0.4189662609127558,0.1744009256362915,0.4530687019532886,0.4038679228358179,0.3625759528345385,286,CT/EC,I
917,286_H2,0.0002609444669096,1.0509676940273494e-05,0.0,0.2410482277311484,0.0603299204687495,287,7,F
918,286_NCI,0.0002339041061099,1.4575073691958096e-05,0.0,0.3372007463036535,0.0843623063708638,287,7,F
919,286_H3,4.04098196800333e-05,0.0,0.0,0.0507371014535383,0.0126943778183045,287,7,F
920,287_NCI,1.50933798854091e-06,0.0,0.0,0.07135284708747,0.0178385891063646,288,7,M
921,287_H2,2.115755005773553e-06,1.3183966075303031e-05,0.0,0.1961924191287394,0.0490519297124551,288,7,M
922,288_MASS,7.141800327089957e-05,2.6189651180175133e-05,0.0,0.1140881638369562,0.0285464428728518,289,7,T
923,288_NCI,0.0001041177532856,3.7526451706071376e-06,0.0,0.2620771688877993,0.0655462598215639,289,7,T
924,288_H2,1.1087536530335006e-05,6.920274245203473e-06,0.0,0.0696640575983218,0.0174205163522743,289,7,T
925,288_H3,5.5644533688074215e-06,0.0021890846546739,0.0,0.4015143299963135,0.100927244776089,289,7,T
926,289_H2,1.6337221110118116e-05,6.01400415689568e-06,0.0,0.0567467427086934,0.0141922734834901,290,7,I
927,289_H3,0.0,0.0,0.0,0.1041554900948214,0.0260388725237053,290,7,I
928,289_MASS,4.1370423507069466e-05,1.732375153551402e-06,1.643572457661196e-05,0.0675502633128708,0.016902450459027,290,7,I
929,289_NCI,0.0001285301851916,8.964628364083183e-07,0.0,0.2340816800970184,0.0585527766862616,290,7,I
930,290_NCI,1.624139331316673e-05,2.10488838092715e-06,0.0,0.0141054278201439,0.0035309435254595,291,7,P
931,290_H3,4.526612743189963e-06,0.0,0.0,0.0906741253191934,0.0226696629829841,291,7,P
932,290_MASS,4.660394350493253e-05,0.000167428253917,0.0,0.1066769150508723,0.0267227368120735,291,7,P
933,291_H2,0.00294765135483,0.0002715973823796,0.0032901547996439,0.1945095747026655,0.0502547445598797,292,7,A
934,291_H3,0.0021044814819433,0.0,0.0005815110270129,0.824623166998598,0.2068272898768885,292,7,A
935,291_MASS,0.0018174433829513,8.0082891145139e-06,0.004115571518673,0.0654651378003634,0.0178515402477755,292,7,A
936,292_H2,0.0016989087591727,0.0019047296373173,0.0,0.0052573402198694,0.0022152446540898,293,7,F
937,292_H3,4.28625004766227e-06,1.6047255257944926e-06,0.0,0.003090066343492,0.0007739893297663,293,7,F
938,292_NCI,0.0006130242292351,2.702328129089437e-05,0.0038792275873384,0.1015461986531732,0.0265163684377594,293,7,F
939,292_MASS,0.0033455494449786,7.363138365690247e-07,0.0,0.0876537256720283,0.0227500028577108,293,7,F
940,293_MASS,2.644802252492115e-05,0.0,0.0,0.2076418511531922,0.0519170747939292,294,7,F
941,293_H2,1.8305546198633548e-05,0.0,0.0,0.2110985513769955,0.0527792142307985,294,7,F
942,293_NCI,1.2626130683805027e-05,1.893667302965696e-07,0.0,0.0542229225344119,0.0135589345079565,294,7,F
943,293_H3,2.7394499663295467e-09,0.0,0.0,0.1101733857066524,0.0275433471115256,294,7,F
944,294_MASS,1.4520788697289315e-06,0.0,0.0,0.1365727965864004,0.0341435621663175,295,7,A
945,294_NCI,0.0163476301717012,0.0022100664209574,0.0231202290301231,0.3145863105298412,0.0890660590381557,295,7,A
946,294_H2,1.9686370555018263e-06,1.1224532272535723e-06,0.0,0.1220615817578151,0.0305161682120244,295,7,A
947,294_H3,7.061986964560409e-06,0.0,0.0,0.1986065726220181,0.0496534086522456,295,7,A
948,296_MASS,0.0005114173993395,1.049088851345914e-07,0.0,0.0597261296851562,0.0150594129983452,297,7,T
949,296_NCI,0.0002820005502359,0.0005113047664053,0.0013397315053869,0.1323615296363154,0.0336236416145859,297,7,T
950,297_NCI,6.92354522042778e-05,1.1056857147195842e-05,0.0,0.034720713543686,0.0087002514632593,298,7,S
951,297_H2,0.0003242025843193,7.419233952532522e-06,0.0,0.1369145868792192,0.0343115521743727,298,7,S
952,297_H3,6.341610825097646e-05,1.1142852827106251e-06,3.125516807677334e-05,0.1337419660744074,0.0334594379090044,298,7,S
953,297_MASS,0.000109756921108,0.0001641201379243,0.0,0.0091233046309853,0.0023492954225044,298,7,S
954,298_NCI,3.408065738959198e-05,1.5776334976180806e-06,0.0,0.0238699603644057,0.0059764046638232,299,7,A
955,298_H2,0.0013763053671313,2.3629709176020697e-05,0.0,0.034803254853893,0.0090507974825501,299,7,A
956,298_H3,2.19221362288269e-05,0.0,0.0,0.0692261173775651,0.0173120098784484,299,7,A
957,298_MASS,2.862527466161695e-05,2.623710884108732e-07,0.0,0.0143718838180846,0.0036001928659586,299,7,A
958,299_NCI,0.0009672487269675,5.482598680828232e-06,0.0,0.1083563518213324,0.0273322707867452,300,7,V
959,299_H2,0.000299537020587,0.0069817812182009,0.000282180521513,0.1330805431074923,0.0351610104669483,300,7,V
960,299_H3,1.999511990163223e-09,0.0,0.0,0.0696900905964413,0.0174225231489883,300,7,V
961,299_MASS,7.32551982549017e-05,0.0,0.002823021010769,0.0835152602089948,0.0216028841045047,300,7,V
962,300_NCI,2.462560268168948e-05,0.0,0.0,0.0972134269168949,0.0243095131298941,301,7,Y
963,300_H2,2.37175067422589e-05,6.625464720855234e-06,0.0,0.0556180327699468,0.0139120939353525,301,7,Y
964,300_H3,1.560835501972171e-05,0.0,0.0,0.08237709680717,0.0205981762905474,301,7,Y
965,300_MASS,2.2348285800430648e-05,0.0,0.0,0.0813996171686177,0.0203554913636045,301,7,Y
966,301_NCI,2.705686973294676e-05,0.0,0.0,0.0392158667102484,0.0098107308949953,302,7,N
967,301_H2,6.541665390997414e-06,1.3600402780866716e-05,0.0,0.1112553828132987,0.0278188812203676,302,7,N
968,301_H3,1.2258245041223894e-07,0.0,0.0,0.0030775797767432,0.0007694255897984,302,7,N
969,302_MASS,6.652000206950514e-07,0.0,0.0,0.0103280936195244,0.0025821897048862,303,7,P
970,302_NCI,6.536673688803863e-07,9.073427804651146e-07,0.0,0.0758526576312292,0.0189635546603446,303,7,P
971,302_H2,3.512303573071538e-06,0.0,0.0,0.0426832512153633,0.0106716908797341,303,7,P
972,303_MASS,6.812368969594652e-05,0.0,0.0,0.0366895319198319,0.0091894139023819,304,7,V
973,303_NCI,7.861988848362179e-05,1.182819323730655e-05,0.0,0.0994409851010404,0.0248828582956903,304,7,V
974,303_H2,3.904712957799389e-05,1.700723601061327e-06,0.0,0.1114259310696722,0.0278666697307128,304,7,V
975,303_H3,0.0002280489237173,0.0,0.0,0.1151798613850556,0.0288519775771932,304,7,V
976,304_NCI,3.625256068102805e-05,0.0,0.0,0.1544879286872449,0.0386310453119814,305,7,I
977,304_H2,8.860772498530646e-07,0.0,0.0,0.0258843884699484,0.0064713186367995,305,7,I
978,306_H3,5.125110585818185e-06,0.0001174990684376,0.0,0.0295412336365958,0.0074159644539048,307,7,I
979,306_H2,4.621569075150323e-06,7.877511052356567e-06,0.0,0.003761418408693,0.0009434793722051,307,7,I
980,306_MASS,6.231607997528283e-06,0.0,0.0,0.029388700465047,0.0073487330182611,307,7,I
981,306_NCI,7.168756819234546e-05,0.0,0.0,0.0621722292067801,0.0155609791937431,307,7,I
982,307_H3,0.0002879288773031,0.0,0.0,0.0383155287897829,0.0096508644167715,308,7,M
983,307_H2,8.275465655770012e-05,0.0002858722582459,0.0,0.1557681373798538,0.0390341910736643,308,7,M
984,307_MASS,3.5492299176499673e-05,5.709909601137042e-06,0.0,0.1415221653140508,0.0353908418807071,308,7,M
985,307_NCI,1.3722034942604242e-05,8.889833225111943e-07,0.0,0.0673053640366054,0.0168299937637176,308,7,M
986,308_NCI,3.6376290881001535e-05,7.471237950085197e-06,0.0,0.0084233359647056,0.0021167958733841,309,CT/EC,M
987,310_H3,2.849398598350569e-05,0.0,0.0,0.0905290759195057,0.0226393924763723,311,CT/EC,K
988,310_MASS,1.8916457251821724e-06,0.0,0.0,0.0272704024239423,0.0068180735174168,311,CT/EC,K
989,310_NCI,1.0535296275570676e-05,0.0,0.0,0.0638876484081716,0.0159745459261117,311,CT/EC,K
990,311_MASS,7.334031691996951e-06,0.0,0.0,0.0131981864308273,0.0033013801156298,312,CT/EC,Q
991,311_H3,4.274341307587549e-06,0.0,0.0,0.1117899835866943,0.0279485644820004,312,CT/EC,Q
992,311_NCI,5.610871652760813e-05,1.29197886167276e-07,0.0,0.0022149242755318,0.0005677905474864,312,CT/EC,Q
993,313_MASS,1.1767082060486567e-05,0.0,0.0,0.0480217208862135,0.0120083719920685,314,CT/EC,R
994,313_H3,2.928280992667055e-06,0.0,0.0,0.0303935295140096,0.0075991144487505,314,CT/EC,R
995,313_H2,1.0039112914456274e-06,3.191497910393082e-07,0.0,0.1184721942084445,0.0296183793173817,314,CT/EC,R
996,313_NCI,1.6803999167060372e-07,0.0,0.0,0.0051695918027821,0.0012924399606934,314,CT/EC,R
997,314_MASS,8.650730187262052e-05,1.3505538163371966e-06,0.0,0.1292904971369074,0.0323445887481491,315,CT/EC,N
998,314_H3,9.2246671091076e-06,0.0,0.0,0.1548745779800316,0.0387209506617851,315,CT/EC,N
999,314_H2,3.370157387205438e-05,4.381823600851931e-06,0.0,0.0016025622398838,0.0004101614093392,315,CT/EC,N
1000,314_NCI,1.0721721763899084e-05,3.012331944773905e-06,0.0,0.0964658892715734,0.0241199058313205,315,CT/EC,N
1001,316_MASS,6.908333855618642e-05,0.0,0.0,0.066552795073085,0.0166554696029102,317,CT/EC,M
1002,316_H3,0.0001003825127747,0.0,0.0,0.0982060994948433,0.0245766205019045,317,CT/EC,M
1003,316_H2,1.704713676676761e-05,0.0,0.0,0.0882070400240864,0.0220560217902132,317,CT/EC,M
1004,316_NCI,8.025184118109094e-05,0.0,0.0,0.063998632048417,0.0160197209723995,317,CT/EC,M
1005,317_NCI,0.000314862704882,0.0003799715195782,0.0,0.2450420500341545,0.0614342210646537,318,CT/EC,V
1006,317_H3,3.859950067045899e-07,2.972476977447513e-06,0.0,0.086293180669305,0.0215741347853223,318,CT/EC,V
1007,317_H2,0.0001173803836774,3.351468330947682e-05,0.000358704252934,0.0648502272400128,0.0163399566399834,318,CT/EC,V
1008,317_MASS,0.0001538297208891,3.635411530922283e-06,0.0,0.0123886198706476,0.0031365212507669,318,CT/EC,V
1009,318_NCI,0.000724837059788,3.474502818789915e-06,1.5320175295241043e-05,0.1062122905991594,0.0267389805842653,319,CT/EC,T
1010,318_H2,0.0001650464881233,8.696181612322107e-05,0.0,0.0050373489629867,0.0013223393168083,319,CT/EC,T
1011,318_H3,9.634843492818316e-06,2.613958167785313e-05,0.0,0.0315327405581611,0.0078921287458329,319,CT/EC,T
1012,318_MASS,3.929121223482884e-05,6.427962517818743e-08,0.0,0.1401135966755881,0.035038238041862,319,CT/EC,T
1013,319_NCI,2.8139337816432294e-05,4.042669388581999e-06,0.0,0.0095169646114373,0.0023872866546605,320,CT/EC,T
1014,319_H2,0.0002025153402323,7.543560059275478e-06,0.0,0.0022359892173069,0.0006115120293996,320,CT/EC,T
1015,319_H3,3.660978957933279e-05,5.860589953954332e-05,0.0,0.2809756877714104,0.0702677258651323,320,CT/EC,T
1016,319_MASS,0.0018651549105097,0.0,0.0,0.0379157696835771,0.0099452311485217,320,CT/EC,T
1017,320_MASS,1.6246486424331244e-05,0.0,0.0031421743457448,0.0454219353004278,0.0121450890331492,321,CT/EC,L
1018,320_H2,0.0004900101488563,0.0069767264649271,0.0029359258367386,0.0682845676696677,0.0196718075300474,321,CT/EC,L
1019,320_NCI,0.0010941304228274,0.0,0.0010643678546986,0.2345444223930429,0.0591757301676422,321,CT/EC,L
1020,321_MASS,2.549670388893234e-05,1.097683934858651e-06,6.142376550038052e-05,0.1255491561244287,0.0314092935694382,322,CT/EC,C
1021,321_H2,0.0003149107221941,0.0,0.0,0.0280976663775305,0.0071031442749311,322,CT/EC,C
1022,321_H3,9.837836295080273e-05,0.0,0.0,0.1258504209951686,0.0314871998395298,322,CT/EC,C
1023,321_NCI,3.9829461823652834e-05,0.0001878522889455,0.0,0.1776118291516859,0.0444598777256138,322,CT/EC,C
1024,322_MASS,0.0001551220558277,0.0010357910068705,0.0016749445922036,0.1898082244439582,0.048168520524715,323,CT/EC,C
1025,322_H2,0.001684764249617,0.0114829763770103,0.0034954590507616,0.1488830095068872,0.041386552296069,323,CT/EC,C
1026,322_H3,7.1622590236943605e-06,0.0,0.0,0.1484608716167899,0.0371170084689534,323,CT/EC,C
1027,322_NCI,6.472497591961488e-05,8.495973702338233e-07,0.0,0.0088176065944768,0.0022207952919416,323,CT/EC,C
1028,323_MASS,0.0012390760718043,0.0001403500646119,0.0001890453559611,0.0962585070703812,0.0244567446406896,324,CT/EC,G
1029,323_H2,0.0004391928331347,0.0029045350383967,0.0,0.0090397007067611,0.0030958571445731,324,CT/EC,G
1030,323_H3,0.002048723803635,0.0,0.0076300534906052,0.3141219634823801,0.080950185194155,324,CT/EC,G
1031,323_NCI,0.0003773508364709,5.617982424155343e-06,3.010552379333764e-05,0.1119043352907243,0.0280793524083531,324,CT/EC,G
1032,324_MASS,8.983506209847961e-05,1.93347004824318e-05,0.0,0.1140193966952262,0.0285321416144517,325,CT/EC,K
1033,324_H2,5.7361999267711486e-05,5.323196091922e-06,0.0,0.1020680229076148,0.0255326770257436,325,CT/EC,K
1034,324_H3,8.129620369336341e-05,4.831532805837924e-06,0.0003558053793213,0.3711614129317873,0.0929008365119019,325,CT/EC,K
1035,324_NCI,0.0002517103608607,4.750969674205408e-05,0.0002578952419586,0.1268319796587064,0.0318472737395669,325,CT/EC,K
1036,325_MASS,0.0004988510266883,9.080471500055864e-06,0.0001854570371813,0.176526803808733,0.0443050480860256,326,CT/EC,N
1037,325_H2,4.7283687231048606e-05,8.257603667516378e-07,6.859410837123199e-05,0.1222051947914811,0.0305804745868625,326,CT/EC,N
1038,325_H3,1.8756421610774465e-05,0.0,0.0,0.1371402311869353,0.0342897469021365,326,CT/EC,N
1039,325_NCI,5.995098403968979e-06,0.0,0.0002908905606038,0.1753653477647747,0.0439155583559456,326,CT/EC,N
1040,326_MASS,2.8156853571077185e-05,0.0,0.0,0.068387124816195,0.0171038204174415,327,CT/EC,P
1041,326_H2,0.0001028387682158,6.937326543265954e-05,0.0,0.0394163576044225,0.0098971424095177,327,CT/EC,P
1042,326_H3,8.435071930683897e-06,0.0,0.0,0.0756984537737384,0.0189267222114172,327,CT/EC,P
1043,326_NCI,4.780587162194008e-06,1.6896072338568047e-05,0.0,0.0209550282796523,0.0052441762347882,327,CT/EC,P
1044,327_MASS,3.696483412278795e-06,0.0,0.0,0.0429456712975531,0.0107373419452413,328,CT/EC,L
1045,327_H2,1.127175919526543e-05,8.511822670698166e-06,0.0,0.139495804008178,0.0348788968975109,328,CT/EC,L
1046,327_H3,0.0001694115520092,0.0,0.0,0.006956599493987,0.001781502761499,328,CT/EC,L
1047,327_NCI,2.630863785436135e-05,2.238226807094179e-05,0.0,0.084961279136779,0.021252492510676,328,CT/EC,L
1048,328_MASS,1.1674824144097094e-05,2.633348776726052e-05,0.0,0.0274643739513017,0.0068755955658032,329,CT/EC,G
1049,328_H2,2.449094740979501e-05,2.0847563064307902e-05,9.009234520052422e-05,0.1875897338215488,0.0469312911693058,329,CT/EC,G
1050,328_H3,1.2554369642802713e-06,0.0,0.0,0.0450759546055507,0.0112693025106287,329,CT/EC,G
1051,328_NCI,2.418313177879064e-05,0.0,0.0,0.0232672969065174,0.005822870009574,329,CT/EC,G
1052,329_MASS,9.810560886848974e-05,0.0,0.0,0.0606849519237066,0.0151957643831437,330,CT/EC,D
1053,329_H2,0.0001034586337596,9.678663627710192e-05,0.0,0.1445733618309011,0.0361934017752344,330,CT/EC,D
1054,329_H3,5.999421457376568e-06,0.0,0.0,0.078844253357556,0.0197125631947533,330,CT/EC,D
1055,329_NCI,7.240555606625646e-05,1.71480805875035e-05,0.0,0.0010259781733728,0.0002788829525066,330,CT/EC,D
1056,330_H2,5.3799315234676834e-05,0.0,1.1172621617376924e-05,0.1795644428283742,0.0449073536913065,331,CT/EC,D
1057,330_MASS,6.363428276391732e-05,1.0688236216083167e-05,6.422234050586638e-05,0.1019058727111254,0.0255111043926528,331,CT/EC,D
1058,330_H3,2.6952841933570164e-07,0.0,0.0,0.0151827271809839,0.0037957491773508,331,CT/EC,D
1059,331_H2,1.1000338081767984e-05,4.874802471022122e-06,1.9026145025882852e-06,0.0461136534653449,0.0115328578051,332,CT/EC,E
1060,331_H3,3.79083785194053e-06,0.0,0.0,0.031319570635108,0.0078308403682399,332,CT/EC,E
1061,331_NCI,0.0001915136344638,6.901091182953678e-06,1.5261948659610084e-05,0.2050443267857811,0.0513145008650218,332,CT/EC,E
1062,332_H2,0.0003522178316005,0.0003041475720237,1.342615459470119e-05,0.0051579572128585,0.0014569371927694,333,CT/EC,A
1063,332_H3,2.7862571280984885e-05,4.503732270677574e-06,0.0,0.0628474317726503,0.0157199495190505,333,CT/EC,A
1064,332_MASS,0.0001872743009205,7.903335063019767e-05,0.0,0.1156772919119045,0.0289858998908638,333,CT/EC,A
1065,332_NCI,0.000222942484463,3.0363693440449424e-05,0.0,0.145224064163551,0.0363693425853636,333,CT/EC,A
1066,333_H3,8.386952321878412e-06,0.0,0.0,0.1147992042489287,0.0287018978003126,334,CT/EC,S
1067,333_H2,3.231509609488438e-05,3.811632950601052e-06,0.0,0.1525339663551465,0.0381425232710479,334,CT/EC,S
1068,333_MASS,7.277531115993702e-05,2.299218749612919e-06,0.0,0.0621220313262055,0.0155492764640287,334,CT/EC,S
1069,333_NCI,0.0001182675702681,1.5104459635040255e-05,0.0,0.2698462965666289,0.067494917149133,334,CT/EC,S
1070,334_H3,6.104104903054819e-06,2.1574567654170096e-05,0.0,0.1656589349764185,0.0414216534122439,335,CT/EC,T
1071,334_H2,0.0001079391776282,4.918553531751968e-05,0.0,0.094702475727199,0.0237149001100362,335,CT/EC,T
1072,334_MASS,0.0001183802049684,6.785927325836383e-06,0.0,0.0386689818517188,0.0096985369960032,335,CT/EC,T
1073,334_NCI,0.000932547493104,0.0005045394646003,0.0,0.0786897163567697,0.0200317008286185,335,CT/EC,T
1074,335_H3,1.1453128036883893e-05,0.0,0.0,0.0576097427095382,0.0144052989593937,NA,NA,-
1075,335_H2,0.0001957383047255,4.588824594975449e-05,0.0,0.1420049256043866,0.0355616380387654,NA,NA,-
1076,335_MASS,5.721077569565936e-05,0.0,0.0001949592082936,0.0171597053595743,0.0043529688358909,NA,NA,-
1077,335_NCI,2.2897049039353705e-05,9.52536538534332e-06,0.0002983248026939,0.0329467814851555,0.0083193821755685,NA,NA,-
1078,336_H3,9.307611097986472e-05,0.0,0.0,0.1324379058933106,0.0331327455010726,NA,NA,-
1079,336_H2,0.0004180688735887,0.0001010641353786,0.0,0.0687212106139656,0.0173100859057332,NA,NA,-
1080,336_MASS,0.0002154532215519,1.515748863312183e-05,0.0,0.0469106875901531,0.0117853245750845,NA,NA,-
1081,336_NCI,0.0003829815883911,2.206856879638508e-05,0.000212364428944,0.0485519121987846,0.012292331696229,NA,NA,-
1082,337_H3,7.073607006956525e-06,0.0,0.0,0.0737015688373046,0.0184271606110778,336,CT/EC,T
1083,337_H2,0.0001690898973757,5.821570448460989e-05,0.0,0.089024415737759,0.0223129303349048,336,CT/EC,T
1084,338_MASS,0.0006119968964072,4.193341283098562e-06,0.0,0.0292043685380416,0.0074551396939329,337,CT/EC,V
1085,338_H2,0.0013041254271189,0.0002172000531572,0.001733548350089,0.334412602592063,0.084416869105607,337,CT/EC,V
1086,338_H3,0.0004635524087638,1.962229418950301e-07,0.0,0.1629976483138081,0.0408653492363784,337,CT/EC,V
1087,338_NCI,0.0011097193701252,3.753575583687052e-07,0.0,0.0246077350065702,0.0064294574335634,337,CT/EC,V
1088,339_MASS,0.0001187575011526,0.0004132366739213,0.0016783672322502,0.1343479876946418,0.0341395872754915,338,CT/EC,S
1089,339_H2,7.626877660180657e-05,1.2892998711322434e-05,0.0,0.1488802956052428,0.0372423643451389,338,CT/EC,S
1090,339_H3,4.6956107991336565e-05,6.265619595069438e-05,0.0,0.118755784839342,0.029716349285821,338,CT/EC,S
1091,339_NCI,0.0002193802251717,3.810378620983101e-05,0.0,0.1438423656616663,0.0360249624182619,338,CT/EC,S
1092,340_MASS,5.434982990710227e-05,0.0010762049350887,0.0,0.085164668586684,0.0215738058379199,339,CT/EC,K
1093,340_H2,0.0002001415351507,7.383226829915657e-07,0.0,0.0416913733444504,0.010473063300571,339,CT/EC,K
1094,340_H3,7.830726030597192e-05,0.0002203391632065,0.0,0.1056563978608649,0.0264887610710943,339,CT/EC,K
1095,340_NCI,0.0001326240918053,0.0001947044365806,8.111434530587346e-05,0.1375359445276437,0.0344860968503339,339,CT/EC,K
1096,341_MASS,2.4478103336248228e-05,0.0,0.0,0.0004233827062428,0.0001119652023947,340,CT/EC,T
1097,341_H2,2.2139984323003923e-05,0.0003784486034419,0.0,0.0142560773883428,0.0036641664940269,340,CT/EC,T
1098,341_H3,2.971704993960373e-05,2.0149303736616278e-07,0.0,0.0159866889164768,0.0040041518648634,340,CT/EC,T
1099,341_NCI,3.791288536168951e-05,0.0002544008893892,0.0005712330420606,0.2101337622067958,0.0527493272559018,340,CT/EC,T
1100,342_NCI,8.183658466640328e-05,1.28534302348271e-05,0.0,0.0222365963023527,0.0055828215793135,341,CT/EC,E
1101,342_H2,4.973823088685092e-05,7.563481631223112e-06,4.362497329619864e-05,0.0357450153259639,0.0089614855029445,341,CT/EC,E
1102,343_H3,7.562823276118149e-06,4.245693344273605e-05,0.0,0.0146867860908814,0.0036842014619,NA,NA,-
1103,343_H2,1.9021770550221e-05,1.1151301038125895e-07,0.0,0.1146623636936519,0.0286703742443031,NA,NA,-
1104,343_MASS,0.0001755819745024,0.0,0.0,0.0066961286548628,0.0017179276573413,NA,NA,-
1105,344_NCI,0.0001193881174461,1.5500819472435978e-06,9.608637803430469e-06,0.2029816089857381,0.0507780389557337,NA,NA,-
1106,344_H2,2.2910745902523963e-05,1.889754094008822e-05,0.0003548073501175,0.2351158991192411,0.0588781286890503,NA,NA,-
1107,344_H3,0.0001091267589191,5.3354783631220926e-06,0.0,0.0291090937098534,0.0073058889867839,NA,NA,-
1108,344_MASS,0.0001021259209517,0.0001245143066626,0.0001417896031602,0.0820337233232503,0.0206005382885062,NA,NA,-
1109,345_NCI,0.0003128410628664,5.692375270882621e-05,0.0002870230890161,0.0588383447704554,0.0148737831687617,NA,NA,-
1110,345_H2,0.0003227963878383,1.5131943655433132e-05,0.0,0.0696039222742073,0.0174854626514252,NA,NA,-
1111,345_H3,3.147283565321419e-05,6.034074999661243e-07,0.0,0.010572597380741,0.0026511684059735,NA,NA,-
1112,345_MASS,0.0002717728512648,0.0,0.0,0.1164324117069399,0.0291760461395512,NA,NA,-
1113,346_H2,1.5558904071133794e-06,0.0,0.0,0.0420682421525108,0.0105174495107294,NA,NA,-
1114,346_H3,6.353467730213656e-06,0.0,0.0,0.1233330934546423,0.0308348617305931,NA,NA,-
1115,346_NCI,1.6045176603801776e-05,1.9849243471981023e-05,0.0,0.2371994974311782,0.0593088479628135,NA,NA,-
1116,346_MASS,6.820596410075188e-05,0.0,0.0,0.0925139900415805,0.0231455490014203,NA,NA,-
1117,347_H2,0.0001704743132884,3.722958717844449e-05,0.0,0.0542134326885043,0.0136052841472427,NA,NA,-
1118,347_H3,4.1796853097038464e-05,0.0003976168227382,0.0,0.1816440216798043,0.0455208588389099,NA,NA,-
1119,347_MASS,4.2070279641826414e-05,3.754531644517556e-05,0.0,0.0382970460040731,0.00959416540004,NA,NA,-
1120,347_NCI,0.0002051189789696,0.0,0.0002456328935521,0.056787210006168,0.0143094904696724,NA,NA,-
1121,348_H3,3.990644461566474e-05,1.4738872096131672e-06,0.0,0.1659465918150275,0.0414969930367132,342,CT/EC,T
1122,348_H2,0.0004221520763029,1.2097462786186952e-05,0.0006782499826044,0.028420060031581,0.0073831398883186,342,CT/EC,T
1123,348_MASS,5.035138004828768e-05,0.0006530605605803,0.0,0.0618206433830297,0.0156310138309145,342,CT/EC,T
1124,348_NCI,0.0002390770545496,0.0,0.0,0.2239936840357189,0.0560581902725671,342,CT/EC,T
1125,349_H2,0.0001954300896065,1.401062309014378e-05,0.0,0.2377978350076941,0.0595018189300977,343,CT/EC,S
1126,350_H2,4.9809065136074896e-05,6.815722736064345e-05,0.0,0.2765647900795556,0.069170689093013,344,CT/EC,Q
1127,350_MASS,5.999593283318103e-05,1.8056089174933727e-06,0.0,0.2395324028464671,0.0598985510970544,344,CT/EC,Q
1128,350_NCI,2.20608485149514e-05,3.4959982713189675e-06,0.0,0.0206730166422195,0.0051746433722514,344,CT/EC,Q
1129,351_NCI,2.699727605244298e-05,0.0,0.0,0.0191253173087203,0.0047880786461931,345,CT/EC,V
1130,352_H2,0.0003578964720962,0.0002119103592121,2.4862868506447218e-05,0.0636214841141425,0.0160540384534893,346,CT/EC,A
1131,352_NCI,0.0004121679537955,1.080379752238514e-05,0.0,0.122455498551978,0.0307196175758239,346,CT/EC,A
1132,353_H3,4.9193532089580006e-06,1.2084384252375456e-05,0.0,0.0521044208235098,0.0130303561402428,347,CT/EC,P
1133,353_NCI,3.2875392708537607e-06,7.123504133232927e-07,0.0,0.0474530524266447,0.0118642630790822,347,CT/EC,P
1134,353_MASS,4.9193532089580006e-06,1.2084384252375456e-05,0.0,0.0521044208235098,0.0130303561402428,347,CT/EC,P
1135,354_H2,0.0001445061531597,1.2015892934869044e-05,7.73509339754186e-07,0.250024285895232,0.0625453953626666,348,CT/EC,A
1136,354_H3,1.0988741514002727e-05,0.0,0.0,0.1581144925485949,0.0395313703225272,348,CT/EC,A
1137,354_NCI,1.9940237718807515e-05,3.460259279108868e-07,0.0,0.0467388545065253,0.011689785192543,348,CT/EC,A
1138,354_MASS,0.0001647632253349,0.0,0.0,0.0770599784531991,0.0193061854196335,348,CT/EC,A
