Base Model R^2	MAE	MAPE	SQE	RSQE
0.9649861444294126	5.756590741796681	0.013236396924898705	122.71072331872485	11.077487229454379