Base Model R^2	MAE	MAPE	SQE	RSQE
0.9991450091687107	1.0602199311201337	0.002228908409759579	2.491506209701984	1.5784505724608497