,R2,MAE,MSE,RMSE,MAPE
gbr,0.8939742309827452,9.82072167357277,321.2522537720571,17.492102339117075,0.021488005364903938
rf,0.8907148149398619,9.742554879879881,333.87810617845344,17.796136498090533,0.02144802354854571
xgb,0.876389745201649,9.590385349949559,382.9106762658838,19.001347082210536,0.021209593333540996
