Base Model R^2	MAE	MAPE	SQE	RSQE
0.8920654609438793	5.572229883415965	0.010319548980987128	86.69193384595856	9.310850328834556