Base Model R^2	MAE	MAPE	SQE	RSQE
0.9017884625791933	9.44132751073375	0.01756464096523664	179.914412454072	13.413217826236625Base Model R^2	MAE	MAPE	SQE	RSQE
0.9017884625791933	9.44132751073375	0.01756464096523664	179.914412454072	13.413217826236625