Base Model R^2	MAE	MAPE	SQE	RSQE
0.9839949711024748	6.675342587565604	0.015158755459198543	114.10304932178325	10.681902888614147Base Model R^2	MAE	MAPE	SQE	RSQE
0.9839949711024748	6.675342587565604	0.015158755459198543	114.10304932178325	10.681902888614147Base Model R^2	MAE	MAPE	SQE	RSQE
0.9839949711024748	6.675342587565604	0.015158755459198543	114.10304932178325	10.681902888614147Base Model R^2	MAE	MAPE	SQE	RSQE
0.9839949711024748	6.675342587565604	0.015158755459198543	114.10304932178325	10.681902888614147Base Model R^2	MAE	MAPE	SQE	RSQE
0.9839949711024748	6.675342587565604	0.015158755459198543	114.10304932178325	10.681902888614147