Base Model R^2	MAE	MAPE	SQE	RSQE
0.9689162911009934	7.994384568377681	0.01806565762195938	230.35665596776073	15.177504932226533Base Model R^2	MAE	MAPE	SQE	RSQE
0.9689162911009934	7.994384568377681	0.01806565762195938	230.35665596776073	15.177504932226533Base Model R^2	MAE	MAPE	SQE	RSQE
0.9689162911009934	7.994384568377681	0.01806565762195938	230.35665596776073	15.177504932226533Base Model R^2	MAE	MAPE	SQE	RSQE
0.9689162911009934	7.994384568377681	0.01806565762195938	230.35665596776073	15.177504932226533Base Model R^2	MAE	MAPE	SQE	RSQE
0.9689162911009934	7.994384568377681	0.01806565762195938	230.35665596776073	15.177504932226533Base Model R^2	MAE	MAPE	SQE	RSQE
0.9689162911009934	7.994384568377681	0.01806565762195938	230.35665596776073	15.177504932226533Base Model R^2	MAE	MAPE	SQE	RSQE
0.9689162911009934	7.994384568377681	0.01806565762195938	230.35665596776073	15.177504932226533