Base Model R^2	MAE	MAPE	SQE	RSQE
0.9392590131775204	10.076588798682472	0.021460972310930235	365.42742310010016	19.11615607542741Base Model R^2	MAE	MAPE	SQE	RSQE
0.9392590131775204	10.076588798682472	0.021460972310930235	365.42742310010016	19.11615607542741Base Model R^2	MAE	MAPE	SQE	RSQE
0.9392590131775204	10.076588798682472	0.021460972310930235	365.42742310010016	19.11615607542741Base Model R^2	MAE	MAPE	SQE	RSQE
0.9392590131775204	10.076588798682472	0.021460972310930235	365.42742310010016	19.11615607542741Base Model R^2	MAE	MAPE	SQE	RSQE
0.9392590131775204	10.076588798682472	0.021460972310930235	365.42742310010016	19.11615607542741