,R2,MAE,MSE,RMSE,MAPE
rf,0.9783925098446831,5.130007625183344,81.46142013118103,8.912522023827828,0.011364414967130924
gbr,0.9776516634901261,6.073457453279836,84.78522472261146,9.113631890673329,0.013628691080114335
xgb,0.9772011031251365,5.146847290258417,86.55185205773417,9.138297685511006,0.011447659907486927
