Base Model R^2	MAE	MAPE	SQE	RSQE
0.9257923057238835	2.4459827505574334	0.004942730526106135	14.436251751949627	3.799506777458046