,R2,MAE,MSE,RMSE,MAPE,SD,ASD
gbr,0.8837596479316611,13.830292577416582,513.8138911098092,21.62885889120313,0.030114523270341153,22.63125876727998,17.940874588064815
