,R2,MAE,MSE,RMSE,MAPE,SD,ASD
xgb,0.9205994461939284,8.693526347850536,232.30003047213603,14.590460449855453,0.01883035913728016,15.242264505328416,12.523606867114918
