,Species,Opsin_Family,Accession,Lambda_Max,Prediction,Difference
S71,Verasper_variegatus,SWS2,A0A1L7P082,416.0,421.78119104118275,5.781191041182751
S51,Cavia_porcellus,SWS1,AY552608,420.0,421.87403032971645,1.8740303297164473
S12,Columba_livia,SWS1,AH007798.2,393.0,380.8465175217913,-12.153482478208673
S106,swsanc1_sp.,UVS,swsanc1,361.0,359.861586353803,-1.138413646197023
S50,Geotria_australis,SWS2,AY366492,439.0,404.797298635731,-34.20270136426899
S16,Homo_sapiens,SWS1,AH003620.2,414.0,413.62460586597336,-0.37539413402663513
S46,Poecilia_reticulata,SWS2-A,LC127188,438.0,434.9600550037955,-3.039944996204497
S21,Notamacropus_eugenii,SWS1,AY286017.1,420.0,372.079387990309,-47.92061200969101
S136,swsanc5'_sp.,UVS,swsanc5',393.0,377.2734723072026,-15.72652769279739
S75,Poecilia_reticulata,SWS2,A0A140JTJ5,408.0,406.37641563527364,-1.623584364726355
S70,Verasper_variegatus,SWS2,A0A1L7P076,485.0,453.13836783635406,-31.861632163645936
S29,Carassius_auratus,SWS2,L11864,443.0,443.7576925863059,0.7576925863058932
S9,Ambystoma_tigrinum,SWS1,AF038948.1,356.0,357.30705063453456,1.307050634534562
S1,Cottus_gobio,SWS2,AJ430489.1,463.0,459.11936696561673,-3.8806330343832656
S14,Gallus_gallus,SWS1,M92039.1,415.0,409.85457413654814,-5.145425863451862
S34,Taeniopygia_guttata,SWS,AF222331,359.0,365.1993362984053,6.199336298405285
S110,swsanc5_sp.,UVS,swsanc5,360.0,367.24332543300983,7.243325433009829
S8,Xenopus_laevis,SWS1,NM_001085652.1,423.0,392.7082916367497,-30.29170836325028
S31,Columba_livia,SWS2,AH007799.2,448.0,449.18610749966723,1.18610749966723
S73,Paralichthys_olivaceus,SWS2,D7RP09,466.0,445.37820273748036,-20.621797262519635
S55,Anolis_carolinensis,SWS1,AH007736,360.0,357.5665157355872,-2.4334842644128116
S104,Metriaclima_zebra,SWS2,DQ088649,423.0,417.15112723357396,-5.848872766426041
S80,Danio_rerio,SWS2,Q9W6A8,416.0,416.6487260487465,0.6487260487464823
S69,Bos_taurus,SWS1,U92557.1,435.0,386.05089588901546,-48.949104110984536
S81,Carassius_auratus,SWS2,L11864.1,443.0,443.7576925863059,0.7576925863058932
