Base Model R^2	MAE	MAPE	SQE	RSQE
0.788	11.638738838922773	0.029217308270393927	353.7104481919494	18.8071913956324