,Species,Opsin_Family,Accession,Lambda_Max,Prediction,Difference
S402,Verasper_variegatus,SWS2,A0A1L7P082,416.0,428.29795010306685,12.297950103066853
S325,Cavia_porcellus,SWS1,AY552608,420.0,424.0221279565947,4.022127956594716
S231,Columba_livia,SWS1,AH007798.2,393.0,382.3481937104244,-10.651806289575575
S487,swsanc1_sp.,UVS,swsanc1,361.0,359.9417337209614,-1.0582662790386053
S322,Geotria_australis,SWS2,AY366492,439.0,417.0616455191742,-21.938354480825808
S235,Homo_sapiens,SWS1,AH003620.2,414.0,422.6571830240658,8.657183024065773
S317,Poecilia_reticulata,SWS2-A,LC127188,438.0,432.4881982620992,-5.511801737900782
S240,Notamacropus_eugenii,SWS1,AY286017.1,420.0,407.06233516378217,-12.937664836217834
S517,swsanc5'_sp.,UVS,swsanc5',393.0,377.86171284036476,-15.13828715963524
S406,Poecilia_reticulata,SWS2,A0A140JTJ5,408.0,405.3316182326081,-2.6683817673919066
S401,Verasper_variegatus,SWS2,A0A1L7P076,485.0,449.8610393910986,-35.138960608901414
S276,Carassius_auratus,SWS2,L11864,443.0,443.04772289808034,0.04772289808033747
S228,Ambystoma_tigrinum,SWS1,AF038948.1,356.0,360.4758663078674,4.47586630786742
S202,Cottus_gobio,SWS2,AJ430489.1,463.0,460.11232107964554,-2.8876789203544604
S233,Gallus_gallus,SWS1,M92039.1,415.0,410.32813056669573,-4.671869433304266
S299,Taeniopygia_guttata,SWS,AF222331,359.0,366.509666816324,7.509666816324
S491,swsanc5_sp.,UVS,swsanc5,360.0,360.77800273898055,0.7780027389805468
S227,Xenopus_laevis,SWS1,NM_001085652.1,423.0,408.18531879661765,-14.81468120338235
S278,Columba_livia,SWS2,AH007799.2,448.0,449.3090691156834,1.3090691156834282
S404,Paralichthys_olivaceus,SWS2,D7RP09,466.0,450.25761409484966,-15.742385905150343
S329,Anolis_carolinensis,SWS1,AH007736,360.0,357.8582535337807,-2.1417464662192742
S447,Metriaclima_zebra,SWS2,DQ088649,423.0,429.7781745584036,6.7781745584035775
S411,Danio_rerio,SWS2,Q9W6A8,416.0,416.7263534503617,0.7263534503617279
S358,Bos_taurus,SWS1,U92557.1,435.0,429.707604132168,-5.292395867831999
S412,Carassius_auratus,SWS2,L11864.1,443.0,443.04772289808034,0.04772289808033747
