Base Model R^2	MAE	MAPE	SQE	RSQE
0.914	7.889764832929543	0.018971737518210817	126.49264761092167	11.246895020890062