,Species,Opsin_Family,Accession,Lambda_Max,Prediction,Difference
S497,Verasper_variegatus,SWS2,A0A1L7P082,416.0,420.39908741928383,4.3990874192838305
S375,Cavia_porcellus,SWS1,AY552608,420.0,424.0127626980273,4.012762698027302
S231,Columba_livia,SWS1,AH007798.2,393.0,382.737521897702,-10.262478102298019
S582,swsanc1_sp.,UVS,swsanc1,361.0,358.616840947024,-2.383159052975998
S372,Geotria_australis,SWS2,AY366492,439.0,463.95276060387306,24.95276060387306
S235,Homo_sapiens,SWS1,AH003620.2,414.0,422.9339068671872,8.933906867187204
S367,Poecilia_reticulata,SWS2-A,LC127188,438.0,440.0068964016856,2.0068964016855944
S240,Notamacropus_eugenii,SWS1,AY286017.1,420.0,396.28261206751563,-23.71738793248437
S612,swsanc5'_sp.,UVS,swsanc5',393.0,378.58961529367787,-14.410384706322134
S501,Poecilia_reticulata,SWS2,A0A140JTJ5,408.0,404.134330586337,-3.8656694136629994
S496,Verasper_variegatus,SWS2,A0A1L7P076,485.0,450.7060099139595,-34.29399008604048
S305,Carassius_auratus,SWS2,L11864,443.0,444.46251141046235,1.4625114104623549
S228,Ambystoma_tigrinum,SWS1,AF038948.1,356.0,368.8976576874112,12.897657687411197
S202,Cottus_gobio,SWS2,AJ430489.1,463.0,462.1758013151707,-0.8241986848292981
S233,Gallus_gallus,SWS1,M92039.1,415.0,409.25030923220197,-5.749690767798029
S329,Taeniopygia_guttata,SWS,AF222331,359.0,361.97443440086425,2.9744344008642543
S586,swsanc5_sp.,UVS,swsanc5,360.0,365.3388592886986,5.338859288698586
S227,Xenopus_laevis,SWS1,NM_001085652.1,423.0,404.38140837463624,-18.618591625363763
S307,Columba_livia,SWS2,AH007799.2,448.0,450.1252550404394,2.125255040439413
S499,Paralichthys_olivaceus,SWS2,D7RP09,466.0,428.94549506624196,-37.05450493375804
S379,Anolis_carolinensis,SWS1,AH007736,360.0,356.023414384608,-3.9765856153920254
S542,Metriaclima_zebra,SWS2,DQ088649,423.0,446.2659962049647,23.265996204964722
S506,Danio_rerio,SWS2,Q9W6A8,416.0,417.06162821403024,1.061628214030236
S445,Bos_taurus,SWS1,U92557.1,435.0,429.739671183624,-5.2603288163759885
S507,Carassius_auratus,SWS2,L11864.1,443.0,444.46251141046235,1.4625114104623549
