Base Model R^2	MAE	MAPE	SQE	RSQE
0.8253756474965559	10.21244949538765	0.024474736794447657	214.6387545324573	14.650554751696514