,Species,Opsin_Family,Accession,Lambda_Max,Prediction,Difference
S218,Verasper_variegatus,SWS2,A0A1L7P082,416.0,417.15314,1.15313720703125
S173,Cavia_porcellus,SWS1,AY552608,420.0,420.04742,0.04742431640625
S92,Columba_livia,SWS1,AH007798.2,393.0,388.084,-4.915985107421875
S259,swsanc1_sp.,UVS,swsanc1,361.0,361.14935,0.14935302734375
S170,Geotria_australis,SWS2,AY366492,439.0,437.1592,-1.840789794921875
S96,Homo_sapiens,SWS1,AH003620.2,414.0,414.0016,0.0015869140625
S165,Poecilia_reticulata,SWS2-A,LC127188,438.0,437.90787,-0.092132568359375
S101,Notamacropus_eugenii,SWS1,AY286017.1,420.0,396.44238,-23.5576171875
S266,swsanc5'_sp.,UVS,swsanc5',393.0,365.31967,-27.680328369140625
S222,Poecilia_reticulata,SWS2,A0A140JTJ5,408.0,407.9492,-0.050811767578125
S217,Verasper_variegatus,SWS2,A0A1L7P076,485.0,452.0211,-32.978912353515625
S129,Carassius_auratus,SWS2,L11864,443.0,456.22763,13.227630615234375
S89,Ambystoma_tigrinum,SWS1,AF038948.1,356.0,391.01865,35.018646240234375
S85,Cottus_gobio,SWS2,AJ430489.1,463.0,463.0152,0.01519775390625
S94,Gallus_gallus,SWS1,M92039.1,415.0,416.9902,1.990203857421875
S153,Taeniopygia_guttata,SWS,AF222331,359.0,359.0949,0.09490966796875
S263,swsanc5_sp.,UVS,swsanc5,360.0,362.27042,2.270416259765625
S88,Xenopus_laevis,SWS1,NM_001085652.1,423.0,402.89435,-20.10565185546875
S131,Columba_livia,SWS2,AH007799.2,448.0,448.8013,0.801300048828125
S220,Paralichthys_olivaceus,SWS2,D7RP09,466.0,471.68924,5.689239501953125
S177,Anolis_carolinensis,SWS1,AH007736,360.0,358.01816,-1.981842041015625
S237,Metriaclima_zebra,SWS2,DQ088649,423.0,425.59198,2.59197998046875
S227,Danio_rerio,SWS2,Q9W6A8,416.0,415.98083,-0.0191650390625
S198,Bos_taurus,SWS1,U92557.1,435.0,377.98468,-57.01531982421875
S228,Carassius_auratus,SWS2,L11864.1,443.0,456.22763,13.227630615234375
