Base Model R^2	MAE	MAPE	SQE	RSQE
0.748713181938106	9.8606884765625	0.024552113303655653	308.8680867587775	17.57464328965961