,R2,MAE,MSE,RMSE,MAPE
BayesianRidge,0.9191765702169701,10.003242495076393,241.57960088734882,15.350209204853138,0.021795093744171302
xgb,0.9094557399097859,9.1815074098146,268.271078902073,16.056161901990535,0.01963208375746256
gbr,0.9084847636360103,9.372295036773348,276.90822914237697,16.303323532117037,0.020204212054297184
rf,0.9074257949286892,9.137878582153585,283.6964955588712,16.297719954289384,0.019985494431630873
