,R2,MAE,MSE,RMSE,MAPE
gbr,0.9034299876643759,11.22934639478341,340.7833157623021,17.548880028680408,0.024040503417866028
rf,0.8922621040095502,11.430141706473336,378.4058915450179,18.459092869756415,0.024369686133187976
xgb,0.8645123041409939,13.002787300355973,464.77393485615846,20.79559425497053,0.027787401618794543
