Base Model R^2	MAE	MAPE	SQE	RSQE
0.9425545587096413	2.288260375812978	0.004643725297629076	11.66172077063811	3.4149261735267586