feature,p_value,score,rf,gbr,xgb,BayesianRidge,mean
p1_H2,0.0062692407831893456,7.522036133915466,6.974780516548552e-05,0.0,3.2538435e-05,0.27632340814283185,0.06910642359583298
p1_H3,2.809101044850069e-07,26.962179138972946,1.1526482327743591e-05,0.0,1.0056841e-05,0.025202672421235885,0.00630606393622772
p1_NCI,0.034360637382748284,4.496314145892167,5.141084775554084e-05,0.0,0.00023279658,0.16030513449146333,0.040147335479209796
p1_MASS,9.421093651581894e-07,24.530522262360837,0.0002629315654954873,0.0,2.5685376e-06,0.038566558010350326,0.009708014528371098
p2_H2,2.2343143799299378e-08,32.10027533115174,0.0002961668653147414,0.0,3.4522196e-05,0.23546182714895678,0.058948129052586444
p2_H3,4.558399789685289e-22,100.66417379379233,0.00012433007778642349,0.0,3.3476856e-05,0.1282521773917476,0.032102496081284966
p2_NCI,9.899176830282251e-10,38.512574351725284,0.0006498008583477982,0.0,7.4844334e-06,0.182536169206067,0.04579836362444219
p2_MASS,5.3573300531408813e-17,74.35019283889335,0.00015020071280290616,0.0,0.00019972274,0.1883426168515282,0.04717313507540946
p3_H2,3.355060671918701e-12,50.436636757269746,0.00010558113109743405,0.0,8.759245e-05,0.07327850066599194,0.01836791856239071
p3_H3,4.889374257864274e-24,111.17159331876817,9.121276144853299e-05,0.0,0.001029094,0.0473919986777825,0.012128076355470717
p3_NCI,1.7874743613444454e-12,51.77362430355167,0.0003281934063851867,0.0020016802424470534,9.344455e-05,0.028995395605638328,0.007854678450827218
p3_MASS,8.735045615867595e-28,131.61180272905125,0.000341242967108969,0.0002676960477918813,8.3341874e-05,0.042320877114569694,0.010753289500971399
p4_H2,2.6804598794362587e-08,31.72858428588413,0.00023343063281215353,0.0011394452785802086,1.204056e-05,0.19431595937690466,0.0489252189621368
p4_H3,0.11449570482342389,2.4980052672218487,0.0,0.0,0.0,0.0,0.0
p4_NCI,0.0005980794163149708,11.903096626449928,6.6952735289307e-05,0.0,7.525094e-06,0.14265025117486405,0.03568118225107174
p4_MASS,2.11204844116208e-06,22.917783373482575,2.5773122548340272e-05,0.0,1.554758e-05,0.05987457061589731,0.014978972829385453
p5_H2,4.901071249100055e-16,69.48025623288697,6.859173848125552e-05,0.0,0.0001245198,0.13739744296176418,0.03439763862324502
p5_H3,3.22880478298578e-05,17.532951952728773,2.571517714022103e-06,0.0,2.485366e-09,0.30341257001014815,0.07585378600330703
p5_NCI,0.0001589675211529107,14.43826220807652,0.0009289845040820044,0.0009714356314024694,0.001562145,0.22750035692746268,0.05774073050487466
p5_MASS,0.0006011047429310044,11.8935179879528,0.00013207917080707062,0.0,0.0003051194,0.05827979399209481,0.014679248142508072
p6_H2,0.5148652743821397,0.4246494847514201,0.0,0.0,0.0,0.0,0.0
p6_H3,0.03652521187445695,4.391235831698641,3.1171699952160574e-05,6.1745051757299905e-06,1.2215513e-05,0.22375873017167444,0.05595207297254545
p6_NCI,0.005620432852520034,7.721495035106709,5.103576254875348e-05,0.0,1.4034927e-05,0.09421635561381889,0.0235703565757438
p6_MASS,0.3385234988491129,0.9174183780195156,0.0,0.0,0.0,0.0,0.0
p7_H2,7.52276255394225e-14,58.54942552758172,0.00018119730766372638,6.341751250216674e-05,8.377722e-06,0.19578115259556295,0.049008536284488306
p7_H3,7.573153459679871e-22,99.49797797079984,2.8642028894453603e-05,0.0,1.8534566e-06,0.3133811349646117,0.07835290761253602
p7_NCI,7.243312295071521e-09,34.40726910494319,0.0010504060735902919,5.16343935341587e-05,2.9059622e-05,0.11030254225014807,0.027858410584752698
p7_MASS,3.3103872256463665e-12,50.46506525514389,0.00015043805462190362,0.0,9.122654e-06,0.17063432326182776,0.042698470992578494
p8_H2,0.11335533636649901,2.513844200097389,0.0,0.0,0.0,0.0,0.0
p8_H3,0.7969277130740112,0.06627269367044175,0.0,0.0,0.0,0.0,0.0
p8_NCI,0.0015985537615815515,10.049167959005908,7.064168170003308e-05,7.335544447668847e-06,2.2074526e-05,0.21125329605400758,0.05283833695153549
p8_MASS,0.020506076633385287,5.395696815309755,0.0007583900796216723,0.0018515312839901175,2.5589356e-05,0.262549596689413,0.06629627685214949
p9_H2,0.11714998915279688,2.461804815153952,0.0,0.0,0.0,0.0,0.0
p9_H3,1.1017721114446059e-05,19.64362607321924,7.2263196039489e-05,0.0,3.668268e-05,0.03886186762345903,0.009742703374602238
p9_NCI,1.8210802425355443e-10,42.03309927186234,0.0005128322470961927,0.0006209497075100577,0.0005791341,0.25927370189737126,0.06524665448685942
p9_MASS,0.5225345473635052,0.4093482947423795,0.0,0.0,0.0,0.0,0.0
p10_H2,2.5232970455619776e-18,81.13506464176665,0.0002841998148418015,0.0,1.8107133e-06,0.09582023622522227,0.024026561688351725
p10_H3,0.0006446741687374776,11.760740122965576,0.00012847527485190073,0.0,0.00012882643,0.04710109190128938,0.01183959840204694
p10_NCI,0.00011610814519453313,15.044650716689526,1.976911865273842e-05,0.0,3.8558198e-07,0.03782662129135773,0.009461693997998646
p10_MASS,4.000151802083506e-10,40.393627262661155,0.00012886258035008915,6.916904418833951e-06,0.0,0.003932976518210716,0.0010171890007449097
p11_H2,2.025377806238404e-10,41.811256018538764,0.0001637990304458563,0.0,6.30567e-06,0.051999512121783276,0.013042404205560484
p11_H3,3.9279011015607105e-07,26.286860305212436,1.4794731322281183e-05,0.00035885883125017464,3.2927487e-06,0.14244915196765348,0.03570652456973535
p11_NCI,4.007642196626035e-05,17.110890055931055,0.0002643289783884802,0.00043558757551391525,9.2592745e-06,0.19818312114858988,0.04972307424425318
p11_MASS,0.8393537244628946,0.041129672150122275,0.0,0.0,0.0,0.0,0.0
p12_H2,0.018007256756611564,5.625032635981496,0.00010184732058762134,0.00029458478343888936,2.3360899e-07,0.21951150697029886,0.05497704317082794
p12_H3,0.00028215069913971867,13.335900615195934,2.7861793308248774e-06,0.0,0.0009659426,0.17494143107480745,0.043977539970704985
p12_NCI,0.44518788870065495,0.583611878745497,0.0,0.0,0.0,0.0,0.0
p12_MASS,0.3522690193095891,0.8665572586693852,0.0,0.0,0.0,0.0,0.0
p13_H2,1.6152883350710624e-27,130.13631997120535,3.88538048165547e-05,0.0,0.000105053245,0.17806852746697058,0.044553108629102854
p13_H3,0.006518697189995819,7.450919289416382,4.548838871958548e-05,0.0,1.4360083e-05,0.23297889694225019,0.058259686353439165
p13_NCI,0.08676014367914163,2.942720830861846,0.0,0.0,0.0,0.0,0.0
p13_MASS,0.6362246274348342,0.22393261443558382,0.0,0.0,0.0,0.0,0.0
p14_H2,0.8274103070304663,0.0475743127186652,0.0,0.0,0.0,0.0,0.0
p14_H3,0.9974078653680424,1.0562905546470748e-05,0.0,0.0,0.0,0.0,0.0
p14_NCI,0.04589336827671888,4.001421310242023,0.0012967842669425293,0.0,0.0006395609,0.005970559267340059,0.00197672611443214
p14_MASS,0.19322667807192653,1.696489563322703,0.0,0.0,0.0,0.0,0.0
p15_H2,4.946852076016759e-06,21.226310937630156,4.352544724445656e-05,0.0,1.6649854e-05,0.033320459360309036,0.0083451586653716
p15_H3,8.317566798090556e-23,104.5869148381499,8.440184950574244e-05,0.0,2.0999537e-06,0.09430958186709623,0.023599020917573005
p15_NCI,9.018291806213116e-17,73.20099772781505,0.0007631829484932488,0.0003602253677798558,0.00036911177,0.22916419393460466,0.057664178506341764
p15_MASS,2.0115127673599385e-14,61.39440095314337,0.00026436519436757994,0.0005443988922856148,1.6486378e-05,0.047386007440797046,0.012052814476291867
p16_H2,6.005952735001784e-14,59.03412526285996,0.0002160377989330829,0.0,7.373811e-05,0.12156468141389894,0.03046361433130936
p16_H3,9.665308078093188e-35,171.12424111590835,8.21824545793393e-05,0.0,0.00021503014,0.12027461398353065,0.030142956645606997
p16_NCI,8.20766928707736e-10,38.9009668808924,0.00015005334252951908,0.0,9.7909586e-05,9.800676921167638e-05,8.649242437214941e-05
p16_MASS,1.3811811139831535e-13,57.24362803956176,0.0004921615260005149,5.6400704347770276e-05,4.6336867e-05,0.15032792628623837,0.03773070634588275
p17_H2,0.011163596963019896,6.477511794465452,0.0004402055973974282,0.0,7.85342e-05,0.08535106579985681,0.021467451398841056
p17_H3,5.944151677561563e-42,214.32405325891514,0.00016687648237105179,0.0,0.00018022888,0.2784343686556909,0.06969536850332836
p17_NCI,6.808584351830626e-33,160.4249150348101,0.0001900658052742335,0.0,5.7057343e-05,0.06437127884438622,0.016154600498147265
p17_MASS,4.201894240333049e-28,133.3721364996896,0.00018711698589382177,5.0955144881523055e-05,0.0001470818,0.1939323741596427,0.04857938202139165
p18_H2,0.4572931937096193,0.5531975161094465,0.0,0.0,0.0,0.0,0.0
p18_H3,0.8098594077591127,0.057940863898767646,0.0,0.0,0.0,0.0,0.0
p18_NCI,1.3894168304399933e-07,28.384291940276793,0.00010927650717981884,0.0,0.0,0.008198206971178455,0.0020768708695895685
p18_MASS,0.7430606161047602,0.10754990650301274,0.0,0.0,0.0,0.0,0.0
p19_H2,0.0029723097229916833,8.894020944550409,0.0003760959231725327,0.0,2.3841392e-05,0.07801481442788438,0.019603687935826446
p19_H3,1.4484296815770194e-13,57.14158084236744,0.000647536212677251,0.00823659901267344,0.07605342,0.03717811013609595,0.03052891589513404
p19_NCI,6.83014653395109e-14,58.75727776167452,4.570213096019647e-05,0.0,0.0002714748,0.16227317348070372,0.04064758760217743
p19_MASS,4.875187259301446e-13,54.54257878683623,0.0010756527078619523,0.0,0.0,0.03477132746624929,0.00896174504352781
p20_H2,2.1763075955728548e-35,174.9086288490881,0.003021714782151539,0.002623500469240102,0.008341634,0.22094478139123663,0.058732907589340945
p20_H3,1.5933898717379816e-19,87.33124819576496,7.890242733212638e-06,0.0,1.852114e-06,0.02283206358421602,0.005710451485236406
p20_NCI,1.199411934252965e-07,28.682023658764315,2.649704519114913e-05,0.0005647127008898239,0.0003129499,0.053096783887043454,0.013500235885563634
p20_MASS,9.034598576696117e-49,257.36232793285376,2.311365567249056e-05,0.00013362462827081257,2.455046e-05,0.015962661230071486,0.004035987493449753
p21_H2,0.0046860947578383815,8.054527060708113,0.001572543213179777,6.408780552249563e-05,0.00038340696,0.004312563084012488,0.001583150266885988
p21_H3,0.11454860726677481,2.497274725160008,0.0,0.0,0.0,0.0,0.0
p21_NCI,0.071908138892251,3.249911272312651,0.0,0.0,0.0,0.0,0.0
p21_MASS,0.5844656032668689,0.2993812140268503,0.0,0.0,0.0,0.0,0.0
p22_H2,3.0615300943060784e-10,40.95016712511752,5.185374969812989e-05,0.0,0.0003882806,0.15405231833966912,0.03862311317358331
p22_H3,0.00026562759148612277,13.451529345130686,7.099770851499865e-05,0.0,0.0,0.05858715991422537,0.014664539405685092
p22_NCI,0.25908302701188585,1.2759663160845613,0.0,0.0,0.0,0.0,0.0
p22_MASS,0.0024063662834996054,9.286007518558256,4.6636082606744184e-05,0.0,4.8740753e-06,0.013984038738406895,0.0035088872240859117
p23_H2,0.0012557388500954304,10.501901591746453,0.0011336372377359412,0.00530998847978115,0.0032344004,0.7086606209792982,0.17958466177768642
p23_H3,0.00014268281675246607,14.646645689663417,0.00024629121672623195,0.0,9.43243e-06,0.2452467831617702,0.06137562670201879
p23_NCI,0.0003009965548369175,13.21209637507899,0.00010896747367474842,0.0004687316140979614,0.0038309558,0.195506228219719,0.04997872078424077
p23_MASS,0.35058997614639564,0.8726243585146009,0.0,0.0,0.0,0.0,0.0
p24_H2,0.005367518154472514,7.805708345339986,1.1040168179363391e-05,0.0,0.0,0.029649390079271212,0.007415107561862644
p24_H3,0.15686137946255685,2.0090436150767133,0.0,0.0,0.0,0.0,0.0
p24_NCI,0.5784481172423512,0.30907318352623914,0.0,0.0,0.0,0.0,0.0
p24_MASS,0.11413579041068385,2.502985333554267,0.0,0.0,0.0,0.0,0.0
p25_H2,0.029763944690937492,4.744535466754342,1.2628665909447523e-05,0.0,0.00032724667,0.10267571366580872,0.025753897250698758
p25_H3,0.03807187579815943,4.32008186416265,1.4012386053967567e-05,0.0,1.8912051e-06,0.14578904434891457,0.0364512369850176
p25_NCI,0.0014918995498627969,10.178506632946696,0.0009512338559723292,0.0,2.432762e-06,0.12974846949830962,0.032675534029046244
p25_MASS,0.013833383969592307,6.093587593643954,4.3106528480892065e-07,0.0,0.0,0.13980829396820743,0.03495218125837306
p26_H2,0.02585473107715023,4.98945186746401,0.0001241075012099539,0.0,8.732283e-06,0.2523442757045175,0.06311927887225109
p26_H3,0.30538366563878,1.052258731801863,0.0,0.0,0.0,0.0,0.0
p26_NCI,0.23733993657074623,1.3990009679688948,0.0,0.0,0.0,0.0,0.0
p26_MASS,0.6298932749146323,0.23243418883658207,0.0,0.0,0.0,0.0,0.0
p27_H2,5.814206972874188e-12,49.27183544822456,0.0001810597764470293,0.0,0.00021328246,0.134134274120783,0.033632154089132275
p27_H3,0.9972515259434852,1.1875496158838789e-05,0.0,0.0,0.0,0.0,0.0
p27_NCI,9.394763193033235e-07,24.536126931371548,0.0002641801757591319,0.0,0.00034507268,0.0557937928664519,0.014100761430532788
p27_MASS,0.05405276817394135,3.7250720676007214,0.00032556222261811074,8.429879971164006e-05,0.0001793581,0.042698108080997346,0.010821831801630809
p28_H2,2.2525846012199523e-28,134.8751965416954,0.0019262079348506824,1.0057038547957e-06,4.0192528e-05,0.6927355124362115,0.17367572965075523
p28_H3,1.686362307778696e-27,130.033082821018,0.0005654935458212227,0.0,0.00046599118,0.32354212983784797,0.0811434036407238
p28_NCI,1.0573741881132909e-06,24.299462196110298,0.0011814502569185397,0.0,2.881359e-05,0.2736255621289512,0.06870895649413956
p28_MASS,0.5669965507734215,0.32808162873709246,0.0,0.0,0.0,0.0,0.0
p29_H2,1.1441272783552887e-08,33.46953234173636,0.0026023971564457043,0.0001625793689481662,0.00020491665,0.01509309407964474,0.004515746813896098
p29_H3,0.45150889200909494,0.5675712602090784,0.0,0.0,0.0,0.0,0.0
p29_NCI,0.2390228223553472,1.3889941403032877,0.0,0.0,0.0,0.0,0.0
p29_MASS,0.0009964836218186626,10.937178976224354,0.0021930277826507152,0.0030226756233650634,9.272397e-05,0.023940858186936864,0.007312321390013168
p30_H2,0.8187461630328136,0.05255752692206596,0.0,0.0,0.0,0.0,0.0
p30_H3,0.9122271609784387,0.012160426918405515,0.0,0.0,0.0,0.0,0.0
p30_NCI,0.018399990807103705,5.5868810150838835,0.00039605345321894295,0.0,2.6109796e-05,0.0645969012746331,0.016254766130894605
p30_MASS,0.12187979050097064,2.3994952074758698,0.0,0.0,0.0,0.0,0.0
p31_H2,3.320769534774076e-08,31.291666965290933,0.0010989803246622154,0.0,0.000657623,0.03833232961388844,0.010022233233002178
p31_H3,2.2856497315959975e-09,36.78204105908271,6.95461488132704e-06,0.0,1.5236666e-06,0.10850240638130158,0.02712772116569151
p31_NCI,4.649128370854895e-39,196.71102248103384,8.308658157691805e-05,0.0,1.5981328e-07,0.18583266947638608,0.0464789789678114
p31_MASS,0.0017336670380791955,9.897363763360195,0.0005190139705179157,0.00028822140241538993,4.6011786e-07,0.1374222913556845,0.03455749671161952
p32_H2,0.0006521981854750634,11.738734351364368,5.476273907614828e-05,0.00017496801536030546,6.466809e-05,0.014281314684101468,0.0036439283828390966
p32_H3,0.004461242416707528,8.144825533446927,1.8667967035846214e-06,0.0,0.0,0.059878360830073876,0.014970056906694364
p32_NCI,0.030203160301556745,4.719141615823863,0.00029913143963203315,0.0,3.155981e-06,0.08972963012207297,0.022507979385663394
p32_MASS,0.00030617398086092007,13.179455460256028,0.0010453630419047116,0.0006930331782020953,4.3993814e-06,0.07408441869944485,0.018956803575236932
p33_H2,3.624484992011562e-14,60.12268332283685,0.0003370011875508855,0.0,9.025109e-06,0.22614985845250332,0.0566239711871982
p33_H3,4.001315678122426e-08,30.9117886310007,0.0063264269886484014,0.01573572889282949,0.13583072,0.14947307649227765,0.07684148691810205
p33_NCI,0.0006815877659653424,11.655174145004203,0.0005957783129744942,9.89866429359101e-05,9.684617e-05,0.2325590021557112,0.058337653319945976
p33_MASS,7.061782652904712e-10,39.21287395200727,0.0002158657632340443,0.00020973892883618427,1.5678745e-05,0.038436654961184015,0.009719484599464328
p34_H2,0.3008709818860015,1.0721018405374458,0.0,0.0,0.0,0.0,0.0
p34_H3,0.236421487745446,1.4044987127570576,0.0,0.0,0.0,0.0,0.0
p34_NCI,0.002278568554400844,9.387521095213645,2.593963380950231e-05,0.0,3.2816554e-06,0.09770694096021834,0.024434040562352266
p34_MASS,0.5356599655163794,0.3840673352486456,0.0,0.0,0.0,0.0,0.0
p35_H2,0.0005418526385291426,12.090647382216455,0.007716925783979383,0.0,5.4716133e-06,0.12999243857608134,0.03442870899335245
p35_H3,3.769559354610611e-05,17.23043575374584,0.00036675402834355803,0.0,6.394865e-05,0.09496417883439685,0.023848720379036487
p35_NCI,0.045121725787721,4.0302076545791845,0.0005707906925596829,0.0,8.072947e-05,0.28518496764846096,0.07145912195298953
p35_MASS,7.667809341222921e-20,88.98182134577627,0.00019369264844254716,0.0,2.0697265e-05,0.0025546505598271207,0.0006922601184241323
p36_H2,0.08776543536865668,2.92402532643345,0.0,0.0,0.0,0.0,0.0
p36_H3,0.00012708697780147105,14.870077628089309,0.00012457290717156935,2.2536700279797346e-06,2.768487e-05,0.1024125073482673,0.025641754698757922
p36_NCI,0.1515185057204871,2.061927832490607,0.0,0.0,0.0,0.0,0.0
p36_MASS,7.858681419369545e-11,43.78998971820208,0.0009987337104062587,0.0,1.2399702e-05,0.07210937158101942,0.018280126248463296
p37_H2,1.9254317888940123e-17,76.6144371926317,0.00011041901009407571,0.0,0.00015500844,0.21729420701740487,0.05438990861728778
p37_H3,0.2795768417399547,1.1711739699626664,0.0,0.0,0.0,0.0,0.0
p37_NCI,2.8319528567873615e-11,45.931880769569894,0.00027797315151539863,0.0,0.00015741734,0.1142075213111452,0.02866072794981396
p37_MASS,1.1843667317354036e-24,114.48958894059254,0.00013977972662673706,1.547225468933535e-05,9.753291e-05,0.16269080098298674,0.040735896468431135
p38_H2,1.019912960787603e-06,24.37165519710692,0.0002703365056315643,0.0,4.242732e-05,0.07002599921829367,0.01758469076105512
p38_H3,0.17057833625342733,1.8821772804813675,0.0,0.0,0.0,0.0,0.0
p38_NCI,0.08346700406981987,3.0056508321138007,0.0,0.0,0.0,0.0,0.0
p38_MASS,1.728296648270424e-05,18.757726313071164,0.00030590680589065477,0.0,3.3884473e-06,0.16110250762350523,0.04035295071918387
p39_H2,3.733117810758614e-06,21.784753175818253,0.0011011867749186562,0.0,1.8315418e-06,0.07895143027224234,0.02001361214723892
p39_H3,0.025816633715352644,4.992024589431913,1.6269078580037252e-05,0.0,0.0,0.10719678661945727,0.026803263924509324
p39_NCI,3.9998082804480856e-08,30.912556070183705,0.0009104174217314147,0.0,3.5672951e-09,0.09923026346497885,0.025035171113501346
p39_MASS,1.505208328812081e-46,243.09806959825102,0.0010299796289331197,6.431945351363301e-05,9.6503936e-05,0.01431311796548985,0.0038759802460391407
p40_H2,6.528814677603033e-16,68.8521521608484,8.339585926649232e-05,0.0,2.6025175e-06,0.08800928094569602,0.022023819830615004
p40_H3,2.7123009054069236e-06,22.41969679970671,9.259678980929033e-06,0.0,0.0,0.16444247533750386,0.0411129337541212
p40_NCI,7.615527694545498e-09,34.30438092766988,0.00044562300552331393,0.0,2.8449287e-05,0.3204700996668359,0.08023604298987198
p40_MASS,0.12035695614551412,2.419259618339844,0.0,0.0,0.0,0.0,0.0
p41_H2,2.269238941933336e-15,66.1310091949335,0.001348872238223913,0.0005816965614031063,2.4149347e-06,0.19079879786987383,0.04818294540104272
p41_H3,0.8163468152427242,0.05398371211288337,0.0,0.0,0.0,0.0,0.0
p41_NCI,0.0168901942030609,5.738447261338185,0.0006308069258184011,4.5621648510342414e-05,0.00016018079,0.13968412052571985,0.03513018247225036
p41_MASS,1.2052797920337954e-18,82.78661873722314,0.003498412158886001,0.0018107358650342987,0.00014579154,0.2349790260938219,0.06010849141319378
p42_H2,0.7813021568980802,0.07714059094080945,0.0,0.0,0.0,0.0,0.0
p42_H3,1.011904352141128e-48,257.0436882687724,1.264481424735951e-05,0.0,1.0823206e-05,0.07652646683703038,0.019137483714354264
p42_NCI,2.9653516210223924e-09,36.244936542588,0.00015051580096204305,0.0,0.00039448933,0.27924230875304834,0.06994682846978192
p42_MASS,0.00016263681105787008,14.39429193809336,0.00016561749106902928,0.0,0.00012709133,0.16389516479298386,0.04104696840462178
p43_H2,2.1873731836929869e-07,27.4669207238199,0.0003783533790315364,0.0,4.0540344e-05,0.20529586271727038,0.051428689110161414
p43_H3,3.0887115472773223e-19,85.84115002782657,7.283669504431951e-05,0.0,0.0,0.11087367866181336,0.02773662883921442
p43_NCI,0.2263569006431977,1.4664924400728476,0.0,0.0,0.0,0.0,0.0
p43_MASS,2.7168216948851244e-32,156.97692620898778,0.0027080403999809014,0.0,2.593821e-05,0.09905347441634829,0.025446863256696282
p44_H2,2.5545398855184947e-07,27.153760027982642,0.0003115778886037771,0.0,1.1815666e-05,0.19832294558523553,0.04966158478492415
p44_H3,0.0101934849667176,6.641015538162319,2.378475952227748e-05,0.0,0.0010021977,0.2604574948942303,0.06537086934742388
p44_NCI,9.493618392498681e-11,43.39434093551475,0.00018257059237420663,0.0,0.00019789465,0.04277941391632996,0.010789969790415082
p44_MASS,4.3162596307390494e-09,35.47158987301375,0.0037143773516612904,0.0,1.0905151e-06,0.15702542856382834,0.04018522410763997
p45_H2,0.3429789303558517,0.9006304819825801,0.0,0.0,0.0,0.0,0.0
p45_H3,1.8638016881228774e-07,27.790268913456234,1.4463823027287354e-05,0.0,2.5821248e-06,0.10719538626882674,0.026803108054165335
p45_NCI,0.0017650338993836126,9.86384328471916,0.0009651051659227424,0.00029500221056553977,7.257108e-05,0.3204870946484387,0.08045494327570873
p45_MASS,0.0008421254694896845,11.254883722284506,0.0004913725723943076,0.00012901248495527469,5.5819405e-06,0.0988636721375844,0.024872409783861838
p46_H2,5.8421042814282105e-08,30.141671158501538,3.4221165945232e-05,0.0,1.8059939e-07,0.04172715408693833,0.010440388963067418
p46_H3,0.17545237825082494,1.8398938684072688,0.0,0.0,0.0,0.0,0.0
p46_NCI,0.3187925838654745,0.9954784122916926,0.0,0.0,0.0,0.0,0.0
p46_MASS,3.8114855447810455e-08,31.010794913199877,1.5453275791160963e-06,0.0,0.0,0.030628122392438006,0.00765741693000428
p47_H2,6.711505034407896e-30,143.40351935016946,0.00011764208057434828,0.0,0.0017465724,0.017755608336392795,0.004904955713665825
p47_H3,8.723015990909432e-21,93.9115191038042,2.6821166065036297e-06,0.0,0.0,0.1945901030015919,0.0486481962795496
p47_NCI,7.075604172935057e-22,99.653978771589,0.00014764241697040584,5.235597413205354e-05,1.9690517e-06,0.25705283754380936,0.06431370124665527
p47_MASS,2.7926825598040624e-66,378.39459778341364,0.0001451177600998991,0.0,2.8845523e-05,0.17600758917858364,0.04404538811543276
p48_H2,0.008240637209802955,7.025116456860161,0.0004928959636165399,0.0,3.46444e-05,0.13587244900357995,0.03409999734165421
p48_H3,0.008382579846140558,6.994191799174067,3.3405081160572264e-05,0.0,0.0,0.10901886398240371,0.02726306726589107
p48_NCI,7.823515474894219e-08,29.548413676655542,0.0008097165542624464,0.0,0.00010639499,0.17611842360404695,0.04425863378693135
p48_MASS,0.052395238527431824,3.777460521443819,0.00041580897773346124,0.0,3.3998964e-05,0.08997196928806053,0.02260544430739158
p49_H2,0.11088344303444554,2.548789626125108,0.0,0.0,0.0,0.0,0.0
p49_H3,0.004031918933419198,8.330931916087751,0.0004330209057607757,0.0,1.4459426e-06,0.005120727587195036,0.001388798608899913
p49_NCI,3.1479544205914525e-05,17.58253137826401,0.0003723783380577326,6.197208762645825e-05,2.0543815e-05,0.26298225451516744,0.0658592871890831
p49_MASS,0.3080500952465648,1.0407116834707437,0.0,0.0,0.0,0.0,0.0
p50_H2,4.1256637719287054e-22,100.89355256016934,4.2285913100276316e-06,0.0,0.0,0.19935404815307706,0.04983956918609677
p50_H3,5.601141700447246e-30,143.84518724954796,7.387173393107797e-06,0.0,0.0,0.18871275847666408,0.047180036412514295
p50_NCI,2.2901528002544955e-14,61.113975870840115,9.375642801477495e-06,0.0,0.0,0.1667731717378388,0.04169563684516007
p50_MASS,5.756436380503254e-25,116.1839898726012,2.766522168483146e-06,0.0,0.0,0.018722314491235226,0.0046812702533509274
p51_H2,7.429976918515868e-12,48.75315971772367,0.0007534567857989001,2.8802659168043814e-05,6.2266904e-06,0.17458006997408515,0.04384213902736362
p51_H3,5.227421380163175e-23,105.66180040124681,0.00012060077911500544,0.0,0.0,0.027277417988062738,0.006849504691794436
p51_NCI,3.3267490102823302e-09,36.00788620407798,0.0007312893995283807,0.0,3.4428656e-05,0.0983512186561526,0.024779234178011034
p51_MASS,0.34399158975994903,0.8968558440724962,0.0,0.0,0.0,0.0,0.0
p52_H2,6.581776878549827e-06,20.660913824385588,5.8114779803778075e-05,0.0,3.187408e-05,0.09601735444654212,0.024026835826226164
p52_H3,2.831057999663018e-07,26.946480756378737,4.968239250478629e-06,0.0,0.0,0.26288833656763594,0.06572332620172161
p52_NCI,5.473161030295538e-12,49.39976951216529,6.068326526179618e-05,0.0,0.00039831718,0.11468623399438849,0.028786308609241147
p52_MASS,6.311497169945907e-10,39.44599481628186,0.00040375020386987115,0.0,2.5041296e-05,0.15336663109124785,0.03844885564775065
p53_H2,2.480375758098061e-10,41.38870566234834,1.3336280996653902e-05,0.0,0.0,0.026598309248640317,0.006652911382409242
p53_H3,6.659428257760913e-27,126.74791184037913,5.499609447517787e-09,0.0,0.0,0.03224269824165449,0.008060675935315984
p53_NCI,0.002341353315137273,9.336944756539426,4.473112619906753e-05,0.0,0.0,0.15868243794004358,0.03968179226656066
p53_MASS,0.04213055784809542,4.146924948291617,8.481652188145393e-06,0.0,0.0,0.006588543380563103,0.0016492562581878123
p55_H2,0.821576191885562,0.05090115195954748,0.0,0.0,0.0,0.0,0.0
p55_H3,0.7873584397458601,0.07282333551732298,0.0,0.0,0.0,0.0,0.0
p55_NCI,8.022672586519544e-08,29.497390132000884,0.0007014803295957648,0.0,0.001385884,0.018417838637447784,0.0051263007443191335
p55_MASS,0.7919833819868842,0.0696161068278577,0.0,0.0,0.0,0.0,0.0
p56_H2,0.0016409021098976392,10.000228191590697,0.0002901385560291148,0.00013689411835133376,0.0007519609,0.03329868414481636,0.00861941943134923
p56_H3,0.0166223330107445,5.7667969713286125,9.502864630281521e-07,0.0,0.0,0.016671919003068712,0.004168217322382935
p56_NCI,0.1674773177075233,1.9098097956477373,0.0,0.0,0.0,0.0,0.0
p56_MASS,3.314495041073432e-05,17.4817525077016,0.0003949134706616156,0.0,0.010819116,0.11226781606393091,0.030870461302644585
p57_H2,0.003467884853284332,8.60881740445357,9.285261380934561e-08,0.0,0.0,0.13912410461143065,0.03478104936601112
p57_H3,0.004592842327073639,8.09142757400338,9.285261380934561e-08,0.0,0.0,0.13912410461143065,0.03478104936601112
p57_NCI,0.0036717799074631424,8.503368467279685,9.285261380934561e-08,0.0,0.0,0.13912410461143065,0.03478104936601112
p57_MASS,0.5911590384031091,0.2888350065077526,0.0,0.0,0.0,0.0,0.0
p58_H2,0.0009757573191577296,10.976814945671995,0.00014900989873820446,0.0,1.7892975e-05,0.016849082681129505,0.004253996388701465
p58_H3,1.0,0.0,0.0,0.0,0.0,0.0,0.0
p58_NCI,0.25132674742655603,1.3183511744382987,0.0,0.0,0.0,0.0,0.0
p58_MASS,0.2975775102071623,1.0868280625612938,0.0,0.0,0.0,0.0,0.0
p59_H2,4.2996015790389794e-09,35.4795492234234,0.00022830611286606164,0.0,1.5227371e-05,0.11695645654953113,0.029299997508241304
p59_H3,0.00033165391255819595,13.026545002070002,1.1224108160720136e-05,0.0,0.0,0.10750717402753766,0.026879599533924596
p59_NCI,2.5079429297678506e-14,60.917688186635594,0.0005511208788603485,0.0,3.8666175e-07,0.002596579690771927,0.0007870218078463894
p59_MASS,0.058123616331740846,3.6033305434228944,3.2248186560314926e-05,0.0,1.6792665e-06,0.0037691257283036773,0.0009507632953312472
p60_H2,0.026342107618635584,4.9568833354557045,0.0035815267040727626,0.0,0.0,0.1690495961665975,0.04315778071766757
p60_H3,0.10830097739264292,2.5862278962487135,0.0,0.0,0.0,0.0,0.0
p60_NCI,0.24706083923385252,1.3423552172624922,0.0,0.0,0.0,0.0,0.0
p60_MASS,0.0047038141336026495,8.047600263132042,0.00028775125723076695,0.0,0.0,0.08071344892243527,0.02025030004491651
p61_H2,0.6532103778084922,0.20207047977265147,0.0,0.0,0.0,0.0,0.0
p61_H3,0.8818842751333623,0.022094339979333164,0.0,0.0,0.0,0.0,0.0
p61_NCI,0.4701342187292479,0.5222950618236566,0.0,0.0,0.0,0.0,0.0
p61_MASS,0.7256983242569415,0.12320859869708303,0.0,0.0,0.0,0.0,0.0
p62_H2,0.956743713075334,0.002944367866219781,0.0,0.0,0.0,0.0,0.0
p62_H3,0.775704406935196,0.08125030751906633,0.0,0.0,0.0,0.0,0.0
p62_NCI,4.653126740175614e-08,30.604525756713226,0.00023402515959110236,0.0,1.052436e-05,0.08404886634448372,0.02107335396597439
p62_MASS,1.0933608765197818e-07,28.869573681998805,0.0003826218988101485,0.0,3.4254816e-05,0.1623672687913914,0.04069603637643685
p63_H2,0.09003357698298872,2.88268530049986,0.0,0.0,0.0,0.0,0.0
p63_H3,0.622886676088265,0.24207117229177966,0.0,0.0,0.0,0.0,0.0
p63_NCI,0.5287381204587535,0.39725921557890964,0.0,0.0,0.0,0.0,0.0
p63_MASS,0.9859155360250113,0.0003118836620649939,0.0,0.0,0.0,0.0,0.0
p64_H2,0.03398785171690273,4.51510981339023,0.0026815644807803084,0.0,5.2733826e-06,0.015546116526033268,0.004558238597356484
p64_H3,0.2842825723086872,1.1484703203396585,0.0,0.0,0.0,0.0,0.0
p64_NCI,0.46364816882825266,0.5377332710110148,0.0,0.0,0.0,0.0,0.0
p64_MASS,0.18084690589685404,1.7946487159801092,0.0,0.0,0.0,0.0,0.0
p65_H2,0.033145433493298015,4.558391940388957,0.0,0.0,7.7537064e-05,0.025181226003040885,0.00631469076688491
p65_H3,0.878816865555866,0.023265870482585497,0.0,0.0,0.0,0.0,0.0
p65_NCI,0.7588669755597047,0.09431235743041406,0.0,0.0,0.0,0.0,0.0
p65_MASS,0.013039107693360176,6.199211176114733,1.9448559265245487e-05,0.0,3.2965145e-06,0.05885984208322709,0.014720646789242653
p66_H2,0.6748758640611803,0.1761167781062075,0.0,0.0,0.0,0.0,0.0
p66_H3,0.8854592708641211,0.020767954002400734,0.0,0.0,0.0,0.0,0.0
p66_NCI,0.024212536360596115,5.104095057693817,0.00012904449175220876,0.0,3.0865882e-05,0.421505014001875,0.1054162310938703
p66_MASS,0.34470287088651785,0.8942135570246205,0.0,0.0,0.0,0.0,0.0
p67_H2,0.6961071259571818,0.1526938683198939,0.0,0.0,0.0,0.0,0.0
p67_H3,1.0,0.0,0.0,0.0,0.0,0.0,0.0
p67_NCI,0.0925244849926978,2.8385703208495086,0.0,0.0,0.0,0.0,0.0
p67_MASS,0.6961071259774949,0.15269386829846482,0.0,0.0,0.0,0.0,0.0
p68_H2,0.018430439161231747,5.583958454088971,6.877461240778626e-05,0.0,5.8320813e-07,0.014979995795491757,0.0037623384040084435
p68_H3,1.1321455878568168e-12,52.74536183276909,1.2944604974769704e-05,0.0,0.0,0.48488873382385683,0.1212254196072079
p68_NCI,0.012025211095882164,6.34411491682482,3.8019534375584185e-06,0.0,9.03658e-06,0.09958481502529402,0.024899413389731707
p68_MASS,1.3235840571205298e-08,33.17108175137333,0.0001508261350196688,0.0,0.00042931555,0.10586461905643385,0.026611190185542994
p69_H2,1.211204992172525e-10,42.884890942891595,8.796900722826823e-05,0.0,1.5614447e-07,0.10787201204480233,0.02699003429912421
p69_H3,0.004381884482991917,8.177808895220675,0.0,0.0,0.001170582,0.021846332213580545,0.0057542285587917855
p69_NCI,2.9376249567022395e-26,123.2147394411495,2.1161689175510977e-05,0.0,0.0,0.0412023684674643,0.010305882539159953
p69_MASS,0.0023859182983944596,9.301875869415431,0.00011591412275187991,0.0,0.0,2.662708596348754e-05,3.5635302178841865e-05
p70_H2,0.0011927473260399729,10.598646485366144,0.0009817531376758919,0.0,0.0,0.04687668378307897,0.011964609230188716
p70_H3,5.105511432207095e-12,49.54697444370601,4.777305621588856e-05,0.0,0.0,0.00034641448271219847,9.854688473202175e-05
p70_NCI,5.315559381525386e-18,79.47390323226443,0.000166482085261712,0.0,0.0,0.3559847717524783,0.089037813459435
p70_MASS,0.5726772669519944,0.3185587069281695,0.0,0.0,0.0,0.0,0.0
p71_H2,0.8397995998074687,0.04089853857042398,0.0,0.0,0.0,0.0,0.0
p71_H3,0.1579437460563239,1.9985798953876637,0.0,0.0,0.0,0.0,0.0
p71_NCI,0.09816200813080972,2.743332771303452,0.0,0.0,0.0,0.0,0.0
p71_MASS,0.7222643399758096,0.12644717524816904,0.0,0.0,0.0,0.0,0.0
p72_H2,0.06995069186535861,3.2954437531893084,0.0,0.0,0.0,0.0,0.0
p72_H3,1.0,0.0,0.0,0.0,0.0,0.0,0.0
p72_NCI,0.12109927543737913,2.40959080399731,0.0,0.0,0.0,0.0,0.0
p72_MASS,0.060475837230183446,3.537056710329694,2.0816997477471245e-06,0.0,0.0,0.007245578293352908,0.0018119149982751637
p73_H2,1.9562136627700873e-12,51.58188482583829,0.00020895630401262039,0.0,1.9885858e-06,0.06260088917415221,0.01570295851600032
p73_H3,0.4858254194873005,0.48633553711182836,0.0,0.0,0.0,0.0,0.0
p73_NCI,3.7263375615000746e-16,70.08105018871177,4.9690815261605065e-05,0.0,1.9461125e-07,0.1036398049270152,0.025922422588380758
p73_MASS,0.05509498156390598,3.6929979120343295,0.00045065881065434166,0.0,1.333347e-08,0.05248113628956688,0.013232952108422888
p74_H2,2.1964822939713974e-09,36.864191427706736,1.055141766747479e-05,0.0,2.0462458e-05,0.04947089651039707,0.012375477596401568
p74_H3,1.0,0.0,0.0,0.0,0.0,0.0,0.0
p74_NCI,0.019633435377762267,5.472324542038661,2.1855907188691735e-05,0.0,1.39120235e-08,0.0027148941669700895,0.0006841909965455786
p74_MASS,2.2862710230551806e-09,36.781480026027076,0.00012497928608158488,5.454437740565292e-05,0.0,0.06161788328474305,0.015449351737057571
p75_H2,0.001484209581409837,10.188192306211203,1.4709801907605565e-05,0.0,0.0,0.024836737469775275,0.00621286181792072
p75_H3,0.12264783950493857,2.389630727010194,0.0,0.0,0.0,0.0,0.0
p75_NCI,1.1813176875286133e-10,42.93712394705145,5.426684741818881e-05,0.0,0.0,0.04016049666908843,0.010053690879126654
p75_MASS,0.022504116941695504,5.232284676925747,1.4724006290900931e-05,0.0,0.0,0.03708783166466172,0.009275638917738156
p76_H2,0.4755663047984686,0.5096273226118962,0.0,0.0,0.0,0.0,0.0
p76_H3,0.4044262628515899,0.6960681699844811,0.0,0.0,0.0,0.0,0.0
p76_NCI,0.9508897415090641,0.0037963085835494947,0.0,0.0,0.0,0.0,0.0
p76_MASS,0.5999264241540367,0.275387250698822,0.0,0.0,0.0,0.0,0.0
p77_H2,0.01028814979468565,6.62437074794396,5.969109008591973e-06,0.0,0.0,0.00693171419084154,0.001734420824962533
p77_H3,1.0,0.0,0.0,0.0,0.0,0.0,0.0
p77_NCI,5.3634154373989264e-06,21.06611788456948,0.0,0.0,2.8476524e-07,0.04620040722466082,0.011550172997474052
p77_MASS,0.147025435675257,2.1080654050266303,0.0,0.0,0.0,0.0,0.0
p78_H2,0.0011745948174866551,10.627489943805434,7.15961491630713e-06,0.0,9.06184e-06,0.010432219060715809,0.0026121101288059277
p78_H3,1.0,0.0,0.0,0.0,0.0,0.0,0.0
p78_NCI,1.3612205613368035e-08,33.11367190939276,5.915400787102241e-05,0.0,5.177766e-05,0.04610659447219643,0.01155438153519216
p78_MASS,9.697561905909218e-13,53.07518420230907,1.2681482152450165e-05,0.0,0.0,0.004301525042093498,0.001078551631061487
p79_H2,8.050521067887514e-46,238.47352149704557,3.5837307473517867e-06,1.5680925989070556e-05,4.983216e-05,0.05056679858339533,0.012658973850179094
p79_H3,4.77258762190832e-46,239.91282629193506,2.948866959911621e-06,0.0,0.0,0.05321176365146973,0.01330367812960741
p79_NCI,5.888968890099642e-10,39.589861178811454,2.421703526902086e-05,0.0,6.022749e-05,0.02874005867508725,0.007206125799732827
p79_MASS,1.2207085256787267e-37,188.20944496658714,4.052194382581278e-05,0.0,0.0,0.0016092528291098928,0.0004124436932339264
p80_H2,0.00013319788555661254,14.779394134271156,0.00014754093993497196,0.0,0.000153154,0.07371096089391602,0.01850291395940853
p80_H3,1.0,0.0,0.0,0.0,0.0,0.0,0.0
p80_NCI,0.005960723272010362,7.6141080074079985,0.00038871983887940777,0.0,3.5755562e-05,0.20997063181248862,0.05259877680330184
p80_MASS,0.00021000091974393432,13.902501374864581,0.00030112226155195226,0.0,0.0005105109,0.028914597871666715,0.00743155775133421
p81_H2,4.2857287386565846e-14,59.76126005053583,5.9657347150406194e-05,0.0,6.434395e-06,0.14688926467715924,0.03673883910480008
p81_H3,4.843159090644911e-14,59.49768242886541,6.004404476949557e-05,0.0,0.0,0.15138645024006947,0.03786162357120974
p81_NCI,6.542318683204538e-24,110.49202374589262,2.239129322024853e-05,0.0,3.5930107e-06,0.18057044445192819,0.045149107188952244
p81_MASS,6.8070919991280704e-06,20.594338551080444,8.731968406396385e-05,0.0,1.2844006e-06,0.06980604729864973,0.017473662845824006
p82_H2,4.08828535369183e-26,122.4302598029879,7.614416816588705e-06,0.0,2.6579185e-06,0.1721980286323975,0.04305207524191797
p82_H3,4.103957082555955e-24,111.58053220416755,1.0919913483608038e-05,0.0,4.9861205e-07,0.03461268579893922,0.00865602608111895
p82_NCI,2.090558961018508e-25,118.56966852841624,1.0919913483608038e-05,0.0,4.9861205e-07,0.03461268579893922,0.00865602608111895
p82_MASS,1.687097494323351e-24,113.66016790534515,1.0919913483608038e-05,0.0,4.9861205e-07,0.03461268579893922,0.00865602608111895
p83_H2,0.00031321083402878984,13.135975593860367,0.0006286951054972385,0.0,0.00031014127,0.2837471578950564,0.07117149856840733
p83_H3,0.5713794801150216,0.32071792793739273,0.0,0.0,0.0,0.0,0.0
p83_NCI,0.00027842541124356866,13.361361068521644,0.0006507322551205137,0.0,4.445158e-05,0.034109587595455224,0.008701192857397686
p83_MASS,1.5329018768362622e-08,32.870548682949725,0.005541075820922985,0.0016307572288222383,0.00056813215,0.07629464399808157,0.0210086522992206
p84_H2,5.931782154791673e-12,49.22947058972913,0.0003650055184554228,0.0,8.296919e-05,0.06028170812949746,0.015182420710135746
p84_H3,0.02704177312954633,4.911210254681983,8.959525914642082e-07,0.0,0.0,0.07309036474663168,0.018272815174805786
p84_NCI,0.0008416647892344162,11.255917863924225,9.015606835654899e-05,5.76345950516612e-06,1.2564215e-05,0.20434988610526592,0.05111459246192132
p84_MASS,2.905157713456474e-14,60.60015025558979,0.00028779508379530113,0.00015942576160987753,5.9921887e-05,0.13071762845523838,0.03280619279702122
p85_H2,7.083222425020241e-35,171.91166439400018,0.011950859096083816,0.01727831594343192,0.0009056268,1.0,0.25753370046055524
p85_H3,2.4203581667032313e-19,86.38970290645612,0.004376434798437532,0.002111041828887341,0.0022864447,0.32289764040477537,0.08291789042076579
p85_NCI,2.431620166142958e-13,56.03070102207798,0.0031894443658976785,0.0005424103666909997,0.0004214031,0.27215441109240035,0.0690769172293303
p85_MASS,0.3111153915897623,1.0275969055379928,0.0,0.0,0.0,0.0,0.0
p86_H2,0.1990582427705534,1.652766075354755,0.0,0.0,0.0,0.0,0.0
p86_H3,0.00011184364103331903,15.116998220193489,1.6752865786285382e-05,0.0,0.0,0.1319047993355377,0.032980388050330996
p86_NCI,0.0037526499192050153,8.46318966484107,9.536115598284132e-05,0.0,0.0,0.2581151296531449,0.06455262270228194
p86_MASS,0.9017553081357943,0.015250848029353163,0.0,0.0,0.0,0.0,0.0
p87_H2,0.0865926890732204,2.9458578345128585,0.0,0.0,0.0,0.0,0.0
p87_H3,1.578134230185572e-07,28.126618412487517,1.7454413572067283e-07,0.0,1.9795176e-05,0.11351481844480965,0.02838369704119408
p87_NCI,1.2610877436823884e-06,23.947066754648706,0.00015883908319514007,0.0,2.9596686e-05,0.024457378034850766,0.0061614534509203825
p87_MASS,0.8465994850561059,0.037457424026141065,0.0,0.0,0.0,0.0,0.0
p88_H2,0.0003280360606213319,13.04751782378609,0.00015613326099283718,0.0,6.433333e-05,0.015074024226621656,0.003823622705224772
p88_H3,0.018602898346225773,5.567498896255912,7.170015122431231e-05,0.0,0.00031986076,0.13733452813628474,0.03443152226167507
p88_NCI,0.4933019857925486,0.4698672792563603,0.0,0.0,0.0,0.0,0.0
p88_MASS,0.00045918441266131036,12.405636075296393,0.000665280922244297,6.821924051593841e-06,7.755372e-05,0.12988153764713276,0.0326577985531486
p89_H2,5.9691372584669234e-55,298.30013795744856,0.05837136549147,0.014701400116962584,0.00013354477,0.5275235303638222,0.15018246018659967
p89_H3,3.680898669003995e-15,65.07775190426652,0.008934048306110332,0.004404696927390924,0.0017542503,0.5764099710856416,0.14787574164503603
p89_NCI,0.13576863580088835,2.231016966816538,0.0,0.0,0.0,0.0,0.0
p89_MASS,3.733776079189593e-13,55.11275845052293,0.008531124576088818,0.019348119202549866,0.017922707,0.34927347611733645,0.09876885669950057
p90_H2,0.15691835604721271,2.0084907487230184,0.0,0.0,0.0,0.0,0.0
p90_H3,0.0014982383064242434,10.170560885757023,1.1355107436527633e-05,0.0,0.0,0.10783977349206886,0.026962782149876345
p90_NCI,1.943761919136063e-08,32.38491725188112,0.001236856898846646,0.00013377003545973423,1.1450122e-05,0.26634174284649537,0.06693095497563713
p90_MASS,1.5087854331156203e-14,62.01650962054111,0.00588874951733752,0.008096486967851842,0.004434379,0.11121508920308487,0.032408676126487936
p91_H2,8.043792564799752e-11,43.74123560047415,0.001745329010501578,0.0010500720107094502,1.0131877e-05,0.4377028815361721,0.11012710360869293
p91_H3,6.976256012861079e-44,226.28898781015863,0.000526727957106236,0.0,0.0,0.1934817431022846,0.04850211776484771
p91_NCI,7.148728470878884e-47,245.1596291335174,0.006231465896200633,0.0,0.0,0.20974519546591552,0.05399416534052904
p91_MASS,5.051124137133027e-08,30.437526516551863,0.004037355393057424,0.0004200998070349815,0.0,0.2301060365702388,0.0586408729425828
p92_H2,4.2157880319573046e-18,79.99025073873261,0.0009090717895147699,0.0035500711491714397,0.0002642146,0.2959595191921961,0.07517071918614751
p92_H3,1.2962414928796389e-14,62.34523204513414,0.00016942252045457242,0.0001372837373554014,6.203125e-05,0.7408710214893883,0.1853099397491494
p92_NCI,0.037625932949691916,4.3402813054746305,0.00202909449178021,0.0003574808443561262,0.00063541293,0.5099413177533688,0.12824082650465476
p92_MASS,0.004135193474216683,8.284377052091365,0.0009833317850396672,0.0013059249469871816,0.0020457911,0.03128225735946109,0.008904326305500223
p93_H2,6.987603549668414e-80,483.83845000950737,0.028290814848667772,0.03622275835101606,0.0003311751,0.3388315035733713,0.10091906296979175
p93_H3,2.251416393555971e-25,118.39479972142499,0.0002282551786533758,0.0,0.00013390504,0.06416414377521844,0.01613157599744527
p93_NCI,3.1477284229845357e-09,36.12189110752552,0.006577401132479818,0.0014569709949427377,3.9611314e-05,0.2165270062060297,0.05615024741178701
p93_MASS,1.08563784470583e-12,52.83470150429184,0.04000550656276152,0.04547191441948285,0.018564412,0.34592530706411506,0.11249178510417089
p94_H2,4.679310180523272e-57,312.68276178482137,0.00024885074650554933,0.0,0.001752379,0.26357165821425277,0.06639322199046914
p94_H3,0.14021506567883554,2.181126177156306,0.0,0.0,0.0,0.0,0.0
p94_NCI,0.36318814345886496,0.8280468347030554,0.0,0.0,0.0,0.0,0.0
p94_MASS,1.0017459896679788e-57,317.3022551538783,0.00011740049000132236,1.4499767565900751e-05,3.0878287e-05,0.19913389322591268,0.049824167942710405
p95_H2,5.5506963448166214e-12,49.36999487837726,0.0016260671646738513,0.005070323321381695,8.9850524e-05,0.27068442292687217,0.06936766598425471
p95_H3,0.0265891724112499,4.940612434797249,6.937802679327169e-06,0.0,0.0,0.043811716855414136,0.010954663664523365
p95_NCI,0.054118901442018016,3.7230173652629297,0.0009067114387154592,0.0003441273764629064,7.875377e-07,0.09425650631222215,0.02387703316627889
p95_MASS,6.993870126072604e-16,68.70153924771704,0.0005639606733657,0.0,0.0037783028,0.2658054414838015,0.06753692624159768
p96_H2,2.1149147148691803e-09,36.94232849425506,0.0003400308208502689,0.000566746661207954,0.00018562925,0.5257943714399633,0.13172169454327134
p96_H3,6.765111579802762e-23,105.06482325084205,1.112899957251175e-05,0.0,0.0,0.44733988328135865,0.11183775307023279
p96_NCI,0.976304965810202,0.0008828957894501092,0.0,0.0,0.0,0.0,0.0
p96_MASS,6.150532692557571e-19,84.29411079550813,0.0004399667140281893,8.67099246702374e-05,3.6779109e-06,0.16617190458337386,0.041675564783231596
p97_H2,0.01584473943791393,5.851851944534301,0.00017736209998855446,0.0,0.00018052942,0.024810407728971376,0.0062920748112291576
p97_H3,2.8906025705356437e-05,17.749350822558224,0.0030831273348986624,0.0,0.0,0.05731665671928809,0.015099946013546688
p97_NCI,0.12425284326996308,2.3692366727331975,0.0,0.0,0.0,0.0,0.0
p97_MASS,1.444055330436887e-10,42.517441555137125,0.0036575149525606148,0.0,0.00315776,0.1386437058982534,0.03636474521685854
p98_H2,1.1066927567414914e-20,93.36997386308873,0.0002812596090910553,7.79632802548393e-06,6.1835913e-06,0.16196685061782748,0.04056552253655287
p98_H3,0.021969073935770175,5.274520113259399,3.15409021419069e-06,0.0,0.0,0.015330924318160733,0.003833519602093731
p98_NCI,7.444706007213803e-29,137.55202183437677,0.00012901758565966886,0.0,2.3791907e-05,0.06476499255988322,0.016229450513046258
p98_MASS,2.3987831357461833e-22,102.14193062376295,4.165623373662328e-05,1.229565780177478e-06,2.116772e-06,0.11115142005364874,0.027799105656307905
p99_H2,3.105808835497164e-10,40.92026690282377,0.004203437387717199,0.003052457421021366,0.0014101247,0.10863730785547873,0.029325831842813253
p99_H3,0.027903231840847444,4.856638932767329,0.00029799121021636385,0.0,4.3419964e-06,0.17283515466375926,0.043284371967587186
p99_NCI,0.11414612031411746,2.5028421588712924,0.0,0.0,0.0,0.0,0.0
p99_MASS,0.00033002196448599194,13.035976672293405,0.003523279798154113,0.004033528955226577,4.5602823e-07,0.1354839621035515,0.03576030672129106
p100_H2,0.22208447130705114,1.4938215211001948,0.0,0.0,0.0,0.0,0.0
p100_H3,0.9055949466005025,0.014076554165015114,0.0,0.0,0.0,0.0,0.0
p100_NCI,0.6030680836316646,0.27066781850279004,0.0,0.0,0.0,0.0,0.0
p100_MASS,0.0020251837236240533,9.607145630435411,0.00018812890869186998,0.0,8.223343e-08,0.02210450544045957,0.005573179145644655
p101_H2,0.3704454776687308,0.8033255239680783,0.0,0.0,0.0,0.0,0.0
p101_H3,4.584039792490658e-28,133.1625297333345,0.0005598078071953446,0.0,0.006924929,0.1752432257024395,0.04568199065173241
p101_NCI,2.727718301568266e-53,287.1197644043965,0.00019386985267299997,0.0008990174120672594,9.038818e-07,0.46649266290255564,0.116896613512277
p101_MASS,0.0022678565792733267,9.3962915499666,0.0004367420503701034,0.0,0.0,0.1110021530792683,0.027859723782409602
p102_H2,1.4434293865514794e-21,98.01911389487735,8.154750961430447e-06,0.0,2.856862e-06,0.04929855539652616,0.012327391752374637
p102_H3,3.138597976710305e-17,75.53225954653469,0.0004912145648001518,0.0,0.0,0.12997691326661276,0.032617031957853225
p102_NCI,0.011017307900486138,6.501209436067566,3.446971988224086e-05,0.002284150231979703,9.669313e-07,0.1505100618701835,0.038207412188346
p102_MASS,2.3716305494988674e-24,112.86269527142211,0.013539471200709165,0.020069375151266035,0.16138402,0.11130559007718237,0.07657461317614087
p103_H2,1.159289413184731e-07,28.750943494298923,0.00013571434454204514,0.0,0.0061983285,0.2075942415206361,0.0534820710798064
p103_H3,0.9587330493599598,0.002679538287824632,0.0,0.0,0.0,0.0,0.0
p103_NCI,3.80100344101504e-13,55.074594970152134,0.0006270089246932992,0.0,5.8612463e-06,0.033194597936789944,0.008456867026954881
p103_MASS,4.6091237682631026e-05,16.83817131822337,0.00018148153140022828,0.00025736333728084625,0.0,0.22287489254867454,0.0558284343543389
p104_H2,6.590885620772681e-07,25.24670237163899,4.9383164831044916e-05,5.810247296325727e-07,0.0021220047,0.058734129453683226,0.015226524598124324
p104_H3,6.924302708777317e-09,34.499769005866575,4.4658869717643496e-05,0.0,1.3045238e-05,0.20302721400787252,0.05077122952892753
p104_NCI,0.29192953382572806,1.112576258188083,0.0,0.0,0.0,0.0,0.0
p104_MASS,0.0031311221317736676,8.797656533624114,0.00021795797077743602,4.76611587214191e-05,0.0008140079,0.06279801343397894,0.01596941011242439
p105_H2,0.10839362475942922,2.5848678425139378,0.0,0.0,0.0,0.0,0.0
p105_H3,0.13150107123551324,2.2806554967772326,0.0,0.0,0.0,0.0,0.0
p105_NCI,0.08815201076006136,2.9168979606967973,0.0,0.0,0.0,0.0,0.0
p105_MASS,0.06664353668324771,3.3755694753117553,3.796833706671696e-05,0.0,1.1314386e-05,0.1269302962572716,0.03174489474509182
p106_H2,4.1893166216000184e-19,85.1561396607222,3.083110975648253e-05,0.00024722933299439835,4.364839e-06,0.06442955261543118,0.016177994474242337
p106_H3,3.6344985092788645e-06,21.8379172094056,4.009685008043614e-05,0.0,7.0917747e-07,0.2665579356780545,0.06664968542640137
p106_NCI,6.265071520312398e-12,49.11381057036176,0.0001760445657751148,0.0,6.8463564e-06,0.011824854792332192,0.0030019364286337164
p106_MASS,2.2442703777946777e-12,51.29002763840889,0.00024367291818679846,0.0,3.276479e-05,0.12947704100784382,0.032438369679101645
p107_H2,0.014189268382317839,6.048275152350583,0.0019059543630445385,0.0,0.000115748204,0.29648876707585814,0.07462761741068197
p107_H3,1.0542550082116527e-10,43.17508946884599,6.47262480928369e-06,0.0,0.0,0.11980881846928818,0.029953822773524364
p107_NCI,1.052428011670032e-31,153.6178736869094,0.0010570861974269524,0.0,0.00051210343,0.10162276722178436,0.02579798921323302
p107_MASS,7.812639446547035e-08,29.551237558770474,0.0015332471856275636,0.0,0.024328534,0.0328882967402359,0.014687519371475269
p108_H2,6.313256251768816e-06,20.743319168167904,0.00047218647292130735,0.0,2.8912752e-06,0.2669199868639071,0.06684876615301813
p108_H3,0.003629699147664556,8.524634037150463,1.2259314712779699e-06,0.0,1.4420497e-06,0.209977501389183,0.052495042342579935
p108_NCI,1.1110806798678922e-12,52.78536132696395,0.0006182533739791076,0.0,2.9940833e-05,0.0633544203691007,0.016000653644013405
p108_MASS,1.656185485524626e-12,51.935827121136576,0.0014636709211191773,7.245655988107447e-07,2.5506333e-06,0.2708093927736204,0.06806908472341608
p109_H2,0.15629991101117754,2.0145040262683893,0.0,0.0,0.0,0.0,0.0
p109_H3,0.08750376109250864,2.92886924142814,0.0,0.0,0.0,0.0,0.0
p109_NCI,0.09521242233835885,2.792394276186388,0.0,0.0,0.0,0.0,0.0
p109_MASS,0.07187129040095792,3.2507560580622985,0.0,0.0,0.0,0.0,0.0
p110_H2,0.03803819528356926,4.321598757887201,0.007293616698185848,0.006160456127109434,0.0022751514,0.04722909784415787,0.01573958052571908
p110_H3,0.04249421971312455,4.132275756240441,0.00011464717150033555,0.0,0.0,0.1600833809824854,0.04004950703849643
p110_NCI,0.0009488874147023957,11.029490085075622,0.0073590683011215815,0.002609577126472947,0.0032430228,0.08589959231575812,0.024777815143627376
p110_MASS,0.4455621017664767,0.5826524018228868,0.0,0.0,0.0,0.0,0.0
p111_H2,0.6885489472869419,0.16080972977731225,0.0,0.0,0.0,0.0,0.0
p111_H3,0.9403309719068961,0.00560760558579479,0.0,0.0,0.0,0.0,0.0
p111_NCI,2.70404420717162e-09,36.4351749586109,0.0010534096477199577,0.0004956807071542927,4.3921445e-05,0.3469232468911466,0.08712906467287204
p111_MASS,0.6201294674227296,0.2459302446093282,0.0,0.0,0.0,0.0,0.0
p112_H2,0.82168130540817,0.050840167490200205,0.0,0.0,0.0,0.0,0.0
p112_H3,9.587430354067315e-08,29.13591123083319,0.00019366777548744332,0.0,1.1649409e-05,0.006241217093831799,0.001611633569658887
p112_NCI,0.00034989081740887756,12.924229333102492,0.003012247171466796,0.0022338184281478256,0.0007065559,0.1572738178031638,0.040806609826666916
p112_MASS,0.00035061203131541113,12.920294759747055,0.002775097149675526,0.0003851953132910942,0.0007548256,0.09824262788345825,0.02553943648566421
p113_H2,3.1578191377157458e-12,50.56514332210232,5.245626574461881e-05,0.0,7.353789e-07,0.023563856548765298,0.0059042620483464835
p113_H3,5.4514373458576245e-05,16.511256350831427,5.8524341780296785e-06,0.0,0.0,0.09375810097521041,0.02344098835234711
p113_NCI,2.985111574372437e-20,91.11687830107327,0.00023478459746655744,0.0,0.0,0.586078355539673,0.14657828503428488
p113_MASS,6.218560506897406e-22,99.95047136508788,8.261081988090757e-05,0.0,0.0,0.04974981479251095,0.012458106403097965
p114_H2,0.0066073422199529296,7.426316792338465,0.0013496724065201944,0.0,4.401475e-06,0.08712824449488768,0.022120579594115185
p114_H3,2.67400908868122e-10,41.232063898725436,2.326223079266961e-06,0.0,1.0817122e-05,0.24681228146319026,0.061706356201972325
p114_NCI,1.1449110287792996e-13,57.64651655933575,0.005567832252145888,1.676190180610303e-05,2.1342108e-05,0.5897022405660093,0.1488270442070114
p114_MASS,0.006571002449511239,7.436361396222084,0.00020778992185315295,6.40944993762707e-05,1.5982766e-06,0.10779678556566114,0.02701756706588262
p115_H2,6.873209397627724e-06,20.57522310483988,0.0015013348221637908,0.0010984991600576765,0.00022447646,0.07325422411727953,0.01901963364034546
p115_H3,2.6925159132501296e-12,50.90338456706103,0.00031392444291949225,0.0006453778254608017,0.0,0.24495818215050058,0.06147937110472022
p115_NCI,0.02683174227100701,4.924790131815349,0.0005750172782788042,0.00028216303397949217,5.5329438e-06,0.3406786670177553,0.0853853450684434
p115_MASS,3.7026074520668154e-05,17.265427310431026,0.0017736126621250262,8.614821017841027e-05,1.2620498e-06,0.05015028599822045,0.013002827230068481
p116_H2,2.5456844832008316e-27,129.04647093655944,0.004392185893243341,0.02095919841707844,0.00546174,0.12182165996594582,0.03815869602952905
p116_H3,0.4950086557863338,0.466166481107228,0.0,0.0,0.0,0.0,0.0
p116_NCI,4.832079555360829e-15,64.4860362864188,3.796061674282068e-05,0.0,2.8326325e-05,0.2482105469210566,0.06206920846576587
p116_MASS,1.2438603526220507e-22,103.65691299620278,9.336417362918028e-05,0.0,5.1363255e-08,0.06291409184977224,0.0157518768466641
p117_H2,0.08779744565913873,2.92343385302482,0.0,0.0,0.0,0.0,0.0
p117_H3,8.94413102489248e-05,15.549678831862044,0.0009288752186296063,0.0,0.00014726279,0.17839240927190017,0.044867136820599986
p117_NCI,0.02379926831686561,5.134221472118271,0.002330306989005828,0.0,1.7317672e-05,0.2307036435555969,0.05826281705421207
p117_MASS,0.0019365930073751607,9.690593469752743,0.0031040862635934746,0.008173966986302208,9.836391e-05,0.21487944632934952,0.056563965872584485
p118_H2,0.7219838651557398,0.12671378024131658,0.0,0.0,0.0,0.0,0.0
p118_H3,0.0052849930753746535,7.8340672372428655,6.799852696021682e-05,0.0,0.0,0.06901441209205578,0.017270602654753997
p118_NCI,8.633646488946118e-05,15.618153060092231,0.0023038209317810814,0.0011257234229322586,5.0384922e-05,0.2727566203187117,0.06905913739894638
p118_MASS,0.16192818379440516,1.9607534973122547,0.0,0.0,0.0,0.0,0.0
p119_H2,4.299540626811321e-41,209.0530673506864,0.000255582971326966,0.0,1.5865239e-06,0.10714798617445256,0.026851288917425387
p119_H3,2.051773471651868e-27,129.56304428889845,0.00010355021216853953,0.0,2.5794088e-06,0.376685640870604,0.09419794262290032
p119_NCI,0.3211771756210252,0.9857082802055042,0.0,0.0,0.0,0.0,0.0
p119_MASS,2.2272880979525936e-25,118.42021485489154,0.002287857834539296,0.0017576520590247733,0.00020407296,0.13649753449745178,0.03518677933765513
p120_H2,0.9315801927694483,0.007377336687467015,0.0,0.0,0.0,0.0,0.0
p120_H3,0.8537036941223064,0.03402956134016434,0.0,0.0,0.0,0.0,0.0
p120_NCI,0.5359126312554068,0.3835916343801587,0.0,0.0,0.0,0.0,0.0
p120_MASS,0.8415270640014505,0.04000945083232144,0.0,0.0,0.0,0.0,0.0
p121_H2,4.279316915692036e-12,49.92085723225809,0.0014613579830249183,0.0013852916602557185,8.5927175e-05,0.6466070426526367,0.16238490486771695
p121_H3,1.5342115466663746e-12,52.09853259295461,1.534048233641498e-05,0.0,6.6204134e-06,0.05187999416415013,0.012975488764968457
p121_NCI,1.0203070610930035e-34,170.98714870159128,0.005550755109307172,0.0011431414266460942,0.0006995059,0.40905696885651016,0.10411259282521954
p121_MASS,0.00041498006218073166,12.59854959958625,0.002851463457258506,0.0,5.116488e-05,0.10385359295430947,0.026689055322779726
p122_H2,0.680055014068407,0.17022293552314346,0.0,0.0,0.0,0.0,0.0
p122_H3,2.524882351079683e-21,96.73964435133183,6.754457320485107e-05,0.0,2.1993706e-06,0.14772342052080328,0.03694829111614101
p122_NCI,7.4659180156725856e-37,183.53702009949743,0.0002335285682441346,2.7200554834648915e-05,1.0530182e-05,0.16382245065318674,0.041023427489668335
p122_MASS,1.891058802434794e-12,51.653877569470694,0.0003367036170865142,0.0,3.0043486e-06,0.06583430363102052,0.016543502899183674
p123_H2,2.6367239747542218e-24,112.61476609561028,0.0007101928215964554,0.0,0.00065598544,0.025174399099528122,0.00663514433961454
p123_H3,0.0058328491447570815,7.653708301085997,1.853938423510759e-05,0.0,0.0,0.1770553608319035,0.04426847505403465
p123_NCI,2.5758708914892722e-11,46.1312289943739,8.070816359773341e-05,0.0,7.122701e-05,0.15138760477527632,0.037884884987739946
p123_MASS,5.780129598317626e-19,84.43346740045476,2.6790361805391663e-05,0.0,0.0,0.05265757101082644,0.013171090343157957
p124_H2,4.8782702165885354e-120,864.586023749156,3.195077355764178e-05,0.0,0.0002499164,0.27483937662733127,0.0687803109493646
p124_H3,0.009260067132266106,6.814194430833507,5.286495259483327e-09,0.0,0.0,0.03611147503747963,0.009027870080993722
p124_NCI,1.1386109944519224e-56,310.02815089133423,1.0917218868483896e-05,0.0,0.0004010947,0.2675863117566209,0.06699958091921583
p124_MASS,1.2256776230242996e-129,973.5373988276291,0.3959823161734206,0.09971313724470288,0.0,0.12333746239164146,0.15475822895244123
p125_H2,5.002741992579424e-18,79.60896786649283,0.00011913656555146894,0.0,5.4935076e-06,0.12839436070587976,0.03212974769476156
p125_H3,2.0636990933243005e-20,91.9541745091376,7.883828538686168e-06,0.0,0.0,0.06327247765470786,0.015820090370811637
p125_NCI,1.6464720404472003e-07,28.04089002589704,0.00013349135395527672,0.0,0.00034283812,0.28604462029561634,0.07163023744162328
p125_MASS,6.33699429297633e-17,73.97938105670084,0.00018628757487651305,0.0,6.5062574e-07,0.16511042174930293,0.04132433998747896
p126_H2,0.3624968899023179,0.8304372707702913,0.0,0.0,0.0,0.0,0.0
p126_H3,0.18071761907982814,1.7957147093721662,0.0,0.0,0.0,0.0,0.0
p126_NCI,0.39744927111314776,0.7170122932063365,0.0,0.0,0.0,0.0,0.0
p126_MASS,0.2282496783339317,1.45458261853959,0.0,0.0,0.0,0.0,0.0
p127_H2,4.5214990966651665e-26,122.19138286400849,3.0402863164202506e-06,0.0,0.0,0.26106569089380327,0.06526718279502992
p127_H3,4.8598725851147983e-32,155.53260899323033,0.0,0.0,0.0,0.07900785342889007,0.019751963357222516
p127_NCI,0.8842612631089357,0.021207764601214256,0.0,0.0,0.0,0.0,0.0
p127_MASS,5.094016888770461e-23,105.721677987243,4.7545127117801503e-07,0.0,0.0,0.008071202868856913,0.002017919580032023
p128_H2,4.748507778569129e-05,16.78010829329581,0.000459308894306264,0.00015472859066319303,0.0,0.033298893521531946,0.008478232751625351
p128_H3,1.6160702039783731e-18,82.13053347081781,7.472226186980504e-06,0.0,5.4828633e-05,0.06004324470753774,0.015026386391790646
p128_NCI,4.7371784420431365e-05,16.78476314757812,0.0008095953761583252,0.0,3.238203e-05,0.27372243591747236,0.0686411033312451
p128_MASS,1.2561827114948197e-39,200.1407464087396,0.0007298435811193676,0.0,0.00031877623,0.03898385194655579,0.010008117940432059
p129_H2,5.340257065693373e-05,16.551365664362603,0.0006531923426589252,0.0005237585592187781,3.9398645e-05,0.0989050784465746,0.02503035699829575
p129_H3,0.06942837504876806,3.307824863610212,0.0,0.0,0.0,0.0,0.0
p129_NCI,0.7622478136753512,0.0916044351248737,0.0,0.0,0.0,0.0,0.0
p129_MASS,0.007199488825221846,7.270170214190883,0.0013515807183595784,4.345759560502034e-07,1.0179459e-06,0.03829530888750844,0.009912085531935906
p130_H2,0.2023347533349039,1.6288552068923023,0.0,0.0,0.0,0.0,0.0
p130_H3,1.0,0.0,0.0,0.0,0.0,0.0,0.0
p130_NCI,4.8118788040086274e-11,44.81828437295431,4.2783525683133674e-05,0.0,0.0,0.025617169654505993,0.006414988295047282
p130_MASS,0.21753172981815075,1.523646074446935,0.0,0.0,0.0,0.0,0.0
p131_H2,1.23437136516201e-13,57.48491904463354,1.7166343137043496e-05,0.0,0.0,0.09521677224188031,0.02380848464625434
p131_H3,2.1470822898663834e-22,102.39740979586266,2.2302484126084014e-05,0.0,0.0,0.08378456579480956,0.02095171706973391
p131_NCI,0.09027048285699067,2.8784327933535074,0.0,0.0,0.0,0.0,0.0
p131_MASS,4.7177685968259e-21,95.31210120192151,1.7740322093734021e-06,0.0,7.151628e-07,0.01196279253049912,0.002991320431376702
p132_H2,0.00043236885207568635,12.520288711862232,0.0017552149155641093,0.0,4.51781e-05,0.07189216671108152,0.018423139932054577
p132_H3,0.7014114033592369,0.14714251868302528,0.0,0.0,0.0,0.0,0.0
p132_NCI,0.00012295311875244,14.933954871515986,0.0004632032519143008,0.0,4.4112044e-06,0.01794067796489407,0.004602073105295204
p132_MASS,0.8297803845633085,0.046256432633930596,0.0,0.0,0.0,0.0,0.0
p133_H2,0.8074342805521139,0.05945816551403852,0.0,0.0,0.0,0.0,0.0
p133_H3,0.8012406244180844,0.06342779864572244,0.0,0.0,0.0,0.0,0.0
p133_NCI,0.7279634125408152,0.1210982124303682,0.0,0.0,0.0,0.0,0.0
p133_MASS,0.56918089242688,0.3243979056909638,0.0,0.0,0.0,0.0,0.0
p134_H2,0.061536133772555665,3.5080763704605182,3.4060013055359686e-06,0.0,0.0,0.01566311463941286,0.003916630160179599
p134_H3,1.0,0.0,0.0,0.0,0.0,0.0,0.0
p134_NCI,0.06153613377253555,3.508076370461184,3.4060013055359686e-06,0.0,0.0,0.01566311463941286,0.003916630160179599
p134_MASS,0.06153613377370243,3.5080763704295332,3.4060013055359686e-06,0.0,0.0,0.01566311463941286,0.003916630160179599
p135_H2,6.218158229577682e-19,84.2695798430138,0.00010851556468958807,0.0,0.0,0.03541493350877422,0.008880862268365953
p135_H3,0.016609276859376364,5.7681908496059435,5.8361719534866794e-05,0.0,0.0,0.15791924131808527,0.03949440075940503
p135_NCI,5.467683987385286e-13,54.297580914755585,8.385252403046954e-05,0.0,0.0,0.07829362179347941,0.01959436857937747
p135_MASS,3.1373848098135683e-17,75.533115042872,2.8380934144023254e-06,0.0,0.0,0.03791094586005119,0.009478445988366398
p136_H2,0.0400512024223,4.233330590273226,0.0001494045974074092,0.0,1.1828413e-05,0.0026570496627336972,0.0007045706683690327
p136_H3,0.2081456448764833,1.5875526614549138,0.0,0.0,0.0,0.0,0.0
p136_NCI,0.8669725969887193,0.028081023903491306,0.0,0.0,0.0,0.0,0.0
p136_MASS,0.04722249496460909,3.9530166605363024,0.00016703582305714623,3.26536235719772e-07,1.705284e-05,0.12459639943419999,0.031195203658403545
p137_H2,8.975653105847943e-23,104.41084971191171,6.787849844360264e-07,0.0,0.05421183,0.029555598349742813,0.020942026498096886
p137_H3,1.0473772905778598e-26,125.66803609597387,1.2079744045327079e-05,0.0,0.0,0.12750231156050942,0.03187859782613869
p137_NCI,1.959210491241925e-21,97.31973881212896,0.00027592540537310834,0.0,1.6717505e-07,0.0954803602314577,0.023939113202969042
p137_MASS,0.09691121523643967,2.763938317090007,0.0,0.0,0.0,0.0,0.0
p138_H2,3.558628147392237e-09,35.86905327761053,7.259543834146605e-07,0.0,0.0,0.0122280648962722,0.003057197712663904
p138_H3,0.061536133772586786,3.5080763704597198,3.4060013055359686e-06,0.0,0.0,0.01566311463941286,0.003916630160179599
p138_NCI,3.1286703332088427e-23,106.85171426599956,1.2864086312091252e-07,0.0,0.0,0.01934671332703299,0.004836710491974028
p138_MASS,1.6714349866750043e-26,124.55515584551328,4.225461763028521e-06,0.0,0.0,0.0031229913923003223,0.0007818042135158377
p139_H2,5.454835115480264e-22,100.25150922377199,0.00019760016200212334,0.0,0.0,0.03634113450214682,0.009134683666037237
p139_H3,1.9432524055535087e-18,81.71844575232087,2.1134129188422996e-07,0.0,0.0,0.21159716572863665,0.052899344267482135
p139_NCI,1.0473688831780167e-06,24.3184888734685,1.6273009841363765e-05,0.0007188928830947795,0.0,0.05807226667193519,0.014701858141217834
p139_MASS,3.347945961835762e-07,26.608526652456845,5.617635011509301e-06,0.0,0.0,0.07132299371184432,0.01783215283671396
p140_H2,0.010770603859866725,6.541916471190066,1.2185522831924863e-05,0.0,0.0,0.6520373781693305,0.1630123909230406
p140_H3,1.7045625454207548e-21,97.63837182625741,1.2680874970354552e-05,0.0,0.0,0.20093831325094516,0.05023774853147888
p140_NCI,0.06570489552954244,3.3990888165511723,8.005871276313874e-05,0.0,0.0,0.16959865616582162,0.04241967871964619
p140_MASS,0.032496324752591475,4.592535392874573,2.6805689445908176e-05,0.0,4.6623436e-06,0.011984928175789377,0.0030040990522086195
p141_H2,0.06765593769055973,3.3505963741099083,3.4060013055359686e-06,0.0,0.0,0.01566311463941286,0.003916630160179599
p141_H3,0.8998445820853331,0.01585301343907526,0.0,0.0,0.0,0.0,0.0
p141_NCI,3.79627920646983e-12,50.17467993657344,2.357243939017048e-08,0.0,0.0,0.1762361105271052,0.044059033524886146
p141_MASS,2.3685740291728363e-20,91.64151282777556,7.332812601385467e-09,0.0,0.0,0.009929856480095308,0.0024824659532269775
p142_H2,0.19029583948219814,1.719052056545244,0.0,0.0,0.0,0.0,0.0
p142_H3,1.0,0.0,0.0,0.0,0.0,0.0,0.0
p142_NCI,0.00010964990994232825,15.155307359616735,0.0030836440883523115,0.0,0.0066229384,0.18452911230041044,0.04855892370700319
p142_MASS,0.8310600579516754,0.045552920935339816,0.0,0.0,0.0,0.0,0.0
p143_H2,5.5587573256289e-29,138.25994322367907,7.75577360708944e-05,0.0014108512747901692,0.0002433252,0.05610423852160613,0.014458993181586364
p143_H3,1.1833670924962106e-06,24.07425415646282,3.7426589924419078e-06,0.0,0.0,0.1201575883513606,0.030040332752588262
p143_NCI,0.8903879589221428,0.019007974816894275,0.0,0.0,0.0,0.0,0.0
p143_MASS,3.5036824092017737e-12,50.344722034985715,0.0036040808146568866,0.0,0.0,0.006010688778897868,0.0024036923983886886
p144_H2,0.735549715956133,0.11417830602595763,0.0,0.0,0.0,0.0,0.0
p144_H3,0.2589789598218682,1.2765245775022482,0.0,0.0,0.0,0.0,0.0
p144_NCI,1.2354338532799346e-12,52.55945772036821,1.7444537106495453e-05,0.0,0.0005145779,0.04859417925026591,0.012281550421741567
p144_MASS,0.00803176464761323,7.071631150143943,0.00047296876135150315,0.0,0.0006067511,0.036861103642284725,0.009485205882817606
p145_H2,0.0017811759928474341,9.846828078903094,1.0362606454133605e-05,0.0,2.9552155e-07,0.11667065308992147,0.029170327804480155
p145_H3,0.6327768427809215,0.22853807569173382,0.0,0.0,0.0,0.0,0.0
p145_NCI,0.014030279779361879,6.068371521356835,1.1974012324148132e-05,0.0,4.328921e-06,0.04581606278103307,0.011458091428594937
p145_MASS,0.010576913960491178,6.5745538300810695,1.4714776831841228e-06,0.0,0.0,0.06666720462319349,0.01666716902521917
p146_H2,0.09532049614774703,2.7905675133864984,0.0,0.0,0.0,0.0,0.0
p146_H3,1.425163537311006e-07,28.332883819121058,2.164532856438435e-05,0.0,9.151294e-05,0.049826329397165,0.012484871916973048
p146_NCI,0.04987820695398314,3.8604744582535955,0.0007394445692160836,0.0,2.9344e-05,0.27268297290269217,0.06836294036815772
p146_MASS,0.00426081742630776,8.229321428028351,0.00034932967531523814,0.0,0.0005771233,0.047198303281412474,0.012031189067135408
p147_H2,0.7302958032237925,0.11894645839424177,0.0,0.0,0.0,0.0,0.0
p147_H3,2.7777291704334176e-27,128.8376563235741,0.0,0.0,0.0,0.17422917112175432,0.04355729278043858
p147_NCI,1.7155404812631897e-12,51.860954256132935,4.583976953102358e-05,0.0,0.0,0.20755347205155192,0.05189982795527073
p147_MASS,2.000056977504261e-15,66.40625594484521,0.005382875176654218,0.0005541558453979411,0.0,0.15284557685723799,0.03969565196982253
p148_H2,0.1622921575738169,1.9573511911245922,0.0,0.0,0.0,0.0,0.0
p148_H3,0.2450394834998336,1.353907427775662,0.0,0.0,0.0,0.0,0.0
p148_NCI,0.12448669799292901,2.36628966236612,0.0,0.0,0.0,0.0,0.0
p148_MASS,0.04616252953138235,3.9915002777971686,0.0016313834370053563,0.0,3.6126344e-06,0.045527504532478856,0.011790625150964299
p149_H2,2.8773132115698315e-09,36.30708193643878,0.00012150805914421988,0.0,2.7105932e-07,0.29734327532652877,0.07436626361124844
p149_H3,4.7165024154402606e-05,16.79328726529452,0.00023920008990888956,0.0,1.5484961e-06,0.1107964189241753,0.027759291877553435
p149_NCI,9.229323584478137e-07,24.571707870033354,0.000512737599881698,0.0,0.0,0.0472445471809278,0.011939321195202374
p149_MASS,6.319875023652205e-06,20.741245859159548,8.727341713682652e-05,0.0,1.2007587e-05,0.17261490500667906,0.043178546502811284
p150_H2,2.7622470003927255e-07,26.9960946287679,0.00030768999352611694,0.0006030715432189834,0.00014282568,0.1115035356880894,0.028139280726230224
p150_H3,0.005349335987646377,7.81191798900338,3.1376716174223514e-05,0.0,0.00769514,0.2915423352595178,0.07481721295677828
p150_NCI,6.801845140150817e-12,48.93993156061269,0.00010598475087291867,0.0,5.1751013e-06,0.20507824100376687,0.05129735021397261
p150_MASS,4.475508595401446e-24,111.37810652751743,0.00010865107811281067,0.0,0.000116198724,0.09026236713969239,0.02262180423541248
p151_H2,1.18102883608533e-16,72.6066622918448,1.7991577172296862e-05,0.00018566411869595458,0.0,0.17689529422800848,0.04427473748096918
p151_H3,0.0006581652848975169,11.721464231512783,3.5453829043051116e-05,0.0,0.0,0.14643059799065034,0.036616512954923346
p151_NCI,0.00041480567658053663,12.599351145734982,2.6668095215412184e-05,0.0,0.0,0.0727488019183332,0.018193867503387154
p151_MASS,0.5080082239997572,0.43867128294388646,0.0,0.0,0.0,0.0,0.0
p152_H2,0.10741650681184976,2.5992766602228405,0.0,0.0,0.0,0.0,0.0
p152_H3,0.5775668478076186,0.31050955745662207,0.0,0.0,0.0,0.0,0.0
p152_NCI,0.007558388526477025,7.181811810276257,0.0004624088909885424,0.00121880835858716,0.0012016441,0.004368342399346033,0.0018128009307733792
p152_MASS,0.1652281025308596,1.9302222169323933,0.0,0.0,0.0,0.0,0.0
p153_H2,0.5759244317376568,0.3131981833219539,0.0,0.0,0.0,0.0,0.0
p153_H3,0.11019348326985022,2.5586972410138316,0.0,0.0,0.0,0.0,0.0
p153_NCI,0.18125042371296918,1.791327312934268,0.0,0.0,0.0,0.0,0.0
p153_MASS,0.7553915024906045,0.0971411410260032,0.0,0.0,0.0,0.0,0.0
p154_H2,0.479239634158374,0.5011935976435121,0.0,0.0,0.0,0.0,0.0
p154_H3,0.4265731335398769,0.6329601931701597,0.0,0.0,0.0,0.0,0.0
p154_NCI,0.029481943090062968,4.761046992736978,0.0005260134682850922,0.0002341307831282645,0.00046818634,0.3194307726224033,0.08016477580236371
p154_MASS,0.0003225270881765069,13.079907154637505,0.0006329902899655969,0.001040957830794092,0.0003334332,0.1357213510979204,0.03443218310819737
p155_H2,3.705325448772978e-48,253.4035761645746,0.00014220019511847852,0.0,0.0011148201,0.1951559578375627,0.049103244540712646
p155_H3,1.7517661267423704e-27,129.9418681714791,0.00014284807252988683,0.0,0.0,0.22873582142282475,0.05721966737383866
p155_NCI,2.6227019829070415e-29,140.08339902856392,0.000791281998415192,0.0,0.0013218222,0.3195022805957481,0.08040384619154853
p155_MASS,0.14415431432307252,2.138391097095587,0.0,0.0,0.0,0.0,0.0
p156_H2,0.03130170641071993,4.657280536947144,0.000562026491073098,0.0,0.0,0.15994118677880007,0.04012580331746829
p156_H3,0.5526229800921387,0.3530203759546277,0.0,0.0,0.0,0.0,0.0
p156_NCI,0.02676982931197569,4.928814365611581,0.002910736665032974,0.0015387775519837368,2.002205e-05,0.17075377399838693,0.04380582756617198
p156_MASS,3.4790997708883145e-05,17.38704117969484,1.167318354399128e-05,0.0,9.964979e-07,0.0026848921502851766,0.0006743904579259018
p157_H2,0.3261741501016263,0.9655418926216758,0.0,0.0,0.0,0.0,0.0
p157_H3,0.05029515594231731,3.8464203710012286,5.644854159297647e-05,0.0,8.260245e-05,0.13564237065892537,0.03394535541211623
p157_NCI,0.08396610714267881,2.995941992918607,0.0,0.0,0.0,0.0,0.0
p157_MASS,0.6304584547594945,0.2316673542343658,0.0,0.0,0.0,0.0,0.0
p158_H2,1.9805269864325637e-05,18.490255420594938,0.00015369397732982256,0.0006642681507876124,8.398742e-05,0.23518382837228313,0.05902144447990076
p158_H3,0.07240624230883991,3.2385372299480926,0.0,0.0,0.0,0.0,0.0
p158_NCI,5.8670663187916155e-09,34.84019218839168,0.00027903857979784066,0.0,1.3058066e-05,0.1135584679622561,0.028462641151921795
p158_MASS,5.15628572775065e-07,25.73963398084974,0.00014885256670110514,0.0,3.3054916e-05,0.08916948240243383,0.022337847471170694
p159_H2,0.02866846568088693,4.809617458765352,0.0006810419666779004,0.0,8.402867e-05,0.2254968864200818,0.05656548926334147
p159_H3,0.26647187251355214,1.2370262753045869,0.0,0.0,0.0,0.0,0.0
p159_NCI,0.005455205308253799,7.776059928045257,6.470323880058367e-05,0.0,0.00012547254,0.09504586801226751,0.023809010946699145
p159_MASS,0.0002471029876808467,13.59014459476156,0.00035281479394142065,0.0,0.00013962026,0.08525086010917327,0.021435823790018536
p160_H2,0.5893720270638898,0.2916267134087385,0.0,0.0,0.0,0.0,0.0
p160_H3,1.0,0.0,0.0,0.0,0.0,0.0,0.0
p160_NCI,0.5893720270630465,0.29162671341005003,0.0,0.0,0.0,0.0,0.0
p160_MASS,0.5893720270648666,0.2916267134072773,0.0,0.0,0.0,0.0,0.0
p161_H2,0.10314190163051942,2.6640512604401634,0.0,0.0,0.0,0.0,0.0
p161_H3,1.5565825221581803e-08,32.83918061576889,6.11104106311682e-05,0.0,2.3156443e-07,0.030220199932922936,0.007570385476995545
p161_NCI,8.690417161468709e-09,34.033405679660554,0.00038072221518176634,0.0013460813695260962,0.00011193765,0.6513947810298212,0.16330838056527713
p161_MASS,0.0021976771020045063,9.45481506747717,0.003214142285607376,0.01904288252337497,0.0022918005,0.21198966804851535,0.05913462332793915
p162_H2,0.3775389227340388,0.7798077697515494,0.0,0.0,0.0,0.0,0.0
p162_H3,4.1672585445548855e-05,17.034688640115537,0.0004079525439764633,0.0,5.0632188e-08,0.09545090984440094,0.023964728255141406
p162_NCI,0.045155655859525086,4.028930991143852,0.00022065109325548565,0.0,2.0420923e-06,0.1660452890969714,0.04156699557063653
p162_MASS,0.009228979240934135,6.820266695174302,4.4192227520915173e-05,0.0,1.9076283e-06,0.07687679035427188,0.019230722552523807
p163_H2,3.9026053256545445e-09,35.67900481236448,0.00047945895884139614,0.0011062905398097418,4.0481616e-05,0.20736746345339266,0.05224842364212392
p163_H3,5.614054530989993e-11,44.49484484816864,9.366207833421813e-05,5.864332577557977e-06,1.6097644e-07,0.2640010096684553,0.06602517426395203
p163_NCI,3.626216298469938e-39,197.3611721204833,0.00011576317652780132,4.468938777875469e-06,4.361883e-07,0.2734577944407741,0.06839461568609176
p163_MASS,2.8660646279665087e-10,41.087568894775536,6.422055903983423e-05,0.0,8.021851e-06,0.0012278531235274581,0.0003250238832893261
p164_H2,0.00033710414899872684,12.995382661002624,0.0003861078845655831,0.0,0.00014741652,0.058387681903257285,0.014730301576531376
p164_H3,1.3374803555504322e-10,42.6776201801772,0.00012818218910887446,0.0,0.0043237135,0.4172362618183617,0.1054220393722242
p164_NCI,0.20696975332024214,1.5957996957646896,0.0,0.0,0.0,0.0,0.0
p164_MASS,1.0172724142677802e-11,48.08933614305795,0.00043469385380070266,0.0006901031784532197,5.819047e-05,0.0035108160673643658,0.001173450892770473
p165_H2,3.746843787036524e-30,144.82800716047353,0.00030540314789860356,0.0,0.0006124725,0.31472024198181026,0.0789095294011874
p165_H3,0.07858935432259974,3.1039768295622316,0.0,0.0,0.0,0.0,0.0
p165_NCI,2.890329014473784e-66,378.28460856862205,0.0029035864878512855,0.0,1.2697115e-05,0.39637962588604986,0.09982397737232039
p165_MASS,0.002339696495176205,9.338261595249273,0.00023472895074925655,0.0,0.00016756821,0.007732031649392555,0.0020335822035948753
p166_H2,1.848880778649636e-14,61.576708166622055,1.2387325288080072e-05,0.0,0.0,0.04391083992455651,0.010980806812461146
p166_H3,2.0920214491246972e-22,102.45729733471583,5.54413999798013e-06,0.0,0.0,0.06561964747875892,0.016406297904689227
p166_NCI,7.326194368002117e-05,15.93669972932139,8.812654467962189e-07,0.0,0.0,0.1301184723261524,0.032529838397899795
p166_MASS,8.47377317352606e-22,99.24010957971845,0.00015115012708642373,0.0,0.0,0.0027562627955875184,0.0007268532306684856
p167_H2,7.304694302301091e-25,115.6241235851957,0.000387990408599924,8.984910631758311e-05,9.592877e-07,0.07467003463194871,0.01878720835864598
p167_H3,0.07395065318117731,3.203798711197461,0.0,0.0,0.0,0.0,0.0
p167_NCI,7.309574879554394e-07,25.03907616582458,9.257604290592847e-05,0.0,2.7777926e-06,0.19501662264698974,0.04877799412062091
p167_MASS,3.6787542606514806e-19,85.44814838278819,0.0009716018998526811,5.8454282334709085e-05,0.002845839,0.2664540431183634,0.06758248454983591
p168_H2,3.1271741617738922e-21,96.25077063678546,0.0004698283136437833,0.0,9.304993e-05,0.40203860231029437,0.10065037013848482
p168_H3,0.003030094530618094,8.858363982319544,3.1846274836832315e-05,0.0,1.2420182e-06,0.0795987280632294,0.01990795408907729
p168_NCI,0.008109735220192402,7.054123964925678,0.0005693004227934394,0.005181404727449712,1.16123665e-05,0.04256411083617636,0.012081607088231527
p168_MASS,4.787198441635658e-27,127.53608508389136,0.000339526313544712,1.7238722580641328e-05,7.81382e-05,0.16782661255729167,0.04206537894756448
p169_H2,3.8481667252884815e-05,17.190143676304046,0.0001489890169428942,0.0,3.7615717e-07,0.12489270693144701,0.03126051802639116
p169_H3,0.1021885359504046,2.6789000249414423,0.0,0.0,0.0,0.0,0.0
p169_NCI,0.37313848511996583,0.7943232458515445,0.0,0.0,0.0,0.0,0.0
p169_MASS,6.461898431719607e-14,58.87657963144778,7.141916149635178e-05,0.0,6.70115e-07,0.14744155363113087,0.036878410726910345
p170_H2,0.024956077122805155,5.0512156958633305,0.0,0.0,1.8859794e-06,0.006112143653850852,0.0015285074083058814
p170_H3,0.7539057887383757,0.09836440386394817,0.0,0.0,0.0,0.0,0.0
p170_NCI,0.019412007628709146,5.492330453128803,8.206796348515136e-06,0.00023100770479522726,6.9688434e-07,0.26840893380337405,0.067162211297215
p170_MASS,0.1847931536437088,1.762530198071831,0.0,0.0,0.0,0.0,0.0
p171_H2,1.2316796169523207e-07,28.628257304962606,3.733402081281038e-05,0.0,3.523211e-05,0.02339579070479297,0.005867089209216111
p171_H3,0.004524588414129027,8.118924321314449,7.40892302149203e-05,0.0,1.0781655e-07,0.011249419232605659,0.002830904069841845
p171_NCI,1.4263773572797502e-11,47.376094905505916,0.0003029577508160434,0.0,3.8663344e-05,0.08160517600314339,0.020486699274422395
p171_MASS,0.00011174699811832829,15.118669861706145,5.2844982963839276e-05,0.0,0.0011997084,0.09453725720643656,0.023947452656504043
p172_H2,4.206874794973174e-05,17.016231603328805,0.00018591015998023757,0.0003156192422640537,0.00015721488,0.5752890614226088,0.14398695142516293
p172_H3,0.0007378424616082607,11.5049490514903,2.6115900963086346e-05,0.0,0.000187549,0.004457610550936873,0.001167818862457087
p172_NCI,0.0021447942158982535,9.500184830541025,0.0006269964832154835,0.0,0.001707013,0.0506768077490682,0.013252704307555967
p172_MASS,0.021474106223213968,5.314554384123322,0.0007142545808980185,0.00032454148259957995,4.4185188e-05,0.34079768662991167,0.08547016697035653
p173_H2,8.122041889402014e-22,99.3373883176827,0.0004439899821775847,0.0,0.0,0.11565444988773334,0.02902460996747773
p173_H3,6.080168002989579e-29,138.0426012374235,0.011847456846483249,0.011632140323511276,0.0,0.13737896985984502,0.04021464175745988
p173_NCI,1.249944246469604e-28,136.29797872328885,3.7364255010289615e-05,0.0,0.0,0.004357868571824195,0.001098808206708621
p173_MASS,4.036650844625161e-27,127.94360836104828,2.7430362706715163e-05,0.0,0.0,0.07922082989468869,0.019812065064348853
p174_H2,0.3431090872473368,0.9001444850291799,0.0,0.0,0.0,0.0,0.0
p174_H3,0.13992042658353773,2.184376792996612,0.0,0.0,0.0,0.0,0.0
p174_NCI,0.25639280504397977,1.2904876903407807,0.0,0.0,0.0,0.0,0.0
p174_MASS,0.27514869088698096,1.1929837538286323,0.0,0.0,0.0,0.0,0.0
p175_H2,6.706939441445954e-21,94.5100651903302,0.0010924466189420978,0.0003939584582634927,0.0005855244,0.03661324115561091,0.009671292664082516
p175_H3,1.9661646540706153e-18,81.69225472777549,0.001103502631066662,0.0,0.00015463159,0.29752318653217563,0.07469533018848645
p175_NCI,3.1867640050389058e-18,80.61414011549866,0.001103502631066662,0.0,0.00015463159,0.29752318653217563,0.07469533018848645
p175_MASS,1.198939967862985e-27,130.8513609491742,0.0015528061552115193,0.0008320211033834969,0.0,0.10128855703821553,0.025918346074202635
p176_H2,0.9344979269431356,0.006760154130859482,0.0,0.0,0.0,0.0,0.0
p176_H3,0.12146598675335578,2.4048385916110453,0.0,0.0,0.0,0.0,0.0
p176_NCI,0.9749723693198026,0.0009850290727598558,0.0,0.0,0.0,0.0,0.0
p176_MASS,0.5939487709931732,0.28451135007008516,0.0,0.0,0.0,0.0,0.0
p177_H2,0.01849005440365614,5.578250783795403,0.0010087985223642799,0.0,0.00014992767,0.0871526035956426,0.022077832446890225
p177_H3,1.5819981624519597e-37,187.53883619124852,0.0009170858898856891,0.0,0.0,0.07130696112095795,0.01805601175271091
p177_NCI,6.746129641635311e-32,154.71931821460876,0.0010106264720450041,0.0,0.0,0.014103126233094827,0.003778438176284958
p177_MASS,4.2601282050683914e-36,179.0694885281578,0.0011837696796647044,0.0,8.355752e-06,0.047883133954852726,0.01226881484651958
p178_H2,2.282985389862006e-07,27.38055207091019,3.340218961009805e-05,1.0001441893221324e-06,0.0039252606,0.05664424287567869,0.015150976457883112
p178_H3,1.764006686830199e-08,32.58330059172804,0.0,0.0,0.0,0.0663745018651853,0.016593625466296325
p178_NCI,0.02019901779871594,5.422267733589193,7.462356522639833e-05,0.0,1.3435239e-06,0.12428034733474173,0.031089078605961294
p178_MASS,4.0726600728419954e-19,85.21958247123575,0.00013348767403858236,3.267159968652317e-06,0.00012836824,0.04074070104401149,0.010251456028477603
p179_H2,0.11338858599343424,2.5133798981997524,0.0,0.0,0.0,0.0,0.0
p179_H3,0.06957431611070662,3.3043554092619263,0.0,0.0,0.0,0.0,0.0
p179_NCI,0.9411568297330706,0.005453173081156558,0.0,0.0,0.0,0.0,0.0
p179_MASS,0.6745267635384201,0.1765182953276814,0.0,0.0,0.0,0.0,0.0
p180_H2,3.180025681283725e-25,117.58073216057144,0.0012172661888834048,0.0008370866783134444,0.0013786934,0.3978058432422628,0.10030972237362734
p180_H3,0.03371387551765711,4.5290617959332575,0.000910554254825173,0.00010331201780842494,0.0,0.2447971972790003,0.06145276588790847
p180_NCI,3.1433414943889814e-11,45.71255291638866,0.0013609141307111426,0.00020230369655307293,5.179956e-05,0.4070677011966914,0.1021706796463223
p180_MASS,3.910281754012482e-11,45.25383764187278,0.0011989200886572118,0.0037300093765205346,0.0006539497,0.2830187290713695,0.07215040205478701
p181_H2,0.05904891920449226,3.5769248390616863,1.5552412606378815e-08,0.0,0.0,0.004238800660207837,0.0010597040531551108
p181_H3,0.061536133772586786,3.5080763704597198,3.4060013055359686e-06,0.0,0.0,0.01566311463941286,0.003916630160179599
p181_NCI,0.11096785341677691,2.5475821868502124,0.0,0.0,0.0,0.0,0.0
p181_MASS,0.07698029962255257,3.1378660155240303,0.0,0.0,0.0,0.0,0.0
p182_H2,5.961291154662255e-39,196.06109016925274,0.0005689323352093248,0.0,0.0,0.09789449327184213,0.024615856401762864
p182_H3,3.9814160358432766e-17,75.00613184216228,3.6295149136709733e-06,0.0,2.4128425e-05,0.02726634578551021,0.006823525931390663
p182_NCI,1.9934709659765375e-20,92.03276178576895,0.00012431772147627606,0.0,3.923499e-05,0.010907010563683445,0.0027676408188534417
p182_MASS,3.625628979203329e-25,117.27183633928705,0.0005127757445828475,0.0,0.0,0.03310105790346881,0.008403458412012914
p183_H2,2.825637164165913e-16,70.68828120735907,5.604169659487375e-06,0.0,0.0,0.1321571073354315,0.03304067787627275
p183_H3,7.599176487976096e-12,48.70555750227951,3.2412995725824223e-06,0.0,0.0,0.013475079095674051,0.0033695800988116586
p183_NCI,3.3400726364011728e-25,117.4650539269164,0.055982620517662576,0.00791062711818074,0.21391253,0.3344329679701904,0.15305968683488663
p183_MASS,1.627414593480693e-08,32.74813924542353,0.0005904103798873087,0.0,0.0,0.07676683513753496,0.019339311379355566
p184_H2,0.0012351716250250768,10.532937325649456,6.771294227438443e-05,0.0,0.0,0.053829795928854826,0.013474377217782302
p184_H3,2.0026950087370096e-10,41.83474978155486,2.593663817449905e-07,0.0,0.0,0.019235697681930567,0.004808989262078078
p184_NCI,3.305024491187071e-10,40.79083302595636,0.0012264699445694034,0.0,9.1272045e-07,0.21900257695689368,0.0550574899054788
p184_MASS,0.20913329630895844,1.5806683802331758,0.0,0.0,0.0,0.0,0.0
p185_H2,0.00908928406800357,6.847814555513416,0.001900151209661495,0.0002586226766051334,1.5811229e-05,0.09106506571515484,0.02330991270757469
p185_H3,2.690404823275353e-15,65.76009510769882,3.456315619461034e-05,0.0,0.00028928966,0.06837873120359558,0.01717564600472805
p185_NCI,0.04028200215559916,4.2235096858337045,0.00507950203722692,0.0,1.40275615e-05,0.0609577895656913,0.01651282979110942
p185_MASS,4.628611804715385e-07,25.95664487632003,0.00011771272573472637,0.0,6.340252e-06,0.00030799495132705567,0.00010801198231159554
p186_H2,0.8593941946034135,0.03140634892708542,0.0,0.0,0.0,0.0,0.0
p186_H3,1.0,0.0,0.0,0.0,0.0,0.0,0.0
p186_NCI,0.6478547137408465,0.20881703068543758,0.0,0.0,0.0,0.0,0.0
p186_MASS,0.6993991222291329,0.14923462002299392,0.0,0.0,0.0,0.0,0.0
p187_H2,0.31052296908838145,1.0301184068918778,0.0,0.0,0.0,0.0,0.0
p187_H3,2.8882116996135424e-20,91.19168675152454,9.578048144764373e-06,0.0,0.0,0.05483892151079304,0.01371212488973445
p187_NCI,2.1944671616372668e-20,91.81474155995382,9.578048144764373e-06,0.0,0.0,0.05483892151079304,0.01371212488973445
p187_MASS,9.614825991817247e-20,88.47074834015227,9.287832743535747e-08,0.0,0.0,0.03622195321442776,0.0090555115231888
p188_H2,7.690471237811586e-12,48.68031292707663,0.048753279003444006,0.08802939846281967,0.38784996,0.193689889044616,0.17958063081543738
p188_H3,3.6940120199981857e-26,122.67086483778144,1.9117570771871517e-07,0.0,0.0,0.1918995402493657,0.04797493285626835
p188_NCI,0.0030031027195582616,8.874932661163642,1.0750155151841075e-05,0.0,0.0,0.15354001233403197,0.03838769062229595
p188_MASS,4.15256587762997e-21,95.60325787328881,0.009385200746819599,0.02938619494635802,0.0,0.05966718949858096,0.024609646297939644
p189_H2,0.6539261742838198,0.20117888073047077,0.0,0.0,0.0,0.0,0.0
p189_H3,1.0,0.0,0.0,0.0,0.0,0.0,0.0
p189_NCI,0.190805225999454,1.7151015905442037,0.0,0.0,0.0,0.0,0.0
p189_MASS,0.7794618730523546,0.07847898249666208,0.0,0.0,0.0,0.0,0.0
p190_H2,1.0656583535225039e-42,218.93025622707847,1.5794559380739497e-06,0.0,1.264683e-05,0.08523047666628097,0.02131117573813673
p190_H3,4.426424071490719e-19,85.03247994941826,3.2687308229695236e-06,0.0,0.0,0.030610102656768674,0.007653342846897911
p190_NCI,5.386895679040431e-05,16.53443874532182,2.6357941611376044e-06,0.0,0.0,0.0028196164853383178,0.0007055630698748638
p190_MASS,6.038436961975319e-38,190.0329676434844,0.00014599562855133888,0.0,0.01296153,0.058169458622613045,0.01781924609444891
p191_H2,0.01576256776161196,5.861091047660703,0.00018671062096384196,0.0,1.9462368e-05,0.13407338800195923,0.033569890247748944
p191_H3,2.6647081184956697e-15,65.78099814798945,1.2823904455224287e-07,0.0,0.0,0.04425058056730196,0.011062677201586628
p191_NCI,0.0007810282844536087,11.397298939442498,0.0001509934769307989,1.3405494554270574e-05,0.00012533998,0.024031648646735224,0.006080346900138239
p191_MASS,0.01065859765807318,6.5607155243294955,1.4748022579923373e-05,0.0,0.0,0.026620539793627072,0.006658821954051749
p192_H2,1.147363484959884e-21,98.54507261912772,0.0013108854749308305,0.0,4.7088484e-09,0.01898533742546408,0.005074056902310833
p192_H3,0.025115590523330508,5.040085095050157,8.00276944819534e-06,0.0,1.5153473e-06,0.08016228619301558,0.020042951077446292
p192_NCI,0.7785325010314444,0.07915961052974073,0.0,0.0,0.0,0.0,0.0
p192_MASS,0.15300664041110923,2.046987770870425,0.0,0.0,0.0,0.0,0.0
p193_H2,0.008255936543831992,7.021757060901061,1.7066660715982725e-05,0.0,7.733291e-06,0.22796496538748015,0.05699744133471366
p193_H3,5.525696006481703e-13,54.27504220164538,0.00013170384864334754,0.0,1.16489616e-07,0.0568328186579901,0.014241159749062406
p193_NCI,8.836475379122946e-21,93.88210226850589,8.688602785339859e-05,0.0,1.4467826e-05,0.01946665671720928,0.004892002642784851
p193_MASS,0.0018167685105746581,9.809857631837248,3.322967801624891e-05,0.0,1.6084446e-06,0.047586284729758906,0.011905280713084618
p194_H2,0.21759804375862546,1.5232063175665573,0.0,0.0,0.0,0.0,0.0
p194_H3,0.0016828029864515155,9.953052526448817,7.18024879237726e-06,0.0,4.711718e-05,0.04729260957526228,0.011836726751177825
p194_NCI,9.179363369694167e-33,159.67917904199385,0.00016164035728463016,0.0,6.130478e-05,0.1655519600485173,0.04144372629680331
p194_MASS,0.04535054944428661,4.0216174278908285,8.629471494807838e-05,6.908988449383413e-06,2.7313015e-05,0.05367036107078147,0.013447719447389747
p195_H2,0.001417418557519606,10.274525769040501,9.914924515932829e-05,0.0,0.0,0.16003779140626495,0.04003423516285607
p195_H3,0.1671049345890102,1.9131675056331021,0.0,0.0,0.0,0.0,0.0
p195_NCI,0.00041946843158338637,12.578035697100105,0.001250281262074648,0.0,3.123458e-06,0.013584740431727844,0.0037095362879756635
p195_MASS,0.3830074944297195,0.7620979768598797,0.0,0.0,0.0,0.0,0.0
p196_H2,2.886102257952465e-07,26.907658119783324,0.0005319689868902074,0.0004511626834413675,3.861255e-06,0.18388698481886645,0.04621849443610173
p196_H3,6.32274896381177e-06,20.740346287275266,4.789840584406158e-05,0.0,0.0007910289,0.07764814580975439,0.01962176827856836
p196_NCI,0.23242047166083818,1.4287542436030618,0.0,0.0,0.0,0.0,0.0
p196_MASS,0.23831203526505199,1.3932101632117075,0.0,0.0,0.0,0.0,0.0
p197_H2,0.45741380408796795,0.5529008542113126,0.0,0.0,0.0,0.0,0.0
p197_H3,1.449582235709908e-07,28.29850656605984,0.0007027458188625253,0.0,0.0006426011,0.2135913183878046,0.053734166329060654
p197_NCI,9.995746108331054e-21,93.60156315159237,0.0001780158224644663,0.0,0.00010322069,0.035280831365949436,0.008890516970312413
p197_MASS,4.892109600094297e-07,25.84533518447416,0.00022118593766314712,0.0,0.0034783117,0.21081211328081584,0.05362790272980635
p198_H2,3.1505243559965225e-73,430.9316702951134,0.00021654023222463943,0.0003593961035147368,0.00021592402,0.2313771954260122,0.05804226394664158
p198_H3,2.3924372844385102e-30,145.92613802533114,0.00019333498376450291,0.0,0.0020365235,0.2848970571842594,0.07178172892689921
p198_NCI,8.65412783151492e-25,115.225953437642,0.0017210483145815528,0.0,5.99255e-07,0.2639285262450312,0.06641254345364682
p198_MASS,1.611815703527684e-26,124.64157617555867,0.00065835393648803,2.5862950690043973e-06,0.0011377254,0.05077970439448403,0.01314459251321413
p199_H2,0.009124400702908401,6.840848860171582,0.0001736119793256528,0.0004166215439871627,0.0,0.11190186388016649,0.028123024350869826
p199_H3,1.0257472270096248e-13,57.88266513916633,9.850591372427583e-05,0.0,0.0,0.15760161489107302,0.03942503020119933
p199_NCI,1.2847660752329873e-06,23.909881856768862,1.3851370846294115e-06,0.0,0.0,0.21325644851029715,0.05331445841184545
p199_MASS,0.13269576764616753,2.2665794716548833,0.0,0.0,0.0,0.0,0.0
p200_H2,7.318438237822624e-17,73.66161850030066,0.00011903310346946898,0.0,3.7782838e-06,0.3426105015977979,0.0856833282462734
p200_H3,0.5657554822958636,0.3301869139105614,0.0,0.0,0.0,0.0,0.0
p200_NCI,4.5033065137649796e-27,127.68215200566169,0.00036911209950185614,0.0,7.4679274e-06,0.041913712427635676,0.010572573113631726
p200_MASS,0.2492072994259301,1.3302141399475673,0.0,0.0,0.0,0.0,0.0
p201_H2,2.8444917146514003e-90,571.8243544324412,3.876401099548734e-05,0.0,6.24045e-06,0.17617500983660483,0.044055003574437014
p201_H3,1.2177842106122928e-58,323.65483142443907,0.00012485291526152025,0.0,0.0,0.004436681429248437,0.0011403835861274892
p201_NCI,1.0752800779287427e-29,142.25366677229627,0.005705869183389048,0.010494990298752092,0.0006681756,0.05472994355929374,0.017899744654538814
p201_MASS,6.51479389463455e-73,428.4869019278242,0.00014958637876557134,0.0,5.022079e-07,0.07807935197152818,0.01955736013955114
p202_H2,0.03272985251716811,4.580170140758827,6.679864451201419e-05,0.0,1.0846691e-06,0.02264222171002166,0.005677526255899837
p202_H3,1.968300558539724e-15,66.44115370219758,5.3500280954305576e-05,0.0,0.0,0.15235947329762448,0.038103243394644694
p202_NCI,4.5752440559001526e-14,59.62033582236017,0.0001635781788502711,0.0,0.0,0.06731600658301472,0.016869896190466246
p202_MASS,1.139415194432479e-11,47.84996475808376,6.586909625230791e-05,0.0,0.0,0.04730077020572828,0.011841659825495147
p203_H2,4.264175861827295e-23,106.13368417402064,0.0002000439646210513,0.0,2.9166156e-05,0.005917349787277793,0.0015366399770521252
p203_H3,6.417536453703909e-45,232.78291734164705,1.2182422354244203e-08,0.0,0.0,0.031786357107417236,0.007946592322459898
p203_NCI,0.07184715939150284,3.2513095360272546,0.0,0.0,0.0,0.0,0.0
p203_MASS,4.6906643620385685e-36,178.82325370872323,0.00018680077260599043,0.0,3.0983015e-06,0.013035656822866056,0.0033063889742371896
p204_H2,0.94039570754198,0.005595421927460071,0.0,0.0,0.0,0.0,0.0
p204_H3,8.077177318593518e-16,68.38644436561367,3.7076859736702393e-06,0.00020319375314562955,0.0,0.05483144415549392,0.013759586398653306
p204_NCI,2.3787500208961427e-07,27.297616758828863,0.0003606912403079474,0.0,1.0894592e-05,0.2155176895204116,0.0539723188382745
p204_MASS,5.796750388460149e-07,25.504437387385806,0.0006967186359675534,0.001136175556026002,1.3192481e-05,0.07245933462940102,0.01857635532553982
p205_H2,0.00023352939091357701,13.698552848001022,0.000336654743602534,0.0006747579415395936,2.6057136e-05,0.16763521355133143,0.042168170843114174
p205_H3,0.20244783407229783,1.6280381421454784,0.0,0.0,0.0,0.0,0.0
p205_NCI,2.055306512439348e-06,22.972058486005796,0.0013410429830307247,0.0,0.00020293011,0.13466966162889593,0.03405340868057924
p205_MASS,1.550053297547736e-08,32.8477812827089,0.0002663168906505216,8.627712612346612e-05,0.0,0.009789669245842316,0.002535565815654076
p206_H2,0.026396531069982427,4.953285562508213,0.001150490000905398,0.0,0.00020627424,0.35265191509945826,0.08850216983568421
p206_H3,7.210859911743417e-26,121.08542813774602,3.6388328952553844e-08,0.0,0.0,0.09997988849197269,0.02499498122007541
p206_NCI,1.1762083918639698e-07,28.72159327028753,0.003411643893123371,0.00014111240798644157,0.00012929249,0.7039631981401122,0.1769113117318644
p206_MASS,2.196296922287146e-34,169.04860283211232,0.0004799566240337129,0.0004600060369795968,6.3875785e-07,0.04756501685794347,0.012126404569202625
p207_H2,5.42298639015754e-57,312.24192484834833,0.05199209701964169,0.062395676454447456,0.01209896,0.7290110270419917,0.21387444004079997
p207_H3,1.2617135311754336e-10,42.7994929133058,8.475708835779972e-07,0.0,0.0,0.16629674905707867,0.041574399156990564
p207_NCI,8.790246472498216e-23,104.45910778738008,0.0011335056245030226,0.0,1.9823763e-05,0.5871091092700923,0.14706560966441592
p207_MASS,1.6899874720389243e-45,236.4362802989219,0.007374661606746267,0.00020160228856153586,0.015669502,0.4816580203865118,0.12622594664993125
p208_H2,0.01963758129292841,5.471952194471849,7.811912007028897e-05,0.0,3.7952184e-05,0.02880138338491975,0.007229363672336755
p208_H3,9.775521274793154e-06,19.879499667617498,1.0809110256218585e-06,0.0,0.0,0.08086647808347705,0.020216889748625667
p208_NCI,1.6301982075279874e-06,23.434245326365076,0.00030213795590598226,0.0,9.5726835e-05,0.07755173646673844,0.01948740031437184
p208_MASS,0.051185373675136495,3.8168225859290597,0.0004719014158779961,4.941949785984887e-06,6.6992034e-05,0.03926288234563865,0.009951679436245767
p209_H2,1.058325386968568e-12,52.8889762316277,0.00010391021842813837,0.0,3.749445e-05,0.2161089668423449,0.054062592877749636
p209_H3,3.7064899572545874e-17,75.16435252712279,2.1197453282312712e-06,0.0,0.0,0.2575500036743925,0.06438803085493018
p209_NCI,0.8168025098871788,0.0537112972855325,0.0,0.0,0.0,0.0,0.0
p209_MASS,8.573702849330074e-10,38.81050418044174,0.0007540783072703781,0.0,1.41177225e-05,0.1706454268030791,0.0428534057082018
p210_H2,3.341316634682051e-16,70.32032490148224,0.00016919626380774527,0.0005499708811386295,0.00032822532,0.05347160424195742,0.013629749175845899
p210_H3,6.226606976496489e-07,25.360814094311248,1.0876171652326885e-05,0.0,0.0,0.14648273198005926,0.036623402037927896
p210_NCI,0.062421963039473415,3.4842703459434583,0.004246333766686153,0.004409368674259097,5.965615e-05,0.325601097914512,0.08357911412668416
p210_MASS,1.707867260342091e-11,46.99644169751397,0.00048442556494154995,0.0,0.0,0.044550283127953956,0.011258677173223876
p211_H2,3.887571366528351e-28,133.55941302515666,0.00010646077593619845,0.0,0.0,0.09146544764060967,0.022892977104136465
p211_H3,0.6483662268372274,0.20816689670398503,0.0,0.0,0.0,0.0,0.0
p211_NCI,2.4122515733889188e-27,129.1753767405561,9.906965527446489e-06,0.0,6.256005e-06,0.019761429470616917,0.004944398110231311
p211_MASS,7.990313124490745e-17,73.46786790311315,3.141373808970965e-05,0.0,0.0,0.03949007779115021,0.00988037288230998
p212_H2,1.367442721048518e-17,77.37344323509807,0.0008040725471384761,0.0008667005585157651,0.0002223352,0.07630965291008797,0.019550690305376213
p212_H3,0.007995290061236365,7.079880936685057,3.947612207408984e-05,0.0,2.8549616e-06,0.06408616819515969,0.01603212481971389
p212_NCI,0.669838041808904,0.18196332645162452,0.0,0.0,0.0,0.0,0.0
p212_MASS,2.6383549906551234e-29,140.068936437779,0.0007814596786211789,0.0,3.4755803e-06,0.004573338054078699,0.001339568328260629
p213_H2,4.877954129452744e-12,49.64351885676868,0.00012196344008634304,0.0,0.0009514159,0.012075804150954004,0.003287295877102704
p213_H3,1.267898717096372e-13,57.427367953593674,4.9162113641038475e-05,0.0,1.0488863e-05,0.20845921270950196,0.052129715921574254
p213_NCI,0.016469625918168695,5.783171288268581,0.0005151791240894229,0.0005959120891910297,0.00024138764,0.12682673574629225,0.032044803648760535
p213_MASS,6.115769641736239e-05,16.28755337853326,0.00020246051445813802,0.0,0.00015451231,0.04195784095780172,0.010578703445228559
p214_H2,0.061536133772572055,3.5080763704601385,3.4060013055359686e-06,0.0,0.0,0.01566311463941286,0.003916630160179599
p214_H3,1.0,0.0,0.0,0.0,0.0,0.0,0.0
p214_NCI,0.06758271530909478,3.35238909203877,3.4060013055359686e-06,0.0,0.0,0.01566311463941286,0.003916630160179599
p214_MASS,0.054010731546406614,3.7263794970899555,0.0,0.0,0.0,0.017573664312964546,0.0043934160782411365
p215_H2,2.2760630979822478e-05,18.21746094850102,0.00010163221796987488,0.0,1.5797494e-05,0.13190431672348776,0.033005436608786486
p215_H3,0.06609744472853274,3.3892093039935602,2.650279635817716e-07,0.0,0.0,0.10195937053365842,0.025489908890405498
p215_NCI,2.2287398643222536e-21,97.02489901627428,6.882740051359974e-05,0.0,1.41619485e-05,0.14619699934671573,0.03656999717392148
p215_MASS,2.18952533626754e-14,61.211088682179934,0.0015210812322040837,0.01130088841275142,0.0011118382,0.06972710307801723,0.020915227718668383
p216_H2,6.645686847659143e-15,63.79379664310143,0.00018156802372760236,0.00033480536640530706,1.9966981e-05,0.13510812507180875,0.03391111636078519
p216_H3,2.5622415304463572e-26,123.53948549635666,0.00016963112853966508,0.0,5.5735345e-08,0.4702668460556526,0.11760913322988438
p216_NCI,9.953902781228982e-09,33.754985675174005,0.00047447704798633415,0.0016544298979072245,0.00028372635,0.3316328573789619,0.08351137266759259
p216_MASS,0.0023341058801967384,9.342712022983598,0.0008097821976545695,0.0,0.000524984,0.05066283941701012,0.012999401397209589
p217_H2,0.9050466366648282,0.014241325802000793,0.0,0.0,0.0,0.0,0.0
p217_H3,0.47424858536852343,0.5126786477694748,0.0,0.0,0.0,0.0,0.0
p217_NCI,0.3716056658861778,0.7994360142387544,0.0,0.0,0.0,0.0,0.0
p217_MASS,4.014451328556933e-06,21.64052062348476,0.00021287082136944418,0.0,7.685643e-06,0.04939804174108335,0.012404649551398342
p218_H2,0.19682321966524366,1.669343784735873,0.0,0.0,0.0,0.0,0.0
p218_H3,0.08211572198705154,3.0322554841655966,0.0,0.0,0.0,0.0,0.0
p218_NCI,0.03246764319723495,4.594060485918085,0.01240498784905617,0.027098616970097276,0.047393057,0.26485509467676366,0.08793793924781818
p218_MASS,0.7191191290570333,0.12945500135841298,0.0,0.0,0.0,0.0,0.0
p219_H2,6.424967395450976e-10,39.409006100200465,0.001510853534262794,0.00043734426478117544,0.00074020383,0.2649397882733798,0.06690704747605856
p219_H3,0.2846377097074379,1.1467762470364367,0.0,0.0,0.0,0.0,0.0
p219_NCI,1.8608132861151734e-18,81.81531516494785,0.0008924151548032564,0.0,0.00033363418,0.0157399181057337,0.0042414918591489135
p219_MASS,5.6448009510272716e-05,16.443424961556453,0.0004674159110232553,0.0,0.0004204601,0.07278368139277124,0.01841788935072901
p220_H2,3.3079190985080742e-06,22.024953593064097,5.3502744425648665e-05,0.0002996361229546729,0.00858794,0.20970335062080137,0.05466110728822579
p220_H3,0.44929870155255003,0.5731399949517899,0.0,0.0,0.0,0.0,0.0
p220_NCI,0.0018033797044126742,9.823677685518525,0.000652017786835442,0.0,1.2784901e-06,0.16071990021546517,0.040343299123104484
p220_MASS,8.96141030038728e-06,20.051081101119056,7.494255079659337e-05,0.0,0.0,0.064679667818899,0.0161886525924239
p221_H2,6.00901244409546e-05,16.321797578304267,2.9121618295751083e-05,0.0,2.6878963e-08,0.18567750812118558,0.046426664154611094
p221_H3,0.0012331547507496892,10.536008962185162,0.00017272205235396065,0.0,0.00026054736,0.2904893820149922,0.07273066285594834
p221_NCI,4.427287064863205e-23,106.0466874481492,4.437173084632411e-05,0.0,0.0,0.06696098448854913,0.016751339054848866
p221_MASS,2.276588462382383e-16,71.16285586634079,0.00010645013873657709,0.0,0.0,0.004035165857720557,0.0010354039991142836
p222_H2,0.7178816832504966,0.13064934627554298,0.0,0.0,0.0,0.0,0.0
p222_H3,0.7178816832544483,0.13064934627161115,0.0,0.0,0.0,0.0,0.0
p222_NCI,0.7178816832446047,0.13064934628118255,0.0,0.0,0.0,0.0,0.0
p222_MASS,0.7178816832538018,0.13064934627235067,0.0,0.0,0.0,0.0,0.0
p223_H2,1.546503532066297e-50,268.87356895491234,0.001290628482610269,0.002295238923630641,0.0,0.15391526715011358,0.039375283639088626
p223_H3,1.0486630967147408e-66,381.53441540546436,0.001515555604399181,0.0,0.0,0.41200115768125817,0.10337917832141434
p223_NCI,1.2700559132823255e-11,47.62092101149591,0.0002796735125131911,0.00027571359146518046,1.6247659e-05,0.05292422502531551,0.01337396494707469
p223_MASS,6.7619920453620955e-15,63.756134297278024,0.000864213987419461,7.030317773273727e-05,0.0,0.11582778169294874,0.029190574714525235
p224_H2,1.029817454334788e-12,52.94714731567574,2.43840953871173e-05,0.0,2.8989916e-05,0.06696982027361273,0.016755798571311296
p224_H3,3.06199959735606e-08,31.45708954054021,2.214071532344678e-05,0.0,0.0,0.08699794263512743,0.02175502083761272
p224_NCI,1.695695852626382e-18,82.02300601933517,0.0003509857179126196,0.0,2.9457507e-05,0.05979354844879904,0.015043497918548015
p224_MASS,6.222811800078976e-05,16.253817920619632,0.00011538387802354249,0.0,3.7373422e-07,0.008090998459144511,0.0020516890178480167
p225_H2,0.0011251151230698084,10.70846865601956,3.4060013055359686e-06,0.0,0.0,0.01566311463941286,0.003916630160179599
p225_H3,0.061536133772586786,3.5080763704597198,3.4060013055359686e-06,0.0,0.0,0.01566311463941286,0.003916630160179599
p225_NCI,0.8162903668635747,0.05401750758251135,0.0,0.0,0.0,0.0,0.0
p225_MASS,5.404949657998008e-06,21.050837806447795,0.0,0.0,0.0,0.026032509498723308,0.006508127374680827
p226_H2,5.309535004668226e-15,64.28127840042522,0.00014336349000750482,6.954511616637395e-07,0.0,0.023300156800759652,0.005861053935482205
p226_H3,9.045683726991886e-23,104.39288176806096,4.413726801416749e-07,0.0,0.0,0.09373157629630277,0.023433004417245728
p226_NCI,4.426302371957266e-15,64.67670001007625,0.0005369503850538713,1.8732123211096476e-05,0.0,0.09055268651006752,0.022777092254583124
p226_MASS,2.3078095280650104e-14,61.097378524503796,1.111407610788251e-05,0.0002092801686588002,3.138652e-05,0.06473529020769021,0.016246767743183475
p227_H2,1.5187746815685707e-27,130.284054827077,0.08377371886831621,0.08349314181496637,0.17466733,0.31799889515086766,0.16498327110756633
p227_H3,0.09235942380927313,2.841453404812393,0.0,0.0,0.0,0.0,0.0
p227_NCI,2.100621503943891e-09,36.956331701721005,0.0009807186974223907,0.0,1.5353709e-06,0.15503860099461195,0.039005213765726195
p227_MASS,1.080845686797106e-12,52.844124513346685,0.0007554654392472865,0.0004429632419581393,0.0017704461,0.006009229471134415,0.0022445260573322537
p228_H2,0.20037232880282252,1.6431210352434464,0.0,0.0,0.0,0.0,0.0
p228_H3,9.251214137132264e-15,63.076132913799555,2.4761610277436857e-05,0.0,0.0,0.20673438548215953,0.05168978677310924
p228_NCI,0.568734680073552,0.3251481673713516,0.0,0.0,0.0,0.0,0.0
p228_MASS,1.0218578518148375e-28,136.7853151389131,7.240525513067513e-06,0.0,0.0,0.04201062260275751,0.010504465782067644
p229_H2,0.004699131111605504,8.04942833948656,3.0166974830927553e-06,0.0,2.403652e-07,0.01781418448836007,0.004454360387763392
p229_H3,1.0,0.0,0.0,0.0,0.0,0.0,0.0
p229_NCI,1.3308582567846698e-11,47.522276051671525,3.4195164649906318e-06,0.0,0.0,0.11778370466809046,0.029446781046138862
p229_MASS,0.0008098717771050325,11.328709483560651,0.0001452989911621346,0.0,0.0,0.01570162074017803,0.003961729932835041
p230_H2,0.17771354186875463,1.8207356480531318,0.0,0.0,0.0,0.0,0.0
p230_H3,0.05788398699725995,3.610241954925639,2.166770380564634e-05,0.0,6.451646e-08,0.08076212939205674,0.020195965403081415
p230_NCI,3.878657251751687e-16,69.99317681892326,0.00017148351950068054,0.0,0.0003719757,0.13297601986940336,0.0333798697741814
p230_MASS,3.79352625248536e-18,80.22548467303649,0.00016355148986907522,0.0,0.0,0.0722343707824734,0.018099480568085618
p231_H2,0.834058391660034,0.04392661587443788,0.0,0.0,0.0,0.0,0.0
p231_H3,0.004284500931638916,8.2191277998932,0.00029593569505912933,1.1744811728380446e-05,0.0018028643,0.06008076287020933,0.015547826907163791
p231_NCI,0.14762990765888545,2.1017660617985645,0.0,0.0,0.0,0.0,0.0
p231_MASS,0.0027304613605795168,9.05133986402247,0.0002952042776396254,0.0003403988719499499,0.007814767,0.1449256164746493,0.03834399661584637
p232_H2,0.029201120633185793,4.777654218578673,4.5680622518990746e-06,1.7126748209355903e-05,0.0,0.1165593992681757,0.02914527351965924
p232_H3,0.9400936483197327,0.0056523853626821345,0.0,0.0,0.0,0.0,0.0
p232_NCI,0.07364419843987395,3.2106293712782876,0.0,0.0,0.0,0.0,0.0
p232_MASS,0.6239767493674037,0.2405559252151725,0.0,0.0,0.0,0.0,0.0
p233_H2,0.7505907784448191,0.10112417602055579,0.0,0.0,0.0,0.0,0.0
p233_H3,0.7616427305518225,0.09208591763340689,0.0,0.0,0.0,0.0,0.0
p233_NCI,0.12172162689418628,2.4015351670980496,0.0,0.0,0.0,0.0,0.0
p233_MASS,0.6540756530688983,0.20099298827967288,0.0,0.0,0.0,0.0,0.0
p234_H2,6.004369387950923e-11,44.35391125722398,0.0002818646437009903,0.0,0.0,0.3200142322851302,0.0800740242322078
p234_H3,0.6956596663999028,0.15316758848203946,0.0,0.0,0.0,0.0,0.0
p234_NCI,0.2908687578489323,1.1174833753636182,0.0,0.0,0.0,0.0,0.0
p234_MASS,1.6635500508708652e-12,51.92639206045741,0.00012219725847335548,0.0,1.8131603e-07,0.09375447373890178,0.02346921307835011
p235_H2,3.740960791695933e-05,17.245305144145227,3.756619181180464e-05,0.0,1.2609843e-07,0.29641217962995386,0.07411246798004834
p235_H3,0.0015533594323225775,10.10287130497973,2.3123551954950328e-05,0.0,0.0,0.055154662062398996,0.013794446403588486
p235_NCI,0.001147178051755526,10.671922842197334,0.03460599150324488,0.0,3.0641368e-05,0.11355317444895421,0.03704745182995724
p235_MASS,0.6857138948402113,0.1639169454327877,0.0,0.0,0.0,0.0,0.0
p236_H2,0.0052453732268784095,7.847843435267455,1.0720002954199203e-05,0.0,0.0,0.048112836322406,0.012030889081340049
p236_H3,0.6826042391624374,0.16736500016652509,0.0,0.0,0.0,0.0,0.0
p236_NCI,3.2120773282939e-14,60.38334433834333,2.0585126471747446e-05,0.0,0.0,0.012644433060238396,0.003166254546677536
p236_MASS,7.333187534048317e-10,39.13462942860035,1.7931969191837532e-05,0.0,0.0,0.03488178999391954,0.008724930490777844
p237_H2,7.556331795699094e-16,68.53227089381579,9.662623893798239e-06,0.0,0.0,0.2634208023721832,0.06585761624901924
p237_H3,1.2178762993836393e-05,19.4462300051881,1.9948084156631675e-05,0.0,0.0,0.09796395571364003,0.024495975949449165
p237_NCI,0.583814227200816,0.3004206433054018,0.0,0.0,0.0,0.0,0.0
p237_MASS,1.0146749286233298e-05,19.80598525774484,0.005428156170864939,0.008562870233858728,0.013295823,0.059495391296917506,0.021695560119623803
p238_H2,0.523863158083028,0.4067377483623259,0.0,0.0,0.0,0.0,0.0
p238_H3,0.9619796605086823,0.00227419886183894,0.0,0.0,0.0,0.0,0.0
p238_NCI,0.08254580825951453,3.023736660104147,0.0,0.0,0.0,0.0,0.0
p238_MASS,0.28591641853012245,1.1406987244555176,0.0,0.0,0.0,0.0,0.0
p239_H2,3.542565046675162e-08,31.159882112872136,0.0010884691460878878,0.0,1.0607511e-06,0.23947460492269365,0.06014103370496047
p239_H3,0.5315236906607896,0.3919131010031705,0.0,0.0,0.0,0.0,0.0
p239_NCI,0.7972251041357273,0.06607439265018285,0.0,0.0,0.0,0.0,0.0
p239_MASS,4.342691808887569e-08,30.745071728554468,0.00029896930784741954,0.0,0.0,0.17323781658170068,0.043384196472387025
p240_H2,2.5020752400670642e-61,342.55845045888304,6.734617876660829e-06,0.0,0.0,0.10851898468275079,0.02713142982515686
p240_H3,2.1567561382585663e-18,81.48556383292969,1.055387260021544e-05,0.0,0.0,0.1807029859794213,0.04517838496300538
p240_NCI,2.368305589063282e-09,36.708715619030095,0.0001738471273023013,0.0,2.5620539e-06,0.05894458637751404,0.014780248889666798
p240_MASS,9.849062364123025e-13,53.04215216550382,0.0003641590842396246,0.0,0.0,0.13243698934640055,0.03320028710766004
p241_H2,0.9994063197712514,5.540793691971221e-07,0.0,0.0,0.0,0.0,0.0
p241_H3,0.04891265353431045,3.8935038423671506,0.00012214422520020254,0.0,0.0,0.03531876155711699,0.008860226445579298
p241_NCI,0.1375403113367904,2.2109210850332617,0.0,0.0,0.0,0.0,0.0
p241_MASS,9.563470386989643e-12,48.219757941106415,0.000476371551318443,0.00045017962428573925,0.00018961882,0.03949873159073451,0.010153725396258355
p242_H2,0.005628258247852083,7.718951614312896,5.5383500996981736e-05,0.0,1.8753592e-05,0.3600750802197278,0.09003730432807511
p242_H3,1.0559353037474644e-06,24.302187286010035,5.966318606613438e-06,0.0,0.0,0.20235037243229145,0.050589084687724516
p242_NCI,0.4781391341994998,0.503709167222026,0.0,0.0,0.0,0.0,0.0
p242_MASS,0.007923381786858726,7.096258745336026,0.00016994702808708446,0.0006881257420919273,0.0,0.018220150798572594,0.004769555892187902
p243_H2,7.743832603476223e-07,24.923354647911804,0.00016872480619827113,0.0,1.525889e-05,0.13830730317922427,0.03462282171863237
p243_H3,0.004544694439553302,8.11078064086985,3.592204735930623e-05,0.0,0.0,0.05120722738894847,0.012810787359076944
p243_NCI,0.6531710513329358,0.20211953367628438,0.0,0.0,0.0,0.0,0.0
p243_MASS,9.182673910063696e-05,15.498680877594472,4.275672201519669e-05,0.0003429334245317652,2.3736895e-06,0.007768340324380692,0.0020391010401169226
p244_H2,0.34694074055644997,0.8859482195160978,0.0,0.0,0.0,0.0,0.0
p244_H3,0.4566297724885313,0.5548315262504879,0.0,0.0,0.0,0.0,0.0
p244_NCI,0.09818208688185616,2.7430043389456933,0.0,0.0,0.0,0.0,0.0
p244_MASS,0.626386227734252,0.23722755592692069,0.0,0.0,0.0,0.0,0.0
p245_H2,0.0007899425208184566,11.375830589161046,1.6264721992725942e-05,0.0,0.0043890695,0.09784762855170304,0.025563240695614234
p245_H3,0.15441727069750943,2.0329773795636594,0.0,0.0,0.0,0.0,0.0
p245_NCI,0.0011284580481092964,10.702884818378037,1.1059273736584774e-06,0.0,0.0,0.05851059873917467,0.014627926166637082
p245_MASS,0.2973741481963386,1.0877442373268777,0.0,0.0,0.0,0.0,0.0
p246_H2,1.0,0.0,0.0,0.0,0.0,0.0,0.0
p246_H3,0.8335237361627823,0.044214352708154464,0.0,0.0,0.0,0.0,0.0
p246_NCI,0.5564208299842589,0.34631148834331815,0.0,0.0,0.0,0.0,0.0
p246_MASS,0.441316932834924,0.5936107120760232,0.0,0.0,0.0,0.0,0.0
p247_H2,0.15902116250900056,1.9882448863307793,0.0,0.0,0.0,0.0,0.0
p247_H3,3.491503674710092e-17,75.29651222072229,2.37794102817613e-05,0.0,5.487888e-05,0.13640045001127138,0.03411977707568857
p247_NCI,4.891032434874591e-25,116.56716486402493,0.00024815590471677715,0.0,4.5202128e-06,0.4431429466617034,0.1108489056947974
p247_MASS,5.582709393157058e-08,30.234009778701015,4.551988913643515e-05,0.0,9.90277e-05,0.03131761200770419,0.007865539898386628
p248_H2,0.036377868283609026,4.398178761813784,1.2795404614889242e-07,0.0,0.0,0.2819075414991737,0.07047691736330496
p248_H3,4.06948157303518e-15,64.85945737172806,1.620957433719932e-06,0.0,0.0,0.06862398702852096,0.01715640199648867
p248_NCI,3.8111230331955307e-07,26.347607300330168,8.868907504621323e-05,0.0,1.5055514e-06,0.014709982447488959,0.0037000442684791287
p248_MASS,1.8461047086652986e-14,61.57995798091564,1.9509801187249095e-05,1.0270720295326902e-05,4.6281934e-09,0.03407135171828437,0.008525284216990083
p249_H2,0.17471932581255073,1.84616611839461,0.0,0.0,0.0,0.0,0.0
p249_H3,0.10881859425232007,2.578645690912356,0.0,0.0,0.0,0.0,0.0
p249_NCI,2.9294756871791622e-21,96.39996752954909,3.2833282718582952e-06,0.0,0.0,0.08651086135909591,0.021628536171841944
p249_MASS,0.3151433679651552,1.0106175112354392,0.0,0.0,0.0,0.0,0.0
p250_H2,2.553832234007453e-10,41.327882120375115,1.9026958249521308e-06,0.0,7.2020125e-06,0.009466364977526509,0.0023688674214657895
p250_H3,0.9289907008651705,0.007947837871405109,0.0,0.0,0.0,0.0,0.0
p250_NCI,0.8468553721793766,0.037330995054958425,0.0,0.0,0.0,0.0,0.0
p250_MASS,0.008658536622153688,6.935578344602494,7.916150883038362e-07,0.0,0.0,0.017701945489705963,0.004425684276198567
p251_H2,0.01626234542498603,5.80565026997528,6.758398228983913e-05,0.0,3.2412258e-06,0.18885014842159734,0.04723024340743195
p251_H3,0.07988533181078292,3.0772215724620846,0.0,0.0,0.0,0.0,0.0
p251_NCI,0.00030590923543794696,13.181110952584458,1.852464132909418e-06,0.0,9.43126e-05,0.03556634695350923,0.008915628004331912
p251_MASS,0.0012858373102177451,10.45740107189357,0.0001626499772181077,0.0,0.0,0.0008916787167681513,0.0002635821734965647
p252_H2,6.436473661069092e-28,132.34582213023515,5.910001079534536e-05,3.936342904569915e-05,6.896997e-05,0.05312638059850508,0.013323453501181047
p252_H3,0.5267141084535141,0.4011755449890791,0.0,0.0,0.0,0.0,0.0
p252_NCI,6.093439546831775e-08,30.056050953783814,2.959847984543957e-05,0.0,0.0,0.05301116629079034,0.013260191192658945
p252_MASS,5.744533921068699e-06,20.930169310311715,3.562303618578721e-05,0.0,0.0,0.04986925935887275,0.012476220598764635
p253_H2,0.2813364584296719,1.1626281309780486,0.0,0.0,0.0,0.0,0.0
p253_H3,0.8886063210771389,0.01963500853431802,0.0,0.0,0.0,0.0,0.0
p253_NCI,0.009962983158000987,6.682218159719361,2.712887003451973e-07,0.0,0.0,0.09136942581867832,0.02284242427684467
p253_MASS,0.9424169976365413,0.005221703746553929,0.0,0.0,0.0,0.0,0.0
p254_H2,0.1640569888463455,1.9409769773960897,0.0,0.0,0.0,0.0,0.0
p254_H3,0.4523643701911403,0.5654272530173556,0.0,0.0,0.0,0.0,0.0
p254_NCI,0.00028452078718515,13.319878564054312,0.00031604657600059976,1.9729318321625217e-05,4.2577067e-06,0.1784643182775309,0.044701087969632756
p254_MASS,0.9541913505660277,0.003302482109579893,0.0,0.0,0.0,0.0,0.0
p255_H2,1.0061122554904994e-07,29.038131677036283,2.334886268464503e-05,0.0,1.8632547e-07,0.04133624917787629,0.010339946091506553
p255_H3,4.0457535387653566e-17,74.9706901672176,1.1313373255041678e-06,0.0,1.3024829e-05,0.11158329122277659,0.027899361847290235
p255_NCI,0.15332848973379917,2.04377827536052,0.0,0.0,0.0,0.0,0.0
p255_MASS,4.196924623654514e-13,54.86273391628267,0.0003472887651813272,0.0,0.0005228418,0.09331592059876628,0.023546512794946083
p256_H2,4.252536445172631e-16,69.79137594659169,8.586612551462931e-05,0.0,5.2884724e-07,0.12830876726465335,0.03209879055935149
p256_H3,2.8497980395119664e-26,123.28682433602886,2.232868634715182e-07,0.0,0.0,0.15374378085817333,0.0384360010362592
p256_NCI,3.645122219777204e-17,75.20127622912625,2.912303464047324e-05,1.2002031404288756e-05,9.632888e-05,0.04622685564075722,0.011591077395870437
p256_MASS,0.09098593541949168,2.86566359612487,0.0,0.0,0.0,0.0,0.0
p257_H2,3.965583188251076e-13,54.983954402332785,1.70938198549741e-05,0.0,2.4714675e-08,0.150388326673159,0.03760136130192218
p257_H3,0.0005254335313808359,12.149147670790365,2.7040094900854295e-07,0.0,0.0,0.14041304981485225,0.03510333005395032
p257_NCI,1.9948166024492927e-05,18.476147749231405,0.00021750009793262983,0.0,1.9972792e-06,0.14785380236500692,0.03701832493554528
p257_MASS,0.05262094930767264,3.770223972941927,0.0002181332005479573,0.0,0.0,0.11262115139301462,0.028209821148390647
p258_H2,0.044606712797824556,4.049711105018459,0.00020931648483551107,0.0,1.7436864e-06,0.26214267916800865,0.06558843483481741
p258_H3,6.520103112189622e-18,79.01926976243534,0.00025218427045620346,0.0,0.0,0.1287850721528298,0.0322593141058215
p258_NCI,2.1592933512130485e-32,157.54811374630327,0.0004092021460597177,0.0001819997747300929,7.5516455e-06,0.08792348517227112,0.022130559684632026
p258_MASS,0.31503842997251463,1.0110562544665243,0.0,0.0,0.0,0.0,0.0
p259_H2,0.0001504613669510066,14.544268501054784,1.7625127812749437e-05,0.0,7.369504e-06,0.0378086804168866,0.009458418762211457
p259_H3,2.650868369489388e-30,145.6749028333852,1.651601364004339e-06,0.0,0.0,0.19199424183523076,0.04799897335914869
p259_NCI,0.9745083231992371,0.0010219078306716492,0.0,0.0,0.0,0.0,0.0
p259_MASS,0.0028452401311452745,8.974980548756296,2.9286307896761656e-05,0.0,0.00014367844,0.009919217181248698,0.0025230454815040365
p260_H2,6.047361134116996e-10,39.5347506323284,0.00038984028717391667,0.001262206787401756,0.00015619743,0.029576512913678393,0.00784618935581095
p260_H3,1.4527964529777894e-42,218.0978765757081,0.000489132845308075,0.0006460979270933488,0.00111577,0.38529156367682316,0.09688564110300119
p260_NCI,1.9776907024824507e-08,32.34954939673687,0.0005802171473949791,0.0006837898060255685,0.0,0.14997855225892012,0.03781063980308517
p260_MASS,6.263023465207839e-31,149.21655024778588,0.0005930760120414982,0.0,5.3905772e-08,0.17495029663595935,0.043885856638443285
p261_H2,5.916888249626902e-12,49.23479031808068,0.000351666345353925,0.0056145921240032,0.0015463516,0.02708685237894969,0.008649865609159493
p261_H3,0.67148859728732,0.18003539811031982,0.0,0.0,0.0,0.0,0.0
p261_NCI,0.15795275227768044,1.9984931713268872,0.0,0.0,0.0,0.0,0.0
p261_MASS,4.7514507631668164e-26,122.07375867617169,0.0005144772759428672,0.0,0.0,0.024470884762498143,0.006246340509610253
p262_H2,8.19956305691487e-13,53.43285403432841,0.0004923545989585039,0.00023594624220118178,0.00011824858,0.11253901017126366,0.028346389897951678
p262_H3,0.00017308727087911844,14.274345743504202,1.7015436612447642e-06,0.0,0.0,0.025777112111740618,0.006444703413850466
p262_NCI,0.4206529732882083,0.6493449198690682,0.0,0.0,0.0,0.0,0.0
p262_MASS,1.9044539198387424e-34,169.40874731121426,0.0003456204182074384,0.0,4.344594e-06,0.11265096224343325,0.028250231813882667
p263_H2,1.6842654390929108e-06,23.36912708788608,7.591370088380185e-05,0.0,0.0,0.04324709597935054,0.010830752420058584
p263_H3,7.902042978778644e-21,94.13656088121148,6.565282756479698e-05,0.0,0.0,0.030904625110800204,0.00774256948459125
p263_NCI,0.021985093950420632,5.273240070311768,3.171316171722291e-05,2.7354882839629814e-06,0.0013725692,0.15101383977195718,0.03810521441564701
p263_MASS,4.0124624990277815e-08,30.906122616058763,2.6998737789724146e-05,0.0,0.0,0.01765830989397364,0.004421327157940841
p264_H2,6.428412849454408e-38,189.87066600692035,0.0,0.0,0.0,0.10449781937369089,0.026124454843422722
p264_H3,0.0679857625693623,3.3425469035866673,0.0,0.0,0.0,0.031149836248506313,0.007787459062126578
p264_NCI,1.0096086944902354e-48,257.05007137351834,8.943996686330186e-07,0.0,0.0,0.052155468384867204,0.01303909069613396
p264_MASS,2.049059282857882e-19,86.7646137100982,1.173169327476745e-06,0.0,0.0,0.016532209579019987,0.004133345687086866
p265_H2,2.261756475856971e-16,71.17721882357962,0.00012987213122224773,0.0,6.5042025e-07,0.24630434061933232,0.061608715792700504
p265_H3,0.693437214487981,0.1555330293948752,0.0,0.0,0.0,0.0,0.0
p265_NCI,1.9147733511265925e-11,46.75553384647148,7.139117597422062e-05,0.0,2.0621646e-06,0.06141204119591516,0.015371373634132329
p265_MASS,3.8819263846710384e-14,59.97466212508076,9.180420037809238e-05,0.0,2.4375177e-07,0.006633894363076207,0.0016814855788062667
p268_H2,5.6561486277558535e-30,143.82131409819752,0.0002677257975999927,0.00038048397943105073,3.5878627e-05,0.0629833689534058,0.015916864339455813
p268_H3,6.591468383841672e-10,39.35590145068455,0.00038566470825009537,2.547939273246504e-05,8.104435e-06,0.7357659643430041,0.18404630321985602
p268_NCI,0.00011554438003637942,15.054059679871916,0.00037805027957866247,0.0009300558618559259,9.026188e-06,0.02162359383105233,0.005735181540198925
p268_MASS,6.4571225108497616e-52,277.9669085094332,0.004605374835286838,0.006819238652961725,0.0026125757,0.3008767898492434,0.07872849474832376
p269_H2,1.4517571024841968e-08,32.98185417794614,0.00021066879728997914,0.00011204888544426158,2.0451027e-06,0.21450180274783862,0.05370664138332989
p269_H3,0.06963674723164835,3.3028736193849686,0.0,0.0,0.0,0.0,0.0
p269_NCI,9.37230847406876e-05,15.459084038211433,0.0006300082609961988,0.0005256087124593678,7.826484e-08,0.05923741305454453,0.01509827707321001
p269_MASS,6.759755175356218e-23,105.06665622021038,0.0003725309098464316,0.0,3.3235443e-05,0.29892751993332495,0.0748333215715354
p270_H2,1.827898777549473e-18,81.85519961487067,9.399305338680747e-06,0.0005030629149837453,0.0009081979,0.37459888864524316,0.09400488718971525
p270_H3,0.4899398225453936,0.477221082572932,0.0,0.0,0.0,0.0,0.0
p270_NCI,0.6273596699973796,0.23589101089772552,0.0,0.0,0.0,0.0,0.0
p270_MASS,0.0009195135138652851,11.088833221488859,0.00011204850893668312,0.0,5.087873e-06,0.13284941007330292,0.03324163661380441
p271_H2,2.349194429957819e-19,86.4568711917704,0.00026406657431858046,0.0,1.7984627e-06,0.1159055033215138,0.029042842089627235
p271_H3,1.994990201025449e-09,37.06288710428325,1.0853628354435247e-05,0.0,0.0,0.3280726966012087,0.08202088755739079
p271_NCI,0.609811967723778,0.2607112099217963,0.0,0.0,0.0,0.0,0.0
p271_MASS,5.1130668707940126e-17,74.45327190066013,0.00016859979638490132,0.0032175736952876973,2.681746e-07,0.1621743244891467,0.04139019153885546
p272_H2,0.0013416431350094966,10.377621434414285,0.00034727100175586793,0.0,1.3330914e-05,0.05319342603076718,0.013388506986641704
p272_H3,5.942650724352381e-11,44.3755730061034,2.1666925284994693e-05,0.0,0.0,0.1452703037870585,0.03632299267808587
p272_NCI,0.004222289027073338,8.246028680728575,0.000453195891832105,0.00014312191385884227,0.00025104868,0.3939736413056264,0.09870525194810269
p272_MASS,0.10219933608381634,2.678730962374797,0.0,0.0,0.0,0.0,0.0
p273_H2,5.2516436034743824e-05,16.583941640785426,0.0001289863311520466,0.0,0.0,0.11541487217365405,0.028885964626201525
p273_H3,0.15117916710706414,2.0653579247783367,0.0,0.0,0.0,0.0,0.0
p273_NCI,0.661554841368536,0.19182288186427277,0.0,0.0,0.0,0.0,0.0
p273_MASS,9.186414261191779e-05,15.497891920176007,9.353814926697157e-05,0.0,2.5840611e-06,0.09053339640811077,0.022657379654624818
p274_H2,7.183006660551634e-05,15.97502088710896,0.0006581034315158948,0.0,0.0001254583,0.08359008957976946,0.021093412828810186
p274_H3,0.41323917586098524,0.6703557382236415,0.0,0.0,0.0,0.0,0.0
p274_NCI,0.6712423871203175,0.18032221410285532,0.0,0.0,0.0,0.0,0.0
p274_MASS,7.770681513963526e-17,73.52934433447852,0.00028210676161911203,0.0,0.0,0.124309271619441,0.031147844595265026
p275_H2,5.0215590679098704e-05,16.671184577638506,0.0004700572842918575,0.0,0.0,0.09019889408376525,0.022667237842014278
p275_H3,0.7438201166046514,0.10689187223969392,0.0,0.0,0.0,0.0,0.0
p275_NCI,6.338329384418187e-08,29.97597435058612,0.00024816348952746444,0.0,8.875983e-06,0.1285533562740975,0.03220259893676619
p275_MASS,1.3823026331847614e-08,33.08220675500609,0.001546011245186341,0.0,0.0,0.0033748310656591196,0.001230210577711365
p276_H2,1.6126731104226082e-13,56.9110843909226,7.408093964014355e-05,0.0,2.1914637e-05,0.1575489304132413,0.03941123149742489
p276_H3,2.4010551945524995e-25,118.24303530676114,1.8623911435739196e-06,0.0,0.0,0.10567203645611249,0.026418474711814015
p276_NCI,0.17912167715837166,1.808946798695995,0.0,0.0,0.0,0.0,0.0
p276_MASS,1.5096120844273125e-11,47.2565148732425,0.00010361865052726148,0.0,0.0,0.04863561341169988,0.012184808015556785
p277_H2,0.04559591910619449,4.012456758550947,0.0003908261881779856,0.0,1.4108737e-06,0.28103605102405677,0.07035707202147494
p277_H3,0.0002481263323311791,13.582217041586134,2.966724308835157e-06,0.0,2.29222e-07,0.11176060593590002,0.027940950470551226
p277_NCI,4.817967882940286e-08,30.533680124055635,5.0369617413598984e-05,0.0,2.1381761e-06,0.051464748329770174,0.01287931403082454
p277_MASS,0.0019428888175973384,9.684536246131566,2.3662191407628416e-05,0.0,1.0777496e-07,0.15025004960601082,0.037568454893094294
p278_H2,7.389206961109787e-20,89.06545235776721,8.89864430556047e-05,0.0,0.0,0.05176467382276329,0.012963415066454724
p278_H3,4.926089535178414e-28,132.98928240836008,0.00017109269950528705,0.004885869394383498,0.0,0.4353196773864526,0.11009415987008535
p278_NCI,1.9745243535027883e-16,71.47573339418926,0.00043993470686180813,0.0,0.0,0.05566375570990216,0.014025922604190992
p278_MASS,9.023480404974135e-31,148.31859293736792,0.011233112873573241,0.0037573289167840123,0.010899808,0.03857229250617414,0.0161156356385874
p279_H2,4.0872677091007974e-32,155.9623152692715,0.00024727304379247974,0.0,5.455718e-06,0.1275523321687111,0.03195126523265344
p279_H3,1.1610109395325923e-20,93.26099927024367,0.00010617531813093614,8.784425434417003e-06,0.0,0.17195447585523854,0.04301735889970097
p279_NCI,1.4119496573054264e-24,114.0774223980711,0.0020678209180962697,0.0,2.5947888e-06,0.47898526318613144,0.12026391972326665
p279_MASS,5.12092410898667e-29,138.4588742545201,7.460443091503446e-05,0.0,0.0,0.13065223289815417,0.0326817093322673
p280_H2,2.134832217480087e-18,81.50838590488527,0.0007524634575072328,0.0020442165491175624,0.0037262384,0.4514750956287843,0.114499503505063
p280_H3,6.690525593273799e-23,105.09047870804784,3.9422477147290865e-05,0.0,0.0,0.1082892134377503,0.0270821589787244
p280_NCI,0.10363543186088219,2.656423503443694,0.0,0.0,0.0,0.0,0.0
p280_MASS,0.8322545617945635,0.044901316907576816,0.0,0.0,0.0,0.0,0.0
p281_H2,2.9063951167011306e-07,26.893533134446724,0.0028330695186920773,0.0003239167821261301,2.3799053e-06,0.19161154137332093,0.04869272689484833
p281_H3,1.972134685610919e-14,61.437148248680906,0.0003589820630086685,0.0,1.6781045e-05,0.06423353516540503,0.01615232456832984
p281_NCI,3.0132318951772716e-19,85.89678733888864,0.0006971614394706777,0.0,0.019393824,0.2277361560004384,0.061956785370199705
p281_MASS,0.001537608272685753,10.121961795153616,0.0023364135382721125,0.0,8.522326e-05,0.08244036041581143,0.021215499304128662
p282_H2,4.2763021838657574e-17,74.84817450394944,3.8414141899344415e-06,0.0,0.0,0.21731912089272912,0.054330740576729764
p282_H3,0.717881683250353,0.13064934627562083,0.0,0.0,0.0,0.0,0.0
p282_NCI,8.46370243403961e-18,78.43902543444065,0.00014755533729656913,0.0,0.0,0.009428478657574374,0.002394008498717736
p282_MASS,1.0357077625204534e-14,62.831353939612306,1.6514446018381187e-06,0.0,0.0,0.020675768360557956,0.005169354951289949
p283_H2,6.569144229145431e-37,183.86628522602493,0.0023938842217741015,0.0,6.8746244e-06,0.12262674599954715,0.03125687621143841
p283_H3,0.015110372723094899,5.936235967994168,1.6440529856526518e-07,0.0,7.150166e-07,0.05933411670349202,0.014833749031346906
p283_NCI,4.8054443290734765e-05,16.75688322204636,0.0001500788091115284,0.0,1.7208505e-07,0.08742668880933377,0.02189423492587432
p283_MASS,0.14817545270768942,2.0961058091112146,0.0,0.0,0.0,0.0,0.0
p284_H2,1.0731090903610676e-49,263.37271479622007,0.00030216580693846566,0.0,0.0,0.11528662229875423,0.028897197026423176
p284_H3,0.862949572044177,0.029822429514887575,0.0,0.0,0.0,0.0,0.0
p284_NCI,6.69791385438284e-17,73.8571238051408,1.2246277443494906e-06,0.0,0.0,0.14192696638959468,0.03548204775433476
p284_MASS,1.0722802173264532e-28,136.6687829383674,1.7136486037120663e-06,0.0,0.0,0.07909901038790375,0.019775181009126865
p285_H2,4.206811044843099e-90,570.3303371536286,1.0,1.0,1.0,0.527418332774428,0.881854583193607
p285_H3,5.71542748294184e-44,226.8296071228557,4.2121201584321906e-05,0.0,3.227946e-08,0.12397280332249153,0.03100373920088374
p285_NCI,1.4293575630068736e-30,147.1890178584393,0.0004827713377950927,0.0,0.00014134006,0.8565188211014879,0.21428573312494795
p285_MASS,0.03652738678386056,4.391133568791604,0.00014095857997852625,0.0,0.0,0.07208366114819917,0.018056154932044422
p286_H2,2.694188256217848e-09,36.44270706377736,0.001052492363500575,0.0,8.536474e-07,0.15012648931925193,0.037794958832539874
p286_H3,0.0005269258652517696,12.143754641020553,5.700168347165354e-05,0.0,0.0,0.07217199980426763,0.01805725037193482
p286_NCI,0.0017837200131112956,9.844160758094871,0.00042748161410851665,0.00038482206086058734,7.174667e-05,0.28709731669998256,0.07199534176080154
p286_MASS,0.012802320799239852,6.231986330542732,0.0004561767688148353,0.0,8.192041e-06,0.17237384291755947,0.043209552931767474
p287_H2,1.889897503220317e-09,37.1746782389746,7.090782790764102e-06,0.0,0.0,0.12152862000514257,0.030383927696983334
p287_H3,0.7123714085595005,0.13604323169909116,0.0,0.0,0.0,0.0,0.0
p287_NCI,4.119147590288344e-37,185.0684045667031,9.2978063011517e-06,0.0,0.0,0.09804484074800118,0.024513534638575585
p287_MASS,0.01667251035913179,5.761450540085146,0.0032127316006973702,0.0076415411670341235,0.025512312,0.05187739559137329,0.022060994991676013
p288_H2,0.0007541506701779889,11.463564755054012,1.2597625015039832e-05,0.0,1.3428277e-06,0.09123284756213053,0.022811697003701104
p288_H3,4.423198786279504e-16,69.70511280302682,0.00010871245393133496,0.0,0.0,0.31385605886202556,0.07849119282898923
p288_NCI,2.728247756652767e-14,60.735822709465204,0.0010367414080756402,0.008280100164594595,1.7731713e-07,0.13592156720399465,0.036309646523449576
p288_MASS,6.4115874872709646e-24,110.53910282452196,0.014118595059030991,0.024632415126323567,0.16704154,0.1204693157248706,0.0815654665140248
p289_H2,3.1021675436048386e-20,91.02969310160027,1.4735822340059206e-05,0.0,1.5887459e-05,0.10201223133681156,0.025510713654559206
p289_H3,5.9432621182990535e-25,116.10889272547841,4.095702966124109e-06,0.0,0.0,0.07767619584785052,0.01942007288770416
p289_NCI,1.45945422515014e-26,124.87789427875767,0.0003534885309177911,0.00018688750370310668,0.00031664732,0.17401944431860453,0.043719116917796105
p289_MASS,3.359798170969151e-24,112.04804879041528,3.043687714926055e-05,0.0,0.0,0.0840150472816077,0.021011371039689242
p290_H2,0.15761729568932445,2.001727210463524,0.0,0.0,0.0,0.0,0.0
p290_H3,0.07760620199754455,3.124593525883437,0.0,0.0,0.0,0.0,0.0
p290_NCI,1.310898515910367e-13,57.35575309883001,2.3131553573045865e-05,0.0,2.7539123e-05,0.032107723931198935,0.008039598651952714
p290_MASS,1.3609787653406806e-23,108.78569238595722,0.0003866339097871464,0.0,0.0,0.11235010522638686,0.0281841847840435
p291_H2,7.014871031056462e-07,25.12161800019608,0.001360242391439099,0.0011778068455335702,0.00091171236,0.3158539022773772,0.07982591596744898
p291_H3,1.923701085818628e-11,46.74573646404131,0.0016160080340458763,0.00018419106180928547,7.565779e-05,0.592377509516728,0.14856334159977339
p291_NCI,0.26757982528776764,1.2313031951026707,0.0,0.0,0.0,0.0,0.0
p291_MASS,1.8164906063446172e-05,18.65997444003541,0.0013426482820970381,0.000680806245871385,5.042596e-05,0.09645491616128722,0.024632199162004282
p292_H2,0.001435942942268856,10.250174002042897,0.0014828601670120625,0.0,2.8205957e-06,0.08011014717480697,0.020398956984375344
p292_H3,2.1028073728793775e-16,71.33736300415858,5.90957858113359e-06,0.0,9.830652e-06,0.09711734759683831,0.02428327195681334
p292_NCI,1.3355728789700362e-09,37.89246513077819,0.0002862949008644753,0.0,0.0,0.017649655095896256,0.004483987499190183
p292_MASS,0.0001382226364202473,14.707922338418248,0.0003756846159908688,0.0,4.2400584e-06,0.11071413680142213,0.027773515368950237
p293_H2,1.6387794976901953e-24,113.7282516234059,2.454242564821484e-05,0.0,0.0003213771,0.22383917888710192,0.056046274602653
p293_H3,1.969344710808541e-14,61.440209358000004,2.389548055720519e-07,3.522315725577556e-06,0.0,0.02789154234147248,0.006973825903000908
p293_NCI,2.7512431352824103e-08,31.675396526404743,0.00010509526286683306,5.9655546670171286e-05,8.322106e-08,0.0684957195051356,0.017165138383933215
p293_MASS,3.6933955369332404e-22,101.14817082511287,1.5616596017468375e-05,0.0,0.0,0.18216972209947993,0.04554633467387435
p294_H2,3.754047390818576e-05,17.238486792925805,3.110788989134852e-05,0.0,8.566076e-07,0.12462870160895657,0.031165166526608196
p294_H3,2.541482467517185e-40,204.3485172897485,6.1678031161819074e-06,0.0,0.0,0.22143181649336455,0.05535949607412018
p294_NCI,2.1468687077964228e-38,192.7196787688425,0.18802651380276753,0.326100560819781,0.04629213,0.3466955355185968,0.22677868501129428
p294_MASS,4.93308226382082e-78,468.87710457574406,0.00013123476170374135,0.0,0.0,0.14250534019818736,0.035659143739972775
p295_H2,0.7882992150656206,0.07216466949730714,0.0,0.0,0.0,0.0,0.0
p295_H3,1.0,0.0,0.0,0.0,0.0,0.0,0.0
p295_NCI,0.7193298888376274,0.129252199898029,0.0,0.0,0.0,0.0,0.0
p295_MASS,0.9754861634298504,0.0009449881033892218,0.0,0.0,0.0,0.0,0.0
p296_H2,0.000256052913794356,13.521908894681763,0.00035931714029148373,0.0,6.711082e-05,0.013622054822985574,0.0035121206960603752
p296_H3,0.27159162958882577,1.2108255871769826,0.0,0.0,0.0,0.0,0.0
p296_NCI,8.686415673231323e-07,24.693148946642047,0.0003594287460763877,0.0001705965648008124,7.007088e-06,0.06954672107696344,0.017520938368907217
p296_MASS,2.531980626434035e-14,60.89708107294404,7.40888699450171e-05,0.0,1.8454566e-05,0.05781172256059178,0.014476066499156354
p297_H2,7.894189559890204e-29,137.4100395907993,5.795529338054259e-06,0.00010956118623558696,0.0,0.11464643185122612,0.02869044714169994
p297_H3,0.021781815102741468,5.289554905142476,4.0240965476877964e-05,0.0,0.0,0.22654893026958783,0.05664729280876618
p297_NCI,6.289850819523041e-24,110.58381699194985,8.64672001546058e-06,0.0,5.6679495e-05,0.06282294373003439,0.015722067486305898
p297_MASS,0.7676578773298915,0.08736055721556688,0.0,0.0,0.0,0.0,0.0
p298_H2,2.7156560241779892e-11,46.02006896231358,0.0026689020816447902,0.0,2.6910027e-06,0.1611726509453643,0.04096106100742522
p298_H3,7.577118142242569e-10,39.066748470212524,0.009502706321627917,0.0,0.0,0.22076172125369348,0.05756610689383035
p298_NCI,5.775467885352191e-45,233.07097226646215,7.40094654702041e-05,0.0,6.622358e-07,0.10144581511723787,0.02538012170462135
p298_MASS,6.764287650722208e-05,16.091669701824088,1.587277635237447e-05,0.0,8.355031e-08,0.020908016934597314,0.005230993315315312
p299_H2,6.427982733481551e-13,53.952137421451006,5.278113684834932e-05,0.0,1.0465932e-05,0.019322455244729468,0.0048464255784104815
p299_H3,0.048794125815535466,3.897605909695503,6.8976206740122655e-09,0.0,0.0,0.12400240237803127,0.031000602318912985
p299_NCI,1.6840878306478688e-08,32.67811899236621,4.62689635730908e-05,0.0,0.0,0.043566937095812025,0.010903301514846279
p299_MASS,2.160726661523312e-13,56.283772956641045,4.716536134857448e-05,0.0,2.2614297e-07,0.03898072356984058,0.009757028768540487
p300_H2,7.991198668581752e-12,48.59923446721362,8.231055722342198e-05,0.0,0.0,0.1362803311385533,0.03409066042394418
p300_H3,1.449559732342762e-21,98.00940742199332,0.001192160133785708,0.02096145356725703,0.0,0.066158574382527,0.022078047020892434
p300_NCI,4.296492681232713e-06,21.505796442286506,2.690816569510264e-05,0.0,0.0,0.08333476033983012,0.020840417126381305
p300_MASS,2.0898795375993133e-24,113.15873387196257,0.0026477241831738517,0.0,0.0,0.13252940941832894,0.0337942834003757
p301_H2,4.31304252567022e-12,49.90422514954502,1.1159013634527458e-06,0.0,0.0,0.1222776007378319,0.03056967915979884
p301_H3,0.06153613377250231,3.50807637046207,3.4060013055359686e-06,0.0,0.0,0.01566311463941286,0.003916630160179599
p301_NCI,1.0204886265866333e-31,153.69415084503933,1.046770421548929e-05,0.0,0.0,0.06725672109335136,0.016816797199391713
p301_MASS,0.2829526834843235,1.1548380811211585,0.0,0.0,0.0,0.0,0.0
p302_H2,0.08835720673551715,2.9131285016687483,0.0,0.0,0.0,0.0,0.0
p302_H3,1.0,0.0,0.0,0.0,0.0,0.0,0.0
p302_NCI,0.08835720673547973,2.913128501669492,0.0,0.0,0.0,0.0,0.0
p302_MASS,0.0883572067353302,2.9131285016722868,0.0,0.0,0.0,0.0,0.0
p303_H2,1.567128789749719e-20,92.5792097044986,2.3615828045013315e-05,0.0,1.8121127e-05,0.0816282850706045,0.020417505506447643
p303_H3,4.880157273513062e-30,144.1818734191216,0.0008167595635968809,0.0,0.0,0.17245711761223936,0.043318469293959064
p303_NCI,0.2101182230632394,1.5738413827354638,0.0,0.0,0.0,0.0,0.0
p303_MASS,6.718578490188282e-28,132.24266604189185,6.292292177462624e-05,0.0,5.984615e-05,0.07181027597478351,0.017983261261229663
p304_H2,0.07578218492509359,3.163600114200464,0.0,0.0,0.0,0.0,0.0
p304_H3,1.0,0.0,0.0,0.0,0.0,0.0,0.0
p304_NCI,0.150334673621488,2.0739322489724716,0.0,0.0,0.0,0.0,0.0
p304_MASS,0.8315443914977343,0.04528812467236365,0.0,0.0,0.0,0.0,0.0
p305_H2,0.9409652580585987,0.005488803168003059,0.0,0.0,0.0,0.0,0.0
p305_H3,0.9409652580627025,0.00548880316716272,0.0,0.0,0.0,0.0,0.0
p305_NCI,0.9409652580623294,0.005488803167298084,0.0,0.0,0.0,0.0,0.0
p305_MASS,0.9409652580645679,0.005488803166816882,0.0,0.0,0.0,0.0,0.0
p306_H2,3.1530724239294755e-05,17.57935503694983,0.0002338545073773328,0.0,2.9780978e-05,0.041035993259728475,0.01032490718636796
p306_H3,5.3829724067444506e-08,30.30809926311654,1.1197658909711101e-06,0.0,0.0,0.021088493042274274,0.005272403202041311
p306_NCI,1.3821204158889788e-54,295.8323026561228,3.6185219562552926e-05,0.0,0.011684687,0.2733849732094785,0.07127646132646863
p306_MASS,0.7123878145635925,0.13602698835969823,0.0,0.0,0.0,0.0,0.0
p307_H2,0.43446045844560477,0.6116566149014004,0.0,0.0,0.0,0.0,0.0
p307_H3,0.0008002162032633885,11.351390742733692,1.6471009550574855e-08,0.0,0.0,0.11173406495594675,0.027933520356739076
p307_NCI,0.2595315779217241,1.273563270729701,0.0,0.0,0.0,0.0,0.0
p307_MASS,0.12594659784829867,2.348030408157227,0.0,0.0,0.0,0.0,0.0
p308_H2,0.93335535255552,0.006998606893759982,0.0,0.0,0.0,0.0,0.0
p308_H3,0.8478022384376085,0.0368650939965011,0.0,0.0,0.0,0.0,0.0
p308_NCI,0.7572438020356894,0.09562780280280073,0.0,0.0,0.0,0.0,0.0
p308_MASS,0.8238680487922319,0.0495801743407976,0.0,0.0,0.0,0.0,0.0
p309_H2,0.5774252814929535,0.3107407021720515,0.0,0.0,0.0,0.0,0.0
p309_H3,0.5414807077837958,0.3732114046473123,0.0,0.0,0.0,0.0,0.0
p309_NCI,0.23004966540895766,1.4433665599234624,0.0,0.0,0.0,0.0,0.0
p309_MASS,0.10453058368223711,2.6426896722196664,0.0,0.0,0.0,0.0,0.0
p310_H2,0.6215163133877865,0.2439844268067883,0.0,0.0,0.0,0.0,0.0
p310_H3,6.269043381090287e-27,126.89209198071256,4.970900010886609e-07,0.0,0.0,0.15906821959934112,0.03976717917233555
p310_NCI,0.5744638131521564,0.3156020122335457,0.0,0.0,0.0,0.0,0.0
p310_MASS,5.766784348803617e-07,25.514845608479675,5.086090422745961e-06,4.286610279511676e-06,0.0,0.07370381429187593,0.018428296748144547
p311_H2,0.8664712884005141,0.02829508160465388,0.0,0.0,0.0,0.0,0.0
p311_H3,0.00021927201008514318,13.819506314571367,0.00010375312919327842,0.0,0.0,0.11442778592921725,0.028632884764602632
p311_NCI,0.00019744773930859195,14.020981372037925,3.960231295508272e-05,0.0,0.0,0.002733038742179288,0.0006931602637835927
p311_MASS,5.145344208255891e-08,30.39992982765749,1.62656766409376e-05,0.0,0.0,0.013714297961570155,0.003432640909552773
p312_H2,0.7169983857586797,0.1315056728712701,0.0,0.0,0.0,0.0,0.0
p312_H3,0.7169983857590376,0.13150567287093237,0.0,0.0,0.0,0.0,0.0
p312_NCI,0.7169983857591092,0.13150567287088707,0.0,0.0,0.0,0.0,0.0
p312_MASS,0.7169983857593956,0.13150567287058368,0.0,0.0,0.0,0.0,0.0
p313_H2,0.15686458034133186,2.009012549620056,0.0,0.0,0.0,0.0,0.0
p313_H3,0.01513942925511302,5.932817393092393,4.023145642359043e-06,0.0,0.0,0.0446495052691908,0.01116338210370829
p313_NCI,0.03924370396639435,4.268165671143795,3.1946074663219775e-05,0.00021067330520149727,1.4647139e-06,0.03750404658651078,0.009437032670076964
p313_MASS,0.1110719407443913,2.5460946746242725,0.0,0.0,0.0,0.0,0.0
p314_H2,1.7899274782322732e-22,102.81692058616187,0.00015129376020270666,0.0,0.0,0.12988414359263165,0.03250885933820859
p314_H3,4.047238838735341e-06,21.624377548648127,3.8009909139208206e-05,0.0,0.0,0.24704101952197988,0.06176975735777977
p314_NCI,0.3421502740474739,0.9037304836141048,0.0,0.0,0.0,0.0,0.0
p314_MASS,0.0001811608292078871,14.1865876221211,3.354043785535725e-05,0.0003310854830413836,0.0,0.06269778424968288,0.015765602542644905
p315_H2,0.9646834863746078,0.001962035477762456,0.0,0.0,0.0,0.0,0.0
p315_H3,0.840779916522579,0.04039274359333552,0.0,0.0,0.0,0.0,0.0
p315_NCI,0.9309278937145029,0.0075190303080045606,0.0,0.0,0.0,0.0,0.0
p315_MASS,0.9189804298049751,0.01035492614813348,0.0,0.0,0.0,0.0,0.0
p316_H2,7.285450086487527e-21,94.32158504740607,0.0014797983030689949,0.0,2.2161717e-06,0.2922812708332597,0.07344082132699506
p316_H3,5.0882125327519276e-30,144.0798466159812,1.5600520553780036e-05,0.0,0.0,0.0980093109019928,0.024506227855636647
p316_NCI,0.595975639573641,0.2813962527727963,0.0,0.0,0.0,0.0,0.0
p316_MASS,1.5755237205146494e-18,82.18734894347149,0.0007667608330931947,0.0,0.0,0.02466958995137496,0.006359087696117038
p317_H2,0.006909012930912028,7.3450535966204935,6.851523946802377e-05,0.0,0.0,0.06911186210947667,0.017295094337236173
p317_H3,0.39357287148044606,0.728880490875795,0.0,0.0,0.0,0.0,0.0
p317_NCI,1.2648503578234722e-07,28.57444241824011,0.00035235124613937065,0.0,0.00019564497,0.21882455958458077,0.054843138950309435
p317_MASS,3.525746450696263e-08,31.169580680483207,0.0003000874290973303,0.00012825353472440063,0.0,0.03588974116122084,0.009079520531260642
p318_H2,2.4976843018724906e-44,229.0783462449796,0.00038609264381387763,0.0008988913222657464,8.585712e-07,0.21773408386571877,0.05475498160074558
p318_H3,1.5583842990933853e-05,18.961098556880835,0.00014972282759565114,0.0,0.00018458269,0.12154937411033123,0.030470919907449844
p318_NCI,0.008852302289821336,6.895556932903469,0.0014541686928783715,0.0014405692186497657,0.00024681032,0.32516256739961874,0.08207602890762866
p318_MASS,0.495986195415024,0.46405640889923094,0.0,0.0,0.0,0.0,0.0
p319_H2,3.629508121456438e-19,85.4784368073529,0.0010175983163472778,0.0,1.1530278e-06,0.08847656460950921,0.022373828988420205
p319_H3,0.18180365601202905,1.7867875072877588,0.0,0.0,0.0,0.0,0.0
p319_NCI,0.2994962724732061,1.0782232491293895,0.0,0.0,0.0,0.0,0.0
p319_MASS,5.2114404669836614e-36,178.55407046554623,0.0032720144643962373,0.0,3.70565e-05,0.005205935490393246,0.002128751613553061
p320_H2,5.582659768556246e-11,44.50660506979853,0.001068465278493812,0.005108913011078688,5.803098e-06,0.12692652389584985,0.033277426320803716
p320_H3,0.005723298338586174,7.688347078761968,1.1379953541088646e-05,0.0,0.0,0.06345458849706911,0.01586649211265255
p320_NCI,0.6935203818183605,0.15544413404681146,0.0,0.0,0.0,0.0,0.0
p320_MASS,0.0017308439235502245,9.90041088610735,0.001946418647941064,0.0011043444279679841,1.601646e-05,0.0587816200132747,0.015462099887294616
p321_H2,0.002732136077623622,9.050202387357912,0.0003261426752701352,0.0,5.941131e-07,0.0828999623152368,0.020806674775899082
p321_H3,0.002986233461303815,8.885364920724884,1.805974643564794e-05,0.0,2.226109e-06,0.0016579006824292647,0.00041954663447073086
p321_NCI,0.0003484719053282263,12.93199419308512,3.247472520441405e-05,0.0,0.0,0.18389587854947562,0.045982088318670004
p321_MASS,0.08811078832125818,2.917656368313632,0.0,0.0,0.0,0.0,0.0
p322_H2,9.263019322575002e-14,58.101863330818745,0.002174627221558002,0.00010184005957180897,7.2865737e-07,0.07520127485906879,0.019369617699391925
p322_H3,1.0809498162101704e-24,114.70394362893354,0.0009118677057504559,0.0,1.9285482e-05,0.29488912363533193,0.07395506920583739
p322_NCI,6.662271684533704e-08,29.874698033951134,7.121875970209642e-05,0.0,0.016911818,0.09230570377130494,0.02732218506139475
p322_MASS,6.495196598879424e-29,137.8825755836598,0.0018151619641475429,0.02568926062501975,0.0039044654,0.2843435372324356,0.07893810629367982
p323_H2,3.6697344632239966e-21,95.88540306401042,8.503243668905664e-05,4.52851718653896e-06,0.0,0.13524185550498097,0.03383285411471414
p323_H3,1.9995235947406318e-05,18.47152297686742,0.0064143626189260075,0.0,5.710691e-06,0.5275761760699021,0.13349906234492132
p323_NCI,1.0411351887990501e-05,19.755221020850836,0.0006364892824363963,0.00023410206765450367,0.0,0.19380548359045902,0.04866901873513748
p323_MASS,4.361287627079408e-07,26.076282088007673,0.0037893921830021455,2.5975044869166e-05,8.441883e-08,0.16350496683246113,0.04183010461979043
p324_H2,5.331582128938067e-12,49.45524696993052,0.0001547712289767091,0.0,2.5193278e-05,0.0725760031714274,0.018188991919577655
p324_H3,1.5076463462707087e-08,32.904544017585664,0.00036545178953077445,0.001051694179935144,0.00045226,0.4375762791177484,0.10986142126980769
p324_NCI,1.505966440650319e-09,37.64407663489581,0.00014802229098993504,0.00026843593940733195,5.734989e-07,0.11465534139589234,0.028768093281292498
p324_MASS,0.001356203485862339,10.357360019915257,0.0004173807922079256,6.248544042929984e-05,1.2980297e-06,0.15661963437358145,0.03927519965898005
p325_H2,0.5405669543848979,0.3749014227166259,0.0,0.0,0.0,0.0,0.0
p325_H3,0.5126039361983314,0.4292376397354353,0.0,0.0,0.0,0.0,0.0
p325_NCI,0.03418264374380826,4.505261698113634,0.0002001674868552046,3.0530663447550053e-06,0.00025804923,0.20172787160558742,0.05054728534698683
p325_MASS,0.0231000017843251,5.186457448391255,0.00252249428397649,0.00032659981867728163,0.0,0.16604992085742493,0.042224753740019674
p326_H2,4.915313490884508e-05,16.71284048031754,5.4353080769612914e-05,0.0,0.0,0.11502463479705949,0.028769746969457274
p326_H3,4.670786312792702e-11,44.88073654521928,5.005208816973603e-06,0.0,3.0268313e-06,0.11550229568689584,0.028877581931762375
p326_NCI,2.3596159910421457e-06,22.696976715932557,1.3121501268975552e-05,0.0,7.6095796e-07,0.28494422621802823,0.07123952716931424
p326_MASS,1.4780694170591978e-15,67.06603638885149,5.363051681024436e-06,0.0,0.0,0.0060220224312536605,0.0015068463707336712
p327_H2,4.249527852037972e-05,16.99655464328677,0.0004632435185825918,0.0,0.0008507509,0.04746737974216347,0.01219534353771021
p327_H3,1.7746518471932247e-12,51.78892982136931,5.361616821193462e-07,0.0,0.0,0.06258104620702275,0.015645395592176217
p327_NCI,8.662526768004329e-20,88.70627411789486,1.4005682730476805e-05,0.0,0.0,0.09342612928802801,0.023360033742689624
p327_MASS,1.2347237752469754e-12,52.560681704865125,5.361616821193462e-07,0.0,0.0,0.06258104620702275,0.015645395592176217
p328_H2,3.1282835058247915e-18,80.6554557876108,5.120212794972156e-06,0.0,0.0,0.336433841274762,0.08410974037188924
p328_H3,3.7429239230420316e-17,75.14272010299494,0.0016236960734901523,0.0,0.0,0.22107300041977831,0.05567417412331711
p328_NCI,8.402703042167758e-11,43.649835689375855,9.9504167667485e-05,0.0,1.7533353e-06,0.05233808588184127,0.01310983584619088
p328_MASS,1.601555658004805e-25,119.19859741395412,2.221395960963676e-05,0.0,0.0,0.18141159832231943,0.045358453070482266
p329_H2,0.15744275705824004,2.0034129901598763,0.0,0.0,0.0,0.0,0.0
p329_H3,0.029295131776263056,4.772076102653551,0.00018702099940677496,0.0,5.8578183e-07,0.2511757373933539,0.0628408360436486
p329_NCI,0.0005152795257508796,12.186259385657943,0.00037238747766851283,0.0,2.4719617e-05,0.4690359612866031,0.11735826709524384
p329_MASS,0.09378149408133912,2.8167966113638716,0.0,0.0,0.0,0.0,0.0
p330_H2,2.293083069812192e-08,32.04724823483033,0.00014889764629018667,0.0,9.1222483e-07,0.10863295870651164,0.02719569214440904
p330_H3,0.004896490010092249,7.973955777838698,4.647659432176442e-05,0.0,0.00038394262,0.1339706040066743,0.033600255805456204
p330_NCI,0.004570418401357615,8.100414974330933,0.0005120988137162074,0.0,0.00035062764,0.2439036951811486,0.061191605408898175
p330_MASS,0.001786384162903971,9.841371626820875,0.00018976034090930266,0.0,3.5675382e-06,0.07401223627770491,0.01855139103920732
p331_H2,0.10991476545466428,2.562718952654797,0.0,0.0,0.0,0.0,0.0
p331_H3,0.39993223577463466,0.7094978924113001,0.0,0.0,0.0,0.0,0.0
p331_NCI,0.13664146185998952,2.221080065989086,0.0,0.0,0.0,0.0,0.0
p331_MASS,0.6489593596938829,0.20741455697641414,0.0,0.0,0.0,0.0,0.0
p332_H2,0.32844498519073984,0.9565122221508334,0.0,0.0,0.0,0.0,0.0
p332_H3,1.8435847098866106e-10,42.00746856660069,8.266037853728977e-05,0.0,9.393728e-06,0.12032545365483466,0.03010437694030566
p332_NCI,1.5681204038854593e-17,77.06961578130965,0.0002681984691802227,0.0,0.00011544018,0.0910465086144334,0.022857536816762298
p332_MASS,3.386379355250982e-05,17.439820925749007,0.0002957429788415085,4.1563775631671705e-05,0.00043543207,0.014071294949577439,0.003711008443496381
p333_H2,3.3434997865005034e-13,55.348922168522115,0.00019204193672060167,1.1119940448181458e-05,0.00036391776,0.1462084847911603,0.03669389110692898
p333_H3,0.5793872149270767,0.30754735092434277,0.0,0.0,0.0,0.0,0.0
p333_NCI,0.011466549583303733,6.429435864972024,0.00031106311533388793,1.234745912743368e-06,1.9523994e-05,0.12752793506786972,0.03196493923068276
p333_MASS,3.564289563789058e-06,21.87665806498628,0.00034853665704035315,0.0,0.000652545,0.024144852712729425,0.006286483596274353
p334_H2,1.633246236609073e-42,217.78362062794412,0.0002182214031161377,0.0,5.3458887e-05,0.03711535752999272,0.00934675945505803
p334_H3,2.1955662716795439e-07,27.459372458301026,6.087210995922488e-05,0.0,1.1278231e-06,0.13175574151305633,0.032954435361531725
p334_NCI,1.2943581867571547e-06,23.89501406468711,0.00017078987539174582,0.0,9.413681e-06,0.16138009842017184,0.04039007549420463
p334_MASS,0.05249887418677067,3.7741337436303195,0.0001676040078967355,0.000496089736115584,0.0,0.111674214674894,0.028084477104726578
p335_H2,9.905950022570778e-36,176.91389943009293,0.00019590058855378545,0.0001386400418346627,8.900052e-06,0.3945065768725865,0.09871250438882063
p335_H3,1.4023600249760335e-13,57.21096146399897,0.0001793977697081689,0.0,0.0,0.2380397007781212,0.05955477463695734
p335_NCI,3.708992592583346e-10,40.55084099694947,6.378877740375864e-05,0.0,1.1696703e-06,0.011130324368398227,0.0027988207040322006
p335_MASS,0.2005871396747082,1.6415514627839005,0.0,0.0,0.0,0.0,0.0
p336_H2,0.0010992247123715972,10.7522932663476,0.0006751640808645703,0.00032596304843969835,0.0013909686,0.17504911186379915,0.04436030188973313
p336_H3,1.939116344666094e-06,23.08806523673958,6.055388334427941e-05,0.0,4.4892382e-05,0.06647564532910119,0.016645272898609648
p336_NCI,0.015804962482413136,5.85631813141692,0.0005214834468048013,0.0010178152918664139,0.0,0.041116745488102145,0.01066401105669334
p336_MASS,0.015657181232514108,5.873013463687354,0.0002615196003802552,0.0003531971799853655,3.0309784e-05,0.047841517711754586,0.012121636069042926
p337_H2,0.0743920824615549,3.194012918688365,0.0,0.0,0.0,0.0,0.0
p337_H3,0.4505087522540093,0.5700858958746681,0.0,0.0,0.0,0.0,0.0
p337_NCI,0.05445682157728473,3.7125599474791935,0.00038218710861744786,0.0,0.009461569,0.08830105049704132,0.024536201568535865
p337_MASS,0.5916109001542333,0.2881318398259191,0.0,0.0,0.0,0.0,0.0
p338_H2,0.805477321659835,0.060697711213761135,0.0,0.0,0.0,0.0,0.0
p338_H3,0.0007097282313581289,11.578518112767735,0.00018128116685324884,0.0,0.00013814135,0.21307734305294174,0.05334919139140245
p338_NCI,1.4754205128035026e-06,23.63342205624797,0.0005730603140633192,0.0008134648169797505,6.789018e-05,0.04661455815134399,0.012017243365068849
p338_MASS,0.00018000469658031624,14.198909314177152,0.00011157586713031523,0.0,7.0268325e-05,0.1802974714586264,0.04511982891259781
p339_H2,6.5042314258916e-05,16.167844100712465,0.0003498815419667672,0.0,4.15834e-06,0.0995533267315965,0.02497684165334938
p339_H3,0.0024784034412938627,9.231177411025186,0.00023164893400673856,0.0,0.0,0.08156883144964419,0.02045012009591273
p339_NCI,0.015478899675410896,5.893372550729614,0.0012204252363039662,0.0,0.0013167395,0.27900026957085405,0.07038435857155946
p339_MASS,4.443039037651196e-14,59.683543104767274,3.9644862420042215e-05,0.0,0.0,0.08191678981045615,0.02048910866821905
p340_H2,0.024544796502773747,5.0802593593231755,0.00022016841043073193,0.0038178859282344147,8.291594e-06,0.10951710223506024,0.028390862041927756
p340_H3,3.665788223064548e-07,26.425878503382634,0.0004370748491096362,0.0,1.5691936e-05,0.10750566386919459,0.026989607663554613
p340_NCI,0.04037708993253933,4.219480757690415,0.0009672029413015483,0.0,3.1719726e-08,0.15188062036026287,0.03821196375532248
p340_MASS,0.5545520859373352,0.3496017595857581,0.0,0.0,0.0,0.0,0.0
p341_H2,0.1630953461881782,1.949874024541265,0.0,0.0,0.0,0.0,0.0
p341_H3,0.7125955926070062,0.1358213657583285,0.0,0.0,0.0,0.0,0.0
p341_NCI,0.40469634584789504,0.695268001690875,0.0,0.0,0.0,0.0,0.0
p341_MASS,0.08107047823546418,3.0531616968376265,0.0,0.0,0.0,0.0,0.0
p342_H2,1.013899032100102e-09,38.46298274106788,9.622599737424765e-05,0.0,0.00027930105,0.01228371427889688,0.00316481033153935
p342_H3,0.032983427487893166,4.566847555521199,7.345844837549168e-05,0.0,5.015885e-06,0.016994878251762026,0.004268338146311417
p342_NCI,0.0010684094060782728,10.805840073981678,0.0019296538863076726,0.0001839146367526082,9.835354e-05,0.2559465670524937,0.06453962227960178
p342_MASS,0.008216682800834872,7.030389189262231,0.00010016052876719752,0.0,2.5131143e-05,0.040596404226515524,0.01018042397458255
p343_H2,0.0725687718625023,3.2348441071495735,0.0,0.0,0.0,0.0,0.0
p343_H3,0.0691318733660075,3.3148977531818504,0.0,0.0,0.0,0.0,0.0
p343_NCI,0.7770998403001378,0.0802150401198311,0.0,0.0,0.0,0.0,0.0
p343_MASS,0.04300755370986306,4.1118207654464936,3.847008526708095e-05,0.0,9.349284e-08,0.033479630983034234,0.008379548640284475
p344_H2,5.593721846784498e-09,34.93826839841296,0.00019300065161712698,0.0,0.000106861524,0.12648459257688782,0.03169611368808079
p344_H3,0.7982607507876844,0.06538629260577622,0.0,0.0,0.0,0.0,0.0
p344_NCI,0.00033067304202606765,13.032208195508643,0.0009982406538697579,0.00011976054846703936,0.0006558053,0.4095256940258714,0.10282487512820782
p344_MASS,0.6221440953388301,0.24310677637245273,0.0,0.0,0.0,0.0,0.0
p345_H2,1.4224732002182693e-17,77.28588759042513,0.00017792380716622684,4.149972427300271e-05,0.0,0.03175189284847593,0.00799282909497879
p345_H3,0.0173188705605401,5.694031019386536,0.00011576952291518985,0.0,0.0,0.20269979101511887,0.05070389013450852
p345_NCI,0.0492893122851009,3.8805377569814983,0.0012416540007222693,0.0,4.9222945e-06,0.18183284312333678,0.0457698548546311
p345_MASS,0.1184530094882202,2.444364413067964,0.0,0.0,0.0,0.0,0.0
p346_H2,0.013494379372080846,6.1378833442159815,8.131366046726388e-06,0.0,1.8680589e-06,0.06761228130832948,0.016905570183323164
p346_H3,0.00013821062041002375,14.708090104599641,1.7130008530360863e-06,0.0,0.0,0.16361181847153966,0.04090338286809817
p346_NCI,0.0032506954148572107,8.728333100247104,2.4863893348272838e-05,0.0,0.0,0.11281225322766995,0.028209279280254556
p346_MASS,0.00014516671433652666,14.613353680312022,2.7101507403397683e-05,0.0,0.0,0.1336672080869738,0.0334235773985943
p347_H2,0.18927585154094975,1.7269996676739325,0.0,0.0,0.0,0.0,0.0
p347_H3,1.7048716725300302e-18,82.01094187459958,4.882695593173193e-05,0.0,3.1280633e-06,0.22017032162209996,0.05505556916033957
p347_NCI,4.36070232755984e-36,179.00980225554815,0.0004146229073583409,0.0,3.1673917e-06,0.05660023341236202,0.014254505927854209
p347_MASS,2.0801627423231297e-06,22.948099605941856,0.00023884793754907422,0.00026874436039898964,0.00013823493,0.08840752841094418,0.02226333890951847
p348_H2,0.2921179200425069,1.111707173251851,0.0,0.0,0.0,0.0,0.0
p348_H3,0.0002194300696620664,13.81812230944758,0.00010071084790622576,0.0,6.357374e-05,0.28726123934912956,0.07185638098372435
p348_NCI,4.276551225602465e-05,16.984190851872814,0.0003136495746909286,0.0,1.7604885e-05,0.35121533608431665,0.08788664763605575
p348_MASS,0.001499325827974956,10.169201089690018,0.0006589423306934695,0.0,0.00013821793,0.028372314201015894,0.007292368616063503
p349_H2,0.011612715190120148,6.406706192086748,5.797196744832309e-05,0.0,0.0011516162,0.11996132027884544,0.03029272711643123
p349_H3,0.020797266070276207,5.370877693361354,1.7332113645624953e-05,0.0,0.0,0.21581844634920166,0.053958944615711824
p349_NCI,0.003284928547308991,8.70896426191401,0.0002718225230631758,0.0,4.387666e-05,0.03323563927472143,0.008387834614023697
p349_MASS,0.01949438174033052,5.484860483729725,0.00016206272154854428,0.0,1.03514644e-07,0.04006785277157126,0.010057504751940944
p350_H2,0.0016949159506518172,9.939636924298632,5.808225351693178e-05,0.0005118139318270753,0.00057831657,0.3195691669998983,0.08017934493852624
p350_H3,0.9608759507787173,0.0024082606108935148,0.0,0.0,0.0,0.0,0.0
p350_NCI,0.09712904989784452,2.7603288845763156,0.0,0.0,0.0,0.0,0.0
p350_MASS,0.0008374533250472023,11.265398505443292,1.5294813246650418e-05,0.0,0.0,0.09322579248426624,0.023310271824378222
p351_H2,0.4250576036061806,0.6371219392571426,0.0,0.0,0.0,0.0,0.0
p351_H3,0.9347952005916664,0.006698795895624343,0.0,0.0,0.0,0.0,0.0
p351_NCI,0.7469086706317682,0.10423892821513249,0.0,0.0,0.0,0.0,0.0
p351_MASS,0.7316331564260851,0.11772241136302197,0.0,0.0,0.0,0.0,0.0
p352_H2,0.0059160681299964685,7.627837278298105,9.624602738770547e-05,0.00011953383333214165,6.676172e-06,0.23392656760604724,0.058537255909636515
p352_H3,0.7798636482890976,0.07818572259482719,0.0,0.0,0.0,0.0,0.0
p352_NCI,1.4799889947827026e-06,23.627247574908875,0.0011066417546287273,0.0017037080661244936,0.0008649981,0.5095350607303711,0.12830260215983566
p352_MASS,0.5964699852587116,0.2806398255340174,0.0,0.0,0.0,0.0,0.0
p353_H2,0.4409224682406516,0.5946372312603603,0.0,0.0,0.0,0.0,0.0
p353_H3,0.7607979250380342,0.09276046093893149,0.0,0.0,0.0,0.0,0.0
p353_NCI,0.8965340567868699,0.01692438035988694,0.0,0.0,0.0,0.0,0.0
p353_MASS,0.8672266924871097,0.027972844770924033,0.0,0.0,0.0,0.0,0.0
p354_H2,2.2087982332953822e-12,51.323868758543384,0.00017031567474677455,0.0,6.218549e-06,0.004120529363974268,0.001074265896945405
p354_H3,6.714127168241721e-08,29.858947032768032,9.020225942992049e-05,0.0,0.0,0.2835062290520442,0.07089910782786853
p354_NCI,0.6907499035020267,0.15842125907199595,0.0,0.0,0.0,0.0,0.0
p354_MASS,0.0033801141773323307,8.656171493626413,2.0304473807271074e-05,0.0,1.11021556e-07,0.14862656794875403,0.037161745861029424
