feature,p_value,score,gbr,xgb,rf,BayesianRidge,mean
p1_H2,0.3336574617610003,0.9360363594566953,0.0,0.0,0.0,0.0,0.0
p1_H3,0.00014578617806189554,14.597666699827933,1.241121709767046e-06,1.7321299e-06,0.00019501686984598003,0.38646352383084964,0.09666537848808411
p1_PKB,1.49482330884928e-07,28.209453983627707,2.0719791557703795e-06,2.7884416e-05,0.002212074149437376,0.03692056752142504,0.009790649516589645
p2_H2,0.7004997146973431,0.14808265463794917,0.0,0.0,0.0,0.0,0.0
p2_H3,0.004697627915344545,8.047618037272336,0.0,3.6543167e-07,0.00023902072724108463,0.12485496376767541,0.031273587481647686
p2_PKB,0.03739921800237038,4.349879666221251,0.01935220805252848,0.00014061602,0.02613172634055334,0.020156199289651733,0.016445187424537065
p3_H2,3.5072842930139936e-25,116.91817956240068,0.0,1.8223792e-06,0.0004610415901524131,0.10116301129343731,0.025406468815698427
p3_H3,4.6352963491627444e-05,16.817309613971013,5.267311306313588e-09,3.3269036e-05,5.2469709182798067e-05,0.47688564718349524,0.11924284779901395
p3_PKB,0.00021840790571866519,13.8203647207246,0.0006201788103809508,1.3168366e-05,0.00023486038857600683,0.022402293183536856,0.005817625187228998
p4_H2,0.06127108979978911,3.5147468094927183,0.0,5.476631e-06,0.00037627331862921616,0.0761428588271866,0.01913115219421179
p4_H3,2.5572485641486407e-68,389.25467530358463,0.0,2.6092925e-05,0.00016181644915088365,0.12744249889998543,0.031907602068433995
p4_PKB,4.793785782455565e-72,416.9441471248144,0.0005114828699847207,6.181123e-06,0.00040472042740375503,0.04269374669199285,0.010904032778070043
p5_H2,3.971206497473257e-86,528.406988344142,0.0,2.7954712e-08,1.2570283317918427e-05,0.4362211849311503,0.10905844579229514
p5_H3,1.0441147767343315e-91,575.7391506790551,0.0,0.0,2.11747925561704e-05,0.03302104627438751,0.00826055526673592
p5_PKB,1.9432186149996496e-91,573.4076868265478,0.0,0.0,2.11747925561704e-05,0.03302104627438751,0.00826055526673592
p6_H2,1.2051170797358367e-05,19.453942578487897,0.0,1.7228123e-06,8.9372517816378e-05,0.020821244777198156,0.005228085026821511
p6_H3,0.15115288797066212,2.0654148889995647,0.0,0.0,0.0,0.0,0.0
p6_PKB,0.040824087574357334,4.199953651252855,2.3863069088481404e-05,1.335352e-06,1.9302211663338138e-05,0.019275703511987537,0.0048300510361732035
p7_H2,2.2839601137367394e-26,123.33374284919327,0.001398749924359207,9.800702e-06,0.0006105971232129944,0.14376186181979717,0.036445252392385684
p7_H3,4.853439765275403e-58,316.5769531510355,0.0,1.0565269e-05,1.787186853784681e-05,0.019827491125123733,0.004963982065639002
p7_PKB,1.8652183857005682e-44,228.30781537228157,5.094026177848122e-06,5.8437985e-05,0.00039244262557642975,0.037057866804560385,0.009378460360326097
p8_H2,0.6242324212611822,0.24019154659233458,0.0,0.0,0.0,0.0,0.0
p8_H3,0.6479142432782268,0.20873297240400007,0.0,0.0,0.0,0.0,0.0
p8_PKB,0.12746847344339482,2.328989404038105,0.0,0.0,0.0,0.0,0.0
p9_H2,4.642136159565266e-21,95.06018576045939,3.618083201662601e-05,2.616837e-06,0.00016303589045581112,0.0793035866147618,0.01987635504356777
p9_H3,0.17424115648333124,1.8500997869671496,0.0,0.0,0.0,0.0,0.0
p9_PKB,0.8823567696027717,0.02191589081312031,0.0,0.0,0.0,0.0,0.0
p10_H2,0.0029938141841057897,8.87778310800112,0.0,7.458654e-07,0.013008772034476224,0.2502954117147646,0.0658262324036619
p10_H3,9.488748429949714e-23,103.93876022616354,0.0,0.00023204593,0.00035907457045184746,0.42810717523840197,0.10717457393511975
p10_PKB,0.19091308906506751,1.7141130383327567,0.0,0.0,0.0,0.0,0.0
p11_H2,6.774930871958931e-35,171.1230810974464,0.0,5.7099587e-06,0.00014338567789182988,0.07192097480102272,0.0180175176094071
p11_H3,1.1386975462561697e-15,67.48766529737092,0.0,4.6604396e-09,6.812512890026565e-05,0.04600462067044249,0.011518187614945587
p11_PKB,0.06358788606735666,3.452973867663958,0.0,5.2169016e-06,0.00013286327982894706,0.048947833960085896,0.012271478535385495
p12_H2,0.004987380570780258,7.937901053394746,0.00010988852131448212,1.4849924e-08,0.004458040446315503,0.0833105096783667,0.021969613373980162
p12_H3,1.001250087613992e-18,82.98026360200116,0.0,8.708983e-09,0.004734914996638422,0.33366709224899815,0.08460050398865486
p12_PKB,0.052270998252561554,3.780861577318276,0.00010988852131448212,1.4849924e-08,0.004458040446315503,0.0833105096783667,0.021969613373980162
p13_H2,1.5510652552039195e-49,260.3222576758294,0.00023332949442194932,1.1098273e-05,0.004366004860457695,0.01265614285408672,0.0043166438704434484
p13_H3,8.378570913931338e-09,34.069531333728634,0.0,7.186363e-08,0.008294942629816603,0.3180854245214993,0.08159510975373685
p13_PKB,5.0451800421592535e-29,137.90051707491875,0.0,9.950572e-06,0.02203652257374435,0.2411335432453057,0.0657950040978496
p14_H2,0.08538519811269829,2.9682862303377777,0.0,0.0,0.0,0.0,0.0
p14_H3,0.00310291542234395,8.81155709908757,0.0,3.8882956e-07,1.8017241643204666e-05,0.21585456443183668,0.053968242625760554
p14_PKB,0.0002778984129224785,13.35869066947221,0.0,4.4259423e-06,0.00013067952128491777,0.1717014462445995,0.04295913792704094
p15_H2,3.326679646584685e-58,317.6957641849936,0.0,0.0,1.5449573133032543e-05,0.012612960617512678,0.0031571025476614277
p15_H3,1.2018356323081374e-121,864.1450161444487,0.0,1.2719611e-06,4.658803543698878e-05,0.15812368252021092,0.03954288562918254
p15_PKB,2.180274342880854e-106,709.5496362392366,0.0,1.2719611e-06,4.658803543698878e-05,0.15812368252021092,0.03954288562918254
p16_H2,1.3242582801859075e-16,72.1857944014169,0.0,9.0240155e-07,0.00024352277161566094,0.04205717235187447,0.010575399381260682
p16_H3,1.9623094138366132e-70,404.8778328790842,0.0,5.4690946e-07,8.025011450471742e-05,0.11165400644058271,0.027933700866137286
p16_PKB,2.6482872891407764e-118,828.8350038685553,0.0,1.2719611e-06,4.658803543698878e-05,0.15812368252021092,0.03954288562918254
p17_H2,5.367383663037279e-18,79.24973869294604,7.341776701649378e-05,1.29836e-05,0.00017440804966690468,0.14845376863419157,0.03717864451268
p17_H3,5.752878411994878e-126,911.0239357367788,0.0,8.97852e-09,0.0,0.02379258457503079,0.005948148388387735
p17_PKB,1.1571231905553267e-119,843.09448443348,0.0,1.2719611e-06,4.658803543698878e-05,0.15812368252021092,0.03954288562918254
p18_H2,1.5274891534298565e-11,47.158287817143595,0.0,3.6739453e-07,4.7711262515618035e-06,0.04100518992484004,0.010252582111406488
p18_H3,0.04587751005075962,4.001347567522745,0.0,0.0,3.2019239697899377e-06,0.13148077702186725,0.03287099473645926
p18_PKB,0.0128057270169337,6.230026025549364,0.0,0.0,8.998491118810852e-06,0.03482545105322117,0.008708612386084995
p19_H2,0.07823355157495332,3.1109836467704066,0.0,0.0,0.0,0.0,0.0
p19_H3,0.03266439806692259,4.582782813103054,0.0,0.0,8.998491118810852e-06,0.03482545105322117,0.008708612386084995
p19_PKB,0.03534103282853227,4.447086675795512,0.0,0.0,8.998491118810852e-06,0.03482545105322117,0.008708612386084995
p20_H2,2.8811508740258673e-10,41.02075698473485,0.0,3.7871493e-07,1.7583803679274153e-05,0.12985398169501025,0.03246798605340479
p20_H3,0.03973043449427739,4.24634429408599,0.0,0.0,3.2019239697899377e-06,0.13148077702186725,0.03287099473645926
p20_PKB,0.018199741967706323,5.605007015865073,0.0,0.0,8.998491118810852e-06,0.03482545105322117,0.008708612386084995
p21_H2,1.3896994304057285e-142,1105.276571042654,0.0,5.892109e-09,0.023305191456362586,0.23710352086024195,0.06510217955217838
p21_H3,8.39728773840215e-83,501.07683412169234,0.0,1.1955857e-05,8.332696387908395e-05,0.12901144415407512,0.03227668174378595
p21_PKB,4.968507263358117e-119,836.4400968706888,1.7960087474895807e-05,2.2818622e-06,4.3119157704503514e-05,0.3050954162143541,0.0762896943304284
p22_H2,3.4436057657669126e-10,40.65044148939542,0.00020405138108373766,1.2419424e-06,0.00012598282059197915,0.07263598360841644,0.018241814938126488
p22_H3,0.000730811411126396,11.51833808119113,0.0,3.8514187e-09,8.298027869602098e-05,0.09454533568259574,0.023657079953177625
p22_PKB,0.06948917072093101,3.305908880668899,0.0,0.0,0.0,0.0,0.0
p23_H2,0.6489007189089951,0.20748059010772166,0.0,0.0,0.0,0.0,0.0
p23_H3,0.48041167225103154,0.4985002141448461,0.0,0.0,0.0,0.0,0.0
p23_PKB,0.4440610388566817,0.5864779371176917,0.0,0.0,0.0,0.0,0.0
p24_H2,8.633279394094889e-43,218.062278178837,4.1119094418364215e-06,4.1796043e-06,0.000160360138399781,0.38238505562247876,0.09563842681864887
p24_H3,3.674992016438556e-17,75.00132299804359,0.0,2.0631927e-05,0.0014347176878863593,0.09131250536072469,0.023191963743984634
p24_PKB,3.6993913990765866e-36,178.45354585298733,0.0,2.2035285e-06,0.00011891611670704946,0.12562868645826256,0.03143745152587698
p25_H2,5.667265043649223e-12,49.246103356405186,0.0,1.8837829e-08,8.623654228842552e-06,0.11992629002382571,0.029983733128970905
p25_H3,9.111470579200869e-12,48.24526819085452,0.0,0.0,7.344683168059933e-06,0.13164271661903493,0.03291251532555075
p25_PKB,5.7457614013923405e-15,63.97642875187425,2.49060369025856e-05,6.534877e-06,0.00011789941717031479,0.1137774446205752,0.02848169623785573
p26_H2,0.0012305156631253983,10.536038530460653,0.0,5.098777e-06,2.49128700032253e-05,0.12049364144466712,0.03013091327289509
p26_H3,7.846776651695144e-11,43.729837623876605,0.0,6.0315683e-06,1.8551596937380852e-05,0.013899462373396562,0.0034810113846631295
p26_PKB,4.020581681481672e-11,45.128069977273064,0.0,7.27788e-07,5.5600130093064674e-05,0.0624050761762092,0.01561535102357703
p27_H2,0.2441657040492354,1.3588314504060741,0.0,0.0,0.0,0.0,0.0
p27_H3,0.2783034740889939,1.1773161124013005,0.0,0.0,0.0,0.0,0.0
p27_PKB,0.1670131952902905,1.9138118984502615,0.0,0.0,0.0,0.0,0.0
p28_H2,4.0094137653987697e-50,264.10025435025454,1.3934636465325948e-06,5.2370897e-08,0.0001410703617859562,0.1710014133927863,0.04278598239727893
p28_H3,0.20012789597567682,1.6447658196090351,0.0,0.0,0.0,0.0,0.0
p28_PKB,2.749201573556778e-50,265.1568021060645,2.0753310947294422e-05,0.0,0.0045335992912278735,0.019201890015039556,0.005939060654303681
p29_H2,8.980312529027912e-13,53.14619042427704,4.786649161977103e-06,1.3022839e-07,4.54304747555304e-05,0.12952374778430983,0.03239352378415341
p29_H3,3.050702968093216e-08,31.431433942243448,0.0,1.7586518e-07,4.453880775562322e-06,0.24819094429494454,0.062048893510225515
p29_PKB,1.3471026686994675e-11,47.42247127003552,0.0,4.4590237e-07,5.860588047750356e-05,0.15071302254643704,0.03769301858232184
p30_H2,2.640743709832433e-05,17.915196197942784,0.0,4.019465e-06,1.6232902136464706e-05,0.004363607695425096,0.0010959650156392674
p30_H3,1.7760876195089573e-05,18.69208977634685,0.0,4.019465e-06,1.6232902136464706e-05,0.004363607695425096,0.0010959650156392674
p30_PKB,0.0030665966956337355,8.833336027980687,0.0,0.0,3.419233104944612e-05,0.058112542675719456,0.014536683751692226
p31_H2,0.020617296321458655,5.385040691102019,0.0,6.1873243e-06,5.3025655804761764e-06,0.013259032962482839,0.003317630713087948
p31_H3,0.2007252016682707,1.6404006977931234,0.0,0.0,0.0,0.0,0.0
p31_PKB,0.0005118729166029562,12.193589398593053,0.0,0.0,2.7977506650318667e-05,0.1706151765769601,0.042660788520902604
p32_H2,3.669486235570912e-08,31.055727885458815,0.0,8.225845e-06,8.767164719216086e-05,0.12338656461193857,0.030870615525981346
p32_H3,0.8883026323243588,0.01974225951707716,0.0,0.0,0.0,0.0,0.0
p32_PKB,0.1769872188297946,1.8266882300378795,0.0,0.0,0.0,0.0,0.0
p33_H2,6.706761511404928e-05,16.09923269361172,1.3006378193664996e-05,1.1661014e-05,0.0005063183320811584,0.027637459872557963,0.007042111399097998
p33_H3,0.009703550196744914,6.728067600950861,0.0,1.6944135e-05,1.8304673654996677e-05,0.34982020234362676,0.08746386278819433
p33_PKB,0.41244510135300827,0.6726021549142565,0.0,0.0,0.0,0.0,0.0
p34_H2,1.740028148500243e-52,279.4519419641511,0.0,6.946025e-07,0.013804526603928535,0.23453818835881768,0.06208585239130577
p34_H3,3.5295611087240436e-19,85.30733408866006,0.0,2.8681018e-08,5.615601814257144e-05,0.19689637936339205,0.04923814101563827
p34_PKB,0.37417270940531955,0.7908433818919063,0.0,0.0,0.0,0.0,0.0
p35_H2,0.04474421068403158,4.0438080801025755,0.0,1.725159e-05,8.405700820495828e-05,0.0936939783292818,0.023448821731916567
p35_H3,0.5413590241872668,0.3734192205052115,0.0,0.0,0.0,0.0,0.0
p35_PKB,0.6284484836369691,0.2343920295083753,0.0,0.0,0.0,0.0,0.0
p36_H2,0.1661354218443333,1.9217644598247143,0.0,0.0,0.0,0.0,0.0
p36_H3,0.621670046747465,0.24375930938639798,0.0,0.0,0.0,0.0,0.0
p36_PKB,0.002510354302768461,9.2042847781198,0.0,1.0105628e-05,0.0031270972246138285,0.09313646570832022,0.02406841714012165
p37_H2,6.559983738077645e-11,44.104011929957124,0.0010661599833594266,7.5877506e-06,0.00012459054485902348,0.10386970986444523,0.02626701203581288
p37_H3,7.912054695247439e-61,335.76874111902765,0.0006679317308744847,0.0,0.0004687314423717659,0.11797199158530018,0.029777163689636607
p37_PKB,7.357574047252144e-10,39.07692891090568,0.0,1.9456063e-08,3.6290925335421046e-05,0.0179514472311345,0.004496939403133337
p38_H2,5.072426914124104e-39,195.32135925534243,1.4547670854665965e-05,3.8673716e-06,0.0010106312896592884,0.10949590102272865,0.02763123683870084
p38_H3,0.011330985274869297,6.449202069238833,0.0,2.6449145e-06,0.0007703532478802052,0.08331085109427931,0.02102096231416551
p38_PKB,0.00981500882591487,6.707485163906973,1.3235443466161888e-06,3.058078e-05,0.0005414031869223413,0.061108751813011175,0.015420514831252737
p39_H2,0.6082295663851149,0.26301530512675114,0.0,0.0,0.0,0.0,0.0
p39_H3,6.107785237745287e-07,25.37763215563219,0.0,6.8555335e-07,3.8044278244359777e-06,0.13228813786719235,0.03307315696209061
p39_PKB,1.0347622179184876e-07,28.952941137081922,0.0023455470410750495,6.7096676e-06,0.0005706665343473819,0.21604949690146513,0.054743105036111725
p40_H2,9.457921982485922e-14,57.94723809463954,0.0,7.691878e-06,0.000405716136285369,0.038989714051821105,0.009850780516458308
p40_H3,1.4807403003186995e-06,23.607247518865368,0.0,0.0,6.936448940364387e-05,0.2223255503567164,0.05559872871153001
p40_PKB,7.373140399343023e-16,68.43388329049107,0.0,6.247248e-07,0.00022629593889641442,0.1613065681128256,0.04038337219413181
p41_H2,5.954408858686208e-09,34.76938518584363,0.0006939079397078252,6.3931084e-06,0.00011012117137462162,0.2120424795756723,0.05321322544878336
p41_H3,0.0011598968412587542,10.64709948599669,0.0,3.47659e-07,3.6049849881678156e-05,0.029869195091014,0.007476398149976648
p41_PKB,0.013970145108776533,6.07461755446978,0.0,5.6710974e-06,0.0010073165816038014,0.03854184719188525,0.009888708717714634
p42_H2,3.9065370705541366e-09,35.6345059726339,0.0005701676478220614,1.2902188e-05,0.002134336251932757,0.27850514544340027,0.07030563788285021
p42_H3,0.05592030050261202,3.6674881120365024,0.0,2.1714468e-09,2.7921502194267785e-06,0.02774563091532726,0.006937106309248371
p42_PKB,0.01639072422364628,5.790397255460054,0.002988562324811221,4.7758153e-06,0.0011860777399731017,0.0646460494551401,0.01720636633381646
p43_H2,2.8113430989301086e-31,150.48626740387434,3.501805173491476e-06,1.5407091e-06,0.004749965888039788,0.042492035470403526,0.0118117609681916
p43_H3,7.394763056464798e-155,1264.1151300925862,0.0,0.00133653,0.09553065956063132,0.18977553908811914,0.07166068215403139
p43_PKB,1.1492708174006653e-23,108.80365206579164,0.0,2.1259622e-08,0.004209386149363147,0.18237857528090565,0.0466469956724726
p44_H2,0.8295722466863461,0.046369789133719225,0.0,0.0,0.0,0.0,0.0
p44_H3,0.6741691208358396,0.17692331804250253,0.0,0.0,0.0,0.0,0.0
p44_PKB,0.32411881397534625,0.9737233716688674,0.0,0.0,0.0,0.0,0.0
p45_H2,9.810803247973498e-67,377.7067564780675,0.0,2.7166616e-05,0.003356131420762321,0.429766518766768,0.1082874542008418
p45_H3,0.2685524673084425,1.2262132435626576,0.0,0.0,0.0,0.0,0.0
p45_PKB,0.00016289074574776585,14.384021795002718,0.0003682623619150248,2.0420994e-05,0.00027557456732140123,0.047620378730838374,0.012071159163438268
p46_H2,0.6101900027567195,0.26014922312370103,0.0,0.0,0.0,0.0,0.0
p46_H3,0.36534163899642613,0.8205906787931526,0.0,0.0,0.0,0.0,0.0
p46_PKB,0.6037541376700833,0.2696328099621017,0.0,0.0,0.0,0.0,0.0
p47_H2,0.003612226570841974,8.53086121891628,0.0,7.6857253e-07,1.2816481688471135e-05,0.18706719558780557,0.046770195160506914
p47_H3,0.08587472131468281,2.9589962379358803,0.0,0.0,0.0,0.0,0.0
p47_PKB,0.3657691197566405,0.8191277159542893,0.0,0.0,0.0,0.0,0.0
p48_H2,1.9492974286036153e-155,1271.9537471382448,0.00010169546919859807,1.1724956e-05,0.0004198254052541807,0.022696608849872988,0.005807463669977495
p48_H3,0.16432000495335744,1.9383659115124554,0.0,0.0,0.0,0.0,0.0
p48_PKB,7.093494047375214e-135,1012.334966764015,0.02505504812581275,0.00074343494,0.0027853973754765064,0.2542994626705472,0.07072083577772607
p49_H2,1.1839018352318223e-18,82.6070320304682,2.3080635412343817e-08,1.4375556e-06,0.0003332797010332264,0.32870727421809154,0.08226050363884624
p49_H3,0.024625256532367024,5.073521773550229,0.0,3.1119362e-07,1.592537301815514e-05,0.12940141575420358,0.032354413080209594
p49_PKB,1.0651131884057579e-16,72.66324020535066,7.022381418447689e-05,1.5369171e-06,0.0003434911172171459,0.1047202731178363,0.02628388124159076
p50_H2,0.07516695289748797,3.1765476620619673,0.0,0.0,0.0,0.0,0.0
p50_H3,0.0012051230019416354,10.575210583670044,0.0,0.000117965894,1.599768485153238e-05,0.019263796392556213,0.0048494399928214705
p50_PKB,0.00439949852883357,8.167970069941484,0.0026026768485158157,2.4240453e-05,0.0013804411115250555,0.17166108451801967,0.04391711073277967
p51_H2,1.2440471658029152e-30,146.85846068604158,0.0,8.293246e-08,9.792459647527894e-05,0.015805599727180698,0.0039759018140287745
p51_H3,5.023976310378154e-56,302.939600015272,0.0,0.0,1.567135065041982e-07,0.03160959786131764,0.007902438643706036
p51_PKB,2.3927924085072594e-46,240.09470375239295,0.0,0.0,0.0001182909677227295,0.02895398895610174,0.007268069980956117
p52_H2,4.684239977417805e-29,138.07907620370875,0.0,1.8218191e-06,0.0036081331451078423,0.2169477316199259,0.05513942164602567
p52_H3,6.666837878728188e-60,329.3542822651459,0.0,0.0,2.9766155862451962e-05,0.16733631170556443,0.04184151946535672
p52_PKB,7.503396991125491e-38,188.38575291312605,0.0,5.5891112e-05,0.00026583245360650715,0.06900768366264157,0.017332351807168127
p53_H2,1.466407339621751e-40,204.53280979393594,0.0,7.364255e-05,0.00013493078153906205,0.15961863122629516,0.03995680113945308
p53_H3,0.00259055512751667,9.145909216446212,0.0,0.0,2.3401425319762918e-07,0.02169735008938824,0.0054243960259103595
p53_PKB,1.727686333152167e-23,107.86159868036657,0.0,0.0007405916,0.0010511572923245158,0.18501970271446458,0.04670286290450915
p54_H2,4.6979042209029095e-60,330.40483665674185,0.0,4.854246e-06,2.1514167630898723e-05,0.1326542225085318,0.03317014773055862
p54_H3,2.337110565230954e-56,305.17562929632794,0.0,0.0,0.0,0.0285752720815461,0.007143818020386525
p54_PKB,3.614523998413464e-51,270.859050687497,0.0,2.792955e-07,2.9578241325150232e-05,0.02186855119596577,0.005474602183199189
p55_H2,0.6876572537495393,0.16177709282707645,0.0,0.0,0.0,0.0,0.0
p55_H3,1.0,0.0,0.0,0.0,0.0,0.0,0.0
p55_PKB,0.687657253363888,0.1617770932488188,0.0,0.0,0.0,0.0,0.0
p56_H2,0.002628975817669169,9.118592629059227,2.130777553884027e-05,1.158805e-05,0.00023339464586433014,0.09764400934423265,0.024477574953973017
p56_H3,0.012100883776174439,6.3313431982561,7.585767225436528e-05,5.2096507e-06,8.528020753860057e-06,0.0030543863277249232,0.0007859954178534437
p56_PKB,0.007116912455022599,7.289148335913438,1.8592988120672942e-05,2.610884e-06,0.00026715496255916803,0.06828214317780554,0.017142625503106163
p57_H2,5.58497738190971e-09,34.900751363385105,0.0001777250654666475,4.3501717e-05,0.00014172028054770995,0.0006520150027942356,0.00025374051652724504
p57_H3,3.354681649453723e-08,31.238158533868493,0.0,0.0,2.5753141396130877e-05,0.05253072447606947,0.013139119404366401
p57_PKB,0.00029665905008235423,13.233695072120032,0.00012976441112155137,1.9173026e-06,0.0001098747688736587,0.3882081622352707,0.09711242967946587
p58_H2,0.009000239913901142,6.86382360371625,0.0,0.0,8.998491118810852e-06,0.03482545105322117,0.008708612386084995
p58_H3,0.035941826980165875,4.418110008826943,0.0,0.0,8.998491118810852e-06,0.03482545105322117,0.008708612386084995
p58_PKB,0.0436427373516576,4.086178239103213,0.0,0.0,8.998491118810852e-06,0.03482545105322117,0.008708612386084995
p59_H2,0.30781120273595275,1.0416706707063623,0.0,0.0,0.0,0.0,0.0
p59_H3,0.6876572537480803,0.1617770928286276,0.0,0.0,0.0,0.0,0.0
p59_PKB,0.43899547889005597,0.5996405602816529,0.0,0.0,0.0,0.0,0.0
p60_H2,0.58906728363597,0.2920920559894517,0.0,0.0,0.0,0.0,0.0
p60_H3,8.022496008958682e-05,15.751857308328196,0.0,2.0537973e-05,2.5698397791558953e-05,0.2992134358263369,0.07481491804925382
p60_PKB,0.0026857311645353352,9.07897504253276,0.0,8.464428e-05,0.00018460832611168042,0.1440048672449496,0.036068529962291304
p61_H2,0.000668854719704293,11.68604647805262,6.808657723637202e-05,5.588289e-06,0.00011662701436717715,0.37580344685994327,0.0939984371850833
p61_H3,0.1652215449405939,1.9300954691471377,0.0,0.0,0.0,0.0,0.0
p61_PKB,4.6139049250839867e-11,44.839940091438066,0.0,2.1582089e-07,5.0459701767116314e-05,0.09582655479226328,0.02396930757873011
p62_H2,0.023118389951724484,5.184005907561501,0.0,3.1362626e-05,6.825486655507176e-08,0.24259581424874083,0.0606568112824099
p62_H3,5.2509374150369115e-05,16.57465084623039,0.0,0.0,5.6579106436755096e-08,0.10226243283233474,0.025565622352860296
p62_PKB,7.750549512604398e-05,15.81868933977857,0.0,0.0,5.6579106436755096e-08,0.10226243283233474,0.025565622352860296
p63_H2,0.0002910591448621764,13.270148677999332,0.0003915274551374431,1.3199174e-05,0.00020458152875000335,0.1343952544540542,0.03375114065291947
p63_H3,1.035047924026359e-07,28.952382612165923,4.422202193916527e-05,4.559476e-05,1.1767907823787546e-05,0.08076514852847833,0.020216683304381682
p63_PKB,0.000394840954606012,12.687740596039742,2.776180912055654e-05,4.7179316e-07,0.00017521096504511026,0.1512956230609142,0.03787476690705933
p64_H2,0.5560504355375266,0.3469465358174122,0.0,0.0,0.0,0.0,0.0
p64_H3,0.3951398536108659,0.7240214784228811,0.0,0.0,0.0,0.0,0.0
p64_PKB,0.009772426728998676,6.715320076743922,8.603895835222056e-06,0.00020116857,8.072915360520986e-05,0.22399804797693212,0.056072137399580155
p65_H2,1.819199139570944e-05,18.64504866123001,0.0,0.0,0.004273621714393451,0.1509769441963582,0.03881264147768791
p65_H3,0.0017498127478730258,9.876499198578339,0.0,0.0,3.8906737660914643e-07,0.052805652182640724,0.013201510312504333
p65_PKB,0.6540459655898285,0.20102192546221812,0.0,0.0,0.0,0.0,0.0
p66_H2,0.17287618799896154,1.8618957973189965,0.0,0.0,0.0,0.0,0.0
p66_H3,0.033531643470788124,4.5375790091398125,0.0,0.0,1.3475345167520412e-07,0.38145872350082133,0.09536471456356825
p66_PKB,0.033751787287754825,4.526299127890433,3.828480857801632e-05,0.0,9.73825187722253e-08,0.09313104719711023,0.023292357347051755
p67_H2,0.8615569009931352,0.03043679672569386,0.0,0.0,0.0,0.0,0.0
p67_H3,0.9876750370774465,0.0002388131746416644,0.0,0.0,0.0,0.0,0.0
p67_PKB,0.8366448577894757,0.042547021165213667,0.0,0.0,0.0,0.0,0.0
p68_H2,0.7772725939759153,0.08008451684158463,0.0,0.0,0.0,0.0,0.0
p68_H3,0.7935896444690793,0.06851787576726072,0.0,0.0,0.0,0.0,0.0
p68_PKB,0.7997789137018205,0.06438227008678624,0.0,0.0,0.0,0.0,0.0
p69_H2,0.023902157771876924,5.125635201167992,0.0,2.9750502e-06,3.994879248993221e-05,0.15485226145462969,0.038723796324321234
p69_H3,0.7935896444707874,0.0685178757660827,0.0,0.0,0.0,0.0,0.0
p69_PKB,0.14444935521937713,2.135022492625924,0.0,0.0,0.0,0.0,0.0
p70_H2,2.926743498222999e-23,106.64533801491363,0.0,0.0064513255,0.000510325698651035,0.08678022855503079,0.02343546993618814
p70_H3,6.14315199046256e-19,84.06951360872905,0.0,2.9232954e-08,6.820305775981448e-07,0.05333251809009484,0.013333307338406567
p70_PKB,9.01736759590442e-12,48.26713116878162,0.0,2.504915e-07,0.0005963645103641669,0.0444551801242658,0.01126294878153149
p71_H2,3.41145855361053e-10,40.66991137702906,0.0,8.313151e-07,1.1892798289841117e-05,0.008053412126534019,0.002016534059982376
p71_H3,1.3570042257467894e-13,57.17452647993615,0.0,0.0,1.6862879485164527e-07,0.08625081285305632,0.021562745370462794
p71_PKB,5.9053766490202746e-12,49.15928244189258,0.0,0.0,8.685235613411862e-05,0.27306166295747464,0.06828712882840218
p72_H2,0.7320022999897087,0.11738145757845594,0.0,0.0,0.0,0.0,0.0
p72_H3,0.7935896444690793,0.06851787576726072,0.0,0.0,0.0,0.0,0.0
p72_PKB,0.980624423402648,0.0005902653134868638,0.0,0.0,0.0,0.0,0.0
p74_H2,3.18361161868864e-42,214.603472178351,0.0,1.862379e-07,1.9524562668461396e-05,0.12209999549792325,0.030529926574622425
p74_H3,0.5508875565532458,0.35609907705319094,0.0,0.0,0.0,0.0,0.0
p74_PKB,4.5969577828718803e-51,270.1814496834983,0.0,6.1800442e-06,5.767776252674598e-05,0.016839199136381544,0.004225764235786606
p75_H2,0.804805483548775,0.06112424222993732,0.0,0.0,0.0,0.0,0.0
p75_H3,1.0,0.0,0.0,0.0,0.0,0.0,0.0
p75_PKB,0.7095813603446459,0.13881645101305443,0.0,0.0,0.0,0.0,0.0
p76_H2,0.19519854755852037,1.6813848808997325,0.0,0.0,0.0,0.0,0.0
p76_H3,0.15992835624041585,1.9794097535637214,0.0,0.0,0.0,0.0,0.0
p76_PKB,0.3029561250502254,1.062813153846735,0.0,0.0,0.0,0.0,0.0
p77_H2,0.000155505874189114,14.473342733077626,0.0,0.00022202531,0.0007910617177410238,0.09565765168084603,0.02416768467669075
p77_H3,1.0,0.0,0.0,0.0,0.0,0.0,0.0
p77_PKB,0.00015164819487815378,14.521720683234307,0.0,0.00022202531,0.0007910617177410238,0.09565765168084603,0.02416768467669075
p78_H2,0.9726683222003156,0.0011747766690694305,0.0,0.0,0.0,0.0,0.0
p78_H3,1.0,0.0,0.0,0.0,0.0,0.0,0.0
p78_PKB,0.9726683222003156,0.0011747766690103924,0.0,0.0,0.0,0.0,0.0
p79_H2,4.385451795595867e-12,49.7873206820602,0.0,9.568782e-07,7.327059463789105e-05,0.09130410063621613,0.022844582027273224
p79_H3,1.0,0.0,0.0,0.0,0.0,0.0,0.0
p79_PKB,0.2480579929849126,1.336595830001971,0.0,0.0,0.0,0.0,0.0
p80_H2,3.613632435944231e-111,756.2055484944668,0.0,1.9685591e-07,2.532112243300373e-05,0.08184457187929402,0.02046752246440865
p80_H3,4.0437688380979815e-129,946.1541477664503,0.0,0.0,7.807447925294209e-06,0.07497987690702955,0.01874692108873871
p80_PKB,2.4481918940670183e-110,747.9828864910414,5.857075585771636e-06,0.0,2.059941495280182e-05,0.010540595873787924,0.002641763091081624
p81_H2,9.74505093067961e-09,33.76029603116886,0.0,1.7588396e-06,0.00019359388754776818,0.10132213553777455,0.025379372066238175
p81_H3,0.846675645256266,0.0374184895001668,0.0,0.0,0.0,0.0,0.0
p81_PKB,1.4348161322025207e-17,77.07486420701692,0.00012378075146386684,4.927642e-06,5.956128636161612e-05,0.13706805482325418,0.034314081125729784
p82_H2,3.6696298965237824e-27,127.65948055544773,0.0,3.7302061e-06,2.0103865743945917e-05,0.13605801627777594,0.0340204625874093
p82_H3,2.795075740210538e-14,60.56378879385736,0.0,0.0,7.833300224036001e-07,0.11349135633717165,0.028373034916798514
p82_PKB,4.774259894291927e-13,54.48987352165041,0.0,0.0,6.168074865609498e-05,0.05210039417479273,0.013040518730862207
p83_H2,5.9189671160003715e-58,315.98958093027846,0.003559656333405441,0.00035373322,0.0012465189678230208,0.18720041704538273,0.04809008139244391
p83_H3,7.128341321343341e-38,188.51721570677051,0.0,0.0,1.8813232678087317e-06,0.13568870072212588,0.03392264551134842
p83_PKB,1.8797609364840573e-06,23.13180693342196,2.974647256033622e-08,0.00011807991,0.00030302929993100485,0.1722752745068782,0.04317410336535393
p84_H2,5.482729512623434e-32,154.49313045262417,0.0022561957344280634,4.7553272e-05,0.001444848474927188,0.2737671960704049,0.06937894838805309
p84_H3,0.7457086200174767,0.10526150327545307,0.0,0.0,0.0,0.0,0.0
p84_PKB,2.537920876711868e-62,346.2098149299643,0.0,7.5142348e-06,0.00017238368657354668,0.031129915726492777,0.007827453411958295
p85_H2,1.482181655695415e-17,77.00314957309725,0.0,1.2356654e-06,0.0007302993117149129,0.0002529263459245062,0.0002461153307654617
p85_H3,0.00039402069016162834,12.691705398078478,0.0,2.2706941e-05,2.9491773970160734e-06,0.2756921560814735,0.06892945305004478
p85_PKB,0.04830892335024235,3.91387422705769,0.00037372377241915925,1.160649e-05,0.00034920376223038967,0.039523561594867404,0.010064523904944571
p86_H2,1.3550096476109065e-81,491.30782444178726,0.2284814621161582,0.0063899886,0.2189926729365636,0.9635538308437119,0.3543544886206851
p86_H3,1.0210696629699883e-40,205.4794530344955,0.007559254723814777,0.0021309394,0.00517409298418969,0.7686282418808369,0.1958731322453036
p86_PKB,9.990832891640183e-12,48.05127968235569,0.002437545207938353,0.00016085293,0.0004426103376163731,0.43097336749036336,0.10850359399082085
p87_H2,0.925045174480016,0.008857988952211439,0.0,0.0,0.0,0.0,0.0
p87_H3,8.904468880708073e-19,83.24161564234771,0.0,0.0,1.1878719491099275e-05,0.03815782555641273,0.009542426068975957
p87_PKB,1.6256999734086232e-37,186.40607911774853,0.0,0.0022701998,3.0265440363283808e-05,0.07736640634422556,0.019916717902178357
p88_H2,9.241539776680766e-13,53.085282046618005,0.0,3.229715e-06,0.000520609464981265,0.1920333901136464,0.048139307323418985
p88_H3,3.766177438034557e-39,196.0914714282292,0.0,0.0,1.0794436052870812e-06,0.0037939066734314184,0.0009487465292591764
p88_PKB,0.0059934179428803745,7.601968936607471,0.0,1.6745589e-06,0.00018397956291163502,0.11942556591815008,0.029902805009994534
p89_H2,1.8406806814824112e-06,23.17364259583393,0.0,7.149538e-08,5.493710363802709e-05,0.21984587397334696,0.05497522064309087
p89_H3,0.12038276913204497,2.418649337514455,0.0,0.0,0.0,0.0,0.0
p89_PKB,9.148116402001869e-13,53.106864069068045,0.0,2.7753055e-07,5.565951474659496e-05,0.07623017602988212,0.019071528268793703
p90_H2,2.826255943429718e-46,239.64127383264957,0.016120935740423968,0.0030517417,0.004734904342874064,0.34486094093288944,0.09219213069084327
p90_H3,8.723432978653571e-88,542.2780653806666,0.0,0.0,8.734539216744093e-05,0.4843399559970108,0.12110682534729456
p90_PKB,1.1130173417161935e-59,327.81809873043727,0.003121239799771359,1.7826052e-06,0.0038254209980225044,1.0,0.2517371108507439
p91_H2,0.007109354037658009,7.29107906712328,0.0,2.26425e-05,0.0019389602340029032,0.1375958443469426,0.03488936177022912
p91_H3,7.562244184099615e-15,63.38246937973575,0.0,0.0,4.07817068810175e-08,0.05759131861632787,0.014397839849508688
p91_PKB,9.716059363813847e-112,761.8787931396121,0.0,0.0,0.00011875891561546023,0.06208290337372024,0.015550415572333925
p92_H2,5.073808944889437e-46,238.0495379672886,0.0,6.391257e-05,0.00035167599706544363,0.2886641889831415,0.07226994438803466
p92_H3,2.310251557440526e-69,396.93811049950335,0.0,0.0,9.175137550187972e-06,0.08277911855454134,0.020697073423022884
p92_PKB,0.0007034971744367399,11.590426088306872,1.0999468079651962e-05,4.674488e-06,0.00022031090282216995,0.12277970971154027,0.03075392364263101
p93_H2,4.440092756845882e-59,323.68305824800046,0.0007689102539940502,0.0003147089,0.0006606512669011456,0.12970003401851615,0.03286107610646165
p93_H3,2.079142299422521e-38,191.68241290641367,0.0025345887759923046,7.95734e-08,0.0006279979947047572,0.5944031262888035,0.14939144815822433
p93_PKB,8.204344355785309e-28,131.2223479685982,0.003671498828228081,0.00014984809,0.0001399464288482823,0.43270471996418475,0.10916650332659769
p94_H2,1.583603177780307e-210,2185.2373011731993,0.5250735219670645,0.020220669,0.10801568197482543,0.2235531038738206,0.21921574420053758
p94_H3,1.2545099526009233e-161,1357.8000966973486,0.0,1.3859736e-07,0.00020823525774824012,0.38474266319762046,0.09623775926318157
p94_PKB,1.2350548207119052e-101,664.6965563890409,0.42351763834648154,0.0024671808,0.09447119374338407,0.25878623385591787,0.19481056169521666
p95_H2,5.166810691368253e-53,282.913909659779,0.00016637411806167437,2.9112155e-06,7.629781896864301e-05,0.02372060980873113,0.005991548240305537
p95_H3,0.5054627620149106,0.4439388448144375,0.0,0.0,0.0,0.0,0.0
p95_PKB,5.95579301477925e-38,188.9781262832583,0.0,1.9870945e-06,6.200355780742873e-05,0.1984113363143128,0.04961883174165318
p96_H2,0.0005736827569042553,11.977074284619583,0.012651031640383713,0.0011164914,0.022741498534891505,0.3455277419695009,0.09550919088332642
p96_H3,2.5418734186456587e-08,31.80297084323381,0.002864268318490994,3.9140423e-06,0.00022196724424998298,0.03816748774386367,0.010314409337221511
p96_PKB,0.9024145831648165,0.015045319719822396,0.0,0.0,0.0,0.0,0.0
p97_H2,2.8468179723974774e-43,221.01380937264824,0.0002516814299765622,3.2390365e-06,0.00028805027756558107,0.30535531724905196,0.0764745719982634
p97_H3,1.2177135765453737e-56,307.08459902045576,0.0,0.0,0.0003612838296810563,0.2812320560504459,0.07039833497003173
p97_PKB,2.6103814136960805e-93,589.6764382000993,0.002637306752837188,9.0679364e-08,0.0007938736973970926,0.4568726508557311,0.11507598049633246
p98_H2,5.741950762492512e-09,34.84389738727713,0.0045305160238104745,0.0,0.003008916577913288,0.24809213056778945,0.0639078907923783
p98_H3,0.006749072263007202,7.385634890878394,1.6688047166020964e-05,0.0,0.00011483391005957759,0.37564415301379916,0.09394391874275619
p98_PKB,0.18722778274371255,1.7429520848684885,0.0,0.0,0.0,0.0,0.0
p99_H2,6.702255557282542e-64,357.36192312439084,0.0,2.2222102e-06,0.0005935261974133219,0.015483373970031564,0.004019780594421621
p99_H3,1.0380793743244938e-37,187.55403891136962,0.0,0.0,5.201241075892405e-05,0.054348657910210416,0.013600167580242335
p99_PKB,0.004251475258539944,8.230856789243909,3.5553953203616867e-06,5.3343583e-06,0.00027429724584606275,0.18201489699213166,0.04557452099790462
p100_H2,1.248160677227848e-16,72.31550982148457,4.464868226191204e-05,4.5395565e-05,0.0004388339661371272,0.0337598232585529,0.008572175368086446
p100_H3,8.865259099261173e-11,43.47505177638625,0.0,0.0007060637,0.00029332929582036055,0.042444845300165186,0.010861059573973526
p100_PKB,0.010856139059331478,6.526076810718274,4.1302505334357074e-05,2.6372081e-06,0.0009152455067355211,0.1672819289392507,0.04206027853986178
p101_H2,1.2650528781548437e-09,37.95672127289231,0.0,2.1391031e-08,5.333550026161989e-06,0.06788501122216235,0.01697259154080492
p101_H3,2.7869782548368465e-09,36.32880911838745,0.0,9.816697e-07,7.093718882895947e-06,0.020709889261584107,0.0051794911625418
p101_PKB,9.280544165037306e-14,57.98778908883339,0.0,2.2172917e-07,0.00013303913099676248,0.06273799567391657,0.015717814133519976
p102_H2,0.8091336310978658,0.058390734487007497,0.0,0.0,0.0,0.0,0.0
p102_H3,0.8884636295193803,0.019685013533482086,0.0,0.0,0.0,0.0,0.0
p102_PKB,0.9238364402081866,0.009146864383807053,0.0,0.0,0.0,0.0,0.0
p103_H2,5.483392861299068e-11,44.47876443298752,0.0,0.0,1.8573415031706823e-05,0.10865085343103202,0.027167356711515933
p103_H3,7.364179405833685e-22,99.24814538455712,0.0,0.0,6.101939016927532e-07,0.008708424476867106,0.0021772586676921998
p103_PKB,0.17506018695214803,1.8430728052143983,0.0,0.0,0.0,0.0,0.0
p104_H2,0.10721883059077736,2.6018998295181563,0.0,0.0,0.0,0.0,0.0
p104_H3,0.048216776313249936,3.9171036680037323,0.0,1.7174719e-07,0.0005251919702173569,0.15322619675384183,0.038437890117812026
p104_PKB,9.194050129391086e-28,130.95087017591214,0.0008384284996786543,2.4214247e-05,0.0011660620469075968,0.28374550535807846,0.07144355253788563
p105_H2,2.0509702624130637e-11,46.539294034714466,0.0,9.732843e-06,0.0002914039510806081,0.03885939257066061,0.009790132341173976
p105_H3,0.6970808402092687,0.15166016128681342,0.0,0.0,0.0,0.0,0.0
p105_PKB,2.5276996177794035e-16,70.77058241963076,0.00013618670529633536,6.1206197e-06,0.00016444010287556515,0.017223425018201875,0.004382543111511771
p106_H2,0.6765218630913763,0.17422411663422613,0.0,0.0,0.0,0.0,0.0
p106_H3,0.676521863090868,0.17422411663482745,0.0,0.0,0.0,0.0,0.0
p106_PKB,0.6765218608060672,0.17422411924428471,0.0,0.0,0.0,0.0,0.0
p107_H2,2.1897772492712127e-12,51.25582981168213,0.0,2.7957442e-06,0.00012181007256302204,0.17607089572436635,0.04404887538528093
p107_H3,4.176788575618084e-05,17.020176597323015,0.0,0.0012510864,0.0003569580603219293,0.1276241611835126,0.03230805140091954
p107_PKB,0.998115278070696,5.584030674920425e-06,0.0,0.0,0.0,0.0,0.0
p108_H2,7.906301663562678e-07,24.860729414534166,0.0,1.5395697e-05,0.0002619562933833128,0.10800437084586871,0.027070430709092742
p108_H3,7.938949630171675e-21,93.84431721471078,0.0,2.8803257e-05,9.602925949494907e-05,0.1406003365054173,0.035181292255480494
p108_PKB,1.506864269433609e-53,286.44047306306845,0.0,1.0124412e-06,0.00017322186644178034,0.27850126825080757,0.06966887563961305
p109_H2,0.29364693839478717,1.1046029879476822,0.0,0.0,0.0,0.0,0.0
p109_H3,0.543657097960603,0.3691904750108652,0.0,0.0,0.0,0.0,0.0
p109_PKB,8.527170637615738e-23,104.1842046040011,0.000570180995298911,1.6990803e-05,0.0005308922932334942,0.02789420639456589,0.007253067621646503
p110_H2,0.7711684831861554,0.08466215025641842,0.0,0.0,0.0,0.0,0.0
p110_H3,0.9215214993272226,0.009713174014597458,0.0,0.0,0.0,0.0,0.0
p110_PKB,0.3390013763147929,0.9155456142805766,0.0,0.0,0.0,0.0,0.0
p111_H2,9.604283978046826e-12,48.134351937295826,0.0006490190924006165,1.4137412e-05,0.0003772865956957403,0.0087045271568098,0.002436242564253674
p111_H3,0.0402945550753128,4.222249915777829,0.0,8.6854125e-06,1.4626744092858467e-05,0.28231446636456775,0.07058444463028202
p111_PKB,0.5310440177839337,0.3928120296174582,0.0,0.0,0.0,0.0,0.0
p112_H2,1.6537350950677683e-05,18.83213751495188,0.0002520227589344193,1.159856e-06,0.006086670036495973,0.14845137742067685,0.038697807518019184
p112_H3,1.0,0.0,0.0,0.0,0.0,0.0,0.0
p112_PKB,0.10078351531579477,2.700732567469153,0.0,0.0,0.0,0.0,0.0
p113_H2,0.7935896444700401,0.06851787576663589,0.0,0.0,0.0,0.0,0.0
p113_H3,0.7935896444707874,0.0685178757660827,0.0,0.0,0.0,0.0,0.0
p113_PKB,0.9133741552646992,0.011843037223822584,0.0,0.0,0.0,0.0,0.0
p114_H2,6.648800968380088e-35,171.1702455482933,0.00012059805997186226,6.0357292e-09,7.140470259787171e-05,0.2526855509256174,0.0632193899309791
p114_H3,1.8781033500662772e-07,27.748800198398012,0.0,0.0,1.619639169801794e-05,0.17079491594610324,0.04270277808445032
p114_PKB,0.0054928892371438704,7.76122851200058,0.00022138375215170267,0.0,8.65209882679612e-05,0.26622559364177945,0.06663337459554977
p115_H2,6.176535129072754e-18,78.938716686165,0.0001865772198062747,4.6408113e-06,0.00021602574544299632,0.2419440441081166,0.0605878219711695
p115_H3,1.1505733595852109e-32,158.33958517299118,0.0,5.1591513e-07,2.093540285901315e-05,0.6413454979099151,0.16034173730697673
p115_PKB,7.80944923200952e-29,136.85040259499578,0.0006638764842867104,7.736257e-06,0.00013424293659474612,0.19976569874071975,0.05014288860475786
p116_H2,0.02634375184632561,4.955801253520084,0.005563899140126907,0.000242411,0.00243249583014848,0.2829274798393818,0.07279157145214127
p116_H3,3.107850212260571e-15,65.30721989636059,0.0018745349552752215,0.0,0.00199856998671456,0.08926665103999049,0.023284938995495066
p116_PKB,1.4098949454374739e-28,135.43277314726507,0.0028119807681864944,6.7767374e-05,0.0013479915313265413,0.22185711481135956,0.05652121362128708
p117_H2,2.9208268616189843e-93,589.249543502159,0.0,0.0,7.48907320445932e-05,0.17275476921240943,0.0432074149861135
p117_H3,0.9963351320018337,2.1114079378475796e-05,0.0,0.0,0.0,0.0,0.0
p117_PKB,0.030618573653018635,4.694594882716942,0.0,0.0,4.700571914591386e-06,0.06160912867273657,0.015403457311162789
p118_H2,0.008767259454656413,6.911209004138625,0.0004487613596423336,5.4442637e-05,0.00018009419064403902,0.2672356609326097,0.06697973977987663
p118_H3,9.045576824821635e-16,67.9886402912022,0.013046188903674696,4.402929e-05,0.004558902710040294,0.18092437977115253,0.049643375168644636
p118_PKB,8.736536130534623e-14,58.117190257000445,0.0,0.002792452,0.006747804651288097,0.050411760343882665,0.014988004247881753
p119_H2,0.20152701239019272,1.6345650431764727,0.0,0.0,0.0,0.0,0.0
p119_H3,0.03570038070275801,4.429693602141648,0.0,1.1913011e-05,3.412218529877904e-05,0.19935840625856618,0.04985111036368979
p119_PKB,0.044969344655099636,4.035283435060028,0.0029643964795698866,4.3588407e-05,0.0008373972105022554,0.025413521694164817,0.007314725947733585
p120_H2,1.2457346465500752e-10,42.76550989818275,0.0,0.0,0.00023424220017863277,0.12707122688314898,0.0318263672708319
p120_H3,0.0008764015979546533,11.175033077577732,3.2351731568137657e-06,0.0,0.0001912221631955713,0.11362424629619439,0.028454675908136693
p120_PKB,4.746347723675476e-40,201.46831985363406,0.0001003715400365257,2.3085622e-09,4.628929895706676e-06,0.19762820441065526,0.04943330179728743
p121_H2,0.15861835266285082,1.991902662868503,0.0,0.0,0.0,0.0,0.0
p121_H3,0.7935896444690793,0.06851787576726072,0.0,0.0,0.0,0.0,0.0
p121_PKB,0.3293260911611643,0.9529694668243023,0.0,0.0,0.0,0.0,0.0
p122_H2,1.9057539394312346e-11,46.69347940372089,0.001675778516778569,0.003706187,0.004143416749809843,0.6123199449653154,0.1554613318104288
p122_H3,2.5810013181379948e-11,46.05695256953934,0.0,0.0,3.361970913333701e-06,0.14336638098133536,0.03584243573806217
p122_PKB,2.748193902752798e-09,36.35764433789525,0.03315884872248735,0.0005767258,0.0084823233791977,0.42947444808958596,0.11792308650074214
p123_H2,1.3978271247646613e-31,152.19651642941784,0.0,8.72969e-07,0.00024379749218958436,0.13742689505038594,0.03441789137789304
p123_H3,4.123458563401331e-37,184.02923319614,0.001448196127297427,0.0,0.0002815945769903171,0.18509249589536025,0.046705571649912
p123_PKB,2.6862963918959877e-30,144.98744468235452,0.001896932370704708,5.4655416e-06,0.0010868226459894556,0.5488441820467893,0.13795835065126147
p124_H2,0.015916609743342688,5.842493894343046,0.0003511709035905162,8.880718e-05,0.000367362487361787,0.06730641568933246,0.01702843906528947
p124_H3,8.7734518234372e-108,723.0050874799261,0.0007671805074688588,7.849742e-05,0.0001221617735749913,0.1495039833563799,0.037617955763892
p124_PKB,3.461481015036169e-115,796.6626942671949,0.013201860523416006,0.00011386773,0.00040266097217920806,0.10961217325375491,0.030832640620482486
p125_H2,4.384754106939129e-136,1026.5797880070565,4.562022548996249e-06,4.99742e-06,1.3994803471203575e-05,0.2223389266838547,0.055590620232491714
p125_H3,4.1649442686967535e-10,40.25580847581764,0.0,0.0,0.0,0.06732976791743432,0.01683244197935858
p125_PKB,0.00020194044609289535,13.970857790583134,0.0,0.0,8.093451510196195e-06,0.013943168153955627,0.0034878154013664557
p126_H2,0.7935896444717481,0.06851787576541014,0.0,0.0,0.0,0.0,0.0
p126_H3,0.7935896444714279,0.06851787576567196,0.0,0.0,0.0,0.0,0.0
p126_PKB,0.7935896443013797,0.06851787588118789,0.0,0.0,0.0,0.0,0.0
p127_H2,0.5797761069880243,0.30690368249556066,0.0,0.0,0.0,0.0,0.0
p127_H3,0.6206342073529855,0.2452108689498722,0.0,0.0,0.0,0.0,0.0
p127_PKB,0.6050672532370451,0.26768039372161495,0.0,0.0,0.0,0.0,0.0
p128_H2,0.7300974562095942,0.1191242008465035,0.0,0.0,0.0,0.0,0.0
p128_H3,0.7935896444690793,0.06851787576726072,0.0,0.0,0.0,0.0,0.0
p128_PKB,0.7000620658076627,0.14853787147426598,0.0,0.0,0.0,0.0,0.0
p129_H2,1.7789109515865505e-09,37.25345423710643,0.0,5.5163473e-06,6.212947356043296e-05,0.08677488649732105,0.021710633079545554
p129_H3,4.218767432670176e-14,59.67884026612336,3.555207338473978e-05,0.0,1.313905693993067e-05,0.18217171886993086,0.04555510250006388
p129_PKB,1.1144767964604565e-21,98.30346188172919,5.057479867237485e-05,0.0,1.9852211186974594e-05,0.2868415555333637,0.07172799563580577
p130_H2,3.407951231125182e-27,127.83503546585658,0.0003679335171409825,6.49409e-05,7.029847763717985e-05,0.0006838978408478136,0.0002967676832998068
p130_H3,1.0,0.0,0.0,0.0,0.0,0.0,0.0
p130_PKB,1.4191512319171656e-62,347.9852732967775,0.0,0.0,0.00019865913263641187,0.15874245786029606,0.03973527924823312
p131_H2,1.942276484298879e-06,23.066669726847117,0.0,0.0,0.0002386262984996494,0.05185543150542886,0.013023514450982127
p131_H3,1.0,0.0,0.0,0.0,0.0,0.0,0.0
p131_PKB,0.9964810830749874,1.9465845155581415e-05,0.0,0.0,0.0,0.0,0.0
p132_H2,1.0559775671526322e-26,125.15579562167476,0.0,0.0,2.6409941379828362e-05,0.07926298286388749,0.019822348201316828
p132_H3,9.745709323930405e-27,125.34553381951592,0.0,0.0,2.6409941379828362e-05,0.07926298286388749,0.019822348201316828
p132_PKB,1.0174447704338941e-26,125.2437056652668,0.0,0.0,2.6409941379828362e-05,0.07926298286388749,0.019822348201316828
p133_H2,1.9258307506346494e-06,23.083598397108084,0.0,1.2872833e-06,0.00019438223277281965,0.038507606053066926,0.009675818892294807
p133_H3,3.0053009081357005e-55,297.73389418031803,0.0,0.0,0.0,0.040929312757129965,0.010232328189282491
p133_PKB,2.485001082758067e-44,227.53709292557318,0.0,3.6727145e-06,0.00022497950305558548,0.20856247020699104,0.052197780606125684
p134_H2,0.7935896444702535,0.06851787576650457,0.0,0.0,0.0,0.0,0.0
p134_H3,1.0,0.0,0.0,0.0,0.0,0.0,0.0
p134_PKB,0.7935896446037941,0.06851787567576952,0.0,0.0,0.0,0.0,0.0
p135_H2,0.23203672711007386,1.4309923001594504,0.0,0.0,0.0,0.0,0.0
p135_H3,1.0,0.0,0.0,0.0,0.0,0.0,0.0
p135_PKB,0.23203673211819653,1.4309922694253197,0.0,0.0,0.0,0.0,0.0
p136_H2,3.780595463199832e-19,85.15373936698133,0.0,1.4306329e-07,3.6866170857878423e-06,0.006236573349036548,0.001560100757352888
p136_H3,3.93362178481355e-08,30.914407368250465,0.0,4.915709e-08,1.2403293030867898e-05,0.13022633018297247,0.032559695658273546
p136_PKB,1.0872633665945358e-19,87.94506441446158,0.0,0.0,7.081662839486598e-06,0.026476236922060036,0.006620829646224881
p137_H2,0.099110112177438,2.727568476054493,0.0,0.0,0.0,0.0,0.0
p137_H3,0.6876572537480803,0.1617770928286276,0.0,0.0,0.0,0.0,0.0
p137_PKB,2.2864874632157265e-07,27.35215683015812,0.0,9.243948e-07,0.00021553842258873357,0.12213211345379366,0.03058714406779133
p138_H2,0.41651651178382454,0.66096292250196,0.0,0.0,0.0,0.0,0.0
p138_H3,0.3639593642489416,0.8253375296479367,0.0,0.0,0.0,0.0,0.0
p138_PKB,0.3612254875363362,0.834799847077958,0.0,0.0,0.0,0.0,0.0
p139_H2,6.358782145829315e-142,1097.1133934628251,0.0,5.3110465e-08,1.0580449564118666e-05,0.10368043212882004,0.02592276642221238
p139_H3,1.0,0.0,0.0,0.0,0.0,0.0,0.0
p139_PKB,6.358766870797932e-142,1097.113406327474,0.0,5.3110465e-08,1.0580449564118666e-05,0.10368043212882004,0.02592276642221238
p141_H2,0.11590632712085007,2.4783676985005996,0.0,0.0,0.0,0.0,0.0
p141_H3,0.34993336539076814,0.8749535853576088,0.0,0.0,0.0,0.0,0.0
p141_PKB,0.5719023954077769,0.3198328157768255,0.0,0.0,0.0,0.0,0.0
p142_H2,0.02775456363442324,4.864989249456694,0.0,0.0,1.6959696421507284e-07,0.07318929698229507,0.01829736664481482
p142_H3,0.02775456363440897,4.8649892494575075,0.0,0.0,1.6959696421507284e-07,0.07318929698229507,0.01829736664481482
p142_PKB,0.027754563642724196,4.86498924893657,0.0,0.0,1.6959696421507284e-07,0.07318929698229507,0.01829736664481482
p143_H2,0.11915596725806413,2.43476761024775,0.0,0.0,0.0,0.0,0.0
p143_H3,0.8235406883602393,0.04976601623477222,0.0,0.0,0.0,0.0,0.0
p143_PKB,6.182161924053152e-05,16.25735772443465,0.0,1.0971703e-06,0.00013270838660736373,0.15916037045202522,0.03982354400223258
p144_H2,0.008908901441541708,6.882249008952634,0.0,1.4773854e-08,2.0092129158893308e-05,0.3329293907152,0.08323737440455325
p144_H3,9.215393358516456e-05,15.483416305688133,0.0,0.0,1.2391478384322841e-06,0.10753231670209074,0.026883388962482293
p144_PKB,0.00021720747214295196,13.830941369384428,0.0,0.0,3.62110415563637e-06,0.08323708660260382,0.020810176926689863
p145_H2,1.1788211294148429e-05,19.497344257978188,6.510824120758498e-05,2.4301242e-05,0.00010444506673194664,0.07276983842158201,0.018240923242846645
p145_H3,2.485255559881717e-19,86.09207867863955,0.0,0.0,3.818833622076064e-06,0.2407879454923551,0.060197941081494295
p145_PKB,2.5580570382355257e-10,41.26790001901692,0.0,7.154183e-06,0.000701217079300346,0.2608328825302448,0.06538531344815998
p146_H2,2.036764548855484e-41,209.70845282624637,0.0,9.274016e-08,2.9676499588614064e-05,0.1490672066664356,0.037274243976545725
p146_H3,1.0,0.0,0.0,0.0,0.0,0.0,0.0
p146_PKB,3.2518364836845757e-38,190.53203144022487,0.0,2.207533e-07,0.005425523749514517,0.2090799536317369,0.0536264245336361
p147_H2,2.947042645306873e-12,50.62734735236376,0.0,2.5875542e-08,9.247756887991181e-05,0.10852328380610579,0.027153946812631852
p147_H3,0.004794290654202931,8.010265397098227,0.0,0.0,2.005954787718506e-06,0.20937308298400406,0.052343772234697945
p147_PKB,6.015025595875997e-14,58.91738772454206,0.0,6.4714226e-07,3.347043052517586e-05,0.1380129732691013,0.03451177271047112
p148_H2,0.8097131075930599,0.05802978183449559,0.0,0.0,0.0,0.0,0.0
p148_H3,0.7935896444690793,0.06851787576726072,0.0,0.0,0.0,0.0,0.0
p148_PKB,0.8457170060606611,0.037893842715599445,0.0,0.0,0.0,0.0,0.0
p149_H2,0.00021780022235729608,13.825711468887098,0.00021359577814580608,5.27951e-06,0.00031258943709712634,0.14984987316511886,0.037595334472559985
p149_H3,1.0100845868402218e-05,19.801440475007297,0.0,0.0,3.485704405291863e-05,0.05190062515113737,0.012983870548797573
p149_PKB,3.9429233371574136e-39,195.9728095220896,0.0,8.262433e-08,0.00016102157815362658,0.2287713667742461,0.05723311774418299
p150_H2,0.8021141596780433,0.06285747160680916,0.0,0.0,0.0,0.0,0.0
p150_H3,3.0504330300898524e-27,128.09810924706676,0.006490181292935084,3.1415188e-05,0.0006627075598905476,0.09867875717564284,0.02646576530400462
p150_PKB,8.611843628649316e-19,83.31609677489251,0.0004963026812912809,4.4465378e-05,0.0007923128536974321,0.01213956991805867,0.0033681627077290005
p151_H2,0.9168984000507726,0.010895564567232237,0.0,0.0,0.0,0.0,0.0
p151_H3,9.976016756703805e-06,19.82593375855115,0.0,4.7514845e-07,8.479817711057345e-05,0.23226417170819558,0.058087361258440016
p151_PKB,0.00012145133153867595,14.949873542916583,0.0,3.1450993e-06,0.0002327254179801422,0.028297270116476904,0.007133285158439066
p152_H2,2.1999466802021542e-44,227.86432341997443,0.0,5.371791e-07,3.7637792569076354e-05,0.03561239285056139,0.008912641955562357
p152_H3,1.0182947075014071e-43,223.75799870782524,0.0,0.0,6.894638933711447e-07,0.05498966949428074,0.013747589739543528
p152_PKB,5.732266605157638e-48,250.3188189654096,0.0,0.00093777815,5.274604138975622e-05,0.2581500424321641,0.06478514165675266
p153_H2,0.11037068196842575,2.5558462124328654,0.0,0.0,0.0,0.0,0.0
p153_H3,0.008305415099231647,7.009086908095802,0.0,0.0,1.7067570180586116e-06,0.33436915089724284,0.08359271441356522
p153_PKB,0.00386404382118545,8.406665110543717,0.007985123184468873,0.005652829,0.01173094768618022,0.3749940826239103,0.10009074564198223
p154_H2,3.139871705616111e-06,22.111860557939227,0.00011506452400629096,5.0305835e-06,0.00014463822475732939,0.1654497375226182,0.04142861771370846
p154_H3,8.027328054458595e-09,34.15722544475125,0.0,8.5533735e-08,3.4701776302902954e-05,0.15657410794210025,0.03915222381303448
p154_PKB,2.5091131537608106e-07,27.164993708817082,0.000259414985302798,6.75915e-06,0.00024771229252123676,0.034272945271638974,0.00869670792486146
p155_H2,9.10107664723865e-09,33.90020313293337,9.148162860084346e-05,2.2533527e-06,0.0005897015499052438,0.04669468910265435,0.011844531408466216
p155_H3,0.49082339951269494,0.4752571837722362,0.0,0.0,0.0,0.0,0.0
p155_PKB,0.24504834395110592,1.3537513086677606,0.0,0.0,0.0,0.0,0.0
p156_H2,1.1620409420861858e-92,584.0155254596765,0.0,1.7275797e-09,0.0002407292110030458,0.07300966466754615,0.018312598901532234
p156_H3,0.36435683604324187,0.8239700192148732,0.0,0.0,0.0,0.0,0.0
p156_PKB,3.4739863228238915e-07,26.5102888346445,0.0,0.0,0.0001513724436470244,0.1983855583488449,0.049634232698122976
p157_H2,7.3475281617726514e-37,182.5575123455208,0.0,1.8585506e-06,4.8569780615629335e-05,0.007638880786899481,0.0019223272795297985
p157_H3,1.0,0.0,0.0,0.0,0.0,0.0,0.0
p157_PKB,7.985218137384545e-15,63.26486337942114,0.0,0.0,3.8663705550569445e-05,0.28519872695986226,0.0713093476663532
p158_H2,0.5730565839399061,0.3179155876023011,0.0,0.0,0.0,0.0,0.0
p158_H3,0.2137119168769582,1.5491199732831131,0.0,0.0,0.0,0.0,0.0
p158_PKB,0.008340765900288483,7.001400001298666,0.00047611176665248204,1.1703601e-05,0.0018005382564077691,0.2363962161340459,0.05967114243943869
p159_H2,9.620811504045303e-57,307.77550453478807,0.0,6.0361645e-06,0.00021388987130917345,0.0023094883729012604,0.0006323536021651214
p159_H3,0.702320317764357,0.1461975696013501,0.0,0.0,0.0,0.0,0.0
p159_PKB,1.9244736638681235e-40,203.8225765424924,0.0,8.842909e-06,0.0001786168782853858,0.11226403966925314,0.028112874864073496
p160_H2,5.045792846272498e-45,231.82876449531017,0.0,2.514493e-07,6.004709687619692e-05,0.2886465719591693,0.07217671762633827
p160_H3,0.16072835875164304,1.9718377898074173,0.0,0.0,0.0,0.0,0.0
p160_PKB,0.4632550224034978,0.5386527846721872,0.0,0.0,0.0,0.0,0.0
p162_H2,0.09819230267345047,2.7424984899322125,0.0,0.0,0.0,0.0,0.0
p162_H3,0.00046691625254508294,12.36840142939539,0.0,1.02766556e-07,3.3233265879072555e-05,0.045424509815567844,0.011364461462000767
p162_PKB,4.2452936276206355e-15,64.63147463742438,8.969174141982354e-05,5.9059057e-06,0.0008515342906332004,0.1430403138735861,0.03599686145283712
p163_H2,1.4887672314434269e-16,71.9292180887954,0.0,2.2979339e-05,0.0001469137113779328,0.040794619160252954,0.010241128052560155
p163_H3,4.661202884039469e-46,238.2800878225493,0.0,0.0,5.504932543360444e-06,0.15627563494364613,0.039070284969047374
p163_PKB,1.5561083179301178e-08,32.803718731741434,0.0,3.2941423e-06,0.00012172081652564164,0.0887130185538382,0.022209508378163142
p164_H2,0.0011094761527181698,10.730677159359107,0.0,1.9010991e-05,0.00043948339202226,0.24086309080578716,0.060330396297279654
p164_H3,4.247776153759684e-27,127.31241785258884,0.0,0.0,0.0005053114736150643,0.0822181137518845,0.020680856306374888
p164_PKB,3.7383765349128363e-06,21.765748529513672,0.0002385760475375481,5.141422e-09,0.0005873482737466344,0.2648683146478438,0.0664235610276375
p165_H2,8.669162249400892e-19,83.30130962683344,5.111071980458546e-05,6.444663e-06,0.0005184818828061552,0.30610499406228353,0.07667025783199503
p165_H3,0.41152308207195054,0.6752616234028802,0.0,0.0,0.0,0.0,0.0
p165_PKB,0.310964799958445,1.0281683974888995,0.0,0.0,0.0,0.0,0.0
p166_H2,7.022885557187686e-18,78.65440330984369,0.004229180196870741,1.8029401e-05,0.0016107212246273923,0.4344581576003716,0.11007902210570804
p166_H3,0.4722489298327771,0.5173095325592664,0.0,0.0,0.0,0.0,0.0
p166_PKB,0.7224714444406093,0.12624581936634297,0.0,0.0,0.0,0.0,0.0
p167_H2,2.039059235387703e-42,215.78275652969876,0.0009781757124344766,0.0,0.0017679574749446206,0.014926629303904648,0.004418190622820936
p167_H3,6.528459813354822e-51,269.1937820850124,7.254657103836042e-05,0.0,0.0001781951132773494,0.17619253964046958,0.04411082033119632
p167_PKB,0.15629670665747233,2.0143347822848026,0.0,0.0,0.0,0.0,0.0
p168_H2,6.112221974757584e-48,250.1419721567931,0.0,0.0001163235,5.7862009699889664e-05,0.14947778377433843,0.03741299232082004
p168_H3,0.001045118625371143,10.84313903438704,0.001142794953842451,1.4864723e-07,0.000133048534643376,0.01048367823713778,0.002939917593213755
p168_PKB,1.4607193581211404e-10,42.43376887858025,0.0,1.0337515e-06,0.0001095895891897574,0.07552395068431796,0.018908643506241815
p169_H2,4.3660266135094416e-35,172.22652196229006,3.459250051576665e-05,3.372775e-06,0.0004812608406539682,0.2183728440718596,0.054723017546989064
p169_H3,2.1650939968063314e-09,36.848610383360906,0.0,0.0,1.2802303523529648e-05,0.1738323155883673,0.0434612794729727
p169_PKB,2.2391200069820187e-07,27.394338611621432,0.0,1.17765474e-07,0.00027836610105290454,0.11629185046467957,0.029142583582801574
p170_H2,0.012367600419696216,6.29230616381262,0.00010738125477775164,2.1436288e-07,5.087225440458336e-05,0.27183411621158365,0.0679981460209127
p170_H3,1.0,0.0,0.0,0.0,0.0,0.0,0.0
p170_PKB,0.9297902948217602,0.007769132796963242,0.0,0.0,0.0,0.0,0.0
p171_H2,0.7935896444699333,0.0685178757666603,0.0,0.0,0.0,0.0,0.0
p171_H3,0.7935896444690793,0.06851787576726072,0.0,0.0,0.0,0.0,0.0
p171_PKB,0.793589644488187,0.06851787575435543,0.0,0.0,0.0,0.0,0.0
p172_H2,2.451968186271901e-91,572.5360158691251,0.0,6.9636444e-06,1.1973347355743417e-05,0.02624651702237564,0.006566363503535234
p172_H3,0.00029742873206376613,13.228739145061239,0.0,0.0,4.192527882275146e-06,0.08363289626915431,0.020909272199259147
p172_PKB,8.014954558322595e-119,834.2628601237737,0.00025472551409168884,6.0887095e-07,8.094045416951229e-06,0.0404405466622428,0.010175993773174942
p173_H2,0.4545409042706299,0.5599721118100123,0.0,0.0,0.0,0.0,0.0
p173_H3,0.015108511662952292,5.935098515246445,0.0,0.0,0.0,0.05852200513984569,0.014630501284961423
p173_PKB,0.7649759228799379,0.0894474673564593,0.0,0.0,0.0,0.0,0.0
p174_H2,0.7935896444697197,0.06851787576683334,0.0,0.0,0.0,0.0,0.0
p174_H3,1.0,0.0,0.0,0.0,0.0,0.0,0.0
p174_PKB,0.7935896444560563,0.06851787577611787,0.0,0.0,0.0,0.0,0.0
p175_H2,0.23948202517160755,1.386169257408965,0.0,0.0,0.0,0.0,0.0
p175_H3,0.23948202517141357,1.386169257410119,0.0,0.0,0.0,0.0,0.0
p175_PKB,0.23948202509153685,1.3861692578819587,0.0,0.0,0.0,0.0,0.0
p176_H2,0.7300026460653081,0.11921131818584507,0.0,0.0,0.0,0.0,0.0
p176_H3,0.730002646066176,0.11921131818508084,0.0,0.0,0.0,0.0,0.0
p176_PKB,0.7300026460557596,0.11921131819465192,0.0,0.0,0.0,0.0,0.0
p178_H2,8.166878768046198e-12,48.47579920174191,0.0007369709277416797,2.8529974e-05,0.0010127781343022494,0.6226441040384262,0.1561055957685827
p178_H3,8.166878770514555e-12,48.475799201105104,0.0007369709277416797,2.8529974e-05,0.0010127781343022494,0.6226441040384262,0.1561055957685827
p178_PKB,8.166876250790464e-12,48.47579985110303,0.0007369709277416797,2.8529974e-05,0.0010127781343022494,0.6226441040384262,0.1561055957685827
p179_H2,6.776128814282204e-57,308.80421684290593,0.0,0.0,0.0,0.0285752720815461,0.007143818020386525
p179_H3,2.3371105652247766e-56,305.17562929633567,0.0,0.0,0.0,0.0285752720815461,0.007143818020386525
p179_PKB,4.622928471946581e-41,207.5555516953817,0.000278512017310229,0.00016909193,0.00012289101997272326,0.13803703193791977,0.034651881726483015
p180_H2,0.7935896444697197,0.06851787576681079,0.0,0.0,0.0,0.0,0.0
p180_H3,1.0,0.0,0.0,0.0,0.0,0.0,0.0
p180_PKB,0.7419198752357041,0.10853848002577614,0.0,0.0,0.0,0.0,0.0
p181_H2,9.347334223503085e-52,274.67997521388764,0.0,0.0,0.0,0.0285752720815461,0.007143818020386525
p181_H3,0.03303947258442027,4.563080265971393,0.013657131587244353,0.0034057072,0.0072794875248115305,0.7660380611669521,0.1975950968672053
p181_PKB,1.5607244359403695e-55,299.63744580168265,0.0,0.0,0.0,0.0285752720815461,0.007143818020386525
p182_H2,0.48499801829939426,0.48815993610927905,0.0,0.0,0.0,0.0,0.0
p182_H3,0.4849980182991994,0.4881599361096462,0.0,0.0,0.0,0.0,0.0
p182_PKB,0.4849980182239314,0.48815993627802207,0.0,0.0,0.0,0.0,0.0
p183_H2,1.5234358890937441e-05,18.9932543047334,0.0009326682561709915,2.6527483e-05,0.00032579547442548206,0.1804815176385191,0.04544162721302568
p183_H3,0.9933015215894134,7.053667204886945e-05,0.0,0.0,0.0,0.0,0.0
p183_PKB,9.083809900405141e-07,24.582992044062998,0.0,9.2650504e-10,0.00034290690417395877,0.0700965417182504,0.01760986238723235
p184_H2,3.1239212636970943e-59,324.7321418236159,0.0,0.0,0.0,0.0285752720815461,0.007143818020386525
p184_H3,3.4221750756298517e-19,85.37641528330728,0.0,0.0,3.1227264935609976e-06,0.09300063867437035,0.02325094035021598
p184_PKB,1.1334736000754337e-82,500.01914088193786,0.0,0.0,2.02945275254195e-05,0.034689232571562194,0.008677381774771903
p185_H2,2.3278391697503376e-24,112.50557108188497,0.0,3.4993002e-07,0.0015792425143767294,0.27167003676671864,0.06831240730277864
p185_H3,3.473142939117608e-45,232.83723684913608,0.0,0.0,3.838461386223445e-07,0.19401924353712027,0.048504906845814724
p185_PKB,3.3289699414089964e-42,214.48538516044272,0.00024926638029155036,0.0031655745,0.001495635999377673,0.059947572412554856,0.016214512325934297
p186_H2,0.019021939574790758,5.52696590727437,0.0,3.160522e-06,5.744332822390494e-06,0.07594464046419806,0.01898838632976902
p186_H3,0.017505598704646883,5.673789917380311,0.0,0.0,4.900674317612223e-06,0.155852633087942,0.0389643834405649
p186_PKB,0.01846715315182276,5.579231076074662,0.0,0.0,4.900674317612223e-06,0.155852633087942,0.0389643834405649
p187_H2,0.15992835624024018,1.9794097535654067,0.0,0.0,0.0,0.0,0.0
p187_H3,1.0,0.0,0.0,0.0,0.0,0.0,0.0
p187_PKB,0.159928356256498,1.979409753411091,0.0,0.0,0.0,0.0,0.0
p188_H2,0.7300026460650715,0.11921131818614276,0.0,0.0,0.0,0.0,0.0
p188_H3,0.73000264606444,0.11921131818663666,0.0,0.0,0.0,0.0,0.0
p188_PKB,0.7300026460519718,0.11921131819815199,0.0,0.0,0.0,0.0,0.0
p189_H2,0.0001784502829765669,14.208507942879018,0.0,1.1175183e-06,1.4776061245833556e-05,0.03145158515895912,0.00786686968462849
p189_H3,0.7935896444690793,0.06851787576726072,0.0,0.0,0.0,0.0,0.0
p189_PKB,0.00010146767641216678,15.297175238994498,0.0,0.0,4.461378789014528e-05,0.0979804360037304,0.024506262447905134
p191_H2,7.87443889645152e-233,2668.4763001834285,0.8145541531665087,1.0,0.6425701232596638,0.1303631293581762,0.6468718514460872
p191_H3,5.830572725436485e-55,295.81243477755265,0.0,1.8637067e-09,3.732577955004157e-07,0.02948999820039276,0.007372593330473752
p191_PKB,0.0455074705867311,4.0150886337672835,0.0,0.0,1.3646304557322363e-05,0.011289679890853851,0.0028258315488527935
p192_H2,1.2133293455447493e-15,67.34957661362887,9.400968867424968e-05,0.0,0.0,0.020959356658931526,0.005263341586901444
p192_H3,4.589182186662902e-54,289.85582083034876,0.0,0.0,0.0,0.040929312757129965,0.010232328189282491
p192_PKB,5.936231670368032e-09,34.77565488279215,0.0,0.0,6.637883367126153e-05,0.024282168147751207,0.0060871367453556174
p193_H2,9.807763395418427e-44,223.85836885745155,0.0,0.0,2.2969282644028553e-05,0.03614211142093096,0.009041270175893748
p193_H3,0.12501915227042185,2.359341012472102,0.0,0.0,0.0,0.0,0.0
p193_PKB,1.0606527222201698e-12,52.792742791867056,0.0,1.0110652e-08,4.889671197852126e-05,0.009543805617322817,0.0023981781099883023
p194_H2,0.0017272152081548673,9.900784365535506,0.0,2.3749782e-05,5.7526197375627416e-05,0.043085341310986874,0.01079165432271201
p194_H3,1.2478265453370368e-07,28.574326422025955,0.0,1.38185615e-05,6.656537542286399e-06,0.1890773583721636,0.04727445836779047
p194_PKB,1.2399705554429063e-05,19.397863890769035,0.0,2.0497275e-06,0.00010060019900805638,0.03196781438160192,0.008017616077034311
p195_H2,0.02103830583519827,5.349484418316047,0.0,7.178748e-06,0.0008694497119013569,0.01985454990433375,0.00518279459108177
p195_H3,1.6548458057523567e-06,23.38565369712926,0.0,0.0,3.0978416196404035e-05,0.09613653676845242,0.024041878796162205
p195_PKB,0.006856097375970548,7.357016621049979,0.0,8.094553e-05,0.0006992349163759232,0.007505014059313938,0.002071298626547182
p196_H2,0.016800422011358892,5.746618413526582,0.0,6.9557823e-06,2.974674961473244e-05,0.12098219308459418,0.030254723904122878
p196_H3,1.1138281445759502e-05,19.608943637211755,0.0,0.0,4.1971646799887396e-06,0.02467454916904123,0.006169686583430305
p196_PKB,1.0859132513866178e-13,57.651414327882456,0.0,2.7050575e-07,7.211960787261088e-05,0.049607931278073496,0.01242008034792431
p197_H2,1.4691493987197974e-18,82.12652227131983,9.180792136230539e-05,1.5170466e-05,5.9386973344725596e-05,0.14956550760440412,0.03743296824133104
p197_H3,3.1559891469316407e-15,65.27389911950198,0.0,8.913838e-08,1.1462873068613197e-05,0.016988220026035235,0.0042499430093714645
p197_PKB,8.957694538456188e-38,187.93172589018178,0.0,2.7839664e-07,2.6376160580768554e-05,0.11877798887058706,0.02970116085695217
p198_H2,2.295646723801553e-56,305.22799393528,0.0,3.610785e-06,0.00010975157800368334,0.054957776542501835,0.013767784726355257
p198_H3,9.314205724250204e-62,342.250032194704,0.0,5.6519126e-05,4.412749626074566e-05,0.013971438701646422,0.0035180213309247833
p198_PKB,4.886126523766235e-66,372.66419220424467,0.0,9.2704624e-08,0.00011979373931527962,0.2242083928684432,0.05608206982809573
p199_H2,1.9961056452016277e-30,145.70869370091685,0.00032301925146782266,6.328833e-07,0.00020804802980585278,0.3194970839529415,0.08000719602938224
p199_H3,4.1914468685967845e-14,59.692796061195615,0.0,6.3502846e-08,0.0005396371822900358,0.09492401982573251,0.02386593012771705
p199_PKB,3.3881076835598985e-24,111.6337025768076,2.154289037164903e-07,6.643913e-07,0.0006835301765475856,0.2268946293144873,0.0568947598278046
p200_H2,2.7340772431335476e-05,17.847277983905645,0.022303714038571978,0.029959287,0.021066982963642688,0.07391877914588398,0.03681219091062991
p200_H3,9.930759189875918e-36,175.95656549995942,0.0,0.0,7.808849021938522e-06,0.09472337448627995,0.02368279583382547
p200_PKB,0.0005684151879386341,11.994582429570809,0.061529831443096726,0.0,0.01900026238909887,0.11036945782143279,0.047724887913407094
p201_H2,1.5194963555528281e-18,82.05154958931269,0.0,2.4124538e-06,2.910837983276633e-05,0.2981584838249199,0.07454750116463713
p201_H3,0.01282542386114705,6.227277903513606,0.000133947733932635,0.0,7.903417195429435e-05,0.006662291444126988,0.0017188183375034792
p201_PKB,3.4973604583887583e-26,122.32927273670144,1.064637533535379e-05,2.8088938e-05,8.24645882878887e-05,0.30113110720279046,0.07531307677611641
p202_H2,1.873759586599263e-64,361.3026971897786,0.0,2.2404702e-08,5.2639436121630016e-05,0.14103139189003797,0.03527101343271542
p202_H3,7.099185590292886e-47,243.410946683906,0.0,0.0,5.964081514958619e-07,0.017281433384628973,0.004320507448195118
p202_PKB,0.9503698815001904,0.0038770822754271546,0.0,0.0,0.0,0.0,0.0
p203_H2,0.0004987730737252235,12.242870230010958,0.0009860276340810917,6.7454865e-05,0.0006468255880644445,0.23402540786632575,0.05893142898827288
p203_H3,0.0004987730737322411,12.242870229984032,0.0009860276340810917,6.7454865e-05,0.0006468255880644445,0.23402540786632575,0.05893142898827288
p203_PKB,0.0004987730629570319,12.242870271056285,0.0009860276340810917,6.7454865e-05,0.0006468255880644445,0.23402540786632575,0.05893142898827288
p204_H2,5.715340204469525e-46,237.72601016233065,0.0001508967284461338,0.0,1.0838396917532194e-05,0.1164444702326108,0.029151551339493615
p204_H3,3.429034758718769e-93,588.6403937177579,0.0,0.0,7.408674139782591e-06,0.09811960178141967,0.024531752613889863
p204_PKB,0.0001672045098355891,14.333719730432444,0.0,6.9441535e-07,7.230338113045952e-06,0.04787976701007956,0.011971922940885235
p205_H2,2.4322822590669643e-15,65.83879358175386,0.0024411644655065383,2.4584373e-05,0.0011892131857953027,0.07812585129471183,0.020445203329759083
p205_H3,2.336727768313209e-96,616.6335024021649,0.0,4.513442e-06,0.00018276121405831348,0.17623432399669822,0.04410539966319816
p205_PKB,6.950219583518808e-51,269.01762796838295,0.010034222212695973,9.985062e-07,0.0015499107703561472,0.23426364092715607,0.06146219310409015
p206_H2,1.3041260251201408e-72,421.20851719311923,0.024957121190720587,9.671825e-05,0.02585806018476922,0.25011897583416237,0.07525771886480091
p206_H3,1.2607281479944194e-15,67.2662344520689,0.0,0.0,3.656855053317569e-05,0.07172849986341778,0.01794126710348774
p206_PKB,4.696734002853653e-42,213.57553971644478,0.0,0.0,0.00043381304377937505,0.022792648894205014,0.005806615484496097
p207_H2,6.992474622953353e-10,39.18225797389497,7.738340912217709e-06,0.00037951296,0.0008837974647952787,0.0063430531376094095,0.0019035254757356194
p207_H3,0.7935896444684388,0.0685178757676727,0.0,0.0,0.0,0.0,0.0
p207_PKB,2.671825772718244e-12,50.83473127620484,0.00020575222749132953,0.0,0.0005195922349422324,0.27865973290933366,0.0698462693429418
p208_H2,6.437256966882929e-27,126.3271629290557,0.0,0.0,0.010223298661150714,0.142236977147976,0.03811506895228168
p208_H3,0.015208781882750873,5.923333527599419,0.0,0.0,2.5943488633723783e-06,0.07374275970712871,0.01843633851399802
p208_PKB,0.017277513961633555,5.697008578640479,0.0,0.0,7.613646941447053e-05,0.23803486101518997,0.059527749371151115
p209_H2,0.4685952311047894,0.5259006135968407,0.0,0.0,0.0,0.0,0.0
p209_H3,0.40908561308029256,0.6823347507213097,0.0,0.0,0.0,0.0,0.0
p209_PKB,2.9964777154465747e-05,17.6681653908322,0.0002985997017817531,2.9122637e-06,0.0002191237538858049,0.28004127160191844,0.07014047683030984
p210_H2,9.657744756612767e-56,301.03430113136676,0.10226352790378511,0.046998788,0.07755165131729806,0.009845415313785494,0.05916484555154907
p210_H3,3.3521846817638744e-17,75.20372828733213,0.0,0.0,3.1227264935609976e-06,0.09300063867437035,0.02325094035021598
p210_PKB,0.0004129405314655137,12.602313291090566,0.0,1.3150341e-06,0.00015586959397135284,0.1428096441454182,0.03574170719336468
p211_H2,5.519998096695577e-08,30.22622861978973,0.0004252273296573839,0.0,0.00013138667626103195,0.12122729318300972,0.030445976797232033
p211_H3,5.852371523188662e-10,39.55078076215073,0.0,0.0,9.714553434618335e-05,0.08016777294168792,0.020066229619008526
p211_PKB,5.648743547418544e-10,39.624137679452566,0.0,0.0,9.714553434618335e-05,0.08016777294168792,0.020066229619008526
p212_H2,1.6022421184010541e-50,266.6707006470276,0.0,0.0,0.00011895269330737659,0.15099121404513133,0.03777754168460968
p212_H3,0.4379004233307583,0.6025167654847777,0.0,0.0,0.0,0.0,0.0
p212_PKB,3.3139325687175866e-54,290.793250131257,0.0,0.0,0.0,0.0285752720815461,0.007143818020386525
p213_H2,2.954887856900854e-07,26.83579962899113,0.0007877835723895136,2.1401018e-05,0.0035103372148707675,0.19599691630869887,0.05007910952845858
p213_H3,0.6653158595877453,0.18730048619921522,0.0,0.0,0.0,0.0,0.0
p213_PKB,3.107804833522179e-09,36.104675986658116,0.0005051637092115127,5.5510623e-06,0.0017853515216451402,0.1289842252240971,0.03282007287930313
p214_H2,2.2655426604170717e-10,41.52034467976101,0.00011188797443064051,4.3682526e-06,0.0005317055766292337,0.22726354324806397,0.05697787626292487
p214_H3,0.469052147663953,0.5248203467134946,0.0,0.0,0.0,0.0,0.0
p214_PKB,0.7373551132354941,0.11256077474378658,0.0,0.0,0.0,0.0,0.0
p215_H2,0.9999996962960112,1.2317416362612156e-13,0.0,0.0,0.0,0.0,0.0
p215_H3,1.0,0.0,0.0,0.0,0.0,0.0,0.0
p215_PKB,0.316389122850302,1.0053570427817042,0.0,0.0,0.0,0.0,0.0
p216_H2,1.6580738980054047e-06,23.38177035576233,0.0,3.4556074e-06,9.832917715575342e-05,0.0658532694005074,0.01648876354626185
p216_H3,1.0,0.0,0.0,0.0,0.0,0.0,0.0
p216_PKB,8.36760821601093e-06,20.172457983534763,0.0,2.8567129e-08,0.0010837455318136633,0.19757187810129478,0.04966391305005939
p217_H2,4.924746683407972e-07,25.809378321960562,3.700766923073716e-05,2.722749e-06,0.0009107868228564041,0.32475032888346755,0.08142521153115345
p217_H3,4.2074339216403185e-18,79.7894090142904,4.3013562692553627e-05,2.2468016e-06,0.0001614003910490671,0.47872999921546217,0.11973416499270446
p217_PKB,2.1267255199262337e-12,51.317691888314414,0.007659945782187748,8.452666e-05,0.005244132764704149,0.014020661406728304,0.0067523166539673295
p218_H2,0.002228911104823995,9.425303911961027,4.50203096969194e-06,2.2084225e-06,0.00015424321261789568,0.02662673519968667,0.006696922216450887
p218_H3,3.96313144070531e-05,17.122512494464413,0.0,2.1387525e-07,9.122342929960524e-05,0.14385817617953087,0.03598740337102099
p218_PKB,0.042750234502940215,4.12134563056234,0.00011082547622191196,2.5645688e-06,0.00019299625855391577,0.10832620368912714,0.027158147498183512
p219_H2,0.3391492789510967,0.9149846724043202,0.0,0.0,0.0,0.0,0.0
p219_H3,1.0,0.0,0.0,0.0,0.0,0.0,0.0
p219_PKB,0.09008873867021441,2.8813249454505425,0.0,0.0,0.0,0.0,0.0
p220_H2,2.3171388339880673e-06,22.71553961587909,0.00011329552500747003,9.153487e-08,0.00018862784023285066,0.022591481337847562,0.005723374059490002
p220_H3,0.7091590146394349,0.1392398093112345,0.0,0.0,0.0,0.0,0.0
p220_PKB,1.6562948065988368e-23,107.95906163543418,0.0003473968835541355,1.7588769e-06,6.305875479362194e-05,0.2682828986294856,0.06717377828618826
p221_H2,6.603635144950832e-30,142.80702297719506,3.349775678553041e-05,3.4824396e-05,2.6562526232599445e-05,0.38602438225191266,0.09652981673265715
p221_H3,0.16574767802204865,1.925292746834392,0.0,0.0,0.0,0.0,0.0
p221_PKB,2.2855924767008763e-47,246.5154409360646,0.0,6.3051226e-07,2.351132769859501e-05,0.08377493696013742,0.02094976970002427
p222_H2,9.32727363530332e-58,314.645039816724,0.0,0.0,2.664274211317605e-06,0.23829759237211234,0.05957506416158091
p222_H3,1.4711261583906787e-28,135.33085916885375,0.0,0.0,1.0513541483988118e-05,0.357278891616192,0.089322351289419
p222_PKB,1.1457276510887327e-26,124.96291879330403,0.0,0.0,1.0513541483988118e-05,0.357278891616192,0.089322351289419
p223_H2,0.23948202517159373,1.386169257409022,0.0,0.0,0.0,0.0,0.0
p223_H3,0.2394820251721669,1.3861692574056168,0.0,0.0,0.0,0.0,0.0
p223_PKB,0.2394820205855359,1.3861692844952709,0.0,0.0,0.0,0.0,0.0
p224_H2,5.4987910597610805e-56,302.67609533381506,0.0016202897327636432,2.394975e-06,2.66192509787233e-05,0.0937654061691048,0.023853677531936613
p224_H3,1.9326952320037977e-107,719.6852635907328,0.0,0.0,1.0409274062035588e-05,0.049067122144436176,0.012269382854624552
p224_PKB,9.131048745018725e-87,533.7279584729151,0.0005884902497280343,0.00020170036,0.0006407132713938522,0.2233018219392612,0.05618318145438032
p225_H2,0.18759456802773966,1.7400522893947366,0.0,0.0,0.0,0.0,0.0
p225_H3,8.964073537004291e-13,53.15003524750799,0.0,0.0,1.270782598369463e-07,0.007532741481676248,0.0018832171399840213
p225_PKB,5.495909718181909e-05,16.485989088227374,0.0,8.660983e-07,0.0002801216264004786,0.11138131654237321,0.027915576066762364
p226_H2,1.1402751546066434e-52,280.6554608491466,0.0,0.0,3.379330646492698e-05,0.004259770651550391,0.0010733909895038296
p226_H3,1.0,0.0,0.0,0.0,0.0,0.0,0.0
p226_PKB,1.1402749161657902e-52,280.655461445008,0.0,0.0,3.379330646492698e-05,0.004259770651550391,0.0010733909895038296
p227_H2,5.246176885113077e-38,189.30365008466484,0.0,6.349332e-06,3.311168058826318e-05,0.021182418737244572,0.005305469937489447
p227_H3,7.350489249608664e-55,295.14173861858114,0.0,0.0004172025,7.551065257658297e-05,0.009597537581755437,0.002522562685427638
p227_PKB,1.5700881480498314e-40,204.3542620873007,0.0,4.5591707e-05,5.459571230953274e-05,0.02996446863337877,0.007516164013177383
p228_H2,6.7512037392032774e-49,256.23291445195105,0.0,3.236035e-06,0.00037961246612900273,0.34570411359597053,0.08652174052424978
p228_H3,4.4573305818919186e-24,110.99723714510321,9.574026621938423e-05,2.2938791e-07,1.4829160073704388e-05,0.23272693530144137,0.05820943352891056
p228_PKB,2.162972957998527e-07,27.464066477804828,0.0,6.631461e-06,0.00012203389098408641,0.11266130865835255,0.028197493502589016
p229_H2,0.32891377188178506,0.9545968574345204,0.0,0.0,0.0,0.0,0.0
p229_H3,0.11993058271879518,2.42456907280904,0.0,0.0,0.0,0.0,0.0
p229_PKB,0.17717324656848787,1.8251174495035807,0.0,0.0,0.0,0.0,0.0
p230_H2,0.010381541888613089,6.60644755732444,0.0,4.5762326e-07,5.395555268209761e-06,0.028613210717658415,0.0071547659740462555
p230_H3,1.0,0.0,0.0,0.0,0.0,0.0,0.0
p230_PKB,0.0399222123760969,4.238113034757579,0.0,5.8237e-09,0.00183961329767794,0.09013924312030613,0.022994715560421066
p231_H2,0.07331423640154049,3.2175704428513745,0.0,0.0,0.0,0.0,0.0
p231_H3,0.05444200111327919,3.71243993741456,0.0,0.0,0.0001235757660220322,0.21654197290479005,0.05416638716770302
p231_PKB,0.15067406808130648,2.0702698995069344,0.0,0.0,0.0,0.0,0.0
p232_H2,8.477992837189043e-06,20.1466128816435,0.0,2.0483747e-05,0.00024515469587293987,0.05118794988987064,0.012863397083184321
p232_H3,8.015897054834133e-05,15.753451801215588,3.211613920921823e-06,0.0,6.192960791145846e-05,0.026011248196637565,0.006519097354617486
p232_PKB,0.01915552753102672,5.514616770850697,0.0001995150981379,0.00016517247,0.00015093628017719788,0.09471492986181765,0.023807638428589684
p233_H2,0.016414883847075196,5.787784410368613,0.0,2.1693982e-05,2.669533002777967e-07,0.008447855876730125,0.0021174542031299815
p233_H3,0.15992835624041585,1.9794097535637214,0.0,0.0,0.0,0.0,0.0
p233_PKB,0.004799468003622163,8.008286513888262,0.0,0.0,8.123097580414321e-06,0.02823011639861149,0.007059559874047976
p234_H2,0.494586009374846,0.4670583290003786,0.0,0.0,0.0,0.0,0.0
p234_H3,0.15992835624041585,1.9794097535637214,0.0,0.0,0.0,0.0,0.0
p234_PKB,0.0077753681952516685,7.128546693030381,0.0,0.0,1.271256492879054e-06,0.0054367439707691135,0.001359503806815498
p235_H2,0.8679786012572674,0.027653044086358786,0.0,0.0,0.0,0.0,0.0
p235_H3,0.045065846096560655,4.031643215047223,0.0,3.3472186e-06,3.617648715993636e-05,0.025963959157496386,0.006500870715809213
p235_PKB,0.00013908438375915692,14.688365272190332,0.0,1.4837976e-06,0.0005300536013112627,0.16853142997854204,0.0422657418443714
p236_H2,0.04272264410998767,4.122445076962437,0.0,2.352464e-05,2.9537181488847432e-06,0.04765438819623281,0.011920216638772947
p236_H3,0.03158977606428312,4.640571023620775,0.0,0.0,1.2619104334618794e-05,0.12255129593273091,0.03064097875926638
p236_PKB,0.04794203826501575,3.9267711978704187,0.0,0.0,1.8918002807655354e-05,0.05140859149475169,0.012856877374389836
p237_H2,0.5383102105284733,0.3790806289843751,0.0,0.0,0.0,0.0,0.0
p237_H3,1.0,0.0,0.0,0.0,0.0,0.0,0.0
p237_PKB,0.0587572542614681,3.584658076475104,5.074552837199477e-05,0.0,1.3856971360311807e-05,0.026058362507012465,0.006530741251686193
p238_H2,1.059378461858222e-53,287.45134462207017,0.0,0.0,9.82133889949401e-06,0.030478165556895573,0.007621996723948767
p238_H3,0.0001130051365794681,15.089054080092355,0.0,0.0,4.513304777682596e-07,0.002342648286608209,0.0005857749042714943
p238_PKB,1.9890545409399756e-62,346.9537325929195,0.20499594376905741,0.14236857,0.09443536690669722,0.22517478830606197,0.1667436672379869
p239_H2,0.019244200172623398,5.506468868043756,0.0,0.0,1.7226882136866627e-06,0.09174907248110552,0.022937698792329802
p239_H3,0.2862563302870805,1.1390085194805166,0.0,0.0,0.0,0.0,0.0
p239_PKB,0.02041710758172343,5.402212704662303,0.0,3.048064e-06,0.0011376516563645334,0.11498585906476955,0.02903163969626983
p240_H2,0.3875051598751186,0.7477560345223586,0.0,0.0,0.0,0.0,0.0
p240_H3,0.27049402565770153,1.216301298878859,0.0,0.0,0.0,0.0,0.0
p240_PKB,0.26519404712440786,1.243571658379664,0.0,0.0,0.0,0.0,0.0
p241_H2,5.074416819995084e-55,296.2148294793239,0.0,1.585571e-06,1.4064164104555509e-05,0.024703760056617844,0.006179852447930335
p241_H3,8.159902173250151e-52,275.0646841791194,0.0,1.585571e-06,1.4064164104555509e-05,0.024703760056617844,0.006179852447930335
p241_PKB,0.27053250277418994,1.216105767925174,0.0,0.0,0.0,0.0,0.0
p242_H2,4.9522714551012775e-06,21.208728519141285,4.1733035455336054e-07,2.4201097e-09,7.483693596122541e-05,0.2683328476839276,0.06710202609258827
p242_H3,1.0,0.0,0.0,0.0,0.0,0.0,0.0
p242_PKB,4.952271467109536e-06,21.2087285143424,4.1733035455336054e-07,2.4201097e-09,7.483693596122541e-05,0.2683328476839276,0.06710202609258827
p243_H2,0.47321006304415514,0.5150674077844284,0.0,0.0,0.0,0.0,0.0
p243_H3,0.4732100630431262,0.5150674077868015,0.0,0.0,0.0,0.0,0.0
p243_PKB,0.47321006328724946,0.515067407218246,0.0,0.0,0.0,0.0,0.0
p244_H2,0.43245247180753077,0.6169912245748296,0.0,0.0,0.0,0.0,0.0
p244_H3,1.0,0.0,0.0,0.0,0.0,0.0,0.0
p244_PKB,0.33123302976284985,0.945478072469761,0.0,0.0,0.0,0.0,0.0
p245_H2,0.7935896444703603,0.06851787576640433,0.0,0.0,0.0,0.0,0.0
p245_H3,0.0030323574923395587,8.854109939471224,0.0,0.0,2.1414773541908966e-06,0.024004824466925454,0.006001741486069911
p245_PKB,0.0031689266314716504,8.772629644776735,0.0,0.0,2.1414773541908966e-06,0.024004824466925454,0.006001741486069911
p246_H2,0.5462437619353568,0.36447004395128424,0.0,0.0,0.0,0.0,0.0
p246_H3,0.7472013514382589,0.1039856457574476,0.0,0.0,0.0,0.0,0.0
p246_PKB,0.6328342650304178,0.2284516319120103,0.0,0.0,0.0,0.0,0.0
p247_H2,0.7935896444703603,0.06851787576641355,0.0,0.0,0.0,0.0,0.0
p247_H3,1.0,0.0,0.0,0.0,0.0,0.0,0.0
p247_PKB,0.9309804902485452,0.007507305061653134,0.0,0.0,0.0,0.0,0.0
p248_H2,0.851556586835646,0.035046413211686486,0.0,0.0,0.0,0.0,0.0
p248_H3,2.4803542862332535e-09,36.56868930014525,0.0,8.225838e-06,7.904189185943127e-05,0.09625175235090665,0.024084755020298568
p248_PKB,0.0008590919554883955,11.2126891294567,0.0,2.66676e-05,9.357225014688376e-05,0.18939924421874096,0.04737987101715719
p249_H2,1.0,0.0,0.0,0.0,0.0,0.0,0.0
p249_H3,1.0,0.0,0.0,0.0,0.0,0.0,0.0
p249_PKB,0.5374954298989312,0.38060356662689987,0.0,0.0,0.0,0.0,0.0
p250_H2,0.325429971048269,0.9684562257108023,0.0,0.0,0.0,0.0,0.0
p250_H3,0.22992118535613634,1.4440470813106245,0.0,0.0,0.0,0.0,0.0
p250_PKB,0.22427970270805916,1.4795802150695792,0.0,0.0,0.0,0.0,0.0
p251_H2,6.8498846404580225e-06,20.567426191561577,0.0,0.0,1.9747261317812325e-05,0.12249962109259376,0.030629842088477893
p251_H3,0.2826077837652848,1.156413369996689,0.0,0.0,0.0,0.0,0.0
p251_PKB,9.050237429462624e-05,15.5184163787067,0.0,0.0,4.3366145478874056e-05,0.005049050294237334,0.0012731041099290521
p252_H2,5.7567305870322254e-08,30.14101634226998,0.0,0.0,8.764361271134258e-07,0.22946088607896029,0.05736544062877185
p252_H3,0.00018354227654206252,14.15441289089302,0.0,0.0,3.0888639903467654e-07,0.03512776826745447,0.008782019288463377
p252_PKB,0.10523588391994994,2.6316438101393103,0.0,0.0,0.0,0.0,0.0
p253_H2,0.65367850575095,0.20147911436865493,0.0,0.0,0.0,0.0,0.0
p253_H3,0.7935896444690793,0.06851787576726072,0.0,0.0,0.0,0.0,0.0
p253_PKB,0.6812187294347873,0.1689082645936906,0.0,0.0,0.0,0.0,0.0
p254_H2,7.360436540787332e-05,15.918812487261016,0.0,9.835093e-06,0.0011716155627262516,0.04076308515280437,0.01048613395210679
p254_H3,0.4732100630444356,0.5150674077836515,0.0,0.0,0.0,0.0,0.0
p254_PKB,0.0014802795492555032,10.18941162221614,0.0,6.461517e-07,0.00016134320899735929,0.05457447975824203,0.013684117279735994
p255_H2,0.15542933055459385,2.022813047106248,0.0,0.0,0.0,0.0,0.0
p255_H3,1.0,0.0,0.0,0.0,0.0,0.0,0.0
p255_PKB,0.02536233183836391,5.022014804237167,0.0001688793627820914,3.928314e-06,0.00015930508811041157,0.00061522207711602,0.00023683371052019437
p256_H2,0.0024455091307135418,9.25288846852333,0.000159408705596142,3.2816953e-07,5.955795104777225e-05,0.21087909943411037,0.05277459856507213
p256_H3,1.0,0.0,0.0,0.0,0.0,0.0,0.0
p256_PKB,0.8334032840229153,0.04427778502378418,0.0,0.0,0.0,0.0,0.0
p257_H2,0.35240626659091856,0.8660096997667721,0.0,0.0,0.0,0.0,0.0
p257_H3,1.0,0.0,0.0,0.0,0.0,0.0,0.0
p257_PKB,0.23146312296694685,1.4345176979992473,0.0,0.0,0.0,0.0,0.0
p258_H2,2.606431817814854e-25,117.6127104751565,0.0,8.142533e-07,0.00033255079547525205,0.16084361135565683,0.04029424410111455
p258_H3,1.0,0.0,0.0,0.0,0.0,0.0,0.0
p258_PKB,0.004343450581299406,8.191523958622238,0.0,8.538954e-09,5.0236725618241096e-05,0.19003712962753874,0.047521843723027854
p259_H2,5.0810674781184204e-74,431.91360571606015,0.0010209861524022737,1.0810519e-05,0.0005675547219816957,0.08214758632450733,0.020936734429394883
p259_H3,0.4403464652246015,0.5961072868644954,0.0,0.0,0.0,0.0,0.0
p259_PKB,7.286494070621567e-08,29.663146056682976,0.00012231648638476674,3.1493205e-06,0.0009848865713174304,0.005589322116746079,0.0016749186237349446
p260_H2,8.89684833329986e-36,176.23418592564417,0.0,6.948272e-07,5.139019289991325e-05,0.06289173944026297,0.015735956115085447
p260_H3,1.840283141500172e-47,247.1102843823213,0.0,0.0,1.3142686165293074e-05,0.1161394079548004,0.029038137660241426
p260_PKB,1.4671473245769105e-52,279.93751373608546,0.0,1.8883165e-07,3.7369876303453094e-05,0.04931156621355901,0.012337281230377863
p261_H2,3.854458220439312e-44,226.35919186117633,0.029769951600755424,0.0003419972,0.0036038941515474363,0.9723634999829391,0.2515198357315216
p261_H3,3.854458219025182e-44,226.3591918621601,0.029769951600755424,0.0003419972,0.0036038941515474363,0.9723634999829391,0.2515198357315216
p261_PKB,3.854455792853161e-44,226.35919355007013,0.029769951600755424,0.0003419972,0.0036038941515474363,0.9723634999829391,0.2515198357315216
p262_H2,0.9053062760201274,0.014162706478465311,0.0,0.0,0.0,0.0,0.0
p262_H3,1.0,0.0,0.0,0.0,0.0,0.0,0.0
p262_PKB,0.7947620704774413,0.06772392412624277,0.0,0.0,0.0,0.0,0.0
p263_H2,8.165404760754684e-27,125.76413668975422,0.0,3.3000906e-06,0.0003203523273277892,0.05800758422441387,0.014582809160588276
p263_H3,1.696971256981714e-19,86.94660863083395,0.0,0.0,5.532624918045276e-05,0.15195322821610147,0.03800213861632048
p263_PKB,0.5005219648715173,0.454335109397337,0.0,0.0,0.0,0.0,0.0
p264_H2,0.013899241335799575,6.083692076093501,0.0,9.048995e-05,0.00053776532170575,0.006346068858383821,0.0017435810324719456
p264_H3,0.9305393122329897,0.007603831120746976,0.0,0.0,0.0,0.0,0.0
p264_PKB,0.006225517900626848,7.532681942284854,0.0,0.0,0.0006375863344467789,0.097784981878019,0.024605642053116446
p265_H2,1.5525766856541332e-132,985.1030639544592,0.08592710534133835,0.03632423,0.0010570050973175487,0.2472764504489289,0.09264619749474767
p265_H3,0.15992835624002846,1.9794097535674304,0.0,0.0,0.0,0.0,0.0
p265_PKB,4.8903358497730465e-132,979.362556104321,0.025512088499089754,0.0,0.003456192228447111,0.15704046525730833,0.0465021864962113
p266_H2,5.672259311427204e-21,94.60583082724769,0.00041569192496746416,4.7210917e-05,0.0004026984040188758,0.030390061469340764,0.007813915678786422
p266_H3,0.010751701835845288,6.543448390231898,0.0006247554285846293,0.0,0.00028172016920524466,0.22987152208453066,0.05769449942058013
p266_PKB,0.9014823864557069,0.015335620329843383,0.0,0.0,0.0,0.0,0.0
p267_H2,0.7935896444700401,0.06851787576659614,0.0,0.0,0.0,0.0,0.0
p267_H3,0.7935896444690793,0.06851787576726072,0.0,0.0,0.0,0.0,0.0
p267_PKB,0.7935896444849846,0.06851787575649736,0.0,0.0,0.0,0.0,0.0
p268_H2,0.7935896444697197,0.06851787576686255,0.0,0.0,0.0,0.0,0.0
p268_H3,0.7935896444680118,0.06851787576799205,0.0,0.0,0.0,0.0,0.0
p268_PKB,0.7935896387013223,0.06851787968528253,0.0,0.0,0.0,0.0,0.0
p269_H2,4.524015011030539e-06,21.387783648857162,0.004887309610373,0.0005435069,0.004266506948229069,0.04175305188061793,0.012862593828364303
p269_H3,7.268458424287469e-37,182.58505315083167,0.023348215059602356,0.0,0.0046914131299593395,0.9024223823062999,0.2326155026239654
p269_PKB,3.2392897764021926e-37,184.64487082761227,0.023348215059602356,0.0,0.0046914131299593395,0.9024223823062999,0.2326155026239654
p270_H2,2.1244001896358814e-10,41.65411813736146,0.0007733930628230091,4.1695126e-05,0.0008210490700098624,0.08855798167605,0.022548529733752872
p270_H3,0.17724786262960932,1.8244879423292346,0.0,0.0,0.0,0.0,0.0
p270_PKB,6.349892475034619e-28,131.8334537392547,0.0,5.9614003e-06,0.00046470942405298153,0.012331810378133783,0.003200620300633588
p271_H2,1.238959824936341e-20,92.83746154690456,0.0,1.3081274e-07,0.0010700578922773507,0.2972529098575443,0.07458077464063959
p271_H3,4.857613248275975e-09,35.187056057164746,0.0,0.0,0.00019269919372185738,0.0066523497823918415,0.0017112622440284247
p271_PKB,3.581900766463688e-07,26.44879361270135,0.0025414718687619665,0.0,0.0013276395012144179,0.33688063051616013,0.08518743547153412
p272_H2,5.020160304743138e-06,21.18178330508692,0.0,0.0,8.857159395795613e-06,0.05230937289772362,0.013079557514279853
p272_H3,0.9439240919039754,0.004951339250943447,0.0,0.0,0.0,0.0,0.0
p272_PKB,0.3335257792799544,0.9365468273180309,0.0,0.0,0.0,0.0,0.0
p273_H2,0.2092048929105012,1.580036212201886,0.0,0.0,0.0,0.0,0.0
p273_H3,0.044720444321105224,4.044710628666809,0.0,0.0,4.088924975259154e-07,0.011748325131111589,0.0029371835059022787
p273_PKB,8.072130192124429e-42,212.1460121968642,6.483417956459455e-07,4.792741e-06,0.0001808908702716036,0.23466972717288417,0.05871401478149731
p274_H2,0.1143272694983017,2.500044869926489,0.0,0.0,0.0,0.0,0.0
p274_H3,2.112522789114692e-49,259.46173706710204,0.0,8.75244e-06,4.4579792924663986e-05,0.18271635301998926,0.04569242131333048
p274_PKB,0.011391187424754179,6.439693244577122,0.0001430184037201203,4.8847796e-06,3.8260125346692643e-05,0.372302478945789,0.09312216056362092
p275_H2,3.692715774616461e-30,144.21537469344918,0.00029249313186185006,1.4728161e-05,0.0001256432267242471,0.18727460275025568,0.046926866817397855
p275_H3,0.0017835397781036507,9.840839811820388,0.00018371652509676227,1.2758479e-06,7.095048566526485e-06,0.04680259931634525,0.011748671684482518
p275_PKB,3.2079222786239454e-160,1337.9504051525655,0.010710672727269662,2.5111992e-06,0.03292315793784858,0.1517144292458194,0.048837692777541214
p276_H2,0.5008691144644289,0.4535989373669193,0.0,0.0,0.0,0.0,0.0
p276_H3,0.21745037059467404,1.5240587924795796,0.0,0.0,0.0,0.0,0.0
p276_PKB,1.9788174253525978e-08,32.31334701647807,0.007536609125947133,1.3832245e-05,0.13844373017423517,0.6494895192030822,0.19887092268701706
p277_H2,2.444323594665232e-44,227.58141291252048,3.8523509497326295e-07,1.154726e-05,8.2931493281645e-05,0.2896191299654159,0.07242849848853022
p277_H3,5.568038233005275e-45,231.5630317716705,0.0,1.1270322e-08,0.0006808903567930993,0.01310952416987106,0.003447606449246431
p277_PKB,2.1060116077286765e-77,458.04576785675005,0.0010122317409416793,4.7602686e-07,0.0005716771797210369,0.05700893737127854,0.01464833057969913
p278_H2,0.9482767187703895,0.004211482359731404,0.0,0.0,0.0,0.0,0.0
p278_H3,0.0030708792977966214,8.830754290720234,0.0,5.860633e-10,2.985672893005758e-06,0.005214749977055197,0.0013044340590028778
p278_PKB,0.041789551209937166,4.160074990767556,0.00012673089274676492,2.723139e-05,0.00018608870692394093,0.05170753872407283,0.013011897428448275
p279_H2,1.6920600099601901e-37,186.30376893695856,0.0007979880834252997,2.6423919e-05,0.000925806733003562,0.10868888829847465,0.02760977675843224
p279_H3,3.913230904486757e-50,264.168206702983,0.0021396943025225124,5.2889217e-09,0.00015948294876855037,0.5118394798577568,0.1285346655994924
p279_PKB,2.94264328555077e-39,196.73020329227322,0.001687799688953751,0.00013606877,0.00039389662265239587,0.1789364828444403,0.045288561982695735
p280_H2,7.045805735864483e-112,763.270214460023,0.0,1.2203147e-07,0.00013469857825804677,0.07939426704467736,0.019882271913600306
p280_H3,2.503254715493089e-125,904.0034692463129,4.26250839463331e-07,0.0,2.371365606526275e-06,0.2505947334480079,0.06264938276611348
p280_PKB,3.0000049910977586e-40,202.66392116094607,0.0010991902509176672,5.705235e-05,0.0015234111052881724,0.04508318451303989,0.01194070955521685
p281_H2,1.063647295119688e-40,205.37255697186632,1.6905133351578767e-06,3.375455e-07,7.677004885149967e-05,0.039654476558145545,0.00993331866645472
p281_H3,4.4410929742971044e-15,64.53384077861912,8.433337807683796e-07,1.8324113e-06,9.578311928060991e-06,0.07813808336725551,0.019537584356058988
p281_PKB,0.000639731875468053,11.770396428517472,4.5065575045421197e-07,1.4395391e-07,0.00017946164460109283,0.19681874982842273,0.04924970152067155
p282_H2,0.5591790949453703,0.3414781034730284,0.0,0.0,0.0,0.0,0.0
p282_H3,0.7290788999599374,0.12006197888186783,0.0,0.0,0.0,0.0,0.0
p282_PKB,0.0022647059874128217,9.395665040253801,0.0,7.3467945e-06,0.0011433100396108329,0.10756812608247299,0.027179695729150587
p283_H2,1.6566695861285372e-53,286.16874557877907,0.0,1.1781021e-06,9.197573282687846e-07,0.07721298833623223,0.019303771548924754
p283_H3,0.38307075676611935,0.7618508690758674,0.0,0.0,0.0,0.0,0.0
p283_PKB,7.411774912535641e-39,194.3415131545667,0.0002341126882406555,0.0,6.050282254187636e-06,0.2353426438207083,0.058895701697800784
p284_H2,3.014344877279433e-185,1721.994511966729,0.0,7.2308777e-09,0.18990439479629934,0.07164849773698088,0.06538822494103948
p284_H3,0.00011397939791362395,15.072473338888496,0.0,0.0,7.269560629583251e-06,0.06356200447736915,0.015892318509499685
p284_PKB,2.3568314161497707e-48,252.77150982024438,0.0,2.494839e-08,4.421691359437262e-05,0.05728471555008401,0.014332239353017102
p285_H2,3.386479726408247e-177,1590.9868045679475,1.0,0.1742108,1.0,0.19144225225608805,0.5914132634941768
p285_H3,1.1762252082416937e-25,119.4775136827498,0.0,0.0,2.8347014245034515e-07,0.05582406826001425,0.013956087932539175
p285_PKB,1.766144426605779e-86,531.3370135135862,0.0,0.0,0.19247310156393588,0.18994450845503646,0.09560440250474309
p286_H2,4.3158249527070174e-172,1511.680663373838,0.000559647717454376,5.635907e-06,0.024070667421485753,0.3049762686210409,0.08240305491679538
p286_H3,4.5879655872722e-95,605.1272972005175,0.0,0.0,9.668513085511533e-06,0.007813461492640342,0.0019557825014314633
p286_PKB,4.532800739579122e-103,678.0825502643333,0.0,6.301019e-07,0.02312915031095847,0.0015241803886154842,0.006163490200370595
p287_H2,3.414103097722491e-12,50.31630382639814,0.0,4.758728e-06,0.0002673325944944633,0.20855089783663974,0.05220574728983598
p287_H3,9.736996996841752e-07,24.44416154117784,0.0,0.0,2.718375281904105e-05,0.04299433909062197,0.010755380710860253
p287_PKB,6.676630174462039e-07,25.199203768185946,0.0,1.5907932e-05,0.00022374297608978566,0.04563614520733711,0.01146894902880946
p288_H2,5.3234341213211545e-37,183.37816225152852,0.013891900922025503,5.575625e-08,4.713578899524019e-05,0.3187878092909682,0.0831817254395596
p288_H3,0.18089261748424584,1.7941065054341472,0.0,0.0,0.0,0.0,0.0
p288_PKB,0.019661758116691627,5.468616293844423,0.07184455899135474,0.0,0.0007444528944612876,0.25145819083880516,0.0810118006811553
p289_H2,0.24985362977867334,1.3264814902956257,0.0,0.0,0.0,0.0,0.0
p289_H3,6.433656942712369e-38,188.78015538116057,0.006630856693562537,6.8000713e-06,0.000346470420225683,0.30183042142583744,0.07720363715273959
p289_PKB,3.304566659078257e-39,196.4298773355124,0.006630856693562537,6.8000713e-06,0.000346470420225683,0.30183042142583744,0.07720363715273959
p290_H2,4.953912818612845e-07,25.79752976868941,6.754975163880566e-06,1.3407305e-06,0.0001483837359506059,0.04555335421243445,0.011427458413506671
p290_H3,1.0,0.0,0.0,0.0,0.0,0.0,0.0
p290_PKB,2.2322210902274858e-10,41.551156289571274,0.0,1.4541695e-07,9.974353519339313e-05,0.017066725045108467,0.004291653499312419
p291_H2,0.7935896444699333,0.0685178757666603,0.0,0.0,0.0,0.0,0.0
p291_H3,1.0,0.0,0.0,0.0,0.0,0.0,0.0
p291_PKB,0.7935896445103904,0.06851787573916268,0.0,0.0,0.0,0.0,0.0
p292_H2,6.266216052908457e-10,39.409280139806555,0.02854376480027401,0.0029504956,0.010900917193546102,0.5295954145639163,0.14299764803308995
p292_H3,4.910875198974966e-10,39.914202940684895,0.012532652407652238,0.0,0.012373436691485875,0.8917527112213901,0.22916470008013207
p292_PKB,8.29148518438473e-10,38.82971375790497,0.012532652407652238,0.0,0.012373436691485875,0.8917527112213901,0.22916470008013207
p293_H2,4.045586902969724e-09,35.56265501575151,0.0,0.0,0.0005248663840931563,0.10268812356167031,0.025803247486440868
p293_H3,1.901585330773539e-50,266.1901466983532,0.0,3.9760142e-08,1.3221756292984775e-05,0.09403124231519888,0.023511125957908427
p293_PKB,5.9915369729107196e-18,79.00606095774577,0.0,0.0,4.600464508445351e-05,0.1268963758839975,0.031735595132270485
p294_H2,2.8788466707349958e-05,17.746420850075673,0.0,0.0,9.991932731236858e-05,0.08235853833417443,0.0206146144153717
p294_H3,0.47321006304484103,0.515067407782758,0.0,0.0,0.0,0.0,0.0
p294_PKB,5.649127154660552e-06,20.94828387309424,0.0,7.916242e-07,3.848718251195309e-05,0.0737605544404875,0.01844995831179697
p295_H2,8.670021564281415e-102,666.123190446476,0.004636505075190274,0.0,1.552636557642591e-05,0.43530500290295604,0.10998925858593069
p295_H3,9.04475006413454e-104,684.659955790915,0.004636505075190274,0.0,1.552636557642591e-05,0.43530500290295604,0.10998925858593069
p295_PKB,5.984557710149273e-100,649.1510166122575,0.004636505075190274,0.0,1.552636557642591e-05,0.43530500290295604,0.10998925858593069
p296_H2,0.7935896444702535,0.06851787576650457,0.0,0.0,0.0,0.0,0.0
p296_H3,1.0,0.0,0.0,0.0,0.0,0.0,0.0
p296_PKB,0.7935896445277903,0.06851787572736791,0.0,0.0,0.0,0.0,0.0
p297_H2,2.835151299410002e-06,22.314556369523114,0.0,7.196199e-05,0.00042861153390953547,0.03400574788693957,0.008626580353448309
p297_H3,2.2698235309034027e-07,27.366895436106315,0.0,3.0681122e-07,0.00021299845237367272,0.04020052796613337,0.010103458307430868
p297_PKB,7.489464209749427e-08,29.607467353890794,0.0,3.0681122e-07,0.00021299845237367272,0.04020052796613337,0.010103458307430868
p298_H2,2.1189290601475492e-13,56.222084727756126,0.0,4.70191e-05,0.0002046130295753104,0.031644118399138936,0.007973937632365563
p298_H3,3.676852723140807e-21,95.58905987221276,0.0003666327800330229,3.1026066e-06,0.00017065841178526864,0.014848619814541773,0.0038472534032324866
p298_PKB,1.0320509003960941e-21,98.47855093745548,0.0003666327800330229,3.1026066e-06,0.00017065841178526864,0.014848619814541773,0.0038472534032324866
p299_H2,4.4364924849442854e-38,189.73398548314077,0.00010050173653512201,1.2454345e-05,0.00010720654904847527,0.0542427409377495,0.013615725892050571
p299_H3,5.1836535737874235e-24,110.64717253793152,0.0,0.0,0.00011406313153099639,0.008506351018518881,0.0021551035375124697
p299_PKB,3.7977057100946855e-80,479.70884220519247,0.0,6.251797e-07,0.00012812933494633057,0.015576800883071014,0.003926388849435112
p300_H2,5.975687623724745e-106,705.3543906894068,0.0,0.0002267918,5.975043016779306e-05,0.053854710648276044,0.013535313220251187
p300_H3,1.0,0.0,0.0,0.0,0.0,0.0,0.0
p300_PKB,9.040190640598745e-07,24.592617662909113,0.0,0.0,4.8102762707588575e-05,0.07493365402219773,0.01874543919622633
p301_H2,0.14325542476448463,2.147802628538081,0.0,0.0,0.0,0.0,0.0
p301_H3,0.9788075216453584,0.0007061846831849869,0.0,0.0,0.0,0.0,0.0
p301_PKB,0.17642286401932059,1.8314652298106477,0.0,0.0,0.0,0.0,0.0
p302_H2,0.7935896444700401,0.06851787576657538,0.0,0.0,0.0,0.0,0.0
p302_H3,0.7935896444707874,0.0685178757660827,0.0,0.0,0.0,0.0,0.0
p302_PKB,0.7935896444272345,0.06851787579574346,0.0,0.0,0.0,0.0,0.0
p303_H2,0.39354377410530794,0.7289285890818229,0.0,0.0,0.0,0.0,0.0
p303_H3,1.0,0.0,0.0,0.0,0.0,0.0,0.0
p303_PKB,0.25055618556705583,1.32254844781333,0.0,0.0,0.0,0.0,0.0
p304_H2,1.1152714561351898e-06,24.1729147718336,2.8213318073550676e-06,1.6962343e-06,0.00041180844334911534,0.02524714708115111,0.006415868272660699
p304_H3,0.7935896444684388,0.0685178757676727,0.0,0.0,0.0,0.0,0.0
p304_PKB,0.5491133405633467,0.35928169183685726,0.0,0.0,0.0,0.0,0.0
p305_H2,0.422928481984969,0.6429715933110678,0.0,0.0,0.0,0.0,0.0
p305_H3,1.0,0.0,0.0,0.0,0.0,0.0,0.0
p305_PKB,0.46413353509955657,0.5365388089925412,0.0,0.0,0.0,0.0,0.0
p306_H2,0.7935896444053513,0.068517875810538,0.0,0.0,0.0,0.0,0.0
p306_H3,0.7935896444714279,0.06851787576567196,0.0,0.0,0.0,0.0,0.0
p306_PKB,0.7935895942202555,0.0685179099011082,0.0,0.0,0.0,0.0,0.0
p307_H2,1.3459781653316205e-47,247.96959949757303,2.0047092520269176e-08,8.204664e-08,4.602042071480126e-05,0.11960987926897082,0.02991400044585446
p307_H3,4.3030697968481136e-08,30.731967321422868,0.0,0.0,5.1190796275891673e-08,0.10496841518958615,0.026242116595095608
p307_PKB,4.292113855813116e-40,201.7303423267319,0.00011144234150985588,0.0,3.9184539837338314e-05,0.06598485520594738,0.016533870521823642
p308_H2,0.0013274287388114294,10.393722930403397,0.0,4.8143085e-07,1.699735649275788e-05,0.08326325602470637,0.020820183703011134
p308_H3,0.11059436622331155,2.5526330387346747,0.0,0.0,0.0,0.0,0.0
p308_PKB,0.0013345266415567933,10.38371787310898,0.0,2.4867062e-05,4.4257366451364336e-05,0.012881772273923715,0.003237724175635237
p309_H2,0.1364744831599974,2.2227390684445854,0.0,0.0,0.0,0.0,0.0
p309_H3,1.0,0.0,0.0,0.0,0.0,0.0,0.0
p309_PKB,0.027926334315333867,4.854262626181358,0.0008492629815251847,1.4945754e-05,0.00011746980944207833,0.12381518226587536,0.031199215202640424
p310_H2,0.7935896444700401,0.06851787576654782,0.0,0.0,0.0,0.0,0.0
p310_H3,0.7935896444707874,0.0685178757660827,0.0,0.0,0.0,0.0,0.0
p310_PKB,0.7935896444328921,0.06851787579184851,0.0,0.0,0.0,0.0,0.0
p311_H2,0.3505254519502662,0.8728043160334855,0.0,0.0,0.0,0.0,0.0
p311_H3,5.0185954499503584e-46,238.07927589650993,0.0,0.000101384256,1.367299690839461e-05,0.08053990115068796,0.02016373960082055
p311_PKB,7.657493496368772e-38,188.33364034570616,0.0,0.0,2.6235434040599196e-05,0.0029483764932873055,0.0007436529818319762
p312_H2,0.10100481195481523,2.6972202518597395,0.0,0.0,0.0,0.0,0.0
p312_H3,0.12860804649552893,2.3150888587546987,0.0,0.0,0.0,0.0,0.0
p312_PKB,0.0650055198117056,3.4163500958606168,0.0,1.39921035e-08,3.768905759508207e-06,0.044522012743887354,0.011131448910437585
p313_H2,0.981934757667516,0.0005131146215122795,0.0,0.0,0.0,0.0,0.0
p313_H3,1.0,0.0,0.0,0.0,0.0,0.0,0.0
p313_PKB,0.9819347576471001,0.0005131146226945923,0.0,0.0,0.0,0.0,0.0
p314_H2,2.888595223059811e-22,101.38655030711095,0.0,0.0,1.3452795677178202e-05,0.21885145915893336,0.05471622798865264
p314_H3,0.025163037949117138,5.035786256330324,0.0,0.0,9.970178420897395e-08,0.1372167798476679,0.03430421988736303
p314_PKB,4.3810349267224336e-16,69.56905332375885,0.0,0.0,4.499443040938249e-06,0.019849362212142757,0.004963465413795924
p315_H2,8.914653845539311e-26,120.12829520022413,0.0,2.3036968e-05,4.1571149233954796e-05,0.06855433129402932,0.01715473485277382
p315_H3,1.3516843940626873e-87,540.6788844137592,0.0,0.0,4.143233103617426e-05,0.04915691395918063,0.0122995865725542
p315_PKB,2.0509095968988815e-80,481.84389693158073,0.0,2.9821354e-06,0.00015280190384703713,0.10361668147389388,0.025943116378274338
p316_H2,0.8080675062577194,0.059057913281471065,0.0,0.0,0.0,0.0,0.0
p316_H3,0.8080675062585281,0.05905791328089137,0.0,0.0,0.0,0.0,0.0
p316_PKB,0.8080675062656903,0.05905791327638653,0.0,0.0,0.0,0.0,0.0
p317_H2,0.0464501287605385,3.9803130056177447,0.08154738149786057,0.014919424,0.014357912520421418,0.06702731308713589,0.044463007883738435
p317_H3,0.4732100630444356,0.5150674077836515,0.0,0.0,0.0,0.0,0.0
p317_PKB,0.00891990805486655,6.880018431088113,0.0,0.0,0.0003197899174395585,0.09202373042920382,0.023085880086660845
p318_H2,1.4745874579266912e-13,56.99680402154203,0.0,6.839186e-06,1.6660388408560072e-05,0.151026241496011,0.03776243526759772
p318_H3,3.2696865980908745e-06,22.03145850550342,0.0,0.0,8.335966955919983e-06,0.09771180850360627,0.024430036117640545
p318_PKB,1.0868632628856311e-20,93.13360499609871,0.0,3.4689045e-08,3.3100975846867415e-05,0.2924996918436795,0.07313320687714273
p319_H2,9.192662289827036e-101,656.6324330091318,0.0022553648350117227,1.229305e-06,0.00017436637138099867,0.06083655582073489,0.015816879083028132
p319_H3,1.3947020411076713e-06,23.72663373191465,0.0,0.0,1.6615746355818948e-05,0.18127903876687934,0.04532391362830879
p319_PKB,1.217951915089095e-53,287.05102761219274,0.0,5.827315e-06,0.00011544316122037463,0.007319073993357203,0.001860086117371381
p320_H2,6.53743525266501e-07,25.241410762618433,2.922008791821708e-07,0.0,3.7075630579533014e-05,0.18010264130039896,0.04503500228296442
p320_H3,0.13347812001418413,2.257195644231497,0.0,0.0,0.0,0.0,0.0
p320_PKB,3.536224526098817e-25,116.89896309936117,0.0,3.5659566e-09,1.3047938093900031e-05,0.03142502995318814,0.007859520364309671
p321_H2,4.777072977034911e-100,650.048713936287,0.0006777751872488255,4.534444e-09,3.9582488779271514e-05,0.2385130244378604,0.05980759666208311
p321_H3,1.0,0.0,0.0,0.0,0.0,0.0,0.0
p321_PKB,6.165669101660126e-51,269.35469284347766,6.18218435576542e-05,1.8341567e-06,2.759881212184094e-05,0.37578046244303526,0.0939679293138551
p322_H2,0.19283785414138305,1.6993082723124753,0.0,0.0,0.0,0.0,0.0
p322_H3,0.080089503917431,3.072636265048706,0.0,0.0,0.0,0.0,0.0
p322_PKB,0.048402574534550526,3.9105987417064783,0.0,1.8081685e-06,2.9454519821160376e-05,0.08241913579687214,0.020612599621289064
p323_H2,8.794726655120662e-58,314.818745382803,5.3363419182802975e-05,0.0,7.566804041779776e-06,0.24835594257097274,0.06210421819854933
p323_H3,2.3375953255187226e-50,265.61131138919745,0.00013391866576025968,0.0,1.242384643844157e-06,0.1892061591054569,0.04733533003896525
p323_PKB,3.761526270428251e-47,245.14942748179817,0.0,1.0750144e-06,5.043835277812103e-05,0.0326726921199396,0.00818105137178902
p324_H2,3.304601517460856e-13,55.27379765887346,0.0,5.3456273e-07,5.926327287286341e-05,0.08143038422268303,0.020372545514571495
p324_H3,6.094045998873752e-19,84.08742419147859,0.0,8.019149e-07,6.397890578355063e-05,0.3187061744573165,0.07969273881949841
p324_PKB,6.669066249225141e-17,73.69090078183446,0.0,0.0,1.0794934466627998e-05,0.137160629649768,0.034292856146058655
p325_H2,0.13946349982051612,2.189202616532244,0.0,0.0,0.0,0.0,0.0
p325_H3,6.080193148155414e-07,25.38670683541724,3.3491283224855904e-07,4.0026284e-06,2.2410657999318e-05,0.025326113038365627,0.006338215309406696
p325_PKB,0.000939090717997442,11.044698388449055,0.0,3.0621237e-08,6.568173964068428e-05,0.0606940889700256,0.015189950332725848
p326_H2,1.5125681782939513e-28,135.26426930789046,0.0,1.8806634e-06,8.24879627218156e-05,0.048270529605122334,0.012088724557805073
p326_H3,0.00020810324286333606,13.913132465112911,0.0,1.2631513e-05,5.502740569474939e-05,0.11092404280507528,0.027747925430847035
p326_PKB,0.7054361299033332,0.1430034638595039,0.0,0.0,0.0,0.0,0.0
p327_H2,5.7135573919625095e-90,560.7950970523311,0.0,8.180208e-08,4.952198962785332e-06,0.062277770751085836,0.015570701188031656
p327_H3,9.116018968986638e-27,125.50354364965222,0.0,0.0,1.0905383395157757e-05,0.1471645935464094,0.03679387473245114
p327_PKB,3.2129998223213866e-19,85.51745464433564,0.0,0.0,1.0905383395157757e-05,0.1471645935464094,0.03679387473245114
p328_H2,3.917110261983063e-13,54.911370304472214,0.0,3.4075651e-07,0.00017026845048110262,0.3368761441655755,0.0842616883431428
p328_H3,3.679167139760003e-78,463.9858491058459,0.0,0.0,4.36332626325749e-06,0.09059511227240885,0.022649868899668028
p328_PKB,7.51443281295089e-26,120.5297367816523,9.072176483824416e-05,9.428475e-07,0.00040448770073398693,0.03664528059343053,0.009285358226630926
p329_H2,0.024598858836269815,5.075396091927866,0.0,2.2131387e-06,1.7158165517773635e-05,0.060575436619462845,0.015148701980923673
p329_H3,0.024954555236285873,5.050314715999217,0.0,1.7874952e-05,1.3464578921703438e-05,0.07303760696171838,0.018267236623257806
p329_PKB,0.0808516589110383,3.057165911660975,0.0,0.0,0.0,0.0,0.0
p330_H2,1.2899479716500298e-51,273.768548461439,0.0,0.0,0.0004038939690450089,0.0027441454026545394,0.0007870098429248871
p330_H3,5.987666653715454e-52,275.94177759801005,0.0,0.0,0.0004038939690450089,0.0027441454026545394,0.0007870098429248871
p330_PKB,0.2575068012475855,1.2843548661098345,0.0,0.0,0.0,0.0,0.0
p331_H2,4.951797711749306e-27,126.9488037321105,0.0,0.0,3.8553217989637954e-06,0.09171145144121509,0.022928826690753513
p331_H3,1.8427782144162221e-13,56.52036240592003,0.0,0.0,1.6157052269794038e-05,0.11688601122414108,0.029225542069102717
p331_PKB,2.692777314702725e-06,22.416904186830102,2.4407784414430288e-06,1.8569228e-06,0.00017898190416874453,0.00973515450180742,0.002479608526813387
p332_H2,2.0879202917299256e-55,298.7915111528491,0.0,6.142875e-06,1.5852867175618622e-05,0.06305856617738174,0.015770140479891507
p332_H3,0.5080884755324756,0.4384844519285811,0.0,0.0,0.0,0.0,0.0
p332_PKB,0.6181111120334841,0.24876907711861015,0.0,0.0,0.0,0.0,0.0
p333_H2,1.0589413663079102e-47,248.62907901772562,0.0,5.387428e-06,0.0029972569679039347,0.05480577823801274,0.014452105658426917
p333_H3,1.896026194278673e-31,151.44992257035997,0.0,0.0,0.0002583638007136954,0.07274282081903181,0.01825029615493638
p333_PKB,0.022097736885686385,5.263180020307871,0.0,4.9928394e-06,0.0002525240982368681,0.30174756236620387,0.07550126982596567
p334_H2,5.338644230743254e-70,401.6479244513957,5.144133544354161e-06,3.8194383e-07,0.0002273710197613312,0.2094300637319333,0.05241574020726844
p334_H3,1.072334840547489e-24,114.30940920433704,0.0,2.288636e-05,4.847134789819036e-05,0.12174050530566911,0.03045296575317867
p334_PKB,0.5683359967782182,0.32580521863719036,0.0,0.0,0.0,0.0,0.0
p335_H2,1.02478856544279e-41,211.5168009870363,0.0,5.2653404e-06,0.0001256410608477499,0.16934559569326635,0.04236912552362989
p335_H3,0.4248792695516751,0.63757864004927,0.0,0.0,0.0,0.0,0.0
p335_PKB,0.050308105198951465,3.8453711690868224,8.147957371288022e-05,6.337598e-06,7.901598877885707e-05,0.02953123598687387,0.00742451728679748
p336_H2,6.8686307955333705e-06,20.562029066098443,1.27298833812472e-05,6.8372447e-06,0.000475782403388716,0.1286014824915933,0.03227420800575454
p336_H3,4.1295474490564045e-14,59.72475603318729,0.0,0.0,2.3314125791510462e-05,0.28514407137806586,0.07129184637596434
p336_PKB,1.639667036094702e-10,42.19309499703476,9.894511622269065e-05,3.4614288e-06,0.00012836234658563907,0.06085263613135509,0.015270851255748967
p337_H2,0.22056521214251476,1.5035677444074214,0.0,0.0,0.0,0.0,0.0
p337_H3,7.356257970283922e-08,29.643834559800265,0.0,4.6014215e-05,3.07397824622825e-05,0.18595241374021995,0.04650729193432154
p337_PKB,2.6509537194811736e-08,31.717387393201914,0.0,2.6144119e-06,7.065705077335289e-05,0.031122483166543063,0.007798938657296408
p338_H2,4.121634963960462e-12,49.91835423538071,0.0,9.793265e-06,0.0016353631358236643,0.034294835685658935,0.008984998021679451
p338_H3,2.5070066640273073e-17,75.84373587777975,0.0,3.2062062e-06,5.307139900083193e-05,0.10281408669631786,0.02571759107538014
p338_PKB,2.1319079099908142e-17,76.20104647726586,9.431164288939436e-05,1.8028773e-07,0.000758233906645255,0.0346053364948488,0.008864515583027827
p339_H2,0.0008616687007033071,11.207035115151461,0.0,2.8721854e-07,4.739023379137975e-05,0.015807365529443063,0.003963760745443737
p339_H3,0.00010274367173737696,15.273013595789143,0.0,1.2398456e-06,4.639723645579908e-05,0.3252424403318426,0.08132251935346803
p339_PKB,2.752974379569567e-05,17.833811409089765,0.00012358726340098522,6.689579e-05,0.00024327824094664993,0.0038703312535975105,0.001076023136314565
p340_H2,3.7425846119787553e-13,55.008494709904554,0.0,1.4499135e-06,3.7450726261389138e-06,0.1621531561975269,0.040539587795912685
p340_H3,0.8201594199442446,0.051725084655806636,0.0,0.0,0.0,0.0,0.0
p340_PKB,1.4395363227493267e-11,47.282942052213656,7.950258621730884e-05,7.655361e-06,0.00019626260648491727,0.1341937612042361,0.03361929543938583
p341_H2,0.5248656291307339,0.40475701453668245,0.0,0.0,0.0,0.0,0.0
p341_H3,0.034506483668835575,4.488206329572709,0.0,0.0,3.821642707715069e-06,0.03494756642604737,0.008737847017188771
p341_PKB,0.05930924120605726,3.569037301467625,0.0,0.0,1.5943621380007077e-06,0.03582946997518759,0.008957766084331398
p342_H2,0.0001370080748268301,14.71736231957507,0.0,0.0,8.95107041751241e-08,0.09594497293655027,0.023986265611813613
p342_H3,0.006383276395603294,7.487080320668967,0.0,0.0,3.083577352812301e-07,0.07422185335307661,0.018555540427702973
p342_PKB,0.0002538588107817473,13.531953277931686,0.0,4.5749918e-08,1.2251787460263737e-05,0.0048700653542619035,0.00122059072290995
p343_H2,3.6551324962492885e-05,17.280272554642675,0.0,1.5979331e-06,0.00010755784448426084,0.07494346669370869,0.01876315561781781
p343_H3,0.2606867166950659,1.2673035232735903,0.0,0.0,0.0,0.0,0.0
p343_PKB,0.20589834360973597,1.603224581406699,0.0,0.0,0.0,0.0,0.0
p344_H2,2.7141018392375163e-10,41.14484919717096,0.0,1.2898757e-07,1.4415640254932832e-05,0.07479951811994881,0.018703515686942316
p344_H3,1.7579697696687073e-10,42.04806207238784,0.0,4.3740233e-06,3.841876787933791e-05,0.0024363805466503068,0.0006197933344622967
p344_PKB,1.921181907746345e-10,41.863295368357164,0.0,4.3740233e-06,3.841876787933791e-05,0.0024363805466503068,0.0006197933344622967
p345_H2,1.986478638256174e-05,18.472581588778983,0.0,1.4727455e-06,7.264847801149069e-05,0.08080999630632596,0.020221029382447537
p345_H3,0.00010980461639961204,15.144556841090994,0.0,7.3168087e-07,3.0988564842371676e-05,0.21253982365934906,0.0531428859762655
p345_PKB,1.4143386650298536e-10,42.500988117975034,0.0,4.3740233e-06,3.841876787933791e-05,0.0024363805466503068,0.0006197933344622967
p346_H2,3.0655277022294606e-08,31.42156774995394,0.0,1.2271319e-06,4.084128568911487e-05,0.12900124843916,0.032260829214177535
p346_H3,6.716145921371279e-12,48.88797676635209,0.0,3.1071036e-07,1.4304126291510172e-05,0.1374352358486023,0.03436246267131403
p346_PKB,4.4210981503058507e-13,54.653530419880724,0.0,2.3200014e-06,2.7254549062013893e-05,0.03576411364131601,0.008948422047940923
p347_H2,0.013382928109601558,6.15124736481801,0.00013572922974322449,4.329054e-06,0.00016655228656086275,0.5198847086333412,0.13004782980086352
p347_H3,3.259934513934286e-05,17.503578880197395,0.0,1.3724893e-05,2.8193618156388994e-05,0.05792863278391948,0.014492637823668131
p347_PKB,5.378537170775274e-06,21.045358631614516,0.0,1.3724893e-05,2.8193618156388994e-05,0.05792863278391948,0.014492637823668131
p348_H2,6.380450503213988e-08,29.932344469651703,0.0,0.0,5.43468750893654e-06,0.018259102425138788,0.004566134278161931
p348_H3,2.0155140305872483e-07,27.6064046043787,0.0,0.0,5.217812531560372e-06,0.12426873780705726,0.031068488904897204
p348_PKB,5.594691833064768e-07,25.553536042613004,0.0,0.0,5.217812531560372e-06,0.12426873780705726,0.031068488904897204
p349_H2,0.3282487728946165,0.9572272798049385,0.0,0.0,0.0,0.0,0.0
p349_H3,3.168092351256349e-08,31.35459422338834,0.0,2.4168952e-07,1.1219579748571357e-05,0.15093043431737016,0.03773547389665967
p349_PKB,1.2659242580997594e-06,23.919935122048827,0.0,9.939153e-07,1.9275047811531224e-05,0.03522441058682544,0.00881116988747188
p350_H2,2.582072216770643e-19,86.00654244804699,2.4691771600375425e-05,0.0,2.0269751740212463e-05,0.2529751280705144,0.06325502239846376
p350_H3,2.3514170304102307e-21,96.60438558227027,0.0,0.0,6.841494665582546e-07,0.01734608632429043,0.004336692618439247
p350_PKB,2.4297457537095384e-21,96.5299106724828,0.0,0.0,6.841494665582546e-07,0.01734608632429043,0.004336692618439247
p351_H2,0.046844765025169474,3.9659753152639152,0.0,4.4155622e-05,0.00017551258395296824,0.03833014176604053,0.009637452493039145
p351_H3,5.3298415850531174e-11,44.53816445230236,0.0,4.3073368e-07,0.0001793959571706516,0.0041168927216837245,0.0010741798531331086
p351_PKB,2.1300413938080856e-09,36.88223227917672,4.692625661146024e-06,0.0,0.00011097290576545928,0.0058349537222857194,0.0014876548134280811
p352_H2,0.014921234818604403,5.957289744880321,0.0,1.3921749e-06,2.384159784360296e-05,0.0015341575076806358,0.00038984782010823157
p352_H3,0.004257088762431522,8.228431421335324,0.0,1.9971822e-07,1.4791064307217449e-05,0.020583167415077725,0.00514953954940006
p352_PKB,0.005888111869794061,7.634315643276313,8.64455727527938e-06,5.7694837e-07,0.00013241303189863736,0.019497040611990785,0.0049096687873827795
p353_H2,3.007399747936033e-29,139.14589067429267,0.0,1.6143895e-05,0.00022162497280677705,0.004532460816591519,0.0011925574210381615
p353_H3,2.9541925616240063e-12,50.62222254512958,0.00021236651614317008,0.0,6.12965797364814e-05,0.041982369658135565,0.010564008188503804
p353_PKB,0.0003326458881066734,13.014843104007722,8.64455727527938e-06,5.7694837e-07,0.00013241303189863736,0.019497040611990785,0.0049096687873827795
