,R2,MAE,MSE,RMSE,MAPE
gbr,0.8306288933440007,13.407063487554868,515.3722800293102,21.20621632453482,0.028630767115368973
rf,0.7992702585056913,14.28286065349003,620.8026794964323,23.024656721124362,0.030986272855543572
xgb,0.7770351978704446,14.430300496419273,647.5962800185041,24.058575787588914,0.03066367009391712
