Base Model R^2	MAE	MAPE	SQE	RSQE
0.9650983650543368	6.6145501091095475	0.015615833468900695	157.86607607932336	12.564476753105295