Base Model R^2	MAE	MAPE	SQE	RSQE
0.9674934227342283	7.884997517940675	0.01872575339164147	157.72632115641605	12.5589140118250