Base Model R^2	MAE	MAPE	SQE	RSQE
0.9276181900767316	10.248746580567653	0.02524888529316445	247.73415194443177	15.739572800569645