feature,p_value,score,rf,xgb,gbr,BayesianRidge,mean
p1_M,0.009106641157709521,6.820905667151965,8.70654743893377e-06,1.2589605e-06,3.926595533723374e-06,0.051161157782511416,0.012793762471505418
p1_P,1.1007320733309435e-06,23.955852182719852,3.5968490123118837e-07,1.1132164e-06,0.0,0.018217590308329954,0.004554765802407562
p1_QEATVLY,0.00010509337687142342,15.130023301661106,1.9970427398393625e-06,9.4146526e-07,0.0,0.033770505832744095,0.008443361085185865
p2_K,0.0007679770283139678,11.367334021739747,2.4372901883844824e-05,2.0954285e-07,0.0,0.002618167966189153,0.0006606876027300179
p2_MRLQYTCEHPDIFV,3.935927512510593e-12,49.0173016566491,0.000135476354837864,3.0122928e-05,0.00039512003334765585,0.10161306522611525,0.025543446135666448
p2_N,1.4859614914227553e-48,231.926406335317,0.00010344687239293254,1.27803805e-05,0.0,0.05936902389272174,0.014871312786411137
p2_S,1.809232950860907e-262,1900.8085546273994,3.345729620037405e-06,7.1955265e-06,3.1508668330389326e-05,0.04166114568778463,0.010425798903046322
p3_E,1.8888298904239425e-61,302.44705220133955,0.00015686452018627445,2.4579365e-06,0.0,0.14274059924912744,0.03572498042645068
p3_G,6.269124312638948e-20,86.12287611843638,0.00016294402687987557,2.4875946e-05,0.000779284375973134,0.06704181945680582,0.017002230951442234
p3_GAP,0.028336827081494525,4.817508301031947,1.5306662522129252e-05,7.942216e-06,0.0,0.08408471374777264,0.021026990656609547
p3_KQHDSTRPVF,3.366364943866763e-14,58.73462399142076,3.7761488115871347e-06,1.4218301e-06,0.0,0.03385531426984476,0.008465128062194164
p4_GAP,4.671572045622627e-300,2336.8086152686697,3.848938268559366e-05,1.7892613e-05,0.0,0.06599175846004844,0.016512035113923323
p4_PHNMEAFGSVLQIWC,6.789491632025995e-08,29.44158195999216,1.2041761984878348e-05,2.1182987e-06,0.0,0.07514178272859211,0.01878898569730748
p4_T,9.610266392909222e-50,238.30206132125443,4.4577262802089894e-06,9.646519e-07,0.0,0.04540534520397025,0.011352691895541979
p4_Y,3.957176183995498e-46,219.00354391629833,1.363413706876136e-06,5.845265e-07,0.0,0.03201984284764104,0.00800544769696289
p5_E,7.147267392000245e-254,1808.4905674363026,1.3239031133271027e-05,1.0038555e-06,0.0,0.05149397944997059,0.012877055584140765
p5_GAP,0.0,2714.0849682322337,2.6481222812244815e-06,0.0,0.0,0.03544002368505845,0.008860667951834919
p6_G,3.766079681782287e-51,245.8773799752014,5.793098891833996e-07,2.1651455e-05,0.0,0.00868707396240135,0.00217732618170195
p6_GAP,1.1576899935356261e-30,139.07799994562373,5.597470182562636e-06,7.573759e-07,0.0,0.020251024332897577,0.005064344794748753
p6_L,0.00015047096401178442,14.44596306615537,1.9636079784525105e-06,3.4197694e-07,0.0,0.0305727185388858,0.007643756030951754
p7_E,3.407563147775993e-125,699.3955911562736,3.4168742648764244e-05,2.1148642e-06,0.0,0.005448181745047652,0.0013711163379674948
p7_GAP,5.549107332767525e-105,564.3010395070959,1.1977268236654201e-05,1.0286309e-05,0.0,0.02717035299853417,0.0067981541438625805
p7_I,0.0012450470812108963,10.465186560628121,5.3165309261558714e-06,6.2552647e-07,0.0,0.011855814651984677,0.0029654391773446974
p7_K,0.0688986333891816,3.3141975549890557,4.078564270657831e-06,3.2497492e-06,0.0,0.01134834309920771,0.002838917853162144
p7_P,2.650042229126997e-10,40.50986109691531,2.0697498072655116e-05,1.1132591e-06,0.0,0.05886160642545525,0.014720854295668304
p7_Q,4.76449955143414e-23,101.2960767772801,5.192757564573062e-06,2.9079483e-06,0.0,0.041943920806520436,0.010488005378103342
p7_SLHNFMAGTV,0.8586094908478873,0.03174723649479081,0.0,0.0,0.0,0.0,0.0
p8_E,4.328949912083354e-152,893.816914913018,0.00014551702415062972,1.1803992e-05,0.0,0.06282678502205676,0.015746026509447668
p8_F,0.004097679262538581,8.267448010989293,8.651127312032323e-06,1.3444702e-06,0.0,0.01727860184616051,0.004322149360919705
p8_HAKSGMT,4.119785422129795e-09,35.01207265386815,6.34872065558976e-06,5.4162942e-06,0.0,0.02234928536061219,0.005590262593877778
p8_N,4.37338831706407e-33,151.31675415454092,1.8934214239427463e-05,3.6564034e-06,0.0,0.015115026744190418,0.0037844043404451516
p8_Y,0.0024433482362098214,9.21623604004401,1.3997448791795613e-05,1.8609984e-07,0.0,0.07017063373816991,0.01754620432170031
p9_F,1.3903720478307092e-90,473.4486015434525,0.005478201080484333,9.29764e-06,0.0,0.020692361974523534,0.006544965173685829
p9_I,7.771694903593024e-60,293.45040420145915,5.234126346711866e-06,8.156028e-06,0.0,0.025619871397724366,0.00640831538810361
p10_HLV,5.454289886903652e-17,71.99129527449072,3.1515443742666126e-05,3.1911156e-06,0.0,0.12170899426126167,0.030435925205160683
p10_W,0.00061747541150793,11.776323925877179,1.533475622909679e-05,0.0,0.0,0.03400029299793629,0.008503906938541347
p10_Y,2.442309920519438e-37,173.05345058134813,0.00014769427492367746,1.1017546e-07,0.0,0.029640797029362412,0.007447150369937377
p11_L,0.0,3540.8907843808292,4.400591817294745e-06,3.7017696e-09,0.0,0.0427869787270497,0.01069784575515914
p11_T,2.2124612276497818e-80,411.6654704124245,5.290342204286091e-06,1.8225109e-06,2.3872586382356657e-05,0.017823915377605016,0.004463725204261251
p11_V,3.7440861284046714e-40,187.61489443373674,1.2672271660218812e-05,1.8861464e-06,0.0,0.045087298571635036,0.011275464247418474
p12_P,2.0180328713714308e-38,178.63930290919933,6.704511285672668e-07,0.0,0.0,0.014246980348690501,0.0035619126999547673
p12_Y,6.472932152234905e-70,350.4294342640099,2.09715724121847e-06,5.8096737e-07,0.0,0.08031908994538259,0.020080442017497615
p13_F,7.879094348156683e-10,38.32177761909379,9.426462718226068e-06,3.0149768e-05,0.0,0.003199025759678893,0.0008096504974876964
p13_I,2.0716230900734724e-06,22.719074317392796,1.193805502890583e-06,3.3904524e-07,0.0,0.013003991473673399,0.003251381081104931
p13_K,6.7403802208697555e-93,487.75992637801437,4.0630216536694685e-05,2.1837507e-06,7.55448328498209e-05,0.009201699591474722,0.002330014597881939
p13_L,0.005047974789248429,7.887273251700861,7.94491133668217e-06,6.7425094e-06,1.6583623853753616e-05,0.044411264654863204,0.011110633924866664
p13_M,2.6204656549693227e-17,73.51371640699371,2.931995800609237e-05,1.52170105e-05,0.0,0.07253756049842912,0.018145524366737272
p13_Q,1.086584426977788e-30,139.2164765532794,3.638853503565125e-06,6.1237813e-07,0.0,0.03892847023407476,0.009733180366427188
p13_T,1.1825487204908469e-99,530.1709404033157,1.0603469476002192e-05,1.10258525e-05,0.0,0.042359818201316964,0.010595361880816445
p13_V,0.008852795125971327,6.871665686334657,9.729389997730518e-07,2.2847208e-07,0.0,0.020159864254259335,0.005040266416333536
p14_P,3.45477528247488e-05,17.262015741042216,2.7951742858240047e-05,0.0,0.0,0.034693900831267076,0.008680463143531329
p14_S,4.467232525125924e-39,182.027606738285,9.630280185490526e-06,6.2017093e-06,0.0,0.07561645744320727,0.01890807235817605
p14_TALQIDHM,0.700934442392992,0.1475624573215086,0.0,0.0,0.0,0.0,0.0
p14_V,5.509481159798969e-05,16.365577026143754,1.6282396962037827e-05,1.5858406e-06,0.0,0.014356104802693042,0.003593493260051378
p15_GAP,0.0,3792.158138567587,0.0,0.0,0.0,0.09438857198290061,0.023597142995725153
p15_N,0.0,3985.7169202226655,5.954805135387756e-06,5.2045493e-06,0.0,0.04193531715405475,0.010486619127128744
p16_GAP,0.0,3792.158138567587,0.0,0.0,0.0,0.09438857198290061,0.023597142995725153
p16_K,1.447182697418321e-19,84.36731741345024,7.897096292907695e-06,5.2912055e-06,4.1028297482084736e-05,0.015873357282887836,0.003981893470547028
p16_N,2.1989811285814193e-25,112.77518478245378,1.026332333611773e-05,1.0839535e-05,0.0,0.09664681130412876,0.02416697854066802
p16_R,4.092707113073124e-08,30.444198950588003,3.692010520633598e-06,6.916562e-06,0.0,0.05144535216133605,0.012863990183499815
p16_S,4.339014786286757e-49,234.7892884853831,1.0921510237803236e-05,1.580746e-06,0.0,0.033692228913263365,0.008426182792379257
p16_T,0.06333922822044719,3.4532349023719453,3.0578611922448546e-06,6.777766e-07,0.0,0.09140762421197493,0.02285283996244117
p16_VHIQLYFP,0.4012598267870229,0.70497951566295,0.0,0.0,0.0,0.0,0.0
p17_N,0.0017699630568686993,9.811963062336226,2.3286856398708124e-05,1.0146273e-05,2.2289982573459885e-05,0.08213979849673156,0.020548880402143622
p17_SDAPKQ,0.0012439928672131647,10.466763317484904,4.239574656046886e-05,1.3229295e-05,5.252537032437452e-05,0.03366461702678716,0.00844319185974081
p17_T,0.0,3850.0444349003756,6.0323176960284794e-06,5.055859e-07,0.0,0.01293595782318836,0.0032356239316930525
p18_GAP,6.194202827563847e-38,176.1242984683937,6.704511285672668e-07,0.0,0.0,0.014246980348690501,0.0035619126999547673
p18_N,3.661607239184592e-08,30.664893086365527,0.0,0.023289308,0.0,0.008588526714192125,0.007969458666529827
p19_I,0.0011243538397945722,10.655109965212695,1.3437202241949979e-05,2.1475735e-06,0.0,0.05771508252320995,0.014432666824730073
p19_L,0.05957385312590213,3.5550195620078573,1.402888054619993e-05,4.56979e-06,0.0,0.03263071227929956,0.00816232773740653
p19_V,7.837513113474233e-23,100.2387850305781,1.4973392200359494e-05,1.1039322e-05,7.483234662883655e-05,0.039395064941019506,0.009873977500484512
p20_S,0.00012418522639060295,14.81163882828559,6.252482714955143e-06,0.0,0.0,0.0019866329103507712,0.0004982213482664316
p20_T,8.870818981747835e-05,15.453737289983073,7.255690583493969e-06,0.0,0.0,0.010575159624569352,0.0026456038287882115
p20_V,1.9635919378085156e-58,285.6736016009766,3.1517046470417965e-07,0.0,0.0,0.058055072916374684,0.014513847021709847
p21_L,7.019291891597887e-05,15.901522213902249,6.7180403392580086e-06,0.00015663961,0.0,0.053002294083343185,0.013291412933292076
p21_R,2.514116146e-315,2530.016805541095,1.543633758811504e-05,1.2394611e-06,0.0,0.014357368656620488,0.00359351111382337
p21_V,0.0,2973.9619398527607,6.15814172288274e-06,0.00023618237,0.0,0.03263692740189947,0.008219816978839714
p22_G,3.889064792998613e-39,182.33942243895075,1.6155431601861594e-05,5.382882e-05,0.0,0.011241709937762903,0.0028279235470002532
p22_S,6.377845483719429e-19,81.26089703663438,4.354883454611092e-05,2.4036532e-05,0.0,0.016461252761890307,0.004132209532012377
p24_W,5.129847867855322e-273,2017.7255751065377,1.562834427255678e-05,3.677795e-06,0.0,0.04447275554844646,0.011123015421903134
p24_Y,1.1682464489728622e-07,28.36847540389828,1.6251177078128776e-05,4.783273e-06,0.0,0.09172827488292253,0.022937327333299656
p25_E,1.368890354244438e-234,1610.7378324884276,2.9201815398153173e-05,1.21416115e-05,0.0,0.04928135062417378,0.012330673512762482
p25_L,2.4221624278157343e-07,26.929932360512645,2.352395191296549e-07,0.0,0.0,0.014040969659936375,0.003510301224863876
p26_G,8.038187852909424e-35,160.14867135283117,5.80182286505287e-06,9.492655e-06,0.0,0.034630158414615884,0.008661363223222333
p26_V,3.661607239184592e-08,30.664893086365527,0.0,0.023289308,0.0,0.008588526714192125,0.007969458666529827
p26_Y,1.558439282287063e-36,168.9150693000913,1.4511849292782362e-05,9.302459e-06,0.0,0.03797106169947936,0.009498719001980004
p27_TQSEANL,0.009472166174142416,6.750306597426007,2.9153235579900494e-05,1.9391791e-05,6.0879215732923554e-05,0.056016599265104765,0.01403150587692536
p28_Q,4.014810930569949e-108,584.7016471384712,1.953291066297905e-07,0.0,0.0,0.027744972352452844,0.006936291920389868
p29_H,0.045684153834234166,4.0003792120072,3.2348856312905008e-06,1.4257153e-06,0.0,0.058097299108158966,0.014525489927261138
p29_TFSVMI,0.0910514366996594,2.8596471268729657,0.0,0.0,0.0,0.0,0.0
p29_Y,0.0013810926097258336,10.272293027035623,4.78896201401306e-06,1.9138688e-06,0.0,0.07207699216229341,0.018020923748276938
p30_Y,2.1291606358135442e-46,220.4325170406337,1.520134854224181e-05,5.0686876e-06,0.0,0.11691377341440758,0.029233510862647968
p31_L,0.0019732798199905777,9.61071565321253,2.821512741547258e-05,1.2011591e-06,0.01730609072209663,0.004886593150073124,0.005555525039666245
p31_M,1.0547005758682248e-07,28.570495144243623,7.498342665858763e-06,4.5155016e-06,0.0,0.02543117611903671,0.006360797490822359
p32_G,1.229090877267591e-09,37.43066389964841,2.925193542424871e-05,7.0024034e-06,0.0002433740235782223,0.10698558129392982,0.026816302414092014
p32_V,7.135376009516076e-15,61.92075842947511,9.207261066103189e-06,1.3578368e-06,0.0,0.011642190492357561,0.00291318889756155
p33_E,1.9272051817164372e-19,83.76676247376886,7.520849576870237e-06,4.37306e-06,8.56386938863518e-06,0.06425681074836602,0.016069317131874046
p33_HGAKTYI,0.05900374249568992,3.5710262409197466,2.6365214970570644e-05,7.3826222e-06,0.0,0.0015841492310731846,0.000404474267071767
p33_N,0.08177613803562206,3.033635566919078,0.00012764313066586703,7.196908e-05,0.0,0.0007574785200584901,0.0002392726826127996
p33_P,4.416079804806523e-37,171.72960293747764,1.3821483365358174e-06,0.0,0.0,0.05862522304767104,0.014656651299001894
p33_S,0.3811641523960043,0.7674312160032323,0.0,0.0,0.0,0.0,0.0
p34_M,1.2202557365803873e-31,144.0015147120566,2.2998657174861776e-05,1.2628681e-05,0.0,0.03588642221136314,0.008980512387474774
p34_P,7.74829119173546e-39,180.78930284877987,1.0305079128535205e-05,2.0423173e-05,0.0,0.00765407766284081,0.0019212014786992304
p34_QATLIH,8.996255394159233e-14,56.720813484331956,0.0001279277812943557,0.000113003945,0.0,0.013288866276999801,0.003382449500934484
p34_R,9.793047219642283e-104,556.261571381952,7.120047775724443e-06,5.8802318e-08,0.0,0.023513835075113277,0.005880253481301671
p34_S,0.003834747081215548,8.388651740512008,2.4261116794875116e-05,1.7648565e-06,8.475156345301018e-05,0.0593112558308439,0.014855508341899514
p34_V,1.661071435240723e-108,587.2059713139303,7.681245575464898e-06,0.00016299936,0.0,0.02065990025977434,0.00520764521732879
p35_G,2.563168489556968e-06,22.30344092058749,4.073911035008797e-06,6.4440417e-07,9.207469162081522e-05,0.020587283310965106,0.005171019079447073
p35_I,8.123495135984846e-09,33.658009555915974,3.0794225965371188e-06,4.20155e-06,0.0,0.09251503959571535,0.02313058014205985
p35_SMVTFELRY,0.9438840563723636,0.004956399634768728,0.0,0.0,0.0,0.0,0.0
p35_W,0.000147273340050905,14.486844949699726,1.2561874162210392e-05,2.131342e-05,0.0,0.0023235512184779116,0.0005893566283606483
p36_I,0.7337503721754679,0.11574228669167491,0.0,0.0,0.0,0.0,0.0
p36_K,1.1925725992322637e-06,23.79892971750622,4.621584878894562e-06,1.4145104e-06,0.0,0.015603738577922696,0.003902443668298713
p36_LTFGWSCEH,0.11556946046045805,2.479457075710425,0.0,0.0,0.0,0.0,0.0
p36_M,6.728639129829756e-06,20.424651859065452,1.5456830761936585e-05,2.0129031e-05,0.0,0.0703123333317913,0.01758697979847008
p36_Q,1.2405524129030283e-11,46.689077376105146,9.102754907177317e-06,1.8545878e-06,0.0,0.052044879327745715,0.013013959167618718
p36_V,1.0213544766102858e-76,389.98223583595296,3.759908390745417e-05,3.040791e-05,0.0,0.13735868107582794,0.03435667201729257
p37_Y,7.549350958276087e-150,876.9429618145232,4.64997084468584e-05,3.0175648e-05,0.0010192491669291754,0.04053479408095954,0.010407679651117618
p38_H,0.9366627078981148,0.006316983126593017,0.0,0.0,0.0,0.0,0.0
p38_K,5.4355626884037875e-09,34.459002653274126,1.5799680689174547e-05,1.0238125e-06,0.0,0.027896455796698076,0.006978319822472174
p38_M,4.8007921563320104e-05,16.629750392736483,1.1409487449331247e-07,0.0,0.0,0.05681563168547333,0.014203936445086955
p38_N,1.443034082968683e-33,153.76171414117906,1.981757812083414e-06,1.737409e-07,0.0,0.020167625457216024,0.005042445238982221
p38_R,5.930474817908211e-17,71.81758773897107,0.0003130106245785066,9.599369e-07,0.00027847185973020095,0.009687014695971769,0.002569864279287506
p38_S,2.23651370286233e-15,64.30964147533076,6.694755661504539e-05,5.414247e-06,0.0,0.03196435317635852,0.00800917874498608
p38_Y,1.9006925490385867e-93,491.1756743877582,0.00010397415603129298,4.692895e-06,0.0,0.00953545159868333,0.002411029662401273
p39_G,0.00013897343328737476,14.5972851729893,3.6293428407306228e-06,4.122744e-07,0.0,0.028989470622821742,0.007248378060016383
p39_I,1.3584591136644186e-08,32.63436981912971,1.4619177000490802e-05,5.039961e-06,0.0,0.02022178734164007,0.005060361619859427
p39_L,2.8793798411563796e-28,127.07872274680338,0.00018953885901849094,5.0610925e-06,0.00011562543470768777,0.06674237438719557,0.016763149943343388
p39_M,7.504946079469099e-09,33.815818962705315,5.378901847982467e-06,2.3328087e-06,0.0,0.026063893356210323,0.006517901266680248
p39_SCFT,7.72309716746268e-05,15.7186589169653,8.504770979604332e-06,7.3496444e-06,4.8161443022306915e-06,0.13324738191922142,0.03331701311973086
p39_V,8.318053844730411e-09,33.610856471430374,2.7361419073405197e-05,4.1525536e-06,0.0,0.044610538518985055,0.011160513122921854
p40_L,4.964821563808686e-50,239.84361040593947,4.95193839280792e-06,3.2006883e-06,0.0,0.02165353467857844,0.005415421826317189
p40_M,1.0592898226115833e-07,28.5619151599138,1.488199225031265e-05,0.0,0.0,0.012378307888956943,0.003098297470301814
p40_Q,0.0,3994.1793812950473,0.0,0.0,0.0,0.09438857198290061,0.023597142995725153
p40_T,3.7783335670541504e-78,398.42369479937815,1.298097441693996e-06,0.0,0.0,0.05744518851799198,0.014361621653858419
p40_V,0.004828053066697407,7.9683361394410825,5.470158862843274e-06,8.2963e-08,0.0,0.002018839318901088,0.000506098110190545
p41_C,0.003959126034611021,8.330295180000043,6.156004752669311e-07,2.8014977e-08,0.0,0.04347237720941418,0.010868255206216614
p41_G,3.998146796640458e-06,21.436876716046978,1.0036364686379987e-05,6.933205e-06,0.0,0.014212371804940036,0.0035573353436531355
p41_S,7.229603451587681e-45,212.3228654725047,2.0041438571319818e-05,0.00019933286,0.0002246490305559967,0.04746052386016594,0.011976136797921798
p41_T,1.2881043893636768e-11,46.61289207981609,0.00011881932100218177,8.266153e-06,0.0,0.0485484071540755,0.012168873156942005
p42_C,9.675561735052434e-05,15.287840617588396,1.5906396955117766e-05,1.1307464e-05,6.148058564077898e-05,0.060247350139738864,0.01508401114654989
p42_F,2.1365343940368318e-08,31.73416882027913,1.2695774320558923e-05,1.0966756e-05,1.6846771605614575e-05,0.03365324987781867,0.008423439794995104
p42_I,4.576637614067707e-13,53.39684691555364,2.7145274676785415e-05,2.7937465e-06,1.164026047212859e-05,0.15890922565642931,0.03973770123451687
p42_L,1.5623942936404834e-11,46.221994436020594,0.00010637003706723943,4.3248216e-05,0.0,0.04528889135851597,0.01135962740281109
p42_V,1.610727717275988e-25,113.4426358166734,3.6146559392867716e-05,9.490651e-06,0.0,0.02916927510728899,0.007303728079390982
p43_W,8.809523640443546e-109,589.0076360304188,1.953291066297905e-07,0.0,0.0,0.027744972352452844,0.006936291920389868
p43_Y,2.1841310714079635e-54,263.44276585641387,2.909049934797217e-05,2.2671562e-08,0.0,0.016760195665102336,0.004197327209003178
p44_M,0.005676161125301029,7.674181314481398,1.374776442244234e-05,9.063603e-06,3.897972193548813e-05,0.06783265316380581,0.01697361106331639
p45_G,0.0,3657.2475331434453,0.0008067220061219964,3.7274296e-07,0.0,0.03542327113401015,0.00905759147077305
p45_I,3.031505569473429e-66,329.4564115963698,1.948167767284202e-06,8.0485944e-07,0.0,0.029559683915502816,0.00739060923567741
p45_L,0.10959835443299933,2.5632823919682526,0.0,0.0,0.0,0.0,0.0
p45_V,7.358165469822325e-11,43.09054291146372,1.56792201594571e-06,4.6145738e-06,4.471702821314504e-06,0.04738555279853504,0.01184905174928163
p46_I,0.001919398731173802,9.661922720848416,3.218365585512956e-05,2.9032797e-06,2.7188181411368418e-05,0.051081133503527075,0.012785852155114562
p46_L,3.3248268015243753e-06,21.796103045706296,0.00010932786809051774,7.6301085e-06,0.0,0.036948598950080416,0.00926638923166388
p46_M,0.8250222933054993,0.04889925693896358,0.0,0.0,0.0,0.0,0.0
p46_T,1.818113157629374e-21,93.57991364325818,6.214539550874417e-05,9.12875e-06,0.0,0.020437499858397396,0.005127193501028362
p46_VCASH,0.6353750877797408,0.2249409921691015,0.0,0.0,0.0,0.0,0.0
p47_L,7.782326609647988e-43,201.6239943140421,7.858752896532298e-06,0.0016310579,0.0,0.017626595785598876,0.004816378119031232
p47_V,2.3302967750407698e-39,183.4922429206463,0.0012889433997470767,1.3907119e-06,0.0,0.08977049629992688,0.022765207602886684
p48_I,2.8515814548423244e-51,246.52954510018972,1.92453716378587e-06,1.780679e-05,0.0,0.017006766393244558,0.004256624429952391
p48_V,5.123329644559287e-100,532.4785295125406,1.1251529546333124e-05,2.588798e-06,0.0,0.004338665135364155,0.0010881263657269483
p49_F,2.156489673353528e-133,756.8333113681765,0.0003163842401610276,3.6811773e-06,0.00012959227530832953,0.1387366495194845,0.03479657680306454
p49_I,4.0980461869615496e-23,101.61632899218782,2.6664725537552164e-05,1.0098046e-06,0.0,0.0067015508395244444,0.0016823063424099326
p49_L,0.6018261806702019,0.2723749166993407,0.0,0.0,0.0,0.0,0.0
p49_M,3.1015185255998095e-06,21.93161737189056,5.02376191239166e-06,7.75022e-07,3.071011505138106e-05,0.027746466552286447,0.006945743862809535
p49_TASG,2.0061501457179774e-07,27.301346018403617,3.0540770027047e-05,1.4139099e-06,0.0,0.006088460083199634,0.0015301036907815163
p49_V,0.9632551090553604,0.002123134188132141,0.0,0.0,0.0,0.0,0.0
p50_F,0.3906650989556022,0.7373311227640901,0.0,0.0,0.0,0.0,0.0
p50_I,9.518862566720677e-06,19.751581924005748,4.4671732350415276e-05,4.5360052e-06,1.1079775493973853e-05,0.03120402333771579,0.007816077712698901
p50_L,2.308426358984978e-17,73.7772312395371,4.630383663349921e-05,5.178705e-06,0.0,0.012506331693711122,0.003139453558867005
p50_T,1.0070870184719802e-11,47.111479886227826,2.8235344286210303e-05,9.332274e-06,0.0,0.06052203696403772,0.01513990114563178
p50_V,6.059674003150138e-106,570.5259710441293,8.611126572464773e-05,5.330821e-05,0.0,0.034000644208461224,0.008535015920875728
p51_S,1.1542967145440402e-109,594.7921988940755,1.953291066297905e-07,0.0,0.0,0.027744972352452844,0.006936291920389868
p52_IAMGCN,0.17632181588470258,1.8302165481315613,0.0,0.0,0.0,0.0,0.0
p52_L,0.0014862693133075287,10.13593890371848,9.565398469062441e-06,1.5886953e-05,0.0,0.0033653585026137273,0.0008477027136222355
p52_T,1.520102109678516e-188,1186.6003339944466,0.00014948080108912273,1.2367758e-05,0.00022212591680959086,0.24168361220211027,0.060516896669563516
p52_V,9.120458591976599e-73,366.898881476781,1.687969736912625e-05,3.1539453e-06,0.0,0.05378525788396648,0.013451322881651916
p53_P,2.9406030059718376e-58,284.7037022015466,2.3481793840422627e-06,2.9210747e-09,0.0,0.009578227194313588,0.002395144573693086
p53_SAGIVTLC,2.853034767540094e-06,22.094444833856308,5.1651866040575485e-06,1.9269042e-05,0.0,0.1248018781799726,0.031206578102204393
p54_L,0.0,3407.969413691296,1.9060645689564188e-05,4.1943935e-05,0.0,0.05601236824799386,0.014018343207114654
p54_T,2.2464939923818134e-107,579.8244483707667,1.953291066297905e-07,0.0,0.0,0.027744972352452844,0.006936291920389868
p54_V,2.7417829471387187e-05,17.707012047926728,1.3365839612059862e-05,1.1601491e-05,0.0,0.01689206381548777,0.004229257786467195
p56_F,1.4760438866893678e-19,84.32590838998354,5.625139525004004e-05,3.4577984e-05,0.0,0.01814975221449595,0.004560145398556312
p56_G,1.7090805319988284e-118,653.6022308177796,3.494306227556808e-06,9.662033e-07,0.0,0.0247245862600314,0.00618226169238675
p56_I,0.07933149984283472,3.0830625690553757,1.1671198079863935e-05,2.764255e-06,9.588673611575208e-06,0.10039932945696035,0.02510583839590962
p56_LTSW,0.19001306510158247,1.7191952587368622,0.0,0.0,0.0,0.0,0.0
p56_V,0.0003600158228235367,12.792103370974912,0.00011186491723442806,2.7613244e-06,0.0,0.035870677208922105,0.00899632586263098
p57_L,0.0,2750.1414913556523,4.04511932455785e-05,3.290407e-05,3.613623988131573e-05,0.06321481772343009,0.01583107730673789
p57_MVTP,7.151459998613375e-15,61.91612726858382,6.304517671919184e-05,7.2150497e-06,0.0,0.005825115425408544,0.001473843912947809
p58_V,2.057153464813913e-32,147.90938566825466,3.803591775422e-07,0.0,0.0,0.07435797137642737,0.01858958793390123
p59_L,1.4747398665306937e-06,23.383336794029564,7.249990119516709e-05,7.943957e-06,0.00012544878865758548,0.08670476407928518,0.02172766418151355
p60_F,0.18134055565568652,1.788394302370677,0.0,0.0,0.0,0.0,0.0
p60_I,1.6326134172686787e-58,286.1171295817775,6.278553568333126e-05,7.990546e-07,3.117904836263498e-05,0.03197397512519331,0.00801718469095722
p60_L,0.09958248706536936,2.7158401034045405,0.0,0.0,0.0,0.0,0.0
p60_V,5.3977293912293295e-24,105.93224838891386,9.729478055754199e-05,5.728635e-06,0.0,0.07281566330745524,0.018229671680800086
p60_Y,1.433403756750493e-31,143.64865690512852,3.761025767884675e-06,1.2906834e-05,1.2911789215401184e-05,0.06368946432411646,0.015929760993261117
p61_C,8.890272449554646e-08,28.908288514784047,1.2169733089917504e-05,0.0,0.0,0.010661347468049916,0.0026683793002849586
p61_V,0.0026662293904451385,9.055457010664485,0.00016825289304575226,0.00034406382,0.0,0.06115602570549444,0.01541708560582034
p63_F,0.22897995037012697,1.448460300669292,0.0,0.0,0.0,0.0,0.0
p63_I,0.11332471035894562,2.5103974433366614,0.0,0.0,0.0,0.0,0.0
p63_L,2.5918742578985656e-80,411.2562707555886,7.503406656373223e-06,6.004586e-06,8.423988603716334e-06,0.04973543503822244,0.01243934175484176
p63_M,8.332895654918448e-43,201.46823870869895,2.1202128204749905e-05,0.00010465878,0.0,0.04276243735935545,0.010722074566535608
p63_V,1.6536454042793448e-06,23.15942543280696,0.00020288075634018602,2.8561071e-05,0.0,0.049652956169954396,0.012471099499399535
p64_H,2.0178220990313487e-31,142.89942904368635,6.700842581395101e-05,3.148553e-06,0.0,0.043784050212741336,0.01096355179791516
p64_K,0.8940485829799352,0.017744225989450354,0.0,0.0,0.0,0.0,0.0
p64_Q,6.777401984253817e-12,47.914410692954014,1.4075032891069207e-05,1.7393113e-06,0.0,0.01897756403555889,0.0047483445949377924
p64_R,7.275662239121813e-35,160.36961491675052,2.2951496803182466e-05,7.950644e-06,0.0,0.10818572036008334,0.027054155625329337
p64_T,0.00012459032834487592,14.805431224449038,6.642263300037667e-08,9.74066e-08,0.0,0.03262434778881676,0.008156127904512025
p65_H,4.932004576878481e-36,166.3483882498351,6.078535895117758e-06,3.8404423e-08,6.273137045533104e-05,0.032485470290614396,0.0081385796503469
p65_N,2.2879574766492244e-07,27.042252232087286,1.8065966635147042e-05,0.0,0.0,0.0074403068497279215,0.0018645932040907672
p65_Y,0.0,4584.3280185492695,0.020824028889297696,0.010455674,0.06551990039466718,0.03376063785868437,0.03264006017578735
p69_R,9.072845743940092e-06,19.844618340239883,4.090766252804003e-06,2.4024721e-05,0.0,0.03395053671410312,0.008494663050317704
p70_Q,1.8775009187009362e-149,873.9774043560619,0.0006311029906448799,0.0010688524,0.0,0.041840785892151754,0.01088518531474736
p70_S,1.1949844023757306e-07,28.32377418734509,0.0001329928550604264,0.0,0.0,0.01780564962516249,0.0044846606200557295
p70_T,9.532564094154752e-29,129.47512555353234,1.7879100113205994e-05,4.7005554e-07,0.0,0.03472771689091188,0.008686516511641117
p71_P,3.6616072391863876e-08,30.664893086364575,0.0,0.023289308,0.0,0.008588526714192125,0.007969458666529827
p74_W,1.6860564555957152e-109,593.712462638831,1.953291066297905e-07,0.0,0.0,0.027744972352452844,0.006936291920389868
p74_Y,8.465971077679194e-101,537.4547288684879,6.6509045752219534e-06,0.0,0.0,0.0015317892713186362,0.00038461004397346454
p77_V,9.339006286592387e-30,134.52457552614217,2.8789402860696298e-05,0.00034874075,3.1121216221872034e-05,0.040172900889800196,0.010145388065242667
p79_L,0.0,4031.7786188423124,0.0036946889666008577,0.0,0.017754634239787074,0.09520264752074617,0.029162992681783524
p79_V,3.6325127649982613e-94,495.6504413365945,5.006723601653663e-05,3.3858287e-05,0.0,0.04520199282331223,0.011321479586524647
p80_S,0.0,3322.66647233953,1.8158642779923832e-05,2.0244722e-06,0.0,0.10690249942229994,0.026730670634325878
p81_I,1.1515942881719055e-16,70.44127696919757,9.534536633070087e-06,4.005131e-06,0.0,0.02260697419704919,0.0056551284661466306
p81_L,9.959502148637956e-175,1071.4518929820536,8.451590489819846e-05,4.4054977e-06,0.0,0.01584006636697197,0.003982246942404527
p81_V,1.7121871049175764e-113,620.0823233011657,4.435934435859772e-05,1.5248598e-07,0.0,0.004377524025184907,0.00110550896388117
p82_G,2.834221895169592e-174,1067.7553212905052,4.026556849960512e-05,1.5537646e-06,0.0,0.08859799133045171,0.022159952665889073
p82_S,6.1564633574243e-19,81.33479559049222,1.9779808023918132e-05,1.2874929e-06,0.0001245437186269249,0.04809775607214017,0.012060841772913833
p83_G,1.2013683741792347e-183,1145.176437702114,1.7382150744053762e-05,2.3258037e-06,0.0,0.02696589199110376,0.0067463999863955765
p83_N,0.24399206984344313,1.3585309250780202,0.0,0.0,0.0,0.0,0.0
p84_L,1.2007699240668098e-239,1661.3844025594078,7.005369214669132e-05,7.903287e-06,0.0,0.003594660713846921,0.000918154423258828
p84_THSMICAYWV,0.7590107547796897,0.09415105266811691,0.0,0.0,0.0,0.0,0.0
p85_F,1.9780769332106517e-31,142.94300399260834,5.892172210873951e-06,5.357867e-06,0.0,0.023702682343136054,0.005928483095571594
p85_G,1.1027642314879685e-33,154.35534009386387,2.261442486865775e-06,0.0,4.113931173794463e-05,0.03351549683271561,0.008389724396735106
p85_I,0.0012896811973435506,10.399640975998514,0.00023480895589926025,3.912686e-06,4.285323440067677e-05,0.01565090872701527,0.003983120900885
p85_L,9.384381963015166e-188,1179.8686979521663,2.2630534091599826e-05,3.8064866e-06,1.0117926013952182e-05,0.03373212761773571,0.008442170641104023
p85_VWMCT,1.0885858169022587e-06,23.977584321931676,2.215102024939894e-05,2.6076293e-06,0.00010525518563511116,0.11516666971238662,0.028824170886895904
p86_F,8.976354685060931e-200,1284.1457172619641,0.024727990026095943,0.0005295496,0.030517056983174844,1.0,0.26394364915443586
p86_L,2.217902972251233e-25,112.75681944246203,0.0006519101760235997,8.0297716e-05,0.0013857288143833977,0.033100159422291324,0.008804524032077751
p86_M,2.0766270775508497e-45,215.18786960075818,2.846774451345621e-05,8.24583e-06,2.3670562591315346e-05,0.19978395425282486,0.04996108459749021
p86_SYCATR,4.1672097775870865e-21,91.82893635374202,0.0008997153772305279,7.304167e-05,0.0033622977543487373,0.6882678989425842,0.1731507384366145
p86_V,3.1606476967990594e-08,30.95673391597326,0.0,0.023289308,0.0,0.008588526714192125,0.007969458666529827
p87_C,5.601834289364954e-178,1098.06494728383,6.421572936709287e-05,1.4471053e-05,0.0,0.04257371360290209,0.010663100096308277
p87_IDM,0.015247666202779635,5.902225894277411,1.246568160639737e-05,1.04158616e-07,0.0,0.041290792809124816,0.010325840662336792
p87_S,1.1559265047869654e-05,19.3753137445335,1.3917919387839247e-06,2.8763944e-07,0.0,0.011796704989974635,0.002949596105337755
p87_T,1.6860564555957152e-109,593.712462638831,1.953291066297905e-07,0.0,0.0,0.027744972352452844,0.006936291920389868
p87_V,3.1769018869038237e-21,92.4014753148306,5.567210257824489e-05,0.00024331753,0.0,0.07209717455337353,0.018099041045242677
p88_C,0.006843779437628709,7.3354206296769116,1.5604732117181212e-05,1.3208692e-05,0.0,0.0351446155273901,0.008793357237776387
p88_F,7.147747388823369e-22,95.55360288899325,8.424513064984745e-06,3.6357804e-07,0.0,0.045403691514987084,0.011353119901522714
p88_I,9.871211617394665e-129,723.9907162421193,1.5773488506516224e-05,2.0217008e-06,0.0,0.08955705737483591,0.02239371314102708
p88_L,7.2326285234429165e-09,33.88947704554404,2.5634207782754234e-05,1.783861e-05,7.111730251871404e-05,0.053044782150197874,0.013289843067825297
p88_SMG,6.042569428147157e-05,16.188517500269406,1.9240339426451635e-05,4.823806e-06,0.0,0.003488835841952017,0.0008782249968930169
p88_T,1.683682312916089e-19,84.04994095122561,8.859628210097783e-07,3.0208966e-07,1.7835831828849424e-05,0.046115373326320645,0.011533599302657615
p88_V,2.5328347709135235e-35,162.7107917078423,2.233907432624856e-05,2.6135147e-06,0.00022755845014552032,0.028534902286229,0.007196853331338366
p89_G,4.0880756441985205e-28,126.31976450584152,1.0493022680565276e-06,1.3664141e-08,0.0,0.025990524716313038,0.006497896920680506
p89_I,2.7378893828820117e-67,335.3968337869746,1.5800659362074988e-05,1.8749807e-06,0.0,0.08168506220867854,0.020425684462195042
p89_LCMTA,0.7834747618943381,0.07554075961128362,0.0,0.0,0.0,0.0,0.0
p89_V,0.0005542717334835956,11.979174362632008,1.2318239759508485e-06,8.660079e-07,0.0,0.10564157017722245,0.02641091700227328
p90_G,2.640668449121704e-26,117.32604665022849,0.0011424492932294618,8.276693e-05,0.0016710199684184474,0.3563099644411472,0.08980155015775987
p90_S,5.059381175078364e-302,2361.1331294889164,0.0013011113120541267,3.1977377e-06,0.00024398002623503005,0.27872418689608,0.07006811899300962
p91_I,1.6032271080325203e-18,79.33432793156902,7.792607214080697e-05,4.0251443e-06,6.700932355548443e-05,0.16145385609896698,0.04040070415974961
p91_S,1.3919836722016357e-49,237.4379829731224,5.884759650810429e-05,2.5234975e-05,0.0,0.018194528500199248,0.00456965276782699
p91_V,3.854e-321,2606.197364944673,7.50351480026932e-05,2.0376494e-06,0.0,0.1188859440639917,0.029740754215358003
p92_S,1.478127650751029e-23,103.78567328566432,7.01644647466955e-06,1.6833361e-06,0.0,0.07437588186557788,0.01859614541204032
p92_T,0.0,4099.076937188144,6.325890493788805e-06,5.487507e-07,0.0,0.03617784432030185,0.009046179740368135
p93_P,7.322714630776226e-39,180.91628127085605,0.000654267407924882,1.3421356e-05,0.0001039694012152236,0.13708902285748537,0.03446517025566034
p93_QLNAFS,3.9951464206398806e-16,67.86591758191415,0.0003370354373027342,0.00010226248,0.00010380853659933812,0.18894758700064312,0.047372673363216745
p93_T,1.7105610754041206e-18,79.19900090968261,0.0040461277554266015,0.0001644684,0.00408476402229628,0.45686536144225576,0.11629018040358455
p93_V,0.30908284692128446,1.0353478867157273,0.0,0.0,0.0,0.0,0.0
p94_S,3.31781473299906e-92,483.4683564314097,4.4268154186055407e-05,1.118496e-05,5.332485510296998e-06,0.07005080052001789,0.017527896530024917
p94_T,4.932267299077851e-53,256.0723597616009,0.0003133141227134882,6.102408e-05,0.0001856658292341574,0.17719529022755715,0.04443882356452733
p94_V,0.0,4133.727513541821,0.0,0.0,0.0,0.09438857198290061,0.023597142995725153
p95_I,2.3846174750587632e-20,88.15439906056409,0.0001573332498913008,1.17760555e-05,5.95126722120201e-05,0.09169880451000821,0.02298185662191389
p95_L,1.525352252107698e-11,46.270570165640144,1.0675482646561593e-05,1.0582731e-06,0.0,0.06390595822200414,0.015979422994448177
p95_M,2.799179129172419e-10,40.39977270584255,1.36281945169751e-05,1.2401333e-06,0.0,0.05368862632979697,0.013425873664407274
p95_V,1.5500787005379181e-86,448.68634800392607,1.5156234357789197e-05,1.076847e-05,0.0,0.0972295909591038,0.024313878915870318
p96_I,1.3030069802582525e-64,320.2066627559399,2.910973870912461e-05,5.4136177e-07,0.0,0.015140557843516398,0.0037925522359992334
p96_LFNWAMSG,2.9212314266214363e-06,22.048379504492996,9.587876702724672e-06,7.3520687e-06,0.0,0.00013704666566599917,3.849665276175629e-05
p96_T,1.9429649159776432e-11,45.780786037332355,0.0019343335128243176,0.00059125875,0.00181497421669115,0.14897140906125453,0.03832799388549961
p96_V,0.19384151596006957,1.689808980711878,0.0,0.0,0.0,0.0,0.0
p96_Y,4.903910217000842e-20,86.63875427103244,2.552301587636857e-05,1.4736949e-07,2.5361803230159302e-05,0.14298710930493613,0.035759535373383375
p97_N,7.867584466539655e-105,563.3215288466907,1.061660046596053e-06,0.0,0.00010589144112336993,0.11521671538284581,0.028830917121003944
p97_S,1.0698061691695483e-23,104.47419287539275,0.00020940553390700513,2.1356938e-05,0.00014130989126617834,0.028742401322423314,0.007278618421475365
p97_T,2.5635389271905575e-25,112.4464248028669,0.0004647766360756183,3.3506254e-05,6.692990462513969e-05,0.2740112981197894,0.0686441277286507
p98_CNTD,0.37736361574471844,0.7797714966688467,0.0,0.0,0.0,0.0,0.0
p98_F,1.8288165942859268e-08,32.043181987984546,0.0,0.0,0.0,0.02281448779099483,0.0057036219477487075
p98_Q,1.6860564555957152e-109,593.712462638831,1.953291066297905e-07,0.0,0.0,0.027744972352452844,0.006936291920389868
p98_S,2.1441194462014662e-61,302.1394188374349,3.3617539213030814e-05,3.468374e-06,0.0,0.07687929824726866,0.019229096040110766
p99_C,6.253569961907281e-109,589.9818039639557,2.1315283622338897e-05,4.229626e-07,0.0,0.043660820795306435,0.010920639760378655
p99_F,2.1010123906108416e-13,54.98629903947606,1.6074169607238233e-05,2.6885918e-06,5.231062009569268e-05,0.05130761828938443,0.012844672917734019
p99_I,3.272134358924518e-27,121.82443754342003,1.679336623448475e-05,7.5413864e-06,0.0,0.05121295467645118,0.01280932235726315
p99_L,3.725787754849894e-07,26.082181822511508,3.374567214193309e-05,9.711362e-06,3.140400786482741e-05,0.026263526110669705,0.0065845967880689485
p99_M,2.084619008889053e-08,31.78303750228608,1.0058912973132633e-05,8.845931e-07,0.0,0.04373064977663768,0.010935398320672179
p99_S,3.2719294698753706e-68,340.662655143222,6.215120685559885e-05,1.3986272e-06,0.0,0.015411464089138746,0.003868753480799877
p99_V,1.3326704771829032e-37,174.4085817836808,3.9810892742201534e-05,1.4516136e-06,1.3823999825890943e-05,0.009327837649335733,0.0023457310388686264
p99_W,0.01887628387024998,5.525869033108052,5.777767350381586e-07,3.4988025e-05,0.0,0.044994402353801685,0.011257492038811327
p100_H,0.029066154571476866,4.773575283505403,0.0001502257537882361,8.857021e-06,0.0,0.03874243877416514,0.009725380387334533
p100_KVMATC,8.034127065598121e-05,15.643136680974386,3.1148891534334e-05,5.3318803e-07,0.0005871549480490476,0.04001142795124734,0.01015756624471489
p100_N,7.378550195608988e-08,29.27693936828234,0.0001827868211142769,4.2006137e-05,0.00031886328902254175,0.09187777019832487,0.02310535661134963
p100_Q,1.0625371631851021e-83,431.53278041102357,2.158435831668051e-05,1.3000566e-06,0.0,0.012217906618801339,0.0030601977584355376
p100_R,7.192332256508961e-28,125.097333950727,9.061789417216344e-07,1.3207563e-06,2.0628728317946645e-05,0.13353542019439152,0.03338956896448
p100_S,1.753515978074578e-15,64.81128027211898,5.4491114831402203e-05,1.1162664e-05,7.478304350508085e-05,0.05729564564413929,0.014359020616649648
p100_Y,1.6725167922748784e-34,158.52543702022987,0.0002623310793544813,9.409215e-05,0.0013369664911689215,0.027045508152399166,0.0071847244689110705
p101_KA,0.12465369273123683,2.3607009042681515,0.0,0.0,0.0,0.0,0.0
p101_M,0.026677045554527913,4.922044911260076,1.7001951762865992e-07,0.0,0.0,0.03126842750921612,0.007817149382183438
p101_R,0.00023051209400406152,13.635705740896599,1.8749287587328425e-06,1.4669175e-07,0.0,0.009020907971194756,0.0022557323979250595
p103_MYW,3.690240691045771e-13,53.8360868181142,2.7159068454560595e-05,6.810302e-07,4.0247545065285695e-05,0.08257362227629395,0.02066042748000373
p104_F,3.985594885899761e-25,111.5010680332387,1.4200875351777543e-05,4.908216e-07,0.0,0.037031467374070155,0.009261539767756878
p104_I,3.128073506734894e-11,44.81775011681223,9.796537637899084e-05,1.1855329e-06,0.0,0.039018476135775686,0.009779406761273068
p104_L,2.2186564029621983e-31,142.6916158465435,6.757530493754589e-05,8.8648005e-07,0.0,0.051728090605040064,0.01294913809750741
p104_V,5.712033329822275e-05,16.296347868223897,5.5467098839255204e-05,2.3172395e-05,0.0,0.04932264179323659,0.012350320321826732
p105_L,6.352109575172613e-81,414.8950405788891,3.5857601235867915e-05,9.3925456e-07,0.0,0.01720442979898152,0.004310306663694878
p107_H,1.6223343169752133e-74,377.0851909472605,0.00434795690304724,5.1927163e-05,0.0,0.047841343932562626,0.013060306999762534
p107_K,1.3371922082599125e-23,103.99903667381915,9.560407980538067e-06,7.81481e-07,0.0,0.08556940269982283,0.021394936147198822
p107_P,3.9912904646004655e-12,48.98893798551072,2.534173383291941e-05,6.1966102e-06,0.0,0.048720278367346846,0.012187954177852286
p107_R,3.117687581930312e-88,459.02559184518753,2.017886405779876e-05,8.6032736e-07,0.0,0.036059315127830574,0.009020088579812431
p107_TSYEQI,0.10284153546301211,2.6644204153438094,0.0,0.0,0.0,0.0,0.0
p107_V,0.0010441722568303381,10.793073206496034,3.362186149157472e-07,1.62075e-07,0.0,0.011260115785179076,0.0028151535196977427
p108_I,0.009672477728222875,6.7127934788662635,0.0003068986638883535,5.9062793e-05,0.0002926974802809204,0.002286155992750822,0.0007362037325545055
p108_L,0.004486215575098501,8.10213186686363,0.00024316588056198484,0.00073082495,0.0003639850019356686,0.06965233409028919,0.017747577480152422
p108_P,1.6860564555957152e-109,593.712462638831,1.953291066297905e-07,0.0,0.0,0.027744972352452844,0.006936291920389868
p108_T,0.02203780757986441,5.254581706876666,8.02921408291015e-05,4.226979e-06,8.2058304040981e-05,0.0638913703316509,0.016014486938866406
p108_VAMYFDRQSN,0.02861489609394172,4.800620528029376,2.001015246318391e-05,4.185791e-06,0.0,0.05356360964151961,0.013396951396273907
p109_F,6.417699330260908e-08,29.55304983236364,2.0080141078337307e-05,1.2145059e-05,0.0,0.07625913818417648,0.01907284084615681
p109_G,1.0034463738228788e-28,129.36379999370968,0.005050899757658305,0.0028763965,0.030793647748614126,0.13691486751490417,0.04390895288624129
p109_L,0.10779670876487857,2.589566114061284,0.0,0.0,0.0,0.0,0.0
p109_M,5.822193386741423e-47,223.42618384366378,5.171555881735819e-05,3.791299e-06,0.0,0.10650263184576103,0.0266395346758753
p109_V,5.470159862236553e-227,1536.1834977438828,0.0007533783783799325,6.3589636e-05,0.0005364868571430298,0.43351449523265334,0.10871698752600131
p111_K,5.353326530223185e-08,29.91212436753957,5.8073200820252955e-05,0.00015683193,0.0,0.1414400454488545,0.035413737644318065
p111_N,1.365629426529136e-25,113.79668439760721,1.4264818200634285e-06,5.193446e-07,6.845084973416244e-06,0.0879390840826283,0.02198696874850794
p111_SITREMQDG,0.17197806429077944,1.8675388970064244,0.0,0.0,0.0,0.0,0.0
p111_V,3.603546429253577e-88,458.641226101721,3.498037324446456e-05,3.3082076e-06,3.855067257128102e-05,0.04895760364783817,0.01225861072531955
p111_Y,0.001649308333232342,9.94280363569622,5.148610529533021e-07,4.3863307e-07,0.0,0.005185584667484527,0.0012966345404008372
p112_I,0.005892719085539817,7.606265458412423,0.003520503603084056,1.1945865e-05,0.010653184825274947,0.029771997295566212,0.010989407897124133
p112_L,1.1465452044578186e-18,80.03470053116804,9.96390887655364e-05,6.0252914e-06,0.0,0.01928727251045112,0.004848234222664387
p112_M,3.5868549833313353e-06,21.648297204781006,3.704407835956091e-05,5.906618e-05,0.0,0.04916404428546701,0.012315038636020691
p112_V,5.287260715433094e-20,86.48063624125548,0.00010551141220524638,1.9767036e-05,3.2060755572952344e-05,0.10287113837235713,0.02575711939405005
p113_GDQANF,2.5890767076939605e-23,102.59279043825428,0.0015024893120458211,5.0630504e-05,0.0010743427270736613,0.08150885658519269,0.02103407978210802
p114_G,2.729141039153856e-290,2218.2523895541995,0.00021642148822234562,1.8212462e-05,7.606183596709609e-05,0.07221931595618038,0.0181325029356517
p115_Y,5.526244359574123e-91,475.91843674353356,4.143741826367198e-05,1.0335259e-05,4.3517793913262805e-05,0.0340533578751728,0.008537162086485894
p116_F,1.184860373671205e-31,144.0660403014594,1.9147644179267994e-05,2.6670023e-06,0.0,0.007239841758030871,0.0018154141011184045
p116_L,1.1278931090727955e-173,1062.8819653811572,0.0005350796279554845,2.0331034e-05,3.1556507609794605e-05,0.15147773235290335,0.03801617488055174
p116_M,0.08837817163275546,2.9077478784248827,2.92462673825096e-05,2.3706589e-05,0.0,0.05061881083727466,0.012667940923355082
p116_T,1.491138896141674e-54,264.34754425649277,0.0009868351276639317,0.0007894122,0.001316218287087941,0.03248605777494285,0.008894630842646961
p116_V,3.306360676091253e-14,58.77150696261662,0.0004529592338899836,2.4612102e-05,0.00014751937529160737,0.1080460730598998,0.02716779094269463
p117_G,0.0,2786.708949354386,0.00025902134450566104,5.143622e-05,0.00020761707295315627,0.2691443674919263,0.06741561053189633
p117_TSCFED,2.69143794833573e-14,59.19358026744076,0.0002655429352524067,5.0216318e-06,0.0,0.04988870143188673,0.012539816499722389
p117_V,7.120815944679791e-99,525.2273699746823,4.018992385421446e-06,2.324618e-07,0.0,0.08111327282951636,0.020279381070925674
p118_S,5.2477813919174794e-05,16.4589179231673,0.0003687014334331218,2.349138e-06,5.64784857332451e-05,0.002021928938471485,0.0006123644988989469
p118_T,2.660875828540946e-18,78.2767305355821,0.0010153966580222587,0.00021837503,0.008526318421974877,0.32808792749960697,0.08446200440315114
p119_H,0.35831677990328126,0.8443435068371496,0.0,0.0,0.0,0.0,0.0
p119_I,2.7768534321843366e-08,31.213644150842857,1.915938237897164e-05,8.565845e-06,7.182559285562181e-05,0.10470946002122837,0.02620225271032499
p119_L,1.6624553659899802e-124,694.6442672260339,0.0006556768457607914,1.4959111e-05,0.0034224365520626036,0.0717587214135778,0.018962948480489863
p119_T,0.03698582748667485,4.3594451878437095,2.975386312637294e-05,1.1404798e-06,2.9792219389597264e-05,0.10856890985484369,0.02715739910427824
p119_V,6.547298472647635e-148,862.4535625787057,0.0001273323432978367,2.9653186e-06,0.0,0.12606918987980129,0.03154987188541779
p120_C,2.708084360433502e-105,566.3153898448855,3.6390438187552696e-07,5.9449405e-08,4.3974948411344504e-05,0.010897178886518503,0.0027353942971792802
p120_G,2.242148331476583e-16,69.06111247504018,0.00012971795019074494,9.7370685e-06,0.0,0.06722918548109577,0.0168421601249384
p122_I,1.3463017454154592e-102,548.9506356121504,2.3742241221920704e-05,1.9791041e-06,0.0,0.04966183520171184,0.012421889136765141
p122_L,0.0,3970.7882109291454,0.0,0.0,0.0,0.09438857198290061,0.023597142995725153
p122_M,4.145987269216945e-07,25.872017946641744,0.0014418045309713995,8.225922e-06,0.0,0.07158408669209045,0.018258529286290886
p122_Q,0.016182359539803872,5.797074708325863,0.0019538159957136927,9.918105e-05,0.003650201378119798,0.5334890485767866,0.13479806175067116
p123_I,2.5240701765290654e-30,137.37631894083916,8.222812376086276e-06,4.6588522e-07,0.0,0.017495288702829643,0.004375994350106921
p123_T,1.1258025945450363e-84,437.41109503243104,4.188821797855418e-05,1.1143988e-07,0.0,0.16007422434957833,0.04002905600185955
p123_V,2.0472107638537745e-208,1361.7298025540479,3.4494157468586937e-06,6.3502844e-06,0.0,0.009178913217735653,0.0022971782294621047
p124_G,1.7962397416997519e-59,291.4294044475663,9.878973086500958e-05,5.9445694e-05,0.00020978033828724117,0.028537031140439914,0.007226261725949379
p124_S,0.015047480150501249,5.9256102823716486,0.00019667181359802265,9.877151e-05,0.0008344271411444664,0.024983294076259738,0.00652829113531013
p124_T,0.0,3893.385428906984,0.0,0.0,0.0,0.09438857198290061,0.023597142995725153
p125_L,0.0,3018.9915601482016,5.548878597404647e-06,5.3053977e-06,0.0,0.19110252603451006,0.047778345077710706
p129_T,5.2121687720574796e-20,86.51068435409351,8.750813029516e-06,4.621755e-06,0.0,0.10635776701794912,0.026592784896525758
p129_V,1.9575099144946305e-57,280.1585866031756,5.273870088223475e-06,1.5842365e-07,1.2202828934778147e-05,0.056389512584023166,0.014101786926672981
p130_I,2.4529937977414883e-94,496.71363970961215,8.791909843147562e-06,1.5930571e-05,0.0,0.019414035338171504,0.004859689454741928
p130_V,1.0515958980550194e-26,119.3076697437413,1.193318134801645e-05,0.0,0.0,0.001592182964413302,0.0004010290364403296
p131_L,3.0684148118496936e-49,235.59603311272156,2.97147428407273e-07,0.0,0.0,0.0704857403407692,0.017621509372049402
p131_V,6.816185467367633e-06,20.39954835408385,0.0002105384471627487,0.0002734025,0.0,0.03346960204269092,0.008488385744777446
p132_S,1.3288499966832187e-79,407.0359400346809,6.179930922539296e-06,0.0,0.0,0.031734379811675636,0.007935139935649545
p133_I,2.594566726873492e-21,92.82889882990926,1.6734364784569717e-05,1.7056083e-06,0.0,0.01275101905198333,0.0031923647562594076
p133_V,3.2340067828164824e-13,54.105452554025064,1.629397144092642e-05,3.935322e-06,0.0,0.019184306477199833,0.004801133942706109
p133_W,2.0953355619959557e-108,586.5466099259539,1.953291066297905e-07,0.0,0.0,0.027744972352452844,0.006936291920389868
p136_Y,4.247956872905341e-79,404.0414076901863,2.44595002065496e-06,0.0,0.0,0.003660622688475726,0.0009157671596240952
p137_L,0.000697242811701792,11.548387504150176,1.8549016557633507e-05,9.6744125e-06,0.0,0.08462193814654415,0.02116254039389234
p137_M,4.9747035480577854e-21,91.4553468904841,2.6832368993150196e-05,1.6799577e-05,0.0,0.06751884986736183,0.016890620453281168
p137_V,7.797135557168904e-08,29.167773349601504,5.201692884319057e-05,6.035571e-06,2.494941895354457e-06,0.07492286803810379,0.018745853869961773
p139_V,0.0,4008.6654061811105,2.8727172731484246e-06,0.0017905158,0.0,0.0641075215419356,0.016475227526212558
p143_I,2.3221027148532012e-07,27.013059967897767,8.365588275979909e-07,5.488568e-07,0.0,0.00012588681150864942,3.181805678495226e-05
p143_L,4.681764252508432e-11,44.00306129622496,9.807589222036564e-06,0.0,0.0,0.010251290211317826,0.0025652744501349655
p143_M,1.2554981462320617e-13,56.03886100516965,4.396277491919526e-06,2.2516957e-05,0.0,0.05324795173930223,0.013318716243438618
p144_S,1.888990848720273e-27,123.0104160413919,3.1448327381742187e-05,1.3766571e-05,0.0,0.02186923750068846,0.005478613099792765
p145_N,0.0028685800825001785,8.920906581903232,2.7169018716211344e-05,2.6943094e-06,0.0,0.06097095272515197,0.015250204013313833
p145_S,0.5048238555838583,0.44501206288218853,0.0,0.0,0.0,0.0,0.0
p146_I,1.7196844708533577e-12,50.70019248499817,1.5350314901439228e-05,2.8757493e-06,0.0,0.004342820030373049,0.0010902615236336362
p146_V,1.2398278603845144e-83,431.1293832497853,7.5158412719991935e-06,1.8207455e-06,0.0,0.015152618402825228,0.003790488747405339
p147_K,4.890127021245566e-15,62.69821322565525,9.7598005071221e-06,0.0,1.2886232767559576e-05,0.029766613528014827,0.0074473148903223775
p147_R,0.015123439696540323,5.91669963928789,2.6688916582088226e-05,4.4394972e-07,0.0,0.09720674793460055,0.024308470200224683
p147_T,0.00025024993734648317,13.479988172001114,6.069470784996869e-06,0.0,0.0,0.009799551255359237,0.0024514051815360586
p149_G,1.2839095491799008e-12,51.29485450414894,2.2966677491283286e-05,6.425616e-06,0.0,0.017107220197601587,0.0042841531227714846
p149_K,6.698171574586638e-07,24.92970074859242,1.584856368392599e-06,0.0,0.0,0.003216361123179933,0.0008044864948870814
p149_N,3.450184577223609e-65,323.46917288840757,6.185157978655334e-05,2.9550299e-07,0.0,0.03644878544890952,0.009127733132920427
p149_R,0.023399263499018212,5.149975254823722,2.8325397882998093e-07,0.0,0.0,0.005372165590917886,0.001343112211224179
p149_S,1.951385091974605e-55,269.1767584900046,4.244351619217858e-05,8.569954e-06,0.00043345795587427805,0.025836073649524113,0.006580136268881156
p149_T,0.00025851842374176694,13.41840812175994,2.41312523553637e-05,2.2477326e-07,0.0,0.07342600107911419,0.01836258927618228
p150_E,5.636099066676729e-24,105.84009515958138,2.6118254992171868e-05,4.915791e-06,8.03342010945444e-05,0.0876284685020385,0.021934959187312177
p150_G,1.2790286423394653e-12,51.30260756481588,7.766853186028584e-06,3.6883093e-06,0.0,0.042371946407899486,0.010595850392604977
p150_PNQVRM,0.0004776416120433954,12.259078460559007,9.823494331686336e-05,5.2669084e-06,0.0005284112947279694,0.036204727864208266,0.009209160252656856
p150_S,4.234016442208519e-250,1768.799605394956,9.774472576976943e-05,5.024569e-05,0.0,0.07708721558521683,0.01930880150015556
p150_T,0.006867512491393351,7.329164750962241,1.2894211481636769e-05,0.00032425256,0.0,0.047526097709975,0.0119658111194419
p151_K,1.488288234278432e-12,50.994218775348926,2.013564483693216e-05,5.6596433e-05,0.0,0.06527079382707389,0.01633688147618811
p151_N,4.397521048364021e-18,77.22892772140781,1.1971647249334806e-05,2.9560448e-08,0.0,0.006098778730305198,0.0015276949845007112
p151_PRAQEGH,2.55553178306171e-05,17.842571398795403,1.3243129873393625e-05,3.683236e-06,0.0,0.06311368525655646,0.015782652905593858
p151_S,8.835086801702749e-06,19.89611056646583,2.1382515439656634e-05,1.2215766e-06,0.0,0.011286439490078858,0.002827260895518051
p151_T,1.919570409175957e-06,22.867985630551626,6.390435469561662e-05,6.999778e-05,0.0,0.026861516250438807,0.006748854596959245
p152_L,1.0405737288281333e-72,366.56659001891506,1.5816791330549303e-06,0.0,1.3742771332592434e-05,0.06434540064868877,0.016090181274788604
p152_W,3.4870149466239373e-20,87.35533388633019,1.8798517598456576e-06,2.4053223e-05,6.079484259721143e-05,0.03164797285156097,0.007933675192144472
p154_G,7.426529835521789e-07,24.72716210181612,3.189145847539389e-06,2.120589e-06,0.0,0.0051444713037655295,0.0012874452596502582
p154_I,9.394046803369236e-91,474.49775798811936,1.7171784824355273e-05,8.121537e-06,0.0,0.08624100792056462,0.021566575310513817
p154_L,3.396773696336044e-263,1908.7306544518028,4.948507957019899e-05,1.8702229e-05,0.0,0.036266601916868035,0.009083697306302527
p154_M,0.1294479842748617,2.3018409407264744,0.0,0.0,0.0,0.0,0.0
p154_T,4.017221607600995e-12,48.97578820187024,8.153084644293485e-06,3.5429887e-06,3.1598008130837534e-05,0.0747735823437147,0.01870421910629229
p154_V,0.1621366845197251,1.9562609278010643,0.0,0.0,0.0,0.0,0.0
p155_G,0.002493297235684454,9.17894432715128,2.591600741511574e-05,3.5136312e-05,0.0,0.07117597821745647,0.01780925763430858
p155_I,0.13454165574855825,2.241912223739505,0.0,0.0,0.0,0.0,0.0
p155_L,2.438445675647161e-27,122.45913909141704,3.895264661073634e-05,2.558433e-07,0.00023334653080195786,0.04665454676728538,0.011731775447000487
p155_M,7.526924863309891e-12,47.701689673930346,3.5739135782375176e-05,5.171216e-05,0.0,0.015336100852199804,0.003855888036718737
p155_V,3.69872485759015e-34,156.76921133511146,7.847638702893794e-05,0.00010010412,0.00014546701214190237,0.03465254442683858,0.008744147985609166
p156_C,0.013648379519358872,6.098580973475594,1.9595011652855985e-05,0.0,0.0,0.06553437011772173,0.016388491282343647
p156_G,0.0,3751.288529629157,1.436655732712604e-07,4.9523493e-08,0.0,0.09576284316058532,0.023940759087412864
p156_V,3.856961720481476e-276,2053.1445369864064,4.951883644094739e-05,3.9238085e-08,4.5018952027518073e-05,0.08911802256261643,0.02230314989729242
p157_I,5.161219625192352e-92,482.2802894342166,1.0457132668208052e-05,4.4080778e-08,0.0,0.007548395824778947,0.0018897242595563234
p157_L,1.4982422884317856e-07,27.877220809810222,2.3889754932963373e-06,5.176448e-06,0.0,0.042272642657622754,0.010570052020332087
p157_V,1.0138519126204002e-63,315.18185670876846,1.0469902893620376e-05,2.9341657e-06,0.0,0.004816566356946091,0.0012074926063724287
p158_G,0.09238999501668393,2.8361353493595125,0.0,0.0,0.0,0.0,0.0
p158_I,0.09904692924168758,2.724465745498322,0.0,0.0,0.0,0.0,0.0
p158_L,2.6250177443796714e-50,241.33251203318986,3.201355755238527e-05,6.069908e-07,0.0,0.0062021703081598,0.0015586977141268973
p158_S,0.039340543163332506,4.254119587841561,2.193119138526627e-05,0.00010907571,0.0,0.021221915953720378,0.005338230712991307
p158_TFMC,0.0018403260873251022,9.739775810484753,5.8470031836420464e-05,1.1099409e-05,0.0,0.006592042526806956,0.0016654029918524223
p158_V,4.922473538656705e-12,48.56322962683838,8.490327379417702e-05,1.3948141e-05,2.8903097769868557e-05,0.0029888285791401714,0.0007791457728770873
p159_C,0.01630902296078653,5.783309553587172,2.3322560597034557e-05,8.126925e-05,5.830924173098102e-05,0.04611062740484548,0.011568382114894632
p159_F,4.7970545029820543e-240,1665.4115351545677,8.773692133823047e-06,8.848644e-06,0.00037849907566651464,0.00044989988598918157,0.00021150532445464432
p159_L,0.000296759714842076,13.157275555169864,2.795293831238682e-05,6.7625723e-07,1.6099881562417388e-05,0.013586806198829208,0.0034078838189834457
p159_V,0.01779021565649127,5.630071950307841,2.522942290003933e-06,4.4355975e-06,0.0,0.05726496169158421,0.014317980057837326
p160_S,2.2792572952682327e-108,586.3078021484022,1.0445578614210362e-05,1.5382918e-07,0.0,0.0016831195640995382,0.00042342974297267515
p160_T,1.398779094757494e-85,442.8894869571534,2.5716007091649254e-05,2.6536038e-06,0.0,0.020716989439501197,0.005186339762601938
p162_I,0.20104000961204052,1.6363524315828404,0.0,0.0,0.0,0.0,0.0
p162_L,0.7594729708288173,0.09377873487431791,0.0,0.0,0.0,0.0,0.0
p162_MACSG,0.016886027789302923,5.72196914779344,1.652821074375133e-05,1.4823452e-06,1.2239775610588028e-05,0.05603488358562171,0.014016283479286332
p162_T,1.755145827795715e-54,263.96105826487087,2.6423229150334952e-05,7.766365e-07,0.00016717460912021845,0.011724703694051958,0.0029797695422085144
p162_V,8.63702516769254e-21,90.29239132361919,0.00013972745789089344,5.997541e-06,1.973266636256039e-05,0.048507374883312256,0.012168208137126066
p163_F,0.0004157056215490942,12.520735645475876,9.143297766789508e-07,1.2100146e-07,0.0,0.06441006851587223,0.016102775961777997
p163_I,0.0,2854.129577464024,1.2491604644324611e-06,0.0,0.0,0.027777629944396004,0.006944719776215109
p163_LSGCT,0.05364610350836358,3.7300078025014436,4.044516874746705e-05,0.00012171578,0.0,0.05292871476865626,0.013272718928579265
p163_M,3.585215747604002e-30,136.61080246055076,0.0001063739556333765,1.960821e-06,0.0,0.102727428612445,0.02570894084727198
p163_W,1.6860564555957152e-109,593.712462638831,1.953291066297905e-07,0.0,0.0,0.027744972352452844,0.006936291920389868
p164_G,0.0,3636.9270192844465,1.4093131100836649e-05,0.0001709769,0.018567241540040223,0.12530797854143463,0.03601507252777306
p164_S,4.624922339924632e-50,240.00922676822609,0.00048757027522829425,3.5040954e-05,0.001078049284693214,0.1920770133743298,0.04841941847197839
p165_C,0.0015102606202766324,10.10620782007608,7.197693348427058e-05,2.4243687e-05,2.1129139409823374e-05,0.08835396884071682,0.022117829650208056
p165_F,0.007556113553890383,7.156683249502534,4.011961653228495e-06,1.223536e-06,0.0,0.03131367293077142,0.007829727107092746
p165_I,3.915678877930776e-247,1737.9406750678452,4.7033862754378046e-05,7.161933e-05,0.0,0.0899909154553184,0.022527392162448267
p165_L,1.3030116002413642e-11,46.58958802034642,0.00017677787858771447,9.263161e-05,6.820901074205587e-05,0.04050960583058409,0.010211806083320974
p165_M,3.1674406142768875e-06,21.8906185832221,1.7535142531073543e-05,9.54523e-07,1.4124703669231843e-05,0.00013997519666663518,4.3147391463897606e-05
p165_S,0.01104736420160797,6.475026980485038,3.2739406144135806e-06,2.5963516e-06,0.0,0.11878553133298195,0.029697850406293635
p165_V,9.945801834048909e-24,104.62952103543526,5.281177882159008e-05,5.556442e-07,0.0,0.05034600787810091,0.012599843825278623
p166_G,0.0,2847.3915094959107,1.3146902632364029e-05,1.1770442e-06,0.0,0.04789466987390427,0.011977248455176358
p166_I,0.09676933071473341,2.7617262981883606,0.0,0.0,0.0,0.0,0.0
p166_S,0.0014665383333019209,10.160757395508654,1.5496716769804516e-05,4.719719e-07,0.0,0.013823437269017079,0.0034598514894221112
p166_TFCLM,0.278827506929541,1.1737123942223842,0.0,0.0,0.0,0.0,0.0
p166_V,6.554960708407969e-52,249.98103695629536,1.2923785097013811e-05,5.740922e-07,0.0,0.05806179616206325,0.014518823509843064
p167_C,2.4282407316098984e-36,167.92650613974087,1.898462667192247e-05,0.0,0.0,0.02293690335886255,0.005738971996383618
p167_V,2.66904566866191e-300,2339.8088770572363,1.3361923814127122e-07,0.0,0.0,0.004811253322061306,0.0012028467353248618
p167_W,2.127540325422391e-108,586.5033148230392,1.953291066297905e-07,0.0,0.0,0.027744972352452844,0.006936291920389868
p168_C,5.804597495599095e-23,100.87652855939234,2.6745389069660494e-06,1.1425532e-05,0.0,0.04359626203110772,0.010902590525438296
p168_S,4.2636368028193586e-177,1090.8185167159252,0.0013904861708521274,0.0011926591,0.0011594864163989571,0.15200546038178178,0.03893702302716651
p168_T,4.655517171311898e-70,351.2525099295517,7.1292835061614154e-06,8.9973463e-07,0.0,0.04564986182580892,0.01141447271098625
p169_G,0.10819865401650139,2.5836605948284728,0.0,0.0,0.0,0.0,0.0
p169_I,1.468582341230494e-249,1763.1573101826013,3.449092985020007e-05,0.00014970338,0.0,0.008346229272673521,0.002132605895852081
p169_L,1.1773828353140544e-06,23.824027460531212,1.756991200695692e-05,3.3324435e-05,0.0,0.012216100496454094,0.0030667487109172025
p169_TFSMC,8.29355559495564e-08,29.04568679111096,7.90844469837939e-06,2.8388274e-06,2.3116700658388276e-05,0.03057133256450436,0.007651299134318568
p169_V,0.34802242966133323,0.8812503125332893,0.0,0.0,0.0,0.0,0.0
p172_I,2.1098503847925073e-96,509.64050842890805,2.0789881934792e-06,2.1738051e-06,0.0,0.04074247086517585,0.010186680914620978
p172_L,2.4781932990927975e-40,188.54688335424152,1.0236900285025477e-05,6.1109895e-05,0.0,0.04847540426636252,0.01213668776538354
p173_L,0.4623397957927262,0.540523478822968,0.0,0.0,0.0,0.0,0.0
p173_V,2.1984359233351214e-14,59.608756946854086,5.6142002488000005e-05,4.4901643e-07,0.0,0.015240185982005957,0.003824194250229944
p178_Y,2.4851452281886503e-90,471.8956562988215,0.00031703203172220594,3.0872397e-05,0.0006761174300105912,0.19841666194002913,0.049860170949808984
p179_L,0.8668007783364107,0.028141583316589072,0.0,0.0,0.0,0.0,0.0
p179_MV,4.9009400080853844e-15,62.69366689764022,2.6834292664580664e-05,1.3981869e-05,2.5237286137329365e-05,0.01629029755853569,0.0040890877516881865
p179_W,1.6860564555957152e-109,593.712462638831,1.953291066297905e-07,0.0,0.0,0.027744972352452844,0.006936291920389868
p181_H,4.102811355963884e-102,545.8506185284675,0.07865642640725022,0.012979727,0.06186400520783482,0.7219717129540725,0.21886796795189356
p181_YADCQGNILFMSTWV,4.218920252792813e-06,21.33223858511172,0.000456339385420844,2.5340589e-05,0.0002571840560030185,0.01787869639551406,0.0046543901064253195
p183_L,1.5695986642138746e-44,210.54507349484453,7.398711615113798e-05,0.00025001928,0.00012526954998636142,0.05903275448885835,0.014870507608401494
p183_M,1.7571825418485284e-46,220.87548134369587,5.8553932184537216e-05,1.3285788e-06,5.7083409922894384e-05,0.07049572701942339,0.017653173235090885
p184_Q,7.7592261804262e-109,589.368473507954,0.02359141638585834,5.2209703e-06,0.02377105133473498,0.18533234452540895,0.05817500830406349
p185_T,1.1068919749884565e-91,480.23064802457645,1.515093043888425e-06,2.6921037e-07,0.0,0.03423216893896791,0.00855848831059667
p185_VSIGE,0.2259427795269718,1.4675223209977302,0.0,0.0,0.0,0.0,0.0
p186_S,0.21408870875443275,1.5449720732844412,0.0,0.0,0.0,0.0,0.0
p189_P,3.384429193985066e-30,136.73648948608187,3.53796195767519e-08,0.0,5.684828419741531e-05,0.04296891453543516,0.010756449549813038
p189_V,1.0141062610307726e-08,33.21618526290775,1.2521081981366654e-05,2.891244e-06,0.0,0.028557448703996395,0.00714321525751792
p191_W,0.0,4699.724357288536,0.010355857797501087,0.027461376,0.29886527785883216,0.08580004526865893,0.10562063924154153
p191_Y,1.1058760178592239e-58,287.05349200632355,3.1517046470417965e-07,0.0,0.0,0.058055072916374684,0.014513847021709847
p192_Y,5.514573771681882e-109,590.3394281347732,1.953291066297905e-07,0.0,0.0,0.027744972352452844,0.006936291920389868
p193_T,1.036232866860136e-105,569.0160348362265,1.3349205901978195e-06,0.0,0.0,0.03797497867782544,0.00949407839960391
p194_HKNAMSQI,2.8375809040731125e-07,26.618147090896056,2.100203877355592e-05,4.001757e-07,1.711588564138702e-05,0.01038382457245609,0.0026055856681446786
p194_L,2.773771819889294e-19,83.00376161501633,4.522835744936331e-06,1.2738163e-07,0.0,0.007779949064197347,0.0019461498203918828
p194_P,8.602398353881033e-08,28.973378889720806,3.5000947660633224e-05,5.1490615e-06,0.0,0.01697317990058888,0.0042533324774393375
p194_R,9.465863204920981e-09,33.35338422322249,7.822963302246966e-06,2.0300902e-06,0.0,0.03679414025577101,0.009200998327311418
p194_T,5.0235737952226624e-08,30.038063469610492,3.027341801215068e-06,3.4929778e-07,0.0,0.020568882875536862,0.0051430648787790835
p194_V,6.2264180274e-313,2499.07659340564,1.3451075284597731e-06,0.0,0.0,0.03080864451517173,0.007702497405675047
p195_G,2.2014728707632e-310,2466.4063404046315,5.166439767855228e-06,2.7691271e-06,0.0,0.031213832899626,0.007805442116635915
p195_H,1.6278572397715817e-06,23.19015530179791,2.3272204438487406e-05,1.7376475e-06,7.771530190676213e-05,0.05987285218118733,0.01499389433375673
p195_K,7.959638360697457e-08,29.126970104322098,2.450045599835618e-06,1.318779e-07,0.0,0.005006541872124722,0.0012522809489054012
p195_N,0.003430500346050785,8.592579734093325,4.998025910315216e-05,6.013218e-06,0.0,0.06052155174122354,0.015144386304556355
p195_S,1.1961489208140893e-90,473.8511540536375,1.4982100566728873e-05,2.2551354e-05,0.0,0.009026317621908505,0.0022659627691312928
p195_T,0.00031908542322077796,13.020110950003481,1.5754255845740103e-05,0.00013497139,0.0,0.07652650360096383,0.019169307310628714
p196_N,3.661607239184592e-08,30.664893086365527,0.0,0.023289308,0.0,0.008588526714192125,0.007969458666529827
p196_P,5.413048034147744e-28,125.71216371454975,1.4238165396951047e-05,8.957877e-06,0.0,0.055270664187664326,0.013823465057533126
p196_S,1.2707244396026327e-68,343.01227201358796,4.21281298110186e-06,3.845295e-07,0.0,0.0077995317283102794,0.0019510322676977946
p196_T,7.522208343409634e-285,2153.8564344238775,4.647556546675264e-06,1.1463163e-06,0.0,0.02457507026779655,0.006145216035166273
p197_E,5.321486053916974e-06,20.880557590895926,4.73054943221966e-06,1.345532e-07,7.19266799126141e-06,0.06151760741830198,0.015382416297232398
p197_G,4.828831175515117e-18,77.0338881962969,4.545536442940325e-06,7.72559e-07,0.0,0.10603219632558264,0.02650937860526125
p197_K,3.6007629966249845e-284,2145.8881015969628,1.3974779147676472e-05,1.3952611e-07,0.0,0.062236700088587615,0.015562703598460823
p197_Y,2.3028149953460615e-56,274.26705881159586,2.8481008945020725e-07,0.0,0.0,0.00100201950597582,0.0002505760790163176
p198_IWLSN,0.5711507730833151,0.32091315870111464,0.0,0.0,0.0,0.0,0.0
p198_P,4.185223129117783e-108,584.5837644075729,1.953291066297905e-07,0.0,0.0,0.027744972352452844,0.006936291920389868
p198_T,1.1150976177553845e-06,23.930458011972604,5.827875111442005e-07,4.3077526e-07,0.0,0.020943875335983887,0.005236222224688513
p198_V,1.2421158961640805e-07,28.24736878087638,3.920096133477132e-06,2.386707e-06,0.0,0.07866723210965729,0.019668384728175274
p198_Y,7.665299712892023e-226,1525.100754459824,4.186153922682988e-05,3.5169214e-06,0.0003215336625505773,0.043926515048599894,0.011073356792950403
p199_H,0.14551858796730158,2.1209866809024587,0.0,0.0,0.0,0.0,0.0
p199_K,5.022377306058464e-66,328.21178912214475,9.220503405675637e-05,4.8429556e-06,2.974928105334012e-05,0.04917965161934466,0.012326612222514825
p199_N,1.1031266755365884e-16,70.53040295404548,5.240059664482231e-05,0.0,0.0,0.037008197242571,0.009265149459803956
p199_R,1.2754645865382832e-132,751.3585561735601,5.3467415201739406e-05,5.560163e-07,0.0,0.004405628540655143,0.0011149129930364732
p200_S,0.0,2791.75176068226,1.2575659143927994e-05,5.644238e-06,2.42955410434953e-05,0.12615294473841768,0.03154886504419426
p200_TCIHR,4.3693393145750347e-13,53.49140799661086,3.2869256875525496e-05,1.1187759e-05,0.0,0.08175068958735754,0.020448686650783424
p200_V,9.154646645291857e-107,575.854285946283,1.953291066297905e-07,0.0,0.0,0.027744972352452844,0.006936291920389868
p201_Q,1.839839819028408e-96,510.0140377148253,8.8742129296991e-06,3.1616175e-06,0.0,0.01310544465992817,0.003279370122599965
p201_TLKADSRV,0.46729936999813027,0.5286451483860367,0.0,0.0,0.0,0.0,0.0
p202_Y,7.413342919095314e-266,1937.9142473422926,1.257720457008451e-05,5.3667804e-07,0.0,0.025883403664204524,0.0064741293867047085
p203_Y,3.034991323601775e-29,131.9605349599244,0.00016746184279135045,5.3202675e-05,0.000116484130662888,0.11131884833057525,0.027913999244804828
p204_T,0.0,2981.6742593244517,1.978461162112685e-06,6.4747745e-08,0.0,0.0487434620149037,0.012186376305952689
p204_V,1.2674463334894604e-32,148.97432221556545,1.5427561880145634e-06,0.0,0.0,0.019701053802251324,0.004925649139609835
p205_L,0.03387142914152608,4.510095868141939,5.085229400242613e-06,1.0188085e-05,0.0,0.04882443153902283,0.012209926213373442
p205_M,0.5320652687531473,0.3906408109118427,0.0,0.0,0.0,0.0,0.0
p205_V,5.025199681837094e-07,25.493998776206283,7.969415656366515e-06,2.6414118e-06,0.0,0.008026363587775562,0.002009243603810746
p205_W,5.6793e-320,2590.771586084866,3.5220356685897527e-06,0.0,0.0,0.019823926442429644,0.004956862119524558
p206_V,1.596578838532826e-96,510.4009476619383,5.9384179320542294e-05,4.6607818e-07,0.0,0.05173090818081954,0.012947689609579255
p206_Y,6.037894463304485e-68,339.14232013068755,1.8687457528624387e-06,0.0,0.0,0.012371823513280582,0.003093423064758361
p207_M,1.6919750249950653e-57,280.5076630704121,8.494397966706045e-05,5.3740936e-05,4.015897536858908e-06,0.12539280318831728,0.03138387600037585
p208_M,1.1186227367899838e-87,455.6376840227616,1.8529079091642854e-05,0.0,0.0,0.0143511741480286,0.0035924258067800605
p209_GFAM,0.2749959143892535,1.1925946555414662,0.0,0.0,0.0,0.0,0.0
p209_I,3.80353958512172e-89,464.61795213119285,2.4122656273722083e-05,1.1975343e-05,8.529202969619008e-05,0.018253745048353667,0.004593783769359292
p209_L,0.11365722405791219,2.505771792699208,0.0,0.0,0.0,0.0,0.0
p209_S,0.3987832726599454,0.7124304518476933,0.0,0.0,0.0,0.0,0.0
p209_T,0.0035639961624389983,8.522646264181457,1.814822171400434e-05,5.314669e-06,0.0,0.01405703568176443,0.003520124643150695
p209_V,5.523742271081541e-78,397.4492925936942,3.384474130885505e-05,1.1472762e-06,0.0,0.008825400546236317,0.002215098140931252
p210_F,2.612263e-318,2568.9213133289713,4.975245241280649e-06,0.0,0.0,0.005458999596453756,0.0013659937104237591
p210_LISG,0.5750593657899408,0.31443878536380626,0.0,0.0,0.0,0.0,0.0
p210_T,7.949485019076437e-71,355.67343352088363,3.4709986656886653e-06,0.0,0.0,0.09607237387544261,0.024018961218527073
p210_V,8.642713381693969e-33,149.81675154933222,1.2541059119146677e-05,1.0402592e-06,0.0,0.0008796375025395628,0.0002233047052234765
p211_H,8.873090424197392e-57,276.5438959416089,6.100399298575031e-05,0.0,6.219641176901079e-05,0.06305095586328119,0.015793539067008987
p212_F,1.514355814765509e-106,574.4339008011948,9.152615422761291e-07,0.0,0.0,0.014935008300255046,0.0037339808904493306
p213_C,0.5330940600522055,0.38868421002671,0.0,0.0,0.0,0.0,0.0
p213_F,2.256457420052385e-24,107.79353992234996,5.751120256394035e-05,3.2122473e-06,0.00010951222649649458,0.08474373976877844,0.02122849386128298
p213_G,0.011645948448353219,6.38086599334104,2.006319466589638e-05,0.0,0.0,0.011044382106510615,0.002766111325294128
p213_I,9.147410199630798e-17,70.91863432970014,7.036168912338212e-05,9.042681e-06,9.886191321547765e-06,0.017100147605376113,0.004297359541726687
p213_L,0.010168232020734285,6.623275876621959,8.491017029194307e-06,8.815068e-06,0.0,0.027430508299156244,0.006861953596099648
p213_M,0.07110969931718407,3.2622075164578614,1.1632232262963646e-05,1.6273511e-06,0.0,0.060820482237970576,0.01520843545534318
p213_S,0.15596589002785954,2.01509195529253,0.0,0.0,0.0,0.0,0.0
p213_T,2.9346855375655063e-06,22.039419261288153,1.6119953330166083e-05,3.0564333e-06,0.0,0.0010185901702633338,0.0002594416392340907
p213_V,0.3734556559667297,0.7926444400401919,0.0,0.0,0.0,0.0,0.0
p214_I,5.073310361157204e-26,115.92245357314074,0.00010027498661541249,2.9346793e-06,0.0,0.0030963680167770766,0.0007998944206699065
p214_L,2.8335672065644774e-13,54.375331535502276,9.860307176615863e-06,3.1458576e-06,8.050559660676891e-05,0.09019537836576072,0.022572222531783634
p214_MAGC,1.2944103700812524e-09,37.326959290525245,2.8254469718520706e-06,3.5722296e-06,0.0,0.0008193937108722528,0.000206447846865054
p214_T,4.700945157945973e-12,48.656694812535754,4.040663194606928e-05,1.7770197e-06,6.663889995983685e-05,0.08075254491178929,0.020215341865860638
p214_V,6.258566557923422e-80,408.97881191341395,5.33781258861516e-05,2.8754764e-06,0.0,0.04082066536936499,0.010219229742915696
p216_L,2.6361311576619303e-05,17.78272743196925,2.7570952443570845e-05,0.00010938337,0.00016098360301698036,0.0393714303676858,0.009917342073468413
p216_M,0.05134587156289028,3.803510652148209,8.996164912892697e-06,6.120621e-07,0.0,0.0016298198647315683,0.0004098570229313697
p216_V,5.734060579478867e-11,43.59374460047393,1.9482504594754527e-05,0.0,0.0,0.0007414625916683296,0.00019023627406577104
p217_F,7.075546267693455e-07,24.822145953100208,5.544675929057078e-06,1.431474e-06,0.0,0.051013303868956424,0.012755070004708215
p217_G,0.023525416290795846,5.14060405842383,4.7163683942232976e-05,1.0233481e-05,0.00016119034101336817,0.060267252851759205,0.015121460089348638
p217_I,2.4565768919981678e-11,45.30631023229541,9.430862260028846e-06,4.337113e-06,0.0,0.04454832257279106,0.011140522636973101
p217_LCM,0.2679505781738905,1.2281917147740546,0.0,0.0,0.0,0.0,0.0
p217_S,2.0756734665160097e-93,490.93784157085963,4.939325097265754e-05,7.3284446e-06,9.722239492595186e-05,0.06786379206427622,0.017004434038682063
p217_T,0.05486872731404231,3.692287548007558,3.4378193145705005e-05,1.8957962e-06,3.7274115481582094e-07,0.06462522783083594,0.016165468640341893
p217_V,2.263304176342748e-05,18.07671200076321,2.102751125750096e-05,1.9869402e-07,0.0,0.005757828185688293,0.0014447635977426457
p218_L,5.229208846463532e-191,1207.6907306579703,1.16874831195528e-05,6.6893685e-06,0.0,0.024458140377470124,0.00611912930728419
p218_T,0.005976634152664136,7.580631375164858,2.3618013910366152e-05,4.6416716e-07,0.0,0.0039143029557453125,0.0009845962842034304
p218_V,1.1330458786554022e-29,134.10374117238197,2.8319392379675688e-05,1.4150221e-06,0.0,0.039126532838564106,0.009789066813260375
p219_V,3.244496213177652e-05,17.382845031425845,1.4846026463227088e-06,6.9742396e-07,0.0,0.012231440872513433,0.003058405724779141
p220_F,5.24484321132965e-46,218.35447537633198,1.19411367394805e-05,1.59811e-06,0.0,0.02087336358242337,0.005221725707284467
p220_I,0.012052158804264123,6.319758159381942,0.0001010422685324191,6.733344e-05,0.0,0.028067757220961116,0.007059033233233275
p220_MTLAG,2.3530576407132836e-05,18.001708699555554,7.924642815211488e-06,1.8908152e-07,0.0,0.008590228864686184,0.0021495856472549596
p220_S,0.007211093756173324,7.240997045005946,6.754236923028036e-07,8.8278375e-07,0.0,0.01768560604242738,0.00442179106246789
p220_V,3.475948042299414e-08,30.76809497733697,5.522797030868841e-05,4.1386704e-07,1.65554034931909e-05,0.02063148892637011,0.00517592154180349
p221_L,4.3253761869981867e-97,513.9676527404848,4.424799579365729e-06,3.64263e-06,0.0,0.020295783835613944,0.005075962816289077
p222_S,5.651701027640162e-288,2190.694668448325,1.424391416351304e-05,4.3779174e-08,0.0,0.01213457680335955,0.0030372161241742817
p222_T,2.7703650920851313e-09,35.80467619117614,2.1679279044209995e-06,0.0,0.0,0.06422651951531758,0.0160571718608055
p224_G,4.1251603435434074e-39,182.20682309322154,2.6975495882653436e-06,1.4141708e-08,0.0,0.02712636800970979,0.006782269925251576
p224_L,7.151539052547952e-91,475.22794915053385,2.103311465895276e-06,1.4994174e-07,0.0,0.023215771446851014,0.0058045061750144275
p224_S,1e-323,2641.0385698258942,0.00021835532305485112,0.0003404756,0.0,0.24336841075861834,0.06098181042378934
p225_N,0.005422030074108664,7.757338905496831,3.514907984825159e-05,6.531828e-07,0.0,0.031639663099073394,0.0079188663404256
p225_Q,7.759673110563772e-37,170.47081760162243,1.3956161608537384e-05,0.0,0.0,0.036411552705978546,0.00910637721689677
p225_R,6.904023089301646e-09,33.98215590780393,1.922348258389398e-05,4.8290345e-05,0.0,0.09071321392450246,0.02269518193805869
p225_S,3.124655319098022e-08,30.979458095638837,8.276077351847053e-07,0.0,0.0,0.0010567743557706925,0.00026440049087646933
p226_V,6.87474971493878e-107,576.6630048924882,2.98359207771978e-06,0.0,0.0,0.016395627227899865,0.004099652704994396
p227_L,2.636747337177172e-221,1481.6594723650733,4.740415515500576e-06,2.291376e-05,0.0,0.007828015770935672,0.0019639174867137313
p227_V,1.3517942235299222e-30,138.73942922813063,6.5118863423931276e-06,7.657414e-06,0.0,0.04941323715702749,0.012356851614403476
p227_W,5.186451953270096e-106,570.9641138673225,1.953291066297905e-07,0.0,0.0,0.027744972352452844,0.006936291920389868
p228_F,1.2381637429574604e-05,19.24225737927037,3.691385521683702e-06,8.329125e-07,0.0,0.014606406241937625,0.003652732634994677
p228_G,9.307599296711202e-108,582.3185817426455,0.0001050839585627222,1.4167842e-06,4.1654653894635336e-05,0.09307890289876111,0.023306764573865543
p228_I,0.0006846183332518063,11.582647937393793,3.0409872777110936e-06,0.0,0.0,0.04769013077826022,0.011923292941384483
p228_L,1.5745608006210448e-82,424.4982453370739,1.8956086195935026e-05,2.7114938e-05,0.0,0.0990976204852483,0.024785922877448047
p228_M,8.282854492974123e-08,29.04824036721687,6.4715480797547015e-06,1.1884351e-07,0.0,0.08207120263069619,0.0205194482555713
p228_R,8.756925976328474e-91,474.6857506091075,5.6793035582269495e-05,7.440374e-07,0.0,0.042596765975437156,0.010663575762099673
p228_S,1.6207998166860666e-23,103.58950362287501,6.16008980294246e-05,4.761043e-05,0.00037661032193148097,0.12599778054348362,0.03162090054804544
p229_K,0.006533195303832937,7.41939688540028,9.540830674879778e-06,3.4140645e-05,0.0001719890916593401,0.01175663471931748,0.0029930763216271653
p229_T,0.0013136131002657993,10.3654373038707,2.3255917745520065e-05,2.4727498e-07,0.0,0.07562844879364981,0.01891298799659451
p230_L,0.0,4573.63864674862,0.010347801730562845,3.3812518e-07,0.0006645842765684278,0.07604081169402557,0.021763383956583175
p230_V,2.205110560348111e-56,274.3704941668908,6.399402908783334e-06,4.7441958e-08,0.0,0.0482958393413237,0.012075571546547599
p231_R,2.4472845563890195e-35,162.7870896362333,0.00011055717615109411,7.621497e-05,3.4939427596106227e-05,0.0909892339615406,0.02280273638433909
p232_E,5.1547908872360905e-33,150.9546168444789,2.8750604765914628e-06,4.6265552e-07,0.0,0.058733158208001596,0.014684123980999797
p232_MLSTDIGRQ,0.08370361366609862,2.9957770687657543,7.949727911677939e-05,6.159981e-05,1.8377334429809987e-05,0.016300838778514078,0.004115078299750329
p233_V,1.1638613373347148e-41,195.47229696150606,1.2351186476382378e-05,2.6108598e-06,0.0,0.06896025255442219,0.017243803650184058
p235_K,6.573294071262213e-21,90.86782677934657,8.557404423448672e-06,8.5465125e-08,0.0,0.02486908078817991,0.006219430914432028
p235_MQRSTLG,1.0446473088073601e-14,61.13697412006846,9.052930212284181e-06,1.486515e-06,0.0,0.06283619719655066,0.015711684160434513
p236_Q,0.13081944003683393,2.285449532461185,0.0,0.0,0.0,0.0,0.0
p238_E,0.031244293046795307,4.648908516416275,6.44547548946065e-07,1.3433356e-06,0.0,0.01049441212584966,0.002624100002252561
p238_K,5.569521256889675e-108,583.7736341073912,2.472184567275013e-06,0.0,0.0,0.037338213580210854,0.009335171441194532
p238_Q,1.1345759414452099e-28,129.09737022242288,6.0607938168133135e-06,5.298178e-08,0.0,0.019383000748432112,0.004847278631006972
p239_E,0.009536782408459865,6.73811746402344,2.9980778660287094e-05,6.4407386e-06,0.0,0.017070148588577146,0.004276642526463413
p239_Q,0.02500539042076802,5.034406865992209,2.6378387595995983e-07,0.0,0.0,0.021851553771605064,0.005462954388870256
p241_E,3.0254807838106723e-125,699.7525619117941,4.59369324139901e-06,5.8760133e-07,0.0,0.022350321654151375,0.005588875737181869
p242_T,3.551388185857631e-42,198.16863867082972,5.861476668999322e-05,9.761784e-07,0.0,0.04976089831290528,0.01245512231449846
p245_R,6.211152477324734e-11,43.4324479721046,1.5007213950282942e-06,0.0,0.0,0.021652431701542907,0.005413483105734484
p248_R,1.9811536852319613e-94,497.29240080438245,2.607880708891144e-05,1.2302282e-06,0.0,0.06559230498608938,0.016404903505353504
p251_T,5.417642013724434e-142,818.7852139652546,2.132861606559252e-05,7.3327355e-06,0.0,0.05891682753412163,0.014736372221434162
p252_K,0.00015824228411603062,14.350148484407732,6.356338828408811e-05,4.1262746e-07,9.238316389603468e-05,0.04051151797711961,0.010166969289189318
p252_R,1.8520231576616372e-26,118.08922348606363,3.698481504559684e-05,2.0777823e-06,0.0,0.05103391844946627,0.012768245261691862
p254_V,5.209259589924078e-09,34.54383242905939,2.988883066701279e-07,0.0,0.0,0.01867915564543445,0.00466986363343528
p255_LMF,1.66769243698724e-06,23.14288849730638,2.9173322011382026e-05,1.3045444e-05,0.0,0.020555821826399655,0.0051495101480192
p255_V,2.1615661725882875e-10,40.919663188766634,4.74047685679605e-05,1.2007624e-05,0.0,0.03186751981512968,0.007981733051876671
p256_L,3.848157341779473e-12,49.063098127150546,3.6336927472370015e-05,6.940722e-07,0.0,0.009311165927182891,0.002337049231709969
p256_M,0.08282885965802725,3.012840483358329,2.337594998302524e-06,1.1487064e-06,0.0,0.0016226740040099189,0.000406540076342119
p256_V,1.1256030029188526e-47,227.2286064793908,2.41128776383539e-05,0.000108039174,0.0,0.028733593948543214,0.007216436500029859
p258_V,1.867104896732681e-70,353.5363352678478,2.923490491546019e-06,1.5930084e-06,0.0,0.0037180154524058644,0.0009306329878223188
p259_F,1.1902085594461615e-25,114.09164118926626,2.941052441975248e-05,7.924211e-07,0.0,0.008382800000416017,0.0021032507364780206
p259_G,0.0,2981.0998355019556,4.530849758685714e-06,0.0,0.0,0.07165665504120859,0.01791529647274182
p259_I,3.819813341324341e-30,136.4725897580331,2.6554600543147465e-05,6.3939597e-06,1.774558698115914e-05,0.010483681667614,0.0026335939537010093
p259_L,1.9963795215078318e-14,59.80664807292485,9.539646994343702e-05,6.399475e-08,0.0,0.005592882044238638,0.0014220856272323386
p259_M,0.014477395552839967,5.994003487235872,4.6719276050494784e-05,2.9140687e-05,0.0002464258414155127,0.0009737706633524604,0.0003240141169096241
p259_V,6.956642927727743e-10,38.571505920841574,6.403524288853469e-05,4.531047e-06,0.0,0.06754801246413437,0.01690414468853699
p260_G,0.0009145746105632214,11.04051758544872,0.008392137890247233,0.040124837,0.008115865304259043,0.027967016095303054,0.02114996414973285
p260_S,1.1496323603072252e-207,1354.9136888240503,1.7935981126038916e-05,2.6955184e-05,0.0,0.02308569052292545,0.00578264542195902
p261_Y,2.4345897518854788e-76,387.7649180272453,0.0018682408532016564,0.00014198515,0.007533769027357034,0.39457633292195465,0.10103008198735605
p262_L,1.5678937423263288e-32,148.50646985239086,0.003909880754340531,0.015036558,0.0028048133937952015,0.008817677130644132,0.007642232269961923
p262_VMI,0.1697681612236921,1.8869456295756868,0.0,0.0,0.0,0.0,0.0
p263_I,2.700356434875354e-15,63.92121127708949,0.00013599822633503824,5.488959e-07,0.0,0.032086074523642025,0.008055655411472224
p263_L,8.169498211900714e-108,582.6880319584844,5.316988977640216e-05,7.5633443e-06,4.4024579793844626e-05,0.09364768489341245,0.023438110676820056
p263_TM,7.261004894144439e-10,38.485614844426294,2.4353398550024054e-05,2.7761362e-06,0.00014896438641526737,0.09490284117277063,0.023769733773476662
p263_V,6.348003021188649e-14,57.43467716778099,0.0002850212654278622,2.3459828e-05,1.2640601185693908e-05,0.05629804043996877,0.014154790533720246
p264_C,2.611776155551629e-11,45.18242689566404,0.00013510249506677318,0.0,0.0,0.01074630626989089,0.002720352191239416
p265_Y,0.0,4346.047022487548,0.04857419540768635,0.008271769,0.06694166696924983,0.23529650211392927,0.08977103329500526
p266_G,8.60233634488399e-66,326.88611050893803,7.83420378538235e-06,1.7152503e-07,0.0,0.013283726569388867,0.003322933074551218
p266_L,1.679148978999742e-08,32.212900679841084,0.00017882466627367965,8.92973e-06,1.768303609875801e-07,0.04290503701214794,0.010773242059702951
p266_M,0.00238757440872329,9.258803130371357,3.88509435183619e-06,4.9157315e-08,0.0,0.04007685934471554,0.01002019839909551
p266_T,6.250115965243283e-06,20.56794577175237,0.00013079511903748726,4.4504708e-05,0.0002995182130340625,0.07909836622781356,0.019893296066985654
p266_V,1.0441441369611452e-93,492.79418114524873,1.6460611016728145e-05,2.8725533e-06,0.0,0.013073104919927848,0.0032731095210600625
p269_T,5.274399214165403e-72,362.48084766589164,0.0048979929194614665,0.00024539273,0.00816035520429502,0.5015256838863348,0.1287073561850213
p270_F,2.579435487840548e-82,423.2132611211434,3.4036913715325184e-06,1.078452e-07,0.0,0.06034489072675097,0.015087100565831374
p270_G,1.3305747600929414e-12,51.22218613484379,1.1550028562257332e-05,5.5329333e-06,0.0,0.02138994670482709,0.00535175741667255
p270_I,0.15259240483246048,2.048384615663492,0.0,0.0,0.0,0.0,0.0
p270_LVMCY,0.8099403822878565,0.057863663979169616,0.0,0.0,0.0,0.0,0.0
p270_S,6.947720119359615e-11,43.20632984411712,0.00035159777942476414,8.0499725e-05,6.242322876561463e-05,0.0012466842638657705,0.00043530124933900915
p270_T,4.3890939262263386e-05,16.801903673332873,7.199663167860251e-05,9.82041e-05,0.0,0.016094080495333115,0.004066070307242857
p271_F,1.35686622120109e-57,281.036337085196,5.869500373923806e-06,8.5206733e-07,0.0,0.13037008540729503,0.03259420174374986
p271_L,8.953667572944692e-179,1104.6298257440556,8.900166501640337e-06,0.0,0.0,0.046632937276230545,0.011660459360683046
p271_M,3.123750265316834e-33,152.0583329656653,7.5797846076707845e-06,1.0222105e-06,2.5756873858227904e-05,0.0929924805583103,0.023256709856829105
p271_T,0.0054609960149773155,7.744333200146094,6.704848282677773e-06,7.5340513e-06,2.9561003825321547e-05,0.08675178637550833,0.021698896569727125
p271_V,1.618836424289606e-34,158.5976687270998,3.4943101158880667e-06,2.9146207e-05,0.0,0.028626390511143077,0.007164757757177958
p273_C,1.5143558147585364e-106,574.4339008012078,9.152615422761291e-07,0.0,0.0,0.014935008300255046,0.0037339808904493306
p273_F,8.350460185051328e-17,71.1076616138873,1.7979091015585397e-05,6.0054967e-06,1.951100532873493e-06,0.01375140972743803,0.0034443363539324863
p273_G,1.9731867191267686e-07,27.334012483947564,1.7654511406498162e-06,1.0932952e-06,0.0,0.014683735297625171,0.003671648510983499
p273_I,0.11700367622498015,2.4600342331147957,0.0,0.0,0.0,0.0,0.0
p273_L,4.946672792498074e-19,81.792553135695,1.2363952485280686e-05,0.0,0.0,0.05327949659430558,0.013322965136697715
p273_M,5.423553225952458e-300,2336.0090481512602,5.438574592738759e-07,0.0,0.0,0.015422282520580411,0.0038557065945099213
p273_W,2.309115095363931e-09,36.1687216906744,1.1273305482331448e-06,0.0,0.0,0.004993893486706651,0.001248755204313721
p274_W,0.2575564712866633,1.2828959620076477,0.0,0.0,0.0,0.0,0.0
p274_Y,6.536273926175427e-72,361.94160992750494,2.0459088622172923e-05,1.7549266e-06,0.0,0.07372050168375795,0.01843567892475581
p275_FLYGTS,1.7330588368746957e-12,50.68443284614119,1.2569562138779237e-05,2.0765934e-05,7.035019887970199e-05,0.11602380267001383,0.029031872091282038
p275_I,2.2918952830394014e-48,230.9198951103554,3.027994127433939e-05,0.0,3.254316304587326e-05,0.10020769774971595,0.02506763021350904
p275_M,4.1262347214389726e-307,2424.8524338161574,0.00048060306214336843,5.099685e-07,0.0,0.049366690615847586,0.012461950911626593
p275_V,2.5565491429561966e-06,22.308486375310654,5.43806238553771e-06,0.0,0.0,0.048505138382152965,0.012127644111134626
p276_F,9.240254107803627e-59,287.48551166027676,3.1517046470417965e-07,0.0,0.0,0.058055072916374684,0.014513847021709847
p276_TSIN,0.4715973676726364,0.5185136826897625,0.0,0.0,0.0,0.0,0.0
p276_V,0.0,2790.826260082254,4.934208001455965e-07,0.0,0.0,0.07673304511023155,0.019183384632757924
p277_C,0.0030427348603504355,8.812618263326348,3.527164987632884e-05,8.8476185e-08,0.0,0.0006144094860290874,0.0001624424030225043
p277_F,0.05760194741480681,3.6110939686260575,1.1827217297842972e-05,1.2360811e-05,1.281535184288429e-05,0.03164526748130948,0.007920567715266318
p277_L,1.646544690954952e-06,23.16783854814517,6.773900458718668e-05,1.9813127e-05,0.0,0.01706221623581056,0.00428744209195878
p277_MYQVIH,0.6140924395655306,0.25437306635771345,0.0,0.0,0.0,0.0,0.0
p277_N,1.5384e-318,2571.935905938064,4.3607166227263546e-05,0.0,0.0,0.036290220801030615,0.00908345699181447
p277_S,0.039645697143006406,4.240956666725799,3.653402017191785e-07,1.8825584e-07,0.0,0.053155155146827705,0.013288927185717196
p277_T,2.194047821348721e-16,69.10600777455721,2.6233715252247483e-05,2.829666e-07,0.0,0.09431266822657719,0.023584796227106342
p278_N,4.843588442435438e-18,77.02752784967844,3.179130089451809e-05,0.0002391341,0.0,0.05175417637326839,0.013006275442734062
p279_P,5.792422136076217e-97,513.169440433279,7.002287292096443e-08,0.0,0.0,0.0827861754483932,0.02069656136781653
p279_Q,9.328163404852227e-19,80.46586546925194,1.9991230651387342e-05,6.393128e-07,0.0,0.039840354762693646,0.009965246326540264
p279_R,1.2807633651241798e-298,2319.11103939513,0.017171122247838018,0.015600167,0.016047847108058334,0.1334388785461668,0.0455645037792334
p280_G,2.77545355048e-312,2490.7293051350316,3.770793542820373e-06,1.9503249e-08,0.0,0.05481365666028883,0.013704361739270112
p280_N,4.79803289598552e-204,1322.2208359983197,0.00013451316057561184,1.253408e-06,0.0,0.03680341827647016,0.009234796211251131
p281_E,2.3023783841183814e-06,22.5128577852426,2.083853099590279e-06,0.0,0.0,0.008174395773753937,0.002044119906713382
p281_H,3.4e-322,2620.137711190704,2.35363994299813e-06,7.594849e-07,0.0,0.019555360945796543,0.004889618517664735
p281_Q,0.00030320827045944636,13.116614819734025,6.656620766617141e-05,0.0,0.0,0.04623117388052247,0.01157443502204716
p281_S,3.969456890990214e-22,96.79860100261253,0.00016103622508112698,2.8758954e-05,0.0,0.0009949313110104217,0.0002961816224488372
p281_TVIRGPFM,0.28911869872504165,1.1245790217829856,0.0,0.0,0.0,0.0,0.0
p281_Y,1.6860564555957152e-109,593.712462638831,1.953291066297905e-07,0.0,0.0,0.027744972352452844,0.006936291920389868
p282_D,2.328409369372434e-14,59.490875997449976,1.1654152403939587e-05,3.885476e-07,0.0,0.03471097806899193,0.008680755192246602
p282_E,1.2098941521028805e-07,28.29928158537128,9.205914655923936e-05,7.6537754e-07,0.0,0.0546141388277606,0.013676740837963854
p282_G,9.141070547808824e-287,2176.3958133485544,0.00028337371158826353,3.182996e-05,0.0,0.17317019344285786,0.04337134927880897
p282_N,0.00020009630117470521,13.90417932544175,1.9652359627677e-06,2.678458e-06,0.0,0.027714568404141667,0.00692980302453395
p282_P,0.007282462959439108,7.22322244725051,5.681865750072302e-05,1.3169084e-05,0.0,0.005384828158072599,0.001363703974896705
p282_S,1.8892336254662405e-07,27.419748559873668,4.452288611402237e-06,1.9872753e-06,6.62531211207103e-05,0.07372125644891661,0.018448487283475826
p282_T,0.3663228751620844,0.8166331201173459,0.0,0.0,0.0,0.0,0.0
p283_KIVYP,2.730841699549039e-33,152.35468030898045,4.91818797670807e-06,8.460051e-08,0.0,0.098180206702991,0.024546302372868912
p283_L,1.5651628429068422e-265,1934.3411915751292,1.0103805337066092e-05,0.0,0.0,0.04384093587691323,0.010962759920562573
p284_G,2.080398648977926e-29,132.78160509279112,1.5593116787139853e-05,8.170192e-08,0.0,0.010624554200490223,0.002660057254799315
p284_H,4.653370580012919e-109,590.8224064667352,1.953291066297905e-07,0.0,0.0,0.027744972352452844,0.006936291920389868
p284_S,0.004577326549466732,8.065480320774892,2.1188230836268002e-05,1.1696379e-06,0.0,0.005255168259211788,0.001319381531993531
p284_T,8.014143825453643e-10,38.2876988836325,0.000182723378739527,1.2293002e-06,0.0,0.016434343633552468,0.004154574078125517
p285_L,0.0,2838.896944784588,2.0098889891740087e-06,0.0,0.0,0.04585309827019276,0.011463777039795483
p285_P,1.1406293323824989e-202,1309.8974304614037,1.1123581873089818e-05,0.0,0.0,0.017363280381949807,0.004343600990955724
p285_YVM,2.629318069292664e-15,63.976148025485756,3.6192767310345032e-06,4.8403956e-07,0.0,0.018822136167797526,0.004706559871022248
p286_L,2.5475424695406694e-126,707.1939667581948,6.181120386924193e-05,0.0002564847,0.0019236076360273965,0.1329396322848854,0.03379538395483203
p286_MGWKA,0.7396415640768625,0.11048602386009768,0.0,0.0,0.0,0.0,0.0
p286_Q,0.05104188937277028,3.8134844500566536,1.4391958537690557e-06,1.3029003e-06,0.0,0.02071510551670712,0.005179461903208473
p286_R,0.0,4838.844805527779,1.0,1.0,1.0,0.11585250800622081,0.7789631270015552
p286_T,0.0017626192211784373,9.819664507750788,8.263888309797698e-05,7.5756174e-07,0.0,0.016376595045829244,0.004114997872665807
p286_V,7.861352497864406e-07,24.615553696344712,7.067469528873386e-06,9.808342e-07,0.0,0.06604986962122263,0.01651447948124178
p287_F,1.2885792465760414e-26,118.87001897169128,0.00017189280013363948,5.105974e-06,0.0001467407239191878,0.010264315138158063,0.0026470136591018076
p287_L,2.6928604880628e-310,2465.289513191354,2.0279800417306152e-05,1.7068962e-05,0.0004400930921769263,0.028853723609221164,0.007332791365909951
p287_M,3.349086187397416e-24,106.95049447101948,6.182397935143935e-06,3.6443562e-06,0.0,0.014115968951388702,0.0035314489263769465
p287_S,0.12956312347609772,2.3004573812796703,0.0,0.0,0.0,0.0,0.0
p287_T,3.90697097702229e-14,58.42926337161217,4.0010354831475095e-06,0.0,0.0,0.08521237988048372,0.021304095228991717
p287_V,1.172156055461464e-13,56.17935891737937,8.325378608774033e-06,1.7572975e-06,0.0,0.021633177059361564,0.005410814933859692
p288_M,5.8636103802415954e-39,181.41587169003407,0.00022631309194539153,0.0,0.001345013383908247,0.01902989067858303,0.0051503042886091675
p288_V,0.0,3898.5874200536236,0.0,0.0,0.0,0.09438857198290061,0.023597142995725153
p289_S,0.0017451270171314588,9.8381404201112,9.131867603104845e-05,2.784352e-05,0.0002188578421993105,0.0890794677568455,0.02235437194876937
p289_T,3.906627541818408e-94,495.4535017726142,2.6365246249979337e-05,2.107727e-06,0.0,0.029234935206974656,0.007315852045034632
p290_L,2.997748415788519e-87,453.0279228078035,7.733565415529291e-05,4.1564348e-07,0.0,0.045875459617354876,0.01148830272874856
p290_M,7.418027078867309e-14,57.115686309222795,1.2008413024647523e-05,3.6923575e-07,0.0,0.08035607841595602,0.02009211401618255
p290_V,0.0038360901654380195,8.388011346308057,1.9346538689260083e-05,7.968235e-06,2.6144860549451314e-06,0.061624164146717744,0.01541352335160745
p292_S,0.0005456363006530998,12.00869173917249,0.004847401634985896,0.00013387774,0.00983674181237153,0.5231748626537036,0.13449822095939434
p293_F,1.50140828213146e-29,133.4911069743283,7.411083487558589e-06,1.9366564e-07,0.0,0.04595723258902141,0.011491209334537678
p293_V,0.012767024390438694,6.217191141433118,1.7438497671251518e-05,1.9282684e-08,0.0,0.014436752305503816,0.0036135525214647402
p293_Y,1.1735139933398159e-79,407.356560903257,5.921254131354453e-06,1.5921324e-06,0.0,0.02856143564889736,0.007142237258865873
p294_L,0.0002477113733658212,13.499306853339016,1.5135441791572751e-05,9.5332695e-08,7.095394142252304e-05,0.007631674900771836,0.00192946490417014
p295_S,3.289409793208896e-275,2042.5517565993334,6.327526452735179e-06,9.904968e-07,0.0,0.08300593394507579,0.020753312992082384
p297_S,0.17226242781405565,1.8650625347262286,0.0,0.0,0.0,0.0,0.0
p297_T,2.8988446681553195e-07,26.576087809221672,2.0743641501704094e-05,9.961311e-07,4.816576349085644e-05,0.01602453177946689,0.004023609328895037
p298_S,3.9932509042730566e-51,245.740090493868,0.0002562216237561469,5.517177e-05,6.48808077187232e-05,0.057923051750957105,0.014574831488417227
p299_C,0.0,3752.9376318369914,5.832634323522851e-07,0.0,0.0,0.012705661110087346,0.0031765610933799245
p299_S,3.854252430005826e-09,35.145084261910355,6.646815095321197e-05,1.6873892e-05,0.00010899113571683011,0.09141240415474933,0.022901184333250287
p299_T,2.291891285994988e-52,252.452546752435,8.428482495654644e-06,0.0,0.0,0.03747654430799919,0.00937124319762371
p300_L,2.398623682955814e-15,64.16540210009244,3.175220169266378e-05,2.3176126e-05,0.0,0.0315994836394458,0.007913602991779204
p300_V,7.235396979664965e-217,1439.7851867749396,0.00012267252914439878,6.0805785e-05,0.004579845208000889,0.11658781051373306,0.030337783509050635
p301_Y,0.1550860346504778,2.0236957831886686,0.0,0.0,0.0,0.0,0.0
p303_P,0.00019701224919215548,13.933669974596175,9.114861480221245e-07,0.0,0.0,0.04164816163501962,0.010412268280291912
p304_L,0.017135451512297315,5.696120444379781,8.102881777285957e-06,5.898198e-07,0.0,0.028667011251150766,0.007168925988186926
p304_M,0.0018774348404298532,9.70282511601384,8.332126820455875e-06,7.2840544e-07,0.0,0.03270231179997199,0.00817784308305788
p304_V,6.093902025131683e-53,255.57352093581258,4.516606742944127e-05,4.3957534e-06,1.6534725602679954e-06,0.043165288539245485,0.010804125958164225
p307_C,1.5155367871733934e-201,1299.8782761196296,9.917314150278655e-06,0.0,0.0,0.0030983778083956068,0.0007770737806364713
p307_I,5.46706526121347e-26,115.76186807105381,5.597739696835745e-06,1.1562117e-06,0.0,0.0498043955233175,0.012452787368688061
p307_S,5.222144344972917e-33,150.92602315813292,2.5345641713470836e-05,1.3930154e-06,1.4221527416886416e-05,0.03144735823205711,0.007872079604145737
p307_V,6.738933647461379e-79,402.8537188152013,8.933157780936713e-06,7.719505e-08,0.0,0.04774861085566294,0.011939405302122669
p308_F,3.858885105087075e-40,187.54670683771272,1.6679979499892258e-05,4.2449483e-06,4.126538162246172e-06,0.033861997234470094,0.008471762175104612
p308_L,4.944780299872175e-05,16.573031117869455,1.251043610399075e-05,0.0,1.2082647772637939e-05,0.045869814932641424,0.011473602004129514
p308_M,1.6244887706532189e-09,36.872223832529784,1.0110011962236474e-05,3.5855765e-06,0.0,0.024561220419270485,0.006143729001920895
p308_V,0.007350792801674016,7.206371033213798,3.6480042703269023e-06,6.532957e-06,0.0,0.0009975720682961946,0.000251938257349507
p309_M,0.024590592249615975,5.0634984683163635,1.701928680985078e-05,2.709865e-06,0.0,0.0742060854610841,0.018556453653205934
p311_R,5.370463208164477e-101,538.7148069282969,4.613559303246842e-06,5.1711197e-07,0.0,0.021720519822693365,0.005431412623491908
p314_R,1.5768429560292288e-26,118.43540706321743,3.2274536021465046e-06,6.7477794e-07,5.858740613108575e-05,0.019049632673444235,0.004778030577778526
p315_G,4.702282369931239e-12,48.65611749036168,5.4124867842651345e-05,1.3176122e-05,0.00019539930685358203,0.10142154539146564,0.025421061421961343
p315_H,1.410743955678111e-08,32.55924583192506,2.440501117356212e-06,1.1481166e-06,0.0,0.09259280386178376,0.023149098119863515
p315_N,1.0328549818152464e-166,1007.0242253897103,3.604842859630402e-05,9.9898225e-06,0.0,0.03593479469483569,0.008995208236483414
p315_S,1.5535643961377782e-05,18.803299807679693,1.9432176750757984e-05,0.0,0.0,0.08271301317554099,0.020683111338072935
p315_T,2.6566364557109018e-11,45.147991263323995,6.724159033589161e-06,1.0018189e-06,2.036199909552201e-05,0.022558208406720882,0.005646574095930796
p317_M,3.419906674021028e-38,177.45585074995174,0.002358920657981541,0.005644044,0.015876715669714575,0.05592950701126581,0.01995229681162127
p318_L,0.05201279825330005,3.7818458086133244,0.00014583243809191998,0.00018544153,0.0005142561974139798,0.05720295240616532,0.014512120643257144
p318_M,3.0194229738145086e-55,268.13891386774196,8.010643222293655e-05,4.5688836e-07,0.00017171286663035062,0.027681135297022832,0.006983352871058594
p318_V,2.447483580300461e-06,22.393563652424916,0.00023584533822900304,0.00019054822,3.05642565410519e-05,0.02118892206540616,0.005411469970148186
p319_E,0.0,3471.515484509699,5.312467112251461e-06,0.0,0.0,0.126357972679049,0.03159082128654031
p319_K,5.745299937102877e-09,34.348467889839476,2.7660627615139457e-06,9.640453e-08,0.0,0.022169714085560732,0.005543144138212318
p319_Q,4.9478149625448006e-101,538.9418275390441,5.14826981425702e-06,0.0,0.0,0.027210506462434614,0.006803913683062218
p319_S,1.4563530150026793e-05,18.92823591083006,9.599272710883475e-06,2.3873102e-07,0.0,0.018420019849291293,0.004607464463255283
p319_T,6.546870353139869e-39,181.16804806294192,0.0001933462287581668,7.3189167e-06,0.0,0.01411587892170898,0.0035791360167885186
p320_L,4.017623101733888e-73,368.96666405447627,1.7211202239524466e-05,0.0,3.7206964076572993e-06,0.03105475757472305,0.007768922368342558
p320_M,8.680178595703779e-63,309.938937375505,5.799321081123546e-05,0.0,0.0,0.03620324876210931,0.009065310493230136
p320_T,7.319886776262627e-06,20.26112896599438,2.1883957152981765e-05,0.0,0.0,0.004249530103823962,0.001067853515244236
p321_I,7.081178456074943e-09,33.9316553137073,6.451216334905923e-06,6.900993e-08,0.0,0.027172941518209107,0.006794865436118113
p321_L,1.5796729467575775e-20,89.0209361274009,4.696249948416169e-05,1.8722081e-05,0.0,0.05402947940449273,0.013523790996299778
p321_V,0.0,2953.359738844284,3.2708472171952895e-06,0.0,0.0,0.05804498194226789,0.01451206319737127
p322_FGNL,1.5192605544801065e-19,84.26539497831352,6.731766250476042e-06,0.0,0.0,0.07704877065403397,0.01926387560507111
p322_GAP,2.495003630022488e-122,679.6925336660204,2.4123797906322806e-06,0.0,0.0,0.029066166563258923,0.007267144735762389
p322_M,0.0007120234337662766,11.509064283898619,1.2668062187603628e-08,0.0,0.0,0.020034709166217766,0.005008680458569988
p323_KS,3.6585762363425015e-07,26.117992235328774,3.3668215444279404e-05,2.0502153e-08,0.0,0.05604695391480056,0.014020160658099426
p323_R,3.2086001481317897e-35,162.1857510718978,8.07216270591863e-06,4.1933095e-06,0.0,0.046030461628106416,0.011510681775065779
p324_K,0.01290567305591086,6.197983620525175,5.299509744605266e-05,2.3460148e-05,0.0,0.028254161457532276,0.007082654175854779
p324_M,2.8285136945946674e-08,31.17705755080735,2.3243729146356398e-07,0.0,0.0,0.03058482909978375,0.007646265384268804
p324_NSDTACQI,6.588424223476235e-05,16.022823774594176,1.1916557841730159e-06,3.863286e-08,0.0,0.03198690272724978,0.00799703325397316
p324_R,3.957240098524786e-08,30.5109311188156,0.0001723226394565159,1.8526984e-05,0.0,0.07187788211024183,0.018017182933348277
p325_GAP,5.389448209636795e-46,218.29182647697664,2.2858870844007587e-07,0.0,0.0,0.03527648668192324,0.008819178817657921
p325_N,4.355318662897694e-34,156.40787691427718,8.318382587295351e-06,0.0,0.0,0.03505023757767856,0.008764638990066465
p325_S,0.11689541398071875,2.461491165534973,0.0,0.0,0.0,0.0,0.0
p326_GAP,1.2293702585956861e-62,309.09067793714627,2.7585465941827555e-07,0.0,0.0,0.029008701131326402,0.007252244246496455
p326_KASTLQNRF,2.14360024446686e-17,73.93122679854645,1.160493822952974e-05,8.1573745e-08,0.0,0.018439705285065795,0.004612847949260104
p326_P,2.307573369553366e-43,204.3966438458682,1.3697133341734133e-05,0.0,0.0,0.0634829334113062,0.015874157636161984
p327_GAP,2.4627605438034915e-63,313.01283857983134,1.910023120733141e-06,0.0,0.0,0.024254180348467238,0.006064022592896992
p327_L,5.865776272586249e-13,52.890726350608894,1.525073704664798e-05,3.6976147e-07,0.0,0.01831621336326599,0.004582958465444632
p327_M,1.67267693662547e-238,1649.8529904080683,8.150861102915731e-06,1.6991393e-06,0.0,0.123581619399263,0.0308978673499068
p328_E,3.5404225847217775e-11,44.56750132714199,6.604144226387415e-06,6.408405e-06,0.0,0.039721249808404566,0.009933565589450258
p328_G,5.057557743800942e-11,43.84716661859399,8.721309104513032e-06,0.0,0.0,0.0361776599468114,0.00904659531397898
p328_GAP,0.0,2726.885365076678,9.052062887705796e-06,0.0,0.0,0.1134641974962083,0.028368312389774
p328_K,2.3232345622319733e-84,435.51185435835527,1.2667422287709618e-05,0.0,7.658624973362259e-05,0.06742922809397094,0.01687962044149807
p328_V,8.589263702809072e-08,28.976400632188565,7.323915400243976e-07,2.2795668e-08,0.0,0.005540172166786654,0.0013852318384985636
p329_D,2.841114667944729e-09,35.754281434341245,9.647348441594247e-06,2.5012e-06,0.0,0.02205443104498331,0.005516644898360002
p329_E,9.357946802214143e-08,28.806923847675908,7.590618776638144e-06,2.6205469e-06,0.0,0.0027437634495946473,0.0006884936538092534
p329_S,2.139643986648171e-99,528.5367618696336,2.5276026706564057e-05,9.074685e-06,0.0,0.026091779335355697,0.006531532511839256
p329_T,3.495377350466975e-63,312.1578606962925,6.038012876541937e-05,1.0157725e-07,0.0,0.00047761986581382394,0.00013452539295724148
p329_V,9.198314650591087e-102,543.6076892351787,2.472311539276362e-06,3.545486e-05,0.0,0.08430805081331462,0.021086494496479233
p330_E,0.002152129781590256,9.450380051136602,1.801712701806632e-05,2.532632e-07,0.0,0.05946951638635689,0.014871946694146118
p331_D,1.068415549227703e-07,28.54496412176857,3.233152848548701e-05,3.6237924e-07,0.0,0.029146704834916628,0.007294849685660405
p331_E,0.001999480579253153,9.586325871222737,1.6642876019966766e-05,8.315588e-06,3.205292795949427e-05,0.02830085751877285,0.007089467227756791
p332_D,0.13080215993711622,2.285654866225934,0.0,0.0,0.0,0.0,0.0
p332_E,0.00013295103115258666,14.681666736957196,9.050594419744532e-06,1.6404983e-06,0.0,0.01992520025984176,0.004983972838150336
p332_G,3.0052522444572914e-84,434.8375365164538,8.966683839861241e-05,7.88825e-07,0.00010392672592323943,0.1089960417154082,0.02729760602618029
p332_GAP,7.959344779489796e-10,38.30145708518046,6.509975123436014e-06,3.3026657e-07,0.0,0.029958862544671824,0.007491425696592115
p332_S,7.288932379502404e-226,1525.3117176823923,1.7969503460035848e-05,8.1051905e-07,0.0,0.1041857662797681,0.026051136575570667
p332_T,5.944333501676578e-05,16.219931822076923,1.8938904458748996e-06,1.1142129e-07,0.0,0.03640326567131332,0.00910131774576318
p332_V,0.001961358959434327,9.621921573525418,7.507521288485495e-06,2.0546138e-06,0.0,0.03599005111540676,0.0089999033126207
p333_D,2.368255358655285e-180,1117.6864893139877,2.985481250197188e-05,6.4075743e-06,0.0,0.04029073924621164,0.01008175040826507
p333_E,4.593580396454073e-31,141.09868161343434,0.00017985163820427098,0.0004415079,0.00020809286820599996,0.049833211460393254,0.012665665967199974
p333_GAP,9.663082494887445e-10,37.91261280507747,3.7234521653436413e-06,6.961198e-07,0.0,0.03653284866069637,0.009134317058164991
p333_S,2.7239422525913994e-79,405.18582230494195,2.3570216529693138e-05,8.453405e-07,0.0,2.8340412330507015e-05,1.3188992335120583e-05
p333_TVGNLKYM,0.06635111224691946,3.3763612918718784,2.0231681142285163e-05,6.2554977e-06,0.0,0.06238613651241044,0.015603155922822578
p334_E,4.616401629931926e-107,577.7880610102662,3.6592509607297454e-06,0.0,0.0,0.005168219673790439,0.0012929697311877923
p334_GAP,0.012936319247120813,6.193766748248575,4.149814728551087e-06,1.7773336e-06,9.008464441401188e-06,0.014353240764766741,0.0035920440943933507
p334_MLIQ,4.638547662252035e-18,77.11769050300543,2.8288208275550666e-05,5.5114424e-06,3.426427113574891e-05,0.0822952216383826,0.020590821390047424
p334_S,0.002236044010175621,9.379761141213894,1.720597652467836e-05,1.5087682e-07,0.0,0.07598542019499668,0.0190006942620841
p334_T,7.619619133825191e-11,43.02011525269057,1.1676776165765174e-05,1.1463314e-07,0.0,0.046336008573305595,0.011586949995652475
p334_V,7.626302650282357e-252,1787.0908883814147,0.0004356765312073517,3.563171e-06,0.0005791160065528486,0.08707797710989776,0.02202408320467671
p335_G,0.30621269678816726,1.0477115654812819,0.0,0.0,0.0,0.0,0.0
p335_GAP,9.448319203680806e-12,47.24079648885075,1.667440556782746e-05,2.959683e-06,0.0,0.00605374361740199,0.0015183444264644803
p335_L,7.923961241919874e-61,298.9706742133829,2.121600939320744e-06,9.0895384e-07,0.0,0.0046086717553208995,0.0011529255775242157
p335_S,1.7432072144685207e-145,844.4531177665664,8.249624835170033e-05,2.7713844e-05,0.00025855169315592126,0.0658020141664171,0.01654269398804294
p335_T,0.1066741465142423,2.6061882129994753,0.0,0.0,0.0,0.0,0.0
p335_V,4.647511771253557e-29,131.03464965410907,5.893609161714842e-06,2.8495847e-06,0.0,0.05020122506689649,0.012552492065186827
p336_GAP,3.548943953061888e-49,235.25723222252472,9.5911193776318e-06,5.3554886e-06,3.7736530161134516e-05,0.04748934046910852,0.011885505901814523
p336_S,3.0523896774949046e-44,209.02143399736255,3.564537817695551e-05,0.0,0.0,0.004395739205174491,0.0011078461458378618
p336_TAQMLI,0.014872718070891128,5.9462885803717915,1.458836301728312e-05,2.2460738e-07,0.0,0.019513040095411917,0.004881963266451363
p336_V,1.19393103895997e-10,42.11475248877273,1.2818310518934154e-05,3.0477504e-05,0.00015251273231009556,0.013307593740875551,0.003375850571918508
p337_GAP,0.8304829815835788,0.04584840718659503,0.0,0.0,0.0,0.0,0.0
p337_S,4.042051453957846e-08,30.468889325894498,1.3733540347079173e-05,3.7782763e-07,0.0,0.008002129042815526,0.0020040601026987243
p337_T,1.4110737751963238e-11,46.42824416240409,6.815310006325238e-06,6.9714456e-06,0.0,0.03209849371707557,0.008028070118170564
p338_GAP,3.914347400697751e-24,106.61768334023013,0.0020640415447443204,0.0011620835,0.0029283556954947517,0.0338962762680025,0.01001268924462604
p338_Q,0.0007297983191171223,11.462854289255846,9.699728068589436e-07,7.553583e-06,0.0,0.021492876328143982,0.005375349971024119
p338_S,5.044104680082025e-21,91.42612907108267,3.6837771822229955e-05,0.00020558207,6.361976582751435e-05,0.08072933703126685,0.020258844158722505
p338_T,3.6316806274335496e-32,146.66063324338327,1.7261417511263097e-05,4.0745435e-06,0.0,0.05299860109233535,0.013254984263346628
p338_V,2.0583438735695754e-08,31.808237975214052,4.934993995245034e-05,3.88344e-05,0.0,0.0035305540131105803,0.0009046845886391725
p339_Q,1.9307777421e-313,2505.628461145764,1.7830712463786032e-06,6.7802375e-06,0.0,0.02110309743370839,0.005277915185620438
p339_S,6.107970194359925e-205,1330.2676555713729,1.0486658305157078e-05,2.6582697e-05,0.0,0.06297042267081872,0.015751873006428843
p339_TGNVRI,0.862392957902473,0.030054011427580147,0.0,0.0,0.0,0.0,0.0
p340_K,3.355687319788304e-11,44.67579287602873,3.424911370958275e-05,0.0001742967,0.00022112150785651063,0.07825516204375059,0.01967120734125346
p340_R,0.0003157221793095037,13.04014224607173,2.149884715242184e-05,6.9354755e-05,0.000261497053210778,0.10823269795514963,0.027146262152727328
p340_V,3.6157079517349007e-06,21.632689551124507,5.94637437870234e-07,0.0,0.0,0.004906275221017545,0.001226717464613854
p342_Q,1.3031283954225946e-05,19.143286278694752,1.7391655698702406e-05,0.0,0.0,0.018812399060544983,0.004707447679060921
p343_GAP,2.4417228116056177e-12,49.987319692790905,5.833102080782822e-06,3.3042147e-07,0.0,0.07241364820480085,0.01810495293208829
p343_T,0.19550589588757758,1.6772445461168657,0.0,0.0,0.0,0.0,0.0
p343_V,2.3357877877199697e-32,147.63020695688402,6.628119841429992e-05,5.2232383e-07,9.06647359815729e-05,0.017889609161243936,0.004511769354867554
p344_S,2.6293275223838936e-25,112.39212427523127,1.0248244972377487e-05,1.667143e-05,0.0,0.09078410031079508,0.022702754996638166
p345_K,0.0010426494267166333,10.795796105662198,2.7128227997125873e-07,0.0,8.018048569242147e-05,0.03370937937307176,0.008447457785261037
p345_S,0.7902192696257244,0.07079701885010571,0.0,0.0,0.0,0.0,0.0
p345_T,1.9012952278903746e-31,143.02972524995022,0.00017147153951699328,2.8305788e-06,0.0,0.005593632047099276,0.0014419835413418036
p346_GAP,6.382359367242329e-38,176.0572501414079,9.761470391399955e-06,1.7973383e-06,0.0,0.02594381174937965,0.006488842639521196
p346_V,7.231799517389014e-33,150.2090732813094,1.4606260232131722e-05,6.825041e-06,1.695679917856598e-05,0.058287319426027204,0.01458142688162322
p347_NAPC,7.5798794945613605e-06,20.193384456436128,1.2402993477918371e-05,8.713537e-06,1.2342459702449692e-05,0.05299814424322116,0.013257900808293413
p347_S,4.620187949170464e-130,733.3092170392774,1.738957796383345e-05,6.999997e-06,0.0,0.04060647269026887,0.010157715566286371
p347_T,4.7626125461832375e-12,48.630240521589144,9.325413629645127e-06,3.2898686e-06,0.0,0.06475032511884952,0.016190735100263073
p348_S,0.8154869168703415,0.05447450041559557,0.0,0.0,0.0,0.0,0.0
p349_K,5.651049368950529e-32,145.68995823932667,2.6382614073896796e-05,5.250334e-07,0.00022299247235755976,0.10623472556067311,0.026621156420122555
p349_Q,1.973267059930718e-45,215.3052393945445,7.219612281830173e-06,1.1536146e-06,0.0,0.03747221204009246,0.009370146316734098
p349_S,3.189906648684375e-112,611.6564111367021,1.9922733719175845e-06,9.716231e-05,0.0,0.02368877499872037,0.005946982395153231
p350_GAP,1.540893845034519e-06,23.29751198459054,1.8479785559867722e-06,7.685815e-08,0.0,0.03809663453891474,0.009524639843905199
p350_V,0.002889388977221646,8.907621092751794,9.040647779143812e-06,0.00011803781,0.0,0.02641799556141121,0.006636268504658387
p351_G,1.9504236250634824e-48,231.29456402172355,1.5342510219230153e-05,2.0612206e-05,0.0,0.0939534969377467,0.023497362913452575
p351_GAP,0.056445159212978435,3.644947361703014,2.619767321887725e-06,3.857237e-06,0.0,0.037138694979766296,0.009286292996037374
p351_S,0.0885726263856574,2.904196058920506,3.324652855899223e-05,2.35564e-06,0.0,0.016541613278826063,0.0041443038618301535
p352_P,0.06339539758479246,3.4517658248291587,1.0269830705232876e-05,1.3474823e-06,0.0,0.05384021467406908,0.01346295799677834
p353_ENTKGLV,4.22737851425892e-18,77.31119214320348,3.981287375140961e-05,7.2242204e-07,0.0,0.02181387685106584,0.005463603036715303
p353_GAP,0.06339539758480957,3.451765824829014,1.0269830705232876e-05,1.3474823e-06,0.0,0.05384021467406908,0.01346295799677834
p353_H,1.1093792229183936e-32,149.2673523156902,3.0489132337369896e-06,6.0436e-08,0.0,0.02687184736523969,0.00671873917861863
p353_S,2.3611011169068033e-161,964.8953333038737,3.418281277456358e-05,9.90092e-07,0.0,0.030554221655716075,0.007647348640113208
