,R2,MAE,MSE,RMSE,MAPE,SD,ASD
xgb,0.9836768664512219,4.14800163918809,60.053133954422414,7.5243542238535595,0.009196174133726651,7.7513627391043585,6.54783641670751
