feature,p_value,score,gbr
p1_H2,0.0062692407831893456,7.522036133915466,3.1442671615125176e-05
p1_P1,1.1258169065132287e-07,28.810300424960523,1.4887334568102459e-05
p1_NCI,0.034360637382748284,4.496314145892167,4.835788799805474e-06
p1_MASS,9.421093651581894e-07,24.530522262360837,1.4469335297098097e-05
p1_SASA,1.0051747272532263e-06,24.400791653867085,1.4469335297098097e-05
p1_PKB,9.245642871389076e-08,29.209527768998388,0.0019096368076517453
p2_H2,2.2343143799299378e-08,32.10027533115174,0.0005672841896492649
p2_P1,5.667906870772737e-12,49.325767912994486,9.217925652371263e-05
p2_NCI,9.899176830282251e-10,38.512574351725284,3.442715259213666e-05
p2_MASS,5.3573300531408813e-17,74.35019283889335,4.297377375335068e-06
p2_SASA,1.2325898013599118e-15,67.46259044494583,4.297377375335068e-06
p2_PKB,1.6923150861143154e-09,37.40287198548904,0.00044252466318473035
p3_H2,3.355060671918701e-12,50.436636757269746,0.0016557541004851271
p3_P1,2.317480044608148e-13,56.13369906311178,0.0013785754714053572
p3_NCI,1.7874743613444454e-12,51.77362430355167,0.00013069395101329
p3_MASS,8.735045615867595e-28,131.61180272905125,0.00025781796050562976
p3_SASA,2.296910772844291e-25,118.34761382254693,0.00025781796050562976
p3_PKB,6.885023227598695e-08,29.80788977547982,0.00011125113616056882
p4_H2,2.6804598794362587e-08,31.72858428588413,0.002719902443043964
p4_P1,0.24029222703777184,1.381502502401724,0.0
p4_NCI,0.0005980794163149708,11.903096626449928,1.0617560808149604e-05
p4_MASS,2.11204844116208e-06,22.917783373482575,1.4289743076115591e-05
p4_SASA,4.922494945825105e-06,21.23609364771419,1.4289743076115591e-05
p4_PKB,0.05045887317852987,3.840935677001636,0.0001400406417329494
p5_H2,4.901071249100055e-16,69.48025623288697,6.516235086553581e-06
p5_P1,2.665708558413753e-06,22.454174533776524,5.124353743819769e-05
p5_NCI,0.0001589675211529107,14.43826220807652,0.0001790984658449013
p5_MASS,0.0006011047429310044,11.8935179879528,1.0020799891891537e-06
p5_SASA,0.0027348633067738977,9.0483515575529,1.0020799891891537e-06
p5_PKB,0.012482173032438005,6.2773074212032585,5.497964853820554e-06
p6_H2,0.5148652743821397,0.4246494847514201,0.0
p6_P1,0.0024840181689950672,9.226972199000013,0.00014889349819184218
p6_NCI,0.005620432852520034,7.721495035106709,0.0023256156647443217
p6_MASS,0.3385234988491129,0.9174183780195156,0.0
p6_SASA,0.3311885308761985,0.9457129977575565,0.0
p6_PKB,0.006514008664859654,7.452230062080195,5.4231300986586196e-05
p7_H2,7.52276255394225e-14,58.54942552758172,0.0003076574374524356
p7_P1,8.783184256225925e-16,68.2031697704535,0.0006327720857819124
p7_NCI,7.243312295071521e-09,34.40726910494319,0.0005466208624823049
p7_MASS,3.3103872256463665e-12,50.46506525514389,8.219379304086662e-06
p7_SASA,1.9874202943652214e-10,41.85072164842955,8.219379304086662e-06
p7_PKB,4.699038500595691e-07,25.926282388430398,0.0006097716123643098
p8_H2,0.11335533636649901,2.513844200097389,0.0
p8_P1,0.3470695092059721,0.8854748279073497,0.0
p8_NCI,0.0015985537615815515,10.049167959005908,0.00019992789409555223
p8_MASS,0.020506076633385287,5.395696815309755,5.592208794583306e-05
p8_SASA,0.006221367405058188,7.536015110353861,5.592208794583306e-05
p8_PKB,0.21117016823315102,1.5665916718835773,0.0
p9_H2,0.11714998915279688,2.461804815153952,0.0
p9_P1,1.6581142106716952e-09,37.445074998299795,0.0003097839750842971
p9_NCI,1.8210802425355443e-10,42.03309927186234,0.0019865080837931154
p9_MASS,0.5225345473635052,0.4093482947423795,0.0
p9_SASA,0.24900570382609963,1.3313489619151186,0.0
p9_PKB,3.938354459898906e-07,26.28151139627688,0.1333707551263765
p10_H2,2.5232970455619776e-18,81.13506464176665,1.899109381215434e-05
p10_P1,0.0002344884139448571,13.690686838274706,0.0014464145390558699
p10_NCI,0.00011610814519453313,15.044650716689526,0.0014464145390558699
p10_MASS,4.000151802083506e-10,40.393627262661155,2.9607628886532456e-05
p10_SASA,8.453278300999261e-11,43.637272350436845,2.9607628886532456e-05
p10_PKB,1.1853184128145433e-10,42.93005558433303,0.004313630696856074
p11_H2,2.025377806238404e-10,41.811256018538764,0.0005049241945189852
p11_P1,2.7986188889722376e-06,22.35736918928597,0.0006379049840736657
p11_NCI,4.007642196626035e-05,17.110890055931055,4.376169969386161e-05
p11_MASS,0.8393537244628946,0.041129672150122275,0.0
p11_SASA,0.29184559573208746,1.1129637220959125,0.0
p11_PKB,0.5519254530348379,0.3542620248665451,0.0
p12_H2,0.018007256756611564,5.625032635981496,7.446158346646158e-05
p12_P1,0.011050660967202634,6.495778136738377,0.00012091466282023862
p12_NCI,0.44518788870065495,0.583611878745497,0.0
p12_MASS,0.3522690193095891,0.8665572586693852,0.0
p12_SASA,0.5579790978392912,0.343583864679966,0.0
p12_PKB,0.2637090092383905,1.2514279113387925,0.0
p13_H2,1.6152883350710624e-27,130.13631997120535,0.00039336833630672694
p13_P1,0.0070707158990014705,7.302978071324721,0.00026099319196513384
p13_NCI,0.08676014367914163,2.942720830861846,0.0
p13_MASS,0.6362246274348342,0.22393261443558382,0.0
p13_SASA,0.2698033770792186,1.2199063575652644,0.0
p13_PKB,0.5929513444976414,0.2860523899398847,0.0
p14_H2,0.8274103070304663,0.0475743127186652,0.0
p14_P1,0.4127871168614229,0.6716549590162897,0.0
p14_NCI,0.04589336827671888,4.001421310242023,1.709672800234951e-05
p14_MASS,0.19322667807192653,1.696489563322703,0.0
p14_SASA,0.1665097787592869,1.918551782845377,0.0
p14_PKB,0.26249510627435174,1.2578149946581811,0.0
p15_H2,4.946852076016759e-06,21.226310937630156,5.7678113490853263e-05
p15_P1,4.004534269431664e-21,95.68610187343018,4.030540081078871e-05
p15_NCI,9.018291806213116e-17,73.20099772781505,0.00011113930527012519
p15_MASS,2.0115127673599385e-14,61.39440095314337,0.002978021276379498
p15_SASA,2.4989890030635817e-15,65.920865478652,0.002978021276379498
p15_PKB,9.663205555453199e-21,93.678550638886,5.666197849532874e-05
p16_H2,6.005952735001784e-14,59.03412526285996,8.667169034848898e-05
p16_P1,2.2805082431654333e-50,267.76788421987607,0.10810879776220954
p16_NCI,8.20766928707736e-10,38.9009668808924,4.137008367266633e-05
p16_MASS,1.3811811139831535e-13,57.24362803956176,3.255421140913783e-05
p16_SASA,2.434027184470803e-12,51.117652879639294,0.0010407425464759809
p16_PKB,6.263853039477276e-31,149.21622436110738,0.00021165484339153183
p17_H2,0.011163596963019896,6.477511794465452,0.008308278190174103
p17_P1,4.807399208040738e-31,149.86765299380752,7.08452783855492e-06
p17_NCI,6.808584351830626e-33,160.4249150348101,0.0014790834868428579
p17_MASS,4.201894240333049e-28,133.3721364996896,4.7890809731429826e-05
p17_SASA,1.2491136972465791e-22,103.64718016319395,4.7890809731429826e-05
p17_PKB,1.411300978627869e-22,103.36531952772175,0.00021865570778450491
p18_H2,0.4572931937096193,0.5531975161094465,0.0
p18_P1,0.1715693428917888,1.8734682400680098,0.0
p18_NCI,1.3894168304399933e-07,28.384291940276793,3.1065360359356662e-06
p18_MASS,0.7430606161047602,0.10754990650301274,0.0
p18_SASA,0.6813640114254148,0.16875188616453346,0.0
p18_PKB,0.12336357964139182,2.380499693179618,0.0
p19_H2,0.0029723097229916833,8.894020944550409,0.000569092718666523
p19_P1,2.5610730141499615e-09,36.547238809804306,0.0002446241528988215
p19_NCI,6.83014653395109e-14,58.75727776167452,0.002290409935696522
p19_MASS,4.875187259301446e-13,54.54257878683623,5.713375865266011e-08
p19_SASA,1.5282956689847323e-11,47.23058361600069,5.713375865266011e-08
p19_PKB,8.070055636389062e-07,24.84063780709553,6.811143045487984e-05
p20_H2,2.1763075955728548e-35,174.9086288490881,0.0009790060292614537
p20_P1,1.380766863771334e-22,103.41581255683978,0.0001319114422568602
p20_NCI,1.199411934252965e-07,28.682023658764315,0.0007045662288617244
p20_MASS,9.034598576696117e-49,257.36232793285376,0.006394251305768691
p20_SASA,4.0890063476818635e-34,167.4806016265167,0.003379403383480863
p20_PKB,2.5755558469431795e-20,91.45148161251663,0.4617635296489554
p21_H2,0.0046860947578383815,8.054527060708113,0.00015098074319421656
p21_P1,0.019558490817083087,5.479069455313666,0.0003063666371077351
p21_NCI,0.071908138892251,3.249911272312651,0.0
p21_MASS,0.5844656032668689,0.2993812140268503,0.0
p21_SASA,0.5680140815593222,0.32636220900881957,0.0
p21_PKB,0.8426531812838362,0.039435333186635654,0.0
p22_H2,3.0615300943060784e-10,40.95016712511752,9.374450231861918e-05
p22_P1,5.165794986859742e-13,54.418886999662,4.433663209495185e-05
p22_NCI,0.25908302701188585,1.2759663160845613,0.0
p22_MASS,0.0024063662834996054,9.286007518558256,9.974415792871371e-05
p22_SASA,1.1006825235531857e-08,33.548862867514,0.00025637554082781833
p22_PKB,0.21498314067957924,1.5406691632075542,0.0
p23_H2,0.0012557388500954304,10.501901591746453,0.007028981312663697
p23_P1,0.5612155261638044,0.33796492417119,0.0
p23_NCI,0.0003009965548369175,13.21209637507899,0.0028370821567505807
p23_MASS,0.35058997614639564,0.8726243585146009,0.0
p23_SASA,0.9224231828810363,0.00949086797664538,0.0
p23_PKB,0.11925309505077183,2.4337606239775758,0.0
p24_H2,0.005367518154472514,7.805708345339986,0.0
p24_P1,0.24025196271856672,1.3817393895525762,0.0
p24_NCI,0.5784481172423512,0.30907318352623914,0.0
p24_MASS,0.11413579041068385,2.502985333554267,0.0
p24_SASA,0.09982759086439792,2.7163353210522834,0.0
p24_PKB,0.5252103763146462,0.4041026233923456,0.0
p25_H2,0.029763944690937492,4.744535466754342,0.0004395246429519891
p25_P1,0.7099505791530385,0.13845215399325028,0.0
p25_NCI,0.0014918995498627969,10.178506632946696,6.351920375076817e-08
p25_MASS,0.013833383969592307,6.093587593643954,0.0
p25_SASA,0.026135390993077778,4.970619692841774,0.0
p25_PKB,0.6777149333551111,0.17287136071758324,0.0
p26_H2,0.02585473107715023,4.98945186746401,3.945561201944028e-05
p26_P1,0.5611999404063539,0.33799183482329476,0.0
p26_NCI,0.23733993657074623,1.3990009679688948,0.0
p26_MASS,0.6298932749146323,0.23243418883658207,0.0
p26_SASA,0.5962816280690247,0.2809278880656125,0.0
p26_PKB,0.6540977278249549,0.2009655447664152,0.0
p27_H2,5.814206972874188e-12,49.27183544822456,0.008978054685221662
p27_P1,0.14373290383321052,2.1428995172220597,0.0
p27_NCI,9.394763193033235e-07,24.536126931371548,0.00015455548026202374
p27_MASS,0.05405276817394135,3.7250720676007214,0.00010631685166033158
p27_SASA,0.005242924825920926,7.848698254123957,0.00010631685166033158
p27_PKB,0.04206434572313339,4.149606470081036,0.0008093941399700163
p28_H2,2.2525846012199523e-28,134.8751965416954,0.002153899078479867
p28_P1,1.1474028110758133e-34,170.68999165139036,0.00016561757444303249
p28_NCI,1.0573741881132909e-06,24.299462196110298,0.004103381739478554
p28_MASS,0.5669965507734215,0.32808162873709246,0.0
p28_SASA,0.551025018512634,0.35586923354042305,0.0
p28_PKB,0.013077056030840731,6.194015603265363,4.708299792856116e-05
p29_H2,1.1441272783552887e-08,33.46953234173636,0.008630767683121527
p29_P1,0.039753055271523646,4.246105755647742,0.020822105452871758
p29_NCI,0.2390228223553472,1.3889941403032877,0.0
p29_MASS,0.0009964836218186626,10.937178976224354,0.0002657767046213877
p29_SASA,0.004076212456869237,8.310817612291519,0.0002657767046213877
p29_PKB,0.20639380179850045,1.5998593593139614,0.0
p30_H2,0.8187461630328136,0.05255752692206596,0.0
p30_P1,0.7736379217215114,0.0827966229409623,0.0
p30_NCI,0.018399990807103705,5.5868810150838835,0.00021537628377782525
p30_MASS,0.12187979050097064,2.3994952074758698,0.0
p30_SASA,0.5898394614826861,0.2908948033499156,0.0
p30_PKB,0.031636961000361584,4.6388531184078925,1.0818101831482129e-05
p31_H2,3.320769534774076e-08,31.291666965290933,1.3998496161042878e-05
p31_P1,3.818896137517078e-09,35.72365839683049,0.00021969602654827933
p31_NCI,4.649128370854895e-39,196.71102248103384,0.036259801915286424
p31_MASS,0.0017336670380791955,9.897363763360195,0.0039169848727602105
p31_SASA,0.005541491572061659,7.747357070157265,0.0009295687769698918
p31_PKB,8.237331825852257e-17,73.40072000499102,0.00034415294939926387
p32_H2,0.0006521981854750634,11.738734351364368,0.0005295026358285327
p32_P1,0.0007361567133864562,11.509279615157475,0.002225612564890897
p32_NCI,0.030203160301556745,4.719141615823863,0.00027753835432595754
p32_MASS,0.00030617398086092007,13.179455460256028,0.00023521991386262525
p32_SASA,0.0002449734522013142,13.606748414616924,0.000405788131605674
p32_PKB,0.06583358104601311,3.3958431683647077,0.03735699881203756
p33_H2,3.624484992011562e-14,60.12268332283685,0.0001258768085196954
p33_P1,3.3287913195486387e-07,26.620084627053924,0.004053399851484753
p33_NCI,0.0006815877659653424,11.655174145004203,0.002976463502120296
p33_MASS,7.061782652904712e-10,39.21287395200727,9.368319264385069e-05
p33_SASA,0.9293614215978242,0.007864849705620751,0.0
p33_PKB,0.502934174083856,0.44925913002329754,0.0
p34_H2,0.3008709818860015,1.0721018405374458,0.0
p34_P1,0.016566328613848075,5.772784022401768,5.30406131200228e-05
p34_NCI,0.002278568554400844,9.387521095213645,1.5371222050431155e-05
p34_MASS,0.5356599655163794,0.3840673352486456,0.0
p34_SASA,0.37234607009171194,0.7969626914934432,0.0
p34_PKB,0.19199061581917795,1.705956012578502,0.0
p35_H2,0.0005418526385291426,12.090647382216455,0.07191831550514459
p35_P1,0.33347603314388397,0.9367996574993976,0.0
p35_NCI,0.045121725787721,4.0302076545791845,0.0002510966694872286
p35_MASS,7.667809341222921e-20,88.98182134577627,8.168792124909283e-05
p35_SASA,4.4829054000272526e-23,106.01775660920985,0.00011401656914712782
p35_PKB,9.11756547683904e-12,48.32061243831458,0.0001107893596220338
p36_H2,0.08776543536865668,2.92402532643345,0.0
p36_P1,0.9355398389112396,0.0065463362024265875,0.0
p36_NCI,0.1515185057204871,2.061927832490607,0.0
p36_MASS,7.858681419369545e-11,43.78998971820208,2.0184006204687075e-05
p36_SASA,3.839575626360957e-06,21.72892734134985,9.79776121691679e-06
p36_PKB,0.9813107939676887,0.0005491969155330805,0.0
p37_H2,1.9254317888940123e-17,76.6144371926317,0.0010203805410743158
p37_P1,1.4015910793594353e-31,152.9091177059407,0.005657040937447914
p37_NCI,2.8319528567873615e-11,45.931880769569894,0.0019803386866130107
p37_MASS,1.1843667317354036e-24,114.48958894059254,0.0013047738517465925
p37_SASA,1.4275304465954836e-23,108.67462450179262,0.00023528314211336294
p37_PKB,0.0001516326952919604,14.5293167838374,5.9240571430703864e-05
p38_H2,1.019912960787603e-06,24.37165519710692,3.600107607427592e-05
p38_P1,3.3341891343274794e-06,22.009235298119854,0.0007613355895785031
p38_NCI,0.08346700406981987,3.0056508321138007,0.0
p38_MASS,1.728296648270424e-05,18.757726313071164,2.256418761082263e-05
p38_SASA,2.0362203615300092e-05,18.4358389594031,0.00031523958540470847
p38_PKB,0.5579018852258666,0.34371867782017795,0.0
p39_H2,3.733117810758614e-06,21.784753175818253,1.8935132852199454e-05
p39_P1,6.826646871608278e-09,34.52894281865978,0.0004446189767187992
p39_NCI,3.9998082804480856e-08,30.912556070183705,0.00018173818435396658
p39_MASS,1.505208328812081e-46,243.09806959825102,0.0003631206754810369
p39_SASA,9.349744982602414e-26,120.47066561406798,0.00021297810289389981
p39_PKB,0.00016324598653297048,14.387089102956466,0.00016111561577224434
p40_H2,6.528814677603033e-16,68.8521521608484,7.398453510445754e-05
p40_P1,2.0527766229306346e-11,46.60897487717063,3.8340206959445704e-05
p40_NCI,7.615527694545498e-09,34.30438092766988,4.0159569644935795e-05
p40_MASS,0.12035695614551412,2.419259618339844,0.0
p40_SASA,0.0009901294860446023,10.949240752244902,0.001751109871334103
p40_PKB,1.5950133096269097e-06,23.47779959648954,0.0014781915327517143
p41_H2,2.269238941933336e-15,66.1310091949335,0.0037951266419194466
p41_P1,1.452697841513961e-06,23.664421210296155,0.00021132055443087044
p41_NCI,0.0168901942030609,5.738447261338185,0.00010785356804366905
p41_MASS,1.2052797920337954e-18,82.78661873722314,0.0018625663484471693
p41_SASA,1.3279327991755377e-14,62.29292567909643,0.000648318873802814
p41_PKB,2.7182973321715948e-17,75.85048037993124,0.0011424942933176221
p42_H2,0.7813021568980802,0.07714059094080945,0.0
p42_P1,4.88410594439862e-20,90.00174986428222,0.0020708836737355794
p42_NCI,2.9653516210223924e-09,36.244936542588,0.00024537399457752863
p42_MASS,0.00016263681105787008,14.39429193809336,9.766053497064666e-06
p42_SASA,0.07269898589707437,3.231891693261461,0.0
p42_PKB,0.4465684487319175,0.5800783329256901,0.0
p43_H2,2.1873731836929869e-07,27.4669207238199,0.0034282717593187503
p43_P1,2.398901067618109e-16,71.04787164293433,0.006032937506499715
p43_NCI,0.2263569006431977,1.4664924400728476,0.0
p43_MASS,2.7168216948851244e-32,156.97692620898778,0.00044781839768057787
p43_SASA,7.673638879786156e-33,160.12629043433375,0.00044781839768057787
p43_PKB,1.3131004834871265e-28,136.17879888747035,0.0
p44_H2,2.5545398855184947e-07,27.153760027982642,0.004291679040971854
p44_P1,4.517059828824089e-05,16.87750161726046,2.8362078908525585e-05
p44_NCI,9.493618392498681e-11,43.39434093551475,0.000399880733626032
p44_MASS,4.3162596307390494e-09,35.47158987301375,2.2775459283914548e-05
p44_SASA,7.274500826794249e-10,39.15129914939411,2.2775459283914548e-05
p44_PKB,2.5143169817538393e-07,27.185778195701545,0.009698948776073368
p45_H2,0.3429789303558517,0.9006304819825801,0.0
p45_P1,0.0004905903583536143,12.279676568603401,0.0006841131579093887
p45_NCI,0.0017650338993836126,9.86384328471916,0.00023777362385304685
p45_MASS,0.0008421254694896845,11.254883722284506,0.003605131799323148
p45_SASA,0.001038557370920671,10.859228506453002,0.00021701427827894003
p45_PKB,6.56076511113203e-13,53.908500818556945,0.0004713653146371916
p46_H2,5.8421042814282105e-08,30.141671158501538,1.5560919364572421e-06
p46_P1,0.09206719180184766,2.846571540529755,0.0
p46_NCI,0.3187925838654745,0.9954784122916926,0.0
p46_MASS,3.8114855447810455e-08,31.010794913199877,3.1399876560669165e-05
p46_SASA,0.00012382558503225388,14.920294640222236,6.878861258036673e-05
p46_PKB,9.16075562864088e-12,48.310629516956816,2.201016502003356e-06
p47_H2,6.711505034407896e-30,143.40351935016946,0.02392793476463973
p47_P1,6.489351749938336e-13,53.93185820222321,0.00012381272171380138
p47_NCI,7.075604172935057e-22,99.653978771589,0.02604019156188933
p47_MASS,2.7926825598040624e-66,378.39459778341364,3.603488757265483e-07
p47_SASA,1.6901407079133334e-51,275.2021128063207,3.603488757265483e-07
p47_PKB,8.513394665881153e-112,776.9985041924471,0.03567844375418786
p48_H2,0.008240637209802955,7.025116456860161,0.00037310653662295674
p48_P1,0.4127739601870869,0.6716928028856808,0.0
p48_NCI,7.823515474894219e-08,29.548413676655542,0.0012303480190682468
p48_MASS,0.052395238527431824,3.777460521443819,0.0016657881128993132
p48_SASA,0.008068395754221894,7.06338454494082,0.00012616487588489652
p48_PKB,0.0003375208621713413,12.993021065355306,6.566742630804249e-05
p49_H2,0.11088344303444554,2.548789626125108,0.0
p49_P1,0.03781433650123138,4.331716849343945,0.00011784421157864902
p49_NCI,3.1479544205914525e-05,17.58253137826401,0.0007316311651103783
p49_MASS,0.3080500952465648,1.0407116834707437,0.0
p49_SASA,0.12644140191036754,2.3418952330138154,0.0
p49_PKB,0.7556507841445385,0.09692852216305774,0.0
p50_H2,4.1256637719287054e-22,100.89355256016934,6.145647862829341e-06
p50_P1,4.5786850307599255e-07,25.978452144674883,2.1902420534277857e-06
p50_NCI,2.2901528002544955e-14,61.113975870840115,6.867593957182794e-06
p50_MASS,5.756436380503254e-25,116.1839898726012,2.055519021375981e-05
p50_SASA,4.723698911492097e-20,90.07732520673473,2.055519021375981e-05
p50_PKB,2.446024799486056e-24,112.7904165702154,3.0414941747535856e-06
p51_H2,7.429976918515868e-12,48.75315971772367,0.00045688798293529973
p51_P1,2.6149696641864214e-15,65.82203909461983,0.0005763852579157096
p51_NCI,3.3267490102823302e-09,36.00788620407798,0.001666090143592407
p51_MASS,0.34399158975994903,0.8968558440724962,0.0
p51_SASA,0.027161718919117332,4.903504212026665,0.000731302461110313
p51_PKB,3.3292770351727476e-12,50.452997779103434,0.0007592078521994653
p52_H2,6.581776878549827e-06,20.660913824385588,0.010137896724962082
p52_P1,0.3168491724568725,1.0035123373010828,0.0
p52_NCI,5.473161030295538e-12,49.39976951216529,2.375856798151518e-05
p52_MASS,6.311497169945907e-10,39.44599481628186,0.00018983623529009362
p52_SASA,2.256699958206363e-07,27.40392842066797,1.642939314619344e-05
p52_PKB,5.048787700235341e-19,84.73708225318707,8.083424143218062e-05
p53_H2,2.480375758098061e-10,41.38870566234834,0.0001258235744412704
p53_P1,1.5968353006191063e-14,61.893761432427816,0.0001258235744412704
p53_NCI,0.002341353315137273,9.336944756539426,0.00011168900115063977
p53_MASS,0.04213055784809542,4.146924948291617,7.334594450566973e-05
p53_SASA,0.0004286111936877947,12.536927434426005,7.334594450566973e-05
p53_PKB,3.6263962662720365e-23,106.50927697406112,1.9933912606914088e-06
p55_H2,0.821576191885562,0.05090115195954748,0.0
p55_P1,0.3088264867974095,1.0373738938305097,0.0
p55_NCI,8.022672586519544e-08,29.497390132000884,0.0003882772742966128
p55_MASS,0.7919833819868842,0.0696161068278577,0.0
p55_SASA,0.7260833088341067,0.12284846409332945,0.0
p55_PKB,0.0006196153532997559,11.83595329316812,1.3150727675690117e-05
p56_H2,0.0016409021098976392,10.000228191590697,4.954815809747862e-05
p56_P1,0.14351545814776712,2.1452316756001344,0.0
p56_NCI,0.1674773177075233,1.9098097956477373,0.0
p56_MASS,3.314495041073432e-05,17.4817525077016,0.0007927323937632926
p56_SASA,3.9537393010057213e-07,26.273664993787314,0.001445914139698199
p56_PKB,3.5228778683838206e-08,31.171239509604188,0.0011292284670277354
p57_H2,0.003467884853284332,8.60881740445357,9.051339757360001e-06
p57_P1,0.0037378090044828793,8.470496526933179,9.051339757360001e-06
p57_NCI,0.0036717799074631424,8.503368467279685,9.051339757360001e-06
p57_MASS,0.5911590384031091,0.2888350065077526,0.0
p57_SASA,0.0038090044408868044,8.435709714287917,0.0
p57_PKB,0.004850587190438409,7.991228607836157,9.051339757360001e-06
p58_H2,0.0009757573191577296,10.976814945671995,2.1482262731049846e-06
p58_P1,0.017496914253489503,5.675916788862384,1.3941808692698277e-06
p58_NCI,0.25132674742655603,1.3183511744382987,0.0
p58_MASS,0.2975775102071623,1.0868280625612938,0.0
p58_SASA,0.5437854608052806,0.36897192632754955,0.0
p58_PKB,0.08266213739653727,3.021440751278477,0.0
p59_H2,4.2996015790389794e-09,35.4795492234234,1.0222632965822152e-05
p59_P1,1.675201857807707e-24,113.6767464782967,0.00010751379814361314
p59_NCI,2.5079429297678506e-14,60.917688186635594,0.000469167215940821
p59_MASS,0.058123616331740846,3.6033305434228944,6.529675149934888e-05
p59_SASA,0.005282607373669344,7.834893776704842,6.529675149934888e-05
p59_PKB,7.637177793059215e-05,15.856010977701679,2.792380912253471e-05
p60_H2,0.026342107618635584,4.9568833354557045,8.532631717749181e-08
p60_P1,0.00144920516833602,10.232934916022918,0.0004363752653299134
p60_NCI,0.24706083923385252,1.3423552172624922,0.0
p60_MASS,0.0047038141336026495,8.047600263132042,0.0003711586102272123
p60_SASA,0.036076002872474464,4.412495502251441,1.2310434152480594e-05
p60_PKB,0.007571676082092379,7.178623620454537,1.4041632162322918e-05
p61_H2,0.6532103778084922,0.20207047977265147,0.0
p61_P1,0.9724541020438711,0.0011933109823927517,0.0
p61_NCI,0.4701342187292479,0.5222950618236566,0.0
p61_MASS,0.7256983242569415,0.12320859869708303,0.0
p61_SASA,0.7879282964505442,0.07242397790765485,0.0
p61_PKB,0.2381465316250982,1.3941940405759328,0.0
p62_H2,0.956743713075334,0.002944367866219781,0.0
p62_P1,0.7783346480234452,0.07930491817954492,0.0
p62_NCI,4.653126740175614e-08,30.604525756713226,0.007143562468424268
p62_MASS,1.0933608765197818e-07,28.869573681998805,0.0003526982068804424
p62_SASA,3.983304236411299e-05,17.12277731422656,8.02471838615203e-05
p62_PKB,2.6915797716676552e-12,50.90412266929483,0.0007306221717037367
p63_H2,0.09003357698298872,2.88268530049986,0.0
p63_P1,0.16333510253284497,1.9476502088863967,0.0
p63_NCI,0.5287381204587535,0.39725921557890964,0.0
p63_MASS,0.9859155360250113,0.0003118836620649939,0.0
p63_SASA,0.3438267357269218,0.8974693042941508,0.0
p63_PKB,0.14568298955975265,2.1221606919350235,0.0
p64_H2,0.03398785171690273,4.51510981339023,0.00045606042847488816
p64_P1,0.07492231502309232,3.1823407987258308,0.0
p64_NCI,0.46364816882825266,0.5377332710110148,0.0
p64_MASS,0.18084690589685404,1.7946487159801092,0.0
p64_SASA,0.7503598677362576,0.10131797705032376,0.0
p64_PKB,4.6977369846634575e-06,21.328734791749994,0.00028295364971002164
p65_H2,0.033145433493298015,4.558391940388957,0.0
p65_P1,0.11440073736856758,2.4993176313381875,0.0
p65_NCI,0.7588669755597047,0.09431235743041406,0.0
p65_MASS,0.013039107693360176,6.199211176114733,9.024492429789486e-07
p65_SASA,0.11338203840788771,2.513471317600621,0.0
p65_PKB,0.16342818402742482,1.946787855061976,0.0
p66_H2,0.6748758640611803,0.1761167781062075,0.0
p66_P1,0.872484954604437,0.025782288960631304,0.0
p66_NCI,0.024212536360596115,5.104095057693817,3.95332782589056e-05
p66_MASS,0.34470287088651785,0.8942135570246205,0.0
p66_SASA,0.47617934249062555,0.508212450362851,0.0
p66_PKB,0.8735994355396097,0.02532977023733223,0.0
p67_H2,0.6961071259571818,0.1526938683198939,0.0
p67_P1,0.15866521538000397,1.9916504187499906,0.0
p67_NCI,0.0925244849926978,2.8385703208495086,0.0
p67_MASS,0.6961071259774949,0.15269386829846482,0.0
p67_SASA,0.1172401731709161,2.460590831838139,0.0
p67_PKB,0.6961071155100385,0.1526938793702817,0.0
p68_H2,0.018430439161231747,5.583958454088971,9.328246203426089e-07
p68_P1,0.005442042635976271,7.780479221434603,7.976798342304892e-06
p68_NCI,0.012025211095882164,6.34411491682482,3.459403816773578e-05
p68_MASS,1.3235840571205298e-08,33.17108175137333,0.0005008470494199488
p68_SASA,0.009485310848732347,6.770814198171825,1.84931529320233e-05
p68_PKB,0.6026494831201967,0.2712936482649714,0.0
p69_H2,1.211204992172525e-10,42.884890942891595,0.0001881213071922289
p69_P1,0.6933698665956174,0.15560503728795871,0.0
p69_NCI,2.9376249567022395e-26,123.2147394411495,0.00015423794184374643
p69_MASS,0.0023859182983944596,9.301875869415431,1.1963726266376849e-05
p69_SASA,0.009837788423981201,6.705009506216119,1.1963726266376849e-05
p69_PKB,0.44656555924554775,0.5800857108592856,0.0
p70_H2,0.0011927473260399729,10.598646485366144,0.0
p70_P1,2.6052020746188024e-09,36.511992616247156,2.1063658883189895e-07
p70_NCI,5.315559381525386e-18,79.47390323226443,0.004653474126795357
p70_MASS,0.5726772669519944,0.3185587069281695,0.0
p70_SASA,0.7480918024744623,0.10323241556311111,0.0
p70_PKB,6.972754900397064e-18,78.86994121552766,3.487448667759527e-08
p71_H2,0.8397995998074687,0.04089853857042398,0.0
p71_P1,0.894861063500195,0.017479353966767364,0.0
p71_NCI,0.09816200813080972,2.743332771303452,0.0
p71_MASS,0.7222643399758096,0.12644717524816904,0.0
p71_SASA,0.9157746290720434,0.011193720179223437,0.0
p71_PKB,0.18878611128355316,1.7308334447840483,0.0
p72_H2,0.06995069186535861,3.2954437531893084,0.0
p72_P1,0.11984523163239644,2.4259635234423946,0.0
p72_NCI,0.12109927543737913,2.40959080399731,0.0
p72_MASS,0.060475837230183446,3.537056710329694,8.354111494863743e-06
p72_SASA,0.05760463055299845,3.6183377450042418,8.354111494863743e-06
p72_PKB,0.16217310279312144,1.9584631148526075,0.0
p73_H2,1.9562136627700873e-12,51.58188482583829,7.65755604584436e-05
p73_P1,9.98215846448364e-10,38.49527915222768,5.594691361502824e-05
p73_NCI,3.7263375615000746e-16,70.08105018871177,0.005074027224695583
p73_MASS,0.05509498156390598,3.6929979120343295,0.002376082185460366
p73_SASA,0.003940218740564558,8.373300742644544,0.0009061373761450258
p73_PKB,1.2428879985570489e-15,67.44441812219476,0.00023739320067684574
p74_H2,2.1964822939713974e-09,36.864191427706736,0.00020778465226834603
p74_P1,5.616425440505924e-06,20.97482654558689,0.00015044409058043604
p74_NCI,0.019633435377762267,5.472324542038661,0.0
p74_MASS,2.2862710230551806e-09,36.781480026027076,0.0
p74_SASA,3.10748059600901e-06,22.14918908930795,0.00014006419872944815
p74_PKB,2.7122029457778926e-09,36.428960728595115,0.0
p75_H2,0.001484209581409837,10.188192306211203,0.0
p75_P1,0.005621881564315831,7.721023899731638,5.4188907965095636e-05
p75_NCI,1.1813176875286133e-10,42.93712394705145,0.0007241572901422938
p75_MASS,0.022504116941695504,5.232284676925747,0.0
p75_SASA,0.05565351344474412,3.6760734000531454,1.0688161130910277e-05
p75_PKB,0.34455223151627,0.8947725398422833,0.0
p76_H2,0.4755663047984686,0.5096273226118962,0.0
p76_P1,0.30786963633406883,1.0414890630442206,0.0
p76_NCI,0.9508897415090641,0.0037963085835494947,0.0
p76_MASS,0.5999264241540367,0.275387250698822,0.0
p76_SASA,0.43874790326237534,0.600321592331593,0.0
p76_PKB,0.6078251806277608,0.26361997124366754,0.0
p77_H2,0.01028814979468565,6.62437074794396,7.407737097228966e-05
p77_P1,0.19683716311949645,1.669239678246846,0.0
p77_NCI,5.3634154373989264e-06,21.06611788456948,0.0
p77_MASS,0.147025435675257,2.1080654050266303,0.0
p77_SASA,0.061018124097147776,3.5221676273721743,2.3085555354230998e-08
p77_PKB,0.01802188131586892,5.623596571891498,7.407737097228966e-05
p78_H2,0.0011745948174866551,10.627489943805434,1.8332278691822991e-06
p78_P1,1.5654842264574664e-19,87.37107153243117,9.856953580193374e-05
p78_NCI,1.3612205613368035e-08,33.11367190939276,5.58402896877757e-06
p78_MASS,9.697561905909218e-13,53.07518420230907,0.0
p78_SASA,8.849945769938408e-38,189.04211170548933,0.0
p78_PKB,0.022431998983121065,5.23791635887061,0.0
p79_H2,8.050521067887514e-46,238.47352149704557,7.4649749459884304e-06
p79_P1,1.775768337955544e-45,236.30043425908553,7.4649749459884304e-06
p79_NCI,5.888968890099642e-10,39.589861178811454,2.1089059004017286e-05
p79_MASS,1.2207085256787267e-37,188.20944496658714,3.301918063819949e-05
p79_SASA,1.5778089598356943e-27,130.19261076235895,6.94511125018185e-06
p79_PKB,2.245853260724797e-45,235.65636694187808,2.201781004959254e-05
p80_H2,0.00013319788555661254,14.779394134271156,0.00016717496622157667
p80_P1,1.0771402519059093e-13,57.777609418554626,0.00042112408796409666
p80_NCI,0.005960723272010362,7.6141080074079985,0.00015339533348126072
p80_MASS,0.00021000091974393432,13.902501374864581,3.6412592114000554e-05
p80_SASA,4.023788646391187e-06,21.635909877780456,1.6302417717551427e-05
p80_PKB,0.3625004367952187,0.830424989099362,0.0
p81_H2,4.2857287386565846e-14,59.76126005053583,0.003981307121346601
p81_P1,8.563099713094176e-23,104.51964169205093,0.0008145343587003848
p81_NCI,6.542318683204538e-24,110.49202374589262,0.0005253718064039042
p81_MASS,6.8070919991280704e-06,20.594338551080444,1.8004514714248605e-05
p81_SASA,9.984177189885275e-05,15.336623615449158,1.1578505153557887e-06
p81_PKB,2.495730289910561e-09,36.60056512759071,1.0445116816566529e-05
p82_H2,4.08828535369183e-26,122.4302598029879,1.6909956888004733e-05
p82_P1,3.850059312947091e-26,122.5726903059571,1.6909956888004733e-05
p82_NCI,2.090558961018508e-25,118.56966852841624,0.011441959016857585
p82_MASS,1.687097494323351e-24,113.66016790534515,0.011441959016857585
p82_SASA,2.673058351500854e-23,107.21696242543523,0.011441959016857585
p82_PKB,0.22928997839990198,1.4480873578475617,0.0
p83_H2,0.00031321083402878984,13.135975593860367,0.002229890436311749
p83_P1,0.424412022487344,0.6389015355855411,0.0
p83_NCI,0.00027842541124356866,13.361361068521644,0.03152347408318934
p83_MASS,1.5329018768362622e-08,32.870548682949725,0.005472849449244974
p83_SASA,1.8218699214452933e-05,18.65416784118276,0.002427185648599838
p83_PKB,2.7900205711055928e-09,36.37061613001443,0.001355212494743192
p84_H2,5.931782154791673e-12,49.22947058972913,0.00010318497417543854
p84_P1,5.226183560764805e-15,64.31565713358707,9.18385073952675e-05
p84_NCI,0.0008416647892344162,11.255917863924225,3.3412504046743124e-05
p84_MASS,2.905157713456474e-14,60.60015025558979,8.472401595260126e-05
p84_SASA,2.994226499990596e-15,65.52710567064004,3.903705130206591e-05
p84_PKB,0.0012550869350760711,10.502877383143385,2.753774550431018e-06
p85_H2,7.083222425020241e-35,171.91166439400018,0.02648400248478092
p85_P1,9.526775922051056e-26,120.42629427588211,0.0012108329072344996
p85_NCI,2.431620166142958e-13,56.03070102207798,0.0021287083011251547
p85_MASS,0.3111153915897623,1.0275969055379928,0.0
p85_SASA,0.00040287450113400355,12.65501722423887,0.008500134169223997
p85_PKB,4.7805389610715894e-11,44.831996087526505,0.009996635383404937
p86_H2,0.1990582427705534,1.652766075354755,0.0
p86_P1,0.029719442347599344,4.747130244796696,5.356207718833796e-08
p86_NCI,0.0037526499192050153,8.46318966484107,1.0335086074412463e-06
p86_MASS,0.9017553081357943,0.015250848029353163,0.0
p86_SASA,0.7416881197176026,0.10874471978584854,0.0
p86_PKB,0.3759818263746799,0.7849167563373068,0.0
p87_H2,0.0865926890732204,2.9458578345128585,0.0
p87_P1,0.3374876091350917,0.9213642421556351,0.0
p87_NCI,1.2610877436823884e-06,23.947066754648706,0.0005382476214204129
p87_MASS,0.8465994850561059,0.037457424026141065,0.0
p87_SASA,0.33747197590504685,0.9214239161709823,0.0
p87_PKB,0.5428995207696021,0.37059764035454895,0.0
p88_H2,0.0003280360606213319,13.04751782378609,0.00017148619683237125
p88_P1,0.004314963698625471,8.206100556537189,0.00012081802322534012
p88_NCI,0.4933019857925486,0.4698672792563603,0.0
p88_MASS,0.00045918441266131036,12.405636075296393,3.264408117577128e-05
p88_SASA,6.773623822533826e-05,16.088990238901538,7.49225370092872e-05
p88_PKB,0.003348961958264794,8.673280783478367,0.00013974783451105094
p89_H2,5.9691372584669234e-55,298.30013795744856,0.00806445327806591
p89_P1,4.811594570155459e-44,227.2967329516112,0.01386276272243301
p89_NCI,0.13576863580088835,2.231016966816538,0.0
p89_MASS,3.733776079189593e-13,55.11275845052293,0.0020841464792324873
p89_SASA,2.839607261440328e-17,75.75382644933066,0.021061103537843132
p89_PKB,5.06717107437112e-41,208.61697589861592,0.038610413259697454
p90_H2,0.15691835604721271,2.0084907487230184,0.0
p90_P1,0.2862599182901415,1.1390720027477295,0.0
p90_NCI,1.943761919136063e-08,32.38491725188112,0.00022218255301313777
p90_MASS,1.5087854331156203e-14,62.01650962054111,0.017933830160162405
p90_SASA,1.8061381289719647e-08,32.53503776728336,0.015640221621656153
p90_PKB,8.54709193229291e-51,270.56433905454963,8.300015773307187e-05
p91_H2,8.043792564799752e-11,43.74123560047415,0.0005670274991159464
p91_P1,3.6836836373959307e-56,306.5347667133992,0.001162686465191871
p91_NCI,7.148728470878884e-47,245.1596291335174,0.008154911877182652
p91_MASS,5.051124137133027e-08,30.437526516551863,0.0005405110568344427
p91_SASA,2.6279847719650864e-08,31.76893406838491,0.0005405110568344427
p91_PKB,2.1730311288455175e-36,180.79337510996592,9.079133539119021e-07
p92_H2,4.2157880319573046e-18,79.99025073873261,0.0012602217194507387
p92_P1,2.656959999384017e-27,128.944052573534,0.0002038409539585378
p92_NCI,0.037625932949691916,4.3402813054746305,0.006829060776488709
p92_MASS,0.004135193474216683,8.284377052091365,0.0012421157180094553
p92_SASA,1.0275174060229384e-06,24.356786952886022,0.0013079275991000816
p92_PKB,0.44320680891748265,0.5887122265619863,0.0
p93_H2,6.987603549668414e-80,483.83845000950737,0.2811217427312922
p93_P1,5.17199534899493e-58,319.2904652580338,0.012756949826560346
p93_NCI,3.1477284229845357e-09,36.12189110752552,0.03633030880714159
p93_MASS,1.08563784470583e-12,52.83470150429184,0.01105985587491822
p93_SASA,3.702423672265486e-31,150.5110928846673,0.0023194589476852475
p93_PKB,0.08700123426448243,2.9382158915581433,0.0
p94_H2,4.679310180523272e-57,312.68276178482137,1.7987618378488497e-05
p94_P1,4.117797623720884e-05,17.05798220069336,0.0012346342821624797
p94_NCI,0.36318814345886496,0.8280468347030554,0.0
p94_MASS,1.0017459896679788e-57,317.3022551538783,0.0002204773031954822
p94_SASA,8.588610918604604e-52,277.14637642246265,0.18333084816760972
p94_PKB,1.6237806330005577e-35,175.65419049325263,0.0006453019277037288
p95_H2,5.5506963448166214e-12,49.36999487837726,0.00017743841169694038
p95_P1,0.03571446113007418,4.429808900807195,0.0003908882263527855
p95_NCI,0.054118901442018016,3.7230173652629297,0.00221472875299801
p95_MASS,6.993870126072604e-16,68.70153924771704,0.0023064315850563374
p95_SASA,1.9308423491678913e-16,71.52491824659548,0.00030135459949596105
p95_PKB,1.6024208468449822e-06,23.46855024722042,4.83584757043654e-05
p96_H2,2.1149147148691803e-09,36.94232849425506,3.046037141106921e-05
p96_P1,6.43046729024932e-11,44.210196266592284,1.5164780882696203e-05
p96_NCI,0.976304965810202,0.0008828957894501092,0.0
p96_MASS,6.150532692557571e-19,84.29411079550813,4.6334244780346234e-05
p96_SASA,3.433108116847194e-20,90.79998687211516,0.002486418339970891
p96_PKB,1.9713895020597578e-19,86.85163751678584,5.702060178099918e-05
p97_H2,0.01584473943791393,5.851851944534301,0.07979032854673018
p97_P1,0.18832228823326244,1.7344750513666642,0.0
p97_NCI,0.12425284326996308,2.3692366727331975,0.0
p97_MASS,1.444055330436887e-10,42.517441555137125,0.004248688192072789
p97_SASA,2.7261089910144072e-09,36.41841212424564,5.181022073115745e-05
p97_PKB,2.551239425825419e-12,51.01779495586465,7.207021589845403e-05
p98_H2,1.1066927567414914e-20,93.36997386308873,0.032518382490621424
p98_P1,1.0059175568010712e-13,57.92461956315542,0.0003155049552555772
p98_NCI,7.444706007213803e-29,137.55202183437677,0.0002081601758275571
p98_MASS,2.3987831357461833e-22,102.14193062376295,0.0010030690070937393
p98_SASA,7.649201141659446e-31,148.7247627298393,0.00014526189518867434
p98_PKB,4.279980100317944e-07,26.11413646017083,2.8100536544296028e-05
p99_H2,3.105808835497164e-10,40.92026690282377,0.004940783819142713
p99_P1,8.68202538992167e-08,29.337114996063264,0.002342213176875824
p99_NCI,0.11414612031411746,2.5028421588712924,0.0
p99_MASS,0.00033002196448599194,13.035976672293405,0.0043089636252625725
p99_SASA,0.0007711342815436812,11.421419600701935,0.0007839731296757631
p99_PKB,0.8368719149398096,0.04242859831186139,0.0
p100_H2,0.22208447130705114,1.4938215211001948,0.0
p100_P1,1.908730071422321e-06,23.119558201958874,0.0001331130096194955
p100_NCI,0.6030680836316646,0.27066781850279004,0.0
p100_MASS,0.0020251837236240533,9.607145630435411,1.529856122364268e-05
p100_SASA,0.018508685627623648,5.5764709052188115,5.31407105480615e-08
p100_PKB,7.21776188086951e-30,143.22599675970687,0.0003896670338235556
p101_H2,0.3704454776687308,0.8033255239680783,0.0
p101_P1,0.7512366882333119,0.10058315519993459,0.0
p101_NCI,2.727718301568266e-53,287.1197644043965,0.030815133698170964
p101_MASS,0.0022678565792733267,9.3962915499666,0.0016370355611872308
p101_SASA,5.255119684013325e-05,16.582653354504917,0.00016906146522500473
p101_PKB,5.280271652581482e-29,138.38456524303206,4.4250588119195676e-05
p102_H2,1.4434293865514794e-21,98.01911389487735,5.4114622962950747e-05
p102_P1,0.00027337082429100177,13.396462863868635,1.170070306011214e-05
p102_NCI,0.011017307900486138,6.501209436067566,0.00028298802377143233
p102_MASS,2.3716305494988674e-24,112.86269527142211,3.059806084241421e-05
p102_SASA,3.255032701618797e-24,112.12210261737121,3.059806084241421e-05
p102_PKB,0.5071854128953641,0.4403758518968105,0.0
p103_H2,1.159289413184731e-07,28.750943494298923,6.256585358589618e-06
p103_P1,1.8874568348507987e-11,46.78579862944366,0.002658190522598949
p103_NCI,3.80100344101504e-13,55.074594970152134,0.00017512925816452822
p103_MASS,4.6091237682631026e-05,16.83817131822337,0.0007260220926022178
p103_SASA,1.855338068751647e-07,27.79946621422209,5.098570636452901e-05
p103_PKB,0.39521007451795276,0.7238474519225545,0.0
p104_H2,6.590885620772681e-07,25.24670237163899,4.214417492635288e-06
p104_P1,1.3662285167197452e-14,62.231365480063225,5.0085213300704775e-05
p104_NCI,0.29192953382572806,1.112576258188083,0.0
p104_MASS,0.0031311221317736676,8.797656533624114,0.0044991871201307465
p104_SASA,1.0220104820298092e-05,19.79177956844538,0.002331509197875529
p104_PKB,0.0004426581952537647,12.475466285896907,6.708600402434393e-05
p105_H2,0.10839362475942922,2.5848678425139378,0.0
p105_P1,0.14102771272302855,2.1722003113877983,0.0
p105_NCI,0.08815201076006136,2.9168979606967973,0.0
p105_MASS,0.06664353668324771,3.3755694753117553,6.8012346142587565e-06
p105_SASA,0.06828378045696169,3.335309608870633,6.8012346142587565e-06
p105_PKB,0.0729129673597601,3.227052302561123,0.0
p106_H2,4.1893166216000184e-19,85.1561396607222,7.815367183697702e-06
p106_P1,2.594368322869498e-05,17.9609957477809,0.0007769712405534825
p106_NCI,6.265071520312398e-12,49.11381057036176,0.0006260823253233721
p106_MASS,2.2442703777946777e-12,51.29002763840889,6.311071674119591e-06
p106_SASA,2.094865232023907e-07,27.554176671774577,0.00023176371434595902
p106_PKB,9.354111540644789e-21,93.75253214103846,2.0462993325247595e-05
p107_H2,0.014189268382317839,6.048275152350583,0.0001714202439859655
p107_P1,0.013444369549236829,6.144514826375149,0.0010858094941167034
p107_NCI,1.052428011670032e-31,153.6178736869094,0.0019471921963122054
p107_MASS,7.812639446547035e-08,29.551237558770474,0.030496592344361435
p107_SASA,6.113189209303408e-08,30.049474139934212,0.0001718436484955952
p107_PKB,1.738909229350056e-21,97.59270835851376,0.00010100712622629075
p108_H2,6.313256251768816e-06,20.743319168167904,0.00014928239423987977
p108_P1,6.081254544898557e-08,30.060119363203526,0.00014756398909442368
p108_NCI,1.1110806798678922e-12,52.78536132696395,0.001774855471401343
p108_MASS,1.656185485524626e-12,51.935827121136576,0.0005633398636667761
p108_SASA,7.496799184995208e-12,48.73423132343282,0.0005633398636667761
p108_PKB,7.92752833914244e-18,78.5845289756119,0.0014363276512828337
p109_H2,0.15629991101117754,2.0145040262683893,0.0
p109_P1,0.12852428722205708,2.316359420192327,0.0
p109_NCI,0.09521242233835885,2.792394276186388,0.0
p109_MASS,0.07187129040095792,3.2507560580622985,0.0
p109_SASA,0.08493031914064116,2.9773613989175636,0.0
p109_PKB,0.09662909287583815,2.76862616601254,0.0
p110_H2,0.03803819528356926,4.321598757887201,0.02041545168530944
p110_P1,5.5844255684279687e-05,16.46434954201446,0.0017490365061858016
p110_NCI,0.0009488874147023957,11.029490085075622,0.0036941079877958775
p110_MASS,0.4455621017664767,0.5826524018228868,0.0
p110_SASA,0.10680001863058611,2.60844193682174,0.0
p110_PKB,0.0008478886505502396,11.24199469632427,0.0003897272799809653
p111_H2,0.6885489472869419,0.16080972977731225,0.0
p111_P1,0.6550816353330802,0.19974462721187183,0.0
p111_NCI,2.70404420717162e-09,36.4351749586109,0.0005373386449909832
p111_MASS,0.6201294674227296,0.2459302446093282,0.0
p111_SASA,0.5531705545505708,0.35204771952937686,0.0
p111_PKB,0.5173162264125817,0.4197161870693762,0.0
p112_H2,0.82168130540817,0.050840167490200205,0.0
p112_P1,0.27611352091621943,1.1881942029802253,0.0
p112_NCI,0.00034989081740887756,12.924229333102492,0.0021477653210944425
p112_MASS,0.00035061203131541113,12.920294759747055,0.004666865875122264
p112_SASA,0.027950661711021372,4.853685599497938,0.004666865875122264
p112_PKB,0.818352064753701,0.05279040115369252,0.0
p113_H2,3.1578191377157458e-12,50.56514332210232,9.322477794955152e-06
p113_P1,2.8996094319350274e-14,60.60427780834183,9.322477794955152e-06
p113_NCI,2.985111574372437e-20,91.11687830107327,8.904362860011513e-07
p113_MASS,6.218560506897406e-22,99.95047136508788,0.0016590515349559748
p113_SASA,2.367197070900923e-21,96.8870783391027,8.904362860011513e-07
p113_PKB,0.20633400339783972,1.6002816236715347,0.0
p114_H2,0.0066073422199529296,7.426316792338465,0.0004955647309730418
p114_P1,0.00015963824936183403,14.430148592480203,0.0022934311903655747
p114_NCI,1.1449110287792996e-13,57.64651655933575,0.001103154594986464
p114_MASS,0.006571002449511239,7.436361396222084,0.0007746373661594769
p114_SASA,0.5373538904279338,0.38088592428981644,0.0
p114_PKB,0.29781308091066816,1.085767789427125,0.0
p115_H2,6.873209397627724e-06,20.57522310483988,0.0002594073926544006
p115_P1,1.0877833393812584e-16,72.7878315892497,0.001057715413611004
p115_NCI,0.02683174227100701,4.924790131815349,0.00011878034186505506
p115_MASS,3.7026074520668154e-05,17.265427310431026,0.021786631098947174
p115_SASA,2.8851256149453262e-11,45.89276432719889,0.004035868903170593
p115_PKB,0.00493927064309614,7.95800610248248,0.0002282424679677262
p116_H2,2.5456844832008316e-27,129.04647093655944,0.02014474980556733
p116_P1,2.836456714580438e-29,139.89299313960515,0.0007703759471632022
p116_NCI,4.832079555360829e-15,64.4860362864188,5.971165407882032e-05
p116_MASS,1.2438603526220507e-22,103.65691299620278,2.1920394979562427e-05
p116_SASA,9.161822655577527e-27,125.98700587987021,0.0002364395592063386
p116_PKB,0.049586015718644814,3.8703977027322285,0.00016164460654674386
p117_H2,0.08779744565913873,2.92343385302482,0.0
p117_P1,0.08538751046684691,2.968630952742817,0.0
p117_NCI,0.02379926831686561,5.134221472118271,0.003117963788310747
p117_MASS,0.0019365930073751607,9.690593469752743,0.013018891958403
p117_SASA,0.008026211850255573,7.072884593887903,0.013018891958403
p117_PKB,9.994671748360315e-08,29.051565933351974,0.004048925216907901
p118_H2,0.7219838651557398,0.12671378024131658,0.0
p118_P1,1.9660787455929616e-06,23.06053386780304,0.01153152139525589
p118_NCI,8.633646488946118e-05,15.618153060092231,0.002035108371314578
p118_MASS,0.16192818379440516,1.9607534973122547,0.0
p118_SASA,0.0764422618472566,3.1493686443363282,0.0
p118_PKB,0.011311598544649111,6.453859701992817,0.004129489071090133
p119_H2,4.299540626811321e-41,209.0530673506864,0.0003255100773762622
p119_P1,1.0352104195379378e-56,310.311996797829,0.0005165539682989236
p119_NCI,0.3211771756210252,0.9857082802055042,0.0
p119_MASS,2.2272880979525936e-25,118.42021485489154,0.00036935547176799184
p119_SASA,8.44037190664712e-20,88.76495443634366,0.00036935547176799184
p119_PKB,9.871936841779173e-12,48.15271486353682,0.004185182239071159
p120_H2,0.9315801927694483,0.007377336687467015,0.0
p120_P1,0.9923372415556757,9.231035325055584e-05,0.0
p120_NCI,0.5359126312554068,0.3835916343801587,0.0
p120_MASS,0.8415270640014505,0.04000945083232144,0.0
p120_SASA,0.727405779315527,0.12161586230788607,0.0
p120_PKB,0.5414807077438921,0.37321140472103803,0.0
p121_H2,4.279316915692036e-12,49.92085723225809,0.0022116166013731193
p121_P1,1.5073978072591172e-11,47.259609439052475,0.17032294199274584
p121_NCI,1.0203070610930035e-34,170.98714870159128,0.0036930010292816375
p121_MASS,0.00041498006218073166,12.59854959958625,0.0011018149956349135
p121_SASA,3.651920593641638e-24,111.85318997097306,0.002118153039303219
p121_PKB,2.1538395063059875e-05,18.325683619601634,0.0025703064616590617
p122_H2,0.680055014068407,0.17022293552314346,0.0
p122_P1,0.6349114895132772,0.225679893272462,0.0
p122_NCI,7.4659180156725856e-37,183.53702009949743,0.0003288355118126079
p122_MASS,1.891058802434794e-12,51.653877569470694,0.00020144126926538973
p122_SASA,1.4574847811400019e-08,32.973794918082625,0.0006376299514233245
p122_PKB,3.683157472202651e-14,60.08804026559486,0.00039013031316264873
p123_H2,2.6367239747542218e-24,112.61476609561028,0.00011450072123309396
p123_P1,1.2757410781269097e-10,42.776384317300455,4.530121708609629e-05
p123_NCI,2.5758708914892722e-11,46.1312289943739,0.042022832691307806
p123_MASS,5.780129598317626e-19,84.43346740045476,5.3551032567670426e-05
p123_SASA,5.730360365555415e-26,121.62974974105721,0.00041190505350144455
p123_PKB,0.005145748643593893,7.882959350438272,0.00017540324300433283
p124_H2,4.8782702165885354e-120,864.586023749156,0.010370534089453166
p124_P1,1.67007374907243e-112,784.309047493392,0.010370534089453166
p124_NCI,1.1386109944519224e-56,310.02815089133423,1.8266196113620031e-06
p124_MASS,1.2256776230242996e-129,973.5373988276291,0.04215857980162272
p124_SASA,2.476854084984971e-126,935.149943136007,0.04215857980162272
p124_PKB,0.37650139269194927,0.7832087008047215,0.0
p125_H2,5.002741992579424e-18,79.60896786649283,4.1410770668581026e-05
p125_P1,0.02073433389609587,5.376210957328504,0.0008613694575916107
p125_NCI,1.6464720404472003e-07,28.04089002589704,0.0
p125_MASS,6.33699429297633e-17,73.97938105670084,0.00015850860846786208
p125_SASA,1.3249056177421673e-15,67.30486352086164,0.00015850860846786208
p125_PKB,0.8152447562091036,0.054645527886730466,0.0
p126_H2,0.3624968899023179,0.8304372707702913,0.0
p126_P1,0.3145498528985086,1.0131015072268414,0.0
p126_NCI,0.39744927111314776,0.7170122932063365,0.0
p126_MASS,0.2282496783339317,1.45458261853959,0.0
p126_SASA,0.28141836842103646,1.162231970703753,0.0
p126_PKB,0.9728282978579283,0.0011610977656094778,0.0
p127_H2,4.5214990966651665e-26,122.19138286400849,3.638227392599882e-06
p127_P1,9.113737788091916e-27,125.99955079032887,3.638227392599882e-06
p127_NCI,0.8842612631089357,0.021207764601214256,0.0
p127_MASS,5.094016888770461e-23,105.721677987243,7.192352474323193e-07
p127_SASA,4.290789267047996e-40,202.96700128508263,9.157007477209402e-09
p127_PKB,2.515392357201572e-10,41.35948872924932,5.714202116045464e-06
p128_H2,4.748507778569129e-05,16.78010829329581,3.927336393809771e-06
p128_P1,0.001017005981433955,10.898748411602552,0.0007511489337885675
p128_NCI,4.7371784420431365e-05,16.78476314757812,1.9995610418893113e-05
p128_MASS,1.2561827114948197e-39,200.1407464087396,3.7088992061774806e-05
p128_SASA,1.624662491766056e-33,164.0115178916402,0.0006747705560035718
p128_PKB,2.498253103970605e-10,41.37373788785198,0.0007052943693993454
p129_H2,5.340257065693373e-05,16.551365664362603,0.0010683900500667314
p129_P1,0.7713686814250706,0.08451285610786416,0.0
p129_NCI,0.7622478136753512,0.0916044351248737,0.0
p129_MASS,0.007199488825221846,7.270170214190883,0.00035078771245208016
p129_SASA,0.2730302444386845,1.2035745106480393,0.0
p129_PKB,0.173924359657275,1.8530025435597592,0.0
p130_H2,0.2023347533349039,1.6288552068923023,0.0
p130_P1,0.010680546577273227,6.5570156736040035,0.0003821925597296482
p130_NCI,4.8118788040086274e-11,44.81828437295431,1.6217170451817134e-07
p130_MASS,0.21753172981815075,1.523646074446935,0.0
p130_SASA,0.00012256906991071434,14.939998987001376,0.0
p130_PKB,0.8889407763210396,0.0195165087045898,0.0
p131_H2,1.23437136516201e-13,57.48491904463354,7.936678154703156e-06
p131_P1,2.0734042427513439e-07,27.574972649589498,8.215701956641988e-06
p131_NCI,0.09027048285699067,2.8784327933535074,0.0
p131_MASS,4.7177685968259e-21,95.31210120192151,2.309358054087074e-05
p131_SASA,6.245570765478191e-17,74.01145934657347,1.14245680288659e-05
p131_PKB,1.0035807035449815e-15,67.91169326029572,2.361663752409082e-06
p132_H2,0.00043236885207568635,12.520288711862232,0.0001931433498445784
p132_P1,4.3932758248304655e-07,26.06158350572275,7.398754661206329e-05
p132_NCI,0.00012295311875244,14.933954871515986,1.0803400568456227e-05
p132_MASS,0.8297803845633085,0.046256432633930596,0.0
p132_SASA,0.6277130346731076,0.2354069924990812,0.0
p132_PKB,1.7181154047573907e-22,102.91137319797936,3.05727044125191e-05
p133_H2,0.8074342805521139,0.05945816551403852,0.0
p133_P1,0.9698820276863239,0.001426675027285768,0.0
p133_NCI,0.7279634125408152,0.1210982124303682,0.0
p133_MASS,0.56918089242688,0.3243979056909638,0.0
p133_SASA,0.5937159513592571,0.28487058150178113,0.0
p133_PKB,0.7541957169972151,0.0981250312777473,0.0
p134_H2,0.061536133772555665,3.5080763704605182,0.0
p134_P1,0.0615361338332708,3.508076368816424,0.0
p134_NCI,0.06153613377253555,3.508076370461184,0.0
p134_MASS,0.06153613377370243,3.5080763704295332,0.0
p134_SASA,0.06153613378262859,3.5080763701878075,0.0
p134_PKB,0.061536133924802346,3.5080763663376646,0.0
p135_H2,6.218158229577682e-19,84.2695798430138,0.0005795575023203055
p135_P1,1.1377152495433216e-18,82.91575003048855,0.0015697409693448505
p135_NCI,5.467683987385286e-13,54.297580914755585,9.661982367781784e-07
p135_MASS,3.1373848098135683e-17,75.533115042872,3.668272172416842e-05
p135_SASA,2.533663681839728e-15,65.89084502744167,3.668272172416842e-05
p135_PKB,1.742231859927775e-06,23.301608635722893,4.7935183967113943e-05
p136_H2,0.0400512024223,4.233330590273226,2.1164748901043975e-05
p136_P1,0.04036922384163579,4.2198136697970625,0.00013066699547010127
p136_NCI,0.8669725969887193,0.028081023903491306,0.0
p136_MASS,0.04722249496460909,3.9530166605363024,0.0032687470958467214
p136_SASA,0.2999713686017192,1.0761036148217917,0.0
p136_PKB,0.00046184486749716166,12.39463273871551,0.0001997844009719503
p137_H2,8.975653105847943e-23,104.41084971191171,0.00029915748194384
p137_P1,8.714183027151776e-24,109.82375818217388,0.00029915748194384
p137_NCI,1.959210491241925e-21,97.31973881212896,2.8860491216657926e-06
p137_MASS,0.09691121523643967,2.763938317090007,0.0
p137_SASA,1.024980020611672e-06,24.36173571954714,0.00048195029945966267
p137_PKB,1.0055391215803443e-25,120.29856380005299,2.0612878552861512e-07
p138_H2,3.558628147392237e-09,35.86905327761053,1.7486690398609445e-06
p138_P1,7.96136779765017e-11,43.76280379357523,1.7486690398609445e-06
p138_NCI,3.1286703332088427e-23,106.85171426599956,5.6743575084091573e-08
p138_MASS,1.6714349866750043e-26,124.55515584551328,0.0
p138_SASA,9.515533314647776e-20,88.49418592456925,3.7840820847175276e-05
p138_PKB,0.6183290988311498,0.24847064257614537,0.0
p139_H2,5.454835115480264e-22,100.25150922377199,4.035719756714964e-07
p139_P1,1.9309778347466793e-19,86.89828680222763,0.0007507724358593569
p139_NCI,1.0473688831780167e-06,24.3184888734685,0.00019899331177682634
p139_MASS,3.347945961835762e-07,26.608526652456845,0.0
p139_SASA,1.2764885462845906e-16,72.43549153246737,0.0011296598817755828
p139_PKB,0.00013192813103269488,14.797886102540286,1.2597522134141489e-08
p140_H2,0.010770603859866725,6.541916471190066,4.405374998346857e-07
p140_P1,0.03345045178823425,4.542588862594468,2.8549322174063805e-05
p140_NCI,0.06570489552954244,3.3990888165511723,0.00010569093949807385
p140_MASS,0.032496324752591475,4.592535392874573,7.134785426979975e-07
p140_SASA,9.848697637359935e-12,48.15769198786391,5.176735018426081e-06
p140_PKB,0.3469018796802624,0.886091130454524,0.0
p141_H2,0.06765593769055973,3.3505963741099083,0.0
p141_P1,2.7496272042101887e-17,75.82510978099768,5.0394981203392244e-08
p141_NCI,3.79627920646983e-12,50.17467993657344,0.0001563155066109292
p141_MASS,2.3685740291728363e-20,91.64151282777556,0.0
p141_SASA,5.109836232629809e-16,69.38885270902877,7.040828810370732e-06
p141_PKB,1.961311310019817e-24,113.30740310061873,0.026178819899406593
p142_H2,0.19029583948219814,1.719052056545244,0.0
p142_P1,1.1447325448734479e-05,19.56824520950786,0.0006523531828498861
p142_NCI,0.00010964990994232825,15.155307359616735,8.070697912738744e-06
p142_MASS,0.8310600579516754,0.045552920935339816,0.0
p142_SASA,0.15737865315387256,2.004032671812349,0.0
p142_PKB,0.38175627029199133,0.76611831839689,0.0
p143_H2,5.5587573256289e-29,138.25994322367907,0.005138139414304831
p143_P1,1.1600518290032396e-30,147.7014603430491,0.005138139414304831
p143_NCI,0.8903879589221428,0.019007974816894275,0.0
p143_MASS,3.5036824092017737e-12,50.344722034985715,2.3523582329942424e-06
p143_SASA,1.0771500097946957e-07,28.899844670422368,8.706943183703407e-07
p143_PKB,0.0022568627516673843,9.405336705810635,0.0007880449524388295
p144_H2,0.735549715956133,0.11417830602595763,0.0
p144_P1,0.8887986696466628,0.019566813411955687,0.0
p144_NCI,1.2354338532799346e-12,52.55945772036821,3.3626380411541422e-06
p144_MASS,0.00803176464761323,7.071631150143943,2.630993609702242e-05
p144_SASA,0.0002952407819073275,13.249056626821691,0.000681787457488476
p144_PKB,0.20158282315563264,1.634302008480915,0.0
p145_H2,0.0017811759928474341,9.846828078903094,0.0001288350341844476
p145_P1,0.7580427315127264,0.09497909097759409,0.0
p145_NCI,0.014030279779361879,6.068371521356835,0.0005366419370653877
p145_MASS,0.010576913960491178,6.5745538300810695,0.0012608518100189546
p145_SASA,0.03332402485813919,4.5491206882465836,0.0012608518100189546
p145_PKB,0.813256094833225,0.055850540294605344,0.0
p146_H2,0.09532049614774703,2.7905675133864984,0.0
p146_P1,0.0006226266289897062,11.826753765960078,0.022097649286163867
p146_NCI,0.04987820695398314,3.8604744582535955,8.00600620118765e-05
p146_MASS,0.00426081742630776,8.229321428028351,0.00010719765063176352
p146_SASA,0.0012609124228689637,10.49417593117487,0.000628638332479767
p146_PKB,0.55710921322525,0.3451047392874253,0.0
p147_H2,0.7302958032237925,0.11894645839424177,0.0
p147_P1,3.6644498422527924e-37,185.3699510679357,0.0
p147_NCI,1.7155404812631897e-12,51.860954256132935,0.0
p147_MASS,2.000056977504261e-15,66.40625594484521,8.732032858971139e-09
p147_SASA,2.202298875458188e-15,66.19626845777256,8.732032858971139e-09
p147_PKB,4.5037672637563756e-38,190.7938736114514,7.941106773479495e-06
p148_H2,0.1622921575738169,1.9573511911245922,0.0
p148_P1,0.0012112102590045243,10.56976317947646,0.009351645379368362
p148_NCI,0.12448669799292901,2.36628966236612,0.0
p148_MASS,0.04616252953138235,3.9915002777971686,1.5173082569081645e-06
p148_SASA,0.5848023366785013,0.29884479155869426,0.0
p148_PKB,4.84480896052834e-24,111.19297050356394,0.0030804887975666713
p149_H2,2.8773132115698315e-09,36.30708193643878,5.38034532608455e-05
p149_P1,1.1334990534106703e-06,24.16036739238322,0.011028211382813964
p149_NCI,9.229323584478137e-07,24.571707870033354,9.163154532404565e-07
p149_MASS,6.319875023652205e-06,20.741245859159548,1.2559346374082033e-05
p149_SASA,6.442749632060542e-08,29.94277134534373,0.002895612164886991
p149_PKB,0.8182135519504579,0.05287237764149023,0.0
p150_H2,2.7622470003927255e-07,26.9960946287679,0.0004092001935286938
p150_P1,7.750085303035107e-08,29.567556401244254,1.1659032259248383e-05
p150_NCI,6.801845140150817e-12,48.93993156061269,7.366883168212715e-05
p150_MASS,4.475508595401446e-24,111.37810652751743,1.868230065332514e-05
p150_SASA,5.6659468504705465e-21,94.89447002030106,0.00032145504982544835
p150_PKB,6.878251886270402e-07,25.1610734152689,1.2360970867350973e-05
p151_H2,1.18102883608533e-16,72.6066622918448,0.00048352412879932455
p151_P1,7.014904618252878e-05,16.021005811734753,0.001037720758769635
p151_NCI,0.00041480567658053663,12.599351145734982,0.0
p151_MASS,0.5080082239997572,0.43867128294388646,0.0
p151_SASA,0.9408978051537991,0.0055013763875650925,0.0
p151_PKB,0.6303559301095354,0.23180634350889615,0.0
p152_H2,0.10741650681184976,2.5992766602228405,0.0
p152_P1,6.781508095915529e-05,16.086730368205032,0.0009979469027106343
p152_NCI,0.007558388526477025,7.181811810276257,2.7715358527777018e-05
p152_MASS,0.1652281025308596,1.9302222169323933,0.0
p152_SASA,0.053575675917739755,3.739974477920975,7.297435623278361e-06
p152_PKB,0.056570201447819136,3.6486838212177384,0.00581273164058174
p153_H2,0.5759244317376568,0.3131981833219539,0.0
p153_P1,0.06853134013992436,3.3293233821175234,2.670295867180862e-06
p153_NCI,0.18125042371296918,1.791327312934268,0.0
p153_MASS,0.7553915024906045,0.0971411410260032,0.0
p153_SASA,0.32892628544436464,0.9546090466138807,0.0
p153_PKB,0.07815591627484428,3.11303152269757,0.0
p154_H2,0.479239634158374,0.5011935976435121,0.0
p154_P1,0.13665303784000857,2.220948755475583,0.0
p154_NCI,0.029481943090062968,4.761046992736978,0.0007174275068903204
p154_MASS,0.0003225270881765069,13.079907154637505,0.00011198865539133262
p154_SASA,0.002966839361013575,8.897433033491403,0.0005426572164712976
p154_PKB,8.046577950274312e-05,15.754700261325503,0.00010604204486457036
p155_H2,3.705325448772978e-48,253.4035761645746,0.5646368073601092
p155_P1,8.937165502343858e-71,412.0752646919698,0.0023297481930037002
p155_NCI,2.6227019829070415e-29,140.08339902856392,0.00017019432777010758
p155_MASS,0.14415431432307252,2.138391097095587,0.0
p155_SASA,8.601959156692495e-12,48.44359717557302,7.4972792926845805e-06
p155_PKB,2.430645118984737e-07,27.254065554221587,0.001065099528666738
p156_H2,0.03130170641071993,4.657280536947144,0.008367025040286377
p156_P1,0.21023157003373302,1.5730581579210905,0.0
p156_NCI,0.02676982931197569,4.928814365611581,0.0014953982481396748
p156_MASS,3.4790997708883145e-05,17.38704117969484,2.260719513997472e-05
p156_SASA,9.351681371026633e-05,15.463351716916144,7.443538952848087e-06
p156_PKB,0.00018418297638280256,14.154750040954632,0.0026579413970929232
p157_H2,0.3261741501016263,0.9655418926216758,0.0
p157_P1,0.18605008897431105,1.7524670832134588,0.0
p157_NCI,0.08396610714267881,2.995941992918607,0.0
p157_MASS,0.6304584547594945,0.2316673542343658,0.0
p157_SASA,0.9164091135549071,0.011025087084210452,0.0
p157_PKB,0.0042730743881245065,8.224038702879591,0.0006802254929980348
p158_H2,1.9805269864325637e-05,18.490255420594938,0.00027017978617785833
p158_P1,0.23179839909011457,1.432570859443726,0.0
p158_NCI,5.8670663187916155e-09,34.84019218839168,0.00027647124622953543
p158_MASS,5.15628572775065e-07,25.73963398084974,0.00038514009522871577
p158_SASA,8.649290122226878e-06,20.121063669855516,0.00038514009522871577
p158_PKB,6.193943324957725e-19,84.2783328204576,0.00034415359779972355
p159_H2,0.02866846568088693,4.809617458765352,6.049972945249906e-06
p159_P1,0.7738348729518413,0.08264856742514982,0.0
p159_NCI,0.005455205308253799,7.776059928045257,0.000969965527969559
p159_MASS,0.0002471029876808467,13.59014459476156,0.0017255263611912768
p159_SASA,0.0003971917194051438,12.682119996207197,4.902708494677039e-06
p159_PKB,0.12705707662945473,2.33429861379497,0.0
p160_H2,0.5893720270638898,0.2916267134087385,0.0
p160_P1,0.5893720270661539,0.2916267134052013,0.0
p160_NCI,0.5893720270630465,0.29162671341005003,0.0
p160_MASS,0.5893720270648666,0.2916267134072773,0.0
p160_SASA,0.5893720270643339,0.2916267134080571,0.0
p160_PKB,0.5893720270317061,0.29162671345916347,0.0
p161_H2,0.10314190163051942,2.6640512604401634,0.0
p161_P1,0.003963598350300545,8.36240368893773,0.0005662603176349633
p161_NCI,8.690417161468709e-09,34.033405679660554,0.0006745677838259064
p161_MASS,0.0021976771020045063,9.45481506747717,0.0008594764365648312
p161_SASA,0.3532822395458144,0.8629151418708125,0.0
p161_PKB,3.4415299833543276e-05,17.408254331498522,0.00159407634225922
p162_H2,0.3775389227340388,0.7798077697515494,0.0
p162_P1,0.0016660935622654094,9.971720821854927,7.293750528637136e-05
p162_NCI,0.045155655859525086,4.028930991143852,1.8266993272849208e-05
p162_MASS,0.009228979240934135,6.820266695174302,0.0019599007750667084
p162_SASA,0.032469141234731574,4.593980795419702,0.0019599007750667084
p162_PKB,0.00011209540855584895,15.112650212219071,0.0001846978152779393
p163_H2,3.9026053256545445e-09,35.67900481236448,0.000888338431481449
p163_P1,0.012574865611021611,6.264063504850732,0.0004683784241941098
p163_NCI,3.626216298469938e-39,197.3611721204833,0.0004283302322380273
p163_MASS,2.8660646279665087e-10,41.087568894775536,6.0453776548558176e-05
p163_SASA,2.536314860237382e-12,51.030250913553715,2.1110430312380393e-05
p163_PKB,0.00024331768923239121,13.619759399690079,6.948063872911495e-05
p164_H2,0.00033710414899872684,12.995382661002624,0.000265645109668587
p164_P1,0.0335622846549755,4.53683255283296,0.0003934681460170522
p164_NCI,0.20696975332024214,1.5957996957646896,0.0
p164_MASS,1.0172724142677802e-11,48.08933614305795,0.0018351283880618991
p164_SASA,3.160613095673762e-07,26.724533000729668,0.00012695397570562354
p164_PKB,4.153161965812121e-10,40.31555584780745,0.00026782030218549906
p165_H2,3.746843787036524e-30,144.82800716047353,0.03855476610607486
p165_P1,4.489899820519087e-18,79.84988814611326,0.0061318368220547505
p165_NCI,2.890329014473784e-66,378.28460856862205,0.0005403817979232628
p165_MASS,0.002339696495176205,9.338261595249273,0.020627052799128402
p165_SASA,7.87429437171136e-09,34.235787362004004,0.001721727509737646
p165_PKB,1.291267906725566e-25,119.70730794661662,7.327918435406999e-05
p166_H2,1.848880778649636e-14,61.576708166622055,0.01582541556404377
p166_P1,1.2422276030312248e-10,42.832025262177545,0.010575052150852625
p166_NCI,7.326194368002117e-05,15.93669972932139,0.0005063286821161967
p166_MASS,8.47377317352606e-22,99.24010957971845,0.01582541556404377
p166_SASA,8.326276670480072e-16,68.32000607572405,0.01582541556404377
p166_PKB,0.8568779196936478,0.0325529056305936,0.0
p167_H2,7.304694302301091e-25,115.6241235851957,4.126662021097935e-05
p167_P1,1.4538923148876588e-07,28.29249922306744,0.000945550833873819
p167_NCI,7.309574879554394e-07,25.03907616582458,0.003986785389125394
p167_MASS,3.6787542606514806e-19,85.44814838278819,0.0033698348280454004
p167_SASA,7.549354093927737e-23,104.81105083327395,0.003723153971564753
p167_PKB,0.745603825945355,0.10535524122292553,0.0
p168_H2,3.1271741617738922e-21,96.25077063678546,0.002089404795669374
p168_P1,5.932138993884354e-22,100.05878509238707,0.0002255927027963191
p168_NCI,0.008109735220192402,7.054123964925678,0.002009123184402365
p168_MASS,4.787198441635658e-27,127.53608508389136,0.00022430313421063465
p168_SASA,6.2470555144875395e-25,115.99169518690704,0.004676667387381605
p168_PKB,1.5445726447296326e-06,23.541954902524786,0.0023062183704366957
p169_H2,3.8481667252884815e-05,17.190143676304046,0.00022761288712241345
p169_P1,2.9413206010727e-11,45.85220358319979,0.002377687903316887
p169_NCI,0.37313848511996583,0.7943232458515445,0.0
p169_MASS,6.461898431719607e-14,58.87657963144778,0.0004987924214168755
p169_SASA,1.5173999749618732e-14,62.004187176582185,0.0021881875754334967
p169_PKB,0.14311669097874455,2.149518925654483,0.0
p170_H2,0.024956077122805155,5.0512156958633305,0.0001286997592587558
p170_P1,0.04763000975649362,3.9384636984782824,6.746200682182336e-05
p170_NCI,0.019412007628709146,5.492330453128803,5.718654438445286e-07
p170_MASS,0.1847931536437088,1.762530198071831,0.0
p170_SASA,0.3081766390794039,1.0401669120541053,0.0
p170_PKB,0.13877230206948155,2.197117380132061,0.0
p171_H2,1.2316796169523207e-07,28.628257304962606,0.002715829824295309
p171_P1,0.7634454333071703,0.09065551396409473,0.0
p171_NCI,1.4263773572797502e-11,47.376094905505916,0.0006835273666221582
p171_MASS,0.00011174699811832829,15.118669861706145,0.0030240861605035714
p171_SASA,7.540128734036924e-05,15.880830245242237,0.0011551815431752892
p171_PKB,7.177657690369683e-06,20.48952717494607,0.0003183007393567103
p172_H2,4.206874794973174e-05,17.016231603328805,0.0016973907852901094
p172_P1,0.007070076906864155,7.303142391266869,0.0012928921261385897
p172_NCI,0.0021447942158982535,9.500184830541025,0.00014956801678876595
p172_MASS,0.021474106223213968,5.314554384123322,7.895962174712786e-05
p172_SASA,0.02031947438417375,5.4117945693500165,0.0011101412357902999
p172_PKB,0.4500053383867614,0.5713549260139802,0.0
p173_H2,8.122041889402014e-22,99.3373883176827,0.008596381387046164
p173_P1,1.3130967932056676e-28,136.1788056818788,0.0
p173_NCI,1.249944246469604e-28,136.29797872328885,0.056388663196771674
p173_MASS,4.036650844625161e-27,127.94360836104828,1.104740188662862e-05
p173_SASA,3.1429385326716654e-23,106.84115757089573,0.0006159516067846568
p173_PKB,2.619760573122013e-08,31.77533121630465,1.9318850635191175e-05
p174_H2,0.3431090872473368,0.9001444850291799,0.0
p174_P1,0.4312547108346697,0.6202440049813838,0.0
p174_NCI,0.25639280504397977,1.2904876903407807,0.0
p174_MASS,0.27514869088698096,1.1929837538286323,0.0
p174_SASA,0.36356591183176945,0.8267431274656183,0.0
p174_PKB,0.43613700280569867,0.6072039260434903,0.0
p175_H2,6.706939441445954e-21,94.5100651903302,0.0017660967286537341
p175_P1,4.078685881930588e-19,85.21626096886352,0.0017660967286537341
p175_NCI,3.1867640050389058e-18,80.61414011549866,0.0014326756149949731
p175_MASS,1.198939967862985e-27,130.8513609491742,0.0009611752766151483
p175_SASA,9.305564142433752e-28,131.45981066163472,0.0009611752766151483
p175_PKB,1.0860067889099371e-29,142.22947046580677,0.002256653670785678
p176_H2,0.9344979269431356,0.006760154130859482,0.0
p176_P1,0.6394407243414463,0.21968826019223492,0.0
p176_NCI,0.9749723693198026,0.0009850290727598558,0.0
p176_MASS,0.5939487709931732,0.28451135007008516,0.0
p176_SASA,0.024674429242998105,5.071050679572649,0.00027116769078320993
p176_PKB,0.6987450306377889,0.1499183134077353,0.0
p177_H2,0.01849005440365614,5.578250783795403,0.001838713303927689
p177_P1,1.1435453165228527e-18,82.90430800899786,0.0018036924203963477
p177_NCI,6.746129641635311e-32,154.71931821460876,0.0018444511705809257
p177_MASS,4.2601282050683914e-36,179.0694885281578,0.0007685726345841996
p177_SASA,1.1257037120319e-27,131.00264986315773,0.0018862015769029502
p177_PKB,0.00027251416870462824,13.402476913672315,0.0011342097967884266
p178_H2,2.282985389862006e-07,27.38055207091019,7.58865610123799e-05
p178_P1,0.9156413485440079,0.011229307925836022,0.0
p178_NCI,0.02019901779871594,5.422267733589193,2.1022212594356598e-05
p178_MASS,4.0726600728419954e-19,85.21958247123575,0.0003905626444636364
p178_SASA,2.406317757888505e-18,81.2410436621845,0.0002751860880281082
p178_PKB,0.000722378310667641,11.545056691393581,0.0008244109420174457
p179_H2,0.11338858599343424,2.5133798981997524,0.0
p179_P1,0.05530792821151634,3.6865238260284214,0.0
p179_NCI,0.9411568297330706,0.005453173081156558,0.0
p179_MASS,0.6745267635384201,0.1765182953276814,0.0
p179_SASA,0.26401555814401184,1.2498207531480356,0.0
p179_PKB,0.9049518515252587,0.014269908094595865,0.0
p180_H2,3.180025681283725e-25,117.58073216057144,8.767248167147447e-05
p180_P1,1.3221419659135832e-16,72.35812126728219,0.002288379404760066
p180_NCI,3.1433414943889814e-11,45.71255291638866,0.006021995324178161
p180_MASS,3.910281754012482e-11,45.25383764187278,0.0006978720359067805
p180_SASA,3.6139350230500783e-13,55.182532589384664,0.004701929455266626
p180_PKB,5.860260028242009e-25,116.1419598254294,0.0011678034321015228
p181_H2,0.05904891920449226,3.5769248390616863,0.0
p181_P1,0.11681086283832667,2.4663791359141816,0.0
p181_NCI,0.11096785341677691,2.5475821868502124,0.0
p181_MASS,0.07698029962255257,3.1378660155240303,0.0
p181_SASA,0.09030223529102505,2.877863753514388,0.0
p181_PKB,0.057296077406707106,3.627328382636347,0.0
p182_H2,5.961291154662255e-39,196.06109016925274,0.006324090148591097
p182_P1,1.6945745339450232e-26,124.52244469882464,0.0001125868593499368
p182_NCI,1.9934709659765375e-20,92.03276178576895,0.0007723244196519038
p182_MASS,3.625628979203329e-25,117.27183633928705,1.5152697810971344e-05
p182_SASA,4.107702956629648e-36,179.16269625071857,0.00028408721608953936
p182_PKB,1.6684521439589937e-09,37.43222674248038,6.284999337587117e-05
p183_H2,2.825637164165913e-16,70.68828120735907,7.832307487188586e-08
p183_P1,0.0066017413988682565,7.427861211431014,1.0794346429643485e-07
p183_NCI,3.3400726364011728e-25,117.4650539269164,0.0007950337737712343
p183_MASS,1.627414593480693e-08,32.74813924542353,1.4441571436075536e-06
p183_SASA,2.1918055358566747e-14,61.208838924918446,0.004098752031440443
p183_PKB,1.9357496920944117e-24,113.33812423350443,1.6108288475525935e-07
p184_H2,0.0012351716250250768,10.532937325649456,4.255059681174789e-06
p184_P1,4.357547526592748e-09,35.45199445157277,2.392359392986221e-07
p184_NCI,3.305024491187071e-10,40.79083302595636,1.765795139224668e-05
p184_MASS,0.20913329630895844,1.5806683802331758,0.0
p184_SASA,0.0013192606316158818,10.409207241170508,0.0
p184_PKB,4.585204458725563e-12,49.77459774562098,0.010740420283756316
p185_H2,0.00908928406800357,6.847814555513416,0.00011257694045380362
p185_P1,3.811073528052526e-05,17.20905224647765,0.00015053578326608657
p185_NCI,0.04028200215559916,4.2235096858337045,4.242783975116204e-05
p185_MASS,4.628611804715385e-07,25.95664487632003,0.00011546061763357349
p185_SASA,4.487030987383511e-05,16.890505157348557,0.00013089280402677248
p185_PKB,3.9988817702984965e-14,59.91064296547591,0.0003876119874373647
p186_H2,0.8593941946034135,0.03140634892708542,0.0
p186_P1,0.6937476301343699,0.15520138409288176,0.0
p186_NCI,0.6478547137408465,0.20881703068543758,0.0
p186_MASS,0.6993991222291329,0.14923462002299392,0.0
p186_SASA,0.8032767510502257,0.0621077764082947,0.0
p186_PKB,0.6326510409897483,0.22870720731313662,0.0
p187_H2,0.31052296908838145,1.0301184068918778,0.0
p187_P1,0.6591787355842644,0.19470844580456118,0.0
p187_NCI,2.1944671616372668e-20,91.81474155995382,0.0
p187_MASS,9.614825991817247e-20,88.47074834015227,1.2913049199614642e-08
p187_SASA,2.2101362224308174e-20,91.79859660368822,1.2913049199614642e-08
p187_PKB,1.4828673243910773e-20,92.70477933799445,0.0
p188_H2,7.690471237811586e-12,48.68031292707663,0.00026155318872110345
p188_P1,1.4688793807614446e-14,62.07452910444174,6.960650336970181e-06
p188_NCI,0.0030031027195582616,8.874932661163642,0.00011909726031180862
p188_MASS,4.15256587762997e-21,95.60325787328881,0.034654041831508976
p188_SASA,1.6867109923765987e-19,87.2029794446763,0.02575920547825306
p188_PKB,0.32400981416624386,0.974226028626451,0.0
p189_H2,0.6539261742838198,0.20117888073047077,0.0
p189_P1,0.5069603532232985,0.4408429242390818,0.0
p189_NCI,0.190805225999454,1.7151015905442037,0.0
p189_MASS,0.7794618730523546,0.07847898249666208,0.0
p189_SASA,0.5626483188969272,0.33549715388594314,0.0
p189_PKB,0.1685062442762809,1.9005765329467292,0.0
p190_H2,1.0656583535225039e-42,218.93025622707847,8.833443465867776e-05
p190_P1,2.1248659064473222e-10,41.71123862833955,7.732470951175132e-06
p190_NCI,5.386895679040431e-05,16.53443874532182,9.323788562518376e-06
p190_MASS,6.038436961975319e-38,190.0329676434844,8.648114415975527e-06
p190_SASA,1.6355985784196604e-38,193.4278461280302,8.648114415975527e-06
p190_PKB,0.022170581846089256,5.258489231144821,0.0030655573563812873
p191_H2,0.01576256776161196,5.861091047660703,2.1327659580956866e-05
p191_P1,2.257015546828752e-09,36.80806565982018,3.8753801148255845e-07
p191_NCI,0.0007810282844536087,11.397298939442498,0.005880953505615793
p191_MASS,0.01065859765807318,6.5607155243294955,1.1769370534886005e-07
p191_SASA,0.02357117541556335,5.151082892245468,1.1769370534886005e-07
p191_PKB,0.852848472233591,0.03443320431095685,0.0
p192_H2,1.147363484959884e-21,98.54507261912772,0.0025212416075353927
p192_P1,2.5450845204672202e-20,91.47847439041298,0.000886375675183903
p192_NCI,0.7785325010314444,0.07915961052974073,0.0
p192_MASS,0.15300664041110923,2.046987770870425,0.0
p192_SASA,0.0020601912249117974,9.575189206470984,0.0002673330115909854
p192_PKB,0.3170070171383922,1.0028574056544974,0.0
p193_H2,0.008255936543831992,7.021757060901061,2.0516301194228068e-05
p193_P1,0.07496944305422797,3.1813076661820223,0.0
p193_NCI,8.836475379122946e-21,93.88210226850589,8.433536809449936e-05
p193_MASS,0.0018167685105746581,9.809857631837248,1.4382526466495658e-05
p193_SASA,0.13722662381598633,2.214457955515025,0.0
p193_PKB,0.8244806443572117,0.04923017465991418,0.0
p194_H2,0.21759804375862546,1.5232063175665573,0.0
p194_P1,0.6111925288836848,0.25870196684669783,0.0
p194_NCI,9.179363369694167e-33,159.67917904199385,0.0012991387085698192
p194_MASS,0.04535054944428661,4.0216174278908285,6.453005701761095e-05
p194_SASA,0.028699019700078425,4.80776729140392,6.453005701761095e-05
p194_PKB,0.7082680657270781,0.1401405813775725,0.0
p195_H2,0.001417418557519606,10.274525769040501,6.753964147216054e-06
p195_P1,0.8438078378170459,0.038851142512929315,0.0
p195_NCI,0.00041946843158338637,12.578035697100105,0.0037104149822718897
p195_MASS,0.3830074944297195,0.7620979768598797,0.0
p195_SASA,0.3334141807756581,0.9370395921896346,0.0
p195_PKB,0.7265578469949356,0.12240537072316236,0.0
p196_H2,2.886102257952465e-07,26.907658119783324,0.00018495562417631477
p196_P1,0.06302514201644344,3.468265907370569,0.0034063300464536573
p196_NCI,0.23242047166083818,1.4287542436030618,0.0
p196_MASS,0.23831203526505199,1.3932101632117075,0.0
p196_SASA,8.032662392501647e-05,15.75805759537208,0.0010586218560409953
p196_PKB,7.165529808046504e-32,154.56984462094172,0.017682150889748605
p197_H2,0.45741380408796795,0.5529008542113126,0.0
p197_P1,0.2519573117066564,1.3148455059170554,0.0
p197_NCI,9.995746108331054e-21,93.60156315159237,5.958163462986816e-05
p197_MASS,4.892109600094297e-07,25.84533518447416,8.440253440435915e-05
p197_SASA,5.335535335000281e-07,25.67097043389935,8.440253440435915e-05
p197_PKB,6.913200109213213e-32,154.65868638947148,6.163509136275122e-05
p198_H2,3.1505243559965225e-73,430.9316702951134,0.00020711725615465723
p198_P1,8.40587943508944e-47,244.71067883851939,0.01614318011919778
p198_NCI,8.65412783151492e-25,115.225953437642,0.0005406717018499176
p198_MASS,1.611815703527684e-26,124.64157617555867,1.5894465308829503e-05
p198_SASA,2.3617001336245446e-15,66.04397822642993,0.0005965452495949344
p198_PKB,0.3232526366647812,0.9772822624834974,0.0
p199_H2,0.009124400702908401,6.840848860171582,0.00026905230350806177
p199_P1,0.00047667903464327114,12.334432777930134,4.5718812402693374e-05
p199_NCI,1.2847660752329873e-06,23.909881856768862,0.0032533165047108374
p199_MASS,0.13269576764616753,2.2665794716548833,0.0
p199_SASA,7.692102081246971e-06,20.35271621302878,4.1771361187793165e-05
p199_PKB,3.492243375439775e-05,17.37967435297241,5.449114184482453e-06
p200_H2,7.318438237822624e-17,73.66161850030066,0.0013548392046737235
p200_P1,8.324216352284848e-15,63.305114442290304,1.140428930456743e-05
p200_NCI,4.5033065137649796e-27,127.68215200566169,1.8281584714706686e-05
p200_MASS,0.2492072994259301,1.3302141399475673,0.0
p200_SASA,0.015788232260090327,5.858200084611701,0.0007362383221867836
p200_PKB,3.082975730649769e-06,22.164928086629264,1.2247768543882485e-05
p201_H2,2.8444917146514003e-90,571.8243544324412,0.0016457846965034937
p201_P1,1.3121957161896137e-74,441.6946742641312,0.07791657443711428
p201_NCI,1.0752800779287427e-29,142.25366677229627,0.010282890028824413
p201_MASS,6.51479389463455e-73,428.4869019278242,8.198442663419987e-05
p201_SASA,1.7509209664395358e-87,547.539063710398,0.018188606818345353
p201_PKB,1.601925931767041e-15,66.89041857640083,6.918039418183986e-05
p202_H2,0.03272985251716811,4.580170140758827,8.459687566454544e-07
p202_P1,3.411763252725397e-08,31.23656130849791,4.620858494489132e-06
p202_NCI,4.5752440559001526e-14,59.62033582236017,0.0005103113641753104
p202_MASS,1.139415194432479e-11,47.84996475808376,5.984610291690681e-07
p202_SASA,2.3568969653007446e-07,27.31624275406492,6.351620618245019e-06
p202_PKB,0.033927167255939625,4.518189928253821,2.690598279699984e-05
p203_H2,4.264175861827295e-23,106.13368417402064,0.00022676662977395043
p203_P1,3.5655873911186746e-42,215.69100367060685,0.2897717101017625
p203_NCI,0.07184715939150284,3.2513095360272546,0.0
p203_MASS,4.6906643620385685e-36,178.82325370872323,7.799925238790143e-05
p203_SASA,1.493772742012647e-45,236.7749911389829,0.00020901964630676208
p203_PKB,0.0002709059152288034,13.4138192697634,0.00044033505560097075
p204_H2,0.94039570754198,0.005595421927460071,0.0
p204_P1,1.209996298085545e-17,77.64497719814302,0.00029814011589706935
p204_NCI,2.3787500208961427e-07,27.297616758828863,0.000557758096867835
p204_MASS,5.796750388460149e-07,25.504437387385806,0.003719671390922923
p204_SASA,0.028310115876372142,4.831471876492881,0.00021770277374602156
p204_PKB,0.00020265298472044432,13.970954425223681,0.0005476534568039234
p205_H2,0.00023352939091357701,13.698552848001022,0.0008767257459657036
p205_P1,9.383549128872418e-05,15.456762373111305,8.006603814677954e-06
p205_NCI,2.055306512439348e-06,22.972058486005796,5.502190732049687e-05
p205_MASS,1.550053297547736e-08,32.8477812827089,1.8492448648488134e-05
p205_SASA,7.986542109827214e-06,20.278501225950052,0.0009076745493182803
p205_PKB,0.00265030491079711,9.106629928651559,0.000202403460362479
p206_H2,0.026396531069982427,4.953285562508213,0.0002925733125892779
p206_P1,1.0110037850157306e-32,159.43829473531272,0.038144864335964694
p206_NCI,1.1762083918639698e-07,28.72159327028753,0.0014853164318456638
p206_MASS,2.196296922287146e-34,169.04860283211232,0.00035730738434624256
p206_SASA,2.2250521665780936e-31,151.76721025956616,0.000509465146724474
p206_PKB,2.094180945966067e-27,129.51403311368753,0.0019029779207160834
p207_H2,5.42298639015754e-57,312.24192484834833,0.026769027350698624
p207_P1,9.359064562564238e-34,165.3965391763541,0.20809508135418323
p207_NCI,8.790246472498216e-23,104.45910778738008,0.017934256064644032
p207_MASS,1.6899874720389243e-45,236.4362802989219,0.0008678618058860895
p207_SASA,3.0603358394748314e-44,228.52590151693167,0.0008678618058860895
p207_PKB,5.674096016460893e-16,69.15939597225236,0.00177262794846279
p208_H2,0.01963758129292841,5.471952194471849,0.0002521896287294701
p208_P1,0.008122688968527584,7.051232117124736,3.247416252668182e-05
p208_NCI,1.6301982075279874e-06,23.434245326365076,5.712881336381164e-05
p208_MASS,0.051185373675136495,3.8168225859290597,0.00031157458394755926
p208_SASA,0.8954816047948044,0.017272442361880313,0.0
p208_PKB,0.018714202629211227,5.556959682028283,0.0002826822179620943
p209_H2,1.058325386968568e-12,52.8889762316277,0.0007611177069609017
p209_P1,2.072741978956345e-23,107.8076511970955,0.001302629225944418
p209_NCI,0.8168025098871788,0.0537112972855325,0.0
p209_MASS,8.573702849330074e-10,38.81050418044174,8.766232339754416e-06
p209_SASA,1.0894708785254819e-09,38.31407666122664,0.0005571514532747837
p209_PKB,0.047266298514057954,3.9514460127761426,0.0004127827607289277
p210_H2,3.341316634682051e-16,70.32032490148224,4.6513983069915166e-05
p210_P1,0.0004427918720317877,12.474890926785191,0.005735187950199993
p210_NCI,0.062421963039473415,3.4842703459434583,0.0242007025794243
p210_MASS,1.707867260342091e-11,46.99644169751397,0.0002717939994628658
p210_SASA,2.6188674987531418e-15,65.81879467846343,0.00010193786297436553
p210_PKB,0.004603118169072458,8.087324029374638,0.0016687270666060187
p211_H2,3.887571366528351e-28,133.55941302515666,2.1626482736511773e-07
p211_P1,0.25632203822058997,1.290872218959093,0.0
p211_NCI,2.4122515733889188e-27,129.1753767405561,0.0
p211_MASS,7.990313124490745e-17,73.46786790311315,1.1153494236434636e-06
p211_SASA,4.942741595296484e-22,100.4780766998688,0.0012958983131774726
p211_PKB,3.155276554085299e-26,123.04502545085501,3.90986947549162e-06
p212_H2,1.367442721048518e-17,77.37344323509807,0.0038961841322847396
p212_P1,0.005901302357569237,7.632400366891933,0.0021717474077941495
p212_NCI,0.669838041808904,0.18196332645162452,0.0
p212_MASS,2.6383549906551234e-29,140.068936437779,1.4267186234472784e-05
p212_SASA,4.9902508198763167e-26,121.95750561398341,9.684528870039731e-05
p212_PKB,1.6857283733793023e-25,119.0776516724309,5.5899812128761885e-05
p213_H2,4.877954129452744e-12,49.64351885676868,0.0036733514123620187
p213_P1,1.558904757671137e-10,42.35760576490246,0.00031598268955012444
p213_NCI,0.016469625918168695,5.783171288268581,0.00666438000124631
p213_MASS,6.115769641736239e-05,16.28755337853326,0.00013375800545620392
p213_SASA,1.053618342013259e-05,19.73172140058182,0.00021016745765655014
p213_PKB,0.0002509003799311385,13.560892401586445,0.0003068089315158545
p214_H2,0.061536133772572055,3.5080763704601385,0.0
p214_P1,0.056535136322518276,3.6497228167344185,0.0
p214_NCI,0.06758271530909478,3.35238909203877,0.0
p214_MASS,0.054010731546406614,3.7263794970899555,0.0
p214_SASA,0.054076192616529156,3.724343985572008,0.0
p214_PKB,0.0782171697521552,3.1117486297237944,0.0
p215_H2,2.2760630979822478e-05,18.21746094850102,0.00010673853322419767
p215_P1,7.135542696861531e-05,15.98789389786485,0.0006999762817751066
p215_NCI,2.2287398643222536e-21,97.02489901627428,0.029601506254475118
p215_MASS,2.18952533626754e-14,61.211088682179934,9.002953295677599e-05
p215_SASA,3.0325145360900857e-06,22.19773876632775,0.0010410459078646636
p215_PKB,6.889793109322477e-27,126.6667590593116,2.642462400478113e-05
p216_H2,6.645686847659143e-15,63.79379664310143,0.0007863851885378797
p216_P1,3.181177173679281e-11,45.68740314391811,0.0022704605343796735
p216_NCI,9.953902781228982e-09,33.754985675174005,0.000829747963135742
p216_MASS,0.0023341058801967384,9.342712022983598,0.00040971263327292624
p216_SASA,3.449803765531553e-05,17.403562701230904,0.0067602194120934276
p216_PKB,6.173191823950922e-06,20.787714722867463,0.0001111716036635999
p217_H2,0.9050466366648282,0.014241325802000793,0.0
p217_P1,0.44739628604756765,0.577967606801209,0.0
p217_NCI,0.3716056658861778,0.7994360142387544,0.0
p217_MASS,4.014451328556933e-06,21.64052062348476,1.7417269138337447e-05
p217_SASA,4.236581643225334e-07,26.134638584660088,0.0007980150648120361
p217_PKB,2.674250366113122e-05,17.90161528581489,0.00010830889691640208
p218_H2,0.19682321966524366,1.669343784735873,0.0
p218_P1,0.02101949725281962,5.352177516202481,0.0005842785896166292
p218_NCI,0.03246764319723495,4.594060485918085,0.011289326251882026
p218_MASS,0.7191191290570333,0.12945500135841298,0.0
p218_SASA,0.6457820848459828,0.21146390873509083,0.0
p218_PKB,0.05071919259827518,3.832253423836985,1.332130430470569e-09
p219_H2,6.424967395450976e-10,39.409006100200465,0.0015791782766750122
p219_P1,0.9789932667717123,0.0006938800531603187,0.0
p219_NCI,1.8608132861151734e-18,81.81531516494785,0.0002241848057719182
p219_MASS,5.6448009510272716e-05,16.443424961556453,0.0005679469702249889
p219_SASA,1.3739685955925752e-09,37.833822384589006,0.0007682808693529547
p219_PKB,6.021893566782612e-16,69.02911167103703,0.00024018377101150558
p220_H2,3.3079190985080742e-06,22.024953593064097,0.002955963499402232
p220_P1,0.7149370475818357,0.13351639726006212,0.0
p220_NCI,0.0018033797044126742,9.823677685518525,2.680811453057509e-06
p220_MASS,8.96141030038728e-06,20.051081101119056,4.217667012458804e-05
p220_SASA,0.00017874844567973078,14.212389001258655,0.00029712842027130774
p220_PKB,2.4737953160447546e-14,60.94730578383117,0.0004239034910023498
p221_H2,6.00901244409546e-05,16.321797578304267,0.0012645953442606958
p221_P1,0.05257070338750489,3.7718320615150014,2.245361617240146e-06
p221_NCI,4.427287064863205e-23,106.0466874481492,2.680018027321423e-05
p221_MASS,2.276588462382383e-16,71.16285586634079,0.00046528212136472835
p221_SASA,2.904951567919588e-17,75.70346660477122,0.0003411498959085685
p221_PKB,2.3080709620479403e-22,102.23076450393036,1.3235911759938655e-05
p222_H2,0.7178816832504966,0.13064934627554298,0.0
p222_P1,0.7178816832544483,0.13064934627165978,0.0
p222_NCI,0.7178816832446047,0.13064934628118255,0.0
p222_MASS,0.7178816832538018,0.13064934627235067,0.0
p222_SASA,0.7178816832521492,0.130649346273949,0.0
p222_PKB,0.7178816688164484,0.13064936024299825,0.0
p223_H2,1.546503532066297e-50,268.87356895491234,0.02431334804610858
p223_P1,6.668167301382403e-56,304.77410390202175,6.414698164766194e-05
p223_NCI,1.2700559132823255e-11,47.62092101149591,0.0001923319402825078
p223_MASS,6.7619920453620955e-15,63.756134297278024,7.3049718117332e-05
p223_SASA,1.9633627185296458e-21,97.31489503162435,0.030196678898603332
p223_PKB,1.1329875733207267e-23,109.21239869427008,0.007491602178098005
p224_H2,1.029817454334788e-12,52.94714731567574,4.912087510437545e-05
p224_P1,2.6177102022117192e-24,112.63169739287724,2.222629159303418e-05
p224_NCI,1.695695852626382e-18,82.02300601933517,3.4277672045707636e-07
p224_MASS,6.222811800078976e-05,16.253817920619632,3.8702706515653595e-05
p224_SASA,0.0001343190651103412,14.763213310028494,2.131219195392457e-05
p224_PKB,0.3406011673641155,0.9095529647265954,0.0
p225_H2,0.0011251151230698084,10.70846865601956,0.0
p225_P1,8.741715320158395e-09,34.021330470403804,0.0011296965369285178
p225_NCI,0.8162903668635747,0.05401750758251135,0.0
p225_MASS,5.404949657998008e-06,21.050837806447795,9.858063027536375e-08
p225_SASA,4.300010131838083e-31,150.14238335739213,2.5137925289330504e-05
p225_PKB,0.25468715412379184,1.2997924371274274,0.0
p226_H2,5.309535004668226e-15,64.28127840042522,0.00024450626454914097
p226_P1,3.47394996578641e-07,26.53411372205731,0.009590617381199016
p226_NCI,4.426302371957266e-15,64.67670001007625,4.114738176504216e-06
p226_MASS,2.3078095280650104e-14,61.097378524503796,8.599344067026893e-05
p226_SASA,1.3244499267706619e-09,37.9097700878879,8.599344067026893e-05
p226_PKB,0.013793695146682968,6.098715288154561,0.0018923425716660413
p227_H2,1.5187746815685707e-27,130.284054827077,0.018774960637004078
p227_P1,1.4145321502182992e-16,72.20942865879947,0.0015176294413207136
p227_NCI,2.100621503943891e-09,36.956331701721005,0.00010612709707228937
p227_MASS,1.080845686797106e-12,52.844124513346685,0.012414361303748142
p227_SASA,6.359458885115958e-22,99.89901258353974,3.569036468402751e-05
p227_PKB,0.0003894494346441706,12.719683360283518,0.001399477875092223
p228_H2,0.20037232880282252,1.6431210352434464,0.0
p228_P1,1.217775565381704e-15,67.48900087127618,0.00032814177652743903
p228_NCI,0.568734680073552,0.3251481673713516,0.0
p228_MASS,1.0218578518148375e-28,136.7853151389131,7.615048162564585e-06
p228_SASA,3.365423306138571e-25,117.447242827257,1.6220007038483893e-06
p228_PKB,4.003448380292852e-13,54.963635202574686,0.0009046197144773895
p229_H2,0.004699131111605504,8.04942833948656,4.171019008379291e-07
p229_P1,1.6043750542438943e-09,37.51318703512593,2.902074566781814e-07
p229_NCI,1.3308582567846698e-11,47.522276051671525,0.008846822325828707
p229_MASS,0.0008098717771050325,11.328709483560651,3.4391637080334283e-06
p229_SASA,6.49778074110193e-14,58.86465857099608,3.5668693257081108e-06
p229_PKB,0.0900810060357517,2.8818329660917894,0.0
p230_H2,0.17771354186875463,1.8207356480531318,0.0
p230_P1,2.7378085323045608e-06,22.401073095501744,9.148947898473594e-05
p230_NCI,3.878657251751687e-16,69.99317681892326,5.990335105084156e-05
p230_MASS,3.79352625248536e-18,80.22548467303649,1.0314387750983392e-06
p230_SASA,2.142446447935139e-16,71.296316503337,1.8182572274993635e-05
p230_PKB,4.808279126469645e-08,30.537776308170205,2.2463781259631195e-05
p231_H2,0.834058391660034,0.04392661587443788,0.0
p231_P1,0.7932009276227495,0.06878462911463243,0.0
p231_NCI,0.14762990765888545,2.1017660617985645,0.0
p231_MASS,0.0027304613605795168,9.05133986402247,0.002403053973052615
p231_SASA,0.0026582712567876188,9.101059253183733,0.0033107795610126103
p231_PKB,5.005034443601699e-07,25.799466331197454,6.118873559908595e-05
p232_H2,0.029201120633185793,4.777654218578673,0.0
p232_P1,0.1239309040752155,2.3733038263573487,0.0
p232_NCI,0.07364419843987395,3.2106293712782876,0.0
p232_MASS,0.6239767493674037,0.2405559252151725,0.0
p232_SASA,0.5429640755322933,0.37047901588133764,0.0
p232_PKB,0.7876005917074047,0.07265349063825186,0.0
p233_H2,0.7505907784448191,0.10112417602055579,0.0
p233_P1,0.8396517034911266,0.04097513015260691,0.0
p233_NCI,0.12172162689418628,2.4015351670980496,0.0
p233_MASS,0.6540756530688983,0.20099298827967288,0.0
p233_SASA,0.6141319185747655,0.254456554005468,0.0
p233_PKB,0.09990265336752238,2.7151302619941786,0.0
p234_H2,6.004369387950923e-11,44.35391125722398,5.5634213971618845e-06
p234_P1,3.265801766399602e-10,40.81568585589489,0.11157130177739148
p234_NCI,0.2908687578489323,1.1174833753636182,0.0
p234_MASS,1.6635500508708652e-12,51.92639206045741,8.093739999866814e-05
p234_SASA,6.876097215433083e-15,63.719810945052984,4.518444349823652e-07
p234_PKB,2.6579311832198125e-12,50.930825490198075,3.217501967747697e-07
p235_H2,3.740960791695933e-05,17.245305144145227,0.002698486776930531
p235_P1,0.00014261732633499868,14.647531365768893,2.994498841757816e-05
p235_NCI,0.001147178051755526,10.671922842197334,0.00012539751258149986
p235_MASS,0.6857138948402113,0.1639169454327877,0.0
p235_SASA,0.9082913646662072,0.013280398474309682,0.0
p235_PKB,0.4684161624900308,0.5263509734583228,0.0
p236_H2,0.0052453732268784095,7.847843435267455,0.0001837844281765706
p236_P1,0.16786643370615845,1.9063103519959992,0.0
p236_NCI,3.2120773282939e-14,60.38334433834333,0.0
p236_MASS,7.333187534048317e-10,39.13462942860035,0.0009808486536802942
p236_SASA,0.0006552794110561725,11.729796702449494,0.00014517684776500878
p236_PKB,2.218436186157956e-15,66.18035601540593,4.6378848901877436e-08
p237_H2,7.556331795699094e-16,68.53227089381579,1.144254131509762e-08
p237_P1,3.182844989756001e-07,26.710409410052012,0.006745516740138938
p237_NCI,0.583814227200816,0.3004206433054018,0.0
p237_MASS,1.0146749286233298e-05,19.80598525774484,5.045301327289618e-06
p237_SASA,3.4656679023865995e-14,60.219358024976756,1.0056875715798572e-05
p237_PKB,0.00016710984482941682,14.342025963601488,1.9203150262494247e-06
p238_H2,0.523863158083028,0.4067377483623259,0.0
p238_P1,0.36514257722904864,0.8213221391585233,0.0
p238_NCI,0.08254580825951453,3.023736660104147,0.0
p238_MASS,0.28591641853012245,1.1406987244555176,0.0
p238_SASA,0.10510475334952701,2.6339483007946116,0.0
p238_PKB,0.005877604121172418,7.639748342001863,1.3581392270305891e-05
p239_H2,3.542565046675162e-08,31.159882112872136,1.3133018644175072e-06
p239_P1,1.051456835682538e-08,33.642643175986386,0.0011813343270710406
p239_NCI,0.7972251041357273,0.06607439265018285,0.0
p239_MASS,4.342691808887569e-08,30.745071728554468,0.00019944944067177257
p239_SASA,3.0132166433440744e-07,26.82077686287393,7.557245490881102e-05
p239_PKB,7.242985738946712e-14,58.63097581325934,6.094857601132143e-07
p240_H2,2.5020752400670642e-61,342.55845045888304,3.753330443648568e-06
p240_P1,1.7891050519014957e-18,81.9031440557183,0.0019040662049754466
p240_NCI,2.368305589063282e-09,36.708715619030095,2.8215361618939537e-06
p240_MASS,9.849062364123025e-13,53.04215216550382,0.0037193713327970746
p240_SASA,6.600016473347508e-07,25.24392427648897,1.3184994316136651e-06
p240_PKB,0.8336948005459911,0.044122183873824605,0.0
p241_H2,0.9994063197712514,5.540793691971221e-07,0.0
p241_P1,0.4244257468247825,0.6388636610214101,0.0
p241_NCI,0.1375403113367904,2.2109210850332617,0.0
p241_MASS,9.563470386989643e-12,48.219757941106415,1.0968375648469585e-05
p241_SASA,3.106601537078726e-15,65.44689670618398,0.002345892897466132
p241_PKB,0.02064847875480709,5.383514004655498,0.00016386782728500363
p242_H2,0.005628258247852083,7.718951614312896,0.0017003302881659144
p242_P1,0.00015168787524283411,14.528615305454506,1.856197392886863e-05
p242_NCI,0.4781391341994998,0.503709167222026,0.0
p242_MASS,0.007923381786858726,7.096258745336026,1.3983989591842639e-05
p242_SASA,0.39581416520625456,0.7219979617719674,0.0
p242_PKB,0.00034203607855360437,12.96761989419336,4.121601584846045e-05
p243_H2,7.743832603476223e-07,24.923354647911804,8.551098852475564e-05
p243_P1,7.002559061422174e-11,44.03159661032503,0.0006746483617748834
p243_NCI,0.6531710513329358,0.20211953367629562,0.0
p243_MASS,9.182673910062669e-05,15.498680877594708,0.00029931245360475275
p243_SASA,0.0007273647220384122,11.532029723283458,1.4496169959324644e-05
p243_PKB,2.1321965488618305e-10,41.704056049637266,2.2836450620989765e-05
p244_H2,0.34694074055644997,0.8859482195160978,0.0
p244_P1,0.16583533142924345,1.9246801424865492,0.0
p244_NCI,0.09818208688185616,2.7430043389456933,0.0
p244_MASS,0.626386227734252,0.23722755592692069,0.0
p244_SASA,0.6402310426989771,0.21865284113222408,0.0
p244_PKB,0.4511761480377049,0.5684069051683668,0.0
p245_H2,0.0007899425208184566,11.375830589161046,1.8750744087490621e-06
p245_P1,0.0006354668233062086,11.788025903233109,6.334203429505061e-07
p245_NCI,0.0011284580481092964,10.702884818378037,6.856301488239136e-06
p245_MASS,0.2973741481963386,1.0877442373268777,0.0
p245_SASA,0.08950896605021026,2.8921456360314455,0.0
p245_PKB,0.21394389568414288,1.5476799063894597,0.0
p246_H2,1.0,0.0,0.0
p246_P1,0.9052284745441401,0.01418657426237133,0.0
p246_NCI,0.5564208299842589,0.34631148834331815,0.0
p246_MASS,0.441316932834924,0.5936107120760232,0.0
p246_SASA,0.8900459084591138,0.019127552451857613,0.0
p246_PKB,0.7928816689681799,0.06900213837475279,0.0
p247_H2,0.15902116250900056,1.9882448863307793,0.0
p247_P1,0.13266827411732907,2.2669018063899458,0.0
p247_NCI,4.891032434874591e-25,116.56716486402493,0.0007952007317887183
p247_MASS,5.582709393157058e-08,30.234009778701015,2.3761497572958178e-06
p247_SASA,0.6561416091806165,0.19843431164533507,0.0
p247_PKB,5.9802342175098905e-05,16.331133734002456,0.00123384432180475
p248_H2,0.036377868283609026,4.398178761813784,0.0
p248_P1,0.012728102560322203,6.242388065888153,2.9162468347315307e-06
p248_NCI,3.8111230331955307e-07,26.347607300330168,3.811105804549309e-05
p248_MASS,1.8461047086652986e-14,61.57995798091564,7.854277995453576e-06
p248_SASA,4.974544606722631e-12,49.60199799038771,6.904747372539524e-06
p248_PKB,0.40197252787619064,0.7033736918838254,0.0
p249_H2,0.17471932581255073,1.84616611839461,0.0
p249_P1,0.7860622860929615,0.07373607424530086,0.0
p249_NCI,2.9294756871791622e-21,96.39996752954909,4.9097381431325884e-05
p249_MASS,0.3151433679651552,1.0106175112354392,0.0
p249_SASA,1.065280996814642e-05,19.710018379774667,0.00013864026673726133
p249_PKB,0.08989679832594767,2.8851460491681435,0.0
p250_H2,2.553832234007453e-10,41.327882120375115,3.0901705121734304e-05
p250_P1,0.0020523571207058796,9.582292311653163,0.0035247747878803417
p250_NCI,0.8468553721793766,0.037330995054958425,0.0
p250_MASS,0.008658536622153688,6.935578344602494,0.000331749074733629
p250_SASA,0.0005558223662491,12.042270247134761,0.0
p250_PKB,0.6450393073021387,0.21241740062394798,0.0
p251_H2,0.01626234542498603,5.80565026997528,3.138413897380612e-07
p251_P1,0.6281608337871556,0.23479450541623587,0.0
p251_NCI,0.00030590923543794696,13.181110952584458,0.0005296777587906282
p251_MASS,0.0012858373102177451,10.45740107189357,6.928634561033763e-07
p251_SASA,0.6178304630185054,0.24917712233204728,0.0
p251_PKB,0.3031064608155853,1.0622242506731394,0.0
p252_H2,6.436473661069092e-28,132.34582213023515,0.001423275184289423
p252_P1,2.745451926730002e-23,107.15493319155802,0.00024089858904391238
p252_NCI,6.093439546831775e-08,30.056050953783814,6.595587837748617e-08
p252_MASS,5.744533921068699e-06,20.930169310311715,0.0003666523316167799
p252_SASA,1.3967690191881722e-08,33.06089327520331,0.0003666523316167799
p252_PKB,0.42500293269045497,0.6372724865042081,0.0
p253_H2,0.2813364584296719,1.1626281309780486,0.0
p253_P1,0.9315029669384522,0.007394040966293164,0.0
p253_NCI,0.009962983158000987,6.682218159719361,8.430965779395173e-06
p253_MASS,0.9424169976365413,0.005221703746553929,0.0
p253_SASA,0.3779120470887294,0.7785879199731254,0.0
p253_PKB,0.006059032444479943,7.584249987906997,0.003027682770718286
p254_H2,0.1640569888463455,1.9409769773960897,0.0
p254_P1,0.33889446771809795,0.9160092459824032,0.0
p254_NCI,0.00028452078718515,13.319878564054312,0.0002028359038355347
p254_MASS,0.9541913505660277,0.003302482109579893,0.0
p254_SASA,0.1928175293820565,1.6996151846210157,0.0
p254_PKB,0.7495367071459362,0.10201051083905795,0.0
p255_H2,1.0061122554904994e-07,29.038131677036283,0.00018620915738236618
p255_P1,3.1878281993515045e-14,60.39970071457708,2.1892468293088182e-07
p255_NCI,0.15332848973379917,2.04377827536052,0.0
p255_MASS,4.196924623654514e-13,54.86273391628267,0.0017199280281195387
p255_SASA,1.257641311249824e-16,72.468245650331,0.0002818303481188983
p255_PKB,0.11284214723774248,2.5210295732051557,0.0
p256_H2,4.252536445172631e-16,69.79137594659169,0.0001822641210053298
p256_P1,5.009324465948272e-22,100.44731947202968,4.4618248057291266e-08
p256_NCI,3.645122219777204e-17,75.20127622912625,6.358523707302382e-06
p256_MASS,0.09098593541949168,2.86566359612487,0.0
p256_SASA,1.621054937876643e-05,18.883596915183954,4.1248130292171145e-05
p256_PKB,5.394536224310738e-34,166.78259349370384,3.5203502241902013e-06
p257_H2,3.965583188251076e-13,54.983954402332785,0.004020965813249714
p257_P1,7.966859403203403e-13,53.49424710033988,4.150368595698381e-06
p257_NCI,1.9948166024492927e-05,18.476147749231405,8.406377573744144e-05
p257_MASS,0.05262094930767264,3.770223972941927,0.00042217410501066123
p257_SASA,2.1023663284882137e-07,27.546958491916026,0.0006431406314246257
p257_PKB,4.110590926186078e-13,54.90716891143897,0.00038363242448689736
p258_H2,0.044606712797824556,4.049711105018459,0.0007795237124758426
p258_P1,0.8484304512981613,0.03655765862767653,0.0
p258_NCI,2.1592933512130485e-32,157.54811374630327,0.0009815556885949981
p258_MASS,0.31503842997251463,1.0110562544665243,0.0
p258_SASA,0.15071105060752768,2.070104084077055,0.0
p258_PKB,0.38159421498264356,0.7666403894128363,0.0
p259_H2,0.0001504613669510066,14.544268501054784,0.009476844453758654
p259_P1,0.011943999716559522,6.356261191386985,6.857804909650942e-06
p259_NCI,0.9745083231992371,0.0010219078306716492,0.0
p259_MASS,0.0028452401311452745,8.974980548756296,5.106017265167592e-05
p259_SASA,0.12745250019499202,2.329441217304789,0.0
p259_PKB,1.9819919210806282e-35,175.14664278648448,0.00046146602453132164
p260_H2,6.047361134116996e-10,39.5347506323284,0.0010121433781309418
p260_P1,5.076151408356741e-15,64.37894882423338,0.0009623192461713715
p260_NCI,1.9776907024824507e-08,32.34954939673687,0.0017718383288936887
p260_MASS,6.263023465207839e-31,149.21655024778588,0.0034105889353087233
p260_SASA,7.979305738588274e-27,126.31652669962321,0.0034105889353087233
p260_PKB,6.689859373135587e-22,99.78269653963662,0.00025888708190986395
p261_H2,5.916888249626902e-12,49.23479031808068,3.397206867823709e-05
p261_P1,3.073095601944065e-11,45.76006269474627,0.0011582968010872938
p261_NCI,0.15795275227768044,1.9984931713268872,0.0
p261_MASS,4.7514507631668164e-26,122.07375867617169,0.0002033385013159221
p261_SASA,2.192989460662595e-16,71.24507058547898,0.00012300041747037764
p261_PKB,2.4483542330677893e-06,22.623467680798743,0.00012657758536948778
p262_H2,8.19956305691487e-13,53.43285403432841,0.0001529416106165858
p262_P1,1.5387836201965625e-12,52.092202919697655,0.0001972811956896303
p262_NCI,0.4206529732882083,0.6493449198690682,0.0
p262_MASS,1.9044539198387424e-34,169.40874731121426,6.869147861856784e-05
p262_SASA,1.3528636468456209e-27,130.56152823117026,0.0018099710874004945
p262_PKB,1.695672239852031e-15,66.76633007474017,0.000994127347047438
p263_H2,1.6842654390929108e-06,23.36912708788608,2.659910740187813e-07
p263_P1,0.28760202670157015,1.132739866896032,0.0
p263_NCI,0.021985093950420632,5.273240070311768,9.311430420441382e-05
p263_MASS,4.0124624990277815e-08,30.906122616058763,3.2044838125970364e-06
p263_SASA,1.846381884567507e-06,23.185787682155503,3.698931063035438e-06
p263_PKB,0.0017201419979470545,9.912008028280399,1.062729238218461e-06
p264_H2,6.428412849454408e-38,189.87066600692035,0.0001559198124311869
p264_P1,5.516596979433217e-52,278.4200581288801,6.896728620379468e-06
p264_NCI,1.0096086944902354e-48,257.05007137351834,1.7836989615868995e-05
p264_MASS,2.049059282857882e-19,86.7646137100982,0.0
p264_SASA,3.9746911944786936e-24,111.6552981126625,0.0
p264_PKB,1.0648605381204846e-37,188.56297710014184,4.536640180178769e-07
p265_H2,2.261756475856971e-16,71.17721882357962,4.166929136189296e-07
p265_P1,1.9547046279774212e-13,56.49856365887515,1.3345082854742087e-05
p265_NCI,1.9147733511267425e-11,46.75553384647144,4.289002540185818e-06
p265_MASS,3.8819263846710384e-14,59.97466212508076,2.198171654788709e-05
p265_SASA,7.554856016753535e-18,78.69160289707781,0.0005496598329568491
p265_PKB,0.849087967392921,0.036237311832622306,0.0
p268_H2,5.6561486277558535e-30,143.82131409819752,0.0005588532880985727
p268_P1,3.586038509752635e-25,117.29769369762047,0.0007250993379675893
p268_NCI,0.00011554438003637942,15.054059679871916,0.0003329173585972446
p268_MASS,6.4571225108497616e-52,277.9669085094332,0.0035302427479452707
p268_SASA,1.7479307335298457e-50,268.5248741137262,0.005467139461752383
p268_PKB,1.1284134651518906e-14,62.64558018916741,0.0015270544615892379
p269_H2,1.4517571024841968e-08,32.98185417794614,0.00018305522060762638
p269_P1,6.68353060768741e-06,20.630568324199718,0.0029573506061947702
p269_NCI,9.37230847406876e-05,15.459084038211433,5.194269568417388e-05
p269_MASS,6.759755175356218e-23,105.06665622021038,4.855176505012879e-05
p269_SASA,2.8678867337242356e-18,80.84935787580555,0.00024365388054335156
p269_PKB,3.069902201611845e-19,85.8548860313451,0.00255731220579709
p270_H2,1.827898777549473e-18,81.85519961487067,0.0830600134305054
p270_P1,0.020333978556924537,5.410537841731668,0.004171139072102766
p270_NCI,0.6273596699973796,0.23589101089772552,0.0
p270_MASS,0.0009195135138652851,11.088833221488859,0.008321321261497086
p270_SASA,0.03703344134681073,4.367511341184129,3.7487316711835355e-05
p270_PKB,0.16850406250467687,1.9005960429149824,0.0
p271_H2,2.349194429957819e-19,86.4568711917704,0.00034701505025331296
p271_P1,6.361744476730058e-17,73.97077668758173,0.00011118214040452775
p271_NCI,0.609811967723778,0.2607112099217963,0.0
p271_MASS,5.1130668707940126e-17,74.45327190066013,0.0012629229324070835
p271_SASA,1.4784626907626287e-16,72.11213894748076,0.0001613957099368978
p271_PKB,2.0575148910071016e-14,61.34551402451207,0.006054048484221707
p272_H2,0.0013416431350094966,10.377621434414285,0.00020794158798846906
p272_P1,9.127545430820017e-05,15.510346972039716,0.00035436835538065083
p272_NCI,0.004222289027073338,8.246028680728575,0.00013689304851288814
p272_MASS,0.10219933608381634,2.678730962374797,0.0
p272_SASA,0.0437401732772206,4.0830693922634405,3.642475529876766e-05
p272_PKB,6.178697257506059e-11,44.29391308697174,2.580276511107434e-05
p273_H2,5.2516436034743824e-05,16.583941640785426,0.00018189162931546435
p273_P1,2.1593451237322914e-08,32.16999222389075,0.00010728909784334583
p273_NCI,0.661554841368536,0.19182288186427277,0.0
p273_MASS,9.186414261191779e-05,15.497891920176007,5.533257664042912e-05
p273_SASA,3.493786726899325e-05,17.378811158110683,0.0007323651612565951
p273_PKB,3.1211385243003224e-06,22.140470991221047,0.00011604703134364522
p274_H2,7.183006660551634e-05,15.97502088710896,7.565770631194978e-05
p274_P1,3.1985705011808354e-07,26.700478995750213,0.00013976987694018077
p274_NCI,0.6712423871203175,0.18032221410285532,0.0
p274_MASS,7.770681513963526e-17,73.52934433447852,5.7439383978769005e-05
p274_SASA,1.3584808303703316e-13,57.27920422185693,5.7439383978769005e-05
p274_PKB,3.039966781158981e-43,222.30790662550143,0.00018867483221113876
p275_H2,5.0215590679098704e-05,16.671184577638506,1.7377057457150887e-05
p275_P1,0.0013680445413714515,10.34104480222408,0.0004239349502768458
p275_NCI,6.338329384418187e-08,29.97597435058612,0.00020180916073525072
p275_MASS,1.3823026331847614e-08,33.08220675500609,7.861965786393758e-06
p275_SASA,3.124885277688277e-07,26.74744095410914,2.3058459818314872e-05
p275_PKB,1.7752871620055832e-06,23.264111133043333,0.0003773205825671066
p276_H2,1.6126731104226082e-13,56.9110843909226,6.284670197266307e-07
p276_P1,1.861356189953857e-15,66.56297825429453,2.4125852532065173e-05
p276_NCI,0.17912167715837166,1.808946798695995,0.0
p276_MASS,1.5096120844273125e-11,47.2565148732425,0.00023824085503025582
p276_SASA,1.578663860767484e-06,23.49836807375944,0.0012684190676863541
p276_PKB,7.412484769554384e-56,304.46049566545616,0.0005783728687145745
p277_H2,0.04559591910619449,4.012456758550947,4.310055728585079e-06
p277_P1,1.0000803440687537e-14,62.90722664597545,0.0005033280513157271
p277_NCI,4.817967882940286e-08,30.533680124055635,4.272211209062365e-06
p277_MASS,0.0019428888175973384,9.684536246131566,0.0018213365088612474
p277_SASA,0.0008325493222775896,11.276499249619663,0.0018213365088612474
p277_PKB,3.458072604483775e-23,106.61950174488794,0.00018221980171582915
p278_H2,7.389206961109787e-20,89.06545235776721,2.754298115001441e-05
p278_P1,7.51339931817221e-09,34.3320996508568,0.00017059224206237634
p278_NCI,1.9745243535027883e-16,71.47573339418926,0.0003073390457618884
p278_MASS,9.023480404974135e-31,148.31859293736792,0.002578180255603843
p278_SASA,0.005329832635120835,7.818602881803804,4.986404565567491e-06
p278_PKB,1.1090215024171053e-26,125.53177470800023,0.002373174456476831
p279_H2,4.0872677091007974e-32,155.9623152692715,0.0025621679022705254
p279_P1,4.753631839296824e-61,340.5802460632866,0.0025704488454395885
p279_NCI,1.4119496573054264e-24,114.0774223980711,0.007347755489224889
p279_MASS,5.12092410898667e-29,138.4588742545201,0.0832338319742028
p279_SASA,5.922388794703588e-34,166.54756802202448,5.6803118568854975e-05
p279_PKB,1.8565978790492267e-23,108.06355898973851,0.00012903942634847894
p280_H2,2.134832217480087e-18,81.50838590488527,6.513816118665798e-06
p280_P1,5.202999575906174e-45,233.35630638724203,0.009202195207620348
p280_NCI,0.10363543186088219,2.656423503443694,0.0
p280_MASS,0.8322545617945635,0.044901316907576816,0.0
p280_SASA,0.5354530931368147,0.38445712359535245,0.0
p280_PKB,0.028222885854300335,4.836835404502099,1.7370779863641734e-05
p281_H2,2.9063951167011306e-07,26.893533134446724,0.00020733629612627608
p281_P1,4.443308740316513e-10,40.17513867938636,1.539644367602009e-05
p281_NCI,3.0132318951772716e-19,85.89678733888864,7.337072960317105e-05
p281_MASS,0.001537608272685753,10.121961795153616,0.003628915672053441
p281_SASA,0.0743403907888738,3.195155606458828,0.0
p281_PKB,0.03588582765023799,4.421579741688019,9.146409078551587e-05
p282_H2,4.2763021838657574e-17,74.84817450394944,9.420768399170075e-07
p282_P1,0.09851399137589607,2.7375859236326203,0.0
p282_NCI,8.46370243403961e-18,78.43902543444065,0.0
p282_MASS,1.0357077625204534e-14,62.831353939612306,7.76606813747629e-07
p282_SASA,1.3994587017499337e-05,19.17264972185942,8.329429156633561e-06
p282_PKB,6.643535776446605e-14,58.81690478865116,9.341596028494947e-07
p283_H2,6.569144229145431e-37,183.86628522602493,0.007872308783634513
p283_P1,2.069997065220123e-18,81.57727947383279,0.0008038861076871925
p283_NCI,4.8054443290734765e-05,16.75688322204636,0.00176738235847242
p283_MASS,0.14817545270768942,2.0961058091112146,0.0
p283_SASA,0.9963857239183084,2.0535835854868043e-05,0.0
p283_PKB,5.7561559736775976e-18,79.29661690038414,3.123718047380115e-05
p284_H2,1.0731090903610676e-49,263.37271479622007,8.806134317430206e-06
p284_P1,2.476087366239011e-52,280.72957707814555,1.3448133507109926e-06
p284_NCI,6.69791385438284e-17,73.8571238051408,2.331252819006932e-06
p284_MASS,1.0722802173264532e-28,136.6687829383674,1.3279020853993064e-06
p284_SASA,4.125707039439993e-46,240.31421019187763,0.0016374931540248474
p284_PKB,1.2803765393103456e-21,98.2937045564328,1.1743089007080933e-07
p285_H2,4.206811044843099e-90,570.3303371536286,0.0067123716006922945
p285_P1,9.052249926530003e-121,872.6197864746574,1.0
p285_NCI,1.4293575630068736e-30,147.1890178584393,0.3214179631080453
p285_MASS,0.03652738678386056,4.391133568791604,0.04474563653056805
p285_SASA,6.712077958634719e-27,126.72911883238415,3.0138646998327793e-05
p285_PKB,4.338350498387009e-45,233.85332624939494,3.1907473557169055e-05
p286_H2,2.694188256217848e-09,36.44270706377736,6.394991380525699e-05
p286_P1,7.461452130270344e-19,83.86081055761206,0.0007239938270907266
p286_NCI,0.0017837200131112956,9.844160758094871,0.0008125308616568932
p286_MASS,0.012802320799239852,6.231986330542732,5.650827254681058e-05
p286_SASA,6.631882852039399e-07,25.23425900951951,0.0006807805484142231
p286_PKB,2.41012042285829e-09,36.672594371352275,8.61566273502408e-05
p287_H2,1.889897503220317e-09,37.1746782389746,8.243978782853887e-06
p287_P1,1.757542899352954e-07,27.908908128563617,4.2380969570868895e-05
p287_NCI,4.119147590288344e-37,185.0684045667031,5.634491077386777e-07
p287_MASS,0.01667251035913179,5.761450540085146,8.295374101930906e-08
p287_SASA,0.0002971340672158272,13.236819225375616,3.960893383407412e-06
p287_PKB,0.26216891066732334,1.2595375702643736,0.0
p288_H2,0.0007541506701779889,11.463564755054012,0.022055104310576164
p288_P1,0.02184020174327354,5.284852755140705,3.304435228888533e-06
p288_NCI,2.728247756652767e-14,60.735822709465204,0.013597279154479384
p288_MASS,6.4115874872709646e-24,110.53910282452196,0.0010255722180176397
p288_SASA,4.339841333634265e-16,69.74682132673725,5.5183049196028175e-05
p288_PKB,7.099645602590342e-73,428.1979831094135,7.974218725362133e-06
p289_H2,3.1021675436048386e-20,91.02969310160027,1.0643104868959595e-05
p289_P1,0.5864424962908632,0.2962409088543813,0.0
p289_NCI,1.45945422515014e-26,124.87789427875767,0.011524719846282755
p289_MASS,3.359798170969151e-24,112.04804879041528,0.02463270074189094
p289_SASA,2.7653143885051723e-30,145.571403113329,0.02463270074189094
p289_PKB,8.527733031074725e-18,78.42227104982737,6.825315438049924e-05
p290_H2,0.15761729568932445,2.001727210463524,0.0
p290_P1,7.123389521680048e-10,39.19485124219682,4.31745178667519e-05
p290_NCI,1.310898515910367e-13,57.35575309883001,1.8822542998563485e-05
p290_MASS,1.3609787653406806e-23,108.78569238595722,1.6698563220904035e-08
p290_SASA,2.4773069263594345e-24,112.76068050188972,1.6698563220904035e-08
p290_PKB,7.958677188665815e-26,120.85183757220304,0.0
p291_H2,7.014871031056462e-07,25.12161800019608,0.0017297914361444676
p291_P1,1.662893075802828e-07,28.020823388797993,0.003107769509928494
p291_NCI,0.26757982528776764,1.2313031951026707,0.0
p291_MASS,1.8164906063446172e-05,18.65997444003541,0.0002341861537366614
p291_SASA,0.0010132461516143413,10.905729946163406,0.0005961385053925488
p291_PKB,1.160420840935289e-12,52.692829626943315,0.008322085231291092
p292_H2,0.001435942942268856,10.250174002042897,1.9818937906713793e-05
p292_P1,3.7075697739524115e-09,35.78459202111926,0.005744034741920476
p292_NCI,1.3355728789700362e-09,37.89246513077819,0.004428000434194506
p292_MASS,0.0001382226364202473,14.707922338418248,0.00020278205566739437
p292_SASA,1.0254888546862487e-06,24.360742332514338,0.015207421857959121
p292_PKB,3.2631141346448536e-09,36.047688818557276,0.0011173735575933307
p293_H2,1.6387794976901953e-24,113.7282516234059,2.917494541693392e-08
p293_P1,8.129702055920875e-27,126.2719927158893,0.0003602667486882327
p293_NCI,2.7512431352824103e-08,31.675396526404743,3.956620739010472e-05
p293_MASS,3.6933955369332404e-22,101.14817082511287,0.0007689226788707825
p293_SASA,1.9173182835647615e-21,97.36919251975753,0.0007689226788707825
p293_PKB,8.14950353817003e-06,20.238601737199826,0.000590898027689169
p294_H2,3.754047390818576e-05,17.238486792925805,9.078365125244958e-07
p294_P1,5.5226225111077914e-05,16.48600659845827,8.200153173015197e-07
p294_NCI,2.1468687077964228e-38,192.7196787688425,0.16674798283257594
p294_MASS,4.93308226382082e-78,468.87710457574406,0.07059759079152722
p294_SASA,1.8139176343945932e-59,329.4320615802464,0.2719435971229845
p294_PKB,0.4356311558451462,0.6085446341519233,0.0
p295_H2,0.7882992150656206,0.07216466949730714,0.0
p295_P1,0.8224877077521017,0.050373588703731646,0.0
p295_NCI,0.7193298888376274,0.129252199898029,0.0
p295_MASS,0.9754861634298504,0.0009449881033892218,0.0
p295_SASA,0.9774545465790894,0.0007992830296873757,0.0
p295_PKB,0.989151735324542,0.0001850180626567745,0.0
p296_H2,0.000256052913794356,13.521908894681763,0.0008986711098268672
p296_P1,7.366374454562985e-05,15.92608210363228,0.000430340230332607
p296_NCI,8.686415673231323e-07,24.693148946642047,0.0013503012938956077
p296_MASS,2.531980626434035e-14,60.89708107294404,0.00016690618724498252
p296_SASA,1.0300374230551955e-13,57.873695365682366,0.0003058121414009168
p296_PKB,0.0013514450306295245,10.363957240447764,8.799313623758558e-06
p297_H2,7.894189559890204e-29,137.4100395907993,1.0694461546471875e-05
p297_P1,8.958162742419449e-31,148.33644721227918,9.685735883854444e-06
p297_NCI,6.289850819523041e-24,110.58381699194985,4.724709361299408e-06
p297_MASS,0.7676578773298915,0.08736055721556688,0.0
p297_SASA,0.0017137327572786067,9.918988558326221,1.2762259793318557e-05
p297_PKB,1.143090547062025e-06,24.14351233203485,6.0749142506524905e-06
p298_H2,2.7156560241779892e-11,46.02006896231358,2.3784463371933388e-05
p298_P1,1.0331150492064101e-38,194.62541309717548,9.215050496721754e-06
p298_NCI,5.775467885352191e-45,233.07097226646215,0.00400368524185307
p298_MASS,6.764287650722208e-05,16.091669701824088,1.8758415670234114e-06
p298_SASA,0.04702236178081501,3.9602124136157193,0.00011720140555948787
p298_PKB,8.5836207645307e-34,165.61395711620756,6.516023813178342e-05
p299_H2,6.427982733481551e-13,53.952137421451006,4.81932885375493e-06
p299_P1,0.2223831247659649,1.491890705806188,0.0
p299_NCI,1.6840878306478688e-08,32.67811899236621,0.001048729526212623
p299_MASS,2.160726661523312e-13,56.283772956641045,5.646666024034573e-05
p299_SASA,1.9646038529560261e-22,102.6021797601049,0.0005706789382628647
p299_PKB,1.5661460426277919e-22,103.12504493506849,7.72187108269974e-05
p300_H2,7.991198668581752e-12,48.59923446721362,0.0004339516450854468
p300_P1,1.4894040225967073e-13,57.08171011634816,5.3874357622957885e-05
p300_NCI,4.296492681232713e-06,21.505796442286506,0.00045123418404125544
p300_MASS,2.0898795375993133e-24,113.15873387196257,0.0005001683283528623
p300_SASA,3.322847393747227e-22,101.39147566268113,0.06168337357748731
p300_PKB,9.946059471937848e-20,88.39428221138324,3.6752659100411937e-06
p301_H2,4.31304252567022e-12,49.90422514954502,2.1783686711022474e-09
p301_P1,6.27216832144904e-14,58.94073860880691,2.1783686711022474e-09
p301_NCI,1.0204886265866333e-31,153.69415084503933,1.1801324486013596e-06
p301_MASS,0.2829526834843235,1.1548380811211585,0.0
p301_SASA,4.898696140442003e-05,16.719437691608416,0.015072528960067628
p301_PKB,3.349194100268318e-31,150.7582689111739,0.0
p302_H2,0.08835720673551715,2.9131285016687483,0.0
p302_P1,0.08835720692124632,2.913128498261296,0.0
p302_NCI,0.08835720673547973,2.913128501669492,0.0
p302_MASS,0.0883572067353302,2.9131285016722868,0.0
p302_SASA,0.08835720673482889,2.9131285016815043,0.0
p302_PKB,0.088357206740701,2.9131285015737487,0.0
p303_H2,1.567128789749719e-20,92.5792097044986,0.0910201822201878
p303_P1,0.011385548750146367,6.442160784019934,0.0049786020336884725
p303_NCI,0.2101182230632394,1.5738413827354638,0.0
p303_MASS,6.718578490188282e-28,132.24266604189185,0.00017712531910516401
p303_SASA,6.870888972489933e-28,132.1887635277577,0.00017712531910516401
p303_PKB,5.827051050937712e-30,143.7486011213583,0.0003396542922458416
p304_H2,0.07578218492509359,3.163600114200464,0.0
p304_P1,0.10523030717250904,2.63204381126371,0.0
p304_NCI,0.150334673621488,2.0739322489724716,0.0
p304_MASS,0.8315443914977343,0.04528812467236365,0.0
p304_SASA,0.37861108816225464,0.7763071222919695,0.0
p304_PKB,0.11047402175694483,2.5546605645157503,0.0
p305_H2,0.9409652580585987,0.005488803168003059,0.0
p305_P1,0.9409652580627025,0.005488803167112652,0.0
p305_NCI,0.9409652580623294,0.005488803167298084,0.0
p305_MASS,0.9409652580645679,0.005488803166816882,0.0
p305_SASA,0.9409652580671793,0.005488803166345518,0.0
p305_PKB,0.9409652563588687,0.00548880348455349,0.0
p306_H2,3.1530724239294755e-05,17.57935503694983,0.0024273455919834887
p306_P1,0.21269621295757385,1.5561505249199958,0.0
p306_NCI,1.3821204158889788e-54,295.8323026561228,1.228534964253955e-06
p306_MASS,0.7123878145635925,0.13602698835969823,0.0
p306_SASA,0.1779458477372197,1.8187833625023961,0.0
p306_PKB,2.254524758204196e-18,81.38654543988812,0.0006897267386674736
p307_H2,0.43446045844560477,0.6116566149014004,0.0
p307_P1,0.02314824938881182,5.182800824580162,1.6475396414594995e-05
p307_NCI,0.2595315779217241,1.273563270729701,0.0
p307_MASS,0.12594659784829867,2.348030408157227,0.0
p307_SASA,0.1597700936600404,1.9811077812104108,0.0
p307_PKB,0.009016567197457399,6.862326867882104,0.00018880505078595875
p308_H2,0.93335535255552,0.006998606893759982,0.0
p308_P1,0.8221142669098294,0.05058937803478852,0.0
p308_NCI,0.7572438020356894,0.09562780280280073,0.0
p308_MASS,0.8238680487922319,0.0495801743407976,0.0
p308_SASA,0.8380129462125387,0.041828794064827604,0.0
p308_PKB,0.8557690397420963,0.033064912727326826,0.0
p309_H2,0.5774252814929535,0.3107407021720515,0.0
p309_P1,0.6458186502466519,0.21141703742788553,0.0
p309_NCI,0.23004966540895766,1.4433665599234624,0.0
p309_MASS,0.10453058368223711,2.6426896722196664,0.0
p309_SASA,0.12131158080434418,2.406837593869756,0.0
p309_PKB,0.6788808647483145,0.171548804057406,0.0
p310_H2,0.6215163133877865,0.2439844268067883,0.0
p310_P1,0.3283215580050255,0.957000880120324,0.0
p310_NCI,0.5744638131521564,0.3156020122335457,0.0
p310_MASS,5.766784348806249e-07,25.514845608478755,2.7970193765544996e-10
p310_SASA,0.00018206835487780823,14.176971030679084,8.832318098187622e-05
p310_PKB,0.8112180301047187,0.05709989535102995,0.0
p311_H2,0.8664712884005141,0.02829508160465388,0.0
p311_P1,4.826098651172139e-05,16.74852662031725,6.945113097178174e-05
p311_NCI,0.00019744773930859195,14.020981372037925,3.3696087231499302e-06
p311_MASS,5.145344208255891e-08,30.39992982765749,0.00010557782787871836
p311_SASA,0.00010058558476480482,15.322256006130447,8.007388569980582e-05
p311_PKB,0.02872716833858712,4.806064598156126,1.1511765105489826e-06
p312_H2,0.7169983857586797,0.1315056728712701,0.0
p312_P1,0.7169983857592523,0.13150567287077342,0.0
p312_NCI,0.7169983857591092,0.13150567287088707,0.0
p312_MASS,0.7169983857593956,0.13150567287058368,0.0
p312_SASA,0.7169983857603264,0.13150567286974613,0.0
p312_PKB,0.7169983854393313,0.13150567318146,0.0
p313_H2,0.15686458034133186,2.009012549620056,0.0
p313_P1,0.13540514592849404,2.2351763643313065,0.0
p313_NCI,0.03924370396639435,4.268165671143795,1.490915031789268e-07
p313_MASS,0.1110719407443913,2.5460946746242725,0.0
p313_SASA,2.1872843772968677e-05,18.295466720153303,0.00031752301858732423
p313_PKB,0.007038395715255948,7.311308499733411,2.3267853903695744e-05
p314_H2,1.7899274782322732e-22,102.81692058616187,0.00018437463825298712
p314_P1,0.005780831965144339,7.670071833964979,0.002103287275356469
p314_NCI,0.3421502740474739,0.9037304836141048,0.0
p314_MASS,0.0001811608292078871,14.1865876221211,6.573365989256587e-05
p314_SASA,0.002814098541936793,8.995383712779864,6.573365989256587e-05
p314_PKB,0.34666575657226795,0.8869599411491724,0.0
p315_H2,0.9646834863746078,0.001962035477762456,0.0
p315_P1,0.8596888934435726,0.0312734546005387,0.0
p315_NCI,0.9309278937145029,0.0075190303080045606,0.0
p315_MASS,0.9189804298049751,0.01035492614813348,0.0
p315_SASA,0.9162016720910623,0.011080078429389592,0.0
p315_PKB,0.9162650419604241,0.011063264827651614,0.0
p316_H2,7.285450086487527e-21,94.32158504740607,4.744743051320794e-05
p316_P1,7.628768293739755e-15,63.49438164860218,8.715456995196674e-05
p316_NCI,0.595975639573641,0.2813962527727963,0.0
p316_MASS,1.5755237205146494e-18,82.18734894347149,7.751131413419687e-05
p316_SASA,5.145001751814999e-14,59.367403105496145,5.053187945585341e-06
p316_PKB,0.03877359058718963,4.288795062498128,0.05587909529981191
p317_H2,0.006909012930912028,7.3450535966204935,1.0160749100777311e-07
p317_P1,0.009784376933288862,6.714823768138301,1.1953257282586427e-05
p317_NCI,1.2648503578234722e-07,28.57444241824011,3.128251418599554e-05
p317_MASS,3.525746450696263e-08,31.169580680483207,0.0
p317_SASA,0.00029021291174575613,13.281943872732068,7.013901671188189e-06
p317_PKB,5.399017593808068e-10,39.77027148763998,7.204199789555117e-06
p318_H2,2.4976843018724906e-44,229.0783462449796,0.0009792716381150882
p318_P1,4.685844561770524e-41,208.82463760379144,0.002474834776438304
p318_NCI,0.008852302289821336,6.895556932903469,0.014768662114795607
p318_MASS,0.495986195415024,0.46405640889923094,0.0
p318_SASA,0.5567053973033541,0.3458122925933258,0.0
p318_PKB,4.971552390665534e-18,79.62289640612482,0.0013911867046164914
p319_H2,3.629508121456438e-19,85.4784368073529,0.00016800197285628967
p319_P1,5.611521192268989e-05,16.45493080182549,5.808791199784973e-07
p319_NCI,0.2994962724732061,1.0782232491293895,0.0
p319_MASS,5.2114404669836614e-36,178.55407046554623,0.0003695713562193408
p319_SASA,1.8270091191150245e-30,146.58695005234767,0.0005637946987731666
p319_PKB,1.9216273580946403e-08,32.40832658186144,4.738238295753393e-06
p320_H2,5.582659768556246e-11,44.50660506979853,1.2889743166056526e-05
p320_P1,1.739781370104914e-08,32.61157864609531,0.0010107150050622338
p320_NCI,0.6935203818183605,0.15544413404681146,0.0
p320_MASS,0.0017308439235502245,9.90041088610735,7.943585893228032e-05
p320_SASA,0.042991404938404455,4.112460321365097,8.125139687343376e-05
p320_PKB,0.0010195102260376061,10.894112852025309,5.084464467181806e-06
p321_H2,0.002732136077623622,9.050202387357912,0.0016316218677570554
p321_P1,0.008999618589679678,6.865726617678353,0.00024912859677324176
p321_NCI,0.0003484719053282263,12.93199419308512,0.0004611298463438263
p321_MASS,0.08811078832125818,2.917656368313632,0.0
p321_SASA,0.19166178834148662,1.7084863675672306,0.0
p321_PKB,0.5112257034245713,0.4320513219768807,0.0
p322_H2,9.263019322575002e-14,58.101863330818745,6.6221177455147275e-06
p322_P1,2.3939542117838292e-23,107.47300044874093,0.0001950418099541477
p322_NCI,6.662271684533704e-08,29.874698033951134,0.0005192357976220637
p322_MASS,6.495196598879424e-29,137.8825755836598,0.04493797771945854
p322_SASA,4.076969552592041e-31,150.27361148223778,0.04493797771945854
p322_PKB,5.821010144034735e-22,100.10222938421695,0.00017817398229467873
p323_H2,3.6697344632239966e-21,95.88540306401042,1.0618655400652263e-05
p323_P1,0.003066278762020597,8.836386989038294,3.924988208821746e-05
p323_NCI,1.0411351887990501e-05,19.755221020850836,0.0001942842847217826
p323_MASS,4.361287627079408e-07,26.076282088007673,6.60932817353308e-07
p323_SASA,0.0001456540104819021,14.60688992731566,2.8006346067181574e-05
p323_PKB,0.7683380541802796,0.08683474602012146,0.0
p324_H2,5.331582128938067e-12,49.45524696993052,0.0016550787962926984
p324_P1,2.635805596124004e-06,22.476623331482905,0.00012692499119553924
p324_NCI,1.505966440650319e-09,37.64407663489581,0.0022923606204782445
p324_MASS,0.001356203485862339,10.357360019915257,0.00024002496004807387
p324_SASA,0.055155593584663015,3.6911524577825228,5.565978734957815e-05
p324_PKB,0.5710560845365111,0.3212574840916842,0.0
p325_H2,0.5405669543848979,0.3749014227166259,0.0
p325_P1,0.36546740287111934,0.8202093367812242,0.0
p325_NCI,0.03418264374380826,4.505261698113634,0.0010164616130128924
p325_MASS,0.0231000017843251,5.186457448391255,0.00011055081422371031
p325_SASA,0.0035210646820298904,8.580716651310935,0.00011055081422371031
p325_PKB,0.045737101707772836,4.0072093929245725,0.0003508091734793869
p326_H2,4.915313490884508e-05,16.71284048031754,5.514925789251261e-05
p326_P1,1.3932671386293745e-11,47.42562272781046,6.761892087444798e-06
p326_NCI,2.3596159910421457e-06,22.696976715932557,0.031452627410083894
p326_MASS,1.4780694170591978e-15,67.06603638885149,4.812116495596977e-05
p326_SASA,4.2637612655157403e-16,69.78559638192733,4.812116495596977e-05
p326_PKB,1.6660939585847834e-12,51.923142691773435,0.0015442072429634247
p327_H2,4.249527852037972e-05,16.99655464328677,1.973255780842725e-05
p327_P1,3.1815667958569607e-14,60.40394440536749,1.5872442063244053e-05
p327_NCI,8.662526768004329e-20,88.70627411789486,0.00014742732424684178
p327_MASS,1.2347237752469754e-12,52.560681704865125,1.5872442063244053e-05
p327_SASA,3.8361918582937275e-12,50.152510874535885,1.5872442063244053e-05
p327_PKB,3.702245215116563e-12,50.227849106179114,1.5872442063244053e-05
p328_H2,3.1282835058247915e-18,80.6554557876108,5.882263916176753e-06
p328_P1,5.507741345300406e-24,110.89361987131976,0.00028033862034009774
p328_NCI,8.402703042167758e-11,43.649835689375855,1.0453208352617616e-05
p328_MASS,1.601555658004805e-25,119.19859741395412,7.548690178521776e-08
p328_SASA,8.354993442232489e-27,126.2068046479133,7.548690178521776e-08
p328_PKB,1.955981298505218e-19,86.86930983667295,1.5788378997451514e-05
p329_H2,0.15744275705824004,2.0034129901598763,0.0
p329_P1,0.630619082387895,0.23144969990860853,0.0
p329_NCI,0.0005152795257508796,12.186259385657943,0.000588161093957593
p329_MASS,0.09378149408133912,2.8167966113638716,0.0
p329_SASA,0.024095830576079186,5.112548151236577,0.000508806635888353
p329_PKB,0.16487394035705943,1.9334653823642094,0.0
p330_H2,2.293083069812192e-08,32.04724823483033,6.794773688373056e-06
p330_P1,0.0006940998259747487,11.620702170583861,0.0002138662136558689
p330_NCI,0.004570418401357615,8.100414974330933,0.0010725575752371752
p330_MASS,0.001786384162903971,9.841371626820875,0.00022791926437188982
p330_SASA,0.01057734136344051,6.574481136662678,0.00022791926437188982
p330_PKB,0.6042422670067862,0.26891724953249874,0.0
p331_H2,0.10991476545466428,2.562718952654797,0.0
p331_P1,0.20705351692557156,1.5952103918606164,0.0
p331_NCI,0.13664146185998952,2.221080065989086,0.0
p331_MASS,0.6489593596938829,0.20741455697641414,0.0
p331_SASA,0.9059059919245838,0.013983514693918724,0.0
p331_PKB,0.5858396263865913,0.29719629393363595,0.0
p332_H2,0.32844498519073984,0.9565122221508334,0.0
p332_P1,0.1330387462197968,2.2625646557202956,0.0
p332_NCI,1.5681204038856488e-17,77.0696157813094,0.0004290846645826023
p332_MASS,3.386379355250754e-05,17.43982092574909,0.0005345731379632185
p332_SASA,6.92351758854645e-05,16.04647382879676,0.0005345731379632185
p332_PKB,0.25268041837353183,1.3108386095738944,0.0
p333_H2,3.3434997865005034e-13,55.348922168522115,0.0003547529108740719
p333_P1,2.0875843858889134e-06,22.941001720457653,0.0001323718036389621
p333_NCI,0.011466549583303733,6.429435864972024,0.0005792177272647171
p333_MASS,3.564289563789058e-06,21.87665806498628,0.0003959185818625539
p333_SASA,6.703519798865723e-05,16.109201662897235,0.0003245515485148367
p333_PKB,0.052091605420655086,3.787247696466583,0.0007098702498566279
p334_H2,1.633246236609073e-42,217.78362062794412,0.0005817073209372281
p334_P1,8.898514108227674e-13,53.258452689869884,0.0007037272761602177
p334_NCI,1.2943581867571547e-06,23.89501406468711,0.00025968913050278746
p334_MASS,0.05249887418677067,3.7741337436303195,0.0009731372455346513
p334_SASA,0.7416849215240127,0.10874751248780808,0.0
p334_PKB,0.6136529764556837,0.25514529068585956,0.0
p335_H2,9.905950022570778e-36,176.91389943009293,0.0021377034545685815
p335_P1,4.237512897319666e-12,49.941656860403974,0.00018078805334986235
p335_NCI,3.708992592583346e-10,40.55084099694947,0.00012034824002856908
p335_MASS,0.2005871396747082,1.6415514627839005,0.0
p335_SASA,0.9545623096572202,0.003249153760814447,0.0
p335_PKB,0.012616911098089812,6.258089170845334,1.4025849369621188e-05
p336_H2,0.0010992247123715972,10.7522932663476,0.0010930689372649204
p336_P1,9.188517603982375e-07,24.580582608101984,0.00037370354412718203
p336_NCI,0.015804962482413136,5.85631813141692,0.0021451539397714095
p336_MASS,0.015657181232514108,5.873013463687354,0.0018611012589120205
p336_SASA,0.043824579655629824,4.079789569694634,0.0018611012589120205
p336_PKB,3.218363826504983e-05,17.53928378098318,0.002067847666974668
p337_H2,0.0743920824615549,3.194012918688365,0.0
p337_P1,0.1435922287544202,2.144407837058818,0.0
p337_NCI,0.05445682157728473,3.7125599474791935,8.224054586980929e-05
p337_MASS,0.5916109001542333,0.2881318398259191,0.0
p337_SASA,0.4149323793326174,0.6655080877330493,0.0
p337_PKB,0.5765529748794225,0.3121674650057238,0.0
p338_H2,0.805477321659835,0.060697711213761135,0.0
p338_P1,1.8732120321496235e-05,18.59960119789519,0.03118117764826638
p338_NCI,1.4754205128035026e-06,23.63342205624797,0.001010235427408719
p338_MASS,0.00018000469658031624,14.198909314177152,0.00039607088713804536
p338_SASA,3.612378731866822e-05,17.31360706187039,0.00039607088713804536
p338_PKB,4.1620788500197215e-07,26.170332392166813,0.0007678720048500629
p339_H2,6.5042314258916e-05,16.167844100712465,6.2833067969087996e-06
p339_P1,0.0022243313262886727,9.432366819554105,0.011795331116771952
p339_NCI,0.015478899675410896,5.893372550729614,0.00047413168273180786
p339_MASS,4.443039037651196e-14,59.683543104767274,6.745251107742012e-05
p339_SASA,4.081130872207989e-13,54.92254633463414,6.745251107742012e-05
p339_PKB,0.6693242892423803,0.1825658917210763,0.0
p340_H2,0.024544796502773747,5.0802593593231755,0.11572282544379654
p340_P1,0.6298833526896437,0.23244766523666519,0.0
p340_NCI,0.04037708993253933,4.219480757690415,0.0002776353639210455
p340_MASS,0.5545520859373352,0.3496017595857581,0.0
p340_SASA,0.6560695055128682,0.19852328068767833,0.0
p340_PKB,0.09528525840819585,2.79116288558844,0.0
p341_H2,0.1630953461881782,1.949874024541265,0.0
p341_P1,0.21045443726030552,1.5715196115863677,0.0
p341_NCI,0.40469634584789504,0.695268001690875,0.0
p341_MASS,0.08107047823546418,3.0531616968376265,0.0
p341_SASA,0.03812060536087331,4.317889689644335,0.00012278817862610813
p341_PKB,0.03190939089159119,4.624028694928139,0.00017109674912886276
p342_H2,1.013899032100102e-09,38.46298274106788,0.00012925271718618067
p342_P1,0.004914418281623638,7.967254411298256,0.0006414695013882256
p342_NCI,0.0010684094060782728,10.805840073981678,0.00013987263960415832
p342_MASS,0.008216682800834872,7.030389189262231,0.00017195661557362898
p342_SASA,0.015591574728040073,5.880477499491324,0.00017195661557362898
p342_PKB,0.18569358423902457,1.755313229222283,0.0
p343_H2,0.0725687718625023,3.2348441071495735,0.0
p343_P1,0.30638139327547176,1.0479227691052466,0.0
p343_NCI,0.7770998403001378,0.0802150401198311,0.0
p343_MASS,0.04300755370986306,4.1118207654464936,3.942530095811638e-06
p343_SASA,0.048272721267917304,3.9157770550849214,3.942530095811638e-06
p343_PKB,0.17072222587618874,1.880909159317182,0.0
p344_H2,5.593721846784498e-09,34.93826839841296,0.0006826012811791627
p344_P1,0.5706451730116181,0.32194391750208035,0.0
p344_NCI,0.00033067304202606765,13.032208195508643,0.0010816606286611526
p344_MASS,0.6221440953388301,0.24310677637245273,0.0
p344_SASA,0.7860052335725853,0.07377639031322797,0.0
p344_PKB,0.035337351420304065,4.4480648318851355,0.0005729040705782072
p345_H2,1.4224732002182693e-17,77.28588759042513,1.9598661826704376e-05
p345_P1,0.2172006965960698,1.5258436980331698,0.0
p345_NCI,0.0492893122851009,3.8805377569814983,1.6101495671976002e-05
p345_MASS,0.1184530094882202,2.444364413067964,0.0
p345_SASA,0.02069651070286517,5.379424416542608,5.201257579909645e-05
p345_PKB,0.3173077432445414,1.0016108124026817,0.0
p346_H2,0.013494379372080846,6.1378833442159815,8.37574006645691e-05
p346_P1,4.513288804402661e-05,16.879129808701176,0.010736318433236292
p346_NCI,0.0032506954148572107,8.728333100247104,0.0
p346_MASS,0.00014516671433652666,14.613353680312022,5.720543310609333e-07
p346_SASA,0.00015164556334563506,14.529153174896587,5.720543310609333e-07
p346_PKB,9.092246020741422e-05,15.517854313843879,5.720543310609333e-07
p347_H2,0.18927585154094975,1.7269996676739325,0.0
p347_P1,3.879825045754116e-10,40.45715873566214,5.782636371799027e-06
p347_NCI,4.36070232755984e-36,179.00980225554815,5.17558802885748e-05
p347_MASS,2.0801627423231297e-06,22.948099605941856,0.0019149751842394002
p347_SASA,3.1808672964171166e-06,22.102790786401133,0.0019149751842394002
p347_PKB,3.191038474943603e-07,26.705229212349884,0.0009705364706567886
p348_H2,0.2921179200425069,1.111707173251851,0.0
p348_P1,0.0005010190861408508,12.239649238946953,0.0002210777367527106
p348_NCI,4.276551225602465e-05,16.984190851872814,9.584713943143659e-05
p348_MASS,0.001499325827974956,10.169201089690018,0.0001380032567019587
p348_SASA,0.000937097196693237,11.053082633561262,0.0001380032567019587
p348_PKB,1.6073200028610998e-05,18.900320762172356,0.001031382366287629
p349_H2,0.011612715190120148,6.406706192086748,0.0001386660660804905
p349_P1,0.0008548107538548978,11.22663069176469,2.372081764629334e-05
p349_NCI,0.003284928547308991,8.70896426191401,0.00018063313630301657
p349_MASS,0.01949438174033052,5.484860483729725,1.0541535006181284e-08
p349_SASA,0.01992378639158307,5.446442991598572,1.0541535006181284e-08
p349_PKB,0.0035638359735429303,8.558428092754001,1.3453449526483933e-05
p350_H2,0.0016949159506518172,9.939636924298632,7.667885676030406e-05
p350_P1,0.06600260291025063,3.3915904774887577,2.8759003970160972e-05
p350_NCI,0.09712904989784452,2.7603288845763156,0.0
p350_MASS,0.0008374533250472023,11.265398505443292,2.035026340506273e-05
p350_SASA,0.00023898686038391592,13.654218857398597,2.035026340506273e-05
p350_PKB,0.4778479052547935,0.50437645600968,0.0
p351_H2,0.4250576036061806,0.6371219392571426,0.0
p351_P1,0.9769148086700677,0.0008380216084638903,0.0
p351_NCI,0.7469086706317682,0.10423892821513249,0.0
p351_MASS,0.7316331564260851,0.11772241136302197,0.0
p351_SASA,0.7359904050126759,0.11378330409117607,0.0
p351_PKB,0.8196206951064529,0.05204269726623123,0.0
p352_H2,0.0059160681299964685,7.627837278298105,1.0425543692832417e-05
p352_P1,0.29266426607768165,1.1091907569683612,0.0
p352_NCI,1.4799889947827026e-06,23.627247574908875,2.9591689095772965e-05
p352_MASS,0.5964699852587116,0.2806398255340174,0.0
p352_SASA,0.7278377905033417,0.1212147190929151,0.0
p352_PKB,0.5344280491791695,0.38639255198507816,0.0
p353_H2,0.4409224682406516,0.5946372312603603,0.0
p353_P1,0.8340583666043101,0.04392662933573123,0.0
p353_NCI,0.8965340567868699,0.01692438035988694,0.0
p353_MASS,0.8672266924871097,0.027972844770924033,0.0
p353_SASA,0.8735865771619522,0.025334967767106926,0.0
p353_PKB,0.8929261036980909,0.018132593314549666,0.0
p354_H2,2.2087982332953822e-12,51.323868758543384,0.0004929173392274494
p354_P1,0.11327629985690155,2.514948479734471,0.0
p354_NCI,0.6907499035020267,0.15842125907199303,0.0
p354_MASS,0.0033801141773323307,8.656171493626415,0.0007956144735542034
p354_SASA,0.04055366847194419,4.212025436281945,0.0007956144735542034
p354_PKB,0.5305744180506263,0.3937292894372893,0.0
