Base Model R^2	MAE	MAPE	SQE	RSQE
0.9687133868667084	7.91549860967628	0.018836802686140904	153.03951975839405	12.37091426525922