Base Model R^2	MAE	MAPE	SQE	RSQE
0.9116921817503354	15.34464040269207	0.032502092228006436	652.7357797711128	25.5486942870103