Base Model R^2	MAE	MAPE	SQE	RSQE
0.9257167751049336	3.5377126818055227	0.007149939609209288	28.943307129369888	5.379898431138815