Base Model R^2	MAE	MAPE	SQE	RSQE
0.878947766729423	10.157221343093026	0.025927854724075116	281.6758791408126	16.78320229100551Base Model R^2	MAE	MAPE	SQE	RSQE
0.878947766729423	10.157221343093026	0.025927854724075116	281.6758791408126	16.78320229100551