,R2,MAE,MSE,RMSE,MAPE,SD,ASD
gbr,0.9607554762686068,6.474413093396956,148.80913509673593,11.986032985210445,0.014868460597568226,12.198550397182762,10.3390502230563
