Base Model R^2	MAE	MAPE	SQE	RSQE
0.9853397069448848	3.8230557150630573	0.008801547208380384	45.88765698729529	6.774042883485111