,R2,MAE,MSE,RMSE,MAPE
gbr,0.9540834193812342,0.0416361948208682,0.005121520855816278,0.06968594831570378,0.015653689628075305
rf,0.9529694750622164,0.04067404756040241,0.005286157991331425,0.0701575474794323,0.015227106900660883
BayesianRidge,0.9466946723046453,0.04860952099572226,0.005872510575645045,0.0755246388865511,0.018497531514640692
xgb,0.8802576344861679,0.08453467509177873,0.013204867082382287,0.11412789670648489,0.03199360575847672
