,R2,MAE,MSE,RMSE,MAPE
gbr,0.8779289209016883,12.803662571829284,430.73042353466127,19.454749905518263,0.02714216552639521
rf,0.8751027599353337,12.335244173460355,439.7159163555149,19.655512413857164,0.026275684228027195
xgb,0.8528457068822499,13.030647942655829,518.1511541359298,21.258900836039707,0.02768905432610725
