,R2,MAE,MSE,RMSE,MAPE
xgb,0.9635467241945157,5.4930078173650605,138.51810371629736,11.49990691282849,0.01230993108505155
rf,0.9624295629939544,5.662052191331615,142.31536289789682,11.62654193404936,0.012701071717150864
gbr,0.957160916719244,7.383174655201229,161.40680563012302,12.382993436159886,0.016673192863034255
