,R2,MAE,MSE,RMSE,MAPE,SD,ASD
gbr,0.8882494268740111,13.383839150759561,493.6985859184483,21.248874032076163,0.02916896580805598,22.19866950590303,17.717211183838113
