,R2,MAE,MSE,RMSE,MAPE,SD,ASD
xgb,0.9568934246641465,6.572772249178298,164.6064188469749,12.673224533494901,0.014672757382103118,12.828559006062337,11.017188098291385
