feature,p_value,score,xgb,rf,gbr,BayesianRidge,mean
p1_H1,6.450686889377688e-05,16.078082850662692,8.612934e-05,0.00017108821538947341,0.0003265751913945044,0.27211761227173054,0.06817535125398683
p1_P2,0.09395437922083415,2.809701024880887,0.0,0.0,0.0,0.0,0.0
p1_SCT,0.7645643390914737,0.08973615446503783,0.0,0.0,0.0,0.0,0.0
p2_H1,0.11472783752225776,2.491449649887921,0.0,0.0,0.0,0.0,0.0
p2_P2,0.01287854179701584,6.204140322468827,1.3583157e-05,2.013647628391617e-05,0.0,0.08816324191160707,0.02204924038620833
p2_SCT,6.302617908833591e-12,48.18816186091909,4.6094287e-05,2.2269449604605326e-05,4.290273141384552e-09,0.16651086126852035,0.0416448073237289
p3_H1,8.077549419409879e-36,166.69056108475266,1.3134967e-05,0.0002139520314756925,0.0,0.4236873040403113,0.1059785977597088
p3_P2,3.401058983361364e-17,73.25998910949406,1.1081353e-05,4.430092150772159e-05,0.0001404695222982063,0.13453238251553226,0.03368205857797655
p3_SCT,8.971634636635648e-10,38.141303808121876,1.2094202e-05,5.270090887875819e-05,0.0,0.11821150109833573,0.02956907405236554
p4_H1,9.334619361072421e-12,47.38767230127838,3.9684448e-05,9.60078349815375e-05,0.0,0.1755179470776253,0.043913409840147646
p4_P2,3.1145564280857715e-99,541.2100147295512,0.0012666902,0.0001539070893062338,0.0,0.019881367874349142,0.005325491291893846
p4_SCT,2.4710346069835777e-169,1076.0946242526988,0.00016574225,8.288768663793086e-05,0.0,0.01681103280017159,0.004264915685319067
p5_H1,0.04755871848007814,3.9335199940369363,9.6713746e-05,6.575795606942318e-05,9.471729142806572e-05,0.1619103336149103,0.04054188065203538
p5_P2,0.3187579283401967,0.9948562898129983,0.0,0.0,0.0,0.0,0.0
p5_SCT,0.14885739378723284,2.08658116735535,0.0,0.0,0.0,0.0,0.0
p6_H1,5.185190505985089e-10,39.24572987726691,4.2833668e-05,6.285344351800126e-05,0.0,0.2309537614091278,0.05776486213015547
p6_P2,4.881483065949316e-42,199.48680145148037,0.0008015003,8.315709859711662e-06,0.0,0.07797129513566337,0.019695277781943354
p6_SCT,4.1962852409664353e-153,939.2368266269697,2.03647e-06,8.600953991886494e-05,0.0,0.10156714464283072,0.02541379766319999
p7_H1,7.373860537236526e-43,203.8760627993355,2.2387334e-05,0.00014951026638970657,0.0,0.23795633105570974,0.05953205716401397
p7_P2,2.1500489064404697e-14,59.84799742724855,9.585273e-05,4.099166589873272e-05,0.0,0.08919904628863552,0.022333972671317946
p7_SCT,2.3928649081380458e-36,169.4458245559216,3.5942248e-06,1.4575199976085931e-05,0.00013691361934278909,0.013155640805819978,0.003327680962493708
p8_H1,9.36177035902247e-65,326.2832537823399,1.9226354e-05,8.477493139474613e-05,0.0,0.0007511182312042102,0.00021377987919913883
p8_P2,2.314932674467255e-06,22.530743872621077,5.076819e-05,9.332582153279011e-05,0.0,0.04055545589848806,0.010174887477681168
p8_SCT,6.070901892802424e-70,356.8353602594633,3.9401343e-06,3.2433449543264445e-06,0.0,0.1331667592394044,0.03329348567966972
p9_H1,0.02901290053169309,4.778236463826181,6.033801e-06,2.3901620488896222e-05,0.0,0.07474322430670756,0.018693289932081133
p9_P2,1.5914373199171384e-14,60.469643689506626,9.509851e-05,7.414368537045108e-06,5.527753000303156e-05,0.0412708855586352,0.010357168992355621
p9_SCT,1.6071748565401452e-11,46.28157956204705,0.0,8.865457195533716e-06,0.0,0.15862909232780478,0.03965948944625008
p10_H1,9.691380642960517e-31,140.49823486292954,0.0002940222,7.862084534731811e-05,0.0,0.04524383502997334,0.011404119519802351
p10_P2,5.255539381011703e-11,43.8748027723234,2.3269895e-05,3.91872262606927e-05,0.0,0.05495646983503941,0.013754731739045553
p10_SCT,0.020868265537524064,5.351777946074949,0.0005965959,2.066801281146213e-06,0.0,0.05780989192548875,0.014602138663710707
p11_H1,3.688424860797173e-36,168.46519609656056,8.054155e-07,1.2492045761314089e-05,0.0,0.08344438540231743,0.02086442071589015
p11_P2,2.0789277299170303e-70,359.60604198318237,2.878073e-07,7.48938803716174e-06,0.0,0.011533358763082535,0.002885283989603979
p11_SCT,0.47132679500215136,0.5191897755606762,0.0,0.0,0.0,0.0,0.0
p12_H1,2.1502177326956642e-23,103.55599476535667,1.3738688e-05,1.8167222236553505e-05,0.0,5.320844124285567e-05,2.1278587822925415e-05
p12_P2,1.9140186578861782e-32,149.22855453454838,2.7224607e-05,4.7536057278888975e-05,3.319097488672602e-05,0.03547858999865676,0.008896635409465113
p12_SCT,2.7522096000590925e-23,103.02518431482605,0.0,2.7288290551605277e-05,0.0,0.18083196071307625,0.04521481225090696
p13_H1,1.901467221350778e-79,414.4090685816472,1.2806656e-05,6.086943743414481e-05,0.0,0.04606594106943345,0.01153490429067485
p13_P2,3.139122781809146e-106,588.396829980873,2.5103527e-05,7.806261634239204e-05,0.0,0.07656341931476136,0.019166646364563528
p13_SCT,5.826685290579998e-118,670.4035215603401,0.011346698,0.0005153041415980416,0.0,0.04750958564625072,0.014842896898790193
p14_H1,0.3587606141391253,0.8428690719919204,0.0,0.0,0.0,0.0,0.0
p14_P2,0.4351023687953298,0.6095706084051739,0.0,0.0,0.0,0.0,0.0
p14_SCT,0.5926293925684998,0.28640899506809236,0.0,0.0,0.0,0.0,0.0
p15_H1,5.967302451430008e-97,526.0881233953017,5.0669776e-05,8.078086172282658e-05,0.0,0.03689458256630968,0.00925650830103341
p15_P2,2.5008281035846902e-14,59.53587027723288,6.822152e-06,5.405973034138605e-05,2.9133532350185655e-06,0.008618092113434625,0.0021704718372640226
p15_SCT,5.855704216864447e-72,368.87081701235064,5.713119e-05,0.00018298428275650085,0.0,0.08848483179228477,0.022181236816325417
p16_H1,5.196365536300932e-22,96.7252747512861,0.0,2.1185477061585643e-06,0.0,0.02237192576180971,0.005593511077378967
p16_P2,9.132043662176283e-109,605.81596386254,4.9078753e-05,2.04985740894574e-05,4.663906939206395e-06,0.031835651078388955,0.007977473078195298
p16_SCT,0.0038281264206489482,8.396071425069097,0.0,8.771342111842903e-09,0.0,0.029493723743788697,0.007373433128782702
p17_H1,3.887471306887515e-39,184.08687507741942,0.000100580844,3.1296874922068104e-05,0.0,0.0736990277310429,0.01845772636260276
p17_P2,4.2941397985214483e-20,87.32434618885736,2.7621525e-06,4.074981936023288e-05,0.0,0.052500619125834466,0.013136032774414252
p17_SCT,1.4438096058507622e-11,46.49968031930837,0.0,1.947677652384171e-05,0.0,0.03179610006360596,0.007953894210032451
p18_H1,1.0079551831322526e-27,125.19117731923363,3.4038847e-05,1.8670873387627532e-05,0.0,0.033999416413577725,0.008513031533474833
p18_P2,0.45275621664738175,0.5641073300382597,0.0,0.0,0.0,0.0,0.0
p18_SCT,3.5213780403166302e-15,63.59239360650372,0.0,2.3886054933083757e-06,0.0,0.07832037883614543,0.019580691860409685
p19_H1,3.710995672798245e-30,137.52523846543247,5.7582724e-06,1.0765320435029301e-08,0.0,0.008550416964874583,0.0021390465006579174
p19_P2,5.0194733293232825e-23,101.73392709701297,0.0,1.2110431822051403e-05,0.0,0.024836595800369097,0.0062121765580477875
p19_SCT,4.34569345520712e-70,357.6991917835346,0.0,1.2294775707077557e-05,0.0,0.08390851666368941,0.020980202859849122
p20_H1,5.170993617467665e-160,996.4649513393874,8.495969e-05,1.9409773398566208e-05,0.0,0.04168139986318884,0.010446442331863483
p20_P2,0.0,2946.7521465619134,4.1463527e-06,0.010076724914982394,0.0,0.05493891766481695,0.016254947233123356
p20_SCT,1.4592623439347724e-303,2600.082985864529,0.0,4.1013727154485735e-08,0.0,0.264961064851196,0.06624027646623079
p21_H1,3.9270019557885756e-11,44.4660880087542,6.6975736e-05,3.4298261408365754e-05,0.0,0.06050689684770623,0.015152042711162494
p21_P2,1.578532042448331e-22,99.27587863697588,2.0007661e-07,1.2023773539682639e-05,0.0,0.0025983461756426823,0.000652642506448855
p21_SCT,6.390938327746287e-19,81.61264490511192,0.0,0.00014091000868479751,0.0,0.11774715771915197,0.02947201693195919
p22_H1,2.0679642828011845e-15,64.69675867490747,2.1335822e-05,5.5036234640211645e-06,0.00014279346012247164,0.03276163218806246,0.008232816273326482
p22_P2,4.09724278074467e-14,58.51697483942046,0.0,6.614560583243673e-05,0.0,0.04326749194820384,0.010833409388509069
p22_SCT,2.0783543835699872e-16,69.47767865283434,0.0,3.6430125830833854e-06,0.0,0.17942579020721044,0.04485735830494838
p23_H1,0.6052485004029697,0.2672922918171517,0.0,0.0,0.0,0.0,0.0
p23_P2,1.2946988168846894e-85,452.90544283061104,4.898102e-06,0.00010501988807926992,0.0001934099887229307,0.013667115369545693,0.0034926108370635467
p23_SCT,2.5703617396613627e-09,36.025857228923776,0.0,2.7655233794882714e-05,0.0,0.22745839093753362,0.056871511542832126
p24_H1,0.18598679163912413,1.751115199971287,0.0,0.0,0.0,0.0,0.0
p24_P2,9.90297166966094e-86,453.64086275827185,1.3381549e-05,9.445765533414439e-05,0.0,0.018324509208797024,0.004608087103345739
p24_SCT,4.4018366703875443e-07,25.791399980291526,0.0,1.6602700594030415e-06,0.0,0.011163821204562753,0.002791370368655539
p25_H1,0.8846341984626996,0.021062064006288444,0.0,0.0,0.0,0.0,0.0
p25_P2,6.648390863736124e-40,188.14099722440784,1.8629406e-05,1.441681592531922e-05,0.0,0.039696828001656984,0.00993246855577835
p25_SCT,1.2145908610696512e-59,296.7644453858463,0.0,0.00023065694823449725,0.0,0.31308428914400377,0.07832873652305956
p26_H1,9.075521625010938e-09,33.499173486090996,1.2268545e-05,6.753506081567949e-05,0.0,0.0037123591672453024,0.0009480406932917588
p26_P2,0.03233984840668169,4.590979093331756,3.389072e-06,2.882895471452496e-05,0.0,0.030088047452955565,0.007530066369901295
p26_SCT,1.9023989271461299e-10,41.26990292881468,0.0,8.341757972183171e-07,0.0,0.11659467126010002,0.02914887635897431
p27_H1,1.2780108973959138e-11,46.74793912485255,5.686906e-06,1.8622642121857127e-07,0.0,0.06546709109868026,0.016368241057826968
p27_P2,0.00010748250220862508,15.100223749193306,0.00020338554,3.960505270613607e-05,0.0,0.009782220385248659,0.002506302744908999
p27_SCT,0.2564429809586495,1.2890778971979915,0.0,0.0,0.0,0.0,0.0
p28_H1,4.012976927694626e-09,35.132493180023914,0.0015997407,1.922219862418586e-05,0.0,0.016111770601219533,0.004432683375625653
p28_P2,0.25993113335517387,1.270315553258136,0.0,0.0,0.0,0.0,0.0
p28_SCT,0.6199688361188118,0.2460381214164282,0.0,0.0,0.0,0.0,0.0
p29_H1,1.0259724848306341e-36,171.3671209095991,0.0,3.740820268457011e-05,0.0014686682854557068,0.03503559510878503,0.009135417899231328
p29_P2,3.217579017233475e-36,168.77462074114794,0.0,0.0001107178171873856,0.0019887682208824566,0.004667145153379554,0.0016916577978623492
p29_SCT,6.9414361627631445e-37,172.25450683394385,0.0,3.740820268457011e-05,0.0014686682854557068,0.03503559510878503,0.009135417899231328
p30_H1,2.1598656849620914e-13,55.09435722391358,4.9904293e-06,6.597739441442532e-05,2.9725580574217364e-05,0.021587821701166972,0.005422128776354139
p30_P2,1.8683241109118453e-06,22.950403160886196,0.0,2.652076356648703e-07,0.0,0.0015132063452156454,0.00037836788821282757
p30_SCT,1.3308370605674914e-07,28.155178508452146,0.0,2.652076356648703e-07,0.0,0.0015132063452156454,0.00037836788821282757
p31_H1,0.02743940956605972,4.874760350915149,0.0030658848,0.00021802581799097433,0.00039910060741191395,0.002718021707122588,0.0016002582360822937
p31_P2,0.0002673238131831628,13.36532864096651,0.0,0.00013264807990947844,0.0006035812123717004,0.012011936515438193,0.0031870414519298428
p31_SCT,1.045960800753906e-11,47.15589942693949,0.0,6.792560227329573e-07,0.0,0.19684688435411057,0.04921189090253333
p32_H1,2.821045765654931e-46,222.3010944221485,2.792437e-05,7.653970645423994e-05,0.0,0.04333793440839877,0.010860599621323911
p32_P2,1.412757103621323e-05,19.007481796950962,1.3158566e-06,3.512452786912268e-05,0.0,0.020710159301272173,0.00518664992143369
p32_SCT,0.012427554672742027,6.267601219809397,0.0,1.0426643243913232e-06,0.0,0.011607280798636353,0.002902080865740186
p33_H1,1.3246243046347176e-71,366.74727738064803,3.879287e-05,0.00017805769125930687,4.736067703410904e-05,0.017159088912425374,0.004355825037761597
p33_P2,2.9602950470588226e-12,49.73043166212617,1.5612314e-06,1.0940155637438637e-05,0.0,0.05645534248384145,0.014116960967730421
p33_SCT,4.339123491442973e-11,44.263544722132565,0.0,1.2401239495941122e-06,0.0,0.1851703367486021,0.04629289421813792
p34_H1,0.0009642635468311992,10.948740487634128,1.7602359e-07,1.0853407351186405e-05,0.0,0.011067316452429617,0.0027695864708427932
p34_P2,0.053284702324937316,3.742292053577631,0.0,4.3915723723172254e-06,0.0,0.09787561422340008,0.0244700014489431
p34_SCT,0.5305579662204742,0.3935494981641756,0.0,0.0,0.0,0.0,0.0
p35_H1,6.862404440650309e-09,34.05817233382099,1.4646614e-06,1.4991738539467655e-05,0.0,0.005606504627287902,0.0014057402568091039
p35_P2,1.822681379821596e-114,645.5846246555757,2.1678563e-06,1.1692891852987296e-05,0.0,0.01232551877360001,0.0030848448804475267
p35_SCT,2.6898852763490413e-06,22.2370798526828,0.0,5.014831014265763e-05,0.0,0.11175390227510913,0.02795101264631295
p36_H1,3.1316374212533796e-74,382.5478292237973,1.6962927e-05,4.7840683888636134e-05,0.0,0.18591909791170244,0.046495975380766545
p36_P2,0.896900483779191,0.016797463179081595,0.0,0.0,0.0,0.0,0.0
p36_SCT,0.00010235128679729163,15.193745973421986,0.0,1.8612436460677213e-06,0.0,0.05989195188135935,0.014973453281251355
p37_H1,0.9950814512798323,3.8017096790449406e-05,0.0,0.0,0.0,0.0,0.0
p37_P2,1.7527253707753002e-62,313.0926156457013,7.0252863e-06,0.00011734464247350982,0.0,0.042466989698398336,0.010647839906798576
p37_SCT,3.4068780817244696e-17,73.256410454,0.00032144896,0.0001851412372003426,0.00011196097724877271,0.08558711853987762,0.021551417427386494
p38_H1,0.023536451660967267,5.141493383244105,6.6473825e-05,0.00022333361677043291,5.568661058162813e-05,0.008498888974484725,0.002211095756816006
p38_P2,0.02747458980891018,4.872539846648747,2.7670527e-05,6.348073599762843e-05,2.8016060606840087e-06,0.06815668230118177,0.01706265879251837
p38_SCT,0.06806032732577261,3.3351599712537716,0.0,1.0891764825438096e-05,0.0,0.1514704807918804,0.03787034313917646
p39_H1,6.979391511593391e-139,826.0898049898648,4.0689366e-07,9.053040842420497e-05,0.0,0.0651712922028317,0.016315557376229445
p39_P2,6.883517706542135e-43,204.03612668578995,0.0003175033,6.9167446285478955e-06,0.0,0.03499185524539604,0.008829068820185287
p39_SCT,7.906407808009821e-42,198.36921680263617,0.0,2.5993052595732354e-07,0.0,0.035899460922719395,0.008974930213311338
p40_H1,1.7651414595179813e-16,69.81843599207568,6.675136e-05,3.659959906099739e-05,0.0,0.07496741037561366,0.018767690333557283
p40_P2,1.6613395340857117e-08,32.291720813328034,0.0,2.6987101313740794e-05,0.0,0.02829011334349845,0.007079275111203048
p40_SCT,1.383599366534622e-16,70.32670307858662,0.0,2.8188223602775874e-05,0.0,0.10571335949839193,0.026435386930498676
p41_H1,1.3564590894181776e-16,70.36805844116941,3.3278364e-05,0.00024327664829962493,0.000606194835014513,0.07888483436558497,0.019941896053185814
p41_P2,3.3014032656915615e-33,153.1573819346183,0.00070024794,0.00014623814113389947,0.0008733843869063206,0.0446002821057876,0.011580038143375966
p41_SCT,6.604498517280246e-16,67.0690149100918,2.8715056e-05,2.5716021781126283e-05,0.00037398882354842456,0.278249492634669,0.06966947813400777
p42_H1,3.894597572310313e-127,737.1501307201343,1.3615378e-05,0.00039247904568288005,0.0001067266911003992,0.004353772166371631,0.0012166483201915105
p42_P2,1.6438285833717246e-09,36.923485058199354,0.00042857707,1.078549476789397e-05,0.0,0.04669520192924243,0.011783641123533693
p42_SCT,4.0928180450249794e-10,39.72280837627641,0.0,2.821897434119406e-05,0.0,0.012029946294212203,0.0030145413171383494
p43_H1,5.545911655904039e-16,67.43258116039317,3.9152355e-06,6.51977284048329e-06,0.0,0.1267328839893563,0.03168582974943381
p43_P2,1.920180673451825e-07,27.429566842686334,3.2278328e-07,1.0591848887783005e-05,9.358556559795322e-05,0.030135563733749874,0.007560015982878707
p43_SCT,0.04955071544337741,3.864355201400844,0.0,1.2829774085024689e-06,0.0,0.042913495895328314,0.010728694718184204
p44_H1,3.9102802501717216e-86,456.1930268781616,2.9743942e-06,3.490280944076127e-05,0.0,0.01318440636260021,0.0033055708915583123
p44_P2,1.0551736402151404e-140,840.233995899321,0.0019966145,1.186717295668839e-05,0.0,0.002458156354686152,0.0011166595080620931
p44_SCT,7.466517592232025e-155,953.587305166925,1.16320025e-05,1.7518634346038466e-05,0.0,0.013965865149503168,0.0034987539465866037
p45_H1,2.6782902951487637e-05,17.770111852016647,4.3828495e-05,0.00031297038266756754,3.9635244567561524e-05,0.008497771309367377,0.0022235513579278153
p45_P2,0.17983563086393603,1.8010661321680008,0.0,0.0,0.0,0.0,0.0
p45_SCT,0.0012459931721140976,10.470252995789345,8.02687e-06,9.229179895948455e-05,0.0,0.02129387258898192,0.005348547814508169
p46_H1,0.2475935391112128,1.3381242581171489,0.0,0.0,0.0,0.0,0.0
p46_P2,1.0725102138597688e-31,145.38752228428956,0.0,2.1089700082743805e-05,0.0,0.008406738183416942,0.0021069569708749214
p46_SCT,0.5346876360601096,0.3856958438876618,0.0,0.0,0.0,0.0,0.0
p47_H1,0.0774543059409985,3.122841313671656,1.6309026e-05,5.8146352781676e-06,0.0,0.08093875497009745,0.0202402196579065
p47_P2,6.086026710623346e-231,1679.9843226430064,9.770246e-06,8.022995359097622e-05,0.008443995678656082,0.002572588905767816,0.0027766461959847937
p47_SCT,7.110581797789443e-158,978.592223640986,0.0,8.33723550034854e-06,0.0,0.10607043059191364,0.026519691956853497
p48_H1,2.0934595726493894e-12,50.4384781296935,2.5563555e-05,0.0002060744057203517,0.0004774878523736174,0.03319548485992524,0.00847615266826167
p48_P2,2.5963778281617148e-51,249.90525974431355,3.4837078e-05,0.00015581885909163293,0.0001337384736694638,0.1824190920465396,0.045685871614248155
p48_SCT,1.3833012655683023e-23,104.50515479650245,7.1298514e-06,0.00015466332170159923,7.28149186347089e-05,0.12311340854356571,0.030837004158821273
p49_H1,1.3240763198954044e-21,94.7269064992313,3.4009483e-06,3.1909858187848024e-05,0.0,0.035936638243883934,0.008992987262604016
p49_P2,2.09174676730996e-05,18.2476981674663,1.3262586e-06,6.251390643701974e-05,4.455673075750246e-05,0.039987954842346796,0.010024087934534843
p49_SCT,0.00011918039739785489,14.902831204812921,0.0,2.3233202408951127e-06,0.0,0.09288847406339353,0.023222699345908607
p50_H1,1.516901724994038e-63,319.24736018824416,0.0027594157,8.14350994283916e-05,0.00028441312813658903,0.06253648864459606,0.01641543813212231
p50_P2,9.633958289317587e-63,314.5955000388632,0.0,3.4316413005104686e-05,0.0,0.022261610082845263,0.005573981623962592
p50_SCT,1.0283573174511502e-47,230.12959169976943,0.0,4.044897784837418e-05,0.0,0.09658185681668187,0.02415557644863256
p51_H1,1.5414537073272841e-159,992.4875667772255,3.190753e-05,0.00013289198305217818,0.0,0.05558392579673258,0.013937181327389662
p51_P2,3.3653043109895096e-39,184.41754788815481,0.0014309922,0.0014927379171493086,5.593638156177764e-05,0.017306673877872287,0.005071585082514143
p51_SCT,4.730001650568851e-84,443.0642527810947,5.739552e-06,5.949551468059939e-05,0.0002921475925205383,0.4416271693560078,0.11049613800376536
p52_H1,8.214852652070758e-39,182.3729628750088,7.039603e-07,3.950230346140466e-05,0.0,0.0037484825017124568,0.0009471721913746402
p52_P2,1.0775451459685147e-45,219.14557821744293,0.0039886464,0.001367655146166469,0.0017587792743765348,0.0745911030003836,0.020426545964352318
p52_SCT,2.920455972527816e-53,260.73366309215646,0.0,5.947482802141717e-06,0.0,0.04325391774636112,0.010814966307290817
p53_H1,5.195859724022236e-32,147.00136629702254,0.0002544432,3.0949879309626574e-05,0.0,0.012411564847745802,0.0031742394833535323
p53_P2,2.886275230425301e-41,195.37279610978777,5.196055e-06,2.3654362520863335e-06,2.5671956735208813e-05,0.06303242607343636,0.01576641488038068
p53_SCT,4.4209151562538086e-39,183.79215499058407,0.0,1.4207107096165186e-05,0.0,0.15207437041988747,0.038022144381745906
p55_H1,9.522351541413094e-05,15.331817142364638,1.6471776e-06,1.2531205780050524e-05,0.0,0.016219523248331313,0.004058425407916651
p55_P2,5.295400301761567e-08,29.98350250949236,5.9486854e-07,3.0193192092732624e-05,9.673168741001161e-06,0.02466450375453161,0.0061762412459759435
p55_SCT,1.5410325925272013e-14,60.536170480185966,0.0,2.140044892058329e-05,0.0,0.026616408890688014,0.006659452334902149
p56_H1,4.883864927182823e-63,316.3033555038223,0.00016629486,0.0001761086877934082,0.0,0.005981132884157167,0.0015808841088495306
p56_P2,2.2935757682583905e-09,36.25452908480928,1.5507467e-06,1.4038049458369022e-05,0.0,0.027513622557425434,0.006882302838389497
p56_SCT,0.0027202245069144607,9.023446217098257,9.177777e-06,3.713202054654597e-06,0.0,0.04421274947456387,0.011056410113511807
p57_H1,1.1828231826283522e-31,145.16966640410794,0.0,2.1631067187950634e-08,0.0,0.03519681887042452,0.008799210125372927
p57_P2,1.1936271138793948e-32,150.28301468720448,0.0,2.1631067187950634e-08,0.0,0.03519681887042452,0.008799210125372927
p57_SCT,2.516331979707105e-31,143.49108692651265,0.0,2.1631067187950634e-08,0.0,0.03519681887042452,0.008799210125372927
p58_H1,0.7980185599523105,0.06551996880776065,0.0,0.0,0.0,0.0,0.0
p58_P2,0.31321097384822705,1.0179360029146094,0.0,0.0,0.0,0.0,0.0
p58_SCT,1.0,0.0,0.0,0.0,0.0,0.0,0.0
p59_H1,3.1259583380335e-119,679.5069016836586,7.73792e-06,5.4559860294175596e-05,0.0,0.0067133685891983845,0.0016939165923697747
p59_P2,0.0038777857301450715,8.37248027073559,0.0,1.8923016153731125e-05,0.0,0.07735672815421583,0.019343912792592392
p59_SCT,1.0026061667693765e-29,135.3290027275381,0.0,2.3856812854414245e-06,0.0,0.01653230666089034,0.004133673085543945
p60_H1,8.10011643157988e-06,20.08736434745598,0.0,6.4190859491336515e-06,0.0,0.06562513774977101,0.016407889208930035
p60_P2,2.7608643610840764e-05,17.71149379186952,0.0,2.0439340008868183e-05,0.0,0.040218386025937816,0.01005970634148667
p60_SCT,2.4469148419478553e-05,17.944595797089434,0.0,0.0,0.0,0.1707242358002506,0.04268105895006265
p61_H1,4.689814337387549e-06,21.15151823109615,0.0,3.0753028474066353e-07,0.0,0.019634685215960124,0.004908748186561216
p61_P2,2.0270685834738557e-06,22.790686428474334,0.0,3.0753028474066353e-07,0.0,0.019634685215960124,0.004908748186561216
p61_SCT,3.186443806531571e-06,21.905939671418672,0.0,3.0753028474066353e-07,0.0,0.019634685215960124,0.004908748186561216
p62_H1,1.1849413381466075e-18,80.31084178466554,1.19263e-06,8.873350369841755e-05,0.0,0.1488768143517586,0.037241685121352286
p62_P2,0.5785918025965777,0.3086837550074723,0.0,0.0,0.0,0.0,0.0
p62_SCT,0.25804468611577963,1.2804235791514906,0.0,0.0,0.0,0.0,0.0
p63_H1,2.204992135617044e-25,113.44856077846849,8.2396355e-06,3.9320170482975355e-05,0.0,0.15820391840399817,0.03956286955248599
p63_P2,1.043497237429258e-13,56.59062266636089,1.4391985e-06,6.403159119759458e-05,0.0,0.00886042787003631,0.0022314746649367894
p63_SCT,3.299557929626897e-23,102.63527605550534,7.19803e-06,3.235288924387632e-05,0.0,0.0008637438395399303,0.00022582368965455134
p64_H1,0.7775692567259693,0.07983518116241071,0.0,0.0,0.0,0.0,0.0
p64_P2,4.61033886353336e-33,152.40989241180222,0.0,4.938886099839666e-06,0.0,0.036244904624908134,0.009062460877751994
p64_SCT,3.7610726969905873e-56,276.94287843814897,0.0,4.466633300194451e-05,0.0,0.14962037022812927,0.037416259140282807
p65_H1,3.822763873287776e-05,17.08400435895384,0.0,4.824019651612678e-06,0.0,0.023306508420074274,0.005827833109931472
p65_P2,0.1148909394649759,2.489208731923196,0.0,0.0,0.0,0.0,0.0
p65_SCT,0.007461490876368755,7.182582589350711,0.0,0.0,0.0,0.11793048138219783,0.029482620345549458
p66_H1,7.241675185051445e-08,29.361814023455832,5.2051007e-07,2.5918355781100447e-05,0.0,0.006815693217926493,0.0017105330209445486
p66_P2,8.400742156099484e-05,15.571714073097645,0.0,2.3950419712668787e-05,0.0,0.02361794816073988,0.005910474645113137
p66_SCT,0.00028761647730008355,13.226627935272512,0.0,9.466054775367455e-07,0.0,0.222628675318168,0.05565740548091138
p67_H1,0.007492724866395378,7.175042643510674,0.0,0.0,0.0,0.008470491955995614,0.0021176229889989036
p67_P2,0.5035166367717856,0.44778463451611084,0.0,0.0,0.0,0.0,0.0
p67_SCT,1.0,0.0,0.0,0.0,0.0,0.0,0.0
p68_H1,1.1501065759454567e-13,56.39040199108226,0.0,6.182371920653435e-06,2.826333929201932e-05,0.1861042826217211,0.04653468208323344
p68_P2,0.565530923514175,0.33039943481065936,0.0,0.0,0.0,0.0,0.0
p68_SCT,1.1863543058475399e-05,19.346186614179818,0.0,9.384981081782306e-08,0.0,0.030701182965411477,0.007675319203805574
p69_H1,2.4578050756937537e-70,359.1728727697625,4.136925e-07,1.6408952577137744e-06,0.0,0.01105079573022783,0.0027632125794974493
p69_P2,0.09020101895722027,2.8753833709286702,0.0,0.0,0.0,0.0,0.0
p69_SCT,1.9346880210034035e-69,353.8443675311176,0.0,2.9255357135768925e-07,0.0,0.14808781572362478,0.03702202706929904
p70_H1,0.0017267376197433058,9.863550682404071,0.0,2.0032857316490406e-06,0.0003198552880065448,0.010631364055997896,0.0027383056574340225
p70_P2,0.003040646868801412,8.818553297531864,0.0,2.243863261735195e-06,0.0,0.02275762103998893,0.005689966225812667
p70_SCT,0.04113818177568045,4.17924503118515,0.0,1.3660196341179466e-06,0.0,0.17914311347457143,0.04478611987355139
p71_H1,1.6569605995579847e-06,23.185650247516776,0.0,5.7293124803379426e-08,0.0,0.04892839317590215,0.012232112617256737
p71_P2,1.0373761524732734e-05,19.606646899473475,0.0,1.2728411597787767e-06,0.0,0.010139758781201394,0.0025352579055902933
p71_SCT,1.6600562725257218e-07,27.71755963952585,0.0,2.108812163496019e-09,0.0,0.08787554423362086,0.021968886585608256
p72_H1,0.007824239695179222,7.096941575685992,0.0,0.0,0.0,0.008470491955995614,0.0021176229889989036
p72_P2,0.007824239695164218,7.096941575689569,0.0,0.0,0.0,0.008470491955995614,0.0021176229889989036
p72_SCT,0.007824239695211071,7.096941575678808,0.0,0.0,0.0,0.008470491955995614,0.0021176229889989036
p73_H1,9.587656871444427e-55,269.03248870742254,0.0007174031,4.604855786979369e-05,0.0,0.07548071399433164,0.01906104140708122
p73_P2,3.789510239997642e-17,73.03361346182447,0.0,4.896198358960549e-06,0.0,0.013739802456148703,0.0034361746636269157
p73_SCT,1.5053503862308852e-05,18.88445982220775,0.0,9.848127082474105e-08,0.0,0.029371160054985898,0.007342814634064181
p74_H1,5.293353794536879e-10,39.204110613280164,5.113405e-05,1.3523032931331326e-05,0.0,0.03799134015697718,0.009513999310306756
p74_P2,0.24068908267510503,1.377907482315182,0.0,0.0,0.0,0.0,0.0
p74_SCT,0.22237396359997386,1.4905191934472493,0.0,0.0,0.0,0.0,0.0
p75_H1,0.01134877662152602,6.429555677993259,0.0,1.7850716686158462e-07,0.0,0.003488260288705478,0.0008721096989680848
p75_P2,3.86676745554754e-08,30.608671650357138,3.5157328e-07,1.1086056598632637e-06,0.0,0.018031756473266786,0.0045083041630509515
p75_SCT,0.11719760898174544,2.4578878197422895,0.0,0.0,0.0,0.0,0.0
p76_H1,0.9372961307705528,0.006191342434166029,0.0,0.0,0.0,0.0,0.0
p76_P2,7.160680125931914e-33,151.42502217731322,3.3888525e-06,1.9228897505454606e-05,1.7291735850540203e-06,0.028565422905115247,0.007147442457181312
p76_SCT,0.6023119085650841,0.27166590208589303,0.0,0.0,0.0,0.0,0.0
p77_H1,0.948412721865851,0.004187851748427707,0.0,0.0,0.0,0.0,0.0
p77_P2,0.49881390769244305,0.45773486292940385,0.0,0.0,0.0,0.0,0.0
p77_SCT,0.3603468906038755,0.8373198347473275,0.0,0.0,0.0,0.0,0.0
p78_H1,5.31758201035663e-88,468.048492839274,4.194008e-06,9.13785938538866e-05,0.0,0.024624509949176265,0.006180020637743216
p78_P2,3.492283399341732e-72,370.2168886356041,1.26567575e-05,5.334599529874313e-05,0.0,0.013101409066178663,0.0032918529547349856
p78_SCT,1.0,0.0,0.0,0.0,0.0,0.0,0.0
p79_H1,2.1015286419135784e-304,2612.3087037313485,5.2959267e-06,1.1165440822892242e-05,0.0,0.009301018188807436,0.002329369889085652
p79_P2,8.575014054226261e-116,654.9715903393849,1.8844673e-06,1.8058667246346404e-05,0.0,0.005092771437442668,0.0012781786430066866
p79_SCT,9.235084258894319e-257,1978.373690713759,0.0,5.414766511417243e-06,0.0,0.06073517474489998,0.01518514737785285
p80_H1,0.0006991725062619618,11.551026314172066,4.2571505e-06,0.00022343904125281212,0.0,0.02198980313597213,0.005554374831936706
p80_P2,1.1602014583004725e-51,251.842956897021,2.2795793e-06,6.578456051181179e-05,0.0,0.0399433213593793,0.010002846374809877
p80_SCT,3.124163572200603e-16,68.62789369029849,1.0095879e-06,1.6101895001059993e-05,0.00016774239630530367,0.033366744784675294,0.00838789966596807
p81_H1,0.00015384297964715505,14.415766709193178,1.5394762e-06,9.132543122313862e-06,0.0,0.16796871998315013,0.04199484800062207
p81_P2,5.045378387441676e-10,39.300836156061315,3.9344437e-07,3.165908117812306e-05,0.0,0.040681858135512054,0.01017847766526426
p81_SCT,6.719263982791847e-87,461.04113051046284,1.1114399e-06,7.495102309536202e-05,0.0,0.05682208978237869,0.014224538061350647
p82_H1,3.846779723218699e-190,1264.4109473036212,1.5328718e-05,6.446603604058796e-05,0.0,0.10720210850838524,0.02682047581567924
p82_P2,2.2845221553084444e-150,916.9892836251566,0.00021894538,7.838973154220662e-05,0.0,0.05477430938522442,0.013767911124383143
p82_SCT,1.0255297338950918e-50,246.60692523170766,9.218112e-08,0.00011516898323876214,2.849181177252398e-05,0.1709688511117443,0.042778151021968365
p83_H1,0.0010252033944541346,10.834198654098083,7.472976e-05,0.0010063017907887156,0.0021947090123720964,0.290627435072897,0.07347579390900061
p83_P2,2.355493452101982e-82,432.4424122124425,0.00010077025,0.0006555453055005261,0.0002748255897527781,0.18180185502442506,0.045708249042963264
p83_SCT,6.596902244297805e-75,386.64327204517724,1.6416021e-05,0.00025915794306063255,0.0,0.285131661172264,0.07135180878408769
p84_H1,2.312578699909278e-21,93.53713878380701,0.00028953477,0.00029300755962118665,0.0004605839595646741,0.03992218409449701,0.010241327596316244
p84_P2,1.8701479851932206e-07,27.48178836287024,8.258068e-05,1.0296560493871137e-05,0.0,0.06646829689912084,0.01664029353447402
p84_SCT,5.377402910723909e-05,16.427533741885817,3.3253316e-05,8.855907959671179e-06,0.0,0.27111966661293446,0.06779044395931355
p85_H1,9.055223793173686e-107,592.0908429188019,0.0008583087,0.02168572481978002,0.023071156380334402,1.0,0.2614037974723294
p85_P2,1.5340683602727665e-36,170.45409168734918,0.00011388711,0.0006300828797583302,0.0020175197154898607,0.6293117052558461,0.15801829873988732
p85_SCT,2.996575751582551e-121,694.0606601910084,6.172863e-06,0.00013635429892309194,0.0005121123719724571,0.648178927148624,0.1622083916705969
p86_H1,1.3129864287852667e-10,42.0198643740277,2.55629e-06,0.0005092132796895105,0.0,0.15007032487659755,0.03764552361155381
p86_P2,0.004883560885445977,7.951369450959374,3.5426474e-05,5.028153218518186e-05,0.0,0.0941865904641266,0.02356807461755655
p86_SCT,2.8555203062562907e-164,1032.4904967810774,0.0,6.969479461051217e-05,0.0,0.02567872448816796,0.006437104820694618
p87_H1,5.844136890455852e-13,53.05098819996133,5.5265442e-05,5.035273735918659e-05,0.0,0.13007233426220213,0.03254448811036914
p87_P2,0.2933505369478352,1.105141773707703,0.0,0.0,0.0,0.0,0.0
p87_SCT,6.695492879467926e-18,76.66774849546549,4.5788733e-05,5.636051625490449e-05,0.0,0.26200394734729243,0.0655265241490562
p88_H1,0.0001488218962509719,14.47901449048511,0.00025577826,0.001546777556869511,0.002736360925579496,0.38086666590931767,0.09635139566225902
p88_P2,1.406704140457929e-73,378.6077602886404,5.4799246e-05,0.0009404246739938793,9.958583382633326e-05,0.14053375346359367,0.035407140804314736
p88_SCT,1.541712828606196e-29,134.37935944563654,6.507511e-06,0.0001686191369285278,0.0,0.10886674782845181,0.02726046861909227
p89_H1,7.435734223187153e-206,1416.8601634315576,0.00020834773,0.005762112957011165,0.014331902836384618,0.051713012079053294,0.01800384390066781
p89_P2,0.11735182439524726,2.4558181769291627,0.0,0.0,0.0,0.0,0.0
p89_SCT,0.8063327981469782,0.06012962327482655,0.0,0.0,0.0,0.0,0.0
p90_H1,9.247420894086965e-42,198.0063193753794,9.2346e-06,5.2653684021561796e-05,0.0,0.014873774892247919,0.0037339157940496667
p90_P2,0.002737635849452136,9.011696055404041,3.8454727e-05,0.0034857891098651526,0.0,0.01564455777655447,0.004792200403473264
p90_SCT,0.9401792112470873,0.005634037498110707,0.0,0.0,0.0,0.0,0.0
p91_H1,1.4333659815530255e-195,1316.0494672887141,3.584883e-06,7.847455814661917e-06,0.0,0.04709069111245377,0.011775530862807396
p91_P2,1.1351359145319046e-178,1158.7596357833095,0.0,1.0397523787660349e-05,0.0,0.015471354913244353,0.003870438109258003
p91_SCT,9.611625081594645e-163,1019.5024396180162,0.0,1.560111463666493e-05,0.0,0.022006442852537337,0.0055055109917935005
p92_H1,4.565196364519901e-43,204.99177946290007,3.8842307e-05,0.0009915752516742027,0.0007333063832953106,0.6365820041902276,0.15958643203300468
p92_P2,1.8463771123936355e-13,55.41670210276158,0.00063200307,0.0033311291123134783,0.0016477486103476605,0.3175411267664197,0.08078800188880271
p92_SCT,6.888819520261946e-30,136.15784221460706,4.592361e-06,0.0005689426211025311,0.0003408979264554412,0.5052339984581407,0.12653710784171593
p93_H1,1.3180429721193184e-191,1278.2426016449417,0.0035737816,0.04978997255493719,0.0505321887767034,0.5703371116079207,0.16855826362935789
p93_P2,3.3605785856973872e-37,173.90358549586807,0.0008356761,0.0009428460886442614,0.002449799355530697,0.1910308735216545,0.04881479876531947
p93_SCT,2.5390988652796756e-115,651.6324164180395,0.0018550649,0.00040312876989089484,5.732955194340968e-06,0.22542736666033236,0.056922823316845776
p94_H1,3.965788793646861e-14,58.584241385589436,2.179297e-05,0.00037416737155583516,0.0,0.029035713361437007,0.0073579184257666795
p94_P2,1.0530388891885298e-190,1269.7134367467852,1.4841028e-06,3.3099772825438026e-05,0.0,0.0425692881207392,0.010650967999083107
p94_SCT,2.6816901895090365e-160,998.8594715823127,0.0,2.068931783861544e-05,0.0,0.08128870181753038,0.02032734778384225
p95_H1,4.91390441536577e-37,173.0395565164038,3.3565637e-05,9.696866262559384e-05,5.092803971324959e-05,0.06516522815353012,0.016336672623177406
p95_P2,0.0009523550856876058,10.97197817808409,0.00021919615,0.0005297197388866316,0.004181228048754771,0.09645921744437035,0.025347340346483206
p95_SCT,8.979495776648407e-08,28.93501712971677,0.0,1.5500231661726034e-05,0.0,0.09492465348872925,0.023735038430097742
p96_H1,8.830344558479953e-104,571.7352155001665,0.00013606211,0.00032038272482266556,0.0006959148632625255,0.04479033182804122,0.011485672881521431
p96_P2,4.815017512930056e-180,1171.1594976848114,0.00011750745,0.00011855883324759916,0.0,0.13428558363211873,0.03363041247892678
p96_SCT,2.853010642969315e-57,283.2732873811092,1.8054798e-06,0.0002723669434706467,0.0,0.31711454187908694,0.07934717857558171
p97_H1,2.832831338189357e-18,78.47573532306775,0.00015445605,4.152766642424079e-05,8.41986465134412e-05,0.17417109936655745,0.043612820432611304
p97_P2,6.571773239781275e-14,57.542907517545835,4.8312093e-05,7.921304115346779e-05,0.0,0.013854638784805869,0.0034955409797362653
p97_SCT,0.6524354912514525,0.20294429559375557,0.0,0.0,0.0,0.0,0.0
p98_H1,4.449905905693684e-117,664.1028196354789,0.00015455234,0.0005727712924842378,0.0,0.037695484195584085,0.009605701957260373
p98_P2,4.321863075601861e-80,418.38314639246994,1.5687339e-06,5.081928421973863e-05,0.0,0.06968383735423157,0.017434056343078975
p98_SCT,1.7868376642561215e-07,27.57193674531299,2.7464557e-06,4.3407981252789295e-05,0.0,0.09733014168289654,0.024344074029967487
p99_H1,1.8172745532419556e-45,217.91689384188587,0.00030554537,9.824490133600523e-05,0.0015386211401695856,0.11002899041443406,0.027992850456683156
p99_P2,3.827696146808816e-09,35.22723042449255,0.00010930111,0.00034411777375510454,0.00010372781525182364,0.007798514358727353,0.002088915264121199
p99_SCT,8.712677765104909e-21,90.71215258292085,0.00012809766,7.061733889131896e-05,0.0,0.07602424121777995,0.0190557390535628
p100_H1,0.7895357890788259,0.07127436810416701,0.0,0.0,0.0,0.0,0.0
p100_P2,0.5868522422716942,0.295445243676397,0.0,0.0,0.0,0.0,0.0
p100_SCT,0.05277348127008948,3.758458682846984,1.561352e-05,6.257113406627448e-07,0.0,0.20987414737173288,0.05247259665058864
p101_H1,0.01209548689406703,6.315861911252048,3.3052868e-06,7.844278537583011e-06,0.0,0.1570105691472714,0.03925542967814776
p101_P2,4.104829888794801e-05,16.946917880298432,0.0,1.9440913979109983e-05,0.0,0.049177318853550867,0.012299189941882494
p101_SCT,0.0002018036612012481,13.899212143053747,3.1298262e-06,3.694178464296115e-07,0.0,0.016189706815180924,0.004048301514795512
p102_H1,0.1880001572193,1.7351811566441175,0.0,0.0,0.0,0.0,0.0
p102_P2,6.211257377261678e-19,81.6728131531069,0.03003343,0.015731319854602608,0.01716829770414753,0.05824860122032518,0.030295412215915363
p102_SCT,0.059704861289392494,3.552238732307138,0.0,2.818448168288724e-06,0.0,0.11858664211826243,0.02964736514160768
p103_H1,0.0006644113311867951,11.64678370574757,0.0013980725,0.002984979972626908,0.004369180875187459,0.1349393826420833,0.035922903987873823
p103_P2,0.00021553621552785905,13.77408160909992,3.045426e-06,0.003156709694711347,0.00023648192517542805,0.19325950879425022,0.04916393646002321
p103_SCT,9.087246667799121e-08,28.91135813748606,0.0,2.2774169680847006e-05,0.0,0.3429737131966004,0.08574912184157031
p104_H1,0.01813030180936905,5.598747146532427,8.233943e-06,5.794225802066166e-06,0.0,0.023618921118146247,0.005908237321720947
p104_P2,7.009684964050585e-16,66.94512603424839,0.0,9.834543336648203e-06,0.0,0.0010989659750667623,0.00027720012960085263
p104_SCT,2.405444028314944e-16,69.17287234759056,0.0,1.4629419482914629e-06,0.0,0.004723517876946639,0.0011812452047237328
p105_H1,0.7255867390362434,0.12325975111635325,0.0,0.0,0.0,0.0,0.0
p105_P2,0.7077169950779005,0.14063432439136084,0.0,0.0,0.0,0.0,0.0
p105_SCT,0.6517634340396007,0.20378552930635352,0.0,0.0,0.0,0.0,0.0
p106_H1,8.864496267353305e-97,524.9546974994498,0.00017643884,0.00012679487806826958,0.0,0.12478925561125205,0.03127312233320062
p106_P2,1.1542027893644485e-05,19.39949883711946,4.8038306e-05,2.5665933243808217e-05,0.0,0.03658487295993996,0.009164644299790107
p106_SCT,1.5864669330526249e-06,23.270871177850807,9.5972646e-05,5.788464327186361e-06,0.0,0.071973290963448,0.018018763018392538
p107_H1,7.684388974488997e-27,120.75092546583906,0.00021918924,0.0010121179562858733,0.0010310214674965677,0.01414963101632943,0.004102989920468304
p107_P2,9.65473505662054e-44,208.61314908324061,1.362392e-05,0.00010262335982668114,0.0,0.07453702533019475,0.0186633181524017
p107_SCT,9.062012769903618e-39,182.14829346210533,0.0,3.9715967724258036e-05,0.0,0.13193258045325534,0.0329930741052449
p108_H1,2.8385200016546668e-70,358.8003511378043,0.00037771603,0.0020808628984191374,0.0015818150539627974,0.2763597070253476,0.07010002525216377
p108_P2,0.22003126034881668,1.5057263362937217,0.0,0.0,0.0,0.0,0.0
p108_SCT,2.5005779739247226e-16,69.0919982006355,0.0,0.0001239550984567205,0.0001803432530622303,0.23166609338977276,0.05799259793532293
p109_H1,0.001254001839052611,10.45831371220982,6.284426e-05,5.021569268757983e-06,0.0,0.02955639575098206,0.007406065394469492
p109_P2,0.004713501362836346,8.015967514241584,0.0,8.232774215092303e-06,0.0,0.009506283314732722,0.0023786290222369533
p109_SCT,0.0023126236743463997,9.322820161416928,0.0,3.298836746104609e-06,0.0,0.006704106364091444,0.0016768513002093871
p110_H1,0.1724045010304675,1.8641158840725696,0.0,0.0,0.0,0.0,0.0
p110_P2,6.833441861806698e-52,253.1177483345644,0.00010756719,0.00020868503706296428,0.0,0.007910223240220162,0.00205661886678163
p110_SCT,0.2305079482848098,1.439174894558601,0.0,0.0,0.0,0.0,0.0
p111_H1,0.0024941920804691466,9.18333127849009,3.390397e-05,0.0012011487453315896,5.894694755501256e-05,0.0950686036510775,0.02409065082820845
p111_P2,0.012456288129540187,6.263487812261899,1.7046144e-06,9.494182847673872e-05,7.148697060286604e-05,0.11969869570032048,0.02996670727845487
p111_SCT,0.3963320731340332,0.7199384040750691,0.0,0.0,0.0,0.0,0.0
p112_H1,0.5650717860720609,0.33118066370698757,0.0,0.0,0.0,0.0,0.0
p112_P2,1.6433249319872816e-17,74.78375342711885,3.2617092e-05,0.0019213434111224235,0.0008176679984911858,0.377950260536711,0.09518047225959975
p112_SCT,0.0001660717732485971,14.270044154014066,0.00044925953,0.0024320566356219524,0.0013883801092062305,0.4038324162296107,0.1020255281267636
p113_H1,2.7071386059377723e-47,227.83699405622914,3.2328706e-05,0.00010169646160753728,0.0,0.002768457211613448,0.0007256205947693323
p113_P2,3.219049550990532e-119,679.4153611096739,6.058833e-06,9.101821747805706e-05,2.7616166437724024e-05,0.1135091522481987,0.028408461366316307
p113_SCT,1.0471963588824917e-129,756.2727981738174,0.0012515209,9.96149197829365e-05,0.0,0.3357241900749039,0.08426883148323171
p114_H1,2.2091486010359183e-64,324.11089713066383,2.8509443e-05,6.45028857840629e-05,0.0012502182396708344,0.25231997107270326,0.06341580041027137
p114_P2,0.128821561022266,2.309805944813252,0.0,0.0,0.0,0.0,0.0
p114_SCT,0.8214238925213524,0.05096894436645226,0.0,0.0,0.0,0.0,0.0
p115_H1,3.4280089180293095e-24,107.51214733604348,0.00013331069,0.0018065186720680544,0.0014111113643056979,0.16018728085955466,0.040884555396991006
p115_P2,0.062165670961358326,3.485095808587775,5.8487618e-05,0.0019961991017269504,0.0008627989942494582,0.1660635235520485,0.04224525231648987
p115_SCT,0.6120197834077628,0.25737799307934583,0.0,0.0,0.0,0.0,0.0
p116_H1,1.3686489586285105e-82,433.91394339523976,5.8105987e-05,0.00022077801423678374,0.0,0.26413021144159,0.06610227386062714
p116_P2,2.147640065834162e-101,555.6527803578063,1.7658811e-05,0.0002057766843455823,7.3913951697615e-05,0.2059934046202294,0.05157268851681196
p116_SCT,1.2776582958743599e-137,816.337691819226,1.518515e-06,0.00023558974579657163,0.0,0.20907012732374383,0.05232680889612954
p117_H1,3.082166942303379e-05,17.4990705095523,3.1797103e-05,0.0010992052742028993,5.598791403784751e-06,0.12207898466890828,0.030803896459270036
p117_P2,2.50302240826098e-10,40.71544517652663,9.091455e-05,0.0008278822992914773,0.00314633602888418,0.22339333397727792,0.05686461671457757
p117_SCT,0.00018815252499352505,14.032423458417984,3.937933e-05,0.00011812630718150678,4.12462411070463e-05,0.00028964499655308434,0.00012209921888570803
p118_H1,0.620306141974859,0.2455639786107151,0.0,0.0,0.0,0.0,0.0
p118_P2,1.774074174727884e-54,267.5341342441052,1.2217208e-05,0.00015761676237601617,0.0003411656893037043,0.08567737427722634,0.021547093484168545
p118_SCT,0.4644148105454988,0.5355736005627498,0.0,0.0,0.0,0.0,0.0
p119_H1,0.001958996714341864,9.62967506612818,1.1485557e-06,0.00019556378120895863,0.0003476639372630834,0.2711120546911168,0.06791410774132851
p119_P2,7.288255648780223e-21,91.09194239827397,1.8276329e-05,0.00015577146939378406,0.0,0.1147165887785193,0.028722659144171755
p119_SCT,0.00011213913208006374,15.019167576548876,0.0,5.481621326249869e-05,0.0,0.16354346283002574,0.04089956976082206
p120_H1,0.9568434219935289,0.0029296643613841793,0.0,0.0,0.0,0.0,0.0
p120_P2,0.47664608020635924,0.5068429316662182,0.0,0.0,0.0,0.0,0.0
p120_SCT,0.5778679133147924,0.3098619773474876,0.0,0.0,0.0,0.0,0.0
p121_H1,3.749840222818543e-35,163.22196189011078,0.00015475071,0.0015071569839700215,0.000710944388247727,0.33590017688004387,0.08456825724123579
p121_P2,5.319461627466501e-41,193.9602673466947,8.9241876e-05,0.0006842065644402655,0.000660520045063765,0.05890906396033644,0.015085758111381322
p121_SCT,2.0627768860632608e-33,154.2107784548668,0.00027660403,0.00048299959437278175,0.00039039324687472634,0.3975872602225748,0.09968431427271099
p122_H1,3.1764234226811033e-23,102.71702119483041,3.7859613e-06,5.514680159667967e-05,0.0,0.07417573441816307,0.01855866679527138
p122_P2,0.16830712627373887,1.9002341891800183,0.0,0.0,0.0,0.0,0.0
p122_SCT,2.430037774170077e-17,73.9639815555918,0.0,4.084187713255106e-06,0.0,0.07389582019761835,0.0184749760963329
p123_H1,2.6466390964962544e-89,476.37529864194084,6.1560815e-05,1.5659234035581378e-05,0.0,0.09033112801029221,0.022602087014852897
p123_P2,1.7689179845794508e-244,1832.7643164676585,2.3480306e-05,3.91805702721099e-05,0.0,0.010590740175063472,0.0026633502629542357
p123_SCT,0.8454026299975331,0.03803650198850263,0.0,0.0,0.0,0.0,0.0
p124_H1,1.2725056279243356e-206,1424.5342256846443,0.0,3.645997497323768e-06,0.0,0.07876716955123501,0.019692703887183083
p124_P2,0.0,2950.0844256064024,0.0,2.8911567813732774e-06,0.01290132475169166,0.04740508111455115,0.015077324255756046
p124_SCT,3.039e-320,2849.874691304339,0.0,4.966625167263827e-07,0.0,0.0906223325282557,0.022655707297693107
p125_H1,0.38091957803447063,0.7682936145974406,0.0,0.0,0.0,0.0,0.0
p125_P2,0.3182771779290119,0.9968356752448402,0.0,0.0,0.0,0.0,0.0
p125_SCT,0.5465076210895041,0.3638160697542511,0.0,0.0,0.0,0.0,0.0
p126_H1,8.868260776541174e-05,15.468012355535206,3.834014e-06,1.1113884627145152e-05,0.0,0.0415806833175503,0.01039890780405026
p126_P2,9.123561146883648e-06,19.856091765969538,2.4939218e-05,6.551079164047722e-06,0.0,0.026196121614853712,0.006556902977963822
p126_SCT,0.015072401834013593,5.924898648747665,3.2531211e-06,6.131251601833648e-06,0.0,0.19255335921432862,0.04814068589676307
p127_H1,0.11069516200879351,2.5480020619954633,0.0,0.0,0.0,0.0,0.0
p127_P2,1.4154397428805704e-13,55.9632821754391,0.0,0.0,0.0,0.02060099916085463,0.0051502497902136575
p127_SCT,0.0005114149347628554,12.139103868776669,0.0,6.6952785755096976e-09,0.0,0.06895721795584654,0.01723930616278128
p128_H1,2.3589384657455453e-06,22.493894398450657,0.0,3.2267991309387206e-06,0.0,0.018342281173500674,0.004586376993157903
p128_P2,5.468357044744133e-75,387.1373288286686,0.0,2.9247083224000448e-05,0.0,0.05461298074064886,0.013660556955968215
p128_SCT,3.895889176842458e-09,35.19183764155064,0.0,6.383893961052032e-06,0.0,0.020481800213035493,0.005122046026749137
p129_H1,0.993320277076537,7.011751897999665e-05,0.0,0.0,0.0,0.0,0.0
p129_P2,8.557505261815873e-128,742.0283041048953,8.020128e-05,8.717617402214993e-05,5.689197378085985e-06,0.062093945462911866,0.015566753028595642
p129_SCT,9.80701123969003e-239,1766.9733552454938,2.2503236e-05,2.468611290574324e-06,0.0,0.029379879413784293,0.0073512128153495285
p130_H1,3.274050080868027e-57,282.93470050901067,0.0,4.269725358337405e-06,0.0,0.015538994535914216,0.0038858160653181383
p130_P2,0.06983369520198152,3.292760133449718,0.0,7.205740842187551e-07,0.0,0.0023284225929253283,0.0005822857917523867
p130_SCT,1.0,0.0,0.0,0.0,0.0,0.0,0.0
p131_H1,5.429428615663424e-60,298.7647045562713,0.0,4.5000579840738526e-07,0.0,0.002772426222558594,0.0006932190570892503
p131_P2,9.18713909714191e-28,125.3942072327879,0.0,4.1208054898047086e-07,0.0,0.0013704001001506965,0.0003427030451749192
p131_SCT,1.0997833536462708e-30,140.21791567600505,0.0,3.892518656625419e-07,0.0,0.031092966760845293,0.007773339003177739
p132_H1,0.0013764573523333862,10.284805107282118,1.0711403e-06,4.1494705121409753e-05,0.0,0.07460280485724739,0.018661342675675197
p132_P2,0.4693895376881596,0.5237426200162728,0.0,0.0,0.0,0.0,0.0
p132_SCT,2.2252502990664648e-41,195.97414541728028,0.0,9.965672377505375e-05,0.0,0.11761126372405653,0.029427730111957897
p133_H1,0.415927309895309,0.6622490443240278,0.0,0.0,0.0,0.0,0.0
p133_P2,3.3819853074038685e-05,17.32006893875601,9.0512054e-07,8.98587633052851e-06,0.0,0.0063879471965456605,0.0015994595483550093
p133_SCT,0.4616645033851612,0.5422018029017662,0.0,0.0,0.0,0.0,0.0
p134_H1,0.006684603764297679,7.381301826713546,1.1055595e-06,6.3610396910467145e-06,0.0,0.04300635642193395,0.010753455755275462
p134_P2,0.009366082112883922,6.77334856491397,0.0,1.9337897362684388e-06,0.0,0.0014094462214959708,0.00035284500280805984
p134_SCT,0.46096252907077184,0.5439036290748229,0.0,0.0,0.0,0.0,0.0
p135_H1,1.9583074804350117e-32,149.17749456349924,0.0,4.938185408043021e-06,3.434561112331043e-08,0.023840809466602487,0.005961445499405413
p135_P2,6.303658958863285e-44,209.60855095828467,0.0,1.6224955349278882e-06,0.0,0.10366526283834374,0.025916721333469665
p135_SCT,0.11141492975405068,2.5377434753139636,0.0,0.0,0.0,0.0,0.0
p136_H1,2.5540032918001452e-17,73.8597596668756,3.2527667e-05,2.732303020251191e-05,0.0,0.031923018955792366,0.007995717413228045
p136_P2,0.038628522606886394,4.286479524430607,9.33287e-06,0.00012369438060371623,0.0,0.027812222909059277,0.006986312539896303
p136_SCT,0.9042312954817935,0.014482480924372373,0.0,0.0,0.0,0.0,0.0
p137_H1,0.03170789111957412,4.624952965813165,0.0,1.3300452207102249e-05,0.0,0.03259728642237692,0.008152646718646005
p137_P2,0.5421981917800522,0.371691616403697,0.0,0.0,0.0,0.0,0.0
p137_SCT,0.004486196464648837,8.106125538976755,0.0,3.2998776728384803e-06,0.0,0.10407033554267889,0.02601840885508793
p138_H1,4.347007410235222e-84,443.294516436737,1.032045e-06,3.4027997041452145e-06,0.0,0.06398020250431245,0.01599615933725918
p138_P2,1.3663832096187514e-149,910.7150297467695,0.0,4.160083015261286e-06,0.0,0.04838889965794665,0.012098264935240478
p138_SCT,0.007824239695191994,7.096941575683141,0.0,0.0,0.0,0.008470491955995614,0.0021176229889989036
p139_H1,1.5617312972558228e-17,74.89052256950936,0.0,1.3628692092969085e-06,0.0,0.014890520188027508,0.003722970764309201
p139_P2,0.00034518900785378834,12.881166385048113,0.0,7.978212520779256e-07,0.0,0.008873463118515012,0.0022185652349417727
p139_SCT,0.008245076743228306,7.002540927594491,0.0,2.2770125629972307e-07,0.0,0.06365978056042405,0.015915002065420087
p140_H1,0.6896469901854962,0.15954427132131277,0.0,0.0,0.0,0.0,0.0
p140_P2,0.018063212687344822,5.605273323046639,0.0,8.044123745371148e-06,0.0,0.019023631562394575,0.004757918921534986
p140_SCT,0.6806818646136601,0.16944120718774994,0.0,0.0,0.0,0.0,0.0
p141_H1,5.137798096575181e-21,91.83616854043436,0.0,8.125330231621227e-08,0.0,0.032103631759551825,0.008025928253213535
p141_P2,2.5130263138714012e-20,88.46113645849108,0.0,8.125330231621227e-08,0.0,0.032103631759551825,0.008025928253213535
p141_SCT,0.0752756902035376,3.1695173705093813,0.0,0.0,0.0,0.09977537295536562,0.024943843238841405
p142_H1,1.6388951510217154e-05,18.719818667533442,2.5963374e-07,5.650236375368318e-05,0.0,0.04405838007702125,0.011028785518627916
p142_P2,3.397204315228553e-19,82.94669715948457,0.0,2.1766920559556536e-05,0.0,0.017765597277186136,0.004446841049436423
p142_SCT,1.516366764808057e-23,104.30745918251768,0.0,1.078096900870141e-05,0.0,0.09440784907932856,0.023604657512084314
p143_H1,4.736204354065443e-07,25.647090635130958,0.0,1.2064556591396558e-05,0.0,0.04091987396216593,0.010232984629689332
p143_P2,7.431800195934447e-16,66.82347081456955,0.0,4.5456052571284916e-06,0.0,0.002092786517993798,0.0005243330308127317
p143_SCT,5.4385699842825124e-48,231.6404871461613,0.0,8.557651524481964e-06,0.0003032469998224979,0.07367639987626243,0.01849705113190235
p144_H1,0.22680173506256032,1.4622949898670752,0.0,0.0,0.0,0.0,0.0
p144_P2,0.7304978143266468,0.11870994465482743,0.0,0.0,0.0,0.0,0.0
p144_SCT,6.362678505595235e-05,16.10444564244665,0.0,3.5943828480127254e-07,0.0,0.04525509198842159,0.011313862856676599
p145_H1,3.168417480022431e-23,102.72244549253699,2.331525e-05,1.184895179160252e-05,0.0,0.08399736706746605,0.021008132817205386
p145_P2,9.781766593182844e-44,208.58263979261847,0.0,3.5938624858331003e-06,0.0,0.052630820284687796,0.013158603536793408
p145_SCT,8.341060682011058e-35,161.41928722109762,0.0,6.343991710481085e-06,0.0,0.06314938408000074,0.015788932017927807
p146_H1,0.0005197651869475253,12.10859617264583,0.0,0.0008549741553175187,6.375280587493373e-05,0.38497798576090664,0.09647417818052477
p146_P2,0.635891145793515,0.2242697748883275,0.0,0.0,0.0,0.0,0.0
p146_SCT,0.17740534914220665,1.8213497050169383,0.0,0.0,0.0,0.0,0.0
p147_H1,9.985580678398635e-06,19.680707321936374,0.0,2.484950390265904e-05,0.0,0.006587791957641913,0.0016531603653861429
p147_P2,0.007332136078435157,7.214156879346702,0.0,4.7519270701701286e-05,0.0,0.01865110441038225,0.004674655920270988
p147_SCT,9.0971573828081e-05,15.419232590344711,0.0,1.5430528492519498e-06,0.0,0.0820204016778337,0.020505486182670736
p148_H1,0.00011979527225320857,14.89300331772161,3.696482e-05,4.8461668846947746e-05,0.0,0.021561699138136447,0.005411781406425559
p148_P2,3.830700903838054e-06,21.546311222085393,2.5319266e-06,0.0001040266056129366,0.0,0.023480128586184458,0.005896671779602219
p148_SCT,1.2368804059021223e-61,308.1961092123852,0.0,1.2329014956978425e-05,0.0,0.054125538527642854,0.013534466885649958
p149_H1,9.156817519267557e-07,24.34964283565203,4.9207552e-05,6.456336147779007e-05,0.0,0.1971084653025008,0.049305559054085964
p149_P2,5.866164928612545e-06,20.715329837421024,1.3033559e-06,1.295444129004536e-05,0.0,0.014206131524628985,0.0035550973304622198
p149_SCT,0.001971279383314385,9.618103397375425,1.36168e-05,3.583733168875383e-05,0.0,0.1878481938770357,0.04697441200219632
p150_H1,3.0750347143834505e-11,44.96265739035018,9.557629e-06,0.00023427937767193019,0.0,0.05102649380878355,0.01281758270381397
p150_P2,5.9995207921328725e-12,48.28866392705258,0.0,5.4688709672660104e-05,0.0,0.04877420611778674,0.01220722370686485
p150_SCT,4.294488692851381e-33,152.56870591978506,0.0,0.0001157040165007215,0.0,0.0642143262629139,0.016082507569853657
p151_H1,2.61261972066289e-89,476.41129324537775,8.8628294e-05,7.597642023954993e-06,0.0,0.00347611880560964,0.0008930861854532028
p151_P2,2.4411520915611868e-30,138.4518936436696,0.0,0.0001445698636853878,0.0,0.02429658658416686,0.006110289111963062
p151_SCT,1.0047812306691353e-63,320.28582365189175,0.0,3.444646633720042e-06,0.0,0.2461791839060582,0.06154565713817298
p152_H1,0.719611543701441,0.12892538631678735,0.0,0.0,0.0,0.0,0.0
p152_P2,0.13727412955862223,2.2111849873139033,0.0,0.0,0.0,0.0,0.0
p152_SCT,0.20102816953381697,1.636671960933948,0.0,0.0,0.0,0.0,0.0
p153_H1,1.7738433294968998e-09,36.7705491963561,0.00014146284,0.00010653253353671716,0.0,0.15915300965556037,0.03985025125602867
p153_P2,0.19791638314784493,1.6595070271232986,0.0,0.0,0.0,0.0,0.0
p153_SCT,0.08226751972525355,3.0245514952152366,2.1629994e-07,8.849606107104789e-05,0.0,0.004738885387814145,0.0012068994372057885
p154_H1,1.3003649241425554e-07,28.201057723803803,1.739852e-06,5.2066255716164836e-05,0.0,0.10206647245565931,0.02553006964084282
p154_P2,1.0647279418799291e-05,19.556117954947446,0.00011852063,6.771117010212649e-05,0.0,0.12616887530998708,0.03158877677688194
p154_SCT,0.46108356334427547,0.543609906844433,0.0,0.0,0.0,0.0,0.0
p155_H1,4.6522059226468753e-73,375.47778727921377,0.00031229772,1.0859022171131366e-05,0.0,0.12630680010918002,0.03165748921318614
p155_P2,9.170980239254002e-80,416.3637780985137,0.0,0.00010802563073137027,0.0,0.007588432997790475,0.0019241146571304614
p155_SCT,6.779727370065668e-217,1529.5611692232517,0.0,2.8054136550276666e-06,0.0,0.03975826623179029,0.00994026791136133
p156_H1,1.8374103379827912e-16,69.73471747079357,1.1869153e-06,1.450580951185917e-05,0.0,0.0005730908746403745,0.00014719589985202279
p156_P2,8.112603916718224e-47,225.24197549040164,3.568275e-05,6.353834285333598e-06,0.0,0.018967830205638303,0.0047524666978137784
p156_SCT,0.0004226615751653897,12.498549771713371,0.0,7.782472844890139e-08,0.0,0.08385441834380272,0.020963624042132794
p157_H1,1.0577099411231766e-50,246.5328266527045,0.0013796666,0.00019680190588421722,0.0001193935515426711,0.08598105903651072,0.021919230277769448
p157_P2,3.800912778134633e-48,232.4909496497552,7.8764415e-06,0.0003857564033775842,5.8600190760643536e-05,0.00022643208207446394,0.00016966627942481975
p157_SCT,0.038224714487281666,4.304415220990657,0.0,1.0462867555430707e-05,0.0,0.10706452353330972,0.02676874660021629
p158_H1,1.372515046036648e-99,543.5798062030389,0.0001031413,5.5921124238158093e-05,0.0,0.012379960579389011,0.003134755750303358
p158_P2,4.493749889669439e-149,906.5490709380238,9.0413405e-06,3.4275519040328776e-05,0.0,0.046499537778850276,0.01163571365959528
p158_SCT,2.5720963226775054e-59,294.9028654289141,1.6904547e-05,6.204865005992177e-06,0.0,0.13706418767476444,0.03427182427169516
p159_H1,0.0015129618707832371,10.10895064539214,4.4918584e-06,1.4843475882295379e-05,0.0,0.05058467182620426,0.012651001790112288
p159_P2,2.455346249314243e-10,40.75429304798552,2.0108782e-06,7.737088489551428e-06,0.0,0.02599516738482118,0.006501228837886109
p159_SCT,1.4077335121197678e-09,37.2350992659955,3.434156e-06,8.085556237377855e-06,0.0,0.11641890094069185,0.02910760516324286
p160_H1,0.46591964024653665,0.5319734353942599,0.0,0.0,0.0,0.0,0.0
p160_P2,0.755036226457918,0.0973917181777452,0.0,0.0,0.0,0.0,0.0
p160_SCT,0.6594754187858716,0.194257363021579,0.0,0.0,0.0,0.0,0.0
p161_H1,1.3289569937984136e-31,144.9104960405361,7.37251e-05,0.00032199985642609736,0.0,0.179761851391821,0.04503939408781007
p161_P2,0.02395098087410102,5.111059880989018,8.08176e-06,0.00012648267076734122,7.268980491344579e-05,0.02667889204599306,0.00672153657039734
p161_SCT,5.358253178897355e-11,43.83554488479634,6.0242824e-06,4.360768030219347e-05,0.0004425260541157829,0.1659848081495302,0.041619241541576174
p162_H1,4.3231690800217243e-147,890.645712949349,4.3767363e-05,6.189681616848279e-05,0.00017309406210498236,0.06379436163025107,0.01601827996775935
p162_P2,4.047899376035442e-37,173.48035311508542,6.5215454e-06,4.3562764428603066e-05,0.0,0.016472352431742467,0.004130609185393139
p162_SCT,9.885338299551887e-13,51.9738676957834,2.9169468e-07,1.5777730410858467e-06,0.0,0.09326309969539937,0.023316242290778996
p163_H1,4.684581053080643e-17,72.58992153842561,0.00011230316,0.00022012776209497402,0.0003063232336849901,0.32614841763458413,0.08169679294798757
p163_P2,5.05950914554731e-221,1572.9246430526455,3.5095658e-05,9.820303387733098e-05,5.6181179339283525e-05,0.027930758935876928,0.007030059701760778
p163_SCT,3.052324011140526e-157,973.3316239832246,0.0004239142,9.986291351482921e-05,0.0,0.09085318533261572,0.02284424061151459
p164_H1,1.7027943049293212e-60,301.65016068944306,0.0003925627,0.00013480781032868588,4.1492064280624364e-05,0.18320510490188852,0.045943491871561645
p164_P2,1.0609257482459712e-33,155.70155738495293,0.00020324963,8.049223039717236e-05,0.0,0.05303997878407935,0.013330930160317373
p164_SCT,0.08787242970466484,2.917643533010171,0.0,0.0,0.0,0.0,0.0
p165_H1,8.696905943532277e-23,100.55410409589584,1.9328238e-05,5.6791976631409566e-05,0.0,0.04541750891492401,0.011373407282292124
p165_P2,1.0005365277792692e-82,434.7636745981449,3.8007902e-06,0.0002340280120271793,0.0,0.03295205830989732,0.008297471778026661
p165_SCT,4.273654640569157e-197,1330.7540391608197,0.0,1.5762343980474698e-05,0.0,0.14838927975962696,0.03710126052590186
p166_H1,2.1005745179545654e-67,341.8067964200335,0.0,3.138216707164811e-05,0.0,0.01725843391539973,0.004322454020617844
p166_P2,2.7311594616513536e-68,347.03421675953274,0.0,1.0946918069964657e-05,0.0,0.024018831869508258,0.006007444696894556
p166_SCT,4.29184073449608e-115,650.0199365930273,0.0,1.332550336741943e-05,0.0,0.03238490726358607,0.008099558191738371
p167_H1,5.982764554115588e-22,96.42396790917857,3.7876813e-05,6.257970887025151e-06,0.0,0.07181736458192031,0.017965374841379847
p167_P2,2.459647516636919e-35,164.17381026205268,0.0,1.1150432568633223e-05,0.0,0.05140465895000323,0.012853952345642966
p167_SCT,2.6047820468444762e-20,88.3850094748691,0.0,3.456962099836795e-06,1.565259057276321e-06,0.15036294090597016,0.03759199078178182
p168_H1,2.798799026236977e-94,508.5570400032244,0.000999906,0.0001047742776043805,2.0355925772725072e-07,0.08316656251278008,0.021067861583389903
p168_P2,1.9000571024671308e-122,702.7512389830332,5.4790613e-05,0.0002683296650490572,0.0001581467885314398,0.10597411474017042,0.026613845451668068
p168_SCT,0.2157419040916302,1.5340777407929445,0.0,0.0,0.0,0.0,0.0
p169_H1,0.002072011325801718,9.525876108294579,0.0,1.0293153735869403e-05,0.0,0.010939568110548931,0.0027374653160712
p169_P2,2.7455789880670015e-09,35.89353735852373,0.0,4.4880224836988854e-05,0.0,0.003973377201590494,0.0010045643566068707
p169_SCT,4.227259212336321e-07,25.871183442766945,0.0,1.3376721431806844e-06,0.0,0.04383443202885645,0.010958942425249907
p170_H1,0.0061873978270164725,7.5212970889052855,0.0,0.0,0.0,0.00028008938259076627,7.002234564769157e-05
p170_P2,0.0061873979183077734,7.5212970621585455,0.0,0.0,0.0,0.00028008938259076627,7.002234564769157e-05
p170_SCT,0.006187397826012041,7.521297089199526,0.0,0.0,0.0,0.00028008938259076627,7.002234564769157e-05
p171_H1,0.5809446153215226,0.30487449778707293,0.0,0.0,0.0,0.0,0.0
p171_P2,1.891618034639737e-159,991.7429334866372,4.184247e-06,4.767943637773978e-06,0.00020567425922282654,0.08024864879235323,0.020115818810501163
p171_SCT,1.7186388241889743e-286,2360.3723110800292,0.0,8.089119136170156e-06,0.0,0.10060097808599751,0.02515226680128342
p172_H1,0.27758941866135484,1.1799170021213503,0.0,0.0,0.0,0.0,0.0
p172_P2,2.2277193293526647e-13,55.03078926655418,4.2600954e-05,0.00010459342707793864,0.0,0.07907265125349117,0.019804961408579215
p172_SCT,1.6336623585195173e-08,32.32523853587788,0.0,3.4569940553496084e-05,0.0,0.14468080520322107,0.036178843785943646
p173_H1,0.009582977661117856,6.7322671499371465,0.0,1.558741311961342e-07,0.0,0.01580979068634901,0.003952486640120051
p173_P2,0.007284361982291558,7.22596247376374,2.7739796e-07,0.0,0.0,0.007637239168190358,0.0019093791415372959
p173_SCT,0.05522846922925668,3.6822907199292003,0.0,0.0,0.0,0.09301703975817938,0.023254259939544844
p174_H1,0.22608200602876252,1.4668375414292008,0.0,0.0,0.0,0.0,0.0
p174_P2,0.24968923385622716,1.3263166740586119,0.0,0.0,0.0,0.0,0.0
p174_SCT,0.21299810310673503,1.5525681649995018,0.0,0.0,0.0,0.0,0.0
p175_H1,1.5228742532912105e-14,60.56067244649574,0.00017780178,0.00037306963406832255,5.9882917019541784e-05,0.15904707341707786,0.039914456936007044
p175_P2,2.5158028002151844e-16,69.07934231391322,0.0,0.0005048435367872152,0.0001524324224350418,0.08373768380333707,0.02109873994063983
p175_SCT,0.0021978974465501266,9.41681886351426,0.0,0.00041226244867374615,0.0,0.416050076397983,0.1041155847116642
p176_H1,0.313558563537689,1.0164740821280747,0.0,0.0,0.0,0.0,0.0
p176_P2,0.010353983199938847,6.5935886339400245,0.0,6.48137068033718e-05,0.0,0.017675547349453567,0.004435090264064235
p176_SCT,0.17408246613462186,1.8496085990802753,0.0,0.0,0.0,0.0,0.0
p177_H1,2.5008334265594623e-86,457.4220991680812,0.00011233515,0.0011992385546300026,0.0002549081521334381,0.16084419869436314,0.04060267013695561
p177_P2,2.5008334108308335e-86,457.4220991853817,0.00011233515,0.0011992385546300026,0.0002549081521334381,0.16084419869436314,0.04060267013695561
p177_SCT,1.0,0.0,0.0,0.0,0.0,0.0,0.0
p178_H1,5.389675062197348e-15,62.71020088800236,6.981625e-05,9.908450051871818e-05,7.24498342828869e-05,0.13486192868475122,0.03377581981677823
p178_P2,9.803048236747863e-49,235.712385837143,0.00015658657,9.137214394932396e-05,5.358782903942254e-05,0.009704954946818669,0.002501625371890568
p178_SCT,7.536839537960337e-23,100.86129574570242,0.0,0.0,0.0,0.08593225999383856,0.02148306499845964
p179_H1,0.012849284768837153,6.20818736241213,0.0,1.3022585490156732e-06,0.0,0.018664305098003386,0.004666401839138101
p179_P2,0.18251753516531544,1.779047546015246,0.0,0.0,0.0,0.0,0.0
p179_SCT,0.016180412862828238,5.799417912109265,0.0,4.2080042893831205e-07,0.0,0.024363992043488974,0.006091103210979478
p180_H1,9.170350253317889e-30,135.52598246654838,3.940431e-05,0.001009752514966954,0.001615283713333152,0.25736654091753713,0.06500774536372524
p180_P2,1.2000181755860234e-47,229.76369624166705,1.0898562e-05,0.0008839722391061892,0.00016987025069463595,0.10358377570941549,0.026162129190384787
p180_SCT,2.6734914055409012e-06,22.249034630660685,0.0007296161,0.0018007278644741028,0.0011072494135082114,0.2590246748372283,0.0656655670515829
p181_H1,0.008576967219639344,6.9315106583084,0.0,0.0,0.0,0.008470491955995614,0.0021176229889989036
p181_P2,0.006690633374120478,7.379670228619481,0.0,5.218158197642597e-08,0.0,0.004973522033974379,0.0012433935538890889
p181_SCT,0.008956924162690515,6.853572959996679,0.0,0.0,0.0,0.11793048138219783,0.029482620345549458
p182_H1,2.4747577202060625e-53,261.13481483051686,0.0,0.0001602793503787335,0.0,0.02663132511401587,0.006697901116098651
p182_P2,0.10150827751096674,2.685772757750844,0.0,0.0,0.0,0.0,0.0
p182_SCT,1.5374567914709297e-20,89.50472081849557,0.0,0.00012654674052633112,0.0,0.0015878281086940435,0.00042859371230509366
p183_H1,0.00033138420537984377,12.958385339216205,9.332685e-06,1.2074989224990308e-05,0.0,0.1525767676825804,0.038149543839275046
p183_P2,1.163104365049791e-24,109.84717279638454,0.13112724,0.07995009759785733,0.05439816014040214,0.04687967062488539,0.07808879165919137
p183_SCT,4.867031074878367e-31,142.02604045033266,0.0,3.5783191773558467e-06,0.0,0.3809562907708631,0.09523996727251012
p184_H1,1.6555429950015892e-12,50.918416158692324,8.7729546e-07,1.4344935341840891e-05,0.0,0.06483172939900352,0.016211737907452076
p184_P2,2.3770106153000165e-16,69.19766682346281,1.0394601e-05,7.500989373912796e-06,0.0,0.02247333905128619,0.005622808660491061
p184_SCT,8.203634590438548e-59,292.02978828783677,1.0082316e-05,4.2555025481493705e-06,0.0017586481439929218,0.013041612711799707,0.003703649668658656
p185_H1,1.0142552077919707e-09,37.894426160848035,2.7342867e-05,0.00015241843072493047,4.8364565833348295e-05,0.11298685758084974,0.028303745861055794
p185_P2,0.34167577387032877,0.9048459325103706,0.0,0.0,0.0,0.0,0.0
p185_SCT,3.4502466343491524e-07,26.27181345111711,5.1731977e-06,0.00010058419031194948,2.4530819906242076e-05,0.10071304949694553,0.02521083442621049
p186_H1,0.6188189995312507,0.24765870580742996,0.0,0.0,0.0,0.0,0.0
p186_P2,0.6188189995211721,0.24765870582181454,0.0,0.0,0.0,0.0,0.0
p186_SCT,0.6188189995207918,0.24765870582217292,0.0,0.0,0.0,0.0,0.0
p187_H1,0.17043966926452794,1.8813113102429788,0.0,0.0,0.0,0.0,0.0
p187_P2,0.2447334912390618,1.3544373418304176,0.0,0.0,0.0,0.0,0.0
p187_SCT,0.2916565926502306,1.112930440262439,0.0,0.0,0.0,0.0,0.0
p188_H1,3.836413055592855e-20,87.56340712375486,7.780935e-06,0.00013494633068566314,0.0,0.06176247288549324,0.015476300037906714
p188_P2,0.08329868074563306,3.004302406815811,0.0,0.0,0.0,0.0,0.0
p188_SCT,1.696141192920191e-23,104.0663401647808,0.0,1.6632570603312755e-06,0.0,0.2168472950005144,0.05421223956439368
p189_H1,0.31483865331378913,1.0111083943300772,0.0,0.0,0.0,0.0,0.0
p189_P2,0.007259289492381609,7.23218995390817,1.9888146e-05,1.0199240890561875e-06,0.0,0.001896305532682997,0.00047930340074260196
p189_SCT,0.01323678035107982,6.155339758790705,0.0,1.166917754536557e-06,0.0,0.07427711720341496,0.018569571030292373
p190_H1,2.6703267981114438e-17,73.76647335271495,1.8142287e-06,2.5225944332672155e-05,0.00016120348011319606,0.0321351583574862,0.008080850502646399
p190_P2,5.596592017775684e-237,1747.1411465276203,0.0,3.881199047969265e-05,0.0,0.04558492128825512,0.011405933319683703
p190_SCT,2.9769766256959333e-55,271.88444781042006,0.0,1.2941443826175142e-07,0.0,0.09957047412023799,0.024892650883669064
p191_H1,5.023021689871606e-70,357.32487394668163,0.0,6.2169992402458e-07,0.0,0.010287757706787061,0.0025720948516777713
p191_P2,6.596885054568015e-12,48.09511961395542,0.0,2.447858493360258e-07,0.0,0.005288510798888081,0.0013221888961843543
p191_SCT,7.476357643649298e-08,29.29850876474789,0.0,3.812720164942965e-08,0.0,0.06434469130521034,0.016086182358102996
p192_H1,5.124223040276313e-21,91.84180189195729,0.0,3.485948111951543e-05,0.00033596691975020453,0.019759943966479565,0.005032692591837321
p192_P2,3.8348858540300017e-19,82.6907358589576,3.2234948e-06,2.2418052866595827e-05,0.0,0.026765008533986005,0.006697662520409813
p192_SCT,1.4327723018727832e-06,23.470679647096834,0.0,1.7456503118081833e-07,0.0,0.1500728955379417,0.03751826752574322
p193_H1,7.330204378763497e-24,105.87302202721541,9.670605e-06,8.432988902771482e-06,0.0,0.030204551668718504,0.007555663815736007
p193_P2,1.32656452552674e-31,144.9145045096654,3.777989e-05,2.726601080616102e-05,0.0,0.0260289143673497,0.006523490066959134
p193_SCT,1.2032155882495281e-11,46.87070626567697,9.86559e-05,1.1636536355677547e-05,0.0,0.035268769283465076,0.008844765430592129
p194_H1,3.2886208118304176e-38,179.20123162300288,3.068269e-05,5.544617157340172e-05,0.0,0.03704042094485049,0.009281637451963757
p194_P2,4.860320440516926e-35,162.63680954170135,1.5587328e-06,1.4272331596236233e-05,0.0,0.044413435070911,0.011107316533835178
p194_SCT,3.67409961488358e-16,68.29004137031244,9.911399e-07,8.635133918226502e-06,0.0,0.055210017082842316,0.013804910839172001
p195_H1,1.0720882323229858e-14,61.28649511882694,0.0,9.21156413571843e-05,0.0,0.11331063724160657,0.02835068822074094
p195_P2,0.00016651597036018408,14.264956857610935,0.0,4.096994403941604e-05,0.0,0.04334950860934418,0.0108476196383459
p195_SCT,3.226443057259531e-51,249.3830812307391,3.8582234e-06,1.2565493348415796e-05,0.0,0.05297949353018153,0.013248979311734566
p196_H1,2.047134335193609e-144,869.3816996935474,3.9201745e-06,3.609160791690261e-06,0.0,0.009802218888700419,0.0024524370560103825
p196_P2,2.540793174801689e-14,59.503132587832496,3.1709606e-06,1.2095010186441407e-05,0.0,0.03380556001806474,0.008455206497201218
p196_SCT,4.862778278922771e-60,299.0387446355201,6.2554477e-07,1.2882729779129837e-06,0.0,0.10817912312951053,0.027045259236814993
p197_H1,6.415291039253818e-06,20.54107625955012,4.334241e-06,0.007819174097338817,0.0005523807701389967,0.16395101390834,0.0430817257542324
p197_P2,9.729549683761077e-57,280.2584854464924,0.0,0.00014557966523352634,0.0,0.07863842387307615,0.01969600088457742
p197_SCT,6.597335600203062e-94,506.12719409726975,0.0,1.6176662556965972e-05,0.0,0.013377918908550989,0.0033485238927769886
p198_H1,1.394059537991789e-253,1940.0316927474892,0.06708523,0.03080836398217473,0.027189793873738908,0.015240039843257669,0.035080856639887394
p198_P2,3.0599723600207926e-66,334.96976935244487,3.9672773e-06,9.227365925449652e-05,0.0,0.026151272914739142,0.006561878462818416
p198_SCT,4.672792739388066e-94,507.10415346705787,0.0,2.732355974440894e-05,0.0,0.21275837804443237,0.053196425401044196
p199_H1,3.8929724297812116e-08,30.595235105229,8.772224e-05,0.0006235744589274864,8.108785150204592e-05,0.1769195569648738,0.04442798537907718
p199_P2,2.0447675260028726e-160,999.8490958577983,4.9935625e-05,0.0006876007743252245,0.0,0.011843896387885553,0.00314535819672817
p199_SCT,1.726631384059378e-08,32.214819831851926,0.0,4.764059157642323e-05,0.0,0.277890603285237,0.06948456096920336
p200_H1,0.002091660242483522,9.508417757711937,0.00012273791,1.0185457148672864e-05,0.0,0.17097640558927135,0.04277733223928374
p200_P2,1.938607501829876e-33,154.34990059487995,1.2926344e-06,6.728132283830278e-06,0.0,0.0022866279451877808,0.0005736621779557921
p200_SCT,1.4357551160342548e-55,273.6654629388347,0.0,1.782790254598828e-05,0.0,0.3153181348849468,0.0788339906968732
p201_H1,2.426816761109109e-91,489.4802973081069,7.2074854e-06,0.00012520275412594402,4.80325659666609e-05,0.07346089528053568,0.018410334521506085
p201_P2,1.9239588205748834e-241,1797.8044135127398,0.0,0.0003105533325205264,0.0012964701689652071,0.01893642924690601,0.005135863187097936
p201_SCT,3.3166698330815895e-227,1639.1835463602376,3.7497268e-06,2.2164073314687478e-05,2.185505381699894e-06,0.032721200944937405,0.00818732506261582
p202_H1,5.00994262549536e-16,67.644168143854,3.7569976e-07,2.9138699912404873e-05,0.0,0.006658974727603286,0.0016721222818178601
p202_P2,5.009942627397243e-16,67.64416814306352,3.7569976e-07,2.9138699912404873e-05,0.0,0.006658974727603286,0.0016721222818178601
p202_SCT,1.0,0.0,0.0,0.0,0.0,0.0,0.0
p203_H1,5.024441637519289e-180,1170.9920126177635,1.472039e-05,4.2276501709952276e-05,0.0,0.04920770606321122,0.012316175738737023
p203_P2,2.3411891084755745e-206,1421.8813597541166,2.0474813e-06,1.9766324759757288e-05,3.956857161777462e-05,0.0016227639246534063,0.0004210365755834158
p203_SCT,4.3053808024098705e-289,2395.89867227,0.0,1.208538344824077e-07,0.0,0.1708275966749807,0.0427069293822038
p204_H1,1.5361250482191028e-48,234.64383312927941,9.805975e-06,0.00011066035118369767,0.0012365877601135647,0.15021130115115072,0.037892088809467914
p204_P2,5.277176773236185e-207,1428.3688920187697,7.546243e-07,3.117145940096062e-05,0.0,0.085224355287853,0.021314070342887362
p204_SCT,4.45084124897704e-76,393.75764156485997,0.0,1.9039723089736765e-06,0.0,0.20469723399467563,0.05117478449174615
p205_H1,1.295789068590893e-64,325.46038067036267,0.0,0.00011878051626343349,0.0,0.08244095321037312,0.020639933431659138
p205_P2,4.623639271726031e-53,259.62127032663255,0.0,3.757371529148632e-05,0.00010338965166306163,0.036636413899027734,0.009194344316495571
p205_SCT,3.859663174653136e-52,254.494715957457,0.0,3.811342091271927e-05,0.0,0.046516761368525165,0.011638718697359472
p206_H1,2.1598552017535265e-82,432.67733667188315,0.0007434661,0.002302292821269751,0.0037683305460664437,0.27804208998750696,0.07121404485875239
p206_P2,3.9170895910619614e-59,293.8602835876251,7.2128037e-06,0.0003197964353979126,7.231718335668969e-05,0.013195409184740409,0.0033986839017903364
p206_SCT,5.79371044219098e-19,81.81965262322254,0.0,0.0002956281146982375,0.0,0.7450462672959689,0.18633547385266677
p207_H1,2.536907381770473e-69,353.1458567261363,0.011539091,0.006123229582766449,0.03233483779107461,0.2261045832351414,0.06902543549127027
p207_P2,2.6553171073800067e-52,255.39698139360948,0.0,6.099333408767458e-05,6.435255954773498e-05,0.1377878586694634,0.0344783011407747
p207_SCT,1.4681188480785936e-60,302.0195667482279,0.0,0.00018322279160401834,0.0,0.23811884726223295,0.05957551751345924
p208_H1,1.3384990387383872e-07,28.143808436338773,4.0110845e-06,8.209049892368674e-05,0.0,0.027135396026579432,0.0068053744024899245
p208_P2,1.7948342180751325e-30,139.1327933507468,2.2908353e-05,8.006362322776125e-05,0.0,0.01762998426710562,0.00443323906072041
p208_SCT,0.11954118620668457,2.426756531245398,0.0,0.0,0.0,0.0,0.0
p209_H1,4.043870621949505e-66,334.259956930103,3.6535585e-06,3.870133631124211e-05,5.9832320938640476e-05,0.0639601814461401,0.016015592165460328
p209_P2,2.5926674426678605e-116,658.6580176982029,0.0,7.671711399862969e-05,0.00011133360842670091,0.004759174169703844,0.0012368062230322938
p209_SCT,5.8536833786464296e-55,270.234960138249,0.0,3.449606392632653e-05,0.0,0.3491375701035556,0.08729301654187048
p210_H1,4.568304662096072e-19,82.32121479895949,9.945241e-06,4.579901511886763e-05,5.528639775209692e-06,0.08195938465925406,0.020505164388759628
p210_P2,3.1984242743377006e-40,189.82438250912074,2.9431878e-06,2.1149637205006133e-05,1.4947955104874648e-05,0.0073959190149429435,0.0018587399487725673
p210_SCT,3.868067827854333e-40,189.38684386967824,7.572189e-07,8.293602001123745e-06,0.0,0.02807669583031444,0.007021436662807228
p211_H1,2.359295035029898e-62,312.34685697651196,0.0,3.645580203405406e-06,0.0,0.051892583077909026,0.012974057164528107
p211_P2,1.6997583235997189e-62,313.16963859703293,0.0,7.064191211258146e-07,0.0,0.004628863233361968,0.0011573924131207734
p211_SCT,5.274889652171224e-63,316.1096329615341,0.0,1.8399296280189325e-06,0.0,0.034217092833499496,0.008554733190781878
p212_H1,3.1383417658980355e-07,26.458822100662097,1.8338755e-05,0.0001261959605013336,6.494429725780761e-05,0.17966683468360714,0.04496907842400939
p212_P2,1.1523059162500513e-07,28.440548257283982,0.0002936532,0.00014139653093177108,0.0,0.18698537329985682,0.04685510575680274
p212_SCT,0.0010313266862176254,10.823072947843492,6.4627607e-06,7.832594262112498e-06,0.0,0.05631239093883917,0.014081671573441866
p213_H1,0.00017714976230739677,14.147091629320114,2.1233263e-05,0.00011046357516155525,0.0,0.26835154668654526,0.0671208108812758
p213_P2,1.0274529171215229e-06,24.123364064335735,8.048055e-05,8.035347808423726e-05,4.694913554298312e-05,0.016416691543839946,0.004156118677654685
p213_SCT,7.276307164481976e-16,66.86745954682837,0.0,1.739620427875191e-05,0.0,0.08012146764937447,0.020034715963413306
p214_H1,0.35048450425746014,0.8723773261951746,0.0,0.0,0.0,0.0,0.0
p214_P2,0.7010470411952876,0.14745489009800145,0.0,0.0,0.0,0.0,0.0
p214_SCT,0.020936231165732386,5.346082804131401,0.0,2.7791472496235373e-05,0.0,0.08138880552909665,0.02035414925039822
p215_H1,0.22093136055811252,1.4998607117739273,0.0,0.0,0.0,0.0,0.0
p215_P2,1.882257310743952e-05,18.451818473173105,5.3064477e-06,1.1252973119212325e-05,0.0,0.0018561172060416518,0.00046816915672696327
p215_SCT,0.07627023586241972,3.148031596042953,0.0,0.0,0.0,0.04554899209286633,0.011387248023216582
p216_H1,3.8034117930910104e-64,322.73785120910543,1.4629335e-05,0.0005974643343930408,0.0012029093788239317,0.32445584874335687,0.0815677129479073
p216_P2,5.271799835830361e-22,96.69445615091415,0.00021220633,0.0013788111381721226,0.0021583769892299237,0.06440496666698402,0.017038590281250522
p216_SCT,6.739393526289201e-42,198.73923801252923,7.2306284e-07,7.81106035470521e-05,3.3331355589102414e-10,0.07960086776634574,0.019919925441511544
p217_H1,9.523950667566013e-16,66.30759527309012,9.3692426e-05,4.952480552428686e-05,0.0011322085303898857,0.04307335422945219,0.011087194997882167
p217_P2,1.986509346003128e-06,22.830266142624637,3.558841e-05,2.1043641745911147e-05,0.0,0.03738136002648395,0.009359498019873728
p217_SCT,0.10309591860510829,2.6610090596772116,0.0,0.0,0.0,0.0,0.0
p218_H1,0.00030208747148260994,13.133626914490334,0.0,2.685747641601035e-06,0.0009409665070183042,0.010571941442546176,0.0028788984243015205
p218_P2,0.9456974612813306,0.004641004128421159,0.0,0.0,0.0,0.0,0.0
p218_SCT,0.007824239695185984,7.096941575684416,0.0,0.0,0.0,0.008470491955995614,0.0021176229889989036
p219_H1,2.386672730227939e-63,318.1055236785259,2.0576046e-05,2.556999826987538e-05,4.1357957575169253e-07,0.1698237056273117,0.04246756631282784
p219_P2,1.1646796090087327e-46,224.38802589219443,2.8424322e-06,6.0571693397717757e-05,1.1908046393828815e-05,0.024435902219642303,0.006127806097907311
p219_SCT,1.349884249586553e-44,213.2128774619066,0.0,3.564411587329546e-05,0.0,0.16943031165737862,0.04236648894331298
p220_H1,1.9546667054048064e-15,64.81373265646201,0.0,1.6569943875135706e-07,0.0,0.08710273318858604,0.021775724722006198
p220_P2,4.973283548798461e-40,188.8085963283759,0.0,1.181810971018973e-06,0.0,0.0503118019579787,0.01257824594223743
p220_SCT,1.887619330803775e-49,239.63849139327485,0.0,1.8931969291264537e-06,0.0,0.14409847437511059,0.036025091893009925
p221_H1,1.0930860800390736e-69,355.3170223726087,2.4710977e-07,9.022516464038053e-06,0.0,0.0018871788918795069,0.000474112129527715
p221_P2,4.669941094062449e-31,142.1177950738367,0.0,3.772250828555885e-05,0.0,0.0027574137890023004,0.0006987840743219649
p221_SCT,1.1851641071677686e-103,570.870065775716,0.0,1.0389198792426624e-07,0.0,0.0798151393778385,0.019953810817456608
p222_H1,0.007113444130530324,7.268857031641182,0.0,1.5225663279648711e-05,0.0,0.012498411403158018,0.003128409266609417
p222_P2,0.7384058996557209,0.11158396744631198,0.0,0.0,0.0,0.0,0.0
p222_SCT,0.6188189995205067,0.2476587058227518,0.0,0.0,0.0,0.0,0.0
p223_H1,5.179633020538365e-293,2450.102843003177,0.0018221268,7.615024273366987e-05,0.003953034667771663,0.010062352621788912,0.003978416082190834
p223_P2,2.8738968607747494e-20,88.17632067858364,0.0002473796,6.688366201486399e-05,0.0,0.06381507597433173,0.01603233480665953
p223_SCT,2.7089040739114367e-05,17.748170094957416,0.0,1.9506559359093138e-05,6.488830386556604e-05,0.32308588020566326,0.08079256876722198
p224_H1,0.024029364850311746,5.105366706072921,5.4044053e-06,2.1695099677310193e-05,0.0,0.025399405656103935,0.006356626290277459
p224_P2,0.7072251776471923,0.1411309487313965,0.0,0.0,0.0,0.0,0.0
p224_SCT,0.9521587797888617,0.0036010204559143127,0.0,0.0,0.0,0.0,0.0
p225_H1,3.8349495744353415e-12,49.20179144983285,0.0,4.885710182213107e-06,0.0,0.004834015226446281,0.0012097252341571234
p225_P2,3.2281290448535795e-64,323.15218195886945,0.0,7.064191211258146e-07,0.0,0.004628863233361968,0.0011573924131207734
p225_SCT,1.0,0.0,0.0,0.0,0.0,0.0,0.0
p226_H1,1.7538661666283092e-09,36.793302369090924,1.3118167e-06,4.116021873085482e-06,0.0,0.019286689338989665,0.004823029294398609
p226_P2,4.071032494139343e-33,152.68829712704772,2.531006e-06,5.450521654988098e-06,0.0,0.06033551455263771,0.015085874020067043
p226_SCT,4.598655996834099e-53,259.6343833423453,0.0,1.367734229969707e-06,0.0,0.06816751746495081,0.017042221299795195
p227_H1,4.936142346649268e-74,381.35337159804266,7.229196e-05,0.0013521729488535084,0.0017551088914495075,0.09986643588873931,0.025761502421666062
p227_P2,4.66952239075079e-64,322.2196845577447,7.3390765e-06,0.00010186498403888004,0.0,0.008005055041376108,0.0020285647754903686
p227_SCT,4.6099595437690696e-138,819.7518292481097,0.0,0.0037342352520582196,0.0,0.23361506601934473,0.059337325317850735
p228_H1,0.0009588026861746525,10.959360301366734,0.0,1.3674579882837896e-05,0.0,0.10979036118550933,0.027451008941348044
p228_P2,0.32659404484629107,0.9631373001763707,0.0,0.0,0.0,0.0,0.0
p228_SCT,0.19100200894911507,1.711789667662738,0.0,0.0,0.0,0.0,0.0
p229_H1,0.06927655204216437,3.3059555222896337,0.0,1.8867634971117997e-05,0.0,0.005881542575475502,0.001475102552611655
p229_P2,4.121015828478102e-49,237.77633075237168,0.0,2.5899199164092335e-07,0.0,0.012652682904899073,0.0031632354742226784
p229_SCT,0.020291532775169763,5.400892847519039,0.0,0.0,0.0,0.04865183007868851,0.012162957519672127
p230_H1,1.0494350795339592e-29,135.22822181464542,5.665276e-07,4.553018727089667e-05,0.0,0.16156156868363114,0.040401916349626386
p230_P2,0.005903185600192096,7.60658352664707,5.411435e-06,9.939781878097135e-05,7.983618709175286e-06,0.0015357891787305328,0.00041214551275845505
p230_SCT,8.425464204587646e-08,29.06135047396619,0.0,6.321775780965895e-07,0.0,0.15972115198587777,0.039930446040863966
p231_H1,4.8387858704722425e-24,106.7684940474738,1.1241243e-07,7.578085664254533e-05,9.25120811586758e-05,0.07781982356414384,0.019497057228593663
p231_P2,2.3252012398075238e-18,78.89123260676769,0.0,5.924616321657387e-05,0.0,0.08418074728772962,0.02105999836273655
p231_SCT,1.489260936559539e-23,104.34628178954055,0.0,1.358929303975675e-05,0.0,0.1699688093893816,0.042495599670605344
p232_H1,3.4548171976308535e-28,127.53822053055873,0.0,0.0,0.0,0.03417429817477213,0.008543574543693033
p232_P2,5.733392272165593e-06,20.75992477787132,0.0,6.41273407599237e-06,0.0,0.0003882482576008516,9.8665247919211e-05
p232_SCT,3.853831762324194e-05,17.068414555307783,0.0,5.482010353768843e-06,0.0,0.020187798877866345,0.005048320222055028
p233_H1,4.867625909855103e-07,25.593153425288303,0.0,4.386056657581476e-07,0.0,0.01192717514204891,0.002981903436928667
p233_P2,7.756711464356071e-07,24.67587412146431,0.0,4.386056657581476e-07,0.0,0.01192717514204891,0.002981903436928667
p233_SCT,4.535252192185488e-07,25.7325412854389,0.0,4.386056657581476e-07,0.0,0.01192717514204891,0.002981903436928667
p234_H1,4.13604330733878e-31,142.38731264726587,3.3211273e-07,3.183834872410546e-05,0.0,0.11942022358254362,0.02986309851100037
p234_P2,1.0202691863012926e-37,176.61799264107822,2.895775e-07,8.203868950199011e-06,0.0,0.011197634821000389,0.0028015320668661387
p234_SCT,5.28767363972874e-33,152.10319803436082,0.0,2.768710697066087e-05,0.0,0.027779542435987667,0.006951807385739582
p235_H1,2.000771430322464e-06,22.816256689147128,0.0,1.5576838740861853e-06,0.0,0.0767370018382235,0.019184639880524396
p235_P2,4.5875920126654455e-08,30.26870939033773,0.0,9.881068543234512e-05,0.0,0.020756914896291636,0.005213931395430995
p235_SCT,4.1558955342485056e-05,16.923116946475243,0.0,1.4460217224973886e-06,0.0,0.04756523420630234,0.011891670057006209
p236_H1,0.0003466324766570396,12.873272977966765,0.0,1.4670563887192098e-06,0.0,0.020680729390612145,0.005170549111750216
p236_P2,0.0002101165131874311,13.822477562975203,0.0,1.4246540886621057e-06,0.0,0.007107608116215003,0.0017772581925759165
p236_SCT,3.372948436839714e-05,17.325226755271434,0.0,7.115138577278094e-07,0.0,0.04567246163654009,0.011418293287599454
p237_H1,4.241842502012039e-35,162.94381557659787,0.0,2.8565725475471135e-05,0.0,0.03819883979982548,0.009556851381325239
p237_P2,1.1593194904049844e-25,114.84373902971414,0.0,5.666468122502845e-06,0.0,0.04940044361562421,0.012351527520936677
p237_SCT,2.426002903235012e-63,318.0643619839653,0.0,2.3115735207210505e-06,0.0,0.11462717399999636,0.02865737139337927
p238_H1,0.19337406288535955,1.6936073122393622,0.0,0.0,0.0,0.0,0.0
p238_P2,0.7751011297520353,0.08166606801721815,0.0,0.0,0.0,0.0,0.0
p238_SCT,0.16696455792272244,1.912289018686821,0.0,0.0,0.0,0.0,0.0
p239_H1,0.01502231262654683,5.9307939269840935,0.0,1.9603710844868766e-07,0.0,0.02951604096470123,0.0073790592504524195
p239_P2,8.584587826746945e-06,19.97443190232842,0.0,1.77308232143119e-07,0.0,0.012535372476058692,0.003133887446072709
p239_SCT,0.03236772982678685,4.589496216439048,0.0,8.808671226620475e-06,0.0,0.052543629109588104,0.013138109445203681
p240_H1,3.1214340266220967e-72,370.5094119445029,0.0,1.4428364597709463e-06,0.0,0.0489051167403444,0.012226639894201044
p240_P2,4.3442333343133186e-69,351.7603284282182,0.0,9.103856515628442e-07,0.0,0.004879666562658371,0.0012201442370774833
p240_SCT,6.630537854674648e-72,368.5473517597008,0.0,1.4428364597709463e-06,0.0,0.0489051167403444,0.012226639894201044
p241_H1,3.0144923309659367e-09,35.70609492181172,0.0,4.825452029896724e-06,0.0,0.012453767715398948,0.003114648291857211
p241_P2,0.35524399753444935,0.8552923806496697,0.0,0.0,0.0,0.0,0.0
p241_SCT,5.576816007578098e-07,25.325213060580758,0.0,1.715468462070294e-07,0.0,0.03378798968329685,0.008447040307535764
p242_H1,1.2996416937248506e-07,28.20215969270569,0.0,2.652076356648703e-07,0.0,0.0015132063452156454,0.00037836788821282757
p242_P2,1.3907193055319349e-07,28.068013116924487,0.0,2.652076356648703e-07,0.0,0.0015132063452156454,0.00037836788821282757
p242_SCT,1.2895250200546249e-07,28.21763908197578,0.0,2.652076356648703e-07,0.0,0.0015132063452156454,0.00037836788821282757
p243_H1,1.6645557275124678e-06,23.17668663223233,0.0,2.3649905690491904e-06,0.0,0.0230246998522683,0.005756766210709337
p243_P2,0.003012985100567504,8.835354041861013,0.0,3.765060477322228e-07,0.0,0.005121413056516844,0.001280447390641144
p243_SCT,0.005094497103470566,7.874361054596545,0.0,3.5029345798400027e-06,0.0,0.03206997598177322,0.008018369729088265
p244_H1,0.9974675395498287,1.0078276897283611e-05,0.0,0.0,0.0,0.0,0.0
p244_P2,1.998574309980161e-09,36.53095798040422,0.0,1.694901339303425e-07,0.0,0.006060944423894351,0.0015152784785070702
p244_SCT,1.2769771267363588e-05,19.203395520279585,0.0,7.786987032525195e-09,0.0,0.02183865367271176,0.005459665364924698
p245_H1,0.8479950237643559,0.036755926215975177,0.0,0.0,0.0,0.0,0.0
p245_P2,0.8061528097828012,0.060243714994333945,0.0,0.0,0.0,0.0,0.0
p245_SCT,0.3410600477487259,0.9071577656338953,0.0,0.0,0.0,0.0,0.0
p246_H1,0.30132882864736177,1.0692184710679473,0.0,0.0,0.0,0.0,0.0
p246_P2,0.3013288286328829,1.0692184711322092,0.0,0.0,0.0,0.0,0.0
p246_SCT,1.0,0.0,0.0,0.0,0.0,0.0,0.0
p247_H1,8.048668394781731e-36,166.6986645917041,2.6114797e-06,1.0596765337779754e-05,0.0,0.010703350702021037,0.0026791397367542788
p247_P2,8.079598031280605e-19,81.11809248922587,6.9549685e-07,8.392431429252975e-06,0.0,0.017824776397707555,0.004458466081497007
p247_SCT,5.821374403133602e-11,43.667426950906155,0.00017942574,2.3662371802269244e-08,0.0,0.25377120632836325,0.06348766393280829
p248_H1,0.15433154108673786,2.0314511467521954,0.0,0.0,0.0,0.0,0.0
p248_P2,1.2221713115543033e-12,51.53946390589256,0.0,1.5178638198129187e-06,0.0,0.0032437119883490205,0.0008113074630422084
p248_SCT,0.007824239695185984,7.096941575684416,0.0,0.0,0.0,0.008470491955995614,0.0021176229889989036
p249_H1,0.000644770412263857,11.703155817344058,0.0,1.845799927823977e-07,0.0,0.01252085117151083,0.003130258937875903
p249_P2,6.613005632431484e-07,24.989704019967405,0.0,2.652076356648703e-07,0.0,0.0015132063452156454,0.00037836788821282757
p249_SCT,0.027645547752671647,4.861791328798882,0.0,1.6970089683496585e-08,0.0,0.00295235368503296,0.0007380926637806608
p250_H1,1.589300106957541e-26,119.16632136050774,0.0,3.7702266235467103e-06,0.0,0.016875791108069534,0.00421989033367327
p250_P2,5.948645165322902e-60,298.5376782395651,0.0,5.223487323233185e-06,0.00010136109909319846,0.01117691063846676,0.002820873806220798
p250_SCT,5.680270449747778e-07,25.289014827241765,0.0,3.0753028474066353e-07,0.0,0.019634685215960124,0.004908748186561216
p251_H1,1.2072466925864806e-07,28.348255414114856,4.7050476e-06,2.9367589720981278e-05,0.0,0.10322916756434562,0.02581581005040632
p251_P2,0.6443784687346519,0.2131682581124648,0.0,0.0,0.0,0.0,0.0
p251_SCT,0.42467056823719285,0.6377858277235341,0.0,0.0,0.0,0.0,0.0
p252_H1,2.4019643408360704e-12,50.157477908938105,0.000927159,1.5783266572743813e-05,0.0,0.10174071810753851,0.0256709150886854
p252_P2,0.0360329338171755,4.405369748849047,0.0,4.741158763911336e-05,0.0,0.04843086439132962,0.012119568994742183
p252_SCT,1.0,0.0,0.0,0.0,0.0,0.0,0.0
p253_H1,2.1914451488161962e-11,45.65099233799977,0.0,1.3316300683818383e-06,0.0,0.006612450768590688,0.0016534455996647676
p253_P2,2.758020255239277e-08,31.281293539819995,0.0,4.491590627940346e-06,0.0,0.019174443136282613,0.0047947336817276386
p253_SCT,6.66070332379634e-06,20.467996846627422,5.9838453e-06,1.4182635084729148e-06,0.0,0.07011220798721579,0.01752990252400921
p254_H1,0.008943339956695853,6.856300492670871,1.503961e-05,5.197984686850145e-05,0.00018260328420474474,0.11306170430646144,0.02832783176186725
p254_P2,1.375465854486149e-15,65.54361713852532,1.7060167e-05,3.651455532881022e-05,0.0,0.05041966815601486,0.012618310719588579
p254_SCT,0.2017994293972416,1.6310765198038066,0.0,0.0,0.0,0.0,0.0
p255_H1,0.24631361114062833,1.3453960347984601,0.0,0.0,0.0,0.0,0.0
p255_P2,1.5749457446716638e-25,114.1786263416889,9.5361827e-07,9.872042995873558e-06,0.0,0.006680741263093237,0.0016728917310894764
p255_SCT,0.9771199102495677,0.0008228755318283537,0.0,0.0,0.0,0.0,0.0
p256_H1,2.0805708700418246e-14,59.915851513730644,4.587205e-06,1.6118338412378697e-05,0.0,0.08091356230385784,0.02023356696176378
p256_P2,6.23619494814256e-11,43.52785918246644,3.6435285e-06,2.5605030001027768e-05,0.0,0.024199975193856988,0.006057305938100444
p256_SCT,9.679170004444571e-10,37.98852779490696,1.2413994e-06,2.423483250432148e-06,0.0,0.029823245738269614,0.007456727655241377
p257_H1,3.5947300198378158e-34,158.13173490241178,1.3612114e-05,5.1901071039808046e-05,0.0,0.08663929707866852,0.021676202566013117
p257_P2,2.754993769615115e-17,73.70110005889279,0.0,1.8528358888595985e-05,0.0,0.06251887098588295,0.015634349836192885
p257_SCT,5.719675533621258e-06,20.764590916683634,0.0,7.18048936975887e-05,0.0,0.50948971098709,0.1273903789701969
p258_H1,5.63523728517334e-50,242.5264622398585,2.1527662e-06,4.991150003449119e-05,0.0,0.1641306997767701,0.04104569101075825
p258_P2,1.7277558131023457e-140,838.5650041681465,4.60544e-06,2.973389905441595e-05,0.0,0.019335494818548387,0.004842458539439121
p258_SCT,7.797318365307626e-158,978.2589460334744,1.9305326e-05,8.358714200831204e-06,0.0,0.06770812471690558,0.016933947189182244
p259_H1,8.714599614790033e-125,719.8323930860373,2.531186e-05,6.174341375093653e-06,0.0,0.0517299520611444,0.012940359565541052
p259_P2,0.6381016591495723,0.22134526781273361,0.0,0.0,0.0,0.0,0.0
p259_SCT,7.961656439428685e-37,171.94299691004306,0.0,7.216314641382353e-06,0.0,0.08712305354233289,0.02178256746424357
p260_H1,5.6720650273174434e-58,287.2525758596793,0.00025616336,0.0011767639688410332,0.003678903384863912,0.747572709718266,0.18817113510778122
p260_P2,6.969514363330517e-19,81.42981605422338,0.002883601,0.0007374587208611032,0.00047586599341435583,0.04201898933329531,0.01152897876249148
p260_SCT,0.007824239695211071,7.096941575678808,0.0,0.0,0.0,0.008470491955995614,0.0021176229889989036
p261_H1,6.107471553744835e-38,177.7881708554328,1.3440321e-06,1.4057307439351772e-05,0.0,0.002458870095693258,0.0006185678587974536
p261_P2,2.017945131395526e-51,250.51125658024438,0.0,2.8027506325047147e-05,0.0,0.02795901079998072,0.006996759576576442
p261_SCT,5.233304516794054e-29,131.68602456555035,0.0,1.649287663880293e-06,0.0,0.013019262758839857,0.0032552280116259344
p262_H1,2.314255792384401e-07,27.06049518969293,6.8711383e-06,4.802276060621299e-05,0.0,0.050092818955928105,0.012536928213718377
p262_P2,6.086987139310845e-12,48.25914830687422,4.2073543e-07,0.00015319377902755306,0.0,0.2004773272889635,0.050157735450855834
p262_SCT,4.497405064846827e-10,39.53267016352885,0.0,2.644100320760199e-05,0.0,0.2000696721848279,0.050024028297008874
p263_H1,2.938783940825634e-16,68.7553834889937,0.0,3.139543555397029e-05,0.0003396440702260073,0.05556981240219984,0.013985212976994954
p263_P2,2.3133662197939675e-15,64.46399553371944,0.0,3.594239454444019e-05,0.0,0.005706451074778994,0.0014355983673308586
p263_SCT,5.116694634018181e-11,43.92911079450468,0.0,7.054972093927168e-05,0.0,0.08869495410140131,0.022191375955585145
p264_H1,1.721149412459354e-285,2346.7993250361037,0.0006183789,0.00010125459507374541,6.870736580562412e-06,0.07556597618936953,0.019073120110958186
p264_P2,6.017980782034505e-222,1582.7338946549683,0.00015766798,0.00038445045435833903,0.00010482903452700762,0.27318387825461105,0.06845770643056988
p264_SCT,0.660936880663717,0.19248243204622434,0.0,0.0,0.0,0.0,0.0
p265_H1,2.2148848063778575e-31,143.77466503771296,0.00056197186,5.1718970211607934e-05,0.0,0.061832096734122585,0.015611446890503084
p265_P2,3.459535591854128e-22,97.5955455628433,0.0002665685,5.678981903206079e-05,0.0,0.11856387904643159,0.029721809341968726
p265_SCT,7.963842631576317e-61,303.544248471452,0.0,1.5477875517514753e-05,0.0,0.10033332143349136,0.02508719982725222
p266_H1,0.9499344606613224,0.003944105953461626,0.0,0.0,0.0,0.0,0.0
p266_P2,0.4216365731458358,0.6461889033822451,0.0,0.0,0.0,0.0,0.0
p266_SCT,0.43196038558072025,0.6179600823717792,0.0,0.0,0.0,0.0,0.0
p267_H1,0.6829344609366499,0.1669218100549509,0.0,0.0,0.0,0.0,0.0
p267_P2,0.6829344613180187,0.1669218096300537,0.0,0.0,0.0,0.0,0.0
p267_SCT,1.0,0.0,0.0,0.0,0.0,0.0,0.0
p268_H1,5.084415480056602e-11,43.941948148061535,0.000100244564,0.0004976158182145186,0.001106207927386808,0.5008203239673386,0.12563109806929423
p268_P2,8.015555772875936e-49,236.19156981760784,0.0008812094,0.0014550495433986504,0.003762869970511434,0.2912053788197184,0.07432612693026812
p268_SCT,4.919441967150954e-20,87.0360824734751,4.3716005e-07,0.000631885884420977,0.0016058500028109798,0.3685765831758008,0.09270368905577167
p269_H1,0.15777546272648257,1.9978929060056532,0.0,0.0,0.0,0.0,0.0
p269_P2,2.8082806338812578e-49,238.69073287609754,7.806005e-06,3.158715893268909e-05,0.0,0.09311939869139786,0.023289697963772615
p269_SCT,0.005287705969461284,7.806628057570949,1.8699094e-06,3.276874052275249e-05,0.0,0.024206475897463775,0.006060278636845907
p270_H1,2.24882319065898e-22,98.51766211190163,0.0013522041,0.00848842715439069,0.009871671822046157,0.27221314030513294,0.07298136085196892
p270_P2,0.0009164088493117215,11.043949495591413,4.9730884e-06,1.6913245889685534e-05,0.0,0.0010073626096132023,0.00025731223597077476
p270_SCT,3.055628401748143e-26,117.7426498941273,3.5772408e-07,5.705788755214283e-06,0.0,0.28195506646375645,0.07049028249414695
p271_H1,2.2089099502952776e-15,64.55989411662614,4.739355e-07,2.196041304826219e-05,0.0,0.08013459573850965,0.020039257521764633
p271_P2,5.016961565031661e-13,53.36397899089277,0.0,4.299619226642667e-06,0.0,0.04036136792311227,0.010091416885584728
p271_SCT,3.2981410138213183e-07,26.360791472009357,0.0,3.6941210200138997e-06,0.0,0.038511574645857145,0.00962881719171929
p272_H1,0.8701356245246129,0.02673909470202392,0.0,0.0,0.0,0.0,0.0
p272_P2,0.7846611917357693,0.07469865266411671,0.0,0.0,0.0,0.0,0.0
p272_SCT,8.872140742715757e-144,864.3515731539975,1.5129305e-06,8.286571690640348e-06,0.0,0.023609836271150056,0.005904908943323403
p273_H1,7.086130060083041e-34,156.60726837125796,4.4727335e-06,1.9388072637609497e-05,0.0,0.09862995765627733,0.024663454615605738
p273_P2,3.647888748027495e-05,17.174208148045714,0.00014564747,1.4797139871756095e-05,0.00011774134682612402,0.09314978717590026,0.023356993283417574
p273_SCT,9.671838491917951e-09,33.37197800716972,0.0,1.2041511389263374e-05,0.0,0.04360909839348245,0.010905284976217927
p274_H1,2.1923627579611317e-16,69.3662976245495,0.00031390056,5.211939017171792e-05,0.0041708389107553935,0.10052748295208654,0.02626608545241545
p274_P2,3.386492160443507e-95,514.5565912237225,2.266621e-05,0.001977751313439314,0.0,0.026178412034553632,0.007044707389622698
p274_SCT,8.952729559380585e-09,33.526404561693695,0.0,5.626915563149535e-06,0.0,0.2779676663453215,0.06949332331522116
p275_H1,0.003426375191812934,8.59924131756608,3.0281259e-05,5.737623378691935e-05,0.0,0.013593031559988583,0.0034201722631087934
p275_P2,1.2503758250536015e-11,46.79243875761215,0.00019876844,3.1305447186807616e-05,0.0,0.03179920792977598,0.00800732045355519
p275_SCT,1.4605634090692867e-24,109.35483086216284,0.0,2.845784221990552e-05,0.0,0.011815380363434377,0.0029609595514135706
p276_H1,5.690337353729187e-146,881.7226609266557,2.9691118e-05,9.975906421833426e-06,0.0,0.002688973444441053,0.000682160117333349
p276_P2,6.292982328526954e-06,20.57855394598199,3.3894364e-07,1.3891945804136832e-05,0.0,0.04555916339254473,0.011393348570496174
p276_SCT,1.4837458408259328e-33,154.94928875938126,2.4275818e-05,4.230131531724052e-06,0.0,0.06869066856552379,0.017179793628726413
p277_H1,0.6770030671278955,0.1736032889828051,0.0,0.0,0.0,0.0,0.0
p277_P2,3.0463789684149497e-18,78.32285589310342,0.00019503034,1.1489895240234612e-05,0.0,0.03830309295449552,0.009627403297752465
p277_SCT,1.557586806318356e-29,134.35676063090503,0.0,4.566901264080616e-05,0.0,0.03499583037377912,0.00876037484660498
p278_H1,3.3991102852137306e-233,1704.868748244961,0.027497217,0.005542845360965111,0.003437784630118933,0.09193088087787218,0.032102181982022915
p278_P2,1.4014000663322493e-18,79.95734441563792,0.00047662834,3.1284857112167455e-05,0.0,0.014345341807839937,0.0037133137507929254
p278_SCT,1.866740410870607e-88,470.94904048389844,0.0,1.8444128869418996e-05,0.0,0.06327985602401152,0.015824575038220236
p279_H1,2.4172212186210276e-121,694.7361982386911,0.0,3.124403292530532e-05,0.0,0.03610011614880055,0.009032840045431464
p279_P2,2.075843770567999e-164,1033.6721017323716,0.0,2.4014787920121357e-05,0.0002651824243307472,0.08032940080452175,0.020154649504193156
p279_SCT,6.58476032865955e-09,34.140806811002825,0.0,1.6124830007964292e-05,0.0,0.1640475224118842,0.04101591181047304
p280_H1,5.906026944341834e-64,321.6265760952533,2.3915356e-05,0.000629586440718329,0.00030195737281776564,0.046020542293912406,0.011744000365861124
p280_P2,1.1528545053044356e-13,56.385490643190884,0.0,0.00016167319688611625,0.0,0.08063931245213599,0.020200246412255526
p280_SCT,4.938705838364264e-258,1993.8445514595667,0.0,2.3724994942587823e-06,0.0,0.18210330123909985,0.045526418434648525
p281_H1,2.2232562368252363e-22,98.54215077870506,0.00010168966,0.0017314412446722154,1.5488868051571983e-08,0.04872818815955184,0.012640333637455713
p281_P2,8.25096187125317e-38,177.10205324869767,2.888509e-06,3.5762204140447934e-05,0.0,0.11907265428247793,0.02977782624890859
p281_SCT,0.0010045928713188048,10.8721477364174,0.00011559783,0.00030018980622286453,0.0002582449070323531,0.08999775872248683,0.02266794781683781
p282_H1,1.4722281316607646e-26,119.3330756562375,0.00040832435,1.6780019632883022e-06,0.0,0.06647261493876881,0.016720654323881493
p282_P2,6.911441593031287e-123,705.9476346194127,0.0,1.3704494844999412e-05,0.0,0.014224933076469099,0.0035596593928285247
p282_SCT,1.316147335259983e-113,639.5385610655491,0.0,1.863117450159241e-06,0.0,0.24154313347099676,0.06038624914711173
p283_H1,5.558453826077472e-119,677.712233192831,0.0026750849,0.00013764996557967313,0.0,0.011994930587361329,0.003701916353949765
p283_P2,0.6377117878654133,0.2218593632732781,0.0,0.0,0.0,0.0,0.0
p283_SCT,5.128870422062124e-45,215.48098476172703,0.0,5.141913433213477e-08,0.0,0.187492779037632,0.04687320761419159
p284_H1,8.534616783399753e-235,1722.6732312547954,1.2849408e-05,1.6031190598232944e-06,0.0,0.049138080890293645,0.01228813335445068
p284_P2,2.4844912802176102e-133,783.5601553714056,1.5731783e-05,1.8809616465481039e-06,0.000146157938042413,0.08096027888240523,0.020281012391197572
p284_SCT,5.553215714738204e-174,1116.8770707197043,6.708849e-07,6.407729804279275e-06,0.0,0.11893122863147239,0.029734576811544518
p285_H1,6.047126269e-314,2753.684754328457,8.114343e-06,1.8499960062445173e-05,0.0,0.14748117618791484,0.036876947622635124
p285_P2,0.021046222775486366,5.336906590847308,1.1945008e-06,5.6242067885690214e-05,0.0,0.022421199281557513,0.005619658962556484
p285_SCT,0.0,3061.1736825033545,1.0,1.0,1.0,0.18405069328526094,0.7960126733213152
p286_H1,6.98557262220345e-23,101.02430933792758,0.0001318712,0.00011845113181606683,0.0006062812212991344,0.07445889683373753,0.018828875097220504
p286_P2,0.9701615473098075,0.001399764155815276,0.0,0.0,0.0,0.0,0.0
p286_SCT,0.026647849577879076,4.925521322512437,4.3629666e-07,3.810886450299315e-05,0.0,0.24791370613570543,0.06198806282421692
p287_H1,6.064473273705391e-103,566.0780507479092,0.0,5.36426744112005e-06,0.0,0.025660144326407692,0.006416377148462203
p287_P2,0.294595309187296,1.099454968749987,0.0,0.0,0.0,0.0,0.0
p287_SCT,2.1608575891285354e-07,27.19606276887484,0.0,1.6192952750421096e-09,0.0,0.037433588263220796,0.009358397470629018
p288_H1,9.467738432783878e-57,280.32545162608994,0.00012122732,2.2641035396479136e-05,0.0,0.2421264547454587,0.060567580775226504
p288_P2,1.3442175568544599e-11,46.64513589892616,0.00010643181,0.0001335436152710791,0.00015111427091539357,0.06771041971519087,0.01702537735360371
p288_SCT,4.0600604498027927e-60,299.4873964602873,0.0,2.964428700956867e-05,2.6501674830503277e-06,0.14064692050888583,0.035169803740844614
p289_H1,1.7160731076517426e-94,509.9447113643132,2.068277e-05,4.120000857005462e-05,0.0,0.13084524914626017,0.03272678298118263
p289_P2,2.5439184757806974e-13,54.75807606866323,2.0718147e-07,1.2530148516521975e-05,0.0,0.00943978806325164,0.002363131348310035
p289_SCT,1.5288741915032595e-19,84.634550421578,0.0,1.306856868002863e-06,0.0,0.10746303984997566,0.026866086676710914
p290_H1,1.7104813139080223e-17,74.69978820320084,0.0,2.703835778943264e-05,0.0,0.01489882297810117,0.0037314653339726505
p290_P2,1.3728355330043046e-19,84.86232601520894,0.0,9.503415252138585e-08,0.0,0.04923560983871185,0.012308926218216092
p290_SCT,0.04088407758529343,4.18978527453961,0.0,7.069550922314458e-05,0.0,0.3241780053455305,0.0810621752136884
p291_H1,0.0011520286687050237,10.616449382680601,0.0001665438,0.0019588714599191566,0.0029811555512656114,0.540586383917074,0.13642323868283004
p291_P2,0.08204663938843677,3.0289246361209563,5.1157524e-05,0.00048486245874228387,0.00020896599691340188,0.05671807606778237,0.014365765511748958
p291_SCT,0.00010164329397740594,15.207019675898577,0.0,0.0011587127033572545,0.00032642201022629625,0.3598746368403842,0.09033994288849193
p292_H1,1.3568723943883416e-15,65.5718949814469,4.4709063e-06,3.0716172486679184e-05,7.35685599902382e-05,0.17132718515742643,0.042858985199059126
p292_P2,0.9916724961984645,0.00010897953599344921,0.0,0.0,0.0,0.0,0.0
p292_SCT,1.7301403357048825e-08,32.210770002360334,0.0,2.6909543697133054e-05,0.0,0.05582518420560493,0.013963023437325516
p293_H1,0.12027483358120497,2.417149749304404,0.0,0.0,0.0,0.0,0.0
p293_P2,0.00681891715779112,7.345308803830177,0.0,6.49136867708692e-07,0.0006379678629904453,0.07855179083809946,0.019797601959489403
p293_SCT,1.3512899575584573e-05,19.093713382596277,0.0,6.085111048561732e-08,0.0,0.3295408082046654,0.08238521726394397
p294_H1,2.467161346366566e-214,1502.993817125891,4.8486465e-05,1.1407196391927725e-06,0.005581873355464926,0.0704956154227778,0.01903177899070746
p294_P2,1.8878355437665078e-55,272.9966338704205,2.9017465e-07,6.8500496205440845e-06,0.0017775930082906018,0.030401807152093594,0.008046635096164706
p294_SCT,1.1839868893561572e-57,285.4384218456754,1.8948624e-07,5.148194924850011e-06,0.0,0.1884142263414496,0.04710489100565451
p295_H1,0.5540009516345048,0.3503938285876439,0.0,0.0,0.0,0.0,0.0
p295_P2,0.5675522583856666,0.32697467379887124,0.0,0.0,0.0,0.0,0.0
p295_SCT,0.5640641933593454,0.33289940626969217,0.0,0.0,0.0,0.0,0.0
p296_H1,0.00015059612386938601,14.456422941250192,6.1261067e-06,2.4222108808050873e-05,0.0,0.02215797287011957,0.005547080271395617
p296_P2,0.9730291194091992,0.0011435506593599602,0.0,0.0,0.0,0.0,0.0
p296_SCT,0.011057919394000606,6.475937144960392,3.3385136e-06,1.4043074354617855e-05,0.0,0.10424336006989997,0.026065185414458486
p297_H1,0.0001143626715129296,14.9816527633792,1.0912574e-05,3.237656414024082e-05,0.0,0.04090387449091408,0.010236790907263133
p297_P2,0.8302093953983348,0.0460014147744469,0.0,0.0,0.0,0.0,0.0
p297_SCT,2.6785693131055388e-17,73.76001852595162,0.0,2.3682401016033387e-05,0.0,0.014259395953763609,0.0035707695886949106
p298_H1,0.37764912047633303,0.7789133603740587,0.0,0.0,0.0,0.0,0.0
p298_P2,1.916378934717968e-106,589.8623244343789,1.6087872e-05,3.0000916614757838e-05,0.0,0.009594174930036673,0.0024100659295877855
p298_SCT,1.857809670510435e-248,1879.1887719252954,1.3165072e-05,9.567174164305249e-05,0.0,0.1151182719687554,0.028806777195657707
p299_H1,1.604440791795287e-13,55.70549357389083,1.7055031e-06,2.9157340867026813e-05,0.0,0.06808038267125353,0.017027811378807493
p299_P2,3.837150729902023e-64,322.7155416705257,0.0004094714,2.8604964375330327e-05,0.00027863079313385886,0.06235125882166931,0.015766991493534582
p299_SCT,0.024447555331097614,5.075315178132282,0.0,2.8684692287540607e-07,0.0,0.2594071485906655,0.0648518588593971
p300_H1,0.2705334830033661,1.2151524087073369,0.0,0.0,0.0,0.0,0.0
p300_P2,0.08796134986336794,2.9160075596437722,0.0,0.0,0.0,0.0,0.0
p300_SCT,0.029411490303724412,4.754651301366694,0.0,1.6404942595147583e-06,0.0,0.053076764911341556,0.013269601351400267
p301_H1,0.0005432885839043767,12.025246024171649,0.0,0.0,0.0,0.012112360276128874,0.0030280900690322185
p301_P2,0.00024922350663782064,13.498325680502484,0.0,0.0,0.0,0.012112360276128874,0.0030280900690322185
p301_SCT,7.344678707803666e-06,20.27777722686249,0.0,3.422204724301559e-09,0.0,0.2347409707528084,0.05868524354375328
p302_H1,0.00029478870060510045,13.179957885520388,0.0,3.758719387552393e-08,0.0,0.01272914563336087,0.003182295805138686
p302_P2,0.0006833778737377384,11.593924779030052,0.0,1.1358482523630829e-07,0.0,0.009732422801485178,0.0024331340965776035
p302_SCT,0.00012492760054232463,14.812900847324931,0.0,0.0,0.0,0.03182690204351287,0.007956725510878218
p303_H1,9.317874424407204e-14,56.823730126097765,1.1172551e-06,5.0421708048981036e-05,0.0,0.026312104978724975,0.006590910985474483
p303_P2,1.6971878919844148e-15,65.10702639817063,6.56346e-07,1.6936924678817248e-05,0.0,0.0641329194880557,0.01603762818968446
p303_SCT,0.0009840296361995264,10.910803869783727,0.0,7.0372658881121e-06,0.0,0.20646397231849312,0.051617752396095305
p304_H1,2.5011361392033557e-06,22.379375219616378,0.0,1.834667340106201e-07,0.0,0.0008053663845267354,0.0002013874628151865
p304_P2,4.885370267978996e-08,30.143683462066324,0.0,2.9205041574861037e-08,0.0,0.016019374705964692,0.004004850977751567
p304_SCT,0.007470144051863136,7.180490465223884,0.0,0.0,0.0,0.008470491955995614,0.0021176229889989036
p306_H1,1.0576449556547978e-162,1019.1501721454381,2.1257365e-05,7.172621372589652e-06,0.0,0.029327612389908865,0.007339010594071869
p306_P2,8.414163010445859e-16,66.56523495613871,0.0,2.6208242039971642e-06,0.0,0.028561005030155594,0.007140906463589898
p306_SCT,1.696819451562553e-107,597.0787839987103,0.0,9.829003729351595e-06,0.0,0.23427788316530446,0.05857192804225845
p307_H1,1.5798788474231473e-09,37.00322042010231,2.6985127e-08,1.588087012226637e-05,0.0,0.014424666293061598,0.003610143537077722
p307_P2,2.918791515974058e-38,179.4737207256346,5.6477757e-06,1.5327297675135363e-05,4.184720174964377e-06,0.08397130109187768,0.020999115221344844
p307_SCT,1.4658242837026405e-08,32.54156654055828,1.117557e-06,1.0356515483848457e-06,0.0,0.08604189324113816,0.021511011612412267
p308_H1,0.02069884428480993,5.366058601092252,3.8162878e-05,1.2959895554776574e-05,0.0,0.017767508723513535,0.0044546578742419764
p308_P2,1.6349151642258128e-09,36.93441020049152,0.0,9.348217509027048e-06,0.0,0.025242054691405447,0.0063128507272286185
p308_SCT,1.5839381002878595e-05,18.785877085087122,0.0,0.0,0.0,0.04894823870830574,0.012237059677076435
p309_H1,2.3442619654906312e-07,27.035034543782338,0.0,0.0,0.0,0.0026428174673994572,0.0006607043668498643
p309_P2,0.0007832005488979132,11.338125661043021,0.0,6.025778693709136e-08,0.0,0.007800014670276052,0.0019500187320157473
p309_SCT,1.5963783923300778e-05,18.770724135147418,0.0,0.0,0.0,0.04894823870830574,0.012237059677076435
p310_H1,2.550211236568394e-07,26.86864388393809,3.0646468e-05,5.278995929220521e-06,0.0,0.026089590809217907,0.006531379068305821
p310_P2,4.535270498045453e-35,162.79293432735884,0.0,8.792336783040684e-06,0.0,0.0066082880680912144,0.0016542701012185637
p310_SCT,6.608517759654003e-05,16.03169978201782,0.0,2.8900817796176265e-06,0.0,0.031012328585610597,0.007753804666847553
p311_H1,0.04899019520373027,3.8835157797473174,0.0,8.210266502469711e-06,0.0,0.05950141969226663,0.014877407489692275
p311_P2,1.2761063008043637e-13,56.17647574400567,0.0,1.8124255698400798e-06,0.0,0.00817392073540113,0.0020439332902427425
p311_SCT,4.5089276176848885e-07,25.744015950599405,0.0,2.652076356648703e-07,0.0,0.0015132063452156454,0.00037836788821282757
p312_H1,9.563732295008854e-07,24.26420328161269,0.0,3.641693072472219e-06,0.0,0.0249990884179782,0.006250682527762668
p312_P2,0.004017505236793806,8.307720847261045,0.0,3.7280548273981656e-07,0.0,0.0035011552727386335,0.0008753820195553433
p312_SCT,0.7428922725567089,0.10765012490281292,0.0,0.0,0.0,0.0,0.0
p313_H1,4.5430470625147043e-07,25.729156396726907,8.0053826e-07,2.7494171165411998e-05,0.0,0.0906423946807927,0.02266767234755445
p313_P2,4.1656899257725716e-07,25.900112686697398,0.0,1.9403218897617674e-05,0.0,0.008597169794189851,0.0021541432532718673
p313_SCT,2.2666054353702526e-09,36.278274373065216,0.0,6.915684101930941e-07,0.0,0.04323172941179857,0.01080810524505219
p314_H1,4.299906555464504e-139,827.7191540898177,1.2026922e-05,4.6859701022067056e-05,0.00015141719883393417,0.013577926352483945,0.003447057543679266
p314_P2,1.819688175603033e-98,536.1161804666918,0.00088812836,1.150864197966059e-05,0.0,0.031245206071561095,0.008036210767753628
p314_SCT,1.8842936596851575e-47,228.6947760923904,0.0,2.7937385825582523e-06,0.0,0.021463708713795996,0.005366625613094638
p315_H1,1.8607505601268157e-11,45.98359146706771,0.0,0.0002226600080387952,0.0,0.08891783889246069,0.02228512472512487
p315_P2,4.9446462257889e-21,91.9177626149579,0.0,2.587631732210247e-05,0.0,0.021941161569100847,0.005491759471605738
p315_SCT,0.4324547863557262,0.616633828031821,0.0,0.0,0.0,0.0,0.0
p316_H1,2.198228467846142e-43,206.69407410505846,0.0,1.1032793675297285e-05,0.0,0.07070208461666644,0.017678279352585435
p316_P2,4.040582151758564e-24,107.15737779383882,0.0,3.7378291406841306e-06,0.0,0.012468699799244183,0.0031181094070962165
p316_SCT,0.006924911302786524,7.317412966630126,0.0,5.880590416992203e-08,0.0,0.0868905653472266,0.021722656038282693
p317_H1,6.54031606271013e-09,34.15435839063195,0.00015769975,0.00014887657279115597,0.0005394634215238967,0.009150813868036284,0.0024992134019913544
p317_P2,0.0038279535193400933,8.396154107092114,0.00018029376,5.184535983957452e-05,0.00012642944904537757,0.0522329056807206,0.01314786856296176
p317_SCT,0.015958109149392934,5.823867530308867,0.0,1.7258559468376072e-07,0.0,0.137247942412063,0.03431202874941442
p318_H1,1.0416096025108526e-26,120.08742563785499,1.0386388e-05,9.245178082763595e-06,0.0,0.13221746240445575,0.033059273492549
p318_P2,7.852965046868135e-18,76.33291850045362,7.256855e-07,2.2712632085015495e-05,0.0,0.03688704699585835,0.009227621328356212
p318_SCT,9.145551568221695e-96,518.2859996794081,0.0,9.208349376552124e-06,0.0,0.20220412794742607,0.05055333407420065
p319_H1,7.150857522440529e-08,29.386866211082282,0.0,1.4501848998923973e-05,0.0,0.007897426361060477,0.00197798205251485
p319_P2,3.547548836892428e-07,26.216936535177812,0.0,0.00011187574650847268,0.0,0.0033469997712444214,0.0008647188794382235
p319_SCT,0.06604483988522843,3.3848088876764133,0.0,4.430648760120663e-05,0.0,0.039377761306203116,0.00985551694845108
p320_H1,7.119752036067003e-06,20.338291870847115,1.862249e-06,8.791790986706864e-05,0.0,0.09714056614246297,0.02430758657532016
p320_P2,1.073678732070006e-207,1435.3202397107955,0.0,6.175178441596953e-06,0.0,0.00021899963389557608,5.629370308429326e-05
p320_SCT,6.038315003203497e-51,247.87780911117466,0.0,0.0,0.0,0.15936493067345078,0.039841232668362696
p321_H1,4.105254876345778e-18,77.69556585720994,6.71734e-05,7.602817386171399e-06,0.0,0.03005116793815125,0.007531486039253327
p321_P2,6.081713990893813e-15,62.45996490189965,0.0,9.586291824347362e-06,0.0,0.026744274209715375,0.006688465125384931
p321_SCT,8.237371949376329e-13,52.34744651139186,0.0,4.5228136846236296e-05,3.633620239904485e-06,0.027098278994930756,0.006786785188004224
p322_H1,1.018477133821823e-48,235.62147481985133,2.2757277e-07,7.594969941711818e-07,0.0,0.13521229638128854,0.03380332086276306
p322_P2,5.033023144306806e-47,226.37015479921402,0.0,1.715281504574987e-05,0.0012995863681696327,0.06373703267461624,0.016263442964457905
p322_SCT,4.236869155515996e-21,92.24676232614502,2.927583e-07,8.835071717767304e-06,5.435883571580415e-06,0.1610695696195716,0.04027103333329053
p323_H1,2.498918591625358e-19,83.59558581110608,7.241466e-06,0.001928760106167494,0.0,0.02262295204185027,0.0061397384034887195
p323_P2,2.641707108363241e-08,31.367117844984012,0.0,3.174070953137888e-06,0.0,0.006742395831781604,0.0016863924756836855
p323_SCT,3.952927295623906e-21,92.3945276227419,0.0,5.8114464796927386e-05,3.0728477457390215e-05,0.1446566868633406,0.03618638245139873
p324_H1,8.178612700179713e-14,57.09228659392363,4.4571434e-06,4.970700029108121e-05,0.0,0.11800508235877476,0.029514811625617605
p324_P2,2.0867397331482837e-07,27.26506771918605,1.1861765e-05,5.729166004967321e-05,0.0,0.03856299105642733,0.00965803612047306
p324_SCT,1.7373303751297314e-09,36.812333450890556,0.0,3.100217310590002e-06,0.0,0.019586769672323975,0.004897467472408641
p325_H1,7.665665612236589e-37,172.0290532982952,0.0,1.8012039556810928e-05,0.0,0.09167098819642117,0.022922250058994495
p325_P2,5.451202697541639e-06,20.858257109090243,7.4896634e-06,7.850632992456192e-06,0.0,0.0156263243986503,0.003910416173761502
p325_SCT,0.4916018529957934,0.4733066319834195,0.0,0.0,0.0,0.0,0.0
p326_H1,0.0005526447740636473,11.993104314446011,3.5330404e-06,1.571618623998569e-05,0.0,0.0972831624488646,0.024325602918875873
p326_P2,1.9722543136019406e-12,50.56041822120882,1.4089706e-05,1.0667519496057779e-05,0.0,0.055072653915887414,0.013774352785441604
p326_SCT,3.292897287244835e-05,17.371533090888132,1.6662017e-06,1.7001204871015577e-05,0.0,0.06469595234851441,0.01617865493876718
p327_H1,2.0793119866813987e-18,79.12647813702883,2.5379447e-06,8.916798187903082e-06,0.0,0.109465908126933,0.027369340717464708
p327_P2,0.04013596746928962,4.221221455602324,0.0006550773,3.122397887103701e-05,0.0,0.023207909825194613,0.005973552771368415
p327_SCT,2.3950661038141877e-17,73.99434808606503,1.5872718e-06,2.8428752880642456e-05,0.0,0.12124023033288857,0.03031756158938081
p328_H1,0.0005732008183473347,11.924378009760819,8.305631e-06,0.00033481899259372566,0.0,0.1127707508176385,0.028278468860339773
p328_P2,0.5975644155770887,0.27883241972306416,0.0,0.0,0.0,0.0,0.0
p328_SCT,0.00033112969530033184,12.959839285247067,0.0,2.060945385745715e-06,0.0,0.06619589680286507,0.016549489437062703
p329_H1,2.823207264106207e-35,163.86256722526898,0.00016703954,4.510489316372069e-05,0.0,0.17063900710957372,0.04271278788647372
p329_P2,5.019898674880382e-47,226.37632776039106,0.0,4.959662261801388e-05,0.0,0.018580170283493513,0.004657441726527882
p329_SCT,1.2636808263690413e-13,56.19660863431598,1.0431404e-06,5.304396326467604e-05,0.0,0.11858937385957993,0.029660865240811334
p330_H1,2.3855944951528144e-12,50.1714543769451,9.376885e-05,2.211538059252688e-05,0.0004590797261925433,0.020834015134484914,0.0053522447735227675
p330_P2,1.1784056228299927e-32,150.31168630267126,6.9839934e-06,4.7748683418313155e-06,0.0,0.06013107354863075,0.015035708102604147
p330_SCT,3.362432963161106e-14,58.92475772639561,0.0,5.814635250111591e-07,0.0,0.20881220719487034,0.05220319716459884
p331_H1,8.998619215483136e-30,135.5677269506015,8.926695e-06,4.615970761964372e-05,0.0,0.18741561735049794,0.04686767593829074
p331_P2,0.020623863949375664,5.372417461950445,2.733801e-06,0.00012691282693965062,0.0,0.05114973616337363,0.012819845697831156
p331_SCT,1.4556561370458804e-20,89.62089917812398,0.00010133857,4.896764653630156e-05,0.0,0.056316316567344205,0.014116655695957122
p332_H1,2.3242324922362696e-36,169.51180225036555,0.0015707278,0.0009551230814452524,0.0,0.05070370477942879,0.013307388913360637
p332_P2,4.1872262652409647e-16,68.01772160578267,1.4548271e-05,4.2102164579412853e-05,0.0,0.047738396090757584,0.011948761631555024
p332_SCT,0.21859481537852085,1.5151467951313082,0.0,0.0,0.0,0.0,0.0
p333_H1,3.0436722912118616e-20,88.05451308332528,1.0435803e-05,1.9572838242907898e-05,0.0003593095123064231,0.03506482076576098,0.008863534729885858
p333_P2,0.5428589060574892,0.3704766518516274,0.0,0.0,0.0,0.0,0.0
p333_SCT,5.113321400532065e-19,82.08329783723046,4.2948867e-07,2.5987694845929743e-05,0.0,0.05421063992408777,0.013559264276899694
p334_H1,9.278016056602924e-10,38.07371559400125,1.0366351e-05,3.7073658609834424e-05,0.0,0.09168053861561147,0.022931994656200255
p334_P2,2.828525212295454e-17,73.64593783512713,2.3245823e-06,7.306728016440617e-05,0.0001793436495662465,0.0314269980554679,0.007920433391870416
p334_SCT,8.29225252107074e-20,85.92962579957195,0.0,2.240795960552123e-05,0.0,0.09054429864399258,0.022641676650899525
p335_H1,1.6469607264694868e-28,129.16473341092316,1.6963303e-06,9.87791421314573e-06,0.0,0.1061461150912961,0.026539422333949035
p335_P2,0.005689717103217135,7.673447252182805,2.7783835e-07,6.77923279247538e-06,0.0,0.04347343631308794,0.010870123346058408
p335_SCT,5.191529105177955e-07,25.466224518488378,0.0,5.32981705112791e-06,0.0,0.04410011518511839,0.011026361250542379
p336_H1,0.40762044726806534,0.6862086782967224,0.0,0.0,0.0,0.0,0.0
p336_P2,5.0005734324215405e-14,58.10609186051718,0.0014368314,0.0007836881465607801,0.00046539117671323465,0.023442917309667567,0.006532207015635574
p336_SCT,1.698583111705285e-20,89.29296661414473,0.0,0.0008194491495285524,0.0,0.10419783618480725,0.026254321333583953
p337_H1,1.0135019573363731e-88,472.643733117185,0.00040636942,2.5430166217009614e-06,0.0,0.07197240113648334,0.018095328393625827
p337_P2,3.1644969331311504e-219,1553.9681602988176,4.2916963e-06,2.839466755465508e-06,0.0,0.008915351874850258,0.002230620759479902
p337_SCT,1.460356529912039e-49,240.25110155140024,1.5291902e-06,2.633912007714722e-06,0.0,0.12369198810182581,0.03092403780100134
p338_H1,3.8123918134642206e-06,21.555663850672573,3.443735e-06,1.1008702158492759e-05,0.0,0.07826157194365597,0.01956900609522056
p338_P2,0.0007418525119514071,11.439836627334651,5.6640478e-05,1.2004019212612813e-05,0.0,0.02588416541752021,0.006488202478645964
p338_SCT,9.727892878561576e-08,28.776255004939664,0.0,9.120736477691553e-06,0.0,0.044968111715229235,0.011244308112926732
p339_H1,0.009837320654676388,6.685291235132312,0.0,0.00011517720168263424,0.0,0.007853153397988108,0.0019920826499176853
p339_P2,1.5036482858940398e-10,41.74554930612315,1.1978277e-05,3.047890499679227e-06,0.0006151325665351745,0.037900805676842945,0.009632741102755324
p339_SCT,4.671187337433939e-14,58.24659326903621,0.0038680763,3.222173395693833e-05,0.0017416951838291654,0.10629046250247949,0.02798311391802133
p340_H1,0.8107287062958295,0.05737865761677244,0.0,0.0,0.0,0.0,0.0
p340_P2,0.20907126313233554,1.5795293059975637,0.0,0.0,0.0,0.0,0.0
p340_SCT,0.8836509903872515,0.0214251857331044,0.0,0.0,0.0,0.0,0.0
p341_H1,9.090660666640838e-34,156.04815740605525,5.8313826e-06,6.094102117690655e-06,0.0,0.0927887230452719,0.023200162132503147
p341_P2,2.4929219770219016e-38,179.83404006081474,0.0,7.721360091591464e-06,0.0,0.027023618452240383,0.0067578349530829935
p341_SCT,3.5970424563253276e-21,92.59552707743403,4.767932e-06,5.818079862078048e-07,0.0,0.03938407935109317,0.00984735727273018
p342_H1,4.951470745616054e-23,101.76322167883617,4.335279e-06,2.5751590696921542e-06,0.0,0.01398923019726643,0.0034990351587953425
p342_P2,0.0034439929964758544,8.58983416031312,0.0,3.751571179370452e-05,2.0618955561674734e-07,0.0030732857061793336,0.0007777519018821637
p342_SCT,2.1935452790339583e-11,45.649045159115616,0.0,3.8251585023686664e-05,0.0,0.049377747373520374,0.012353999739636015
p343_H1,8.91744678361016e-29,130.5133048330623,4.780435e-06,0.00021128355766363615,2.296585514324754e-06,0.01395619528033193,0.0035436389646574117
p343_P2,0.001805940837560034,9.780386350697166,4.6707805e-06,0.0001059886133253676,0.0,0.029649688870117475,0.007440087065992409
p343_SCT,4.4752386979144646e-11,44.200867146404214,0.0,3.4513081216255622e-06,0.0,0.059078755864685494,0.01477055179320178
p344_H1,3.3215594819382543e-31,142.87430508048507,0.0,6.664363182135539e-05,0.0,0.12246292295173292,0.030632391645888567
p344_P2,1.0538278290268815e-17,75.71558955107588,9.518635e-06,0.0002610919780656168,0.0,0.06309387348479596,0.015841121024496533
p344_SCT,4.335690513837905e-06,21.304653687205292,0.0,6.992873907685467e-05,4.527222356259324e-08,0.1911953639781119,0.04781633449735308
p345_H1,8.012394002092588e-15,61.889096045416316,2.5050751e-06,7.667359370189565e-06,0.0,0.15861482769836927,0.03965625003322103
p345_P2,4.472255118893355e-40,189.05288166449904,0.0,8.403675934011056e-06,0.0,0.023573942446065265,0.005895586530499819
p345_SCT,2.1692552713020974e-69,353.54936161462496,0.0,1.5215881563776285e-06,0.0,0.038038956885350306,0.00951011961837667
p346_H1,0.0006275131838973466,11.754138945588467,2.0843984e-06,3.477999537632978e-05,2.6364464445359003e-05,0.061504174879899176,0.015391850934523913
p346_P2,2.3757443720051012e-07,27.00867061593018,7.014477e-05,1.1108406147631861e-05,0.0,0.041333839157485536,0.010353773083807862
p346_SCT,1.6328542392937862e-42,202.02821853044256,0.0,2.256338943095326e-05,0.0,0.015386936933572548,0.003852375080750875
p347_H1,1.0235211118504754e-05,19.63275593572478,2.0075336e-06,8.195059242657885e-06,0.0,0.08657421386390667,0.021646104114179065
p347_P2,0.0014757744423771408,10.155211225078729,0.0,7.379003587587314e-06,0.0,0.013935913812365,0.0034858232039881466
p347_SCT,0.0002846729900836968,13.246122397710321,6.9878747e-06,1.8542090873766956e-05,0.0,0.06726997817204668,0.016823877034408272
p348_H1,1.3267187591469867e-64,325.400685723465,1.1500312e-06,1.4816864798164639e-05,0.0,0.06668565731864552,0.016675406053649165
p348_P2,5.407955719697331e-57,281.70097194894134,2.9249404e-06,2.402729131479499e-05,0.0,0.06291533046816836,0.015735570674975257
p348_SCT,8.496935988265157e-14,57.01364842710074,0.0,4.005031268050846e-05,0.0,0.12526859730410747,0.031327161904196994
p349_H1,1.5320470900703745e-05,18.85040164953589,0.0,4.359705389897166e-06,0.0,0.10801293526992282,0.02700432374382818
p349_P2,4.067877462243684e-06,21.429059999163318,0.0,2.0257756315707723e-06,0.0,0.03636479256556692,0.009091704585299622
p349_SCT,5.150058808755126e-06,20.969005941521875,0.0,2.0257756315707723e-06,0.0,0.03636479256556692,0.009091704585299622
p350_H1,0.0006391740326812972,11.719536443662388,1.6414225e-06,9.111722638814649e-05,0.0,0.11112989231849825,0.027805662741846635
p350_P2,0.3341399415884686,0.9335323915956697,0.0,0.0,0.0,0.0,0.0
p350_SCT,2.0303295950513533e-24,108.64309346849242,1.2925497e-06,4.28676846314391e-05,0.0,0.14145894158374953,0.035375775454508956
p351_H1,5.912215688604289e-08,29.76458714409847,0.0,4.181397303502104e-07,0.0,0.0664719502921025,0.016618092107958213
p351_P2,1.3305361917387574e-11,46.66595735628968,0.0,3.928769659009579e-07,0.0,0.03112256607722239,0.0077807397385470725
p351_SCT,2.440383782505248e-10,40.7666409556441,0.0,2.821286601168414e-06,0.0,0.07503229612606473,0.018758779353166475
p352_H1,2.3280715707338783e-50,244.64206713555114,6.5936143e-07,0.0001308371612611625,0.00011801198833133731,0.022172748825045812,0.00560556433401783
p352_P2,3.568428399377841e-66,334.5783606714831,9.55468e-07,1.0731626610877275e-05,0.0,0.030516046072759016,0.007631933291830885
p352_SCT,3.3601639106330885e-59,294.2403195949015,0.0,1.8561676554298235e-05,0.0,0.12445397594817811,0.031118134406183103
