feature,p_value,score,gbr,rf,xgb,BayesianRidge,mean
p1_GAP,1.2155158465826104e-06,24.001044816823168,4.6798967716800625e-06,0.00013495291637025475,4.8702736e-07,0.02970312652366266,0.007460811591042203
p1_M,0.7538998569001737,0.09836573637627635,0.0,0.0,0.0,0.0,0.0
p1_P,0.0003484471648600316,12.926216260661807,0.0,0.0003131504121180988,1.7748416e-06,0.119184812341766,0.029874934398876334
p2_GAP,0.1757466253616042,1.8372125830303077,0.0,0.0,0.0,0.0,0.0
p2_K,0.00101724862189808,10.894038002261967,8.687621477390045e-06,9.333778294131407e-05,7.1703485e-06,0.0330948120085202,0.00830100194034814
p2_LTQYEHPDIFV,0.7934776381010582,0.0685939837408118,0.0,0.0,0.0,0.0,0.0
p2_M,4.458649215681897e-27,127.19752020755398,0.0,6.816852119801786e-07,4.1621323e-07,0.026933950530104417,0.006733762107135515
p2_N,2.5299646154410627e-08,31.81253694365224,0.0,4.709248626152318e-06,8.5302815e-07,0.17581079867245522,0.043954090237309035
p2_R,1.4460066286810691e-08,32.95356944299356,0.0,2.9003218469533995e-05,9.072761e-06,0.016344166358637554,0.0040955605844777655
p2_S,5.623109503840555e-57,309.3520716937887,0.0,8.978952874764928e-06,2.4193075e-06,0.14883025512271916,0.03721041334577862
p3_E,2.8181199797563762e-14,60.54612634859282,8.143508496522208e-05,0.00014270453392440242,3.0174397e-06,0.29870317838938143,0.07473258386198452
p3_G,0.29286131295406637,1.1082074934658679,0.0,0.0,0.0,0.0,0.0
p3_GAP,0.0008582608014689334,11.214516553498646,0.0,1.976237458075446e-05,4.1342128e-06,0.12915483657742965,0.032294683291192304
p3_HKTSQDPVRF,2.6253025529076674e-14,60.69860201993544,0.0,6.082904507868175e-05,9.7491165e-06,0.08812678110843593,0.022049339817514498
p4_EFGVSPLAIQWC,0.05151576435364234,3.805373127831515,0.00023538335834672152,0.00020658622553467937,8.707435e-06,0.012206231146403523,0.0031642270413142722
p4_GAP,3.7510244147730876e-73,425.3064477122826,3.543947971500067e-06,6.158481719292701e-05,4.4700628e-05,0.052598179101305056,0.013177002123559416
p4_H,2.8610043010827096e-08,31.56211645928695,0.0,3.91729501330327e-05,3.6743443e-06,0.021177960676167677,0.005305201992642832
p4_M,0.004533887604601261,8.11271902475889,0.0,7.116259081693683e-06,2.3038014e-05,0.055615349468186574,0.013911375935254797
p4_N,1.0574166793686715e-07,28.90912823438029,2.2904492411484972e-05,1.1787954623961475e-05,7.886307e-07,0.048888400494580375,0.01223097039307903
p4_T,5.1734821276347694e-08,30.35782176259347,0.0,7.214353526778997e-06,3.3173853e-09,0.014656648983069447,0.0036659666634953703
p4_Y,2.212722082428983e-07,27.418237538485236,0.0,1.1705540860921826e-05,1.7564935e-06,0.12184355352589561,0.030464253890057913
p5_E,2.850403170157069e-55,297.887485346295,0.0,8.288589344439337e-05,4.9040136e-06,0.01572421837614456,0.003953002070802702
p5_GAP,1.6583779753129095e-91,574.0021846793536,0.0,1.2872624556700336e-05,7.92169e-09,0.009582400622098522,0.002398820292086298
p6_G,6.841919093586662e-09,34.48456386070381,0.0,3.7329612814746914e-06,1.5580987e-05,0.0594004219866071,0.014854933983636033
p6_GAP,0.046292596102511165,3.986072372383677,0.00012065371172566214,8.765452119145152e-06,4.8077187e-09,0.10688002218108032,0.02675236153816095
p6_L,2.606791543627168e-05,17.94050476501227,0.0,1.3421235389040308e-05,1.2518791e-06,0.11832615067317143,0.029585205946914658
p7_E,4.4545703936329455e-30,143.76062586678438,2.500004755045617e-05,6.382097476086741e-06,6.931776e-07,0.10151481899399109,0.02538672357915013
p7_GAP,1.5346423747494883e-47,247.60913250858096,3.236573573101758e-05,2.8972375922785425e-06,3.0420601e-06,0.011985897968863813,0.003006050750582613
p7_I,0.3113443400269428,1.0265554123787353,0.0,0.0,0.0,0.0,0.0
p7_K,0.0688711866165813,3.3206697813787676,2.7563656002485626e-05,2.2791782827421995e-05,2.3428756e-06,0.120005758801003,0.03001461427886627
p7_L,0.8668942670909956,0.028113460931721332,0.0,0.0,0.0,0.0,0.0
p7_NSAHMTGVF,0.4666333800417045,0.5305582414718849,0.0,0.0,0.0,0.0,0.0
p7_P,0.1804381718688093,1.7978557367927193,0.0,0.0,0.0,0.0,0.0
p7_Q,0.1191675217083658,2.434614945451031,0.0,0.0,0.0,0.0,0.0
p8_E,2.732936694212804e-29,139.37647912503982,0.0,0.0001809746199818371,1.497446e-06,0.04824375484964687,0.012106556728898316
p8_F,0.15267376834867008,2.05010881101507,0.0,0.0,0.0,0.0,0.0
p8_GAP,0.4182858080995948,0.6559573944073123,0.0,0.0,0.0,0.0,0.0
p8_HAKSGMT,1.200626389698677e-13,57.436476499173786,1.2891069509617804e-05,3.0529705597079325e-05,1.3103005e-06,0.026913832892570468,0.006739640992041874
p8_N,0.00015118094324873164,14.527664545570808,0.0,2.270833722182557e-05,7.452964e-06,0.03876758969785135,0.009699437749750241
p8_Y,0.4364726849138645,0.6062833723784761,0.0,0.0,0.0,0.0,0.0
p9_F,1.7176747064704453e-38,192.17411967838936,2.0121336756079804e-06,1.3051364495138994e-05,1.1936298e-05,0.023422832547227046,0.005862458085748585
p9_GAP,0.2859784154922426,1.140324335212275,0.0,0.0,0.0,0.0,0.0
p9_I,1.035849158312666e-16,72.72434553449658,0.0,9.056957533549869e-05,1.3675916e-06,0.10403161370892798,0.02603088771896786
p9_LMGYTS,0.0007125644674163372,11.56618581963151,0.0,3.63179229136811e-05,7.9477206e-07,0.12133158055517171,0.030342173312537166
p9_V,3.27413082245475e-10,40.75521219279127,0.0,0.00014427711584005475,7.23762e-07,0.018369138529662155,0.0046285348518790214
p10_GAP,0.2859784154922426,1.140324335212275,0.0,0.0,0.0,0.0,0.0
p10_H,2.999224845938114e-20,90.84183938498175,0.0,2.7969491219028745e-06,1.6327816e-06,0.1716050282050662,0.04290236448395161
p10_W,1.8972736685805254e-09,37.12067522223388,0.0,6.522697298243924e-07,2.3407967e-09,0.02053254652392848,0.005133300283613743
p10_Y,1.2045076247954053e-08,33.326944426221026,0.0,0.00019676448819024348,0.0001819589,0.045000822511591695,0.011344886473506816
p11_I,0.06160600965419019,3.505664069352449,2.6059975901395054e-05,1.4431148910653588e-05,9.850735e-07,0.07541090003506253,0.018863094058339674
p11_L,2.987216852588889e-119,838.7601087906729,0.0,2.2752657136963806e-06,7.422193e-07,0.04527632713555448,0.011319836155141884
p11_T,2.9450311366067978e-33,161.7121799471987,0.0,7.365087617883436e-05,1.7469139e-06,0.02680030880861474,0.0067189266496686705
p11_V,2.1283747893307655e-10,41.6502303930214,0.0,3.353671741958661e-05,5.2231107e-06,0.02240876243384559,0.0056118805655031604
p12_P,0.038986073900803234,4.278693545802703,0.0,0.002170679067221402,5.1224056e-08,0.011775889284741782,0.003486654894004823
p12_Y,1.0012500876155215e-18,82.98026360199773,1.0087593199440434e-05,0.0023288834527166184,4.7904315e-08,0.2754185393432924,0.06943938957338092
p13_F,0.2103570092787005,1.5720584399844348,0.0,0.0,0.0,0.0,0.0
p13_I,2.5255365885488037e-09,36.531528970189456,0.0,1.2894067995321864e-06,8.5994895e-07,0.01609829501760623,0.004025111093340119
p13_K,1.21377127076491e-35,175.4500525110237,0.0,5.630064857724912e-06,3.7268037e-06,0.02178304801663841,0.005448101221298445
p13_L,0.5783072788438061,0.3092890670638867,0.0,0.0,0.0,0.0,0.0
p13_M,0.003382981444546046,8.651855981800294,1.0593390870339625e-05,0.00013379276070863674,4.23256e-06,0.09344686103770589,0.023398869937335937
p13_T,2.897642898037905e-54,291.18004665003167,0.0,0.0025486903975227774,0.0,0.04996701248294879,0.013128925720117892
p13_V,0.0001991858214788292,13.99723764796135,0.0,6.559217337614358e-06,2.308244e-07,0.0005575842972911709,0.00014109358475665075
p14_LTQIDHM,0.7085436570797259,0.13985795728659242,0.0,0.0,0.0,0.0,0.0
p14_N,0.01807045472461286,5.617610064521361,0.0,8.005889883880308e-05,2.7683027e-06,0.00027656887868233955,8.984902005349993e-05
p14_P,6.975487505802645e-10,39.18729219279534,3.6558485895401035e-06,0.0001015539534183528,2.0159653e-06,0.08371883818253896,0.02095651598745295
p14_S,6.483463379696416e-07,25.258019865711955,0.0,1.0626816216566159e-05,1.6385259e-07,0.03793422776344853,0.009486254608063814
p14_V,0.06752027706657053,3.353437683254556,0.0,6.790434488428361e-05,6.660487e-07,0.02731208430580373,0.006845163674852048
p15_GAP,1.2018356323125778e-121,864.1450161444315,0.0,2.594389636554854e-06,9.626581e-06,0.230773039359202,0.05769631508251757
p15_N,1.0939683062029899e-133,998.4527976847982,0.0,4.7180858739800195e-05,6.2734634e-06,0.025323227793058477,0.006344170528809863
p16_GAP,1.2018356323125778e-121,864.1450161444315,0.0,2.594389636554854e-06,9.626581e-06,0.230773039359202,0.05769631508251757
p16_H,5.335155504331815e-07,25.648795270905193,0.0005737336480325654,0.00014240212341913827,7.726669e-06,0.24942166456782092,0.06253638175197505
p16_IVQLYFP,0.9506269020003811,0.003836978261316154,0.0,0.0,0.0,0.0,0.0
p16_K,0.011250834058171882,6.461942813392955,0.0,2.055841005164563e-05,5.702387e-07,0.09272498191240505,0.02318652764028491
p16_N,3.4674056566926297e-23,106.25463129505547,7.374308306534847e-06,5.625306199103347e-05,7.278882e-07,0.14147285983913954,0.03538430377441448
p16_R,0.00224100812222703,9.41523351460753,0.0,7.643458652775853e-06,4.286718e-08,0.09816508168353044,0.024543192002340366
p16_S,1.1361047393924448e-08,33.446470621975536,0.0,4.6150484617930336e-05,1.6051104e-06,0.023700579893000104,0.005937083871993444
p16_T,0.00771674632472067,7.14226858172573,0.0,8.833300542838753e-06,5.8884234e-07,0.045323239717113814,0.011333165464999219
p17_GAP,1.2018356323125778e-121,864.1450161444315,0.0,2.594389636554854e-06,9.626581e-06,0.230773039359202,0.05769631508251757
p17_N,4.858649829330846e-07,25.836492980335315,0.0,2.6970649504855304e-06,8.886961e-09,0.17446737170762827,0.043617519414885036
p17_T,7.052280396634131e-130,954.721765548761,0.0,3.321757762699443e-05,1.860143e-05,0.01850548273422977,0.00463932543533271
p18_GAP,0.03900066557917556,4.2780531837259925,0.0,4.898623843786601e-05,0.0062996936,0.09314310007281253,0.024872944978579746
p18_N,4.9396027998904334e-14,59.34010518783445,0.0,0.0,0.0,0.05166848711331574,0.012917121778328934
p19_I,0.8795067801851818,0.022998897221534267,0.0,0.0,0.0,0.0,0.0
p19_L,0.6792506490120245,0.1711239686677035,0.0,0.0,0.0,0.0,0.0
p19_V,0.00710599137005355,7.291938706960573,0.0,3.102058003885643e-05,2.531193e-07,0.06607324214489184,0.016526128961060274
p20_SAI,0.036423615988323034,4.395237804515012,0.0,6.909426103021484e-06,1.0635413e-07,0.057130741648273364,0.014284439357126361
p20_T,5.580168504841781e-11,44.44217948801747,0.0,2.2301594164840255e-06,0.0,0.005062712136550222,0.0012662355739916766
p20_V,1.7859219362456936e-10,42.01522668767594,1.8521351681507616e-06,1.0363207096902118e-07,5.428546e-05,0.08346657891257436,0.020880705035296893
p21_K,5.4279018613325514e-09,34.959272229852495,2.3115849722014317e-05,1.651719946305702e-05,1.820428e-05,0.008646931898686894,0.0021761923070736542
p21_L,2.0221236127741164e-11,46.5690310062766,0.0,1.356206729033503e-06,0.0,0.122636728536457,0.03065952118579651
p21_R,2.1672644611278423e-83,505.8648528770986,1.0331570616391768e-05,5.3654905875067163e-05,1.4443387e-07,0.06575041389825091,0.01645363620215292
p21_V,2.6048445768259897e-104,689.7622477257036,0.0,4.598769393674887e-06,7.847024e-07,0.07758622843580708,0.019397902976905725
p22_G,0.003446249762518395,8.617647229886703,0.0,4.90556171404365e-05,6.63271e-07,0.03039317755541302,0.007610724110890782
p22_N,0.24114407187130205,1.3763941309829835,0.0,0.0,0.0,0.0,0.0
p22_S,0.013340500805221837,6.156917641404108,4.346023123471877e-05,0.00021404544493905067,2.0488298e-05,0.000718406776232862,0.00024910018762795596
p24_W,1.1237734090517398e-64,362.8878577096649,0.0,6.5486155227978835e-06,2.8057046e-08,0.21366209306125175,0.05341716743345525
p24_Y,0.5985883684934903,0.2774014000776464,0.0,0.0,0.0,0.0,0.0
p25_E,1.1433604118110808e-61,341.6270957981429,0.0,7.872446569122499e-05,6.6185885e-06,0.11362451659419709,0.02842746491209362
p25_L,1.7631987412203111e-12,51.7147635052779,0.0,2.221774659804476e-07,0.0,0.06274682937026486,0.01568676288693271
p26_G,0.030698336345665603,4.690090955331264,0.0,0.002170679067221402,5.1224056e-08,0.011775889284741782,0.003486654894004823
p26_V,4.9396027998904334e-14,59.34010518783445,0.0,0.0,0.0,0.05166848711331574,0.012917121778328934
p26_Y,1.166532529827944e-09,38.124140244255656,0.0,3.5131276264721955e-05,2.9461012e-06,0.12700038458428395,0.031759615490431256
p27_QSEANL,0.9767909016618117,0.0008470162670043636,0.0,0.0,0.0,0.0,0.0
p27_T,0.040877071443308946,4.197739507950279,1.6136366158749116e-05,8.022884304961279e-05,1.9841773e-06,0.08013177536002429,0.020057531186630225
p28_Q,2.8297772961470092e-55,297.9085663556633,0.0,0.0025486903975227774,0.0,0.04996701248294879,0.013128925720117892
p29_H,0.9011633271560721,0.015435627378190087,0.0,0.0,0.0,0.0,0.0
p29_TFSVMI,0.03208671361574157,4.613596412097933,0.0,1.916672964575662e-05,2.1667285e-08,0.0457862384181412,0.011451356703767953
p29_Y,5.9848900866069905e-09,34.75891458984301,3.203103358686685e-05,1.3356881040339065e-05,5.7700313e-06,0.11350435060695234,0.028388877138218298
p30_Y,2.3806074331371833e-05,18.118091082092903,0.0,6.886119927577769e-05,5.2920664e-06,0.17973037997682362,0.04495113331061535
p31_L,2.937183447697149e-05,17.707216795352117,0.021043554217377622,0.00013038991259938144,8.548725e-07,0.03027394964797735,0.012862187162612676
p31_M,0.001326972425424644,10.394367996939945,0.0,4.4511504878853377e-07,2.1435965e-06,0.018518105630903604,0.004630173585606957
p32_G,9.050988827591187e-12,48.25929375100431,0.0,3.262119273041086e-05,7.3795677e-06,0.09604330973182396,0.02402082762306493
p32_V,5.2678200275890164e-05,16.568408055201893,0.0,9.479979646222613e-06,3.691355e-07,0.05516373741191494,0.013793396631766831
p33_D,0.02562827837208573,5.0038120395117796,5.36889804300228e-05,0.00012744958100347837,0.00035755223,0.03718191630606269,0.009430151773823295
p33_E,0.006199064609993403,7.5404441620888285,0.0,1.8673415364518807e-05,6.407463e-06,0.10447219262120337,0.026124318374875364
p33_N,0.6179763910548983,0.24895996818657873,0.0,0.0,0.0,0.0,0.0
p33_P,0.047419844238668775,3.9453088533079685,0.0,1.8706871840046897e-05,2.3766577e-07,0.25362057799719645,0.06340988063370244
p33_S,0.04096842587951382,4.193928982655503,0.00016561747079038068,0.000206919340708367,2.93829e-05,0.008121307671119269,0.0021308068456072607
p34_P,0.0001501577695849941,14.540745289919128,0.0,6.695107204728465e-05,2.0654354e-06,0.09596530872429611,0.024008581307938412
p34_R,6.3024780108452605e-50,262.83542957543403,0.0,9.693213266751929e-05,4.925013e-05,0.0674868891160516,0.016908267844997084
p34_S,0.0009251018122430193,11.07300112254542,1.2610496649810773e-05,2.1142519168565325e-05,3.8715353e-07,0.005917077006631046,0.0014878042939958857
p34_TAKLQIH,5.149159797768289e-44,225.5829462690726,8.440441892312845e-06,5.585164405557191e-06,4.617488e-07,0.1896528076797483,0.04741682375871445
p34_V,5.705618096784693e-17,74.0337445921418,0.0,1.0079876609955011e-05,3.6910512e-07,0.09262980794037003,0.023160064230525836
p35_G,1.5845760271371672e-09,37.49200175388224,0.0,2.0887088194870655e-06,7.158041e-11,0.019196210118334934,0.004799574724683707
p35_I,0.0004859145383403729,12.292534261267742,4.884052883476038e-05,1.4137425241177864e-05,1.4312869e-07,0.20987742490263508,0.05248513649634965
p35_MSVTFELRY,0.48965245172257366,0.4778302168517872,0.0,0.0,0.0,0.0,0.0
p35_W,0.6367884504713764,0.2231759179591278,0.0,0.0,0.0,0.0,0.0
p36_I,0.5992226532913009,0.2764399430553012,0.0,0.0,0.0,0.0,0.0
p36_K,0.05125144885517031,3.8140417654969907,4.437031764355855e-06,4.1918509066041566e-05,2.4779643e-05,0.04612700957935017,0.011549536190883673
p36_LFGWSCEH,0.22275234671907124,1.4893855188076102,0.0,0.0,0.0,0.0,0.0
p36_M,0.04607138936286786,3.994194702417595,1.258615700653278e-05,0.00011007762216708991,1.6385756e-06,0.15901506260320586,0.039784841239483455
p36_Q,0.19707901700460373,1.6672884464989703,0.0,0.0,0.0,0.0,0.0
p36_T,0.00015688469301169717,14.456344883519254,0.0,1.1254309349339152e-05,1.3604985e-07,0.12554027745411622,0.03138791695332857
p36_V,5.624978160362521e-37,183.23778662546067,0.0,8.843149534582738e-05,1.833571e-05,0.19044079561541843,0.04763689070511182
p37_Y,1.6389364086289077e-61,340.5339652408594,0.00035464038677140335,6.178395869960251e-05,1.4206928e-05,0.013958417065223433,0.0035972620847802535
p38_H,0.47583759316120133,0.5089754637385766,0.0,0.0,0.0,0.0,0.0
p38_K,0.0050024750318107955,7.932365251411884,2.6890668464488764e-05,2.4308293365023214e-05,1.6718488e-06,0.05143240145254693,0.012871318065806507
p38_MFTIDGQ,0.11735581941539337,2.458754879382762,0.0,0.0,0.0,0.0,0.0
p38_N,4.7618958541594865e-32,154.83961210667982,0.0,5.1469728272694215e-06,8.584586e-07,0.04419827203914058,0.011051069367636241
p38_R,0.05309616667821654,3.754506104796947,0.0,1.0146361365664027e-05,2.487298e-06,0.048695738821854,0.012177093120288375
p38_S,0.01993433559902702,5.444353355323807,0.0,1.9770751530933302e-05,3.844791e-05,0.11710112045059319,0.02928983477800632
p38_Y,2.568321393835622e-60,332.2198990989906,6.342862834856872e-05,0.0006061242451502086,3.5453155e-08,0.17189016915837932,0.0431399393712583
p39_C,0.43199274643749386,0.6182253661638092,0.0,0.0,0.0,0.0,0.0
p39_F,1.9332127063261442e-15,66.33726181895507,0.00012195977708587421,5.585495537982038e-05,4.8700817e-06,0.196772535388497,0.04923880505067537
p39_GST,1.5290197335970377e-09,37.565620425169,0.0,0.00014398639540990474,3.4744502e-07,0.16844036748904828,0.042146175332370514
p39_I,0.0003472115168513973,12.932998844475048,0.0,3.155033045928078e-05,4.808699e-06,0.11209478144786202,0.028032785119338287
p39_L,0.42791999269159575,0.6292464263124866,0.0,0.0,0.0,0.0,0.0
p39_M,0.17037758999369101,1.8837691805798356,0.0,0.0,0.0,0.0,0.0
p39_V,0.0002233179719238456,13.777706638445844,0.0,0.00010707272282413734,6.5840904e-06,0.08630264675049987,0.021604075890941658
p40_L,2.2807687371812108e-09,36.741412702373346,5.6767729217769373e-05,0.00011688995291133255,1.7206342e-07,0.1873579066175844,0.04688293409078414
p40_M,2.9484894942607933e-12,50.62630929571,1.8241931955818226e-05,3.193458659277633e-05,4.3647887e-07,0.050935777712147454,0.012746597677391718
p40_Q,7.896929299720775e-131,965.5279110117518,0.0,2.734120006689637e-06,0.0,0.13368919493376039,0.03342298226344177
p40_S,9.611025581813522e-08,29.102368607452814,0.0,3.183098416116135e-05,1.6657383e-06,0.026139736639004842,0.006543308340365437
p40_T,1.0118782101741374e-29,141.77462248247747,2.5086142778627202e-05,9.30656365290779e-06,1.2740418e-07,0.06429728931197495,0.01608295235564609
p40_V,0.2231048209695335,1.487115561635048,0.0,0.0,0.0,0.0,0.0
p41_C,0.2263978282063792,1.4661142504109002,0.0,0.0,0.0,0.0,0.0
p41_G,0.09261728574707974,2.8365926574064027,0.0,0.0,0.0,0.0,0.0
p41_S,1.6206444769859215e-10,42.21739237404679,0.00016349850760042405,2.402005106736512e-05,1.6783976e-06,0.12130946233555637,0.030374664822944163
p41_T,0.004764694562826189,8.021619668355534,9.320380843647344e-05,6.387859469593373e-05,2.7768034e-05,0.2524781952437603,0.06316576142016327
p42_C,0.009611932176398157,6.745168893658068,0.0,6.299140736777329e-06,5.563901e-06,0.02880766623767393,0.0072048823198878524
p42_F,0.0018260737640534133,9.796833515297811,4.127934389546957e-05,8.031720009098921e-05,4.8714487e-06,0.1783692843033291,0.04462393807400622
p42_I,1.0447337133517871e-06,24.303437739167823,0.0,8.641627060231164e-05,1.8166724e-05,0.1731001822226185,0.043301191304242315
p42_L,3.068550169536339e-09,36.130818521867205,0.00022627120088738098,0.00042378262407004303,3.61796e-05,0.011821085149575982,0.0031268296438861265
p42_TGSM,0.4335946296223542,0.6139336983555592,0.0,0.0,0.0,0.0,0.0
p42_V,0.018241058969141164,5.600998929238638,0.00048404688971866487,9.027123445481162e-05,4.4820654e-06,0.045833868425653894,0.011603167153801441
p43_W,7.177543398215475e-56,301.8991122420947,0.0,0.0025486903975227774,0.0,0.04996701248294879,0.013128925720117892
p43_Y,1.552374421438322e-07,28.133175217173324,0.0,0.0022361719128336107,1.4069584e-09,0.051519318927157026,0.013438873061737269
p44_M,0.3034097568866322,1.0608191761500771,0.0,0.0,0.0,0.0,0.0
p45_G,1.011100041868417e-135,1022.2915161857369,0.0,0.013258321844777439,0.20498459,0.18796774453515824,0.10155266419778047
p45_I,1.9637287213078748e-25,118.27575060566764,0.0,4.258852004024803e-05,5.1141637e-06,0.15557661284466848,0.038906078882112526
p45_L,0.07081847003227096,3.2746296053473225,0.0,9.885327394252933e-06,9.960901e-06,0.0014357513508231662,0.00036389939469689213
p45_V,7.504170164625174e-06,20.38732317741862,0.0,1.777433707031031e-05,7.176408e-06,0.06655140377806738,0.01664408863077495
p46_I,0.0001963633691960733,14.024652155308818,0.00010666684154647027,6.638304442704096e-05,1.3299486e-05,0.03655124636093153,0.009184398933339846
p46_L,0.2716239983270324,1.2105735318213533,0.0,0.0,0.0,0.0,0.0
p46_M,0.21775722517000365,1.5220246108369442,0.0,0.0,0.0,0.0,0.0
p46_VCSTAH,0.7703826131607681,0.08526151947119322,0.0,0.0,0.0,0.0,0.0
p47_L,0.00023900504750546902,13.647508121950194,0.0,4.261456449188829e-05,0.0,0.006718668336719768,0.001690320725302914
p47_V,0.005966765985209324,7.610100298387349,0.0,1.123596103602245e-05,7.2577217e-07,0.13792290776321822,0.03448371737410549
p48_I,3.4959172881292286e-10,40.61914593925625,0.0,4.836832902639304e-05,3.7484217e-05,0.08476354069721627,0.021212348310708444
p48_MLWT,0.012911599170867195,6.215305563768586,1.966029247422968e-05,7.738541498405332e-05,9.190843e-05,0.03385120898696047,0.00851004078031442
p48_V,1.2452295630143315e-47,248.1834627211751,9.411400719217174e-05,7.66019557353675e-05,5.3318567e-05,0.13538359945377773,0.03390190849583699
p49_F,1.2375315584830762e-51,273.8858815300353,0.0,4.3976877309825834e-05,2.8971576e-06,0.18110949571443957,0.04528909243734447
p49_I,7.778104357243933e-06,20.31657021256046,8.483639533823682e-05,8.407913407178351e-05,1.0871443e-06,0.008597745864254127,0.0021919371344799135
p49_L,0.07065924990994193,3.2783427850683204,5.997109191682947e-05,0.00011341060545092815,9.388337e-06,0.1838138571222357,0.04599915678921976
p49_SATMG,0.043149230456393184,4.105529186009426,3.175336714224491e-05,4.135756009103797e-05,5.90096e-06,0.20423700702683126,0.05107900472848543
p49_V,0.6033463400618846,0.2702409808177837,0.0,0.0,0.0,0.0,0.0
p50_F,0.3629790663880148,0.8287191292477523,0.0,0.0,0.0,0.0,0.0
p50_IGMCQ,0.028126455343989012,4.841852061891488,0.0,1.4966212740125606e-05,3.1927232e-06,0.049372462338238145,0.012347655318537138
p50_L,0.0001359891085732998,14.731755582353355,0.0,0.0001514610021618392,9.1325215e-05,0.016458953526248897,0.004175434935897785
p50_T,0.0013401880352971005,10.375776337452635,6.963414336723112e-05,0.00017900458798991744,1.4590175e-06,0.047350501440149406,0.011900149797261558
p50_V,5.8731071880384945e-09,34.797578614689215,0.00038653959049844184,7.275752507703709e-05,1.3384534e-06,0.02679455332457196,0.006813797223397879
p51_S,5.023976310384009e-56,302.93960001526847,0.0,4.5476842492601996e-08,0.0,0.011547843117983866,0.00288697214870659
p52_IAGMC,0.006454129170815027,7.466973743114518,0.0,1.9911955375362317e-05,3.531935e-07,0.13665586652210462,0.034169032917748386
p52_L,0.2835131716326673,1.1520678573001786,0.0,0.0,0.0,0.0,0.0
p52_T,6.666837878719661e-60,329.3542822651495,0.0,0.00013182904185954074,1.7588193e-06,0.0017031275027737504,0.0004591788409784327
p52_V,5.103044474757706e-34,166.07157551570901,0.0,6.32100932095433e-05,4.9213177e-06,0.09640497667702809,0.02411827702197642
p53_F,1.5568082326212558e-43,222.6238161878316,0.0,0.0001582670942081679,0.00041166376,0.1291138504345162,0.03242094532153217
p53_P,4.8407602078888037e-20,89.76365588563398,0.0,1.018744237833121e-05,2.2447913e-10,0.06892755179005884,0.017234434864229077
p53_S,0.0032019486117107463,8.753465201934407,0.0,4.898729463077121e-06,0.0,0.07087460876497818,0.017719876873610315
p54_L,8.99219031140614e-127,919.9299515519716,0.0,2.6232896810661114e-06,3.1270067e-10,0.21643714972342476,0.054109943331451624
p54_T,3.83553818349496e-55,297.02621077727093,0.0,0.0025486903975227774,0.0,0.04996701248294879,0.013128925720117892
p54_V,0.08306583664411395,3.0131011844519233,0.0,0.0,0.0,0.0,0.0
p56_F,0.07497688804974656,3.1807056917413106,4.896254500189911e-05,0.000143306427597814,3.285325e-05,0.02971581548149355,0.007485234426390471
p56_G,1.0375012447283033e-51,274.3847150439961,0.0,3.8503881676912604e-05,0.00016296965,0.002408392311466252,0.0006524664605244058
p56_I,7.771284768830867e-06,20.31830095708761,1.0068418610175165e-05,1.426000796404992e-05,6.090837e-07,0.061431362415001696,0.015364074981322291
p56_L,0.008350126524073853,6.99937016301626,0.0,7.12574698182875e-05,4.034785e-06,0.044131867680460485,0.011051789983814446
p56_TSN,0.012100883776169422,6.331343198256939,4.118815354359782e-05,1.1207690738757517e-05,5.452995e-06,0.044897388851785146,0.011238809422787634
p56_V,0.0001856485928195413,14.132478235972396,0.0,0.00028233006990432426,9.28576e-06,0.05722298743805815,0.014378650816969532
p57_L,4.589434824305152e-87,536.2263436544031,0.0,0.00012921650327466254,2.0871374e-07,0.17595817504084382,0.044021900064465415
p57_MVTPW,1.5827537959785e-12,51.94358158068294,0.0,0.0001918742568351002,0.00010066793,0.20214692215796098,0.05060986608629471
p58_V,0.9864581272750993,0.00028830466496103016,0.0,0.0,0.0,0.0,0.0
p59_L,7.667538284135227e-12,48.60873317383866,0.0005720496488449215,0.00025116841193902734,8.0859725e-05,0.02225575499336063,0.005789958194818825
p59_VAT,0.013011263554601193,6.201561455342139,0.0,2.2895033570628054e-06,2.0991523e-08,0.1575770923621416,0.03939485071425546
p60_F,0.15845340649791229,1.9934840173796309,0.0,0.0,0.0,0.0,0.0
p60_I,6.465950920491264e-22,99.54497947000417,0.0,3.49305772228533e-06,1.2461337e-06,0.07505134749432044,0.01876402167143729
p60_L,0.008915242158576793,6.8809636669549334,0.00017920380434491976,6.549722464492292e-05,4.329989e-06,0.006523655213361042,0.0016931715578937365
p60_V,0.04913307170315209,3.885277218209276,9.747029001981843e-06,0.00010169349548986057,3.3781245e-05,0.13171404671171905,0.032964817120375876
p60_Y,3.41509180031833e-05,17.412812528811628,0.0,1.2509306211313337e-05,1.3052571e-06,0.10466674992568457,0.02617014112225268
p61_C,4.1413406675378054e-13,54.79277157331356,0.0,3.897958373181803e-06,0.0,0.1932684692991018,0.04831809181436875
p61_V,0.6789211432444129,0.17149658552239852,0.0,0.0,0.0,0.0,0.0
p63_F,0.8063643958489095,0.06013204952985503,0.0,0.0,0.0,0.0,0.0
p63_I,0.024388389157402525,5.090415380481442,1.6543395346810764e-05,0.00019386385494460064,4.1075518e-07,0.08740905295748545,0.021904967740738572
p63_L,5.3109137103507453e-11,44.54560520449799,0.0,7.655851206787878e-06,3.5514304e-07,0.14916231079031822,0.03729258044614222
p63_M,4.488496692818147e-06,21.40339256986094,0.0,3.384280690065152e-05,2.5168214e-07,0.15644110674522824,0.039118800308566785
p63_V,1.5566106812700742e-07,28.127673251142184,0.00013215555738499158,5.435438700541371e-05,4.4277353e-06,0.05104059775158207,0.012807883857830155
p63_WYK,1.4076535027270583e-07,28.33080292365431,0.0001256102437087961,7.059022478838437e-05,1.4788092e-05,0.27255918614180846,0.06819254367555216
p64_K,0.4028064282870274,0.7008442659631023,0.0,0.0,0.0,0.0,0.0
p64_Q,0.3232611031677365,0.9771842257331332,0.0,0.0,0.0,0.0,0.0
p64_R,0.08846370963319204,2.9108000768764284,0.0,0.0,0.0,0.0,0.0
p64_T,0.14926409165263224,2.084668598219393,0.0,0.0,0.0,0.0,0.0
p65_H,6.32436822321648e-05,16.213194500641603,0.0,3.3832219585641924e-05,0.00023466896,0.054218837789721835,0.013621834741827078
p65_N,0.010718775766150776,6.548961151725103,0.0,0.00014300347764736754,0.0,0.07687537746286992,0.01925459523512932
p65_Y,3.7906181484303005e-152,1227.8550317804538,1.2901884955699023e-05,1.7880021772361842e-05,7.3074863e-10,0.06154965194852851,0.0153951086465013
p69_R,0.023684729931139126,5.141626255381127,0.0,1.2154860742759082e-05,8.9860265e-07,0.059043688877313545,0.014764185585176594
p70_Q,1.1703540464977456e-18,82.63266082740064,1.5516820403954605e-05,0.00014038454731481997,7.564357e-08,0.09182412795502877,0.022995026241579293
p70_S,2.9203407362052946e-13,55.5374188329503,0.0,2.9272621067551998e-05,5.3083635e-08,0.08359396938070221,0.020905823771351258
p70_T,0.21452494349566031,1.54362551596682,0.0,0.0,0.0,0.0,0.0
p71_P,4.9396027998864847e-14,59.34010518783614,0.0,0.0,0.0,0.05166848711331574,0.012917121778328934
p74_W,2.3371105652346074e-56,305.1756292963235,0.0,0.0025486903975227774,0.0,0.04996701248294879,0.013128925720117892
p74_Y,1.0304828552231806e-36,181.69699474351512,1.8555667205670027e-05,3.302462738002293e-05,1.7659603e-07,0.008000911343586511,0.002013167058551056
p77_V,0.00021210151370071038,13.876598255020319,0.0,2.0493120585265963e-05,0.0028036577,0.15224564400534024,0.038767448698874885
p79_L,6.442306133108668e-133,989.5177264595817,0.0,3.411215464771538e-06,0.0,0.17159634536701393,0.042899939145619674
p79_V,3.8457631832241827e-19,85.11553939463276,0.0,4.274652671327732e-05,3.781544e-07,0.1581939102701221,0.039559258737808016
p80_S,2.6033254158828157e-127,925.9065219920742,0.0,1.8602774177396214e-05,0.00028877798,0.09714736133251486,0.02436368552284275
p81_F,2.58247538878575e-19,86.00619302089265,1.149779541809469e-05,0.00013205067618434553,1.4493023e-06,0.2286114268973974,0.05718910616782928
p81_I,8.719996863275656e-19,83.28827708056762,0.0,1.3989508176029761e-05,1.0360352e-06,0.10721060612392841,0.026806407916826296
p81_L,4.327009382322852e-39,195.73235394499758,0.0,0.00028621430979977255,1.1857553e-06,0.18778492920310225,0.04701808231705277
p81_V,6.743286939624947e-12,48.87947390070831,0.0,0.0004770331040574333,1.1869675e-05,0.027438071292946564,0.006981743518073663
p82_G,1.776406173591782e-21,97.24205194407138,0.0,1.5988511944816245e-05,1.8850424e-05,0.13885417764475974,0.03472225414509053
p82_S,2.795075740207728e-14,60.56378879385951,0.0,7.738159281444001e-06,1.550052e-07,0.008671781554006434,0.002169918679621028
p83_G,7.128341321358435e-38,188.51721570676514,0.0,1.4836482161194642e-05,3.8885096e-06,0.1460637296020408,0.03652061364844597
p83_N,4.07436413296024e-06,21.59515814556886,4.412402270639307e-05,0.00010937621431481113,5.7264402e-05,0.23168837701994463,0.057974785414774056
p84_HTMIASWV,0.06994679866664404,3.295068649342477,0.0023657018299303475,0.001506656007970361,9.963522e-05,0.2269756478519969,0.0577369102268091
p84_L,1.5661947971518355e-47,247.55322027769944,5.9263549759699995e-05,0.00014567415967806077,7.857977e-07,0.1499187038747503,0.037531106845467295
p85_F,5.073737584998367e-05,16.64142396041766,0.0,3.9733792949827674e-05,2.9499201e-06,0.0009839579528772625,0.0002566604164929229
p85_G,4.525689152444446e-33,160.6472862344525,4.840851030202171e-07,1.457459803814121e-06,6.3224475e-09,0.020804806369937822,0.0052016885593230274
p85_I,5.444600163420046e-11,44.493611911637764,0.0,0.00017833123397772575,8.848304e-09,0.14988397962556246,0.037515579926961126
p85_L,8.214227899742603e-32,153.50027335620524,0.0,2.950820229584233e-05,2.0600855e-06,0.07711014399923459,0.01928542807176637
p85_VMCTW,3.834941202786771e-05,17.186617092219564,0.00014770166481684776,4.478132685619754e-05,1.06238995e-05,0.201498139204005,0.050425311523787104
p86_F,6.33576324592559e-101,658.123949812248,0.1013080952991812,0.11767776432426377,0.029101862,1.0,0.31202193031606396
p86_M,1.0030598112889582e-10,43.217338346393525,0.0,5.5674216890979524e-05,0.0006302475,0.15218466500665617,0.038217646686656
p86_SYCATLR,1.575910663615701e-14,61.797713360802064,0.00026203178130756186,0.0003569908220653629,7.132463e-08,0.6769715423820329,0.16939765907750845
p86_V,2.467647899669629e-14,60.83186919819557,0.0,0.004942666932126212,0.0016127329,0.120876780128362,0.03185804498647341
p87_C,1.1206603154607567e-21,98.2908554372798,0.0,2.586935569178841e-05,1.0237397e-06,0.07181555409798411,0.017960611798354443
p87_IDNM,0.0013948437192781553,10.300813960639246,8.522355543708986e-05,2.7894037384835036e-05,2.7582593e-05,0.20379048640483385,0.050982796647725856
p87_S,9.001120860540595e-10,38.65989872425569,0.0,3.049302138956478e-07,0.0,0.03622115504413186,0.00905536499358644
p87_T,2.3371105652346074e-56,305.1756292963235,0.0,0.0025486903975227774,0.0,0.04996701248294879,0.013128925720117892
p87_V,0.8091223877317448,0.05839774963070763,0.0,0.0,0.0,0.0,0.0
p88_C,0.8192083485780459,0.05228329292086315,0.0,0.0,0.0,0.0,0.0
p88_F,0.0011531475710349522,10.658071039107197,7.728597869521805e-05,2.9844271590123134e-05,1.269975e-06,0.04954505803157202,0.012413364564207635
p88_I,1.3041047185015001e-06,23.86063449003142,0.0,7.282373994153359e-05,5.3575815e-07,0.13930157092117343,0.03484373260481553
p88_L,0.0001462318505348536,14.59178535164051,0.00017553555097129508,5.87790002299157e-05,4.2853494e-06,0.10398014475551126,0.026054686164029395
p88_MSGY,2.085258503125974e-07,27.537821617385756,0.0,2.059608330950384e-05,5.4440784e-06,0.05414588614232764,0.01354298157600853
p88_T,5.711228685281681e-31,148.75531061193948,0.0,6.835263419747236e-06,6.4613806e-07,0.003914581100961769,0.0009805156256109204
p88_V,3.968519417100493e-09,35.60216577374512,0.0,0.00018850584688161147,5.090286e-06,0.009442132455933583,0.0024089321471706692
p89_G,0.0001987059642566149,14.00187070582277,0.0,1.7801366795092376e-06,2.1126956e-05,0.126167294191845,0.031547550321180805
p89_I,1.5397227534762903e-24,113.46694396281076,2.15212207388061e-05,0.00016072000052774098,3.535694e-07,0.04479011607422029,0.011243177716219372
p89_LCMTA,0.06731856675235486,3.358390633660847,9.183295893934389e-05,6.769549143351263e-06,1.6537583e-06,0.09046551440098763,0.02264144266684704
p89_V,3.078404585440115e-09,36.12422430671216,0.0,2.971038342461359e-05,1.865564e-06,0.3404181481766661,0.08511243103100895
p90_G,0.2868425906337236,1.1362381314777579,0.0,0.0,0.0,0.0,0.0
p90_S,8.723432978622331e-88,542.27806538068,0.0,0.0011861275519303622,0.0030445845,0.4359996929791587,0.11005760126607218
p91_S,8.275490306032509e-15,63.18771773079947,0.0,9.936787205984044e-07,0.0,0.07427825726425209,0.018569812735743173
p91_V,5.9656237681727745e-109,734.3659002730454,0.00015318642549262348,0.0005710759111566365,0.00040186412,0.4154963121528692,0.10415560965221454
p92_PLVNAIM,0.102054371303203,2.680676162300901,0.0,0.0,0.0,0.0,0.0
p92_S,4.61169347641255e-30,143.67661322276322,0.0,1.0967614767425048e-05,0.0,0.31109583600897567,0.07777670090593578
p92_T,1.5787250995298124e-134,1008.2633879188772,0.0,0.00018459895759417015,2.5639872e-07,0.22319200783995222,0.05584421579906683
p93_Q,6.423544195532815e-31,148.4686387581388,6.190629016201929e-06,0.0,0.0,0.05414108156907378,0.013536818049522496
p93_T,1.995473071659433e-20,91.7609006228125,0.001113927637704517,0.00010161824158597733,0.00019050296,0.32808577131695227,0.08237295504005074
p93_V,0.43953664970221495,0.5982232170083669,0.0,0.0,0.0,0.0,0.0
p94_CGD,2.3281545200149817e-06,22.706108135445984,0.0010927770000208538,0.00012723292991126677,0.0003241686,0.014777338671943734,0.004080379298408989
p94_S,5.849127383858109e-52,276.00814494524354,0.0,1.232863313261245e-07,0.0,0.08450594764744782,0.021126517733444785
p94_T,2.2387185852926732e-11,46.355445314166026,0.0005260007053366415,0.0005800046260268758,0.0005104857,0.19375722666439585,0.048843429430542006
p94_V,1.3072615134632436e-137,1044.7302611753244,0.0,5.907001826406558e-07,0.0,0.1439177358360198,0.03597958163405061
p95_F,2.6582542060444953e-97,625.1006619935638,0.0013420323292014497,8.870545026805355e-05,6.0791022e-05,0.17172371767188405,0.043303811618439936
p95_I,1.727714641135379e-05,18.74626129642692,5.609098855354422e-05,9.766263132019232e-05,7.427256e-06,0.07014805583495352,0.017577309177744454
p95_L,0.11340216256338896,2.5128989594959763,0.0,0.0,0.0,0.0,0.0
p95_M,0.007459827740547948,7.203694523766071,0.0,0.00010855303844314178,8.4622894e-07,0.07826315825321688,0.019593139380150733
p95_V,3.2149094221194724e-47,245.57974879062334,0.0,2.6340087886827358e-05,2.142625e-06,0.0494270097020711,0.012363873103716411
p96_FWNAMSG,0.3945636556263227,0.7257896865824764,0.0,0.0,0.0,0.0,0.0
p96_I,0.0017931891876236594,9.83076355519781,0.0,5.321747624009407e-05,2.0332345e-07,0.06899721544953419,0.017262659062306646
p96_L,2.7438309619407825e-15,65.57734290734976,0.0,1.8261557601332478e-05,4.6305654e-06,0.06933660804742713,0.017339875042607006
p96_T,2.683348918641778e-06,22.42387297839161,0.007858421876793186,0.010305136443274387,0.004984202,0.4626985242909933,0.12146157111861723
p96_V,0.010391410132503697,6.604738260782555,0.0,1.1026611462168094e-05,4.126993e-06,0.02057668939942703,0.005147960751019763
p96_Y,0.18357997253845015,1.7721565920699014,0.0,0.0,0.0,0.0,0.0
p97_N,1.095154542670782e-52,280.77051550226895,0.0008574865873317024,1.8530317327897605e-05,0.0010010225,0.3516979960719431,0.08839375887496793
p97_S,1.7799064835114382e-13,56.59453743314765,1.76661927410743e-05,0.00010154938217661612,6.1469436e-06,0.10123102776964042,0.02533909757204783
p97_T,0.02890683952409662,4.794321172477033,0.0,2.419450550659538e-05,2.2997001e-07,0.09578231321780388,0.023951684423330823
p98_C,0.19678381004047618,1.6694909152823647,0.0,0.0,0.0,0.0,0.0
p98_F,4.24585269148264e-14,59.665093914247834,0.0,0.0,0.0,0.05166848711331574,0.012917121778328934
p98_Q,2.3371105652346074e-56,305.1756292963235,0.0,0.0025486903975227774,0.0,0.04996701248294879,0.013128925720117892
p98_S,6.196364548846229e-20,89.20826427263063,0.0035088851189851215,0.0007619047534582773,3.847179e-06,0.024829520035502258,0.007276039271726265
p99_C,5.815770228983591e-18,79.07200618859451,0.0,1.9174637772558387e-06,6.8765723e-07,0.12232983994931221,0.030583111267580933
p99_F,8.040055783589647e-13,53.381182357563695,3.65513842243173e-05,5.007269058127074e-05,2.7785673e-05,0.025607894922396197,0.0064305761674256
p99_I,1.2871487354857643e-16,72.24808938673483,0.0,2.130264265964499e-05,7.4437403e-06,0.12701289792145717,0.031760411076101024
p99_L,0.5438993169196246,0.3687466829321409,0.0,0.0,0.0,0.0,0.0
p99_M,0.42645656582019886,0.6332453449257592,0.0,0.0,0.0,0.0,0.0
p99_S,1.190679376432634e-33,163.96141286680125,0.0,0.00038604130370672925,0.00028101937,0.24837303034613345,0.06226002275474511
p99_V,7.343496084545198e-05,15.92328072376331,3.380546002251788e-05,0.00011714952618806305,7.0331504e-07,0.1010234465045859,0.025293776201458673
p99_W,0.5317715149705771,0.3914219264250843,0.0,0.0,0.0,0.0,0.0
p100_H,0.3124007112355994,1.0220794821232893,0.0,0.0,0.0,0.0,0.0
p100_N,0.001579435049205248,10.068029947762835,0.00027714151403657747,2.8357619505762813e-05,9.886405e-06,0.1191177913934512,0.029858294232940542
p100_Q,6.314227915780433e-41,206.7380890211924,1.5605175108032204e-05,5.8825083680664584e-05,1.3690751e-06,0.24344833466177074,0.060881033498916735
p100_R,5.333575332469355e-34,165.96139387718267,0.00040367862796156185,1.2991712223763308e-05,5.3745416e-06,0.0755937184331495,0.019003940828737534
p100_S,0.00012195881886053355,14.941824919461197,0.00014411055883660893,5.5521894740655616e-05,4.4993834e-05,0.1295924304364349,0.03245926418108007
p100_VAMKTC,0.00014372512166778886,14.62510384167191,0.0,7.36169147095148e-05,1.0130356e-07,0.17065912530842156,0.04268321088167348
p100_Y,2.712692472548811e-07,27.00791665129069,0.0001647013509077391,9.8336210339471e-05,5.0817624e-05,0.009947492725239896,0.0025653369775117396
p101_G,1.4370005704239643e-12,52.14841151688621,0.0,1.0729016916737137e-06,1.2604085e-06,0.04268213042876106,0.010671115934726473
p101_R,2.786978254834648e-09,36.32880911838896,0.0,5.379363820836136e-05,2.4993008e-07,0.007746003210794003,0.001950011694771082
p103_Y,2.86789715269873e-23,106.69216653391504,0.0,2.1785833545766145e-06,1.7177997e-07,0.12863353750045448,0.0321589719659456
p104_F,1.530416889000473e-34,169.08057599780568,7.975616670149474e-05,1.3175300178958267e-06,0.0,0.14974376854175395,0.037456210559618335
p104_I,1.2335880080459097e-08,33.278182314068715,2.438936589801655e-05,3.268094302913087e-05,5.0331573e-07,0.1587513674776422,0.03970223527557539
p104_SLR,2.197213581476346e-07,27.432411921588734,2.4917209265417673e-05,4.641087051653957e-05,0.00029175254,0.2119560901634359,0.05307979269622211
p104_V,0.00018693532914578208,14.11920184197538,0.0,7.479448512506287e-05,1.256499e-06,0.12972265054503898,0.03244967538228856
p105_L,5.698783482442273e-19,84.23709579809817,1.2562374582743266e-05,4.357569642386732e-05,2.7764088e-06,0.1249198399097652,0.031244688597390893
p105_MIHWP,0.05210637971437749,3.7861722112058156,7.832771795524068e-05,0.00016014132921724286,1.8540914e-05,0.14073603781553712,0.0352482619440563
p107_H,6.982997221846411e-31,148.265025336006,0.0,0.0042930484515023805,0.085217655,0.0030828834537361526,0.023148396652571537
p107_K,2.9454954998933663e-16,70.43616724874151,0.004800379992658641,0.004092221191835146,1.4922563e-06,0.13869513960050564,0.03689730826031838
p107_P,0.24910720629122748,1.3306750236821285,0.0,0.0,0.0,0.0,0.0
p107_R,6.976599424816535e-06,20.531230073514894,0.0,4.938167300514375e-05,8.9888315e-05,0.14509920275327526,0.03630961818542385
p107_SYQEI,2.732545060059705e-05,17.848373964083198,0.0,3.0673676844893855e-05,1.4300957e-05,0.10266705107570731,0.025678006427499504
p107_T,0.9997700621852086,8.31138692393678e-08,0.0,0.0,0.0,0.0,0.0
p107_V,0.09053090110192918,2.8734048764256084,0.0,0.0,0.0,0.0,0.0
p108_I,0.22422765461847471,1.4799130321170653,0.0,0.0,0.0,0.0,0.0
p108_L,0.08274960316281468,3.0193162900074815,0.0,0.0,0.0,0.0,0.0
p108_MAFQSYRDN,0.017757772229156962,5.648480649818607,3.7533180891389075e-06,0.00036544084869088626,3.3987337e-05,0.05684628105610577,0.014312365639919462
p108_P,2.3371105652346074e-56,305.1756292963235,0.0,0.0025486903975227774,0.0,0.04996701248294879,0.013128925720117892
p108_T,0.1453760564732205,2.12518474425728,0.0,0.0,0.0,0.0,0.0
p108_V,0.5490002972977939,0.3594851227869684,0.0,0.0,0.0,0.0,0.0
p109_F,0.0017740743186608074,9.850777950814896,2.929586007391093e-05,2.9140169132132882e-05,1.7635499e-05,0.16160226696843663,0.04041958462411244
p109_G,0.09951755325828374,2.7209890281585087,0.0,0.0,0.0,0.0,0.0
p109_L,0.9881703467238869,0.00022000286839186442,0.0,0.0,0.0,0.0,0.0
p109_M,9.035285576811084e-20,88.36066629300937,0.0,1.1681177668724578e-05,5.194942e-07,0.12078913521306567,0.030200333971239064
p109_V,1.2615882139014655e-51,273.83142436803587,0.0,1.3150216383349689e-05,1.13976615e-08,0.05061676007907495,0.012657480423279946
p111_I,3.304686177818804e-05,17.476959943592927,4.760168487378243e-05,4.218715241144498e-05,5.8699893e-08,0.1156898832601758,0.028944932699338493
p111_K,2.780140423192939e-13,55.64237281146023,0.0,0.00017071527953073343,0.00037399324,0.29818041787223054,0.07468128159882943
p111_N,0.00032865762343307133,13.037885807215439,0.0,9.47126703807148e-06,1.9777082e-05,0.18222650693916834,0.04556393882213744
p111_QTSRMEDG,0.004693531488012257,8.04921827988481,0.0,3.9891425019249085e-05,2.1083226e-05,0.09149050133003755,0.022887868995232815
p111_V,1.6671435780377268e-40,204.19753311388573,0.0,0.00013204502395736158,6.087757e-07,0.029447855417600668,0.007395127304309196
p111_Y,0.12341403149371209,2.3795927972708704,0.0,0.0,0.0,0.0,0.0
p112_I,0.8161510277711372,0.05409909381500515,0.0,0.0,0.0,0.0,0.0
p112_L,6.235513726198713e-06,20.753061874429488,6.711565499636807e-06,0.00013710698319762627,5.328589e-06,0.07205425212178856,0.018050849814856645
p112_M,2.5082309453380194e-10,41.30878349346938,0.0,0.00024322708949877132,4.383089e-05,0.15707496532534343,0.039340505825935256
p112_V,1.6676341702336352e-07,27.98860367571553,0.00024916052927566703,0.00019560375665423458,3.5018526e-05,0.07925280117535098,0.019933145996700947
p114_G,1.8516968492838948e-84,514.6119712346581,0.0002348037034708905,0.00018359897120678653,3.5543006e-05,0.10857917114501148,0.027258279206335178
p115_F,5.080626478730066e-15,64.24262122780361,0.0,9.671935231734464e-05,1.1482679e-05,0.005627829668954179,0.0014340079250500278
p115_Y,2.8191377389350435e-39,196.84124327318787,0.0,9.598822831512758e-05,4.16941e-08,0.2599737763101952,0.06501745155815274
p116_F,0.00022448064821850637,13.767744250022325,0.0,3.733175234957952e-05,1.3531551e-06,0.12161960796187603,0.030414573217327618
p116_L,3.9012176776238945e-45,232.52328272434977,0.0,9.41717478668004e-06,3.058577e-05,0.30243520923622796,0.0756188030448536
p116_M,0.06253204303850353,3.4808226063083225,0.00011622911097530409,0.0002063498371549399,7.1182905e-05,0.12317401155703181,0.03089194335259818
p116_T,1.198013209221442e-16,72.40540417404524,0.001198984147025137,0.0030133499524651625,0.002225699,0.1381129188967457,0.03613773797485975
p116_V,0.396195092413286,0.7207928383273072,0.0,0.0,0.0,0.0,0.0
p117_G,1.3072615134632436e-137,1044.7302611753244,0.0,5.907001826406558e-07,0.0,0.1439177358360198,0.03597958163405061
p117_V,1.1530571183134114e-42,217.29408175361252,0.0,1.6611410299548068e-05,3.7001785e-06,0.20323652925537838,0.05081421021103639
p118_S,0.03668571507632805,4.3829280137295035,0.0,1.0986974184195851e-05,1.8264094e-05,0.15433405306347112,0.03859082603297663
p118_T,0.15505679546193435,2.0264709725111283,0.0,0.0,0.0,0.0,0.0
p119_H,0.7327984643629912,0.1166572978977813,0.0,0.0,0.0,0.0,0.0
p119_I,1.0633633953522174e-10,43.09555465677169,0.0012601864578250684,0.0007043899550933698,9.158313e-06,0.31220434655118484,0.07854452031935896
p119_L,1.2137749535788997e-12,52.50652811943875,0.0037101771039211007,0.0028600800601547944,0.00083004683,0.06645674102279207,0.018464261254857367
p119_T,0.02667730096475679,4.933881252986979,0.0003193644163759439,0.0006993407666399634,5.5563723e-06,0.08225246155758748,0.020819180778236735
p119_V,2.095068182156577e-17,76.23948767071506,2.2558853875874416e-05,0.00011187261502777995,5.2079236e-06,0.25314855447071377,0.0633220484657919
p120_C,3.503465245981262e-51,270.9470380030785,0.0,8.193289554623161e-07,0.0,0.0046387697138431305,0.0011598972606996483
p120_G,0.9871580362342285,0.00025927036871408913,0.0,0.0,0.0,0.0,0.0
p122_I,4.54615590024726e-50,263.7487404253546,0.0,7.162203141722175e-06,0.0,0.0990197167792741,0.024756719745603954
p122_L,1.2972197964818512e-129,951.7266527030873,0.0,1.2068119178933478e-06,0.0,0.20120569509392644,0.050301725476461084
p122_M,1.9217589471872712e-13,56.43070170095744,0.0,3.086045693213537e-06,4.031162e-10,0.04766033445577532,0.011915855226146185
p122_Q,0.8222068055618468,0.050534106963566666,0.0,0.0,0.0,0.0,0.0
p123_I,0.00013486618948244775,14.74774388579076,0.0007940178004362112,0.00023367592788071974,5.823696e-05,0.07296961063275614,0.018513885330566963
p123_T,5.7333461434485115e-36,177.34470728032937,0.0,0.00014603598279148283,2.0048168e-07,0.16270565849419286,0.0407129737396659
p123_V,4.505764038671937e-58,316.7970212598896,0.0,5.27249792967842e-05,2.1458833e-08,0.022908958468447715,0.005740426226644358
p124_G,2.704620393688307e-15,65.60856050899453,0.00042309424330651306,0.000514564499266073,0.000113668124,0.144886591238563,0.03648447952627356
p124_S,4.889938406745942e-09,35.17344298715615,0.00196163805158286,0.0003445559910283971,0.0007482522,0.15333537024140967,0.039097454122276484
p124_T,8.08530667294916e-126,909.3962031383161,0.0,3.222748393508405e-06,0.0,0.10510903005469076,0.026278063200771067
p125_G,2.77128732261146e-84,513.1737025944894,0.0,8.98065080662944e-07,2.2754684e-06,0.25958777854052617,0.0648977380185098
p125_L,8.991701328895707e-132,976.3235344700607,0.0,4.146408739322063e-08,0.0,0.10083957259810503,0.025209903515548106
p129_T,2.8933981801689434e-18,80.62014307550479,4.423337481273009e-05,1.011170201152794e-05,8.15173e-06,0.1741872740930478,0.04356244272498586
p129_V,1.3782863156172542e-10,42.55478550878987,0.0,1.5285866003398214e-05,0.0001490336,0.16278210028891213,0.04073660493869948
p130_I,6.213543535372879e-42,212.83648370046916,2.9076561648255557e-05,3.260207955204371e-05,1.7785713e-05,0.04082565563507142,0.01022627999726068
p130_V,0.41989856912022117,0.6514221131838646,0.0,0.0,0.0,0.0,0.0
p131_L,4.651958057080081e-15,64.43341199850484,0.0,7.764291813169716e-05,0.0,0.15394708887410652,0.038506182948059554
p131_V,1.4892364072217936e-06,23.595839209377665,0.0,5.464157546494644e-05,4.315584e-05,0.01983835056779843,0.004984036995841665
p132_S,1.1437914552346227e-26,124.96691744449086,0.0,7.040181173837638e-05,2.2224322e-06,0.047580790031280774,0.011913353568794364
p133_I,0.14282663167693158,2.152421885112655,0.0,0.0,0.0,0.0,0.0
p133_V,0.00010868285925792415,15.164397403220201,0.0,0.00010177754479441857,2.4421188e-06,0.0032073650800557452,0.0008278961859086733
p133_W,3.0053009081479576e-55,297.7338941803062,0.0,0.0025486903975227774,0.0,0.04996701248294879,0.013128925720117892
p136_W,4.197902976113249e-24,111.1363383575517,0.0,1.4907617776665185e-05,4.6217746e-10,0.055365338145923336,0.013845061556469366
p136_Y,1.6633827044498856e-15,66.66378164100811,0.0,5.1057879318999994e-06,2.795386e-09,0.09119739724845373,0.02280062645794289
p137_L,1.2153819647427527e-05,19.437258601845247,0.0,2.8531981646147258e-05,6.4564915e-07,0.21618619763020414,0.05405384381525055
p137_M,0.005131756575320711,7.885639537432332,0.0,5.5895785805360864e-05,6.780287e-07,0.18801968507110586,0.047019064721402326
p137_V,4.050873795285513e-05,17.07982876222634,0.0,0.0001365034713024776,1.494804e-06,0.05592059365875024,0.014014647983512214
p139_V,6.35878214411132e-142,1097.113393464272,0.0,0.00010609699121525615,4.7103795e-06,0.019367516169945122,0.004869580885157935
p143_I,0.045412103632107285,4.018649122990742,0.0,2.1384566521158483e-05,1.2387126e-06,0.0022766618516934277,0.0005748212826963313
p143_L,4.680116901579e-18,79.55337244644807,0.0,1.1767009841835921e-05,7.5578466e-10,0.200287786155791,0.05007488848035437
p143_M,0.00012794798992431299,14.84931289678133,0.0,2.4103842121141398e-05,2.9190008e-07,0.0015015006531899893,0.0003814740988475874
p143_VT,0.09910121360524787,2.7277125021694237,0.0,0.0,0.0,0.0,0.0
p144_S,0.00021150684181399634,13.881987797509508,0.0,3.664738384219555e-05,1.6269005e-05,0.05007680280810655,0.012532429799198568
p145_N,0.0037241657075224345,8.474596597347928,0.0,7.857147818570784e-05,9.02924e-06,0.1086773412266197,0.02719123548611723
p145_S,0.21674950651067773,1.5287177997070633,0.0,0.0,0.0,0.0,0.0
p146_I,0.03491846340310439,4.467778626198691,0.0,5.411217203862821e-06,9.7390895e-09,0.09417474450576936,0.02354504136551569
p146_V,3.2707017708524486e-37,184.62024422366866,0.0,8.314848503895162e-06,1.6695877e-07,0.045622782023788507,0.011407815957765691
p147_IVQSMHN,3.7518621953929265e-05,17.22932702723244,0.0028210068488695277,0.0002520444616427807,1.2159709e-06,0.06975602567547305,0.018207573239217113
p147_K,4.822163030148675e-10,39.951990277480405,0.0,1.9247001869948116e-05,8.66045e-05,0.015716899699315893,0.003955687800576647
p147_R,0.2601841609779882,1.2699811267428562,0.0,0.0,0.0,0.0,0.0
p147_T,0.0027603418634780815,9.028171104244624,0.0,4.152860089650196e-06,5.7279124e-07,0.03640463790417763,0.009102340888875987
p149_G,0.47061909885170694,0.5211285160862221,0.0,0.0,0.0,0.0,0.0
p149_K,7.827143523409615e-12,48.565320923591436,0.0,6.437395166077583e-06,0.0,0.034162037879703545,0.008542118818717406
p149_N,7.561486886976314e-27,125.94601345577215,0.0,0.0002192854539088021,3.4103002e-06,0.16151913448653255,0.04043545756016623
p149_RAQ,0.02920054833508219,4.7767782421739655,0.0,8.791407231815695e-06,0.00018679076,0.03438453016948277,0.008645028083137022
p149_S,0.007334927727861138,7.234344358239419,0.00015633998806705737,0.0001793609809354487,5.1765505e-07,0.1865533044030007,0.04672238075676406
p149_T,0.5809132204787621,0.30506528692684287,0.0,0.0,0.0,0.0,0.0
p150_E,0.000594042225337803,11.910901417137293,0.0,5.118164343818443e-06,2.8956915e-06,0.03501386395279391,0.008755469452165186
p150_G,1.8534028370168377e-09,37.168893245200614,1.039804097314e-06,5.7733100981678875e-05,2.227061e-06,0.03252807992995319,0.008147269974015943
p150_NTQRM,0.0002556642457747648,13.518376076727373,0.00019785548900446223,8.045242992895998e-05,5.067019e-06,0.22606317820403846,0.05658663828553648
p150_P,0.0001493284449716178,14.551413991062537,9.099855175112914e-06,9.257466677766096e-06,7.0674155e-09,0.24032762348158712,0.060086496967713884
p150_S,3.183460160273828e-64,359.6619799808054,0.0,0.002891141440022533,2.8063312e-06,0.006803905331977726,0.002424463275791927
p151_D,0.0015604013089472388,10.090718603097292,0.0006889386448776721,0.0002754004263027754,4.532503e-06,0.04909440800385502,0.012515819894565385
p151_K,4.218984085533334e-05,17.000591360833948,0.0,2.1494299851010086e-06,7.3986994e-06,0.060785401718529856,0.015198737461974029
p151_N,0.5255494987464759,0.4034225027665351,0.0,0.0,0.0,0.0,0.0
p151_QREPGH,2.47923958168117e-09,36.569614662688224,0.0,0.0002161171939401795,8.972842e-09,0.16032736547095863,0.04013587290943521
p151_S,4.183299012000635e-05,17.017141769127715,0.0,2.6036234305479887e-05,3.871119e-06,0.05737644765099036,0.014351588751107383
p151_T,0.19329554394101886,1.6958132816149656,0.0,0.0,0.0,0.0,0.0
p152_L,4.111648854271252e-26,121.94817086862884,0.00012408063846431938,3.5608049704640484e-05,3.926265e-09,0.15367978851472183,0.03845987028228897
p152_QMFIYS,0.006656102749979078,7.410874472936042,0.0004789571901224036,0.00014941086019286406,0.0004294983,0.05377051550326099,0.01370709546181154
p152_W,2.6716507174644384e-18,80.79718715457322,0.0,1.6491242322573525e-05,0.0,0.08524186280141635,0.02131458851093473
p153_SMGV,0.009388907200369709,6.787508396726393,0.0,0.0012046877790231872,0.00076719275,0.3501271447873367,0.08802475632786887
p154_G,0.0008042164021220137,11.33736222222019,0.0,1.4699021449275788e-05,5.573826e-07,0.11083242722037558,0.02771192090610057
p154_I,3.835064167380258e-08,30.965991314955925,0.0,5.41256366676535e-05,2.5116476e-06,0.00705016216609399,0.00177669986259244
p154_L,5.8841697218585746e-55,295.7859326819669,0.0001603098896799689,0.0001200340718614364,4.7455e-06,0.11525759815876346,0.02888567190509222
p154_M,0.7247455980814002,0.12409776822687113,0.0,0.0,0.0,0.0,0.0
p154_SFYR,0.16893664874222467,1.8965520280199624,0.0,0.0,0.0,0.0,0.0
p154_T,1.1479137962674955e-09,38.15737041238649,0.0,7.25481315146365e-05,1.1537619e-06,0.26507566302469904,0.06628734122952848
p154_V,0.8120776492034072,0.05656918523903064,0.0,0.0,0.0,0.0,0.0
p155_G,0.0015322323825204133,10.124817737098004,9.477487616349675e-05,2.8902164500315166e-05,9.2613245e-06,0.11551598706030516,0.02891223135637262
p155_I,0.09821071416251723,2.7421974924988364,0.0,0.0,0.0,0.0,0.0
p155_L,5.506544867870108e-17,74.11180534790643,0.0,7.013497299445087e-06,3.130661e-07,0.06683532672677335,0.01671066332254213
p155_M,0.32066885640919307,0.9877180879309357,0.0,0.0,0.0,0.0,0.0
p155_V,0.022289435896729118,5.248023559270857,0.00011704328924283849,8.47688560351655e-05,7.1543735e-05,0.10445171230367985,0.026181267045869632
p156_C,1.6929549742422358e-06,23.340287542456373,0.0,3.438155779375894e-06,0.0,0.12690979662573365,0.03172830869537826
p156_G,1.2614705767225979e-129,951.8638639846162,0.0,3.262565011242894e-05,0.0,0.13378949523934835,0.03345553022236519
p156_V,1.8811461059861754e-63,354.182195472098,0.0,1.288716955932243e-06,6.408706e-08,0.07200746957293637,0.018002205594238322
p157_I,1.2325961774280577e-43,223.2475265467744,0.0,5.163708402238922e-06,2.0195237e-05,0.1246890663235676,0.031178606317263564
p157_L,0.034062110881413664,4.510528763029357,0.0,3.2190220321005347e-06,1.698303e-06,0.04251261418735679,0.01062938287809245
p157_V,7.711901145887043e-16,68.33602060566393,0.0,1.5151037665385553e-05,7.166124e-06,0.02232758250650309,0.005587474917004811
p158_FTMC,0.01344850132214822,6.142520065979149,9.442592391186076e-05,0.00018717561821981343,4.870541e-05,0.09415657570776409,0.02362172066483056
p158_G,0.7776046243551188,0.0798394611830233,0.0,0.0,0.0,0.0,0.0
p158_I,0.09204843151524134,2.846539324433378,0.0,0.0,0.0,0.0,0.0
p158_L,0.010867330243379651,6.524225528412783,0.0,2.9424019184800505e-05,3.5037747e-06,0.039459589777269787,0.009873129392783245
p158_S,0.8684691281819232,0.027446045761894418,0.0,0.0,0.0,0.0,0.0
p158_V,0.5476860321714426,0.3618560088602145,0.0,0.0,0.0,0.0,0.0
p159_F,1.5843410906629042e-48,253.86965530477136,5.370013260836054e-06,5.636783701918038e-05,6.376709e-06,0.07464482056503793,0.01867823378103573
p159_ICSMTG,0.014736212645008781,5.979498008682551,0.0,1.426371112467466e-05,2.1712276e-06,0.10540756253527114,0.026355999368500603
p159_L,0.00036544678358177803,12.835296759353584,0.00010220594758937997,0.0001363002451186761,3.190179e-05,0.1237603243916754,0.0310076830933567
p159_V,0.027123926790723504,4.904973279569002,0.0,1.6358596333448806e-05,3.3583135e-06,0.07512723680863435,0.01878673842961855
p160_T,4.061645355926294e-51,270.5303028213065,1.6963629569619825e-05,2.4883425840815734e-05,3.420747e-05,0.062402176966603634,0.015619557873225935
p162_I,0.03895420576904594,4.280092969000653,4.5034426338001526e-05,0.00039214234080301943,1.5467474e-05,0.023790156191449405,0.006060700108257809
p162_L,0.9307973044403652,0.007547309160155592,0.0,0.0,0.0,0.0,0.0
p162_TAMGCS,2.212656718394732e-05,18.261326686123493,0.0002256671666421512,8.981098275587693e-05,1.1229434e-05,0.06162521385623603,0.01548798035985023
p162_V,0.00029773465697376046,13.2267729167018,1.020845233373435e-05,0.00019992237778240974,9.770268e-06,0.00824598893604489,0.002116472508478302
p163_F,5.281679337358295e-08,30.31580480598796,0.0,6.095176137380455e-06,2.5281208e-08,0.11700059282231229,0.029251678319914477
p163_I,2.0176700490614847e-78,466.03855052774526,0.0,5.41913753752911e-06,0.0,0.0052133896461542,0.0013047021959229324
p163_LGCST,0.0010926571536299307,10.759415958729226,0.0,3.411915547501298e-05,3.7807908e-06,0.16967026286117984,0.042427040701875814
p163_M,0.06845143835109106,3.330776945071469,2.013719284059219e-05,2.4323274292594132e-05,2.8782715e-08,0.14085675325479732,0.03522531062616135
p163_W,2.3371105652346074e-56,305.1756292963235,0.0,0.0025486903975227774,0.0,0.04996701248294879,0.013128925720117892
p164_G,1.2965252906844144e-129,951.7292820208677,0.03731847052062828,8.945505169877046e-05,0.0010916522,0.24645637467968332,0.07123898811314192
p164_S,4.24777615376409e-27,127.31241785258635,0.0009558951979100027,0.0008349575713281558,3.4153756e-05,0.2078210754646157,0.05241152049749661
p165_C,0.0068589883135941575,7.356249951329549,0.0002293354337822785,0.0002686391722683802,2.293203e-05,0.20278315024668092,0.05082601422076623
p165_F,0.4137002336482184,0.6689959396439833,0.0,0.0,0.0,0.0,0.0
p165_I,1.555727987852701e-48,253.92008108062842,0.0,5.137377404520808e-05,3.1789215e-05,0.1427262806333334,0.03570236090570143
p165_L,0.23945404392208386,1.386334532187279,0.0,0.0,0.0,0.0,0.0
p165_M,0.008862218719272844,6.891741182243204,0.00016701089831004111,6.159317835827912e-05,4.7722224e-06,0.17655751141632473,0.044197721928843914
p165_NTG,0.5587330040850442,0.34225423804234734,0.0,0.0,0.0,0.0,0.0
p165_S,0.4281575779815815,0.628599154701915,0.0,0.0,0.0,0.0,0.0
p165_V,7.10844767828618e-26,120.66027272806855,0.0,3.6118579680859685e-05,1.5527461e-06,0.17962919119754533,0.0449167156308277
p166_F,0.37477897356802603,0.7888372564105668,0.0,0.0,0.0,0.0,0.0
p166_G,3.883315052149277e-107,716.7588328838028,0.0,6.316239130851429e-06,0.0,0.0703822412364357,0.017597139368891637
p166_I,0.5813195295587829,0.3044101462127096,0.0,0.0,0.0,0.0,0.0
p166_S,0.9628475090241706,0.002171416180201277,0.0,0.0,0.0,0.0,0.0
p166_T,0.13237247118371048,2.270129466683389,0.0,0.0,0.0,0.0,0.0
p166_V,1.2656283826873214e-21,98.01374395536352,1.31542902312701e-05,5.7034618257121256e-05,9.291291e-06,0.2624026949013219,0.0656205437750908
p167_C,0.007324509318497625,7.236925107245845,0.0,0.0004907881328402944,0.0,0.01121622903318041,0.002926754291505176
p167_V,2.0179979165099967e-71,412.2554174704968,0.0,5.832463658121725e-07,0.0,0.004160418827078717,0.0010402505183611324
p167_W,2.0298442436970435e-55,298.87347732677694,0.0,0.0025486903975227774,0.0,0.04996701248294879,0.013128925720117892
p168_C,1.5573550752883393e-20,92.32062766750278,0.0,1.4869696582346978e-06,2.855855e-07,0.08487360237471528,0.02121884373246486
p168_S,7.136094901521195e-38,188.5144283690914,0.000858035869144199,0.0004892547406788532,1.8219924e-06,0.07003900911834265,0.017847030430151768
p168_T,1.2366542092409918e-21,98.06649055567968,0.0,6.972784963962493e-06,1.131869e-06,0.1880154553590483,0.04700589000325269
p169_G,0.3046702319567869,1.0552988484333365,0.0,0.0,0.0,0.0,0.0
p169_I,7.464682057144022e-66,371.33732268322314,3.984562416702182e-05,0.00020840494789303626,4.759483e-05,0.20181500481015868,0.05052771255282572
p169_L,0.01022184713867279,6.63434320531525,0.0,6.697081238762164e-05,1.00244615e-05,0.0976465745490711,0.024430892455743897
p169_TSCMF,2.2285423650318807e-13,56.11438350691985,0.0,5.2472655815919225e-05,8.4367207e-07,0.04642597325781758,0.01161982239642565
p169_V,0.21667125249369917,1.5292391105162575,0.0,0.0,0.0,0.0,0.0
p172_I,2.6958215459057196e-44,227.31846226875777,0.0,8.812705390675161e-06,1.4622274e-05,0.0518916084679578,0.012978760861771743
p172_L,0.00212635362205199,9.512982835257764,0.0,3.947616391965817e-05,0.0,0.024315039962151046,0.006088629031517676
p173_F,0.9880395128343205,0.00022489653280411158,0.0,0.0,0.0,0.0,0.0
p173_L,0.525386442636926,0.40374041157697527,0.0,0.0,0.0,0.0,0.0
p173_V,0.9678710467139221,0.00162360710986209,0.0,0.0,0.0,0.0,0.0
p178_Y,8.166878770529121e-12,48.47579920110144,0.0019656754030766346,0.0010537346263299128,0.00037264984,0.42650611759804913,0.10747454436682552
p179_L,0.27514565255480494,1.1929124773437771,0.0,0.0,0.0,0.0,0.0
p179_MV,0.00017990417419552616,14.192905009137048,0.0,1.024561606361441e-05,3.326509e-05,0.08207690547227843,0.02053010404430038
p179_W,2.3371105652346074e-56,305.1756292963235,0.0,0.0025486903975227774,0.0,0.04996701248294879,0.013128925720117892
p181_H,8.990871335571196e-55,294.55889474250233,0.11725238228919724,0.19319499256480346,0.14751713,0.7213683657636182,0.29483321759912023
p183_L,1.4074172332131429e-05,19.148855371789793,0.0,0.000378189146402703,0.00014085078,0.0031923249067950976,0.0009278412086652218
p183_M,9.195363956877927e-07,24.55858491966588,0.0,8.416316611337125e-05,8.002983e-06,0.013612906298208188,0.003426268111860996
p184_K,2.3371105652346074e-56,305.1756292963235,0.0,0.0025486903975227774,0.0,0.04996701248294879,0.013128925720117892
p184_Q,3.4221750756275906e-19,85.3764152833088,0.0,2.9737296433003647e-06,0.0,0.004174069086125497,0.0010442607039421994
p185_SIGE,0.45011016607679566,0.5710608557633817,0.0,0.0,0.0,0.0,0.0
p185_T,1.037951168490629e-47,248.68414947390224,0.0,2.368327477250147e-05,0.0,0.1636186359649001,0.04091057980991815
p185_V,0.6327599040692757,0.22855157013041172,0.0,0.0,0.0,0.0,0.0
p186_S,0.01494093725465345,5.95494162329628,0.0,1.1244218241090889e-05,1.544838e-05,0.11236352076912338,0.028097553341968378
p189_P,3.40516179121539e-05,17.4184958371404,0.0,6.947077367173823e-05,0.0,0.14656347137822717,0.036658235537974725
p189_V,0.01963938731469306,5.470623046167405,0.0,2.3101685704630007e-05,6.315349e-06,0.07002751974340667,0.01751423419449168
p191_W,1.387352553851425e-166,1429.2751180874204,1.0,1.0,1.0,0.09224924872270496,0.7730623121806762
p191_Y,3.86314075547038e-11,45.211715765618564,0.0,0.0,0.0,0.042282236239756035,0.010570559059939009
p192_Y,6.257675804928947e-56,302.29899637703477,0.0,0.0025486903975227774,0.0,0.04996701248294879,0.013128925720117892
p193_T,5.463103627436671e-53,282.7546403148037,0.0,5.7841309142973724e-06,5.9184555e-09,0.1509168898366572,0.037730669971506745
p194_H,2.4880086321300485e-06,22.574079608177716,0.0,2.8488216744390606e-06,0.00013762194,0.1867140314551911,0.04671362555529253
p194_L,3.659935677993473e-05,17.27771091620462,0.0,2.267630823446233e-05,2.9393545e-06,0.002835158094542194,0.0007151934393303268
p194_NMKASQI,1.824861035905816e-07,27.806809621843932,0.0,2.599576664245668e-05,3.651095e-07,0.0871498598094943,0.021794055171412734
p194_P,0.5480315651097694,0.36123165213329206,0.0,0.0,0.0,0.0,0.0
p194_R,0.016400659146228243,5.789322319407555,8.004969506603628e-06,1.0622993108862171e-05,0.0,0.012291360966042929,0.0030774972321645985
p194_T,7.969277524846133e-13,53.399973721275664,0.0,4.86305696558403e-06,1.4413072e-09,0.022855881434915955,0.005715186483297181
p194_V,3.7185259418073887e-72,417.7748335229275,0.0,2.2187007333270488e-06,0.0,0.07879150360662433,0.019698430576839416
p195_DERHPCQF,0.00030971069901505253,13.151364404230216,1.7438293827609174e-05,1.6599748320832642e-05,7.471454e-07,0.07948708324826731,0.019880467108955656
p195_G,2.368150085053942e-81,489.356728514504,0.005796291203186216,0.003166229062191116,0.00071600894,0.06868266665999344,0.01959029896745192
p195_K,0.02081718185066952,5.3680663930875205,0.0,5.438862566127314e-06,2.2057792e-08,0.07351593034556791,0.01838034781648152
p195_N,8.860807883119113e-08,29.26688907219064,0.0,0.0007353915983583876,3.824847e-05,0.21900647355937708,0.054945028406590615
p195_S,9.7758650110489e-40,199.58872507456536,0.0,0.0001291535642296548,1.733966e-05,0.13618528701503996,0.03408294505986477
p195_T,0.09103354134034618,2.864452466799446,0.0,0.0,0.0,0.0,0.0
p196_E,0.033491812415985193,4.539628184944542,0.0,4.122967931590794e-05,5.895378e-06,0.05216156683010597,0.013052172971818831
p196_N,4.9396027998904334e-14,59.34010518783445,0.0,0.0,0.0,0.05166848711331574,0.012917121778328934
p196_P,6.337878501712356e-05,16.20905100444373,0.0,1.9989105264080606e-06,0.0,0.07067096062959341,0.017668239885029954
p196_S,8.17373011971403e-23,104.2814699848641,0.0,3.622290188212782e-06,9.207322e-07,0.08999956867814367,0.022501027925130705
p196_T,5.5390126700767366e-52,276.162608139651,0.0,1.142658203902077e-05,2.3363144e-07,0.06324086708083819,0.015813131823579185
p197_E,0.039545739725398855,4.254311142727843,0.0,4.616330460461351e-06,4.6197865e-06,0.12726821113862413,0.03181936181390192
p197_G,0.00019067276422155886,14.081156602299588,0.0,3.300533199153268e-05,7.255024e-07,0.05790361430522205,0.014484336284900604
p197_K,1.092758711866909e-79,476.05572453816006,0.0,1.2514416216089362e-05,2.6084759e-09,0.024712694358214035,0.0061813028457265015
p197_Y,2.3642148807419816e-13,55.988212269088024,0.0,2.9138333214044015e-06,2.1002863e-06,0.06871864597801544,0.017180915024418646
p198_I,0.2531400116227697,1.3081995136093474,0.0,0.0,0.0,0.0,0.0
p198_P,4.495132542832535e-55,296.56612651588637,0.0,0.0025486903975227774,0.0,0.04996701248294879,0.013128925720117892
p198_V,0.045081768233060794,4.031043392376412,0.0,2.8728031353240916e-05,6.86672e-07,0.1030206755573266,0.025762522565175992
p198_WLTSN,0.053152869042710174,3.7527110467072724,0.0,1.6279267971993985e-05,1.6027334e-05,0.1594213783393575,0.03986342123531071
p198_Y,9.625807191610776e-64,356.2454160076606,0.0,0.00013243230618574742,1.4895418e-05,0.0701310529823688,0.017569595176572337
p199_H,0.18995176508777162,1.7215727569146584,0.0,0.0,0.0,0.0,0.0
p199_K,1.1923186766767559e-28,135.83472137089464,0.00044047249653388375,0.0008765222185563636,1.3084249e-06,0.1822410258127258,0.045889832238175235
p199_N,0.14728011879675743,2.1051919074869723,0.0,0.0,0.0,0.0,0.0
p199_R,3.7089674741452057e-28,133.1174611553267,0.0,5.8554390772931e-05,2.7626976e-07,0.09234179846288432,0.02310015728085408
p200_S,7.883850250283327e-83,501.2994266675006,0.0,2.9639498676615835e-07,0.0,0.1380388167209665,0.034509778278988316
p200_TCIHR,5.322983406225248e-20,89.54998104692235,0.0,3.620899741674332e-05,7.930495e-07,0.11979255616787589,0.029957389553693235
p200_V,7.326762659061071e-54,288.510402495504,0.0,1.142029709143744e-06,0.0,0.07810083496703742,0.01952549424918664
p201_Q,1.5801248196113486e-44,228.75373744643343,0.0,4.92686641149806e-05,9.705953e-06,0.062262585191753525,0.015580389952175712
p201_TLKADSRV,0.020999832682866995,5.352702873495635,0.0,7.015691054689626e-05,2.4694723e-06,0.032549242007134375,0.008155467097493426
p202_Y,2.0303778577250024e-59,326.01933908941203,0.0,3.1771521706184532e-06,1.5016572e-07,0.2633471641459006,0.06583762286594733
p203_Y,0.0004987730737320439,12.24287022998492,0.0006078528723209047,0.00039624865388533415,0.00016011295,0.09549589556097406,0.02416502750877609
p204_M,6.24510062321321e-42,212.8231117342235,0.0,5.054256216974995e-08,0.0,0.08580736879773987,0.021451854835075508
p204_T,1.6272883131976372e-82,498.74530706884826,9.186142390996631e-05,2.077810151650317e-06,0.0,0.0845770730823184,0.021167753079095006
p204_V,0.016995731066960236,5.7261354422691815,0.0,0.0004376112304092944,0.00016781123,0.30445728954869716,0.07626567800258212
p205_L,0.9364376273184312,0.0063646570925055546,0.0,0.0,0.0,0.0,0.0
p205_M,0.004318905955589944,8.201936579091372,0.005017198559022244,0.0014087199360992174,0.00015150548,0.2617156052074744,0.06707325729452761
p205_V,0.00010362020928359493,15.256590738543784,0.0,3.5921632007716036e-05,9.625883e-06,0.1251621720315603,0.03130192988657695
p205_W,2.4728489281653233e-71,411.594033735977,0.0,2.4308481696627788e-08,0.0,0.02290735208407758,0.005726844098139819
p205_YKHASNT,9.553056621537365e-29,136.36651166318214,0.0,7.4654869672017385e-06,3.6336558e-05,0.011883736054633977,0.002981884524892483
p206_TAM,2.7526343410921174e-06,22.373226848442425,4.993638887336088e-05,8.911609978642669e-05,5.432604e-07,0.06909424395550813,0.017308459926141592
p206_V,9.600388077938653e-46,236.3180717330551,0.0,0.0003750428304988469,1.2197737e-06,0.10478518050996467,0.026290360778542833
p206_Y,2.607155280261861e-10,41.22838853288669,0.0,2.0866967828498133e-05,0.0,0.02738630039507254,0.00685179184072526
p207_M,9.475167137083119e-11,43.3361958651858,0.00025068738073440465,0.00016696947450476517,0.0005701844,0.08457322694820038,0.021390267044998995
p208_LITV,4.215832141663036e-08,30.773586267307014,0.0,1.8303394260008908e-05,3.8078856e-08,0.07008550423335518,0.017525961426617703
p208_M,7.397835999317001e-36,176.70032446971655,0.00019991259887654962,0.00010139544806856223,0.00042236687,0.0310960196990081,0.007954923652907743
p209_FAGM,0.20868689390013115,1.5836400709012606,0.0,0.0,0.0,0.0,0.0
p209_I,0.02506201052885264,5.042810806973553,0.0,5.81044652935662e-05,2.2149834e-06,0.08114832150174282,0.020302160237608273
p209_L,0.2630551720205863,1.254770159242398,0.0,0.0,0.0,0.0,0.0
p209_S,0.796653930413674,0.06645319210742372,0.0,0.0,0.0,0.0,0.0
p209_T,0.23223901611396677,1.4297515346765828,0.0,0.0,0.0,0.0,0.0
p209_V,9.899549999817683e-07,24.41106798023379,0.0,0.0003458135393613315,4.0376626e-06,0.008475220658818436,0.002206267965200004
p210_F,5.7251471470798324e-77,454.65519561838425,0.0,1.743163297215749e-05,1.18863674e-08,0.09390431785939736,0.02348044034468424
p210_ISG,0.5512722409102013,0.3554115577686723,0.0,0.0,0.0,0.0,0.0
p210_L,0.3463462539440556,0.888081445276143,0.0,0.0,0.0,0.0,0.0
p210_T,2.767218636600742e-20,91.02333602021088,0.0,2.9737296433003647e-06,0.0,0.004174069086125497,0.0010442607039421994
p210_V,7.191799450606952e-07,25.05034048788778,0.0,4.962150375349993e-05,0.00010510873,0.012852631147018522,0.003251840345462269
p211_H,5.164060315318022e-10,39.810013172929004,0.0,2.0866967828498133e-05,0.0,0.02738630039507254,0.00685179184072526
p212_F,1.3175495055388354e-53,286.8255213761601,0.0,2.1024605772729265e-06,0.0,0.08169603283388878,0.020424533823616513
p213_C,0.026500740184155647,4.945448570443376,0.0014100988594817822,0.00040315339312508,0.0002490518,0.31951621835142635,0.08039463060327783
p213_F,2.776601104692671e-16,70.56523962684815,0.0003257429537775018,0.00033748184239150984,6.3048537e-06,0.055217051756320634,0.013971645351557739
p213_G,0.0005566816199147021,12.034179922750669,3.0776100676464986e-05,0.00013056542067372328,0.0,0.034917841463433345,0.008769795746195883
p213_I,0.011499915367920954,6.422650171278198,0.0005219147315865604,0.00012994311801539844,3.7342331e-06,0.05914846000289987,0.014951013021408579
p213_L,0.6559603810316805,0.1986501109202106,0.0,0.0,0.0,0.0,0.0
p213_M,0.47297154106954686,0.5156231414411644,0.0,0.0,0.0,0.0,0.0
p213_S,0.13133303943511174,2.282399409257686,0.0,0.0,0.0,0.0,0.0
p213_T,0.0852153645385396,2.9715227683962335,0.0,0.0,0.0,0.0,0.0
p213_V,0.6712975485739072,0.1802509053633069,0.0,0.0,0.0,0.0,0.0
p214_I,9.391979709481726e-17,72.93923001536548,9.296185383557538e-06,0.000132458365589949,6.9606035e-06,0.07410597198202647,0.0185636717841285
p214_L,6.292526393921138e-07,25.317914983686858,0.0,1.4033586213312152e-05,1.6619715e-06,0.12849343094920324,0.03212728162673158
p214_MACG,8.060564868620678e-16,68.23970235438264,0.0,2.722281855614451e-05,5.427603e-06,0.07958039099468688,0.01990326035403587
p214_T,0.4690521476640144,0.5248203467132997,0.0,0.0,0.0,0.0,0.0
p214_V,4.446805257485833e-26,121.76368688756254,0.0,0.00011772970073895984,2.6640284e-05,0.0584370290948904,0.014645349769901598
p216_L,0.7572904998827944,0.09558635997841299,0.0,0.0,0.0,0.0,0.0
p216_M,0.8397245482593452,0.04093598914146373,0.0,0.0,0.0,0.0,0.0
p216_V,0.00272780328467969,9.05015321458714,0.00012957166823859704,0.00024396045467070046,0.001316244,0.15945016563930417,0.040284985444420905
p217_F,0.07686286178023652,3.139940301705084,0.0,0.0001209193566859051,2.7410355e-05,0.15870702054980462,0.039713837565362634
p217_G,0.01186332168272988,6.366866565385197,0.0011436377456359528,0.00022656569372938982,1.4434792e-07,0.13908959390110762,0.03511498542209875
p217_I,0.07158407410618627,3.2568992355392954,0.0,1.973282848469323e-05,3.8068852e-06,0.13054519414961696,0.032642183465815634
p217_LCM,0.4401354179914203,0.5966581457539478,0.0,0.0,0.0,0.0,0.0
p217_S,2.4442109997672422e-11,46.17118066873927,0.00015402885613055955,0.00014148018185761114,5.40354e-06,0.132296996388271,0.03314947724155089
p217_T,0.0003619862300405091,12.853453199338253,5.7728492799790665e-06,7.380120462753724e-05,7.391448e-07,0.1519514139659386,0.038007931791163865
p217_V,0.061651354486299006,3.5044384081804747,0.0,3.260762876221445e-05,3.834211e-06,0.13818036612537554,0.03455420199126674
p218_L,4.7190716018964745e-28,132.5420125231176,0.0,0.0003280631563452735,1.7791395e-05,0.0016146697140973212,0.0004901310664341232
p218_T,3.963131440703621e-05,17.122512494465283,0.0,0.00021948798458425116,2.4911924e-07,0.058117230815780484,0.014584241979900938
p218_V,8.292378453618247e-09,34.09070409489201,1.1018048205217372e-05,8.333953438771592e-05,1.8028728e-06,0.015980386099499814,0.004019136638727279
p219_V,0.04616508344901594,3.9907493981253106,0.0,1.0997293095060358e-05,1.1390663e-06,0.03697907193076641,0.00924780207253658
p220_F,1.0471852512746276e-07,28.928797437843908,0.0,3.5486426409226876e-05,5.242817e-07,0.01668946157815331,0.004181368071562705
p220_I,0.6098387817164683,0.26066123861379076,0.0,0.0,0.0,0.0,0.0
p220_LTAMG,0.08766639259100079,2.925477866053625,0.0,0.0,0.0,0.0,0.0
p220_S,0.3099449559850506,1.0325153214075093,0.0,0.0,0.0,0.0,0.0
p220_V,0.13084912248750474,2.2881488962854077,0.0,0.0,0.0,0.0,0.0
p221_L,1.428576720715916e-44,229.02489921396133,0.0,4.0563486851228824e-05,2.6039557e-10,0.007533177833399649,0.001893435395161611
p222_S,1.0175331402484816e-73,429.6138078152003,0.0,7.502406966443597e-06,0.0,0.0748249548812389,0.018708114322051335
p222_T,0.0028074131453436338,8.996833648716557,0.0,4.2474326558912236e-05,4.6626463e-09,0.04467429929080752,0.011179194570003175
p224_G,1.382952761820366e-07,28.366564557304546,2.346844199651542e-05,7.249788734282015e-05,2.5779993e-05,0.16262496106791008,0.04068667684754701
p224_I,0.00016414899284805095,14.369211914947513,0.0,1.949419932497867e-05,1.8654598e-07,0.03826960964315168,0.009572322597112944
p224_L,4.193196174177678e-39,195.8136068262438,0.0,5.004855418653823e-05,0.0,0.21940193626163262,0.05486299620395479
p224_S,3.2191866912240606e-108,727.2311530225837,0.0032203397347698123,2.049736820912551e-05,0.00011873513,0.3463406468958103,0.08742505478218356
p225_N,0.4031995090672066,0.6996732097685735,0.0,0.0,0.0,0.0,0.0
p225_Q,1.1768156135424862e-18,82.62040034691333,0.0,1.574142935904106e-05,2.736518e-08,0.0642562167036881,0.016067996374556873
p225_R,0.015754889691787226,5.860631602584949,0.00015203291609162215,6.320682319533148e-06,3.6502522e-06,0.14121612794504237,0.03534453294891606
p225_S,0.004092647617419513,8.30086901121458,0.0,4.202278310734726e-05,6.5435195e-08,0.18599538537644542,0.046509368398686954
p226_V,1.1402751545916867e-52,280.655460849184,0.0,1.2374017323795605e-06,0.0,0.02764322665001523,0.0069111160129369026
p227_L,5.8515861439429935e-64,357.7808724043889,0.0,3.55297309266672e-05,6.7160067e-06,0.05375987674604233,0.0134505306209266
p227_V,1.1728298298772151e-05,19.507369297940198,0.0,8.224328843866487e-06,1.7719715e-07,0.093537643963021,0.02338651137225401
p227_W,3.67521481743175e-53,283.88747404274557,0.0,1.5170349225080117e-06,0.0,0.007472686975245893,0.0018685510025421002
p228_F,0.012291270573964702,6.30338866302591,0.0,1.6950172527939006e-05,2.3686518e-07,0.16004885195043797,0.04001650974703557
p228_G,7.598049043183932e-68,385.793129853633,0.0,3.3463404446146484e-06,8.5532145e-07,0.09873400968966001,0.024684552837887574
p228_I,0.00023529748471171476,13.677483501708277,1.026344838364261e-05,3.833278854868439e-05,1.1858086e-05,0.07389317397090589,0.018488407073359473
p228_L,6.4583135814376235e-31,148.45547498946465,7.223693586427447e-05,5.6089584439535285e-05,1.3965357e-06,0.0669089923433451,0.01675967884983933
p228_M,8.89112523118317e-06,20.05280213317825,0.0,1.859474212282715e-05,2.1222875e-06,0.08060904868078891,0.020157441427595266
p228_R,1.4811949387161828e-13,56.987243685855205,0.0,4.892494930217536e-07,6.0157487e-07,0.1686300830121771,0.04215779345913457
p228_SWVYAQ,1.947867006784404e-05,18.511055292872328,0.0005977562225719002,0.0004013211473637576,0.00065614627,0.2755017760818096,0.06928924992921148
p229_K,0.38428989509070954,0.7579527552780447,0.0,0.0,0.0,0.0,0.0
p229_T,0.18153786381063283,1.7888018666208423,0.0,0.0,0.0,0.0,0.0
p230_L,1.4001667452714509e-157,1301.2535714036715,0.0,1.8294587417777825e-06,8.090726e-09,0.06178178838135956,0.015445906482706911
p230_V,4.731841959710548e-09,35.240902067715695,0.0,5.838560510073158e-06,1.4853688e-08,0.011814775898410708,0.0029551573281522098
p231_K,0.037085247080249274,4.364340032494716,0.0,0.0001063583323436528,1.6467146e-06,0.015521829493872917,0.003907458635209752
p231_R,0.00729461709928101,7.244350654611275,5.2070868573869927e-05,0.000567707447549994,3.67409e-05,0.18656666292469062,0.04680579553548444
p232_E,5.1771134508030185e-05,16.602189111418618,0.0,1.2361553360322114e-05,0.0,0.09918694748080545,0.02479982725854144
p232_M,0.00016053694941250995,14.41203943150399,0.0004039718412327844,1.6613343457346932e-05,4.6776325e-09,0.16076661340268072,0.04029680081625084
p232_S,0.45525429360168745,0.558202570885269,0.0,0.0,0.0,0.0,0.0
p232_TLDIGRQ,0.6095302477697518,0.26111154800879866,0.0,0.0,0.0,0.0,0.0
p233_V,0.00729026077835031,7.245435413793525,0.0,5.469654708589664e-06,4.669116e-06,0.01368699333269886,0.003424283025889735
p235_K,0.5132904160445229,0.4278209049727621,0.0,0.0,0.0,0.0,0.0
p235_M,1.5938363632255349e-12,51.92879027588621,0.0,2.7658932310885145e-05,8.410019e-06,0.010437787973643755,0.0026184642313113473
p235_QSRTLG,0.024825307335592697,5.059385144903338,0.0,6.831880401703077e-05,7.2877026e-07,0.09174035955006647,0.02295235178108591
p236_Q,0.04067942228506474,4.206014509157168,0.0,9.050840678235604e-06,0.00014639049,0.1970041507302836,0.049289898015706386
p236_STLVPI,0.8566043729110888,0.03267771348784659,0.0,0.0,0.0,0.0,0.0
p238_EGLT,0.005884316972688755,7.6354923365607785,2.1203017192794314e-05,1.1228287516834517e-05,9.228856e-06,0.13533048666539907,0.033843036706417334
p238_K,1.271589229819838e-55,300.23345589598136,0.0,0.011476217581245328,0.0,0.1545163580720094,0.04149814391331368
p238_Q,0.004314886121643487,8.203647676987039,0.0,2.827789986415072e-05,4.932177e-06,0.0797019492888578,0.019933789841439186
p239_E,0.25242950946470694,1.3121271619773447,0.0,0.0,0.0,0.0,0.0
p239_QRG,0.005496207710768041,7.760124474239351,0.0,1.9541244812086185e-06,0.0,0.07326477810008365,0.018316683056141217
p241_E,9.748253465229792e-54,287.69014274142245,1.5956589448327728e-05,1.870219013273507e-05,5.9445418e-05,0.10769041440795844,0.026946129651314616
p242_T,4.952271455102482e-06,21.208728519140756,0.0,0.0001948917338680398,2.9955494e-08,0.002132897944443675,0.00058195490845145
p245_R,0.003209714060800056,8.748987742100852,0.0,1.0207916663915453e-06,1.0997413e-05,0.03217742680075453,0.008047361251248601
p248_R,2.654377084912438e-09,36.42912042257621,0.00010646198943035892,4.730539972258114e-05,1.8259261e-05,0.025640211825721813,0.0064530596190177794
p251_T,1.2878027268815393e-08,33.19028211790306,2.2355370539703164e-05,2.8905576202483867e-05,2.0865186e-06,0.1166780331805362,0.029182845161478174
p252_R,0.0009076343532293118,11.108957232727526,0.0,8.406609000439149e-05,0.0,0.20436517298547274,0.05111230976886928
p254_I,3.291971594384545e-20,90.63194970498064,0.0,1.6282438888189467e-06,0.0,0.04149118000117139,0.010373202061265054
p254_V,0.2282429622260502,1.4545067730360237,0.0,0.0,0.0,0.0,0.0
p255_MLF,0.003669647433403666,8.50178076691121,0.00013641260270657219,2.8088230881263587e-05,1.54391e-07,0.07193347515111413,0.018024532593926265
p255_V,0.6835662847262048,0.16628738564815962,0.0,0.0,0.0,0.0,0.0
p256_L,0.004664428086520296,8.060628566785832,0.0,5.422935559226665e-05,1.3409901e-05,0.014902510213209354,0.003742537367432937
p256_M,0.6099203242085629,0.260542308133375,0.0,0.0,0.0,0.0,0.0
p256_V,5.1400636757694155e-05,16.61615925263092,0.0,1.8801125683538472e-05,5.13557e-07,0.14388294831839032,0.035975565750264366
p258_V,1.3320475269671337e-45,235.43020019566796,0.0,6.3640852116609114e-06,5.8381306e-07,0.14867763303518317,0.03717114523336418
p259_F,1.0523243076398091e-08,33.60312809846704,0.0,8.071428060943879e-05,4.552412e-07,0.055946001248362735,0.014006792692544671
p259_G,4.054689003842839e-102,669.1927277726337,0.0,1.5721641231433092e-05,1.48221225e-05,0.040040222726230194,0.010017691622481978
p259_I,7.589569430224746e-07,24.94256242612057,8.076835626880779e-05,0.00012920574723159108,1.3263505e-06,0.045633473751853004,0.011461193551452606
p259_L,0.17313937588808126,1.8596129990355923,0.0,0.0,0.0,0.0,0.0
p259_M,0.06694483975655173,3.3676095742789394,0.0005169653597207902,0.00016371036086828896,0.000109885834,0.04545244526735645,0.011560751705438438
p259_V,0.00010838219121017963,15.169750462376724,2.913904555388106e-06,0.00012345436029064522,4.485432e-06,0.12379903652601988,0.03098247255568474
p260_FTNV,0.6502265021811482,0.2058046013138423,0.0,0.0,0.0,0.0,0.0
p260_G,0.34636154880097014,0.8880250784544654,0.0,0.0,0.0,0.0,0.0
p260_S,4.8764014021022705e-48,250.76455019870122,0.0,2.018899733783303e-05,1.9842031e-07,0.10451575189240846,0.02613403482751395
p261_Y,3.8544582190342203e-44,226.3591918621538,0.010184295971646018,0.004194049449866928,0.0011672919,0.6082261986070121,0.15594295898007154
p262_I,0.13759039152399027,2.210123036950349,0.0,0.0,0.0,0.0,0.0
p262_L,0.34637926418356224,0.8879597953827401,0.0,0.0,0.0,0.0,0.0
p262_M,0.07391604147249467,3.2041241213052256,0.0003810857882808479,8.083145783624884e-05,2.9455645e-05,0.1500581958846548,0.03763739219390179
p262_V,7.807644000108949e-18,78.41996973036241,5.200853617002287e-05,3.5419700521693714e-06,0.0,0.24067327852286538,0.06018220725727189
p263_I,0.0040546805547251345,8.318015762596643,0.0,7.14640140627098e-05,3.5747854e-07,0.00339124729895475,0.0008657671978896126
p263_L,3.965067562879673e-12,50.00016084477023,3.771295819180071e-05,6.604786550797784e-05,7.605458e-06,0.0738654358952384,0.018494200544233282
p263_T,1.6969712569793266e-19,86.94660863083709,0.0,7.376560415686612e-05,0.0,0.10600808292709729,0.02652046213281354
p263_V,0.1042947993259483,2.6459761886790285,0.0,0.0,0.0,0.0,0.0
p264_C,0.0014093800227839854,10.281378650009666,0.0,0.00012422773018644047,4.0091854e-07,0.23670093550460994,0.059206391038333465
p265_Y,4.9163629511419066e-151,1213.1623413913908,0.0652923740948282,0.03582839048100356,0.05746594,0.2677170500112935,0.10657593882525192
p266_C,0.23413967231415828,1.4181571008867897,0.0,0.0,0.0,0.0,0.0
p266_G,1.1813445688887976e-25,119.46732237171244,0.0,0.0022032867637680944,1.3558646e-07,0.10422483304805719,0.02660706384957161
p266_L,0.6684960019561036,0.183532673382854,0.0,0.0,0.0,0.0,0.0
p266_M,5.648963825878476e-08,30.179361904218975,0.0,9.068809252212966e-06,0.0,0.09927049402039587,0.02481989070741202
p266_T,0.011865804653872214,6.366491504399798,0.0005097873109786621,0.00041437682132423236,0.000109947585,0.2517673728399395,0.06320037113927572
p266_V,1.4577768850347206e-12,52.11797208561941,3.5974130313434587e-06,2.3963907368982146e-05,9.1612196e-07,0.05706288548937678,0.01427284073293485
p269_T,2.6079288346521993e-40,203.02927229734925,0.012451375721332085,0.004937830496378646,0.00090464443,0.585626394724459,0.15098006134354544
p270_F,1.3519326175306859e-31,152.27832107831236,0.0,1.4042311748751636e-05,1.2883618e-05,0.057383150650873314,0.014352519145201258
p270_G,0.016969177077721657,5.728905942611261,0.0,5.590193972717888e-05,2.0351126e-05,0.09155045481687447,0.022906676970724234
p270_I,0.20608026336587565,1.601937375532738,0.0,0.0,0.0,0.0,0.0
p270_L,2.0566265888458242e-11,46.53351239269507,0.0,1.9639056824468976e-06,9.960197e-07,0.04776092886076112,0.011940972196537792
p270_S,0.7799207142376952,0.07814133513848655,0.0,0.0,0.0,0.0,0.0
p270_T,0.003246759467300115,8.727778658419231,0.0003014017668531981,0.00026606953930326103,6.9809445e-05,0.030145582027802802,0.007695715694624744
p270_V,0.166075590486598,1.9223082807721175,0.0,0.0,0.0,0.0,0.0
p271_F,8.623620934276044e-19,83.31305040283738,0.0,0.002117047496565908,0.0,0.06051698522254128,0.015658508179776796
p271_L,5.500550235275107e-48,250.4325378016598,0.0,8.122982957121043e-06,0.0,0.24883373165293673,0.06221046365897347
p271_T,7.022443911214207e-09,34.43119505999167,0.00015865336385503665,6.079956880333145e-05,0.00028394678,0.05557224597568565,0.014018911421567694
p271_V,4.837152201128934e-06,21.255280822941305,8.131512021520714e-05,1.43543700607335e-05,1.6580748e-06,0.04172840203870317,0.010456432400939701
p272_GSTV,4.468615299510418e-05,16.888617300561673,0.0,6.17687149002367e-06,7.118074e-07,0.04977817337650739,0.012446265513846389
p273_C,1.3175495055369632e-53,286.8255213761643,0.0,2.1024605772729265e-06,0.0,0.08169603283388878,0.020424533823616513
p273_F,0.012288852966066908,6.303740838022678,0.0,1.0076084667435289e-05,7.7745835e-06,0.028330939914715872,0.007087197645730066
p273_G,8.484618394477103e-05,15.643365545926185,0.0,0.00032582490155282274,4.6885526e-07,0.08078272136025645,0.02027725377926786
p273_L,5.29465823341333e-31,148.9400875794586,1.3097976246994994e-05,1.4438033519806064e-05,1.5339458e-05,0.006389402630314816,0.0016080695244215463
p273_M,1.9297172073426894e-71,412.4010233296348,0.0,4.309002890895379e-06,1.3979021e-08,0.014774187049425354,0.003694627507834214
p273_VIQ,0.023038594551438,5.19006366370519,0.0,2.9361044485407642e-05,4.0621395e-05,0.1509888129095522,0.03776469883722781
p273_W,0.011931998420254553,6.35652239750913,0.0,6.64077035419916e-06,0.0002374263,0.08604354459073575,0.021571902914911
p274_W,0.00027400045191176055,13.385730267425263,0.0,3.12747096816412e-05,1.201853e-05,0.06747707260841346,0.016880091461913778
p274_Y,1.4712218826310099e-16,71.95518999072222,2.9780778686612535e-05,4.7482646946843424e-05,9.3374165e-06,0.05137760387330369,0.012866051178855843
p275_F,6.772389337312499e-23,104.71375647609851,0.0,3.774389736551719e-07,0.0,0.0035541580063356464,0.0008886338613273254
p275_I,6.252394182081042e-08,29.97346285166152,8.807442574564103e-06,0.00022187246242942434,6.029803e-07,0.1563931252076224,0.03915610202323702
p275_LYGTS,0.002059525879582006,9.572461424686784,5.388572659560984e-05,0.00018437120893734067,1.7065763e-07,0.13711795046158498,0.0343390945136866
p275_M,1.1952954129614614e-69,399.0540227668705,0.0,2.241443737429555e-07,0.0,0.2356503941725682,0.05891265457923549
p275_V,6.299328225089663e-10,39.398367121770875,0.0,3.211779681168873e-05,1.9839466e-07,0.008411516984469205,0.0021109582939849545
p276_F,3.528426633251683e-11,45.40153746157432,0.0,0.0,0.0,0.042282236239756035,0.010570559059939009
p276_TISNR,0.7765950442362194,0.08058584247926319,0.0,0.0,0.0,0.0,0.0
p276_V,2.045259050393271e-84,514.2571624730359,0.0,1.343832309161613e-05,0.0,0.17460393773065586,0.04365434401343687
p277_C,0.23719531597404858,1.399754009830544,0.0,0.0,0.0,0.0,0.0
p277_F,0.8090209188159091,0.058461079941956706,0.0,0.0,0.0,0.0,0.0
p277_L,0.030067160252207042,4.726070733985872,0.0,0.00032590548871949497,5.6014524e-06,0.136557940365952,0.034222361826757364
p277_M,0.007571704470346233,7.1766838056225195,0.0003079461263276806,0.0001251645854017169,2.4496221e-05,0.00806268803902873,0.002130073742979079
p277_N,3.6437217461227644e-101,660.3439831881831,0.0,5.7385698675003395e-06,0.0,0.0008337900624502729,0.0002098821580794433
p277_SYQIVH,1.4359276847987437e-05,19.109451920154836,0.0,4.182418174651354e-05,1.0663139e-06,0.011022844443997528,0.002766433734903755
p277_T,0.055617690409102756,3.676586182916276,0.0,1.6729095855910867e-05,2.1462354e-06,0.02292870175695994,0.00573689427204754
p278_N,0.5910863999951628,0.28893584557404756,0.0,0.0,0.0,0.0,0.0
p278_S,8.874262674012198e-21,93.59222754221561,0.0,4.824017609219678e-07,0.0,0.17612746515448194,0.044031986889060716
p279_P,6.7489134940438694e-43,218.71651094153964,0.0,2.981350968486956e-07,3.3353004e-05,0.07077058954837424,0.017701060171931605
p279_Q,5.6052469433081936e-05,16.447696165294772,0.0002083431683199271,9.022532768280692e-06,0.0010921245,0.24044584016440956,0.06043883259075393
p279_R,1.9051569734134954e-77,458.38616018544434,0.013981556760097836,0.02442237438282559,0.026345238,0.4235136022778621,0.12206569287758676
p279_TEHNDS,4.275378022346418e-23,105.77214285402948,0.00012269576932989938,6.648724374807734e-06,7.929675e-06,0.2823551738170059,0.0706231119964579
p280_ESQKA,1.8350381234219014e-32,157.18760807164952,0.008958902401886942,0.005755627049760564,0.0012347166,0.4644007591964703,0.12008750131687068
p280_G,2.978391222338892e-130,958.9673764293461,0.0,1.4261881370191769e-06,0.0,0.045890709158157565,0.011473033836573646
p280_N,5.0567415877231326e-36,177.66236721267884,0.0,1.490594850233567e-06,4.04657e-08,0.18867309638688406,0.04716865686185861
p281_E,2.310438397020253e-11,46.28927296285831,0.0,1.2493917664036201e-05,0.0,0.13290312001089735,0.033228903482140346
p281_H,2.8678248470951124e-73,426.19142095301794,0.0,4.734333312813279e-06,0.0,0.012093092578693274,0.003024456728001522
p281_Q,9.147388187440647e-11,43.409665647091316,2.4628075855789735e-06,1.3154827236036499e-05,0.0,0.14271261806575178,0.035682058925143346
p281_S,0.0027684322419136782,9.022746436067067,0.0,9.20272527787529e-06,5.363998e-07,0.017158466532288856,0.004292051414340606
p281_T,0.7494112682724572,0.10211255528509043,0.0,0.0,0.0,0.0,0.0
p281_VIGFPRM,0.018594918950645228,5.567051771771705,0.0,0.00010533060266102834,4.523832e-06,0.030649831933604477,0.007689921592092273
p281_Y,2.3371105652346074e-56,305.1756292963235,0.0,0.0025486903975227774,0.0,0.04996701248294879,0.013128925720117892
p282_D,0.04874836012971674,3.8985625852933827,0.0,1.2721058023902088e-05,9.710387e-07,0.06431770044955083,0.01608284813657626
p282_E,0.028476176300000575,4.82038357826465,0.0,0.0005210140973613414,1.6208517e-06,0.09402558212939648,0.02363705426960512
p282_G,2.4728489281653233e-71,411.594033735977,0.0,2.4308481696627788e-08,0.0,0.02290735208407758,0.005726844098139819
p282_N,2.7842886828830065e-10,41.09180165142596,0.0,7.73223962687467e-06,1.4135294e-07,0.022096859658022834,0.005526183312647876
p282_P,4.2862860778854935e-06,21.494695459376555,0.0,1.9166950748652697e-05,3.9724064e-06,0.19892226554913633,0.0497363512265651
p282_S,0.012061812216873878,6.337136078583105,0.00010283242749291399,9.688955705744513e-05,3.3623808e-06,0.07584566956094395,0.019012188481565252
p282_T,0.00019025062954075234,14.085415805252817,0.0,1.96745202823256e-05,3.3194635e-08,0.1270144490164686,0.03175853918284638
p283_IYVPT,2.3753499205154587e-13,55.97818184395814,0.00024247193724189273,4.807770488411814e-05,4.3937485e-05,0.005672090175520578,0.0015016443257406065
p283_K,8.905839990659242e-31,147.67227860799886,0.0,2.501027908003813e-08,0.0,0.05343264064322974,0.013358166413377203
p283_L,1.243389319715199e-49,260.9386146773133,0.0,3.5240972390212934e-05,2.0835635e-07,0.06181008219649255,0.015461382881309289
p284_G,0.00023324064877687278,13.694319407678197,0.0,5.556354660426237e-05,9.328899e-06,0.08171512221906173,0.020445003666183584
p284_H,2.3371105652346074e-56,305.1756292963235,0.0,0.0025486903975227774,0.0,0.04996701248294879,0.013128925720117892
p284_S,0.2917434729975777,1.113357612209806,0.0,0.0,0.0,0.0,0.0
p284_T,0.0018594782688473748,9.762996959481404,0.0,3.5019691239452726e-05,1.5550902e-05,0.07706209473593748,0.019278166332391683
p285_L,7.966769482734386e-89,551.0559056841229,0.0,1.5150641160513308e-06,0.0,0.13998688069196982,0.03499709893902147
p285_P,5.965441881315176e-61,336.62182507404293,0.0,7.0564640333103524e-06,0.0,0.10962515377800579,0.027408052560509776
p285_Y,6.423544195532815e-31,148.4686387581388,6.190629016201929e-06,0.0,0.0,0.05414108156907378,0.013536818049522496
p286_L,2.7915151912923423e-58,318.2157245646471,0.0021854569927642307,3.3682670453095725e-05,0.00015327323,0.1107919627901742,0.02829109392025403
p286_MGKWA,0.38956616625341833,0.7412831538544341,0.0,0.0,0.0,0.0,0.0
p286_Q,0.3180281734542989,0.9985648196458182,0.0,0.0,0.0,0.0,0.0
p286_R,1.9175441067734834e-164,1398.099120962378,0.1609791080122885,0.15252079418960562,0.014680542,0.09429212342188803,0.10561814191889358
p286_T,0.3640596447766188,0.8249923170917018,0.0,0.0,0.0,0.0,0.0
p286_V,0.04916344764541967,3.8842329301528906,0.0,6.407913488653655e-05,3.0444105e-06,0.04954151699925058,0.012402160136160535
p287_F,0.005399718541541798,7.792507428344772,0.0,4.04951411774253e-05,1.7598056e-06,0.043834024999966074,0.010969069986692736
p287_L,1.9987746354084713e-96,617.2401394238628,0.0,1.7377363124608256e-05,8.356943e-06,0.08345302005413291,0.020869688590064116
p287_M,0.20148256694613492,1.6348878046345736,0.0,0.0,0.0,0.0,0.0
p287_S,0.9913517642579871,0.00011757757558679985,0.0,0.0,0.0,0.0,0.0
p287_T,2.187870192665513e-08,32.10857743041505,0.0,5.583544063672003e-06,1.3000313e-07,0.11548458978999293,0.02887257583429666
p287_V,7.759784941188839e-07,24.898166653362097,0.0,1.3813222479533134e-05,3.475059e-08,0.05520232950439456,0.013804044369366459
p288_M,2.641241462581178e-05,17.91482760778893,0.02040669434497103,0.004519591427813133,1.8798625e-07,0.026108642215199263,0.012758778993557165
p288_V,8.525220302415288e-132,976.5891332905597,0.0,8.393522730996387e-08,0.0,0.16698733406830032,0.041746854500881905
p289_S,0.3790089708901472,0.7749661505530835,0.0,0.0,0.0,0.0,0.0
p289_T,1.4010757929550713e-36,180.91622010721073,0.0,3.686647474086002e-05,8.5182155e-06,0.02601098005377374,0.006514091186005889
p290_L,4.426882940536141e-29,138.21503397512063,0.0,0.0003077619104245822,1.6400012e-05,0.057566389284718134,0.014472637801810765
p290_M,1.8114202327284073e-11,46.80009484458771,0.0,7.40777296318789e-05,1.5580992e-09,0.0870716652065533,0.021786436123571094
p290_V,0.8458882778546933,0.03780868699579897,0.0,0.0,0.0,0.0,0.0
p292_S,4.910875198972244e-10,39.91420294068596,0.02189324768722695,0.009415988940056682,0.000993583,0.7121379739975587,0.18611019840674253
p293_F,2.8909925397158103e-12,50.66795987841049,0.0,1.204077584495191e-05,5.4837787e-05,0.018165752386230163,0.0045581577371669145
p293_V,0.0005553417106321032,12.038755400033436,0.0,4.7397129979041765e-06,1.860977e-05,0.06635198247634212,0.016593832989720128
p293_Y,1.9015853307790786e-50,266.190146698345,0.0,2.0130186319277788e-05,0.0,0.012530080222773991,0.003137552602273317
p294_LVYMI,1.8761234238917666e-05,18.58462765512185,0.0,3.402889706872175e-05,2.997074e-07,0.04062643223412649,0.010165190209651082
p295_S,9.044750064116546e-104,684.659955790923,0.00463527859628674,0.00037092466780825034,0.0013335822,0.2911479730623202,0.07437193963535658
p297_S,4.587345478452141e-06,21.3602559554955,0.0,0.00034896955055032004,5.8444596e-07,0.049531657468830384,0.012470302866334305
p297_T,0.23760697044661996,1.3972967568751062,0.0,0.0,0.0,0.0,0.0
p298_S,1.1245677994161828e-21,98.28292511618154,0.00012545556812284167,0.00011311224199084354,3.1929845e-05,0.018350846961051246,0.004655336154075206
p299_C,3.1119118803905395e-126,913.9669410674841,0.0,2.036297986163081e-05,0.00084977393,0.09685505246738273,0.024431297344989594
p299_S,0.007724252353363876,7.140505656905482,0.0,0.00010250590918131457,6.205995e-06,0.06131349109509391,0.015355550749781422
p299_T,5.92037692830636e-19,84.15194969069893,0.0,0.0025887890084607683,0.04517465,0.1347326309010368,0.04562401768935235
p300_L,5.0612469376950436e-05,16.646219102963972,0.00024515313200878776,8.028628110024381e-05,6.8652516e-06,0.091205683632938,0.022884497074420442
p300_V,5.652564427914041e-125,900.1283312386076,0.0,7.595895422088149e-05,8.510585e-05,0.2363163688718257,0.059119358419087414
p301_Y,0.7786700366958611,0.07905586860996322,0.0,0.0,0.0,0.0,0.0
p304_L,2.7675381004653202e-08,31.629742828292194,0.0,2.8887411917300934e-05,1.5785967e-07,0.05752816768465832,0.01438930323906235
p304_M,0.2196176190894395,1.509764694002782,0.0,0.0,0.0,0.0,0.0
p304_V,9.441407702471696e-06,19.93444586720391,0.0,0.00017353260826695797,1.4203513e-05,0.08246094615677389,0.020662170569578704
p307_C,1.3305895466794612e-61,341.1665624036495,0.0,7.286536978480804e-07,0.0,0.042620419988814356,0.010655287160628052
p307_I,0.010123921606199288,6.651671398591225,0.0,1.2634316755426226e-05,4.5012342e-07,0.0933733984075218,0.023346620711925052
p307_V,1.066652803385784e-17,77.72994573854149,0.00019125561539385307,2.7475313052829502e-05,7.3797213e-10,0.09625670389966323,0.02411885889152051
p308_F,0.0008720202449636502,11.184492701713806,0.0,1.4913911703625964e-05,8.429618e-07,0.02582814724713995,0.0064609760301635386
p308_L,0.6031117387118368,0.2705912491143788,0.0,0.0,0.0,0.0,0.0
p308_M,0.19186298517457076,1.7067849897896104,0.0,0.0,0.0,0.0,0.0
p308_V,0.9906572386020978,0.00013722170940037883,0.0,0.0,0.0,0.0,0.0
p309_L,0.032609944502707135,4.5856629151442405,0.0,5.303327617804366e-05,3.4442248e-05,0.2628468212835248,0.06573357420188872
p309_M,0.04804326708375469,3.923202338143664,0.0,3.920870184372184e-05,5.570825e-05,0.13593310611491774,0.03400700576654529
p311_R,1.5562568996481993e-49,260.3129457384509,0.0,7.424852806215308e-05,1.1666667e-06,0.1416306011784382,0.03542650409330523
p314_R,1.934485859246616e-26,123.72559921702856,0.0,2.6450929296818378e-06,0.0,0.08681271400611025,0.021703839774759984
p315_G,4.352943101042523e-09,35.41226122303172,2.3269431767224313e-05,3.8839160732704e-05,4.4692177e-07,0.20345432888220055,0.05087922109911868
p315_H,0.009419027104381812,6.781730400119447,0.0,6.538721866630624e-06,6.7690817e-06,0.11272159673978827,0.028183726135829968
p315_N,4.365280965717896e-31,149.41119907445167,0.0,2.189436187777568e-05,1.7228838e-05,0.03327671385160088,0.008328959262934676
p315_QVERLPM,0.0622187835155357,3.489181785692733,0.0,8.747630701051789e-05,6.177858e-07,0.006656422691501373,0.001686129196081821
p315_S,6.894051848373149e-09,34.469007883024204,2.5023963105034716e-05,1.2801270750306254e-05,2.8578588e-08,0.1375598645913422,0.03439942960094648
p315_T,8.625555296251566e-09,34.010051235389355,0.0,2.6630057612886346e-05,4.277436e-08,0.015378590356732048,0.003851315797176247
p317_M,0.014233518324711257,6.041321216547473,0.0696410198186641,0.003272871684752367,0.049388424,0.16865863939277975,0.07274023861456153
p318_L,5.645139547540322e-06,20.949680163726253,0.0,6.112554883974405e-05,2.3375312e-06,0.06317956562030033,0.0158107571750885
p318_M,4.983385835393262e-14,59.321160826710624,0.0,6.597451128209986e-05,1.5871851e-06,0.15220390893922298,0.038067867658907434
p318_RVKAY,1.7727806740949595e-05,18.69574552203493,0.00023064571992676658,9.742149270562442e-06,7.270923e-08,0.1192288413652966,0.029867325485930254
p319_E,9.338602595031976e-124,886.8588189058661,0.0,3.2879823533045206e-06,0.0,0.17334929792139564,0.043338146475937235
p319_K,1.8298330401557424e-09,37.19527413379459,0.0,2.202967758614236e-05,0.0,0.11928172268165842,0.02982593808981114
p319_Q,4.280669888245584e-47,244.79528574685307,2.463065144968613e-05,2.6014867821468423e-05,9.674457e-06,0.03604017208189731,0.00902512301455032
p319_S,0.003963985688875434,8.359647750779988,3.4431527181959283e-05,2.4744516889500815e-05,3.3830892e-07,0.006578888936335495,0.0016596008223322912
p319_T,4.369550700360464e-05,16.932279982534784,4.069107629404737e-05,3.509063345254964e-05,2.1407226e-05,0.12053732987824428,0.03015862970351922
p320_L,3.500777128098586e-37,184.4467890456979,0.0,5.2893709570767564e-05,0.0,0.0003367765580268646,9.741756689940804e-05
p320_M,4.3479752498945125e-48,251.08084522823668,0.0,1.5901809731876794e-05,5.1636147e-07,0.02288000553172533,0.005724105925731142
p320_T,0.15345943428217074,2.0422695472675567,0.0,0.0,0.0,0.0,0.0
p321_I,0.01137229370015977,6.4426718962886795,0.0,5.587445931203481e-05,1.7084868e-07,0.10881448656128317,0.027217632967318602
p321_L,0.2594316406802312,1.2740025490623035,0.0,0.0,0.0,0.0,0.0
p321_M,0.060727565759721235,3.5296000627552253,0.00010837882279706561,2.620817952509617e-05,1.922372e-06,0.056842554403436066,0.014244765944412974
p321_V,3.51185326049475e-87,537.1996805588562,0.0,4.176267608843521e-05,6.416994e-06,0.08491802602547126,0.021241551423885747
p322_F,0.21409594959231257,1.5465215730092912,0.0,0.0,0.0,0.0,0.0
p322_G,0.09240091785691934,2.8403680846945445,0.0,0.0,0.0,0.0,0.0
p322_GAP,0.08008950391743863,3.072636265048493,0.0,0.0,0.0,0.0,0.0
p323_F,7.260984320522576e-26,120.61037095489563,0.0,7.402270948628323e-06,0.0,0.14313363893884773,0.03578526030244909
p323_GAP,4.926150111711764e-50,263.5242120486098,0.0,1.1181011926001106e-06,0.0,0.045408821750174654,0.011352484962841813
p323_M,0.17292271184928906,1.8614919746437941,0.0,0.0,0.0,0.0,0.0
p324_R,4.3272983948807637e-13,54.699205964282655,0.0,2.2612656568270936e-06,9.668311e-07,0.1702126224557582,0.042553962638120446
p324_SK,6.408661762684721e-07,25.281270387558592,0.0,1.4676025293170736e-05,1.321128e-08,0.15567969242879745,0.038923595416342674
p325_GAP,0.002533808049798176,9.187019403287279,9.913279980583227e-06,1.3978359579474664e-05,1.8530529e-05,0.09007038889757858,0.022528202766510935
p325_K,0.0015041726820544613,10.159423589664174,3.127667013782668e-07,1.676497504599236e-05,2.118254e-05,0.07916399526328942,0.019800563886478426
p325_R,0.005741658308270716,7.680299247729224,0.0,3.5229761060160176e-05,2.8529023e-06,0.0038385202888803066,0.0009691507380597168
p325_SNTDAQ,5.72107347888305e-06,20.923260345207744,0.0,2.1021983324457916e-06,5.921198e-06,0.1005478242039397,0.02513896190005636
p326_K,3.5294680380659097e-13,55.13345520067075,2.874486142615023e-05,5.737779110319172e-05,2.6793927e-05,0.04747312499202849,0.011896510392823457
p326_N,0.00020851358749879526,13.909350426444986,0.0,4.761555734976848e-06,4.73962e-06,0.055135378274383355,0.013786219862574776
p326_P,3.1133341013352774e-69,395.98156518328045,0.0,5.2767263779718815e-06,2.764636e-05,0.18402457586541637,0.04601437473788363
p326_Q,6.982971992480183e-07,25.109348798683026,0.0,3.3039416852235374e-05,2.5546717e-07,0.015792826920190944,0.003956530451053538
p326_SETAV,0.10964864323107143,2.5662673200818173,0.0,0.0,0.0,0.0,0.0
p327_ILVTA,4.286687257261209e-11,44.99389991510735,3.1225545671534e-05,8.33760799616409e-07,8.244521e-08,0.14568525594222728,0.036429349423477496
p327_M,1.614125344004027e-98,636.0969008569459,0.0,6.635728357811801e-07,0.0,0.19705247239825363,0.049263283992772355
p327_P,0.001303739468101234,10.427512322535158,0.0,1.2931579815676571e-05,0.0,0.060104672135660966,0.01502940092886916
p328_F,0.005546275217531257,7.743549509683675,0.0,1.1704733138891445e-05,1.990614e-06,0.16559877719715455,0.041403118136075764
p328_GAP,9.97360118309691e-26,119.86470690802875,0.0,4.181672193219e-06,0.0,0.05254951095056478,0.0131384231556895
p328_L,0.14836601891721135,2.0939202750439025,0.0,0.0,0.0,0.0,0.0
p328_T,4.511311694445144e-44,225.9373279174912,0.0,8.049457317028791e-06,1.0125885e-06,0.024384651570216513,0.006098428404018639
p329_E,0.02371904505468424,5.1390923783914,0.0,3.220459832649434e-06,2.2373767e-07,0.05730234694133553,0.01432644778471003
p329_G,0.9745849654657726,0.0010157365520076379,0.0,0.0,0.0,0.0,0.0
p329_GAP,0.08155362219557162,3.043056148330304,0.0,0.0,0.0,0.0,0.0
p330_E,0.02759908867293127,4.874758116742183,0.0,2.023024839735122e-05,4.662356e-07,0.05763509732517797,0.014413948452295029
p330_V,4.968888342215306e-49,257.083640200323,0.00036981431399045434,0.00010873553918838474,3.1395004e-06,0.19703693555460094,0.0493796562270574
p331_D,2.1524252296019098e-05,18.315380017047598,0.0,6.960148664217671e-05,1.5702864e-06,0.1710151463048105,0.04277157951945618
p331_E,0.5497690107421624,0.358103300502725,0.0,0.0,0.0,0.0,0.0
p332_E,0.6360959412719364,0.22409441832537397,0.0,0.0,0.0,0.0,0.0
p332_GAP,0.4313726727104876,0.6198931301086921,0.0,0.0,0.0,0.0,0.0
p332_S,1.2895871652839832e-133,997.6217339855656,0.0,5.907001826406558e-07,0.0,0.1439177358360198,0.03597958163405061
p333_D,6.344270757922407e-46,237.44242618918008,0.0,3.1475299620513864e-05,4.4695425e-09,0.16500088804385124,0.04125809195325357
p333_E,1.2043898099203324e-10,42.83586882480085,0.0,8.282974700550996e-05,0.0,0.15264428022873822,0.038181777493935934
p333_G,4.061620597367451e-26,121.97699605043434,0.0007141403302300751,0.00036764080762983467,0.0003011118,0.11841438649684008,0.029949319861094125
p333_S,0.00953041733574024,6.760525702218103,0.0,1.3662343905892691e-05,1.1969646e-06,0.07866160494000825,0.019669116062129503
p333_T,0.07331899537610592,3.217463646447105,0.0,8.785387055787176e-06,4.430095e-06,0.035169401404689576,0.008795654221694378
p333_V,0.6720592228895705,0.17936471179271002,0.0,0.0,0.0,0.0,0.0
p334_GAP,0.5910969876896125,0.2889193535434968,0.0,0.0,0.0,0.0,0.0
p334_MIGLEDY,3.5931048946325895e-12,50.20829829051287,0.0,2.082047940866934e-05,2.547478e-08,0.05129333030657245,0.012828544065190186
p334_S,4.2204981463307277e-32,155.1364044002025,0.0,3.7771076366735053e-05,1.7756811e-06,0.025316415969334677,0.006338990681696562
p334_T,0.3739322759589331,0.7916402392709312,0.0,0.0,0.0,0.0,0.0
p334_V,6.454963627254082e-73,423.51938085310496,0.0004055643777433252,4.261026606215147e-05,0.0001474094,0.0677090762983527,0.017076165086143565
p335_E,2.562014535106321e-53,284.9198121179771,0.0,0.0025486903975227774,0.0,0.04996701248294879,0.013128925720117892
p335_GAP,0.47553938373072746,0.5096641103188023,0.0,0.0,0.0,0.0,0.0
p335_S,3.550241156044303e-26,122.29392054502634,0.0,5.129842962560396e-05,1.11114495e-08,0.1332213592863446,0.03331816720685493
p335_T,0.57335315855863,0.3174241729074135,0.0,0.0,0.0,0.0,0.0
p335_VQLMCG,0.015305132541322299,5.912103655465468,0.0,1.9122901832118312e-05,9.784742e-06,0.11431827863434235,0.028586796569633706
p336_G,0.0030443618812498793,8.846799449694485,0.00013564317268375295,4.551977226201455e-06,8.3939895e-08,0.09141213373596675,0.022888103206442936
p336_GAP,4.244960105919447e-11,45.014376346484966,0.0,1.539801720831056e-05,3.7606346e-06,0.15074848484001743,0.03769191087296314
p336_S,7.349508292921888e-08,29.645694892980256,6.556410990778193e-05,0.0003374160135941223,6.282784e-06,0.06043391834275139,0.015210795312549045
p336_T,0.03061195797274599,4.6949689982296405,0.00011961724821002815,6.218834306706664e-05,3.406323e-06,0.097269625725781,0.024363709410015328
p336_V,0.0015829245029523621,10.06390057767358,0.0,2.5450400810444864e-05,3.3855783e-06,0.039398903892493786,0.009856934967910699
p337_GAP,2.4618424018415054e-08,31.86814300455106,0.0,6.715767106596969e-06,9.652547e-08,0.0725377446837703,0.01813613924408635
p337_S,0.026148150414682877,4.968790607289256,1.48594934806651e-05,8.206936908243949e-05,1.3480725e-05,0.02727765375381833,0.0068470158353707445
p337_T,0.05303468094043469,3.756454893549259,0.0,4.78960380422254e-05,1.3433066e-06,0.059875368982108323,0.014981152081693011
p338_GAP,5.443551314831079e-18,79.21852045378482,0.0002257241818230502,0.001387221846599047,0.00041084562,0.07699277935866952,0.019754142751679492
p338_Q,0.03883252779647149,4.285447299025763,0.0,4.8038085712219e-05,1.8471417e-06,0.05071314214383758,0.012690756842806244
p338_S,0.0005627977693491047,12.013435328505155,5.0178889727372906e-05,0.00019451905210674404,3.1938325e-05,0.08928900744941136,0.02239141092912749
p338_T,3.3752437611966457e-26,122.41300383682554,0.0,4.607257593919574e-05,2.589136e-06,0.0603251931185982,0.015093463707659838
p338_VG,0.3072934608625601,1.043904611417311,0.0,0.0,0.0,0.0,0.0
p339_GAP,3.650360317413852e-05,17.282821021418037,5.172879332462335e-05,0.00032638531940195156,7.5684e-05,0.1993656035078815,0.04995485040559844
p339_Q,3.690098240146886e-65,366.34932779515543,0.0,1.1715318721938003e-05,0.0,0.17649978834924868,0.04412787591699265
p339_S,1.2643060138386777e-46,241.834252202786,0.0,1.2232164046386187e-05,4.166304e-08,0.04796305664697438,0.011993832618515003
p340_K,1.6084613999185564e-06,23.44231063905778,0.0,4.0968694854940484e-05,1.5278161e-07,0.23777455943105316,0.059453920226879425
p340_R,0.25913216211691253,1.2756069677700614,0.0,0.0,0.0,0.0,0.0
p340_V,6.141058205135324e-10,39.45105904128522,0.0,2.8316700153874476e-07,2.0628324e-08,0.07864285363685516,0.01966078935804516
p342_Q,0.0006191679442511529,11.832333429702205,0.0,4.7148565669974325e-05,2.0477118e-07,0.02779285068895527,0.006960051006452091
p343_GAP,0.1859765632583566,1.7528942174317168,0.0,0.0,0.0,0.0,0.0
p343_T,0.8256330969082082,0.048573575853134786,0.0,0.0,0.0,0.0,0.0
p343_V,5.492437452425318e-06,21.003910636856588,0.0,8.999822742983126e-05,1.1192851e-05,0.08863384721202078,0.02218375957265302
p344_S,1.850109597420651e-10,41.94173771888333,2.826200331701943e-05,1.0130753476697584e-05,2.4769e-05,0.1381444830489048,0.03455191120153641
p345_K,9.83589657498728e-10,38.476564767275605,0.0,1.1769113691287975e-05,0.0,0.0007265414002953818,0.00018457762849666745
p345_S,0.0018560616089058663,9.766429327677006,0.0,4.268567548944888e-05,9.0245514e-08,0.1457072001546866,0.03643749401892256
p345_T,8.284441346260345e-16,68.18003627900902,0.0,1.3539401688830775e-05,1.2036925e-07,0.019721192151749098,0.004933712980672124
p346_GAP,4.897948714569191e-13,54.435415412291576,0.0,3.383060095830948e-05,7.337958e-05,0.09933398020337428,0.02486029759666265
p346_V,2.4014277287964356e-06,22.64449261241551,5.341137653274939e-05,3.217854050938112e-05,3.0086157e-05,0.23521824167973773,0.05883347943856852
p347_N,8.702732018868504e-13,53.21289216134352,0.00023291734249884574,6.412387528478298e-05,3.3856293e-05,0.18874291783264668,0.04726845383589694
p347_S,4.9075087403366085e-16,69.3214134359722,0.0,5.475547600019237e-05,9.863905e-06,0.0841427788305806,0.021051849552839997
p347_T,0.3534436437405585,0.8622832416734308,0.0,0.0,0.0,0.0,0.0
p348_S,4.7463746477707044e-07,25.883412710566585,0.0,1.0874439005969931e-05,6.8685535e-10,0.002704502302049345,0.0006788443569776662
p349_KTRHP,3.7463299786680243e-10,40.475568092425306,0.0,1.771666595608054e-06,7.0254686e-07,0.08945798133712425,0.022365113887644027
p349_Q,8.812785632384986e-12,48.31546274883446,0.0,6.726612950340309e-06,1.0086915e-06,0.017371238556118287,0.004344743465134634
p349_S,1.8674492769498477e-46,240.77024323007402,0.0,6.954200737164512e-06,8.485962e-08,0.10636632013807577,0.026593339799608623
p350_GAP,2.351417030412419e-21,96.60438558226829,2.7522768364053605e-06,4.646323344643965e-06,5.376276e-09,0.053598455837432696,0.013401464953472404
p350_V,5.709715275442332e-18,79.11277092025327,0.0,5.873139808488571e-06,0.0,0.018739076655914687,0.004686237448930794
p351_G,2.7595367665981066e-26,122.8876730903292,0.0,4.637586080882943e-05,5.6009117e-07,0.008734584946718204,0.0021953802246733422
p351_GAP,5.138339719683089e-10,39.82036079101641,0.0,2.4374986761304073e-06,8.45774e-08,0.039502211300941746,0.00987618334425474
p351_S,5.318366431378754e-07,25.655117003416606,0.0,0.0001923794481340495,7.012413e-07,0.04662203667579631,0.011703779341301741
p352_P,0.005586486508713104,7.7303478712252245,0.0,4.024453315978342e-05,3.0135336e-06,0.048939958199546746,0.012245804066580294
p353_GAP,0.005586486508714488,7.730347871224786,0.0,4.024453315978342e-05,3.0135336e-06,0.048939958199546746,0.012245804066580294
p353_NHEKGTLV,2.6962258531494545e-18,80.77685378034812,5.110409955665058e-06,9.8801586421276e-06,6.005466e-07,0.03254345242524125,0.008139760885116646
p353_S,1.4040924173477218e-48,254.20388085851712,0.0,0.0010623548305936888,3.40968e-07,0.14215489906777146,0.03580439871659141
