,R2,MAE,MSE,RMSE,MAPE,SD,ASD
gbr,0.8390230316215483,13.10993696534959,497.6318914619048,20.69209996497372,0.028111285173196866,22.380658699556033,18.11131661195531
