feature,gbr,rf,xgb,BayesianRidge,mean
1_H2,0.0,8.833847677198887e-05,1.990825512621086e-05,0.27145751920553673,0.06789144148435873
1_P1,0.0,4.450825612230873e-06,8.846892342262436e-06,0.06868698372296189,0.017175070360229097
1_NCI,0.0,0.00012671767501914468,2.959108769573504e-06,0.22083126295320551,0.05524023493424856
1_MASS,0.0,6.599779453752095e-05,9.292217129086566e-08,0.05176063707107978,0.012956681946947149
1_PKB,0.0,1.0800645516460246e-05,6.456227907847278e-08,0.0011946602360619748,0.0003013813609643784
2_H2,0.0,1.0442308171850261e-05,2.2850466848467477e-05,0.1429174841622389,0.035737694234314804
2_P1,0.0,0.00017666528619584234,7.16823706170544e-06,0.12112625829404093,0.03032752295432462
2_NCI,0.0,7.158630745370644e-05,6.588203541468829e-05,0.10296190196862498,0.025774842577873342
2_SASA,0.0,6.826871148024144e-05,1.6127519302244764e-06,0.17818146331894594,0.0445628361955891
2_PKB,0.0,7.109174241709098e-06,2.467540980433114e-05,0.0036023066795474595,0.0009085228158983749
3_H2,0.0,2.5824482503566153e-05,1.0200446013186593e-05,0.20426590590842506,0.051075482709235454
3_P1,0.0005261544449129301,0.0005166706794009615,0.00048560556024312973,0.08980133085768816,0.022832440385561294
3_NCI,0.001187912251610284,0.00017108151737916028,5.821745162393199e-06,0.07396801783360399,0.018833208336938956
3_SASA,0.00014911312700027348,0.0003676020827448502,2.3328415409196168e-05,0.01293777438475173,0.0033694545024765122
3_PKB,9.311912362033509e-06,0.0011861950735599727,3.59498881152831e-05,0.0001931950038585612,0.0003561629694739626
4_H2,0.0011259917868614753,1.2565379016243862e-05,0.00022555026225745678,0.23029194736260974,0.05791401369768623
4_NCI,0.0,1.597685867445743e-05,1.5571224594168598e-06,0.1897508415443514,0.04744209388137132
4_MASS,0.0,9.115542038955646e-05,1.8466589608578943e-06,0.04658568076903105,0.011669670712095367
4_PKB,0.0,0.0002122243661996485,6.936938916624058e-07,0.0406894798292861,0.010225599472344353
5_H2,0.0,6.543768859869044e-05,4.52166432296508e-06,0.21917342273412563,0.05481084552176182
5_P1,0.0,8.871517754289508e-07,3.29280155710876e-05,0.030871369417343014,0.007726296146172383
5_NCI,0.0,0.0003269059758897785,0.004061008337885141,0.19005667010496158,0.04861114610468412
5_MASS,0.0,5.3328678405710035e-05,5.046334263170138e-05,0.05049671895427789,0.012650127743828826
5_PKB,2.7963193447304114e-06,6.464816568436217e-05,5.304741179656958e-08,0.054486014074597605,0.013638377901759624
6_P1,0.00020614817176211418,0.0003181305514199076,3.427270257816417e-06,0.05640818021210629,0.014233971551386533
6_NCI,0.0,6.169474982192963e-05,1.9447228623903356e-05,0.14445392359473574,0.036133766393295394
6_PKB,0.0,0.00011847929616140538,2.668786009962787e-06,0.06429049007399265,0.016102909539041005
7_H2,0.0,6.377832811312053e-05,1.1358200026734266e-05,0.10795053920651755,0.02700641893366435
7_P1,0.00043745005968015864,0.00040018245718507144,8.502075070282444e-05,0.07030966295619022,0.01780807905593957
7_NCI,0.0,0.00033100657301724857,5.079226070847653e-07,0.0356768982460756,0.009002103185424984
7_SASA,0.0,9.212044178572182e-05,2.0068087906111032e-05,0.06505297091601692,0.016291289861427187
7_PKB,0.0,0.00010194070209351976,4.7526569346700853e-07,0.07406308128826258,0.018541374314012392
8_NCI,0.0,1.9953459815339118e-05,1.4519656360789668e-05,0.251930156987511,0.06299115752592177
8_MASS,6.363142504409688e-05,0.0001720550888185216,4.358380465419032e-05,0.06820868082948121,0.017121987786999505
9_P1,0.0,0.00012609534953239267,8.999629244499374e-06,0.019849275917038948,0.00499609272395396
9_NCI,0.0001395371709879717,0.00020933657453364631,0.0005033814231865108,0.13734831930999658,0.03455014361967618
9_PKB,0.0009663603397533646,0.0007477165489423039,4.26094220529194e-06,0.21281704330202295,0.05363384528323098
10_H2,0.0,3.888076639949531e-06,2.042408340230395e-07,0.04926568740598496,0.012317444930864735
10_P1,0.0,1.99638407280056e-05,4.61766859416457e-07,0.06505379309257232,0.016268554675039935
10_MASS,0.0,3.990892071151117e-06,2.134442729584407e-05,0.04265484815592534,0.010670045868823082
10_PKB,0.0,7.536542205633866e-05,1.1001958228007425e-05,0.1914950070746631,0.04789534361373686
11_H2,0.0,0.0002191456381157432,2.183493279517279e-06,0.029124674493000612,0.0073365009060989686
11_P1,0.0,3.6450463876769657e-05,4.32598426414188e-06,0.11245644914118703,0.028124306397331985
11_NCI,0.0,0.0002243329519286101,0.00042505579767748713,0.188125886531661,0.04719381882031678
12_H2,0.0,4.870510366747573e-05,7.1071754064178094e-06,0.20218726563182357,0.050560769477724365
12_P1,0.0,1.7423548431148862e-05,6.66063351673074e-05,0.03868409283866047,0.009692030680564732
13_H2,0.0,0.000282462606993763,0.0001190964540001005,0.16312063925256792,0.04088054957839045
13_P1,0.0,0.00013641446645977327,5.487494490807876e-05,0.05801103550391729,0.014550581228821287
14_NCI,0.0,0.00032811274753980684,3.7869202174078964e-07,0.030953977015596518,0.007820617113789516
15_H2,0.0,4.376445205711151e-05,4.253238330420572e-06,0.22225850079297224,0.055576629620839944
15_P1,0.0,3.3806044367615065e-05,1.0776790986710694e-05,0.079352836673134,0.019849354877122083
15_NCI,0.0007375047750738323,0.001326404401662292,0.00012680812506005168,0.22339868353192227,0.05639735020842961
15_SASA,0.00029382416761552594,9.681217738955494e-05,5.23570561199449e-05,0.07922845003629427,0.019917860859354822
15_PKB,0.0,1.969502698463611e-05,8.48553867172086e-08,0.005532837277104115,0.0013881542898688671
16_H2,0.0,0.00020879350418849044,1.6046544260461815e-05,0.04534205482086704,0.011391723717328998
16_P1,0.0012250275770422675,0.003396842573504582,0.00013089162530377507,0.005279131924344695,0.0025079734250488296
16_NCI,0.0,8.824463479358984e-05,0.00013651449989993125,0.1511758075722852,0.03785014167674468
16_MASS,0.0,0.0001188313656593772,3.2957028452074155e-05,0.1278081188491718,0.03198997681082081
16_SASA,0.0,0.00011406693002064116,0.0,0.09736429768292541,0.024369591153236513
16_PKB,0.0,0.00019069724719627905,4.42679192929063e-05,0.008359505434744827,0.002148617650308503
17_H2,0.0,8.924819743667824e-05,1.9697583866218338e-06,0.05746264827128913,0.014388466556778107
17_P1,0.0005452463321964418,1.3388413523843787e-05,3.6082333281228784e-06,0.04690902415395356,0.011867816783250492
17_NCI,0.0,0.00014537238740398604,0.0,0.19612287897782532,0.049067062841307324
17_SASA,0.0,0.00013273685206888477,9.293536095356103e-06,0.008157653790227678,0.00207492104459798
17_PKB,0.0,8.231544089901104e-05,2.423422301944811e-05,0.14702963513589665,0.03678404619995378
18_NCI,0.0,6.673601396322331e-05,1.7633848869991198e-07,0.13630372433829602,0.03409265917268699
19_H2,0.0,1.2027512797564122e-05,0.0,0.05644532384322613,0.014114337839005925
19_P1,0.0007727302952424838,4.071560222914673e-05,5.687161888090486e-07,0.038354910388445115,0.009792231250526388
19_NCI,9.033515904247307e-06,3.053797448835813e-05,1.0203764759353362e-05,0.2591719602373904,0.0648054338731356
19_MASS,0.0,0.0004916815440263627,0.0,0.06500968972446863,0.016375342817123748
19_PKB,0.0,7.097443779990257e-05,0.002188923303037882,0.10527762080663741,0.0268843796368688
20_H2,0.0,0.0003604844483038353,0.0008041058899834752,0.07624084647865016,0.019351359204234368
20_P1,0.0,4.113546372821861e-05,4.750127118313685e-05,0.04481119349700229,0.011224957557978412
20_NCI,6.999364763326283e-05,2.6387881948639533e-05,1.2396267834446917e-07,0.03302568490858519,0.00828054760021136
20_MASS,0.0,4.335534558264695e-06,1.4456773897109088e-05,0.0179643000739483,0.0044957730956009185
20_SASA,0.0,1.8029730498686924e-05,2.9372165499808034e-06,0.034207977854869606,0.008557236200479568
20_PKB,0.0,7.214967009447872e-06,0.0,0.3670912332123716,0.09177461204484526
21_H2,0.0,0.0012298075534358272,8.139191777445376e-06,0.057665250786157564,0.014725799382842708
21_P1,0.0,1.647300713100922e-05,3.447103935627638e-08,0.039363972267617,0.009845119936446841
22_H2,0.0,9.954107848525657e-06,2.1135821953066625e-05,0.08124260095416436,0.020318422720991488
22_P1,0.0,9.952006509703144e-05,1.668524305387109e-07,0.04744120376080236,0.011885222669582482
22_MASS,0.0,0.00020289758562588796,8.958220973909192e-07,0.011457713144433192,0.002915376638039118
22_SASA,0.0,7.602173060628411e-05,0.0,0.005868589301894468,0.001486152758125188
23_H2,0.004030965224560777,0.0003140984224540143,0.0012655858881771564,0.5702767174576914,0.14397184174822084
23_NCI,0.0003481948532683251,0.00045034340429003105,0.0007208061288110912,0.05390999517535129,0.013857334890430185
24_H2,0.0,1.8214091821810923e-05,0.0,0.12935662221189945,0.032343709075930316
25_H2,8.078567130724866e-05,2.239814585499606e-05,0.0,0.0473490419997091,0.011863056454217837
25_NCI,0.0,0.0008714324446478745,4.050512529829575e-07,0.08972896413509313,0.022650200407748497
25_MASS,0.0,3.918057235076358e-06,0.0,0.003162092202162326,0.0007915025648493506
26_H2,0.0,2.165624887083132e-06,1.4840701396678924e-06,0.22643435138782378,0.05660950027071263
27_H2,0.0,4.676357412617634e-05,0.00011155491665704176,0.22982956274911792,0.05749697030997528
27_NCI,0.0,0.00022709012754899193,6.250222668313654e-07,0.04720255456690404,0.011857567429179965
27_SASA,0.0,0.00012243096625500307,3.754580393433571e-05,0.026737903770344178,0.006724470135133379
27_PKB,0.00045901829243062404,8.291617626684971e-05,6.021087273211378e-08,0.23563446621459763,0.05904411522354196
28_H2,0.0006036310451132512,0.000915161286862568,4.1718212742125615e-06,0.6124209271244497,0.15348597281942494
28_P1,0.0,0.00022362910295509563,9.29292696127959e-08,0.281223543655381,0.07036181642190142
28_NCI,0.0,6.0614078709806575e-06,1.254500716640905e-06,0.2254196015263736,0.05635672935874031
28_PKB,0.0,0.00042163982655717136,0.0,0.19890674267774672,0.049832095626075976
29_H2,0.0,0.001426607735237453,0.0008054642239585519,0.0325766616829757,0.008702183410542925
29_P1,1.3621175941678373e-07,0.001817263411437119,4.1761370084714144e-05,0.15565948570421295,0.03937966167437355
29_MASS,0.0001775764236491486,0.0004541243598017707,0.00025119565543718636,0.026730769943686745,0.006903416595643712
30_NCI,0.0,8.836510583800606e-05,7.039598858682439e-05,0.0006902037254261787,0.00021224120496275229
30_PKB,0.0,8.874549115969148e-05,0.0,0.16927393991731754,0.04234067135211931
31_H2,0.0,0.0001741856342313475,7.39956976758549e-06,0.007329954147823266,0.0018778848379555498
31_P1,0.0,6.828752516489856e-06,7.412450742094734e-08,0.009470006753243297,0.002369227407566802
31_NCI,0.0004819201716269917,5.3691783486741994e-05,1.957132127472505e-07,0.13027930966999446,0.032703779334580234
31_MASS,0.0,4.709742626855717e-05,1.0046139209407556e-07,0.09397207856427867,0.02350481911298483
31_SASA,0.0,9.674641346257837e-05,0.0,0.10324524085979014,0.02583549681831318
31_PKB,0.0,0.00011315007546662027,0.0,0.019063647994024283,0.004794199517372726
32_H2,0.0,3.742937270368102e-05,5.602716555586085e-05,0.06292157227923216,0.015753757204372925
32_P1,0.0,2.5126369894812066e-05,3.2720754461479373e-06,0.06369309331073594,0.015930372939019225
32_NCI,0.0,0.0001535119904074838,5.123933806316927e-05,0.010607226188020015,0.002702994379122667
32_MASS,0.00138496791715599,4.129631224327015e-05,0.00016378368309233338,0.020188267834554408,0.0054445789367615
32_SASA,0.0002554900996465815,4.263724311518153e-05,0.0,0.025173734442460877,0.00636796544630566
32_PKB,0.0,3.948170723787258e-05,1.1964562872890383e-05,0.17493773116504363,0.043747294358788595
33_H2,0.0,0.00014353637383927143,0.0004125800041947514,0.07097355716058396,0.017882418384654493
33_P1,0.0025067563259167083,0.00020756546426156314,0.0006902771419845521,0.022139256931349244,0.006385963965878017
33_NCI,0.0,0.00015884832276177673,0.0,0.1709364312819128,0.042773819901168644
33_MASS,0.0,6.11539180137671e-05,2.1146594008314423e-05,0.007358959796967075,0.001860315077247289
34_P1,0.0,1.2358474823874491e-05,3.5036962344747735e-06,0.06139821359865801,0.01535351894242909
34_NCI,0.0,1.1368057012859563e-06,0.0,0.019087201283243278,0.004772084522236141
35_H2,0.0,0.00038961646376152464,0.00010369304072810337,0.30734687518222203,0.07696004617167791
35_NCI,0.00023063390578179608,0.00015548645872813654,8.046557013585698e-06,0.22403805089331302,0.05610805445370914
35_MASS,0.0,5.364776558432202e-05,6.536387786582054e-07,0.07746966723062361,0.019380992158746647
35_SASA,8.189356019964203e-05,2.9905892636182573e-05,0.00042588412179611623,0.006046573442064513,0.0016460642541741134
35_PKB,0.0,3.249724447143234e-05,4.985907153809421e-08,0.044265493755493435,0.011074510214759102
36_MASS,0.0,1.2641266487718998e-05,2.5424014893360436e-06,0.04777554425761677,0.011947681981398457
36_SASA,0.0,1.616611469840877e-05,0.0,0.02150985985518122,0.005381506492469907
37_H2,0.0,0.00013510208103713282,1.8192542484030128e-05,0.15047816140043102,0.03765786400598804
37_P1,0.0,0.0003166067050421359,9.478277206653729e-05,0.2192037041673534,0.05490377341111552
37_NCI,0.0,0.00010589758463019573,4.391340553411283e-06,0.10610085932080232,0.026552787061496483
37_MASS,0.0,0.0001863263999022991,9.750054914547945e-07,0.14377039144810103,0.03598942321337369
37_SASA,0.0,4.666063088036887e-05,8.521912953085575e-09,0.1539747678500871,0.03850535925072011
37_PKB,0.0,0.00012315393421491905,1.6762835741701565e-07,0.08465406136013838,0.021194345730677678
38_H2,1.5242744222323763e-05,0.0001307272573283103,2.651098657224793e-05,0.045918082808659576,0.011522640949195615
38_P1,0.0,7.111433653923051e-05,5.835585398017429e-06,0.11844422130332179,0.029630292806314757
38_MASS,0.0,8.152190733529537e-05,7.959017978009797e-08,0.06364984860679629,0.01593286252607784
38_SASA,0.0,5.6445813366801014e-05,5.619636340270517e-06,0.060123292665932825,0.015046339528909974
39_H2,0.0,4.9045286752177134e-05,1.0759815438632359e-07,0.09735033556808623,0.024349872113248197
39_P1,0.0,1.195781602483324e-05,0.00015310311573557556,0.04954194407056435,0.01242675125058119
39_NCI,0.0,2.1056883007627235e-05,6.30007150448364e-07,0.008036483668751792,0.002014542639727467
39_MASS,0.0,2.760002506104089e-07,5.1922725106123835e-05,0.02215743611134618,0.0055524087091757286
39_SASA,0.0,2.9670563193471353e-06,0.0,0.01578358089456109,0.00394663698772011
39_PKB,0.0,0.0010362273300941465,1.3547514754463919e-06,0.05591992496502437,0.01423937676164849
40_H2,0.0,9.420392777036446e-05,2.2850954906061816e-08,0.14666548153596276,0.03668992707867201
40_P1,0.0,0.00010117965441449377,7.193232232083346e-09,0.09132765526452398,0.022857210528042675
40_NCI,3.4500566446896577e-06,2.8058212579395203e-05,0.0,0.33997813178200004,0.08500241001280603
40_SASA,0.0,0.00014600118295260994,2.4640667106723413e-07,0.07818445847501572,0.019582676516159848
40_PKB,0.0,5.273131016748801e-05,0.0,0.10863880496438395,0.02717288406863786
41_H2,0.0,0.0004223891149376016,6.301987923507113e-06,0.12772587780509082,0.03203864222698798
41_P1,0.0,0.00012797818261570484,5.686985969077796e-05,0.009826874181262454,0.002502930555892234
41_NCI,0.0,0.00023114165202214691,4.029897354485001e-06,0.16210149058970535,0.0405841655347705
41_MASS,1.4617912330315565e-05,0.00031591138770751723,1.9976218936790247e-06,0.1656235607674981,0.0414890219223574
41_SASA,1.546167858041019e-05,0.00013009113887775867,0.0,0.09061128772957848,0.02268921013675916
41_PKB,0.0012727073860651582,0.0002541989003256434,2.537212537845335e-07,0.28983662261143067,0.07284094565476881
42_P1,0.00023867610807107529,0.00039643361366011303,0.0001143260597018525,0.07539528640775708,0.01903618054729753
42_NCI,0.0,0.0001263607918093411,4.398896635393612e-06,0.1980906817054207,0.04955536034846636
42_MASS,0.0004202087921574246,3.103104652505649e-05,3.8994269146996885e-08,0.12459717049437793,0.03126211233183239
43_H2,0.0,6.32301102984848e-06,1.0505840691621415e-05,0.1166052300129686,0.029155514716172518
43_P1,0.0,8.27188651526769e-05,0.0,0.0208897337575802,0.0052431131556832196
43_MASS,0.0,4.911162588619658e-05,0.010245431214571,0.04127123834426857,0.01289144529618144
43_PKB,0.003063479111778912,0.001216217584486791,0.0,0.17255300079961755,0.044208174373970816
44_H2,0.0,3.608514677582022e-05,2.51210309443195e-07,0.13802804477618544,0.03451609528331768
44_P1,0.0,3.734575497653059e-05,0.0,0.0022620339456086696,0.0005748449251463001
44_NCI,0.00037782486936373174,0.00013174759520893448,4.265690449756221e-07,0.019360845078987745,0.004967711028151346
44_MASS,0.0,1.7234174977863922e-05,0.0,0.10038503585702496,0.025100567508000708
44_PKB,0.0,0.002393801414658405,8.68945789989084e-05,0.33976619271524666,0.08556172217722599
45_P1,0.0,0.00011149453570182677,3.7498462916119024e-05,0.02287578332945861,0.005756194082019139
45_NCI,5.023404692420086e-06,0.00020811039756797828,9.619705451768823e-06,0.3841305174779106,0.0960883177464057
45_MASS,0.0,6.128761238185502e-05,0.0002612874668557197,0.08802307459269401,0.022086412417982898
45_SASA,4.977067453365838e-06,0.0001904715405086075,1.0013382052420639e-06,0.06637612262973325,0.016643143143975116
45_PKB,0.0007011710285764958,0.0003030375037307118,0.0002146339393220842,0.01102886250481508,0.0030619262441110933
46_H2,0.0,4.08075374721287e-05,1.5872660696913954e-07,0.0430213421864618,0.010765577112635224
46_MASS,0.0,0.00010339704475020322,0.0,0.04765883611530627,0.011940558290014117
46_SASA,0.0,9.561605743819218e-05,0.0,0.03434638309019301,0.0086104997869078
46_PKB,0.0,4.0392097869446874e-07,1.5370056871688575e-07,0.10176856070736646,0.02544227958222847
47_H2,0.0,1.5341074190661584e-05,9.301624959334731e-05,0.0642535138228662,0.01609046778666255
47_P1,0.0,9.842421857788434e-05,0.0,0.008978197372150104,0.0022691553976819973
47_NCI,0.0,7.496790611794214e-05,0.0005277959862723947,0.2372645026626761,0.05946681663876661
47_MASS,0.0,8.871738295595098e-05,0.0,0.14030848362557477,0.03509930025213268
47_PKB,0.0,0.16289674059871506,0.03725959360599518,0.1285824626679969,0.08218469921817678
48_H2,0.0,0.00014235055783656846,1.883935328805819e-05,0.07445787817629058,0.018654767021853803
48_NCI,0.0,0.00018429985349098675,1.574970519868657e-05,0.10417021845858584,0.02609256700431888
48_MASS,0.0,0.00012783772964881555,1.2873241757915821e-05,0.01854301445738062,0.004670931357196838
48_SASA,0.0,0.0005288245943297801,3.6066780012333766e-05,0.011137036981783035,0.002925482089031287
48_PKB,0.0,0.0004241869453195677,1.9571241864468902e-05,0.2663066211157789,0.06668759482574074
49_P1,0.0,0.00048114971302312134,1.2176832569821272e-05,0.007427920547439081,0.001980311773258006
49_NCI,6.68401730027647e-05,0.0002891948783947877,8.902361514628865e-06,0.2736681241827617,0.06850826539891847
50_H2,0.0,4.1332639114884745e-06,3.1163610401563346e-05,0.09810313129733016,0.024534607042910803
50_P1,0.0,2.4239153571480666e-07,0.0,0.04400826696380493,0.011002127338835162
50_NCI,0.0,1.4812771430147604e-05,0.0,0.08061830728149826,0.0201582800132321
50_SASA,0.0,2.464546794219688e-08,0.0,0.004457204492871139,0.0011143072845847704
50_PKB,0.0,2.246027140094573e-06,0.0,0.1946061302676179,0.0486520940736895
51_H2,0.0,0.0003738144137780731,2.2365309632732533e-05,0.22099629328518808,0.05534811825214972
51_P1,0.0,0.0002448551112642153,2.6857151169679128e-06,0.09572843068466713,0.023993992877762077
51_NCI,0.0,6.15548779701539e-05,9.163706272374839e-05,0.02478635334181023,0.006234886320626033
51_SASA,0.0015456846731785364,0.00043593097502799493,1.9069834706897382e-06,0.09661708879900079,0.024650152857669503
51_PKB,1.3456531650760283e-06,0.0006905999661441785,9.60965166996175e-07,0.16705259019594867,0.04193637419510623
52_H2,0.0,2.98443763539808e-05,4.5604415390698705e-06,0.04481895955876657,0.011213341094164907
52_NCI,0.0,3.360941212297197e-05,2.126160865145721e-07,0.1007628580885637,0.025199170029193297
52_MASS,0.0,0.00010308642894147795,5.526260792976245e-06,0.0634692005051471,0.015894453298720388
52_SASA,0.0,0.00012814357355176413,6.244756605155999e-06,0.06889916996890455,0.017258389574765366
52_PKB,0.0,0.00015577088412220148,5.600694566965103e-05,0.4292000971945659,0.10735296875608945
53_P1,0.0,3.178390576346913e-05,3.8985795924872946e-08,0.04660913314100175,0.011660239008140286
53_NCI,0.0,1.3048012751759432e-06,3.408548820971191e-07,0.04743636651435565,0.011859503042628231
53_SASA,0.0,1.6656227579957157e-06,0.0,0.020789363466540502,0.0051977572723246246
53_PKB,0.0,1.3019138686324597e-06,4.612456905306317e-08,0.000894406106530436,0.00022393853624203038
55_NCI,0.0,0.0006044164484739747,0.0004134030605200678,0.009081916223158069,0.002524933933038028
55_PKB,0.0,9.761254857053554e-05,1.5230017197609413e-05,0.08185627885915046,0.02049228035622965
56_H2,9.696051924400193e-05,5.1123502116272895e-05,1.223647723236354e-05,0.035821291681177585,0.008995403044942556
56_MASS,4.104957436883494e-06,0.00027342593451712324,0.0006069783121347427,0.110762821346489,0.027911832637644438
56_SASA,0.0,0.000104143348074514,1.1801342907347134e-06,0.08764777122961052,0.021938273677993943
56_PKB,8.443916410642629e-05,8.934590959660764e-05,0.0,0.12453705790115968,0.03117771074371568
57_P1,0.0,0.0,0.0,0.051838838612448465,0.012959709653112116
57_SASA,0.0,2.041904616994386e-07,0.0,0.036827689947428494,0.009206973534472548
58_H2,0.0,5.646721633401533e-06,1.008844606076309e-06,0.0063019611486889344,0.001577154178732103
58_P1,0.0,3.36287631933975e-05,0.0,0.013848608823608406,0.003470559396700451
59_H2,0.0,0.00015509811426678015,8.383926797250751e-08,0.006771002811240441,0.0017315461911937985
59_P1,0.0,0.00041570222565283105,4.3946122296745216e-09,0.09918725297196947,0.024900739898058633
59_NCI,0.0,0.00030362003738713283,2.2729293505108217e-06,0.030370808604879278,0.00766917539290423
59_MASS,0.0,2.8514771679189412e-05,0.0,0.06603617190656096,0.016516171669560036
59_PKB,0.0,8.29656788826951e-05,0.0,0.03929632655431457,0.009844823058299318
60_H2,0.0,4.919771674909544e-07,2.052882337011397e-05,0.1296406112577402,0.03241540801456945
60_P1,0.0,0.00023347091156195236,0.0,0.059132505522757194,0.014841494108579786
60_MASS,0.0,0.00038000945488188894,0.0,0.062280446634287,0.01566511402229222
60_SASA,0.0,4.2664157854156684e-05,0.0,0.06072242365825459,0.015191271954027186
60_PKB,0.0,1.9846076771750707e-07,0.0,0.04040128702040284,0.010100371370292639
62_NCI,0.0,0.00015595613551828302,2.4573149858042598e-05,0.11818134471219964,0.029590468499393993
62_MASS,0.0,9.64112796126787e-05,0.0009824904846027493,0.15377632797911384,0.03871380743583232
62_SASA,4.318325462990121e-05,5.2260787363995594e-05,0.0,0.1696646100420385,0.0424400135210081
62_PKB,8.588689060606098e-06,7.23163939099947e-05,1.963426257134415e-06,0.2184150113977728,0.054624469976750134
64_H2,0.0,0.00011277175669392633,0.0,0.1005789916012122,0.02517294083947653
64_PKB,0.0,5.518185136713376e-05,3.831291195410813e-08,0.009712037975138699,0.002441814534854447
65_H2,0.0,1.1870398769274274e-06,0.0,0.09593700326024718,0.023984547575031025
65_MASS,0.0,8.797580310808302e-05,0.0,0.014129997051285783,0.0035544932135984663
66_NCI,0.0,0.00021745823759745025,7.607235602336004e-06,0.5590026470827921,0.13980692813899798
68_H2,0.0,0.00013019056460921265,0.0,0.025560269137904486,0.006422614925628425
68_P1,0.0,1.3152157379764064e-06,0.0,0.027318431606266187,0.006829936705501041
68_NCI,0.0,2.567749151815503e-08,1.3228608395365882e-06,0.19543166296066156,0.048858252874748154
68_MASS,0.0,1.1573788739184936e-05,0.0,0.13871764247662716,0.03468230406634158
68_SASA,0.0,1.271790989865523e-05,0.0,0.03995367329389121,0.009991597800947466
69_H2,0.0,1.2176813509845335e-05,0.0,0.0617578340685303,0.015442502720510036
69_NCI,0.0,2.600969172162679e-06,0.0,0.008695098855852547,0.0021744249562561774
69_MASS,0.0,7.147776127648936e-05,0.0,0.015443347427088843,0.0038787062970913333
70_H2,0.0,1.919164783086542e-07,0.0,0.06617646439641393,0.01654416407822306
70_P1,0.0,2.6119389745312257e-06,0.0,0.0048717431989163725,0.001218588784472726
70_NCI,0.0,2.0675314280311247e-07,0.0,0.30905642413140394,0.07726415772113669
70_PKB,0.0,0.00014159113602078865,0.0,0.18444410153349206,0.046146423167378214
72_MASS,0.0,3.902980370672879e-05,1.01062042290323e-07,0.005408801547145903,0.0013619831032237305
73_H2,0.0,0.00011238717199230327,0.0,0.026187885679064736,0.00657506821276426
73_P1,0.002069489435271804,0.0010767811937412073,1.3974657520066103e-07,0.0733070395249137,0.01911336247512548
73_NCI,0.0,5.76098744843152e-06,4.5128661696480776e-08,0.06037523872260931,0.015095261209679859
73_MASS,0.0,9.817286854036151e-06,0.0,0.0432371614997244,0.010811744696644608
73_SASA,0.0,1.1357548455575736e-05,0.0,0.05387539407448197,0.013471687905734386
73_PKB,0.0,0.00013168088754230637,0.0,0.10590686770079208,0.026509637147083598
74_H2,0.0,8.51539725112309e-06,0.01537579856812954,0.04717605515860665,0.015640092280996828
74_P1,0.0,9.924262056337098e-06,7.585519057329293e-08,0.012635870981069832,0.0031614677745791854
74_NCI,0.0,6.589166361153489e-06,0.0,0.027601728276452995,0.006902079360703537
74_MASS,0.0,1.9273537641889068e-05,0.0,0.05644060862101513,0.014114970539664255
74_SASA,0.0,6.867120908380185e-05,0.0,0.03833878516197953,0.009601864092765833
75_H2,0.0,6.766943725878025e-06,0.0,0.004560585880552808,0.0011418382060696716
75_P1,0.0,4.137690523574363e-06,0.0,0.011013633238415213,0.0027544427322346967
75_NCI,0.0,1.0667627085304492e-06,0.0,0.020181524325783108,0.005045647772122909
75_MASS,0.0,6.010362776507809e-06,0.0,0.011096520113233473,0.002775632619002495
75_SASA,0.0,4.3187841328244226e-05,0.0,0.012362647737780149,0.0031014588947770984
77_H2,0.0,6.350296401974918e-07,0.0,0.009122748469015096,0.0022808458746638232
77_NCI,0.0,0.0,0.0,0.02931124967887396,0.00732781241971849
77_SASA,0.0,6.3032989065620515e-09,4.011078544863267e-06,0.017782042465523642,0.004446514961841853
78_H2,0.0,4.975577509547421e-07,0.0,0.010497701991124321,0.002624549887218819
78_P1,0.0,1.0175722855094145e-07,5.228268378232315e-07,0.011077567885014974,0.0027695481172703373
78_NCI,0.0,3.841025538782909e-06,1.1174754632747863e-07,0.02572310421436447,0.0064317642468623955
78_MASS,0.0,1.0821126391228523e-05,0.0,0.009670545665210235,0.002420341697900366
78_SASA,0.0,3.4384092851542554e-06,0.0,0.017619348816309475,0.004405696806398658
78_PKB,0.0,7.901424493573054e-07,0.0,0.002954519638205563,0.0007388274451637302
79_H2,5.9868816366798066e-05,6.0784192002349156e-06,3.1104989375307923e-06,0.060816282675040155,0.01522133510238618
79_NCI,0.0,1.9380858287137926e-05,2.9993975658726413e-06,0.007110938259815542,0.0017833296289171382
79_MASS,0.0,1.7126834571594486e-06,0.0,0.00757145714041436,0.00189329245596788
79_SASA,0.0,1.8206702762321072e-05,0.0,4.125546042273874e-05,1.4865540796264951e-05
79_PKB,2.4746183873657487e-05,4.750498998286591e-06,0.0,0.08314670250068193,0.020794049795888468
80_H2,0.0,0.00011411810084630424,2.156004666176159e-05,0.07735420492491452,0.019372470768105644
80_P1,0.0,0.00012929079411621333,3.5187936191505287e-06,0.05599117206022094,0.014030995411989076
80_NCI,0.0,0.0007906245699432629,0.00026042634272016585,0.2148352174993109,0.053971567102993584
80_MASS,0.0,8.69909580338851e-05,5.291509296512231e-06,0.04494337975857736,0.011258915556476939
80_SASA,0.0,0.00013769028129601582,0.0,0.02413872323971878,0.006069103380253699
81_H2,0.0,0.00014216842587896658,3.3504809948681213e-07,0.23920300194840635,0.0598363763555962
81_P1,0.0,5.550248267269829e-05,0.0,0.08582826708366328,0.021470942391583994
81_NCI,0.0,6.305602785521098e-06,1.4434314834943507e-05,0.261844266637207,0.06546625163870687
81_MASS,0.0,1.9683456087232442e-05,0.0,0.10783155413780444,0.02696280939847292
81_SASA,0.0,1.380590510207769e-05,0.0,0.09965003795227571,0.02491596096434445
81_PKB,0.0,0.0002169663103969684,1.6432385052667087e-07,0.15841869453300478,0.03965895629181307
82_P1,0.0,4.965371469424184e-06,2.179477178287925e-06,0.09248292102613012,0.023122516468694457
82_SASA,0.0,1.8640736693017164e-05,1.2067768011547741e-06,0.03524563565389046,0.008816370791846159
83_H2,0.00011508023265576111,0.000497167741939302,3.586082675610669e-05,0.26539713019019384,0.06651130974788626
83_NCI,0.00011254220297379933,0.001105625019167622,6.469096115324646e-05,0.08591384292028303,0.021799175275894426
83_MASS,0.00033318290264281635,0.00041237020886218185,0.0002647702640388161,0.07569676461772955,0.01917677199831834
83_SASA,0.0011316327945664565,0.0019927751908342347,0.0,0.09768085200851964,0.025201314998480082
83_PKB,0.0,0.0017452315668134637,0.000264673464698717,0.11586723801585157,0.029469285761840935
84_H2,0.0,0.0001404605438083775,3.652067562143202e-06,0.08028690348415615,0.02010775402388167
84_P1,0.0,9.667796975121327e-05,5.673523162386118e-08,0.005760874330347973,0.0014644022588327025
84_NCI,0.0,4.655187873269419e-06,2.0997374861053686e-07,0.07834323979343841,0.01958702623876507
84_MASS,0.0,5.675684494024372e-05,2.9754219212918542e-06,0.10457017561682161,0.026157476970920787
84_SASA,0.0,4.2361406716639754e-05,0.0,0.10851652011033537,0.027139720379263002
84_PKB,0.0,0.00020043562621153494,0.0,0.2793447635114849,0.06988629978442411
85_H2,0.008770098433428705,0.0025340174306366487,0.00010183014092035592,0.8506158600845278,0.21550545152237838
85_P1,0.01544979880094163,0.018796056531341452,0.0016308554913848639,0.2781066752480237,0.07849584651792291
85_NCI,0.0010313210701490528,0.0017287090457257397,2.8421814931789413e-05,0.29938620052512643,0.07554366311398325
85_SASA,0.0009505782418869526,0.0009861560831282735,4.627919042832218e-05,0.25323732245596936,0.06380508399285323
85_PKB,0.0016876247855099548,0.00111942858924762,0.00016360987501684576,0.3194320206191112,0.0806006709672214
86_P1,0.0,0.0003682738675587592,1.8783377981890226e-06,0.04016948191276008,0.010134908529529257
86_NCI,0.0,2.4128300871184304e-06,0.0,0.17869023965606656,0.04467316312153842
87_NCI,4.189676294529796e-05,0.00014599358037148036,1.3569680049840827e-05,0.10566836181931649,0.026467455460670777
88_H2,0.0,0.00018167316054892374,0.00011357308540027589,0.05016749870519259,0.012615686237785447
88_P1,0.0,0.0002606692362877172,0.0,0.02310065510188834,0.005840331084544014
88_MASS,1.4672138971995766e-05,0.00010709255845949939,1.643202813284006e-05,0.1105260879121272,0.027666071159422885
88_SASA,0.0,0.00010165727109564183,2.52100591069393e-07,0.0640674986958452,0.016042352016882977
88_PKB,3.1618248276292247e-06,0.00010914149879170093,1.1229876690777019e-05,0.019195818936034784,0.004829838034086223
89_H2,0.00011535433119737098,0.00025043472290511024,8.18592743598856e-05,0.23176190753277756,0.05805238896530998
89_P1,0.0004796593688473431,0.018725901267568797,0.0013697707327082753,0.12773238741388676,0.0370769296957528
89_MASS,0.0004975005426902532,0.0002796942171469229,0.0006570953410118818,0.2052217225243952,0.05166400315631106
89_SASA,0.013782853203057725,0.008833157142326869,0.0006428929045796394,0.3476612590863006,0.0927300405840662
89_PKB,0.00032905388285042243,0.0009733657434043738,0.0001451883144909516,0.25686385497075837,0.06457786572787602
90_NCI,0.0,0.0001264085810189081,3.0172608603606932e-05,0.22058261326722345,0.055184798614211494
90_MASS,0.008482246678957528,0.002593041380068044,0.0010797095019370317,0.11324073971455907,0.03134893431888042
90_SASA,0.0,0.0016582678939930098,0.0,0.10751018382083934,0.027292112928708086
90_PKB,0.0,0.001058708355651364,0.012328610755503178,0.10042674579765762,0.02845351622720304
91_H2,0.000940611357877928,3.19664585837151e-06,7.941288458823692e-06,0.3211894513689051,0.08053530016527505
91_P1,0.0,0.0005107567899044161,0.0,0.11908166746635632,0.029898106064065184
91_NCI,0.0,7.922421906139682e-06,0.0,0.1443800318702961,0.03609698857305056
91_MASS,0.0005659475226792362,0.0013260899661267003,0.0,0.04620916460032581,0.012025300522282937
91_PKB,0.00013120660434567672,4.706892793738201e-05,0.0,0.5046939010662455,0.12621804414963214
92_H2,0.0015477306735109046,0.0006347575608537077,0.00012833025539293885,0.26050378285834164,0.0657036503370248
92_P1,0.0,0.0005261657839994104,1.6812029571156017e-05,0.07480709022231274,0.01883751700897083
92_NCI,0.002065733258644624,0.001970342274053381,0.00015505599731113762,0.8497499892168595,0.21348528018671717
92_MASS,0.0,0.00011185749848784307,2.580313775979448e-07,0.014546406855092724,0.003664630596239541
92_SASA,0.0,0.0008709099586392747,0.0019853846170008183,0.03974275721797547,0.01064976294840389
93_H2,0.1213978935528822,0.091615690127776,0.015719318762421608,0.2786513651852022,0.1268460669070705
93_P1,6.451963824081604e-05,0.007525397674581878,5.192548633203842e-05,0.1511328655420685,0.03969367708530581
93_NCI,0.00041468122563925947,0.023725052602052005,3.527809531078674e-05,0.315947687273813,0.08503067479920376
93_MASS,0.008873293499877876,0.01332748453106895,0.0010304166935384274,0.22665468923789553,0.0624714709905952
93_SASA,0.04807742710209378,0.0042696865566426686,0.001085587777197361,0.12073064809422374,0.04354083738253939
94_H2,0.0,0.0027001644232259683,1.7003619632305345e-06,0.18400911432869738,0.04667774477847164
94_P1,0.0,4.506932684308507e-05,5.923109824834683e-07,0.009410266577998514,0.002363982053956021
94_MASS,0.0,0.00016074107718762738,0.0,0.1366604923527976,0.03420530835749631
94_SASA,0.0,5.441794102776559e-05,2.487159235897707e-06,0.11835056420565596,0.029601867326479906
94_PKB,0.0,9.476932176587965e-05,9.756875442690216e-06,0.33671809852509366,0.08420565618057556
95_H2,0.0,0.0010298936834904713,2.1647413177561248e-06,0.2034332854248097,0.05111633596240448
95_P1,0.0,0.0003549530577200042,5.2237141972000245e-06,0.055854579807959784,0.014053689144969248
95_NCI,0.00048635099052982134,0.0006507324019566852,1.0546808653089101e-06,0.1282430703074227,0.03234530209519363
95_MASS,0.007159044220115059,0.0022093793091693104,0.0038076387718319893,0.22580894280345856,0.05974625127614373
95_SASA,1.809281886002528e-06,0.001038632231385935,2.8990225473535247e-06,0.1874955949041912,0.04713473386000262
95_PKB,0.0,3.1381296228588646e-05,2.7801337409982807e-07,0.2422594923413399,0.06057278791273565
96_H2,4.039468114814495e-05,2.4296592287773147e-05,0.00029827537946403027,0.3977003824229562,0.09951583726896403
96_P1,0.0,0.00012234695879967945,0.0,0.16899255113998823,0.04227872452469698
96_MASS,0.00020299435805047101,5.254172269606757e-05,6.105389729782473e-06,0.1540477357994562,0.03857734431748313
96_SASA,0.0,1.7757860406038252e-05,0.0,0.13011356169984384,0.03253282989006247
96_PKB,0.0,7.155139047454215e-05,0.0,0.6783541690528626,0.1696064301108343
97_H2,0.0,6.315627816509067e-05,2.430722634017002e-05,0.11200386392748922,0.02802283185799862
97_MASS,0.0,0.0003335299265183394,0.00017893098993226886,0.13948384004385928,0.03499907524007747
97_SASA,0.0,0.00022282987822481602,0.0002051258779829368,0.11270820300190519,0.028284039689528237
97_PKB,0.0,0.004805436457975329,4.440927568793995e-06,0.21568872141040582,0.055124649698987484
98_H2,0.0,0.0001031783753741662,2.238348861283157e-05,0.1577749862659662,0.0394751370324883
98_P1,0.0,3.3638062565833555e-05,1.3100236628815765e-06,0.0678702644825949,0.0169763031422059
98_NCI,0.0,0.0001081152918291845,5.105820264361682e-07,0.06598783335130384,0.016524114806289864
98_MASS,0.0,5.052937937893089e-05,3.045015000679996e-05,0.09561863979147728,0.02392490483021575
98_SASA,0.0,3.639894847758447e-05,0.0,0.08164095891712,0.020419339466399396
98_PKB,2.147402951875642e-05,4.047588491434805e-05,0.0,0.12046792290927796,0.030132468205927767
99_H2,0.004034668405612306,0.002190924415648493,3.0013603463885374e-05,0.014131912828343552,0.005096879813267059
99_P1,0.0,0.003861682926161711,0.0015736931236460805,0.033638268036980695,0.009768411021697121
99_MASS,0.00017724801167840658,0.0006190503255628381,1.6789494111435488e-05,0.10080285762394281,0.025403986363823874
99_SASA,0.00027673665872086147,0.0015042276461510625,1.600169707671739e-05,0.08446547855959351,0.02156561114038554
100_P1,0.0,8.242634819866023e-05,0.0,0.006964741767875762,0.0017617920290186055
100_MASS,0.0,5.042886390310416e-05,0.0,0.028254134710456794,0.0070761408935899744
100_SASA,0.0,6.044154863276849e-05,0.0,0.03615819360672891,0.009054658788840418
100_PKB,0.00010576742150319295,0.0003223905808995363,7.40417931410775e-08,0.028192933523170805,0.007155291391841669
101_NCI,0.0,4.559359825315726e-05,1.3115704966537578e-08,0.2950885930956368,0.07378354995239873
101_MASS,0.0,6.516139794918926e-05,0.0,0.053377435472114335,0.01336064921751588
101_SASA,0.0,7.687018288562497e-06,0.0,0.06701954190190841,0.016756807230049242
101_PKB,0.0,1.723822694719201e-05,1.8232809679830098e-06,0.18783459076517078,0.04696341306827149
102_H2,0.0,0.00020207131501295773,0.0,0.06735341184415533,0.016888870789792072
102_P1,0.0,4.8137437165390915e-06,2.438694934880914e-07,0.03890936466161506,0.009728605568706273
102_NCI,0.0,1.9935327965495803e-05,7.927537808427587e-06,0.1605923511126668,0.040155053494610175
102_MASS,0.03577174025129491,0.03709905865909578,0.07628289610147476,0.058901379953865636,0.05201376874143277
103_H2,0.0,7.861824876210884e-05,3.3563474062248133e-06,0.16708921933546542,0.041792798482908435
103_P1,0.0,4.822965016008923e-05,7.581197223771596e-06,0.009586896064894743,0.002410676728069651
103_NCI,0.0,0.00011276931957175779,2.9159537007217295e-06,0.008962676237283196,0.002269590377638919
103_MASS,0.0,5.694332920707913e-05,0.00019969604909420013,0.1628059249766391,0.040765641088735094
103_SASA,0.0,0.00033709995114238224,2.6537109079072252e-05,0.15603440115263892,0.039099509553215096
104_H2,0.0,1.1299948494734238e-05,8.896910003386438e-06,0.1573114997597664,0.039332924154566136
104_P1,0.0,5.3004721604795966e-05,0.00015752094623167068,0.11851981551828215,0.029682585296529656
104_MASS,1.66820259672023e-05,2.106116370374834e-05,0.0,0.021044997937477647,0.00527068528178715
104_SASA,0.0,0.0002183156874884385,0.0,0.07116834553309843,0.017846665305146718
104_PKB,0.0,6.807106239079177e-05,5.8774632634595037e-05,0.40949958111464524,0.10240660670241766
105_MASS,0.0,3.9382317087425174e-07,1.1487219353512046e-07,0.14407986427092642,0.03602009324157271
106_H2,2.5577094122620125e-05,1.0667256269550753e-05,8.088163303909823e-05,0.21331758791986785,0.05335867847582478
106_P1,0.0004694861487424966,3.8912214359882685e-05,9.175845661957283e-06,0.004090400873419663,0.0011519937705459999
106_NCI,0.0,3.8104876006404534e-05,4.9355076043866575e-05,0.07482253130639104,0.018727497814610326
106_MASS,0.00020986123650703782,8.243478019656244e-05,2.9000500489928527e-06,0.13509275620816805,0.03384698806873016
106_SASA,0.00011067796927148226,0.00013533731347613721,8.145540419945974e-08,0.00317616909468667,0.0008555664582096223
106_PKB,0.0,0.00044114088626078223,2.2416008960135514e-06,0.08514188328381928,0.021396316442744017
107_H2,0.0,7.058201480917557e-05,2.800796892188373e-06,0.28952953924545266,0.07240073051428851
107_P1,0.0,0.0008484046058257449,0.0008406520937569439,0.03866141976263409,0.010087619115554195
107_NCI,0.0,0.00015521813963746965,1.683164737187326e-05,0.15229779764794904,0.0381174618587396
107_MASS,0.0,0.00041786025154708133,1.2611410056706518e-05,0.043128501051605324,0.010889743178302278
107_SASA,0.0,0.0003652113185103865,1.4672136217086518e-07,0.07281250480217996,0.01829446571051313
107_PKB,0.0,0.00012993689154829066,1.2983882413664105e-07,0.2905743882230478,0.07267611373835506
108_H2,0.0,0.0004043747248986988,3.403354753572785e-07,0.20332002509173153,0.0509311850380264
108_P1,0.0,0.00019133560360309076,5.684242410097795e-07,0.1273551410394494,0.031886761266823375
108_NCI,5.385639166011492e-06,0.0005520435516765472,2.9221786462585442e-05,0.012341483036317059,0.003232033503405551
108_MASS,0.0,0.0003564945037509781,2.945172809631913e-06,0.21964580561598662,0.055001311323136806
108_PKB,0.0,5.990633284154611e-05,4.153218071678566e-07,0.15639062232353348,0.03911273599454555
110_H2,0.009008452177023032,0.008267421094935683,0.002291051670908928,0.11411728746374873,0.033421053101654094
110_P1,0.0004565509575813465,0.0034154167415217217,1.2229753565407009e-06,0.05796444645396075,0.01545940928210509
110_NCI,0.0024158793724784085,0.005719161545222216,0.002714813221246004,0.034855320184197104,0.011426293580785934
110_PKB,0.0,0.00014916620659064067,1.1777027566495235e-06,0.06374082200564396,0.015972791478747812
111_NCI,0.00021718547056694481,0.0008195898509761922,5.435467028291896e-05,0.390441252011756,0.09788309550089551
112_NCI,0.0036775347535145265,0.003473838304583873,0.0004487840342335403,0.12344544060426572,0.032761399424149414
112_MASS,0.0007835546806833594,0.004970690559589484,0.00027341977693140507,0.05762485774312422,0.015913130690082117
113_P1,0.0,5.198697537817579e-05,3.617676338762976e-05,0.009753686503898495,0.0024604625606660753
113_NCI,0.0,5.289439195461975e-05,4.521757546172012e-06,0.5020263847665931,0.1255209502290235
113_MASS,0.0,9.298241168636876e-05,0.0,0.0464661610206146,0.011639785858075243
114_H2,0.0,0.0005943891551674995,6.820631597292959e-07,0.09536469608385068,0.023989941825544477
114_P1,0.0,5.674710349598361e-05,1.4662487956229597e-05,0.03222861599734621,0.008075006397199606
114_NCI,0.0016130570569175809,0.005211696262702927,1.363388264508103e-07,0.4577765763044384,0.11615036649072134
114_MASS,0.000220726085763638,4.1980724814678845e-05,1.3999368775330367e-07,0.0975024395091046,0.024441321578342667
115_H2,3.819126988957085e-05,0.0006078622651291934,0.0003073712869081646,0.004825692208692769,0.0014447792576549245
115_P1,0.0025409535451015653,0.001040393703927161,2.588091092547984e-06,0.1288161928294421,0.03310003204239084
115_NCI,5.510323546898495e-05,0.0003656740654393829,8.936453014030121e-06,0.4269290600652262,0.10683969345478715
115_MASS,0.00015549877142665333,0.0005632873711495961,5.750867785536684e-05,0.007584779276919694,0.0020902685243378277
115_SASA,0.00044503172888572074,0.00043045844244731847,0.0,0.06382149293416509,0.01617424577637453
115_PKB,7.001620373947832e-07,0.0005295489295718572,1.411123548678006e-06,0.18095934308280523,0.04537275082449079
116_H2,0.0,8.354820762389453e-06,1.1147915756737348e-05,0.040181222966327396,0.010050181425711631
116_P1,0.0,4.0549508819231344e-05,0.0,0.01800131126834752,0.004510465194291688
116_NCI,0.0,2.30515041156166e-05,7.925852969492553e-07,0.09385616368847863,0.0234700019444728
116_MASS,0.0,1.9751563093046916e-05,5.439578032451209e-08,0.019438907132570186,0.004864678272860889
116_SASA,0.0,1.9080636113737775e-05,0.0,0.03179697367547519,0.007954013577897231
116_PKB,0.0,5.030279332966724e-06,4.776575224241242e-06,0.024986026874258483,0.006248958432203923
117_NCI,0.0005368759605675448,0.001225744894712788,1.7908669178723358e-05,0.14695459615482231,0.037183781419820344
117_MASS,0.0037978059108827794,0.0016676581528773935,0.00100699404720217,0.1620791966542212,0.04213791369129589
117_PKB,5.929209940086975e-05,0.0012695704489654282,9.934842819347978e-05,0.18253078900821712,0.04598974999619423
118_P1,0.0022458468276367097,0.0007446225151020588,8.20748846308561e-06,0.06473166233449545,0.016932584791424326
118_NCI,0.000495655512278104,0.0006764505992555622,0.00010211165499640629,0.24657248483286331,0.06196167564984835
118_PKB,2.7316934673940506e-05,0.0003434874292053055,0.0008407393470406532,0.16306723779600835,0.04106969537673206
119_H2,0.0,0.00017006519418734207,7.20464886398986e-05,0.1606144738017819,0.04021414637115228
119_P1,0.0,0.0002676094498623733,1.773165536178567e-06,0.10923263488873075,0.027375504376032325
119_MASS,0.0005766715805646487,0.000968694444714115,7.781474778312258e-06,0.05177946863413015,0.013333154033546808
119_PKB,0.0006423805601826569,0.0017760745736830324,6.847785130048578e-07,0.14603651250854757,0.037113913105231565
121_H2,0.0,0.000386672251193814,8.758105832384899e-05,0.5661860159540036,0.14166506731588033
121_P1,0.0017692638699871414,0.00042694266627251197,8.12872385722585e-05,0.10670951578192547,0.027246752389189346
121_NCI,0.00022589481536553293,0.002553813751115182,3.631453000707552e-05,0.38121009740885553,0.09600653012633582
121_MASS,0.0,0.00044953854055176836,5.057856469647959e-05,0.06269080724289428,0.01579773108703563
121_SASA,0.0,0.0010451113839055747,2.851713816198753e-07,0.02111675764060961,0.005540538548974201
121_PKB,8.811308023611239e-05,0.0007493403105098992,0.00037763334694318473,0.23155552442074334,0.05819265278960813
122_NCI,0.0,5.5818545522595724e-05,1.3746937838732265e-05,0.0647781432315582,0.016211927178729883
122_MASS,0.0,0.00024102161832702045,1.8341201212024316e-05,0.021181472460858986,0.005360208820099507
122_SASA,0.0,0.00021033153696262393,3.7650721651516506e-07,0.019104204352527007,0.004828728099176537
122_PKB,5.075605610149846e-05,0.0001801553989864509,4.4774310481443536e-07,0.14993749566643713,0.03754221371615747
123_H2,0.0,5.290346380315791e-05,0.00018407749303150922,0.0882906037776793,0.022131896183628492
123_P1,0.0,0.0028588845172668677,0.0,0.03394942072825701,0.00920207631138097
123_NCI,8.123191632700888e-07,5.2954575782255755e-06,1.2449245332391001e-06,0.18986134928039394,0.047467175495417166
123_MASS,0.0,2.3289488927407614e-05,0.0,0.04936821728561391,0.01234787669363533
123_SASA,0.0,8.42479663665878e-06,0.0,0.025411539604916204,0.006354991100388216
123_PKB,0.0,4.7041787632886625e-05,0.0,0.2892804922206408,0.07233188350206841
124_H2,0.0,1.7896149872341862e-05,5.287887461236096e-08,0.14758223755457775,0.03690004664583118
124_NCI,0.0,1.5645584970292162e-06,4.979394319093444e-08,0.25456270796814945,0.06364108058014742
124_SASA,0.07571276667005801,0.2335499395135749,0.0,0.06591718240476085,0.09379497214709843
125_H2,0.0,6.462335012360086e-05,2.0638550779494835e-07,0.14965475827793437,0.037429897003391444
125_P1,0.0,0.0005487977095926357,6.541077937072259e-07,0.0768206529458521,0.01934252619080961
125_NCI,0.0,0.00015424199418753392,1.1935298971366137e-06,0.20605339396818953,0.05155220737306855
125_SASA,1.0769286150687446e-05,0.00017481129804200045,3.9489663095082506e-07,0.15075435019994854,0.037735081420193044
127_H2,0.0,7.41616466772006e-07,0.0,0.007274678911152906,0.0018188551319049196
127_MASS,0.0,2.7986558696902928e-06,0.0,0.0011915525095032452,0.00029858779134323384
127_SASA,0.0,1.8819691604807726e-07,0.0,0.010448180846054743,0.0026120922607426977
127_PKB,0.0,4.6105311286403843e-07,0.0,0.04291356566566783,0.010728506679695172
128_H2,6.310594271680398e-05,3.2694821515031117e-06,2.2422407255362486e-06,0.03827632748726375,0.009586236288214398
128_P1,0.0,3.890518157637741e-05,0.0014554333174601197,0.01857210539112335,0.005016610972539962
128_NCI,0.0,0.0020208896820634145,0.0,0.2447434882419817,0.061691094481011274
128_MASS,0.0,0.0014533531740832592,0.0,0.05723059319938684,0.014670986593367524
128_SASA,0.0,0.00021399443442494495,0.0,0.07616274798868339,0.019094185605777084
128_PKB,0.0,0.00018387194621042252,3.1945610601269436e-08,0.2376672075566522,0.0594627778621183
129_H2,0.0008766772838395602,0.00034375561811180166,7.964712267494178e-07,0.187971837313772,0.04729826667173753
129_MASS,0.0,0.00014356295925849514,3.379272675374523e-05,0.0637222912688572,0.01597491173871736
130_P1,0.0,0.0007669877103196665,0.0,0.0021369661152599844,0.0007259884563949127
130_NCI,0.0,1.7541795588212402e-06,0.0,0.03078857147445723,0.007697581413504013
130_SASA,0.006261088954469502,0.0005662579691388758,0.0,0.000349313666677553,0.0017941651475714827
131_H2,0.0,2.4547210481303275e-05,0.0,0.11604192843181085,0.029016618910573038
131_P1,0.0,5.361630087470075e-07,0.0,0.05040616554107605,0.012601675426021199
131_MASS,0.0,2.5038996071120186e-07,0.0,0.016706223328474705,0.004176618429608854
131_SASA,0.0,0.00016967127971416368,0.0,0.03786029496262802,0.009507491560585547
131_PKB,0.0,2.880451889158331e-06,0.0,0.14862002288414164,0.0371557258340077
132_H2,0.0,0.0006478118167743303,5.047661034041084e-06,0.05556100650711895,0.01405346649623183
132_P1,0.0,0.00010320634962295326,2.6445259209140204e-06,0.04475244429829304,0.011214573793459226
132_NCI,0.0,6.732329937980498e-05,1.0092541060657823e-06,0.0508136561868392,0.012720497185081269
132_PKB,0.0,1.0584148427865167e-05,2.1630120272675413e-07,0.09981429865638128,0.024956274776502967
134_SASA,0.0,0.0,0.0,0.0010891606365128824,0.0002722901591282206
135_H2,0.0,5.594648884230198e-08,1.4943493553687404e-08,0.022073543556852256,0.005518403611708663
135_P1,0.0,2.676327319967644e-06,0.0,0.035302018110584935,0.008826173609476226
135_NCI,0.0,4.1621473175579977e-07,0.0,0.06463268558650474,0.016158275450309123
135_MASS,0.0,3.965856941120678e-05,0.0,0.03443686561182468,0.00861913104530897
135_PKB,0.0,5.236248997282723e-06,0.0,0.029997690082163495,0.007500731582790195
136_H2,0.0,3.5047010516972714e-05,2.442849836370442e-05,0.12247218999184267,0.030632916375180837
136_P1,0.0,7.020505649679617e-05,7.356420610449277e-06,0.0013456512093312234,0.0003558031716096172
136_MASS,0.00017666697988841847,6.452890579595928e-05,2.45725859713275e-05,0.10012810306884777,0.025098467885125868
136_PKB,0.0,3.92310776181919e-05,5.0020204071188346e-05,0.26742753832502114,0.06687919740167764
137_H2,0.0,0.0001147972271548494,0.0,0.1325893768511783,0.03317604351958329
137_NCI,0.0,2.7296362341863244e-05,7.398572779493406e-05,0.06531127700208576,0.01635313977305564
137_SASA,8.132431909977747e-05,5.84278041102545e-06,6.271523488976527e-06,0.056453265669591,0.014136676073147695
137_PKB,9.454803101872324e-05,4.29725514116572e-08,0.0,0.21547623520107811,0.05389270655116206
138_H2,2.298868445329408e-09,8.382336788824998e-06,0.0,0.020326097549262755,0.005083620546230006
138_NCI,0.0,7.304254147085759e-08,0.0,0.01470412119914486,0.0036760485604215823
138_MASS,0.0,2.700200502211267e-06,0.0,0.005905348491617421,0.001477012173029908
138_SASA,0.0,5.095618880169712e-07,0.0,0.004712855402891838,0.0011783412411949638
139_H2,0.0,0.0006375984158915819,0.0,0.08143713220228696,0.020518682654544637
139_P1,0.0,1.752790747626833e-05,0.0,0.03879280394150123,0.009702582962244376
139_NCI,0.0,9.236121825247464e-07,0.0,0.017914378701189875,0.0044788255783431
139_MASS,0.0,1.5018327913934117e-05,0.0,0.07215750527670378,0.01804313090115443
139_SASA,0.0,1.3737640360894927e-06,0.0,0.05608274407321337,0.014021029459312365
139_PKB,0.0,8.282128707071021e-07,0.0,0.33820375130877406,0.0845511448804112
140_H2,0.0,5.902223297246581e-05,0.0,0.5876032901825672,0.14691557810388492
140_P1,0.0,0.00020980813026468312,0.0003907558275386691,0.14996196939971473,0.037640633339379524
140_NCI,0.0,2.460146317683304e-05,0.0,0.20714088214992585,0.05179137090327567
140_MASS,0.0,1.6604437174986128e-06,1.6790339429917367e-07,0.06333100192614317,0.015833207568313742
140_SASA,0.0,1.3376763406975424e-05,0.0,0.009213118441491983,0.0023066238012247396
141_P1,0.0,6.267347250580316e-07,0.0,0.019650886655683368,0.004912878347602107
141_NCI,0.0,1.8181876388219208e-06,0.0,0.06857734114062324,0.017144789832065514
141_MASS,0.0,2.2829390322096213e-05,0.0,0.011724906521546993,0.0029369339779672723
141_SASA,0.0,1.9173365086726366e-06,0.0,0.008241649965536868,0.002060891825511385
141_PKB,0.0,1.3592125818818875e-07,0.0,0.09485689523568241,0.023714257789235152
142_P1,0.0,0.0013638609317984647,8.18772241473198e-06,0.013519911317481027,0.0037229899929235558
142_NCI,0.0,4.447774593671473e-05,2.9371342691320024e-08,0.1140650387564959,0.028527386468443827
143_P1,0.0,8.315067675853424e-06,0.0,0.026657793255357897,0.0066665270807584375
143_MASS,0.0,1.0892402388581164e-05,0.0,0.03594355357574838,0.00898861149453424
143_SASA,0.0,0.00015936460443146698,0.0,0.07088953059679975,0.017762223800307807
143_PKB,0.0,0.00010061802882077109,0.00047065349644981325,0.06724581116214443,0.016954270671853754
144_NCI,0.0,3.416582154460515e-05,6.991592817939818e-05,0.22341402295048532,0.05587952617505233
144_MASS,0.0,4.725917811852085e-06,0.0,0.02104692636572252,0.0052629130708835925
144_SASA,0.0,2.854766707212696e-06,0.0,0.031341799476397224,0.00783616356077611
145_H2,0.0,3.109902857506787e-05,0.0,0.07451961774160516,0.018637679192545057
145_NCI,0.0,2.8885547297841025e-05,4.311235443310579e-06,0.06460815093648158,0.01616033692980568
145_MASS,0.0,4.8932483523779885e-05,0.0,0.01413203823660923,0.0035452426800332525
146_P1,0.0,2.3914719429310083e-05,6.915453809597238e-07,0.02888640810518124,0.007227753592497878
146_NCI,0.0,0.0001051236565241363,5.0093113657112553e-08,0.09374442019197536,0.02346239848540329
146_MASS,0.003175569422273197,2.2851521882438003e-05,0.0,0.05908681472517516,0.015571308917332698
146_SASA,0.0,3.588880025467692e-05,0.0,0.012416899906246122,0.0031131971766251995
147_P1,0.0,6.987631620224664e-05,0.0,0.03597086043955641,0.009010184188939665
147_NCI,0.0,4.955949616052503e-05,0.0021198620088398457,0.2848766586819645,0.07176152004674122
147_MASS,0.0,6.414493949887944e-07,0.0,0.021109156752625348,0.005277449550505084
147_PKB,0.0,1.7241783866100985e-05,0.0,0.16518382968084633,0.04130026786617811
148_P1,0.0,0.002732689067607636,1.4894339074089658e-05,0.09278070563749863,0.02388207226104509
148_MASS,0.0,0.00045489006723728383,0.0,0.05476096550741343,0.01380396389366268
148_PKB,0.0,4.296065652340296e-05,0.0,0.13498202437929344,0.03375624625895421
149_H2,1.7293483602526091e-09,7.974291481951667e-06,2.11565088648058e-06,0.3348743563455885,0.08372111200432632
149_P1,0.0,0.0003375300918052242,1.1774204722314607e-08,0.06710606461876442,0.01686090162119359
149_NCI,0.0,0.0008049778772449154,0.0,0.03077875756875662,0.007895933861500384
149_MASS,0.0,5.139748433294342e-05,3.7672623420803575e-06,0.14010348145272603,0.03503966154985026
149_SASA,0.0,0.00017452907026007023,0.0,0.121130266553778,0.030326198906009516
150_H2,0.0,4.55184116314395e-05,6.54989926260896e-05,0.06057119024923724,0.015170551913373692
150_P1,0.0,8.192920649142842e-05,1.5584084849251667e-06,0.017924862515388846,0.0045020875325913
150_NCI,0.0,6.940185665120316e-05,0.0009264104883186519,0.2622368553783009,0.06580816693081769
150_MASS,0.0,0.00016863289747187952,1.4403315617528278e-05,0.04999376028462142,0.012544199124427707
150_SASA,0.0,4.786041637013025e-05,0.0,0.024092355247554192,0.00603505391598108
150_PKB,0.0,6.440525772287505e-05,1.3859791181403125e-07,0.05692248694317313,0.014246757699701955
151_H2,9.785127556488803e-05,1.3649916855655368e-05,8.62076365848452e-09,0.15988913920309106,0.04000016225406881
151_P1,0.0,9.393548059341289e-06,0.0,0.10052911653939614,0.02513462752186387
151_NCI,0.0,8.99532370532726e-05,0.0,0.08128790472377984,0.020344464490208276
152_P1,0.0,0.000528674607542832,9.42648111958988e-05,0.004145212423591147,0.0011920379605824694
152_NCI,0.0003812578730035648,0.0005936682036933857,0.0006087045185267925,0.015296202259059088,0.004219958213570708
152_SASA,0.0003693130335238733,0.0006231566647190213,0.0,0.055817349949217124,0.014202454911865005
152_PKB,0.0023719169148225137,0.0016842492995093217,0.0,0.18879047173924104,0.04821165948839322
153_P1,0.0071460040559815675,0.002593539449465905,1.806176214813604e-06,0.04739706524732586,0.014284603732247037
154_NCI,7.838147827863865e-05,0.00030486422876717714,6.30938375252299e-05,0.3556543917921084,0.08902518283416987
154_MASS,0.00033578221795193647,0.0004035469044384246,0.00011375176109140739,0.07522268331387728,0.019018941049339762
154_SASA,0.0,0.0002113105890620603,0.0,0.05961762574165971,0.014957234082680444
154_PKB,1.7752215247360967e-06,0.00019433714604693688,0.0,0.15360044137434448,0.038449138435479036
155_H2,0.0,7.262262702889662e-05,0.00016417625010944903,0.1753558889564226,0.043898171958390235
155_P1,0.0,1.2383947265073855e-05,0.0,0.06746580855918798,0.016869548126613263
155_NCI,1.4027167515584798e-05,0.0002580144224765439,0.012801996432244778,0.2950558357801448,0.07703246845059543
155_SASA,0.0,6.469557185048954e-05,0.0,0.04024741740144119,0.01007802824332292
155_PKB,1.5677910992858523e-07,4.779558250675994e-05,0.0,0.21423351573214602,0.05357036702344068
156_H2,0.0,1.7340646382060818e-05,7.792830729158595e-05,0.041778401794676276,0.010468417687087481
156_NCI,0.0,0.001366497202515714,1.522211903193238e-07,0.18067136898582128,0.04550950460238183
156_MASS,0.0,3.548212504972182e-05,3.0138692181935767e-06,0.003456444356761801,0.0008737350877574291
156_SASA,0.0,6.300964988969414e-05,0.0,0.018179785557434925,0.004560698801831155
156_PKB,0.0020539440694564066,4.2030096067878197e-05,0.0,0.3368225701428307,0.08472963607708874
157_PKB,0.00018159365220265646,5.4447202552337284e-05,1.7679923985269852e-05,0.3980580733570922,0.09957794853395811
158_H2,0.0002038490181332679,0.0001197022008156758,0.00034011245588772,0.35652013872591687,0.08929595060018838
158_NCI,0.00039346872196131767,0.00016705614643372846,1.3110152394801844e-05,0.06672859844506966,0.016825558366464877
158_MASS,0.0,0.00011131797902780226,4.5484816837415565e-06,0.16373190849124966,0.0409619437379903
158_PKB,0.0,7.708863274962705e-05,7.049220016597246e-07,0.38167713948500454,0.09543873325993896
159_H2,0.0,0.000494487852029726,5.780265155408415e-07,0.2238571586746659,0.05608805613830279
159_NCI,0.0,4.064681518659742e-05,4.077740101138261e-08,0.040913123865410204,0.010238452864499453
159_MASS,0.0,5.0837409284126625e-05,0.0,0.08193228310975877,0.020495780129760725
159_SASA,0.0,0.0015569432207066319,0.0,0.07851330835413077,0.020017562893709352
161_P1,0.0006518949052020539,0.0004229304752854004,3.6605582863558084e-05,0.015706882184345065,0.00420457828692402
161_NCI,0.00034717356746251425,0.00027903580627820725,8.732584319659509e-06,0.395582050266111,0.09905424805604285
161_MASS,0.013759344848330912,0.000403108493784689,0.0005593263194896281,0.15495753993045686,0.04241982989801552
161_PKB,3.050327120758137e-05,0.00046348002829605604,1.0852144214368309e-06,0.29602388692719395,0.07412973886027975
162_P1,0.0,1.985757858792132e-05,9.847602086665574e-06,0.0733772916757972,0.018351749214117946
162_NCI,0.0,0.00016901357875450816,1.4780113133383566e-06,0.14179202286397818,0.03549062861351151
162_MASS,0.0,1.008952451527469e-05,2.1846691566906884e-08,0.08166500377280951,0.020418778786004087
162_PKB,0.0,4.509130960518884e-05,6.475046575360466e-06,0.07269644655311286,0.01818700322732335
163_H2,0.0002946386341947601,7.794248175365075e-05,1.8013552107731812e-05,0.15947989492744147,0.0399676223988744
163_P1,0.000813881042872253,0.0013474758068068682,1.237015453625645e-06,0.07550007520660595,0.019415667267934675
163_NCI,7.598690614497156e-06,4.7418471024334234e-05,1.2481997657687316e-07,0.21063010039938418,0.0526713105952499
163_MASS,0.0,6.953206124392058e-05,0.00010225833102595061,0.024880069189938,0.006262964895551968
163_SASA,0.0,0.0004618929740886757,0.0,0.01428739245420178,0.003687321357072614
163_PKB,0.0,0.00011178858920555546,1.137909961812511e-07,0.3289944588403786,0.08227659030514509
164_H2,0.0,0.0001247519800024548,2.244252937089186e-05,0.04038042552650697,0.010131905008970078
164_P1,0.0,0.00028156873753511,0.00024666727404110134,0.05055893266262245,0.012771792168549666
164_MASS,0.0005392926577010746,0.00040239207940464503,0.00016173548647202551,0.015412606489582691,0.004129006678290109
164_SASA,1.6436770633450198e-05,0.0002039764036012679,0.0002093487128149718,0.0004950235645346644,0.0002311963628960886
164_PKB,0.0,0.00037438316543486085,4.617296326614451e-06,0.10482883055288374,0.026301957753661304
165_H2,0.0,0.0002522271294772248,0.00016749024507589638,0.2981008213232608,0.07463013467445348
165_P1,0.0,3.246688902672229e-05,0.0,0.12683542201115655,0.03171697222504582
165_NCI,0.0,0.000548813614468935,7.345439598793746e-07,0.2520665290402152,0.06315401929966101
165_MASS,4.561800899896016e-06,0.0001222440639034142,7.586852746044315e-08,0.055129888537072444,0.013814192567600804
165_SASA,0.0,3.610713514264198e-05,0.0,0.1057980512727057,0.026458539601962084
165_PKB,7.480133677239433e-05,0.0001488799407370043,1.4265293835080683e-08,0.018863757996592265,0.0047718633848488744
166_P1,0.0006679528355390971,9.772799562062966e-06,0.0,0.03966209364538669,0.010084954820121964
166_NCI,0.0,5.735228486622299e-07,0.0,0.0989990794006289,0.024749913230869388
166_MASS,0.0,4.4331204325127975e-06,0.0,0.08525338124325126,0.02131445359092094
167_H2,8.917236785819531e-05,0.00041503952392636705,0.0008459349628537893,0.014406501490253357,0.003939162086222928
167_P1,0.0,0.00029706065952001567,2.3041559771286302e-08,0.03260298722811987,0.008225017732299915
167_NCI,0.0,5.619907024324541e-05,0.00010113778262166306,0.12439298545996648,0.031137580578207848
167_MASS,0.0007660313845746059,0.0006046653617705779,0.0007308023050427437,0.21633117104407645,0.054608167523866095
167_SASA,0.0017114391724537123,0.0005619850969631691,1.4825350262981374e-06,0.19290715050377222,0.04879551432705385
168_H2,0.0,6.175061518381028e-05,4.8436140787089244e-05,0.35548476170159815,0.08889873711439227
168_P1,9.493727984138374e-05,0.00021270147158440202,0.0,0.16657316861744706,0.04172020184221821
168_NCI,0.005551940772451566,0.0009940185197280815,0.0006281091482378542,0.12627509862641037,0.03336229176670697
168_MASS,0.0,0.000153954128490014,6.061083581698767e-07,0.1853028725484782,0.04636435819633159
168_SASA,0.0017334243995064606,0.0004719700783939221,8.852383643898065e-07,0.1827558700140498,0.046240537432578645
168_PKB,0.0,7.198912775209851e-05,0.0001485644024796784,0.004834006928564876,0.0012636401146991633
169_H2,0.0,5.129764370634382e-05,0.0,0.040568571937814484,0.010154967395380207
169_P1,0.0,1.4408229670373426e-05,3.1150359518505866e-06,0.005053263662257539,0.0012676967319699408
169_MASS,0.0,2.40183076393814e-05,9.754250740456882e-09,0.10431761615976091,0.02608541105541276
169_SASA,0.0,4.781753757265879e-06,0.0,0.0600574697929777,0.015015562886683742
170_H2,0.0,0.0,0.0,0.031471970602005045,0.007867992650501261
170_P1,0.0,0.0,0.0,0.021562448718815245,0.005390612179703811
170_NCI,0.0,0.0,3.526980663082213e-07,0.3261095090010079,0.08152746542476855
171_H2,0.0,9.588091433173245e-05,7.601385732414201e-05,0.06916057674908856,0.017333117880186107
171_NCI,0.0,4.456074105616424e-05,7.568480100417219e-07,0.09387731372052734,0.023480657827398384
171_MASS,0.0,8.237657345887991e-05,3.559721051260567e-08,0.09098404174691865,0.022766613479397013
171_SASA,0.0,8.881861894456024e-05,0.0,0.11385467418603681,0.028485873201245345
171_PKB,0.0,0.00015465043323019018,2.0644118592372251e-07,0.08911224285360786,0.022316774932005994
172_H2,0.00020303840305460684,4.0639636930168955e-05,0.0006687071290798485,0.4467191542676549,0.11190788485917988
172_P1,0.0,6.96683264888642e-05,0.005906317383050919,0.06837377717108091,0.018587440720155172
172_NCI,0.0002980884137247112,0.0008144813007597099,3.892796303262003e-05,0.035708695051012436,0.00921504818213237
172_MASS,0.0003360075607388548,0.0002202001533869797,2.9021619411651045e-05,0.2903396425917191,0.07273121798131416
172_SASA,3.5551557240860774e-05,0.00038624275412088793,0.0,0.25214512616572254,0.06314173011927107
173_H2,0.0,0.0007653639847125833,0.0,0.10009986702634853,0.025216307752765278
173_P1,0.0,0.0013309989133460888,0.0,0.014795898042027028,0.004031724238843279
173_NCI,0.0,4.502887893135651e-06,0.0,0.17719380838777907,0.04429957781891805
173_MASS,0.0,2.6164838031930047e-05,1.4121246749709826e-07,0.09625978253155534,0.024071522145513693
173_SASA,0.0,7.091269341120796e-07,0.0,0.07160399562676759,0.017901176188425426
173_PKB,0.0,2.2437585257362353e-06,5.420865363703342e-06,0.06349271871251683,0.015875095834101568
175_P1,0.0,0.0008203853188836171,0.00029852910665795207,0.009578930519451329,0.0026744612362482245
175_NCI,0.0,0.0006536698296411516,0.0,0.3138794721773864,0.07863328550175688
175_MASS,0.0,0.0006986358861354345,0.0,0.05578569085428072,0.014121081685104038
175_PKB,0.0,0.0009388858905181686,0.00015282984531950206,0.2200605730376666,0.055288072193376066
176_SASA,0.0001760826533819212,8.224526614579161e-06,0.0,0.04898425437338611,0.012292140388345653
177_H2,0.0,0.0004979361218001564,4.600976899382658e-05,0.10303723328937582,0.02589529479504245
177_P1,0.0,0.00043636013660323323,0.0,0.010880291786675173,0.0028291629808196014
177_NCI,0.0,0.0007907956164387897,0.0,0.011118547279000388,0.0029773357238597944
177_MASS,0.0,0.0007077851249320282,9.344700629299041e-06,0.0485397671108282,0.01231422423409738
177_SASA,3.014930582320858e-05,0.0005401053902430285,0.0,0.036825264338154536,0.009348879758555194
177_PKB,0.0,0.0007588748985191834,0.0,0.04420613977823558,0.01124125366918869
178_H2,0.0,0.00012048611084495062,9.842181043495657e-07,0.018043724226686434,0.004541298638908934
178_NCI,0.0,6.656423262072315e-05,3.7794479794683866e-06,0.13402572914850125,0.03352401820727536
178_MASS,0.0,3.2048581118281576e-05,2.879410567402374e-05,0.018083186380235,0.004536007266756827
178_SASA,0.0,0.0001854255087027751,0.0,0.009669477863433909,0.002463725843034171
178_PKB,0.0,0.0001083915426752419,2.2455493308370933e-05,0.05040005738954548,0.012632726106382273
179_P1,0.0,2.530210923025909e-07,0.0,0.0063230267239770665,0.0015808199362673423
180_H2,0.0006287806181896562,0.0006598361546813995,0.00037828279891982675,0.3400002392501513,0.08541678470548555
180_P1,0.0,0.0006843013847209312,1.8580000187284895e-06,0.3040150137995335,0.07617529329606829
180_NCI,0.00010849271175402321,0.0007844012783909171,3.333509084768593e-05,0.32004721203715053,0.08024336027953578
180_MASS,0.0018514892938941584,0.0007861963006863266,2.3258673991222167e-06,0.22149067780313125,0.05603267231627772
180_SASA,0.0014438057431350952,0.00041224126960947037,0.0,0.17740932068502502,0.04481634192444239
180_PKB,0.0008937000858799352,0.0011866262177930046,4.7501935114269145e-06,0.11784128004258768,0.02998158913494301
181_H2,0.0,0.0,0.0,0.005003567881280232,0.001250891970320058
182_H2,0.0,0.0006986914122051141,0.0,0.11087113996748207,0.027892457844921798
182_P1,0.0,0.00018674103080546444,0.0,0.046992572353070305,0.011794828345968943
182_NCI,0.0,5.735455118727353e-05,8.53625315357931e-05,0.030093623517320367,0.007559085150010858
182_MASS,0.0,2.0544164281074125e-05,0.0,0.03109836332324305,0.007779726871881032
182_SASA,0.0,0.0004362457918625606,0.0,0.02760052928097001,0.007009193768208142
182_PKB,0.0,0.00025759280804253735,0.0,0.4639000685497641,0.11603941533945167
183_H2,0.0,5.036371022417839e-08,0.0,0.043526289267944746,0.010881584907913742
183_P1,0.0,2.4432537692451065e-07,0.0,0.010597109731608234,0.00264933851424629
183_NCI,0.0,6.921604191314654e-09,0.0,0.28510618640498747,0.07127654833164791
183_MASS,0.0,9.118064059361802e-06,0.0,0.07414296536799296,0.01853802085801308
183_SASA,0.13936138444439855,0.2465493263410818,0.16443365812301636,0.0714828772988232,0.15545681155182997
183_PKB,2.23563411151377e-06,0.0,0.0,0.16663297010808115,0.04165880143554816
184_H2,0.0,4.472562103526116e-05,0.0,0.022631964679280647,0.005669172575078977
184_P1,0.0,0.0003951956931250827,0.0,0.007276261838979062,0.001917864383026036
184_NCI,0.0,0.0008622356735308483,3.5191833376302384e-06,0.16366009055435343,0.04113146135280548
184_SASA,0.0,4.570554615274609e-05,0.0,0.01728405230220171,0.0043324394620886135
184_PKB,0.0,4.725889642231144e-06,0.0,0.10267163881223895,0.025669091175470296
185_H2,0.0,0.0005305875870045018,8.274251740658656e-06,0.056923956736486016,0.014365704643807794
185_P1,0.0,5.142930927048606e-05,6.07605386448995e-07,0.01955790699963753,0.004902485978573616
185_NCI,0.0,0.0024942750922094087,3.852659210679121e-05,0.03766259433331204,0.01004884900440706
185_MASS,0.0,8.549523353306036e-05,1.4953617210267112e-05,0.03431779891401117,0.008604561941188624
185_SASA,0.0,7.268702852679158e-05,8.238706072916102e-07,0.026320041237497576,0.0065983880341579145
185_PKB,0.0,6.572451401462836e-05,1.9798400785475678e-07,0.09479651402579096,0.02371560913095336
187_NCI,0.0,6.293238894789027e-07,0.0,0.060574980153543616,0.015143902369358274
187_MASS,0.0,1.6489605661550566e-07,0.0,0.030321733469978,0.007580474591508654
188_H2,0.0,1.2811034560014918e-05,0.003906633239239454,0.10368806645128416,0.026901877681270905
188_P1,0.0,0.004321002167518747,0.0,0.06663181600190086,0.017738204542354905
188_NCI,0.0,3.139456312430566e-06,4.506042046159564e-07,0.22355332171461753,0.05588922794378364
188_MASS,0.0,3.041082129879888e-06,0.0,0.028002248632083095,0.007001322428553244
188_SASA,0.02813551215810753,0.00025470944979689807,0.0,0.04158670877918331,0.017494232596771932
190_H2,0.0,3.5489202268297813e-06,7.852678436393035e-07,0.09463162964130681,0.02365899095734432
190_P1,0.0,0.00033465143721686513,0.0,0.010087600081075418,0.0026055628795730707
190_NCI,0.0,5.199129851896644e-06,6.622249770771305e-08,0.0047552112678500395,0.001190119155049911
190_MASS,0.0,0.0,0.0,0.05662838206634435,0.014157095516586088
190_PKB,0.0,2.4433958071936734e-07,0.0,0.040593241218849295,0.010148371389607504
191_H2,0.0,1.487682161578776e-05,9.910303333526826e-07,0.0399660802505279,0.00999548702561926
191_P1,0.0,1.133773217211606e-06,0.0,0.010407524112300936,0.0026021644713795367
191_NCI,0.0,0.00021049427747010948,0.0,0.005923622934579115,0.0015335293030123063
191_SASA,0.0,1.4590777160431374e-05,0.0,0.009146630106737982,0.0022903052209746035
192_H2,4.310902623414066e-06,1.5724745101066164e-05,0.0,0.0035636162958682578,0.0008959129858981845
192_P1,0.0,5.0344908012249995e-05,2.620067220959754e-07,0.019437331076688245,0.0048719844978556475
192_SASA,0.0,0.00010374180260072072,3.5225773444835795e-06,0.03917051126151144,0.009819443910364161
193_H2,0.0,1.818113606829866e-05,0.0,0.36843031527839404,0.09211212410361558
193_NCI,0.0,9.41677973467041e-06,0.0001354302221443504,0.030998860268378843,0.007785926817564466
193_MASS,0.0,6.999219147408191e-05,5.822650450681977e-07,0.02947829215408586,0.007387216652651252
194_NCI,0.0,3.742246764803165e-05,6.234525926629431e-07,0.05873510083294118,0.014693286688295469
194_SASA,0.00014727702528312522,0.00014501518536444704,2.323725567521251e-08,0.08391619860226691,0.02105212851254254
195_H2,0.0,8.111455265023138e-07,2.603052962513175e-06,0.03694794779398729,0.009237840498119076
195_NCI,0.0,0.001035758839933166,0.0,0.004294054724306929,0.0013324533910600237
196_H2,0.0,1.9383136187287268e-05,6.116744771134108e-05,0.1673862370086,0.04186669689812466
196_P1,0.0,0.00023155858776003648,1.1979398095718352e-06,0.001387000775212943,0.0004049393256956379
196_SASA,0.0,9.125089029884712e-05,6.854353955532133e-07,0.023362583661667467,0.0058636299968404665
196_PKB,0.0,0.00035980374872643617,1.166743430758288e-07,0.14185472363484372,0.03555366101447831
197_NCI,0.0,9.846944492131186e-05,1.0828918675542809e-05,0.032494081837292674,0.008150845050222382
197_MASS,0.0,0.00013456723968941492,0.0004454774025361985,0.21089678170758738,0.05286920658745325
197_PKB,0.0,0.00025393724432063136,0.00017992366338148713,0.04301047914777554,0.010861085013869414
198_H2,0.0,0.0005303174346666193,1.878217517514713e-05,0.3011407856801342,0.075422471322494
198_P1,2.5389294126103473e-06,0.00018222310684896053,1.0961279883758834e-07,0.03188585474805457,0.008017681599278743
198_NCI,0.00022931184756948977,0.0001998324800031164,1.597473783476744e-05,0.23522596455349823,0.0589177709047264
198_MASS,0.0,0.00028905646268197617,1.9441058896063623e-07,0.009819928441694107,0.0025272948287412608
198_SASA,0.00033386254184532705,0.000543372662343342,1.3892828064854257e-05,0.1046009917561822,0.026373029947108932
199_H2,0.0,8.476845372900402e-06,0.0,0.06826145357327876,0.017067482604662915
199_P1,0.0,2.448980022565767e-06,0.0,0.002217152495151162,0.0005549003687934319
199_NCI,0.0,7.469199648107503e-05,0.0,0.18501072980864652,0.0462713554512819
199_SASA,0.0,5.279034392748815e-06,0.00034283939749002457,0.09314279417352614,0.023372728151352228
199_PKB,0.0,0.00047152460297119795,0.0,0.2449624026086368,0.061358481802902
200_H2,0.0,1.108071146978845e-05,0.0,0.20530960343246313,0.05133017103598323
200_P1,9.913395260843686e-05,4.0175743671165915e-05,4.377328423288418e-06,0.09859389578451355,0.024684395702304112
200_NCI,0.0,0.0001690085535007926,5.456975600282021e-07,0.07724743894961757,0.0193542483001696
200_SASA,0.0004469682669224917,0.0001730577629135724,1.3365638551476877e-05,0.024548193998362583,0.006295396416687531
200_PKB,0.0,9.476212974075894e-06,9.567523875375628e-07,0.10766261884171356,0.026918262951768794
201_H2,0.0,6.28080607282928e-05,1.0857509550987743e-05,0.27802608441463966,0.06952493749622973
201_P1,0.0,0.00011631595543591704,0.0,0.11628414977909254,0.029100116433632115
201_NCI,0.004997305354878353,0.0008098014459032073,1.40549684601865e-06,0.00491870507650028,0.0026818043435319645
201_MASS,0.0,2.27903621269944e-05,0.0,0.12870320240041594,0.03218149819063573
201_SASA,0.0,7.90599684126404e-06,0.0,0.1289257898905405,0.032233423971845435
201_PKB,0.0,0.002497581958663946,5.637203685182612e-06,0.03999839699763926,0.010625404039997097
202_H2,0.0,1.8067505255799227e-05,0.00011998959234915674,0.0651262201482657,0.016316069311467667
202_P1,0.0,0.00014708860195687047,0.0,0.03955049124842096,0.009924394962594457
202_NCI,0.0,9.742802497480623e-05,0.0,0.06308364525696476,0.015795268320484893
202_MASS,0.0,1.567298629323052e-05,0.0,0.02617261208896437,0.006547071268814399
202_SASA,0.0,6.867686692870018e-05,0.0,0.006587809023925969,0.0016641214727136672
202_PKB,0.0,1.9005528695518048e-05,0.0,0.04059264484050037,0.010152912592298972
203_H2,0.0,9.647166569188943e-05,9.494466212345287e-06,0.050895708875148195,0.012750418751763108
203_P1,0.0,9.363707828795405e-05,9.504102308710571e-06,0.03675940670727564,0.009215636971968076
203_MASS,0.0,3.0127591004719764e-05,5.542450253415154e-06,0.035335844837096106,0.00884287871958856
203_SASA,0.0,1.998890126367138e-05,0.0,0.03743165521907711,0.009362911030085196
203_PKB,0.0,0.0003379546706980717,2.0740844774991274e-05,0.033731187359271456,0.00852247071868613
204_P1,0.0,0.0002020803062167724,8.582257578382269e-06,0.020760466040503155,0.005242782151074577
204_NCI,0.0004388490489726527,0.00043130201676031297,5.438350399344927e-06,0.26122117967696695,0.06552419227327481
204_MASS,0.0,0.0001340222450367594,3.941343607039016e-08,0.07443026448466483,0.018641081535784417
204_SASA,0.0,0.0012103588386702447,4.226091832038037e-08,0.05541740831161244,0.014156952352800251
204_PKB,0.0,3.045507000546838e-05,2.8700360417133197e-06,0.1413240700906413,0.03533934879917212
205_H2,0.00015099281027284518,4.218702033549477e-05,0.00025046936934813857,0.1821378346670348,0.04564537096674782
205_P1,0.000571455256082554,0.000444315982120132,0.0,0.0098783722963592,0.002723535883640471
205_NCI,0.0,0.0002859157129377329,1.818560804167646e-06,0.10797061125193623,0.027064586381419533
205_MASS,0.0,6.099764147433132e-05,3.974153514718637e-05,0.026420867925256313,0.006630401775469458
205_SASA,0.00023845487727179262,6.828926856109492e-05,0.0008211481035687029,0.036923692815625624,0.009512896266256803
205_PKB,0.0,0.00012319100655148408,7.960752554936334e-06,0.20193035041418533,0.050515375543322937
206_H2,0.0,0.0003580613218431142,4.04599923058413e-05,0.2537480498683857,0.06353664279563367
206_P1,0.027238287051572527,0.02670383442641872,0.020553646609187126,0.0859867784235997,0.040120636627694516
206_NCI,0.0003790777134574347,0.0013288619357493855,1.3208684322307818e-05,0.5300973025196755,0.13295461271330114
206_MASS,0.0,6.562912917756486e-05,0.0,0.06719789916143615,0.01681588207265343
206_SASA,0.0002617204982338764,8.873392619747106e-05,0.0,0.036953603990776816,0.00932601460380204
206_PKB,0.00020667229476011543,8.677417885448665e-05,0.0,0.16464298365057495,0.041234107531047386
207_H2,0.013242558943562032,0.0030097517386935657,4.818689376406837e-06,0.5877325205841243,0.15099741248893908
207_P1,0.0,0.00014617594591301997,0.00043868401553481817,0.0815484010405658,0.020533315250503406
207_NCI,9.9429115131136e-05,0.0013084154693363227,0.00010976580961141735,0.39381936724158095,0.09883424440891496
207_MASS,0.0,0.00021837985943968963,0.0,0.32906034454135097,0.08231968110019766
207_PKB,0.006721454933337575,0.000745940197828641,0.00016755970136728138,1.0,0.25190873870813335
208_H2,0.0,3.2586383303432034e-05,4.296160568628693e-06,0.06196912499276049,0.015501501884158138
208_P1,1.9814034028352483e-05,6.465998968188047e-05,0.0014172131195664406,0.04202476122491188,0.01088161209204714
208_NCI,0.0,6.705718694368742e-05,4.135596100240946e-06,0.04107143413156647,0.010285656728652599
208_MASS,0.0,0.00018134743679896058,4.64306367575773e-06,0.017251122303763737,0.004359278201059614
208_PKB,0.0,8.522494172447814e-05,9.816822057473473e-06,0.012349298508483531,0.0031110850680663707
209_H2,1.6956294182298366e-06,0.00015984370799027226,0.0014471217291429639,0.11823362670333945,0.02996057194247273
209_P1,0.0005844414332903887,9.198732016588264e-06,0.0,0.17275159637935103,0.0433363091361645
209_MASS,0.000357019160480214,0.0010503203222748919,0.0,0.0958274338999257,0.024308693345670204
209_SASA,0.0001660242570245537,5.124535147235309e-06,4.21996944055536e-08,0.07980837124381208,0.019994890558919568
209_PKB,9.065541380811248e-05,0.00026990874243953305,0.0,0.06892802639752753,0.017322147638443794
210_H2,0.0005649460105777283,7.815355096583683e-05,7.861272752052173e-05,0.00900454422699455,0.002431564129014659
210_P1,0.0,4.895681488280602e-05,3.6288499813963426e-06,0.035406154699801455,0.008864685091166414
210_NCI,3.5763509378032006e-05,0.0007244562046997935,1.8040299210042576e-06,0.1421839285226425,0.035736488066660334
210_MASS,0.0,0.00020964760426941788,1.6585269690949644e-07,0.009871042849892944,0.002520214076714818
210_SASA,0.0,3.2138249121788705e-05,0.0,0.010843022508619902,0.0027187901894354227
210_PKB,0.0,0.00011994650884955164,5.155492999620037e-06,0.0315462279711364,0.007917832493246391
211_H2,0.0,4.861817824075481e-05,0.0,0.07497090573475414,0.018754880978248723
211_NCI,0.0,2.8589041335826262e-05,0.0,0.005067819366823538,0.001274102102039841
211_MASS,0.0,3.866655120998476e-06,0.0,0.048329128310356566,0.01208324874136939
211_SASA,0.0,3.7717869222750683e-06,0.0,0.039379229895463295,0.009845750420596393
211_PKB,0.0,3.6771688136928814e-06,0.0,0.029726290479971374,0.007432491912196267
212_H2,0.0002445669465387127,0.0005768657057691879,2.3571536075905897e-05,0.10949175688680524,0.02758419026879726
212_P1,6.684920523393332e-05,0.00034899450478240293,1.801052530936431e-05,0.005618015759713242,0.0015129674987597356
212_MASS,0.0,0.00038942787150186094,8.481663940074213e-07,0.01615513060831421,0.00413635166155252
212_SASA,0.0006005233091776692,0.0006095973909058085,0.0010104150278493762,0.0682390461483042,0.017614895469059262
212_PKB,0.0,0.00011382866890735936,3.1821525681152707e-06,0.2861809640992951,0.07157449373019265
213_H2,0.0,5.035710516247942e-05,9.26245229493361e-06,0.01232314146792238,0.003095690256344948
213_P1,0.001075033453740733,0.0001148377815895204,0.0006946952198632061,0.07878254613461246,0.020166778147451478
213_NCI,8.619490739839992e-05,0.00041612123928945786,6.079375452827662e-05,0.14238983741844694,0.03573823682991577
213_MASS,0.0,6.434840785208354e-05,2.4785793357295915e-05,0.02597294675750723,0.006515520239679153
213_SASA,1.1842820150518025e-05,9.490362100100887e-05,1.2696177442705903e-08,0.012174656627277663,0.003070353941151658
213_PKB,0.00014969046977356595,0.00019035923347277903,1.2222793884575367e-05,0.34425128647113695,0.08615088974206697
215_H2,0.0,3.913916651660127e-05,4.759870989801129e-06,0.06197488131945819,0.015504695089241148
215_P1,0.0,0.00036695696102111657,0.0,0.0005955701535513667,0.00024063177864312084
215_NCI,0.0,0.00012469520849194913,1.9606663954618853e-06,0.08617605095400033,0.021575676707221936
215_MASS,0.0,0.00016818628538740587,8.50153901410522e-06,0.03719450244748439,0.009342797567971475
215_SASA,0.0,0.00045274237948246526,3.352498083586397e-07,0.0242971117981961,0.006187547356871731
215_PKB,0.0,5.246067729084473e-05,3.656815010799619e-07,0.11701042866933714,0.029265813757032265
216_H2,0.0,5.3362398098938073e-05,6.590421435248572e-06,0.37981441605668126,0.09496859221905386
216_P1,0.0,0.00018991269116323974,1.5187432836683001e-05,0.14180071425982643,0.03550145359595659
216_NCI,0.00021519952967659716,0.00018374831479229945,6.886732535349438e-06,0.37010712729353507,0.09262824046763483
216_MASS,0.0007364604756132909,0.0001415944252679925,7.70132101024501e-06,0.002088736971788176,0.000743623298419926
216_SASA,3.270777625068036e-06,0.0005193859201605536,0.0,0.0458969204863112,0.011604894296024206
216_PKB,0.0002464443240203757,0.0002178624947746638,2.9497643481590785e-05,0.3259754288684973,0.08161730833269348
217_MASS,0.0,3.422617224548457e-05,3.2629802717565326e-06,0.02100919436991856,0.00526167088060895
217_SASA,0.0,0.00021916629170213223,1.0151774532118907e-08,0.04854693969772192,0.012191529035299646
217_PKB,0.0,9.08242037016706e-05,6.686979645564861e-07,0.09656697249324842,0.02416461634872866
218_P1,0.0,0.00035327850241343226,0.0,0.012084199524429053,0.0031093695067106212
218_NCI,0.014168577411993198,0.0035033394122274113,0.010628150776028633,0.24962840169949382,0.06948211732493577
218_PKB,0.0,4.057847504478681e-05,0.0,0.06335364274499662,0.01584855530501035
219_H2,0.0021190198264118094,0.0005765287615254844,0.00837522093206644,0.22058488449966504,0.057913913504917196
219_NCI,0.0,0.0003553942087928901,1.1738679859263357e-05,0.12109057738649844,0.03036442756878765
219_MASS,0.0,0.00020221224028837018,1.2638703310585697e-06,0.008485772138793677,0.0021723120623532766
219_SASA,0.0,0.0002663438723101632,0.0001682894362602383,0.049710901168841,0.01253638361935285
219_PKB,0.0001964206430037824,0.0008929556419940897,0.0,0.18494744400157298,0.04650920507164271
220_H2,0.0,1.2019664747505837e-05,6.700121502944967e-06,0.22653938917201003,0.05663952723956512
220_NCI,0.0,0.0004795580064238675,6.05662316957023e-05,0.15678573400624352,0.039331464561090775
220_MASS,0.0,3.7338267951279756e-05,0.0,0.07434717105626208,0.01859612733105334
220_SASA,0.0,3.9877565881893385e-05,1.4356759336919822e-08,0.09737509596823374,0.02435374697271874
220_PKB,0.0,6.0353991123354466e-05,0.0,0.14571484070314447,0.03644379867356696
221_H2,0.0,7.652351936575733e-06,0.0,0.1251761757382514,0.031295957022547
221_P1,0.0,6.460551550186993e-05,0.0,0.10399825793543976,0.02601571586273541
221_NCI,0.0,2.4606053717099983e-05,0.0,0.0011325879670494477,0.0002892985051916369
221_MASS,0.0,6.024933893252129e-05,0.0,0.06025258001955662,0.015078207339622285
221_SASA,0.0,9.040395032037213e-05,0.0,0.036963726580903175,0.009263532632805887
221_PKB,2.178047483791593e-05,7.775000390634183e-06,0.0,0.3621218568979435,0.09053785309329301
223_H2,0.0011245503402946499,5.4410305562373156e-05,3.928272235498298e-06,0.18894032397080462,0.047530803222224284
223_P1,0.0,0.00044746046681765533,0.00012343151320237666,0.09963914465094073,0.02505250915774019
223_NCI,6.4063482928622e-05,0.0001228424304972865,0.00020271755056455731,0.0265128687026412,0.006725623041657917
223_MASS,0.0,0.0001341771177423991,4.1052931010199245e-06,0.0531371848493481,0.01331886681504788
223_SASA,0.0001753512541537117,0.00027344114070676446,0.0,0.004192832402066117,0.0011604061992316482
223_PKB,0.00014268472640108183,0.0012031647763650162,0.00034015619894489646,0.42194294780030617,0.1059072383755043
224_H2,0.0,0.00010717103754646227,1.999176504341449e-07,0.12226490329676966,0.03059306856299164
224_P1,0.0,1.5769387592215302e-05,0.0,0.07015017168577839,0.017541485268342653
224_NCI,0.0,5.351778134615453e-06,0.0,0.014644037695616046,0.003662347368437665
224_MASS,0.0,4.073707944933829e-05,4.7632365607341853e-08,0.007694405356774647,0.0019337975171473982
224_SASA,0.0,6.120785908602374e-05,0.0,0.02538501629213174,0.006361556037804441
225_P1,0.0,1.234278280134923e-06,0.0,0.007918276340298961,0.001979877654644774
225_MASS,0.0,0.0,0.0,0.02389785438558362,0.005974463596395905
225_SASA,0.0,0.0,0.0,0.02471737728015559,0.006179344320038897
226_H2,0.0,5.055104885004532e-06,0.0,0.060192944966092884,0.015049500017744473
226_P1,0.0,3.0584799410999925e-05,0.0015532555989921093,0.00047860739429458085,0.0005156119481744226
226_NCI,0.0,0.0009026008881456731,2.9786889399474603e-07,0.12799837480382117,0.03222531839021521
226_MASS,6.016785085625541e-05,7.384354320238573e-05,0.0,0.10003061412214083,0.025041156379049866
226_PKB,0.0,4.031909111958193e-06,0.0,0.17602669868326587,0.04400768264809446
227_H2,0.017766705342545635,0.006980772690170724,0.0008666941430419683,0.18751618737364173,0.05328258988735002
227_P1,0.005802183149674606,0.007824118898022663,0.0,0.15781644460008348,0.04286068666194519
227_NCI,0.0,0.00013370351198100852,7.105382451300102e-07,0.04759075280790385,0.011931291714532496
227_MASS,2.8941846564469682e-05,0.000132658560522184,6.332317752821837e-06,0.029266474458417725,0.0073586017958143
227_SASA,0.0,5.540872132522596e-05,1.8945435158457258e-06,0.03364247993272687,0.008424945799391986
227_PKB,0.0,0.0004083676515434997,0.0,0.33670494899273223,0.08427832916106894
228_P1,0.0,0.00015089580516358428,0.0,0.0311113260910522,0.007815555474053945
228_MASS,0.0,3.0796506315220694e-05,0.0,0.002353235334285605,0.0005960079601502064
228_SASA,0.0,0.00012270966535760065,0.0,0.015530788598547477,0.003913374565976269
228_PKB,0.0,2.1822265918893932e-05,0.0,0.30736741061180556,0.07684730821943112
229_H2,0.0,2.6193220816756236e-06,0.0,0.01180580958519001,0.0029521072268179215
229_P1,0.0,3.8215554403791074e-08,0.0,0.0007740128143237527,0.00019351275746953912
229_NCI,0.0,1.1347592034554426e-05,0.0,0.05632005036961806,0.014082849490413154
229_MASS,0.0,2.0334821375775346e-06,0.0,0.005275318134473526,0.001319337904152776
229_SASA,0.0,0.0,0.0,0.00597713691047798,0.001494284227619495
230_P1,0.0,0.0002042542832347583,6.080769310301548e-08,0.03227175453106613,0.008119017405498497
230_NCI,0.0,6.260057626597238e-05,1.4458253261295795e-08,0.14760675675606602,0.036917342947646314
230_MASS,0.0,0.00017650637188558525,0.0,0.0353837992403326,0.008890076403054547
230_SASA,0.0,1.9311060663002682e-05,1.776411195919536e-08,0.07599991786756555,0.019004811673085126
230_PKB,0.0,9.175298428198668e-07,3.970292539179354e-08,0.052412819017070386,0.013103444062459649
231_MASS,0.0,0.0002795218253809353,0.0003118159365840256,0.17286785824848214,0.043364799002611774
231_SASA,0.0,7.84626571200667e-05,0.0,0.12538699738504666,0.03136636501054168
231_PKB,0.0004109018006722822,0.00025501692670495377,3.7235684430925176e-05,0.14433852440278866,0.036260419703649203
232_H2,0.0,5.345455908332965e-07,0.0,0.13663153552834448,0.03415801751848383
234_H2,0.0,0.00010400345131531829,1.6625186617602594e-05,0.14338712407326026,0.035876938177798294
234_P1,0.0,0.0003551116182436822,4.784325938089751e-06,0.04207362478900519,0.010608380183296741
234_MASS,0.0,9.419849647573423e-05,1.2519202527982998e-06,0.03513778582187177,0.008808309059650075
234_SASA,0.0,1.7126754185530137e-05,0.0,0.028130851541402144,0.007036994573896918
234_PKB,0.0,3.737493391224623e-05,0.0,0.14763921565253751,0.036919147646612444
235_H2,0.0,4.087938813089646e-05,8.568137310760449e-09,0.24186106761584944,0.060475488893029415
235_P1,0.0,2.0260016166901262e-05,0.0,0.11296464840850398,0.02824622710616772
235_NCI,0.0,0.014308916766421754,1.2505503036663868e-05,0.06620104344871398,0.0201306164295431
236_H2,0.0,5.018676314952775e-05,0.0,0.026263691286862425,0.006578469512502988
236_NCI,0.0,1.7786176363328113e-06,0.0,0.004415121812011339,0.001104225107411918
236_MASS,0.0,2.7836785566300336e-05,0.0,0.013484452147438274,0.003378072233251144
236_SASA,0.0,2.56186328707951e-07,0.0,0.024277395485250538,0.006069412917894811
236_PKB,0.0,1.367426976978038e-07,0.0,0.03676718687078357,0.009191830903370318
237_H2,0.0,6.150805476377491e-06,0.0,0.18402064179342095,0.046006698149724336
237_P1,0.0,2.146001388201792e-06,0.0,0.05714500073046863,0.014286786682964209
237_MASS,0.0,0.002033973164313257,0.03913865610957146,0.038263991433459627,0.019859155176836084
237_SASA,0.007486948225421095,4.4753152464450495e-06,0.0,0.11702116116613488,0.031128146176700604
237_PKB,0.0,0.0007781154141129142,0.0,0.10545811769205658,0.026559058276542376
238_PKB,0.0,0.0002752918296724572,0.0,0.025119932722560363,0.006348806138058205
239_H2,0.0,6.072552432901398e-06,1.5467331593299605e-07,0.22505480712172624,0.05626525858686877
239_P1,0.0,2.2019182477931715e-05,0.0,0.0692619197516535,0.017320984733532857
239_MASS,0.00014822784784654722,9.487876329907737e-05,0.0,0.12319137204667308,0.030858619664454676
239_SASA,0.0,3.870798197595847e-06,0.0,0.11840270639329523,0.029601644297873205
239_PKB,0.0,8.821966244221769e-06,0.0,0.15578785993977584,0.038949170476505014
240_H2,0.0,2.680969193087246e-06,1.5512578954712808e-07,0.1939106823492669,0.04847837961106238
240_P1,0.0,1.4318950004321406e-05,2.4557676781000737e-08,0.03040478458802117,0.007604782023925568
240_NCI,0.0,1.846262363251464e-06,2.3098340307114995e-07,0.008680088215757406,0.002170541365380932
240_MASS,7.733007061193232e-05,3.7524603190145493e-06,3.833642495010281e-06,0.08383080823515054,0.020978931102144126
240_SASA,0.0,1.3330578236584494e-05,0.0,0.06748229339884472,0.016873905994270327
241_MASS,1.4303443455396918e-06,5.900243076412184e-05,8.874902732713963e-07,0.010605520069479466,0.0026667100837155996
241_SASA,0.0,0.00032714534851893917,9.024536495871871e-08,0.006688477556237387,0.0017539282875303213
241_PKB,0.0,0.00020299900035674037,7.090363851602888e-06,0.0049706614815721775,0.0012951877114451302
242_H2,0.0,1.1437617277654563e-05,0.0,0.3868309643147054,0.09671060048299578
242_P1,0.0,3.0954216878987055e-05,0.0,0.1710759398325305,0.04277672351235237
242_MASS,0.0006644190171531856,0.00013595759676297486,3.7449172651804474e-08,0.033954423762584826,0.00868870945641841
242_PKB,1.0328403683106499e-05,2.2582946013749177e-05,0.0,0.04877697796887833,0.012202472329643797
243_H2,0.0,9.994231444802922e-05,0.0,0.058828611646068195,0.014732138490129056
243_P1,0.0,0.0001795881728235329,1.3209579265094362e-05,0.008726955924162484,0.002229938419062778
243_MASS,0.00016734411750999497,3.254494671781094e-05,2.844311453031878e-08,0.05655085375446126,0.0141876928154509
243_SASA,0.0,8.292588161394362e-05,3.446608025114983e-05,0.0491977484893131,0.01232878511279455
243_PKB,0.0,2.2895241669027858e-05,2.8029905934090493e-06,0.03352027619790088,0.008386493607540828
245_H2,0.0,0.00010288388310731623,7.946429104777053e-05,0.07750010437712082,0.019420613137818978
245_P1,0.0,0.00013938196869741197,0.0,0.03771806552526831,0.009464361873491431
245_NCI,0.0,7.4701203082198426e-06,0.0,0.12952155450281075,0.03238225615577974
247_NCI,0.0,2.130877759482727e-05,3.7220556805550586e-06,0.41931123748686966,0.10483406708003626
247_MASS,0.0,7.703398908864302e-06,0.0,0.006354664210239749,0.0015905919022871533
247_PKB,0.0,3.4350100679756004e-05,0.0,0.2191664667985598,0.05480020422480989
248_H2,0.0,0.0,0.0,0.272142268961605,0.06803556724040125
248_P1,0.0,1.3646561534595513e-06,1.0497997209313326e-06,0.06431637506475842,0.0160796973801582
248_NCI,0.0,5.141355991006618e-06,0.0,0.009142796353008253,0.0022869844272498147
248_MASS,0.0,2.3523358330262298e-05,0.0,0.03750837051654377,0.00938297346871851
248_SASA,0.0,4.108048578612746e-05,0.0,0.005667117811288409,0.001427049574268634
249_NCI,0.0,0.00010605229373388871,0.0,0.05084878545778171,0.012738709437878899
249_SASA,0.0,2.595203454772501e-07,0.0,0.04974705878181975,0.012436829575541307
250_H2,0.0,4.3516300675598726e-05,0.0,0.03538215398438489,0.008856417571265122
250_P1,0.0,2.7100035943194792e-06,0.0,0.00155257677635475,0.00038882169498726736
250_MASS,0.0,8.399122649674043e-06,0.0,0.016685200109898834,0.004173399808137127
250_SASA,0.0,2.3339101785460968e-05,0.0,0.01922014146543831,0.004810870141805943
251_H2,0.0,1.0346551817705672e-06,0.0002958170953206718,0.20697509389036856,0.05181798641021775
251_NCI,0.00030026297057998594,5.499494245634241e-06,2.322460750292521e-05,0.010813239802203342,0.002785556718632972
251_MASS,0.0,3.204705792630009e-06,8.506507583661005e-05,0.028365202032906822,0.007113367953634015
252_H2,0.0,5.490777630601649e-06,0.0,0.04241948965153238,0.010606245107290746
252_P1,0.0,2.1784851175642332e-05,2.8010056496441393e-08,0.023226538018877762,0.005812087720027475
252_NCI,0.0,3.745204488573215e-08,0.0,0.018973112562550278,0.004743287503648791
252_MASS,0.0,3.4822753407306748e-06,0.0,0.030762178456215324,0.007691415182889014
253_NCI,0.0,3.161178079921444e-06,0.0,0.03590064062915819,0.008975950451809527
253_PKB,0.0,1.495692163061558e-05,0.0,0.15907851487670668,0.039773367949584325
254_NCI,0.0,9.210214094073703e-05,1.923663330671843e-05,0.1276086010425526,0.03192998495420001
255_H2,0.0,1.8615378565635564e-06,4.3802788241009694e-07,0.03816157022928407,0.009540967448755761
255_P1,0.0,9.82995399917672e-06,0.0,0.019220915520969772,0.0048076863687422375
255_MASS,0.0,4.528381409192052e-05,0.0,0.09522418342473973,0.023817366809707915
255_SASA,1.402666588807192e-05,9.033783936896615e-05,0.0,0.08666858771872873,0.021693238055996444
256_H2,0.0,6.2092213062205544e-06,0.0,0.06436521081054505,0.016092855007962818
256_P1,0.0,1.2312203872287858e-06,3.0043545848457143e-05,0.007719410838121352,0.0019376714010892594
256_NCI,0.0,9.771394163299481e-05,3.6858980934084684e-07,0.012917277335706296,0.003253839966787158
256_SASA,0.0,4.564917842590501e-06,5.769288691226393e-07,0.04624702858446778,0.011563042607794874
256_PKB,0.0,1.8324569424423144e-05,3.5434705836223657e-08,0.02346086347587802,0.00586980587000207
257_H2,0.0,0.0009477308779493395,1.0321745094188373e-06,0.15340364759169434,0.03858810266103827
257_P1,0.0,9.157009199864047e-05,7.741815721828971e-08,0.022779219585624934,0.005717716773945198
257_NCI,0.0,0.00012246388335374213,8.44977279257364e-08,0.0868477608507968,0.021742577307969618
257_MASS,0.0,5.44735506609928e-06,0.0,0.12808686647360612,0.03202307845716806
257_SASA,0.0,7.398648043867887e-06,0.0,0.1372198663992287,0.03430681626181814
257_PKB,0.0,6.16323980833868e-05,0.0,0.6202413944062206,0.155075756701076
258_H2,0.0,0.00016078381183866867,1.043212364493229e-06,0.21084145131346346,0.05275081958441666
258_NCI,0.0,0.0001583832583347432,1.2334310213191202e-06,0.07442499501661223,0.018646152926492073
259_H2,0.00020618854281925187,6.165404549743662e-07,0.0,0.07471552980804423,0.018730583722829614
259_P1,0.0,1.6254062263608285e-05,0.0,0.0409867285459633,0.010250745652056728
259_MASS,0.0001597092072843067,2.6487685954682804e-05,3.31810733769089e-05,0.0034189418417634398,0.0009095799520948346
259_PKB,0.0,6.922533755154399e-06,0.0,0.0761686059988554,0.01904388213315264
260_H2,0.0,0.00016804756893486775,6.136298179626465e-05,0.10816956483592076,0.02709974384666297
260_P1,0.004076873425071132,0.0007766152564189933,0.00018199170881416649,0.12258376706626094,0.031904811864141305
260_NCI,0.0,0.00026435157058895625,0.0,0.15716334800703713,0.03935692489440652
260_MASS,0.0,0.0005448777465280809,0.0019141457742080092,0.12732749401363136,0.032446629383591864
260_PKB,0.0,0.0003577654161674292,1.0100857252837159e-06,0.027242873405673353,0.006900412226891517
261_H2,0.0,0.0002563115843159536,0.0006311425240710378,0.039680176158010866,0.010141907566599464
261_P1,0.007636889568627435,7.906417311205907e-05,0.0,0.014660070327551213,0.005594006017322677
261_MASS,0.0,0.0004715787684868176,1.314540476471393e-08,0.031690053297671814,0.008040411302890849
261_SASA,0.0,7.582836255010033e-05,0.008817007765173912,0.026838310482892633,0.008932786652654161
261_PKB,0.0,0.0003496111676950343,0.0,0.15677383114395366,0.03928086057791217
262_H2,0.0,5.021988150093272e-05,7.028722029644996e-05,0.057401502190982244,0.014380502323194906
262_P1,0.00048238011688138643,0.00040482994519433447,6.609161209780723e-05,0.08240927902907953,0.020840645175813265
262_MASS,0.0,5.6472396372912754e-05,3.038212344108615e-05,0.06736781853245992,0.01686366826306848
262_SASA,0.0,0.0004444033168055118,4.610286396200536e-06,0.1322898444132556,0.033184714504114324
262_PKB,0.0,0.000147714404810561,2.541161848057527e-06,0.1179829779774941,0.029533308386038182
263_H2,0.0,1.5535886678589004e-05,0.0,0.04971914961690012,0.012433671375894677
263_NCI,0.0,0.00010614179641118315,0.011593576520681381,0.0855560377476137,0.024313939016176563
263_MASS,0.0,4.670436804378025e-06,0.0,0.03925034606382652,0.009813754125157724
263_SASA,0.0005642991423904991,3.834371323937047e-06,0.0,0.031605110408186796,0.008043310980475308
263_PKB,1.9778780550200618e-05,6.556979049085479e-06,0.0,0.06775561435165064,0.016945487527812483
264_H2,0.0,0.0,0.0,0.1039177097910279,0.025979427447756977
264_P1,0.0,5.201532311850217e-07,0.0,0.03416496132375583,0.008541370369246752
264_NCI,0.0,2.394559013687551e-06,0.0,0.041368253860997656,0.010342662105002835
264_MASS,0.0,4.4375990228668307e-08,0.0,0.025582095366465704,0.0063955349356139835
264_PKB,0.0,0.0,0.0,0.11162722202729884,0.02790680550682471
265_H2,0.0,5.9693358607794724e-05,1.2719969788577146e-07,0.1863864512864599,0.04661156796119139
265_P1,0.0,3.334246387445177e-05,2.624931880745862e-07,0.1226520781996779,0.030671420789185107
265_NCI,0.0,0.0001804379848966426,0.0,0.1761220031048997,0.044075610272449085
265_MASS,0.0,1.792938901543453e-05,4.044135266667581e-07,0.03134780118216269,0.007841533746176198
265_SASA,0.0,7.419636229650203e-06,4.136287827805063e-07,0.01330460297010617,0.00332810905877965
268_H2,0.0005082262173696281,0.00020260575386760776,2.0816420146729797e-05,0.05705505494810541,0.014446675834872344
268_P1,3.047704293852159e-05,0.00018433274997911594,0.0,0.006497434090153141,0.0016780609707676946
268_NCI,5.2292045813393925e-05,0.00010828125613861585,6.186514269757026e-07,0.011563929622560585,0.0029312803939848925
268_MASS,0.0,0.0011996912785680895,0.0006655835313722491,0.27119683262446925,0.0682655268586024
268_SASA,0.005138531797901072,0.0015505236514208444,0.0004507104167714715,0.22889076930293845,0.05900763379225796
268_PKB,0.0007794158481315048,0.0018009357870381903,9.412175131728873e-06,0.7827600143800056,0.19633744454757676
269_H2,0.0,0.0003565653072603697,0.0013493906008079648,0.14600856944141663,0.03692863133737124
269_P1,0.0,0.00017746482556494907,0.0,0.04043529431851001,0.01015318978601874
269_NCI,0.0001484338302204041,0.0001186702811947357,1.6929415380673163e-07,0.16385784744131315,0.041031280211720526
269_MASS,0.0,0.0001034238680854354,4.5212937038741075e-06,0.20221514463284945,0.05058077244865969
269_SASA,0.0,0.00013590314451274776,0.0,0.16629184347207018,0.041606936654145735
269_PKB,0.0,8.33738125064944e-05,0.0,0.40701409842464287,0.10177436805928734
270_H2,0.0,1.4633611414838675e-05,0.0,0.2713180607083258,0.06783317357993517
270_P1,0.00019199539390453562,3.601719543997334e-05,0.0,0.11392468124417657,0.028538173458380268
270_MASS,0.0,3.4567785403541516e-05,2.8005806598230265e-06,0.12719459233469693,0.03180799017519007
270_SASA,0.0,2.847149883045131e-05,0.0,0.07717660621172946,0.01930126942763998
271_H2,0.0,0.00013457133323401357,0.0,0.18476620088701343,0.04622519305506186
271_P1,0.0,5.2446239932704813e-05,0.0,0.0741844613576336,0.018559226899391577
271_MASS,0.0,0.0009247740803841921,0.014087026007473469,0.130763492485374,0.036443823143307914
271_SASA,0.006375619659658812,0.0021899319247163053,0.0,0.10717255612174953,0.028934526926531163
271_PKB,0.0,0.00020810923805059358,0.002264077542349696,0.44314868756898396,0.11140521858734606
272_H2,0.0,0.0003475591390669796,1.551027708046604e-05,0.09276579815660753,0.023282216893188743
272_P1,0.0,6.298560152317832e-05,1.2122404768888373e-06,0.005357854285150587,0.0013555130317876635
272_NCI,0.0,4.007694250481557e-05,0.0002475932124070823,0.35243789342604975,0.08818139089524041
272_SASA,0.0,0.00013601165150958395,1.946693373611197e-05,0.04077298320213036,0.010232115446844013
272_PKB,0.0,0.00010145564593079843,0.0,0.06435677633058835,0.016114557994129787
273_H2,0.0,4.237068921085143e-05,9.116947552456622e-08,0.09455510223706023,0.023649391023936654
273_P1,0.0,0.0003890224859463378,6.255462722037919e-06,0.09413967955728403,0.023633739376488102
273_MASS,0.0,1.660202397056863e-05,4.509243808570318e-05,0.10359518308678864,0.025914219387211227
273_SASA,0.0,2.4619969643142976e-05,0.0,0.07834554843282596,0.019592542100617276
273_PKB,0.0,9.100175318571866e-05,0.0,0.17968642892079734,0.04494435766849576
274_H2,0.0008412017648859838,1.492730827900416e-06,5.291493835102301e-06,0.023889873752079124,0.006184464935407028
274_P1,0.00011429336118039229,2.631646453410364e-07,0.0,0.022049133927591315,0.005540922613354262
274_SASA,7.645040775518515e-05,0.00022439553956640198,0.0027091503143310547,0.12126220391642514,0.031068050044519447
274_PKB,0.0003841799470165524,9.473293539822517e-05,3.433190613577608e-06,0.2101819464266564,0.05266607312492119
275_H2,0.0,5.0997775085439644e-05,0.0,0.05749425359905632,0.01438631284353544
275_P1,0.0,5.992287103142221e-05,0.0,0.037928009347101874,0.009496983054533325
275_NCI,0.0,6.401984258611459e-06,1.7868453142000362e-05,0.17795522300653083,0.04449487336098286
275_MASS,0.0,5.116856970180841e-05,0.0,0.006956666648355597,0.0017519588045143513
275_SASA,0.0,0.0002761388234121486,0.0,0.003979255781663087,0.001063848651268809
275_PKB,3.7495033906589654e-06,3.2708236395339806e-05,0.0,0.14027114406248659,0.035076900450568146
276_H2,0.0,1.8754063622522029e-06,0.0,0.13931466644465912,0.034829135462755345
276_P1,0.0,8.9047855809701e-05,0.0,0.08930992969779875,0.02234974438840211
276_MASS,0.0,7.764322726450337e-05,2.510908643671428e-06,0.007204470473700804,0.001821156152402245
276_SASA,0.0,3.887138867636352e-05,0.0,0.01636339850202854,0.0041005674726762266
276_PKB,0.0,0.0002226710281228649,0.0,0.23534115196903627,0.058890955749289785
277_H2,0.0,4.939271806670364e-05,4.419893429030708e-08,0.3247399851430452,0.08119735551501155
277_P1,0.0,3.7232609203441153e-06,0.0,0.09935545342195083,0.024839794170717792
277_NCI,0.0,1.8008292012396486e-05,7.210994579232022e-10,0.04604306243891613,0.011515267863006995
277_MASS,0.0,0.00022349898296025728,2.3112537661518218e-08,0.01520698531559184,0.0038576268527724398
277_PKB,8.870085519239757e-05,0.00024224631432803468,1.2812884961022064e-05,0.08645957228519496,0.021700833084919106
278_H2,0.0,1.974435991833859e-05,0.000937329197768122,0.3690019767968125,0.09248976258862475
278_P1,0.0,0.00032986657837913685,2.5549875104502462e-08,0.00815880305849802,0.002122173796688065
278_NCI,0.0,0.0003342300796194381,0.0,0.05670033933205149,0.014258642352917733
278_MASS,0.001020965083076516,0.007715806978819459,0.013308319263160229,0.02872484799608198,0.012692484830284546
278_SASA,7.266286516858619e-05,7.626149409703856e-05,0.0,0.16980796129790676,0.042489221414293094
278_PKB,0.0,0.00018229594710735377,0.0001728305360302329,0.11836877273888251,0.029680974805505023
279_H2,0.0,0.00024155508894693794,1.960452937055379e-05,0.15551089229490017,0.038943012978304416
279_P1,0.0,2.162564264431271e-05,0.0,0.15217359109301506,0.03804880418391485
279_NCI,0.0,3.607961197692174e-05,4.313268800615333e-05,0.35900307731592707,0.08977057240397754
279_MASS,0.0,7.258383055490788e-05,0.0,0.04891486655234408,0.012246862595724748
279_SASA,0.0,0.00013461556130943056,0.0,0.0749812118716334,0.018778956858235708
279_PKB,0.0,1.7463882136190333e-05,0.0,0.052390497127182,0.013101990252329549
280_H2,0.0,6.380586338447848e-05,0.0,0.3161732648140545,0.07905926766935975
280_P1,0.002011424020722644,4.388144712593256e-05,0.0001922826631926,0.1370320039453055,0.03481989801908667
280_PKB,0.0,0.0005900807243593074,0.0,0.1885577886801452,0.04728696735112613
281_H2,0.0,0.0001893723835225469,2.133100679202471e-05,0.10651313807291403,0.02668096036580715
281_P1,8.993198243833024e-05,0.018236978126011955,6.889691235301143e-07,0.022929056287550008,0.010314163841280956
281_NCI,0.0,0.001309466228135731,0.004957640543580055,0.27259508487442063,0.0697155479115341
281_MASS,0.0,0.0007313072619063038,0.0002927702444139868,0.11982589363931724,0.030212492786409383
281_PKB,0.0,0.0024892562246694393,1.141430220741313e-05,0.014532853917425616,0.004258381111075617
282_H2,0.00012076629831424587,7.033659877204943e-07,0.0,0.2267888213504841,0.05672757275369651
282_NCI,9.866482991739361e-05,1.0181894867236093e-06,0.0,0.046668430145453174,0.011692028291214324
282_MASS,0.0,1.3370471102500546e-06,0.0,0.032940761989597896,0.008235524759177036
282_SASA,0.0,3.3382928284650984e-05,0.0,0.051474302950103946,0.012876921469597149
282_PKB,0.0,1.4003421919854575e-08,0.0,0.07094517845901754,0.017736298115609866
283_H2,0.0,0.001619862883546122,1.953189041614678e-07,0.01530625850211581,0.004231579176141523
283_P1,0.0,0.000390620920782212,0.0011111112544313073,0.0018579308477106305,0.0008399157557310374
283_NCI,0.0,0.0005951869535378117,1.7717931086735916e-06,0.10155400247746976,0.025537740306029063
283_PKB,0.0,0.00044533256628294154,1.9820849956886377e-06,0.08059189011411143,0.020259801191347515
284_H2,0.0,3.8620120583463125e-07,0.0,0.1418568320335543,0.03546430455869003
284_P1,0.0,5.355987334033196e-08,0.0,0.041624285462493645,0.010406084755591747
284_NCI,0.0,2.5027646876443645e-06,0.0,0.18909049223524904,0.04727324874998417
284_MASS,0.0,0.00021995887276060266,0.0,0.07976592386166464,0.019996470683606313
284_SASA,0.0,8.586587949123444e-07,0.0,0.07978519875585734,0.019946514353663063
284_PKB,0.0,2.3511868624197317e-07,0.0,0.2164347178469425,0.05410873824140718
285_H2,0.025020639186574198,0.016604772037440582,2.2403875732379674e-07,0.47395150294665606,0.12889428455235705
285_P1,1.0,1.0,1.0,0.09918879589890908,0.7747971989747273
285_NCI,0.00035931755825594055,0.00017533909331607703,3.610740532167256e-05,0.7180836999252823,0.179663615995544
285_MASS,0.0,7.833952516833191e-05,0.0,0.05951968870521819,0.01489950705759663
285_SASA,0.0,5.6771783211110905e-05,5.401928865467198e-05,0.10876462855249465,0.027218854906090106
285_PKB,0.0,1.3535166163905179e-05,0.0,0.05113655319230132,0.012787522089616307
286_H2,0.0,0.0003265037711779138,6.73019684427345e-08,0.14543467713915867,0.036440312053076254
286_P1,0.0,0.0007021547475690868,3.2146160720003536e-06,0.04258854989080898,0.010823479813612516
286_NCI,0.0,0.00043449475368034774,1.7399359819592064e-07,0.27064277022563693,0.06776935974322887
286_MASS,0.0,1.208595652698019e-05,1.4435089497055742e-06,0.1066603914619491,0.026668480231856445
286_SASA,0.0,8.044392870415674e-05,0.0,0.08165502965216326,0.020433868395216853
286_PKB,0.0,0.0002329263066510878,1.06370553112356e-05,0.15773880946304134,0.039495593206250915
287_H2,0.0,7.799987038129325e-06,0.0,0.06557379417151668,0.016395398539638704
287_P1,0.0,0.00010003305393885007,0.0,0.0351452032207167,0.008811309068663889
287_NCI,0.0,8.192466140037534e-05,0.0,0.020271230558211093,0.005088288804902867
287_MASS,0.0,2.7012707910814527e-06,0.0,0.013835294355619745,0.0034594989066027066
287_SASA,0.0,6.564921364507752e-05,0.0,0.023492116997058162,0.00588944155267581
288_H2,0.0,4.6755187350012784e-05,0.0,0.14079208683705244,0.03520971050610061
288_P1,0.0,2.0790464912811766e-05,0.0,0.07534711718248252,0.018841976911848832
288_NCI,0.005028007483119631,1.499823952846768e-05,0.0,0.10577463366056894,0.02770440984580426
288_MASS,0.0,1.9487157583493656e-05,0.0,0.03757781815027958,0.009399326326965768
288_SASA,0.0,0.0027836771829897766,0.0,0.01759597722214125,0.005094913601282757
288_PKB,0.0,0.00016394401517784475,0.0,0.29213315035608106,0.07307427359281472
289_H2,0.0,1.3325684216700393e-05,1.816946860344615e-05,0.06968244127656675,0.017428484107346726
289_NCI,0.0,0.0005706333884613235,0.0005898000672459602,0.0926897948640603,0.023462557079941895
289_SASA,0.0,8.111087095289895e-05,0.00031829922227188945,0.05813567604288094,0.014633771534026433
289_PKB,2.222528154065569e-05,1.0015690139265819e-05,0.0,0.010675108488401586,0.002676837365020377
290_P1,0.0,5.323313645050826e-05,0.0,0.05460050698988347,0.013663435031583494
290_NCI,0.0,4.3579407944637884e-06,0.0,0.11134352163372337,0.027836969893629458
290_MASS,0.0,4.945471710867225e-06,0.0,0.0891981578682913,0.022300775835000543
290_PKB,0.0,2.0014072959728059e-07,0.0,0.4832069008297498,0.12080177524261985
291_H2,0.0011846337418292986,0.0013903150440953483,0.000234557970543392,0.3001025180703554,0.07572800620670585
291_P1,0.00017015120324341085,0.0006892469594803202,1.4368578327150772e-08,0.11329934509086974,0.02853968940554295
291_MASS,9.271853518364632e-05,0.0010259497741910786,4.413981150719337e-05,0.05602295710457255,0.014296441306363617
291_SASA,0.0,0.0006789967967633037,0.0,0.010760004057120274,0.0028597502134708945
291_PKB,0.0,0.0009170444942066603,1.3021681297686882e-06,0.5037382225328921,0.12616414229880715
292_H2,0.0,0.00044837444545908604,3.267064414558263e-07,0.05793117901350151,0.014594970041350514
292_P1,0.0008820426760422773,9.459092750807692e-05,1.9723923116998776e-07,0.0020173523938809275,0.000748545809165613
292_NCI,0.0,7.289247499116316e-06,1.5744788584015623e-08,0.014110603008972595,0.0035294770003150735
292_MASS,0.0,5.6420124301072316e-05,6.568236585735576e-06,0.0701474964936724,0.0175526212136398
292_SASA,0.0,0.00034725847858902553,2.3383745428873226e-07,0.06704600129760838,0.01684837340341292
292_PKB,0.0,8.033023968576494e-06,0.0,0.12268959008007442,0.03067440577601075
293_H2,0.0,0.00020524262968259273,0.0011699773604050279,0.2569717229183997,0.06458673572712183
293_P1,0.0,0.0002574200753457724,0.0,0.10427842853739444,0.02613396215318505
293_NCI,0.0009851740109605575,0.00011484711990828968,0.0,0.05907465230926066,0.015043668360032377
293_MASS,0.0,0.00027346544683930945,3.12454335471557e-06,0.18896074938310534,0.04730933484332484
293_PKB,0.0,0.00016385958996669784,0.0,0.06878593613580884,0.017237448931443886
294_H2,0.0,1.3635307082119394e-05,4.06182067536065e-07,0.0810665634471054,0.020270151234063765
294_P1,0.0,2.3848021260228194e-06,0.0,0.12731732454777753,0.03182992733747589
294_NCI,0.2604332233488979,0.07294708948124266,0.004911160562187433,0.24757870183981756,0.1464675438080364
294_MASS,0.0,1.122380797760371e-06,4.708363690042461e-07,0.1446216513105953,0.03615581113194051
294_SASA,0.0,1.3613431410694247e-05,0.0,0.08586987869537696,0.021470873031696914
296_H2,0.0,2.530565917877621e-05,0.00027674841112457216,0.04331080620818297,0.01090321506962158
296_P1,0.0,8.883361479899608e-06,0.0,0.08743375153410478,0.02186065872389617
296_NCI,9.671749014334486e-05,0.0004318645189177832,2.526014952763944e-07,0.12246125908479334,0.030747523423837436
296_MASS,0.0,8.793331755089698e-05,0.0,0.013018469429124773,0.0032766006866689176
296_SASA,0.0,0.000167954246386001,0.0,0.020975175135416413,0.005285782345450603
296_PKB,0.00012134816610347221,0.0003308421040102552,0.0,0.4147805849414931,0.10380819380290171
297_H2,0.0,5.554877658988023e-07,2.4565767198225785e-09,0.06156104226213038,0.01539040005161825
297_P1,0.0,1.0345935481715465e-05,0.0,0.009076006683016603,0.0022715881546245794
297_NCI,0.0,5.989488225166489e-06,0.0,0.011838124249941065,0.0029610284345415578
297_SASA,0.0,4.420423357644978e-06,0.0,0.009785093568350379,0.002447378497927006
297_PKB,0.0,2.685667847921994e-05,0.0,0.2324304855680786,0.05811433556163945
298_H2,0.0,0.001850751582968843,4.2086944631591905e-06,0.15987385796536532,0.040432204560699334
298_P1,0.0,0.006886490450515301,0.0,0.10657944429814911,0.028366483687166103
298_NCI,0.0,0.00020297525039766163,1.0035917512141168e-05,0.06797211162702467,0.017046280698733617
298_MASS,0.0,1.1809320824474686e-05,0.0,0.02007937404187994,0.005022795840676104
298_SASA,0.0,2.5122876922398724e-05,0.0,0.019599075159904337,0.004906049509206684
298_PKB,0.0,7.430380157835852e-05,0.0,0.4025893057847505,0.10066590239658221
299_H2,0.0,2.2207642509018892e-05,0.0,0.00016067830813867992,4.57214876619247e-05
299_NCI,0.0,3.347953673827474e-05,1.734113519447078e-09,0.06237844686197225,0.01560298203320601
299_MASS,0.0,3.9218771801925345e-05,0.0,0.02319697408871062,0.0058090482151281365
299_SASA,0.0,6.459415970436568e-07,0.0,0.03492238488469824,0.00873075770657382
299_PKB,0.0,0.00012145097419513606,0.0,0.3939501869280088,0.09851790947555099
300_H2,0.0,2.983571742113766e-05,7.608768441969005e-07,0.05129574385106477,0.012831585111332526
300_P1,0.0,0.0012870361801000107,0.0,0.004301000393551941,0.001397009143412988
300_NCI,0.0,0.00010248510649037013,0.0,0.0549334588782388,0.013758985996182293
300_MASS,0.0,4.3155234678976775e-05,0.0,0.04627311207624903,0.011579066827732002
300_SASA,0.0,0.0001668667783013372,0.0,0.03144224100273627,0.007902276945259402
300_PKB,0.0,0.00024546567671160737,0.0,0.035572079192173534,0.008954386217221286
301_P1,0.0,7.353660283995548e-06,5.605812134490407e-07,0.01334863152087689,0.0033391364405935837
301_NCI,0.0,9.521739758667824e-08,0.0,0.015042023091713076,0.0037605295772776656
301_SASA,0.0,1.7960807960852377e-07,0.0,0.011091861652451681,0.0027730103151328224
301_PKB,0.0,1.6059658645211258e-06,0.0,0.04152963563351941,0.010382810399845984
303_H2,0.0,6.061619238943357e-06,1.3262980473882635e-06,0.13904379634707476,0.03476279606609027
303_P1,0.0003167327512514258,7.432238555919767e-05,5.17721455253195e-05,0.025801942667752962,0.006561192487522226
303_MASS,0.0,2.9594102478291703e-05,4.645097578759305e-05,0.004597974908337557,0.0011685049966508605
303_PKB,0.0002561164380532307,3.57897255974806e-05,0.0,0.0224989242365744,0.005697707600056278
306_H2,0.0,1.0682013775347483e-05,3.2564523735345574e-06,0.022077688683187796,0.005522906787334169
306_NCI,0.0,1.1023899180019726e-05,0.0,0.3254900162472951,0.08137526003661878
306_PKB,0.0,3.73056765346652e-05,0.0,0.03235944348081089,0.008099187289336389
307_P1,0.0,0.0005004284996053862,1.0495823516976088e-05,0.0064073850302730885,0.0017295773383488628
307_PKB,0.0003046022455776192,1.8596776073830274e-05,3.510849182930542e-06,0.3430343202005858,0.08584025751785504
310_MASS,0.0,6.377632828796365e-07,0.0,0.06320190792629635,0.015800636422394806
310_SASA,0.0,5.534581058100741e-07,0.0,0.019236159390106207,0.004809178212053004
311_P1,0.0,6.926164298535889e-06,5.312361039955249e-08,0.006832305865246349,0.001709821288288821
311_NCI,0.0,2.6135754714115567e-05,0.0,0.01536357714331206,0.003847428224506544
311_MASS,0.0,4.3855998346241283e-07,0.0,0.0042376069666012536,0.001059511381646179
311_SASA,0.0,4.8558717196600074e-05,0.0,0.02690595368524881,0.0067386281006113526
311_PKB,0.0,1.9512836827437036e-06,0.0,0.022368810267978666,0.005592690387915353
313_NCI,0.0,3.0385377788291295e-07,0.0,0.037260974682092406,0.009315319633967572
313_SASA,0.0,2.9734372882082365e-05,0.0,0.008542842502144633,0.002143144218756679
313_PKB,0.0,0.00012294644044804593,2.550272483858862e-06,0.09827457848987319,0.024600018800701274
314_H2,0.0,2.6509660544334097e-05,0.0,0.022474658604371166,0.005625292066228875
314_P1,0.0,5.101128920731708e-06,0.0,0.059535104092177694,0.014885051305274606
314_SASA,0.0,6.369668774228056e-06,6.838960416644113e-06,0.029543498435160048,0.0073891767660877305
316_H2,0.0,5.908514997021934e-06,1.6267370028799633e-07,0.0172264003259377,0.004308117878658753
316_P1,0.0,0.0004528931016508096,0.0,0.022907344473127474,0.005840059393694571
316_MASS,0.0,7.236375024794689e-06,0.0,0.03364472652904942,0.008412990726018555
316_SASA,0.0,9.471009337409778e-06,0.0,0.03134975583385897,0.007839806710799094
316_PKB,0.0,2.0384892784822602e-05,0.0,0.09398962112486318,0.023502501504412
317_H2,0.0,0.00024573036479236726,0.0,0.07329417401279306,0.018384976094396356
317_P1,0.0,1.6899606010426616e-05,0.0,0.018675210037132767,0.004673027410785798
317_NCI,0.0,5.53452153839077e-06,0.0,0.21649140956662202,0.054124236022040105
317_MASS,0.0,2.1102681888991665e-05,0.0,0.02214021939048575,0.005540330518093686
317_SASA,0.0,7.898517251224494e-05,0.00010501378710614517,0.011560586509402847,0.0029361463672553092
317_PKB,0.0,2.574946116454018e-05,4.9068315632894155e-08,0.21534294677333504,0.053842186325703804
318_H2,0.0,0.00010247928199796904,1.1903140375579824e-06,0.3416925403319245,0.08544905248199
318_P1,0.0,9.939595442613323e-05,4.3539794205571525e-06,0.014939464874754945,0.003760803702150409
318_NCI,0.0,4.066909755554061e-05,3.7725982338088215e-08,0.2137865113421628,0.05345680454142517
318_PKB,0.0,0.00026106659143002915,3.083357569266809e-07,0.027455446638784266,0.006929205391492806
319_H2,0.0,8.545676491253154e-06,8.664886263431981e-05,0.09028934027255879,0.02259613370292109
319_P1,0.0,0.0003394828928477756,2.372942553563462e-08,0.16363762168553353,0.04099428207695171
319_MASS,0.0,0.00015053011337513213,1.1064999853260815e-05,0.03476400468272504,0.008731399948988357
319_SASA,0.0,9.704718894669186e-05,0.0,0.05769822266623811,0.0144488174637962
319_PKB,0.0,0.00014557320013812268,0.0002839414810296148,0.2902683430266388,0.07267446442695163
320_H2,0.0036722399564269818,0.00025640224334568326,2.1298870706232265e-05,0.08960959998263218,0.02338988526327777
320_P1,0.00099024803481045,6.0494989143803e-05,0.0,0.04159817431086047,0.010662229333703682
320_MASS,0.0,2.8636627571222003e-06,0.0,0.002629820125276807,0.0006581709470084823
320_SASA,0.0,3.6688705864832633e-05,0.0,0.025193545317944942,0.006307558505952444
320_PKB,0.0,4.638699315608584e-05,0.0,0.11806269978954577,0.029527271695675462
321_H2,0.0,0.0001748855068888457,1.712706762191374e-05,0.04360437937064086,0.010949097986287903
321_P1,0.0,2.4439878539917824e-05,1.33923767862143e-05,0.18842832872221002,0.04711654024438404
321_NCI,0.0,6.884592214678643e-05,0.0003179163031745702,0.2376991574616848,0.05952147992175154
322_H2,0.00016805996164336246,0.0002297300285735437,0.000282418099232018,0.03982265536580916,0.01012571586381452
322_P1,0.0016898267610803198,0.00036069287589911525,1.5944044662319357e-06,0.11050195045214987,0.028138516123398884
322_NCI,0.0,4.284282494075859e-05,6.502104099581629e-08,0.0345003663896169,0.008635818558899663
322_MASS,0.018397865748297687,0.0010599431518357645,1.387625275128812e-06,0.16940815144901186,0.04721683699360511
322_PKB,0.0,0.00011432600084752352,0.0,0.22778448978970262,0.05697470394763753
323_H2,8.660132815797943e-05,0.00021766916070165061,3.1510282383351296e-08,0.035139690372923034,0.008860998093016261
323_P1,0.0,0.00016303698217288784,1.2209997066747746e-06,0.09561704982518136,0.023945326951765232
323_NCI,0.0,1.2748342724991196e-05,3.3144849567179335e-06,0.17779010495586148,0.0444515419458858
323_MASS,0.0,0.0005544931446434375,9.737441359902732e-06,0.15811797896570626,0.039670552387927396
323_SASA,0.0,4.932016564489072e-05,0.0,0.015164893093896568,0.0038035533148853646
324_H2,0.0,4.515280887196151e-05,6.430870598705951e-06,0.004945903618627563,0.0012493718245245576
324_P1,0.0018249766694214157,0.00031941858794313024,0.0001592966727912426,0.036357587228099876,0.009665319789563916
324_NCI,0.0007309070331566846,0.0001417095018828139,2.2834400681404077e-07,0.06288438978782913,0.01593930866671886
324_MASS,0.0,0.00021619218304653025,1.3559409126173705e-05,0.11176723183254102,0.02799924585617843
324_SASA,0.00014833476061531194,0.00015528281280197413,0.00012329628225415945,0.04582564723108449,0.011563140271688983
325_NCI,0.0022565444182032685,0.00025118246897703567,1.4135372339296737e-07,0.29070743156848555,0.07330382495234732
325_SASA,0.001496247937748612,0.0009514633205923114,1.6298728951369412e-05,0.12329209983713277,0.031439027456106265
325_PKB,0.0,0.0008962530281388707,0.000599017133936286,0.1762205371768115,0.04442895183472166
326_H2,0.0,1.106652858597557e-05,0.0,0.14165218487934525,0.03541581285198281
326_P1,0.0,0.0001862469992579425,1.088997336751163e-07,0.07658087492993845,0.019191807707232517
326_NCI,0.0,3.854582195438242e-06,0.0,0.3153815109667227,0.07884634138722953
326_SASA,0.0,6.030327712620214e-06,0.0,0.011216148469217901,0.0028055446992326302
326_PKB,0.0,2.305296323133236e-05,0.0,0.14260575596212757,0.035657202231339724
327_H2,0.0,9.293492082915194e-07,1.6507639202245628e-06,0.02931139971083697,0.007328494955991372
327_NCI,0.0,8.258758191056044e-07,0.0,0.12682212394869014,0.03170573745612731
327_SASA,0.0,1.0807804709266348e-06,0.0,0.01974053557171332,0.004935404088046062
328_H2,0.0,1.4126587991799591e-06,0.0,0.16810852620917946,0.04202748471699466
328_P1,0.0,4.448796093977991e-06,0.0,0.07141321716031397,0.017854416489101986
328_NCI,0.0,1.731977781513158e-05,0.0,0.04896615052461315,0.012245867575607071
328_SASA,0.0,1.6348169041902322e-05,0.0,0.06737362405143958,0.01684749305512037
328_PKB,0.0,4.336863093252764e-05,0.0,0.2846172252413693,0.07116514846807545
329_NCI,0.0,0.0005853779774428669,0.000273389887297526,0.23851532963190655,0.05984352437416174
329_SASA,0.00011414972180989547,8.856216089541785e-05,0.0,0.01221431751021525,0.003104257348230141
330_H2,0.0,0.00021946445768407767,4.159564468864119e-06,0.04694865756429102,0.011793070396610992
330_P1,1.765857216720007e-06,1.8467163872431698e-05,2.112884942562232e-07,0.09717975066809516,0.02430004874441964
330_NCI,1.7286219684199506e-05,7.368250305794275e-05,3.2235453772955225e-07,0.3109403890735613,0.0777579200377103
330_SASA,0.0,0.00013840522596816402,1.531580710434355e-05,0.07812429084953687,0.019569502970652346
332_NCI,0.00015421070710538355,0.00011844341795972978,0.0001911759318318218,0.18919516025198346,0.0474147475772201
332_MASS,0.0,0.00022131086614466996,0.00010620366083458066,0.0015290943314167221,0.0004641522145989932
333_H2,0.0,0.00018656478201687835,0.0001284546306123957,0.12907323152865458,0.03234706273532096
333_P1,0.0,0.00011070928329548737,0.00030508777126669884,0.031991416989468835,0.008101803511007755
333_NCI,1.2378635130508508e-05,0.0002927511752857491,2.0674546874488442e-07,0.028228983891090527,0.007133580111743882
333_MASS,0.00010665414076762144,7.249602603224842e-05,0.0,0.0036248021924462095,0.0009509880898115198
333_SASA,7.081328471346186e-05,0.00016999347184521506,4.1164622643918847e-07,0.02271570274148939,0.005739230286068627
333_PKB,2.233681340689884e-06,0.00023821215236605143,1.6959986169240437e-05,0.06346381289084985,0.015930304677681455
334_H2,0.0,0.00012306138994861387,8.75924328624933e-08,0.1588920586698894,0.03975380191306772
334_P1,0.0,2.425172218022466e-05,0.00010519339411985129,0.006815114883921988,0.001736140000055516
334_NCI,0.0,0.0001638778327824276,2.0876329642760538e-07,0.02139936861854344,0.005390863803655574
334_MASS,0.0,5.1468120938853905e-05,9.015581781568471e-06,0.12221492355786844,0.030568851815147215
335_H2,0.0,0.0009572092669276653,4.194928624201566e-05,0.36484155147015007,0.09146017750582994
335_P1,0.0,0.00014717250895530614,5.128592601977289e-05,0.1348697794521294,0.03376705947177612
335_NCI,0.0,0.00018154434696138284,2.817571953528386e-07,0.06111407586950409,0.015323975493415206
335_PKB,0.0,4.93792983682604e-05,0.0,0.0690342341338577,0.01727090335805649
336_H2,0.0,0.0004947894633325856,0.00012804594007320702,0.0035426691056731578,0.0010413761272697376
336_P1,0.0,0.00021033078630908883,3.681844162883863e-08,0.042803115092784116,0.010753370674383709
336_NCI,0.000774944863513818,0.0002824946803193743,1.8833445665222825e-06,0.18783664990359664,0.04722399319799909
336_MASS,0.0016611447223002214,0.0009277903942668266,8.320356670310503e-08,0.00200655247590613,0.0011488926990099704
336_PKB,0.0,0.000732944133949109,1.7627076687176668e-08,0.044764045339905446,0.01137425177523281
337_NCI,0.0,0.0005776062328109597,4.775458251060627e-07,0.04825501167849105,0.012208273864281778
338_P1,0.0,0.0007672070861736057,0.001184050808660686,0.05017615913947365,0.013031854258576987
338_NCI,0.0,0.001983558706725377,2.3776928514962492e-07,0.15872855205015696,0.04017808713154187
338_MASS,0.0,0.00014844991592458736,0.00014309344987850636,0.038179459927745026,0.00961775082338703
338_PKB,0.0,0.0002984131929665834,0.0014619831927120686,0.060921604078825554,0.01567050011612605
339_H2,0.0,0.00017437842258943072,4.5705608499702066e-05,0.024797717729650417,0.006254450440184888
339_P1,2.5727609783766813e-06,0.00013208666641051958,2.5022524141604663e-07,0.12073236273209909,0.03021681809618235
339_NCI,0.0,0.00012543255546993437,7.261329528773786e-07,0.20096728366736438,0.0502733605889468
339_SASA,0.0,0.00019158056160777787,7.88256855344116e-08,0.015972793822434203,0.004041113302431879
340_H2,0.0,0.0005393113899319914,7.771493983455002e-06,0.15783411715842607,0.03959530001058538
340_NCI,0.0,0.0006982885373335356,1.7530015611555427e-05,0.05107129453898801,0.012946778272983276
341_SASA,0.0,0.00027713184583725637,4.4795109488404705e-07,0.019428917570793795,0.004926624341931484
341_PKB,0.0,0.00019622836374909758,1.1853882142531802e-06,0.04161010458905615,0.010451879585254877
342_H2,0.0,3.440875851156281e-05,5.421132664196193e-05,0.16183427716838283,0.04048072431338409
342_P1,0.0,0.0001163945552024541,0.0,0.018419700654505017,0.004634023802426868
342_NCI,0.0005764160676801616,0.0005299821285478422,4.007861571153626e-05,0.2879459694722744,0.07227311157105348
342_SASA,0.0,0.00011546119522515742,2.8452191145333927e-06,0.03480874249933027,0.00873176222841749
343_MASS,0.0,3.2936139933573095e-05,0.0,0.025672032824459897,0.006426242241098367
344_H2,0.0,7.304030167090565e-05,1.2914256330986973e-06,0.021655127669830323,0.005432364849283582
344_NCI,0.0,0.00035439617230333326,5.784870609204518e-07,0.4192620686640522,0.1049042608308541
344_PKB,0.0009894606895843661,9.411168779370364e-05,8.700219950696919e-06,0.03676271263171032,0.009463746307259772
345_H2,0.0,3.2329430439040844e-05,1.8221656716832513e-07,0.13065226874580768,0.03267119509820347
345_NCI,0.00012197580403338615,0.0005720037545650623,0.00025226580328308046,0.09239114321693004,0.02333434714470289
345_SASA,0.0,0.0007347452930787456,0.0012059547007083893,0.1728441966987158,0.043696224173125735
346_H2,0.0,4.2030948886390003e-05,0.0,0.0732208845204135,0.018315728867324972
346_P1,0.0,5.266067742372481e-06,0.0,0.09288956070795198,0.02322370669392359
346_NCI,0.0,1.4147382900115361e-06,0.0,0.0777126210136934,0.019428508937995855
346_SASA,0.0,1.3220252140256538e-05,0.0,0.04338242497753014,0.0108489113074176
347_P1,0.0,6.537351295021804e-05,0.0005267650703899562,0.05012260080284901,0.012678684846547297
347_NCI,0.00037487123517717524,0.0004721453186809366,0.0,0.05899872499252175,0.014961435386594965
347_SASA,0.0,0.00014511431183984212,4.296818224247545e-05,0.12423868386477675,0.03110669158971477
347_PKB,0.0,4.571956611890308e-05,0.0,0.05086476772225746,0.01272762182209409
348_P1,0.0,0.00030768277888932347,1.631868872209452e-05,0.06627275324748526,0.016649188678774168
348_NCI,0.0,0.00013667970281322172,1.4150847391647403e-06,0.18157188408876387,0.045427494719079066
348_SASA,0.0,7.147894987826168e-05,6.577557360287756e-05,0.04602486275414502,0.011540529319406538
348_PKB,0.0,5.8090647916431364e-05,4.423748578119557e-06,0.05727441908528813,0.01433423337044567
349_H2,0.0,0.0001036277239572624,0.0,0.0996111036563204,0.024928682845069414
349_P1,0.0,1.1941851042399111e-05,0.0,0.008020507258704694,0.0020081122774367735
349_NCI,9.475614630524248e-05,0.00029912128544897496,2.696255307910178e-08,0.005485836520155558,0.0014699352286157137
349_SASA,0.0005263374465024919,2.8942972518027757e-05,0.0,0.03664849370831853,0.009300943531834763
349_PKB,0.0,3.384722210476218e-05,6.163636953715468e-06,0.017984549724054357,0.004506140145778209
350_H2,0.0,0.00015620651982319703,2.012469485634938e-05,0.09813075469506656,0.024576771477436525
350_P1,0.000381037877329658,0.00022877436865118526,9.176537787425332e-06,0.08975195571584178,0.022592736124902514
350_SASA,0.0,0.00012863392414326814,0.0,0.12688073447943393,0.0317523421008943
352_H2,0.00018112612670402112,7.297997643727357e-05,7.029364496702328e-05,0.15036686633440371,0.03767281652062801
352_NCI,7.622165520735215e-05,0.0002625910593095326,8.339027408510447e-05,0.45882616060562137,0.11481209089855585
354_H2,0.0,7.954209921436864e-06,3.1490585570281837e-06,0.03720123976474011,0.009303085758304644
354_SASA,0.0,5.21683515358704e-05,0.0,0.04928554023422474,0.012334427146440152
1_SASA,0.0,6.599779453752095e-05,9.292217129086566e-08,0.05176063707107978,0.012956681946947149
2_MASS,0.0,6.826871148024144e-05,1.6127519302244764e-06,0.17818146331894594,0.0445628361955891
17_MASS,0.0,0.00013273685206888477,9.293536095356103e-06,0.008157653790227678,0.00207492104459798
19_SASA,0.0,0.0004916815440263627,0.0,0.06500968972446863,0.016375342817123748
25_SASA,0.0,3.918057235076358e-06,0.0,0.003162092202162326,0.0007915025648493506
27_MASS,0.0,0.00012243096625500307,3.754580393433571e-05,0.026737903770344178,0.006724470135133379
29_SASA,0.0001775764236491486,0.0004541243598017707,0.00025119565543718636,0.026730769943686745,0.006903416595643712
43_SASA,0.0,4.911162588619658e-05,0.010245431214571,0.04127123834426857,0.01289144529618144
44_SASA,0.0,1.7234174977863922e-05,0.0,0.10038503585702496,0.025100567508000708
47_SASA,0.0,8.871738295595098e-05,0.0,0.14030848362557477,0.03509930025213268
50_MASS,0.0,2.464546794219688e-08,0.0,0.004457204492871139,0.0011143072845847704
53_H2,0.0,3.178390576346913e-05,3.8985795924872946e-08,0.04660913314100175,0.011660239008140286
3_MASS,0.00014911312700027348,0.0003676020827448502,2.3328415409196168e-05,0.01293777438475173,0.0033694545024765122
53_MASS,0.0,1.6656227579957157e-06,0.0,0.020789363466540502,0.0051977572723246246
57_H2,0.0,0.0,0.0,0.051838838612448465,0.012959709653112116
57_NCI,0.0,0.0,0.0,0.051838838612448465,0.012959709653112116
57_PKB,0.0,0.0,0.0,0.051838838612448465,0.012959709653112116
59_SASA,0.0,2.8514771679189412e-05,0.0,0.06603617190656096,0.016516171669560036
69_SASA,0.0,7.147776127648936e-05,0.0,0.015443347427088843,0.0038787062970913333
72_SASA,0.0,3.902980370672879e-05,1.01062042290323e-07,0.005408801547145903,0.0013619831032237305
74_PKB,0.0,1.9273537641889068e-05,0.0,0.05644060862101513,0.014114970539664255
77_PKB,0.0,6.350296401974918e-07,0.0,0.009122748469015096,0.0022808458746638232
79_P1,5.9868816366798066e-05,6.0784192002349156e-06,3.1104989375307923e-06,0.060816282675040155,0.01522133510238618
82_H2,0.0,4.965371469424184e-06,2.179477178287925e-06,0.09248292102613012,0.023122516468694457
82_NCI,0.0,1.8640736693017164e-05,1.2067768011547741e-06,0.03524563565389046,0.008816370791846159
82_MASS,0.0,1.8640736693017164e-05,1.2067768011547741e-06,0.03524563565389046,0.008816370791846159
4_SASA,0.0,9.115542038955646e-05,1.8466589608578943e-06,0.04658568076903105,0.011669670712095367
91_SASA,0.0005659475226792362,0.0013260899661267003,0.0,0.04620916460032581,0.012025300522282937
102_SASA,0.03577174025129491,0.03709905865909578,0.07628289610147476,0.058901379953865636,0.05201376874143277
105_SASA,0.0,3.9382317087425174e-07,1.1487219353512046e-07,0.14407986427092642,0.03602009324157271
108_SASA,0.0,0.0003564945037509781,2.945172809631913e-06,0.21964580561598662,0.055001311323136806
112_SASA,0.0007835546806833594,0.004970690559589484,0.00027341977693140507,0.05762485774312422,0.015913130690082117
113_H2,0.0,5.198697537817579e-05,3.617676338762976e-05,0.009753686503898495,0.0024604625606660753
113_SASA,0.0,5.289439195461975e-05,4.521757546172012e-06,0.5020263847665931,0.1255209502290235
117_SASA,0.0037978059108827794,0.0016676581528773935,0.00100699404720217,0.1620791966542212,0.04213791369129589
119_SASA,0.0005766715805646487,0.000968694444714115,7.781474778312258e-06,0.05177946863413015,0.013333154033546808
124_P1,0.0,1.7896149872341862e-05,5.287887461236096e-08,0.14758223755457775,0.03690004664583118
5_SASA,0.0,5.3328678405710035e-05,5.046334263170138e-05,0.05049671895427789,0.012650127743828826
124_MASS,0.07571276667005801,0.2335499395135749,0.0,0.06591718240476085,0.09379497214709843
125_MASS,1.0769286150687446e-05,0.00017481129804200045,3.9489663095082506e-07,0.15075435019994854,0.037735081420193044
127_P1,0.0,7.41616466772006e-07,0.0,0.007274678911152906,0.0018188551319049196
134_H2,0.0,0.0,0.0,0.0010891606365128824,0.0002722901591282206
134_P1,0.0,0.0,0.0,0.0010891606365128824,0.0002722901591282206
134_NCI,0.0,0.0,0.0,0.0010891606365128824,0.0002722901591282206
134_MASS,0.0,0.0,0.0,0.0010891606365128824,0.0002722901591282206
134_PKB,0.0,0.0,0.0,0.0010891606365128824,0.0002722901591282206
141_H2,0.0,0.0,0.0,0.0010891606365128824,0.0002722901591282206
181_PKB,0.0,0.0,0.0,0.0010891606365128824,0.0002722901591282206
214_H2,0.0,0.0,0.0,0.0010891606365128824,0.0002722901591282206
214_P1,0.0,0.0,0.0,0.0010891606365128824,0.0002722901591282206
214_NCI,0.0,0.0,0.0,0.0010891606365128824,0.0002722901591282206
214_MASS,0.0,0.0,0.0,0.0010891606365128824,0.0002722901591282206
214_SASA,0.0,0.0,0.0,0.0010891606365128824,0.0002722901591282206
225_H2,0.0,0.0,0.0,0.0010891606365128824,0.0002722901591282206
135_SASA,0.0,3.965856941120678e-05,0.0,0.03443686561182468,0.00861913104530897
137_P1,0.0,0.0001147972271548494,0.0,0.1325893768511783,0.03317604351958329
138_P1,2.298868445329408e-09,8.382336788824998e-06,0.0,0.020326097549262755,0.005083620546230006
143_H2,0.0,8.315067675853424e-06,0.0,0.026657793255357897,0.0066665270807584375
145_SASA,0.0,4.8932483523779885e-05,0.0,0.01413203823660923,0.0035452426800332525
147_SASA,0.0,6.414493949887944e-07,0.0,0.021109156752625348,0.005277449550505084
7_MASS,0.0,9.212044178572182e-05,2.0068087906111032e-05,0.06505297091601692,0.016291289861427187
158_SASA,0.0,0.00011131797902780226,4.5484816837415565e-06,0.16373190849124966,0.0409619437379903
162_SASA,0.0,1.008952451527469e-05,2.1846691566906884e-08,0.08166500377280951,0.020418778786004087
166_H2,0.0,4.4331204325127975e-06,0.0,0.08525338124325126,0.02131445359092094
166_SASA,0.0,4.4331204325127975e-06,0.0,0.08525338124325126,0.02131445359092094
175_H2,0.0,0.0008203853188836171,0.00029852910665795207,0.009578930519451329,0.0026744612362482245
175_SASA,0.0,0.0006986358861354345,0.0,0.05578569085428072,0.014121081685104038
187_PKB,0.0,6.293238894789027e-07,0.0,0.060574980153543616,0.015143902369358274
187_SASA,0.0,1.6489605661550566e-07,0.0,0.030321733469978,0.007580474591508654
190_SASA,0.0,0.0,0.0,0.05662838206634435,0.014157095516586088
191_MASS,0.0,1.4590777160431374e-05,0.0,0.009146630106737982,0.0022903052209746035
194_MASS,0.00014727702528312522,0.00014501518536444704,2.323725567521251e-08,0.08391619860226691,0.02105212851254254
8_SASA,6.363142504409688e-05,0.0001720550888185216,4.358380465419032e-05,0.06820868082948121,0.017121987786999505
197_SASA,0.0,0.00013456723968941492,0.0004454774025361985,0.21089678170758738,0.05286920658745325
207_SASA,0.0,0.00021837985943968963,0.0,0.32906034454135097,0.08231968110019766
226_SASA,6.016785085625541e-05,7.384354320238573e-05,0.0,0.10003061412214083,0.025041156379049866
252_SASA,0.0,3.4822753407306748e-06,0.0,0.030762178456215324,0.007691415182889014
260_SASA,0.0,0.0005448777465280809,0.0019141457742080092,0.12732749401363136,0.032446629383591864
264_SASA,0.0,4.4375990228668307e-08,0.0,0.025582095366465704,0.0063955349356139835
274_MASS,7.645040775518515e-05,0.00022439553956640198,0.0027091503143310547,0.12126220391642514,0.031068050044519447
277_SASA,0.0,0.00022349898296025728,2.3112537661518218e-08,0.01520698531559184,0.0038576268527724398
289_MASS,0.0,8.111087095289895e-05,0.00031829922227188945,0.05813567604288094,0.014633771534026433
290_SASA,0.0,4.945471710867225e-06,0.0,0.0891981578682913,0.022300775835000543
10_NCI,0.0,1.99638407280056e-05,4.61766859416457e-07,0.06505379309257232,0.016268554675039935
293_SASA,0.0,0.00027346544683930945,3.12454335471557e-06,0.18896074938310534,0.04730933484332484
301_H2,0.0,7.353660283995548e-06,5.605812134490407e-07,0.01334863152087689,0.0033391364405935837
303_SASA,0.0,2.9594102478291703e-05,4.645097578759305e-05,0.004597974908337557,0.0011685049966508605
314_MASS,0.0,6.369668774228056e-06,6.838960416644113e-06,0.029543498435160048,0.0073891767660877305
322_SASA,0.018397865748297687,0.0010599431518357645,1.387625275128812e-06,0.16940815144901186,0.04721683699360511
325_MASS,0.001496247937748612,0.0009514633205923114,1.6298728951369412e-05,0.12329209983713277,0.031439027456106265
326_MASS,0.0,6.030327712620214e-06,0.0,0.011216148469217901,0.0028055446992326302
327_P1,0.0,1.0807804709266348e-06,0.0,0.01974053557171332,0.004935404088046062
327_MASS,0.0,1.0807804709266348e-06,0.0,0.01974053557171332,0.004935404088046062
327_PKB,0.0,1.0807804709266348e-06,0.0,0.01974053557171332,0.004935404088046062
328_MASS,0.0,1.6348169041902322e-05,0.0,0.06737362405143958,0.01684749305512037
330_MASS,0.0,0.00013840522596816402,1.531580710434355e-05,0.07812429084953687,0.019569502970652346
10_SASA,0.0,3.990892071151117e-06,2.134442729584407e-05,0.04265484815592534,0.010670045868823082
332_SASA,0.0,0.00022131086614466996,0.00010620366083458066,0.0015290943314167221,0.0004641522145989932
336_SASA,0.0016611447223002214,0.0009277903942668266,8.320356670310503e-08,0.00200655247590613,0.0011488926990099704
338_SASA,0.0,0.00014844991592458736,0.00014309344987850636,0.038179459927745026,0.00961775082338703
339_MASS,0.0,0.00019158056160777787,7.88256855344116e-08,0.015972793822434203,0.004041113302431879
342_MASS,0.0,0.00011546119522515742,2.8452191145333927e-06,0.03480874249933027,0.00873176222841749
343_SASA,0.0,3.2936139933573095e-05,0.0,0.025672032824459897,0.006426242241098367
346_MASS,0.0,1.3220252140256538e-05,0.0,0.04338242497753014,0.0108489113074176
346_PKB,0.0,1.3220252140256538e-05,0.0,0.04338242497753014,0.0108489113074176
347_MASS,0.0,0.00014511431183984212,4.296818224247545e-05,0.12423868386477675,0.03110669158971477
348_MASS,0.0,7.147894987826168e-05,6.577557360287756e-05,0.04602486275414502,0.011540529319406538
349_MASS,0.0005263374465024919,2.8942972518027757e-05,0.0,0.03664849370831853,0.009300943531834763
15_MASS,0.00029382416761552594,9.681217738955494e-05,5.23570561199449e-05,0.07922845003629427,0.019917860859354822
350_MASS,0.0,0.00012863392414326814,0.0,0.12688073447943393,0.0317523421008943
354_MASS,0.0,5.21683515358704e-05,0.0,0.04928554023422474,0.012334427146440152
