feature,p_value,score,gbr,rf,xgb,BayesianRidge,mean
p1_H2,0.0062692407831893456,7.522036133915466,0.0,8.833847677198887e-05,1.9908255e-05,0.27145751920553673,0.06789144148435873
p1_P1,1.1258169065132287e-07,28.810300424960523,0.0,4.450825612230873e-06,8.846892e-06,0.06868698372296189,0.017175070360229097
p1_NCI,0.034360637382748284,4.496314145892167,0.0,0.00012671767501914468,2.9591088e-06,0.22083126295320551,0.05524023493424856
p1_MASS,9.421093651581894e-07,24.530522262360837,0.0,6.599779453752095e-05,9.292217e-08,0.05176063707107978,0.012956681946947149
p1_SASA,1.0051747272532263e-06,24.400791653867085,0.0,6.599779453752095e-05,9.292217e-08,0.05176063707107978,0.012956681946947149
p1_PKB,9.245642871389076e-08,29.209527768998388,0.0,1.0800645516460246e-05,6.456228e-08,0.0011946602360619748,0.0003013813609643784
p2_H2,2.2343143799299378e-08,32.10027533115174,0.0,1.0442308171850261e-05,2.2850467e-05,0.1429174841622389,0.035737694234314804
p2_P1,5.667906870772737e-12,49.325767912994486,0.0,0.00017666528619584234,7.168237e-06,0.12112625829404093,0.03032752295432462
p2_NCI,9.899176830282251e-10,38.512574351725284,0.0,7.158630745370644e-05,6.5882035e-05,0.10296190196862498,0.025774842577873342
p2_MASS,5.3573300531408813e-17,74.35019283889335,0.0,6.826871148024144e-05,1.6127519e-06,0.17818146331894594,0.0445628361955891
p2_SASA,1.2325898013599118e-15,67.46259044494583,0.0,6.826871148024144e-05,1.6127519e-06,0.17818146331894594,0.0445628361955891
p2_PKB,1.6923150861143154e-09,37.40287198548904,0.0,7.109174241709098e-06,2.467541e-05,0.0036023066795474595,0.0009085228158983749
p3_H2,3.355060671918701e-12,50.436636757269746,0.0,2.5824482503566153e-05,1.0200446e-05,0.20426590590842506,0.051075482709235454
p3_P1,2.317480044608148e-13,56.13369906311178,0.0005261544449129301,0.0005166706794009615,0.00048560556,0.08980133085768816,0.022832440385561294
p3_NCI,1.7874743613444454e-12,51.77362430355167,0.001187912251610284,0.00017108151737916028,5.821745e-06,0.07396801783360399,0.018833208336938956
p3_MASS,8.735045615867595e-28,131.61180272905125,0.00014911312700027348,0.0003676020827448502,2.3328415e-05,0.01293777438475173,0.0033694545024765122
p3_SASA,2.296910772844291e-25,118.34761382254693,0.00014911312700027348,0.0003676020827448502,2.3328415e-05,0.01293777438475173,0.0033694545024765122
p3_PKB,6.885023227598695e-08,29.80788977547982,9.311912362033509e-06,0.0011861950735599727,3.5949888e-05,0.0001931950038585612,0.0003561629694739626
p4_H2,2.6804598794362587e-08,31.72858428588413,0.0011259917868614753,1.2565379016243862e-05,0.00022555026,0.23029194736260974,0.05791401369768623
p4_P1,0.24029222703777184,1.381502502401724,0.0,0.0,0.0,0.0,0.0
p4_NCI,0.0005980794163149708,11.903096626449928,0.0,1.597685867445743e-05,1.5571225e-06,0.1897508415443514,0.04744209388137132
p4_MASS,2.11204844116208e-06,22.917783373482575,0.0,9.115542038955646e-05,1.846659e-06,0.04658568076903105,0.011669670712095367
p4_SASA,4.922494945825105e-06,21.23609364771419,0.0,9.115542038955646e-05,1.846659e-06,0.04658568076903105,0.011669670712095367
p4_PKB,0.05045887317852987,3.840935677001636,0.0,0.0002122243661996485,6.936939e-07,0.0406894798292861,0.010225599472344353
p5_H2,4.901071249100055e-16,69.48025623288697,0.0,6.543768859869044e-05,4.5216643e-06,0.21917342273412563,0.05481084552176182
p5_P1,2.665708558413753e-06,22.454174533776524,0.0,8.871517754289508e-07,3.2928016e-05,0.030871369417343014,0.007726296146172383
p5_NCI,0.0001589675211529107,14.43826220807652,0.0,0.0003269059758897785,0.0040610083,0.19005667010496158,0.04861114610468412
p5_MASS,0.0006011047429310044,11.8935179879528,0.0,5.3328678405710035e-05,5.0463343e-05,0.05049671895427789,0.012650127743828826
p5_SASA,0.0027348633067738977,9.0483515575529,0.0,5.3328678405710035e-05,5.0463343e-05,0.05049671895427789,0.012650127743828826
p5_PKB,0.012482173032438005,6.2773074212032585,2.7963193447304114e-06,6.464816568436217e-05,5.3047412e-08,0.054486014074597605,0.013638377901759624
p6_H2,0.5148652743821397,0.4246494847514201,0.0,0.0,0.0,0.0,0.0
p6_P1,0.0024840181689950672,9.226972199000013,0.00020614817176211418,0.0003181305514199076,3.4272703e-06,0.05640818021210629,0.014233971551386533
p6_NCI,0.005620432852520034,7.721495035106709,0.0,6.169474982192963e-05,1.9447229e-05,0.14445392359473574,0.036133766393295394
p6_MASS,0.3385234988491129,0.9174183780195156,0.0,0.0,0.0,0.0,0.0
p6_SASA,0.3311885308761985,0.9457129977575565,0.0,0.0,0.0,0.0,0.0
p6_PKB,0.006514008664859654,7.452230062080195,0.0,0.00011847929616140538,2.668786e-06,0.06429049007399265,0.016102909539041005
p7_H2,7.52276255394225e-14,58.54942552758172,0.0,6.377832811312053e-05,1.13582e-05,0.10795053920651755,0.02700641893366435
p7_P1,8.783184256225925e-16,68.2031697704535,0.00043745005968015864,0.00040018245718507144,8.502075e-05,0.07030966295619022,0.01780807905593957
p7_NCI,7.243312295071521e-09,34.40726910494319,0.0,0.00033100657301724857,5.079226e-07,0.0356768982460756,0.009002103185424984
p7_MASS,3.3103872256463665e-12,50.46506525514389,0.0,9.212044178572182e-05,2.0068088e-05,0.06505297091601692,0.016291289861427187
p7_SASA,1.9874202943652214e-10,41.85072164842955,0.0,9.212044178572182e-05,2.0068088e-05,0.06505297091601692,0.016291289861427187
p7_PKB,4.699038500595691e-07,25.926282388430398,0.0,0.00010194070209351976,4.752657e-07,0.07406308128826258,0.018541374314012392
p8_H2,0.11335533636649901,2.513844200097389,0.0,0.0,0.0,0.0,0.0
p8_P1,0.3470695092059721,0.8854748279073497,0.0,0.0,0.0,0.0,0.0
p8_NCI,0.0015985537615815515,10.049167959005908,0.0,1.9953459815339118e-05,1.4519656e-05,0.251930156987511,0.06299115752592177
p8_MASS,0.020506076633385287,5.395696815309755,6.363142504409688e-05,0.0001720550888185216,4.3583805e-05,0.06820868082948121,0.017121987786999505
p8_SASA,0.006221367405058188,7.536015110353861,6.363142504409688e-05,0.0001720550888185216,4.3583805e-05,0.06820868082948121,0.017121987786999505
p8_PKB,0.21117016823315102,1.5665916718835773,0.0,0.0,0.0,0.0,0.0
p9_H2,0.11714998915279688,2.461804815153952,0.0,0.0,0.0,0.0,0.0
p9_P1,1.6581142106716952e-09,37.445074998299795,0.0,0.00012609534953239267,8.999629e-06,0.019849275917038948,0.00499609272395396
p9_NCI,1.8210802425355443e-10,42.03309927186234,0.0001395371709879717,0.00020933657453364631,0.0005033814,0.13734831930999658,0.03455014361967618
p9_MASS,0.5225345473635052,0.4093482947423795,0.0,0.0,0.0,0.0,0.0
p9_SASA,0.24900570382609963,1.3313489619151186,0.0,0.0,0.0,0.0,0.0
p9_PKB,3.938354459898906e-07,26.28151139627688,0.0009663603397533646,0.0007477165489423039,4.260942e-06,0.21281704330202295,0.05363384528323098
p10_H2,2.5232970455619776e-18,81.13506464176665,0.0,3.888076639949531e-06,2.0424083e-07,0.04926568740598496,0.012317444930864735
p10_P1,0.0002344884139448571,13.690686838274706,0.0,1.99638407280056e-05,4.6176686e-07,0.06505379309257232,0.016268554675039935
p10_NCI,0.00011610814519453313,15.044650716689526,0.0,1.99638407280056e-05,4.6176686e-07,0.06505379309257232,0.016268554675039935
p10_MASS,4.000151802083506e-10,40.393627262661155,0.0,3.990892071151117e-06,2.1344427e-05,0.04265484815592534,0.010670045868823082
p10_SASA,8.453278300999261e-11,43.637272350436845,0.0,3.990892071151117e-06,2.1344427e-05,0.04265484815592534,0.010670045868823082
p10_PKB,1.1853184128145433e-10,42.93005558433303,0.0,7.536542205633866e-05,1.1001958e-05,0.1914950070746631,0.04789534361373686
p11_H2,2.025377806238404e-10,41.811256018538764,0.0,0.0002191456381157432,2.1834933e-06,0.029124674493000612,0.0073365009060989686
p11_P1,2.7986188889722376e-06,22.35736918928597,0.0,3.6450463876769657e-05,4.3259843e-06,0.11245644914118703,0.028124306397331985
p11_NCI,4.007642196626035e-05,17.110890055931055,0.0,0.0002243329519286101,0.0004250558,0.188125886531661,0.04719381882031678
p11_MASS,0.8393537244628946,0.041129672150122275,0.0,0.0,0.0,0.0,0.0
p11_SASA,0.29184559573208746,1.1129637220959125,0.0,0.0,0.0,0.0,0.0
p11_PKB,0.5519254530348379,0.3542620248665451,0.0,0.0,0.0,0.0,0.0
p12_H2,0.018007256756611564,5.625032635981496,0.0,4.870510366747573e-05,7.1071754e-06,0.20218726563182357,0.050560769477724365
p12_P1,0.011050660967202634,6.495778136738377,0.0,1.7423548431148862e-05,6.6606335e-05,0.03868409283866047,0.009692030680564732
p12_NCI,0.44518788870065495,0.583611878745497,0.0,0.0,0.0,0.0,0.0
p12_MASS,0.3522690193095891,0.8665572586693852,0.0,0.0,0.0,0.0,0.0
p12_SASA,0.5579790978392912,0.343583864679966,0.0,0.0,0.0,0.0,0.0
p12_PKB,0.2637090092383905,1.2514279113387925,0.0,0.0,0.0,0.0,0.0
p13_H2,1.6152883350710624e-27,130.13631997120535,0.0,0.000282462606993763,0.000119096454,0.16312063925256792,0.04088054957839045
p13_P1,0.0070707158990014705,7.302978071324721,0.0,0.00013641446645977327,5.4874945e-05,0.05801103550391729,0.014550581228821287
p13_NCI,0.08676014367914163,2.942720830861846,0.0,0.0,0.0,0.0,0.0
p13_MASS,0.6362246274348342,0.22393261443558382,0.0,0.0,0.0,0.0,0.0
p13_SASA,0.2698033770792186,1.2199063575652644,0.0,0.0,0.0,0.0,0.0
p13_PKB,0.5929513444976414,0.2860523899398847,0.0,0.0,0.0,0.0,0.0
p14_H2,0.8274103070304663,0.0475743127186652,0.0,0.0,0.0,0.0,0.0
p14_P1,0.4127871168614229,0.6716549590162897,0.0,0.0,0.0,0.0,0.0
p14_NCI,0.04589336827671888,4.001421310242023,0.0,0.00032811274753980684,3.7869202e-07,0.030953977015596518,0.007820617113789516
p14_MASS,0.19322667807192653,1.696489563322703,0.0,0.0,0.0,0.0,0.0
p14_SASA,0.1665097787592869,1.918551782845377,0.0,0.0,0.0,0.0,0.0
p14_PKB,0.26249510627435174,1.2578149946581811,0.0,0.0,0.0,0.0,0.0
p15_H2,4.946852076016759e-06,21.226310937630156,0.0,4.376445205711151e-05,4.2532383e-06,0.22225850079297224,0.055576629620839944
p15_P1,4.004534269431664e-21,95.68610187343018,0.0,3.3806044367615065e-05,1.0776791e-05,0.079352836673134,0.019849354877122083
p15_NCI,9.018291806213116e-17,73.20099772781505,0.0007375047750738323,0.001326404401662292,0.00012680813,0.22339868353192227,0.05639735020842961
p15_MASS,2.0115127673599385e-14,61.39440095314337,0.00029382416761552594,9.681217738955494e-05,5.2357056e-05,0.07922845003629427,0.019917860859354822
p15_SASA,2.4989890030635817e-15,65.920865478652,0.00029382416761552594,9.681217738955494e-05,5.2357056e-05,0.07922845003629427,0.019917860859354822
p15_PKB,9.663205555453199e-21,93.678550638886,0.0,1.969502698463611e-05,8.485539e-08,0.005532837277104115,0.0013881542898688671
p16_H2,6.005952735001784e-14,59.03412526285996,0.0,0.00020879350418849044,1.6046544e-05,0.04534205482086704,0.011391723717328998
p16_P1,2.2805082431654333e-50,267.76788421987607,0.0012250275770422675,0.003396842573504582,0.00013089163,0.005279131924344695,0.0025079734250488296
p16_NCI,8.20766928707736e-10,38.9009668808924,0.0,8.824463479358984e-05,0.0001365145,0.1511758075722852,0.03785014167674468
p16_MASS,1.3811811139831535e-13,57.24362803956176,0.0,0.0001188313656593772,3.295703e-05,0.1278081188491718,0.03198997681082081
p16_SASA,2.434027184470803e-12,51.117652879639294,0.0,0.00011406693002064116,0.0,0.09736429768292541,0.024369591153236513
p16_PKB,6.263853039477276e-31,149.21622436110738,0.0,0.00019069724719627905,4.426792e-05,0.008359505434744827,0.002148617650308503
p17_H2,0.011163596963019896,6.477511794465452,0.0,8.924819743667824e-05,1.9697584e-06,0.05746264827128913,0.014388466556778107
p17_P1,4.807399208040738e-31,149.86765299380752,0.0005452463321964418,1.3388413523843787e-05,3.6082333e-06,0.04690902415395356,0.011867816783250492
p17_NCI,6.808584351830626e-33,160.4249150348101,0.0,0.00014537238740398604,0.0,0.19612287897782532,0.049067062841307324
p17_MASS,4.201894240333049e-28,133.3721364996896,0.0,0.00013273685206888477,9.293536e-06,0.008157653790227678,0.00207492104459798
p17_SASA,1.2491136972465791e-22,103.64718016319395,0.0,0.00013273685206888477,9.293536e-06,0.008157653790227678,0.00207492104459798
p17_PKB,1.411300978627869e-22,103.36531952772175,0.0,8.231544089901104e-05,2.4234223e-05,0.14702963513589665,0.03678404619995378
p18_H2,0.4572931937096193,0.5531975161094465,0.0,0.0,0.0,0.0,0.0
p18_P1,0.1715693428917888,1.8734682400680098,0.0,0.0,0.0,0.0,0.0
p18_NCI,1.3894168304399933e-07,28.384291940276793,0.0,6.673601396322331e-05,1.7633849e-07,0.13630372433829602,0.03409265917268699
p18_MASS,0.7430606161047602,0.10754990650301274,0.0,0.0,0.0,0.0,0.0
p18_SASA,0.6813640114254148,0.16875188616453346,0.0,0.0,0.0,0.0,0.0
p18_PKB,0.12336357964139182,2.380499693179618,0.0,0.0,0.0,0.0,0.0
p19_H2,0.0029723097229916833,8.894020944550409,0.0,1.2027512797564122e-05,0.0,0.05644532384322613,0.014114337839005925
p19_P1,2.5610730141499615e-09,36.547238809804306,0.0007727302952424838,4.071560222914673e-05,5.687162e-07,0.038354910388445115,0.009792231250526388
p19_NCI,6.83014653395109e-14,58.75727776167452,9.033515904247307e-06,3.053797448835813e-05,1.0203765e-05,0.2591719602373904,0.0648054338731356
p19_MASS,4.875187259301446e-13,54.54257878683623,0.0,0.0004916815440263627,0.0,0.06500968972446863,0.016375342817123748
p19_SASA,1.5282956689847323e-11,47.23058361600069,0.0,0.0004916815440263627,0.0,0.06500968972446863,0.016375342817123748
p19_PKB,8.070055636389062e-07,24.84063780709553,0.0,7.097443779990257e-05,0.0021889233,0.10527762080663741,0.0268843796368688
p20_H2,2.1763075955728548e-35,174.9086288490881,0.0,0.0003604844483038353,0.0008041059,0.07624084647865016,0.019351359204234368
p20_P1,1.380766863771334e-22,103.41581255683978,0.0,4.113546372821861e-05,4.750127e-05,0.04481119349700229,0.011224957557978412
p20_NCI,1.199411934252965e-07,28.682023658764315,6.999364763326283e-05,2.6387881948639533e-05,1.2396268e-07,0.03302568490858519,0.00828054760021136
p20_MASS,9.034598576696117e-49,257.36232793285376,0.0,4.335534558264695e-06,1.4456774e-05,0.0179643000739483,0.0044957730956009185
p20_SASA,4.0890063476818635e-34,167.4806016265167,0.0,1.8029730498686924e-05,2.9372165e-06,0.034207977854869606,0.008557236200479568
p20_PKB,2.5755558469431795e-20,91.45148161251663,0.0,7.214967009447872e-06,0.0,0.3670912332123716,0.09177461204484526
p21_H2,0.0046860947578383815,8.054527060708113,0.0,0.0012298075534358272,8.139192e-06,0.057665250786157564,0.014725799382842708
p21_P1,0.019558490817083087,5.479069455313666,0.0,1.647300713100922e-05,3.447104e-08,0.039363972267617,0.009845119936446841
p21_NCI,0.071908138892251,3.249911272312651,0.0,0.0,0.0,0.0,0.0
p21_MASS,0.5844656032668689,0.2993812140268503,0.0,0.0,0.0,0.0,0.0
p21_SASA,0.5680140815593222,0.32636220900881957,0.0,0.0,0.0,0.0,0.0
p21_PKB,0.8426531812838362,0.039435333186635654,0.0,0.0,0.0,0.0,0.0
p22_H2,3.0615300943060784e-10,40.95016712511752,0.0,9.954107848525657e-06,2.1135822e-05,0.08124260095416436,0.020318422720991488
p22_P1,5.165794986859742e-13,54.418886999662,0.0,9.952006509703144e-05,1.6685243e-07,0.04744120376080236,0.011885222669582482
p22_NCI,0.25908302701188585,1.2759663160845613,0.0,0.0,0.0,0.0,0.0
p22_MASS,0.0024063662834996054,9.286007518558256,0.0,0.00020289758562588796,8.958221e-07,0.011457713144433192,0.002915376638039118
p22_SASA,1.1006825235531857e-08,33.548862867514,0.0,7.602173060628411e-05,0.0,0.005868589301894468,0.001486152758125188
p22_PKB,0.21498314067957924,1.5406691632075542,0.0,0.0,0.0,0.0,0.0
p23_H2,0.0012557388500954304,10.501901591746453,0.004030965224560777,0.0003140984224540143,0.0012655859,0.5702767174576914,0.14397184174822084
p23_P1,0.5612155261638044,0.33796492417119,0.0,0.0,0.0,0.0,0.0
p23_NCI,0.0003009965548369175,13.21209637507899,0.0003481948532683251,0.00045034340429003105,0.0007208061,0.05390999517535129,0.013857334890430185
p23_MASS,0.35058997614639564,0.8726243585146009,0.0,0.0,0.0,0.0,0.0
p23_SASA,0.9224231828810363,0.00949086797664538,0.0,0.0,0.0,0.0,0.0
p23_PKB,0.11925309505077183,2.4337606239775758,0.0,0.0,0.0,0.0,0.0
p24_H2,0.005367518154472514,7.805708345339986,0.0,1.8214091821810923e-05,0.0,0.12935662221189945,0.032343709075930316
p24_P1,0.24025196271856672,1.3817393895525762,0.0,0.0,0.0,0.0,0.0
p24_NCI,0.5784481172423512,0.30907318352623914,0.0,0.0,0.0,0.0,0.0
p24_MASS,0.11413579041068385,2.502985333554267,0.0,0.0,0.0,0.0,0.0
p24_SASA,0.09982759086439792,2.7163353210522834,0.0,0.0,0.0,0.0,0.0
p24_PKB,0.5252103763146462,0.4041026233923456,0.0,0.0,0.0,0.0,0.0
p25_H2,0.029763944690937492,4.744535466754342,8.078567130724866e-05,2.239814585499606e-05,0.0,0.0473490419997091,0.011863056454217837
p25_P1,0.7099505791530385,0.13845215399325028,0.0,0.0,0.0,0.0,0.0
p25_NCI,0.0014918995498627969,10.178506632946696,0.0,0.0008714324446478745,4.0505125e-07,0.08972896413509313,0.022650200407748497
p25_MASS,0.013833383969592307,6.093587593643954,0.0,3.918057235076358e-06,0.0,0.003162092202162326,0.0007915025648493506
p25_SASA,0.026135390993077778,4.970619692841774,0.0,3.918057235076358e-06,0.0,0.003162092202162326,0.0007915025648493506
p25_PKB,0.6777149333551111,0.17287136071758324,0.0,0.0,0.0,0.0,0.0
p26_H2,0.02585473107715023,4.98945186746401,0.0,2.165624887083132e-06,1.4840701e-06,0.22643435138782378,0.05660950027071263
p26_P1,0.5611999404063539,0.33799183482329476,0.0,0.0,0.0,0.0,0.0
p26_NCI,0.23733993657074623,1.3990009679688948,0.0,0.0,0.0,0.0,0.0
p26_MASS,0.6298932749146323,0.23243418883658207,0.0,0.0,0.0,0.0,0.0
p26_SASA,0.5962816280690247,0.2809278880656125,0.0,0.0,0.0,0.0,0.0
p26_PKB,0.6540977278249549,0.2009655447664152,0.0,0.0,0.0,0.0,0.0
p27_H2,5.814206972874188e-12,49.27183544822456,0.0,4.676357412617634e-05,0.00011155492,0.22982956274911792,0.05749697030997528
p27_P1,0.14373290383321052,2.1428995172220597,0.0,0.0,0.0,0.0,0.0
p27_NCI,9.394763193033235e-07,24.536126931371548,0.0,0.00022709012754899193,6.2502227e-07,0.04720255456690404,0.011857567429179965
p27_MASS,0.05405276817394135,3.7250720676007214,0.0,0.00012243096625500307,3.7545804e-05,0.026737903770344178,0.006724470135133379
p27_SASA,0.005242924825920926,7.848698254123957,0.0,0.00012243096625500307,3.7545804e-05,0.026737903770344178,0.006724470135133379
p27_PKB,0.04206434572313339,4.149606470081036,0.00045901829243062404,8.291617626684971e-05,6.021087e-08,0.23563446621459763,0.05904411522354196
p28_H2,2.2525846012199523e-28,134.8751965416954,0.0006036310451132512,0.000915161286862568,4.1718213e-06,0.6124209271244497,0.15348597281942494
p28_P1,1.1474028110758133e-34,170.68999165139036,0.0,0.00022362910295509563,9.292927e-08,0.281223543655381,0.07036181642190142
p28_NCI,1.0573741881132909e-06,24.299462196110298,0.0,6.0614078709806575e-06,1.2545007e-06,0.2254196015263736,0.05635672935874031
p28_MASS,0.5669965507734215,0.32808162873709246,0.0,0.0,0.0,0.0,0.0
p28_SASA,0.551025018512634,0.35586923354042305,0.0,0.0,0.0,0.0,0.0
p28_PKB,0.013077056030840731,6.194015603265363,0.0,0.00042163982655717136,0.0,0.19890674267774672,0.049832095626075976
p29_H2,1.1441272783552887e-08,33.46953234173636,0.0,0.001426607735237453,0.0008054642,0.0325766616829757,0.008702183410542925
p29_P1,0.039753055271523646,4.246105755647742,1.3621175941678373e-07,0.001817263411437119,4.176137e-05,0.15565948570421295,0.03937966167437355
p29_NCI,0.2390228223553472,1.3889941403032877,0.0,0.0,0.0,0.0,0.0
p29_MASS,0.0009964836218186626,10.937178976224354,0.0001775764236491486,0.0004541243598017707,0.00025119566,0.026730769943686745,0.006903416595643712
p29_SASA,0.004076212456869237,8.310817612291519,0.0001775764236491486,0.0004541243598017707,0.00025119566,0.026730769943686745,0.006903416595643712
p29_PKB,0.20639380179850045,1.5998593593139614,0.0,0.0,0.0,0.0,0.0
p30_H2,0.8187461630328136,0.05255752692206596,0.0,0.0,0.0,0.0,0.0
p30_P1,0.7736379217215114,0.0827966229409623,0.0,0.0,0.0,0.0,0.0
p30_NCI,0.018399990807103705,5.5868810150838835,0.0,8.836510583800606e-05,7.039599e-05,0.0006902037254261787,0.00021224120496275229
p30_MASS,0.12187979050097064,2.3994952074758698,0.0,0.0,0.0,0.0,0.0
p30_SASA,0.5898394614826861,0.2908948033499156,0.0,0.0,0.0,0.0,0.0
p30_PKB,0.031636961000361584,4.6388531184078925,0.0,8.874549115969148e-05,0.0,0.16927393991731754,0.04234067135211931
p31_H2,3.320769534774076e-08,31.291666965290933,0.0,0.0001741856342313475,7.3995698e-06,0.007329954147823266,0.0018778848379555498
p31_P1,3.818896137517078e-09,35.72365839683049,0.0,6.828752516489856e-06,7.412451e-08,0.009470006753243297,0.002369227407566802
p31_NCI,4.649128370854895e-39,196.71102248103384,0.0004819201716269917,5.3691783486741994e-05,1.9571321e-07,0.13027930966999446,0.032703779334580234
p31_MASS,0.0017336670380791955,9.897363763360195,0.0,4.709742626855717e-05,1.0046139e-07,0.09397207856427867,0.02350481911298483
p31_SASA,0.005541491572061659,7.747357070157265,0.0,9.674641346257837e-05,0.0,0.10324524085979014,0.02583549681831318
p31_PKB,8.237331825852257e-17,73.40072000499102,0.0,0.00011315007546662027,0.0,0.019063647994024283,0.004794199517372726
p32_H2,0.0006521981854750634,11.738734351364368,0.0,3.742937270368102e-05,5.6027166e-05,0.06292157227923216,0.015753757204372925
p32_P1,0.0007361567133864562,11.509279615157475,0.0,2.5126369894812066e-05,3.2720754e-06,0.06369309331073594,0.015930372939019225
p32_NCI,0.030203160301556745,4.719141615823863,0.0,0.0001535119904074838,5.1239338e-05,0.010607226188020015,0.002702994379122667
p32_MASS,0.00030617398086092007,13.179455460256028,0.00138496791715599,4.129631224327015e-05,0.00016378368,0.020188267834554408,0.0054445789367615
p32_SASA,0.0002449734522013142,13.606748414616924,0.0002554900996465815,4.263724311518153e-05,0.0,0.025173734442460877,0.00636796544630566
p32_PKB,0.06583358104601311,3.3958431683647077,0.0,3.948170723787258e-05,1.1964563e-05,0.17493773116504363,0.043747294358788595
p33_H2,3.624484992011562e-14,60.12268332283685,0.0,0.00014353637383927143,0.00041258,0.07097355716058396,0.017882418384654493
p33_P1,3.3287913195486387e-07,26.620084627053924,0.0025067563259167083,0.00020756546426156314,0.00069027714,0.022139256931349244,0.006385963965878017
p33_NCI,0.0006815877659653424,11.655174145004203,0.0,0.00015884832276177673,0.0,0.1709364312819128,0.042773819901168644
p33_MASS,7.061782652904712e-10,39.21287395200727,0.0,6.11539180137671e-05,2.1146594e-05,0.007358959796967075,0.001860315077247289
p33_SASA,0.9293614215978242,0.007864849705620751,0.0,0.0,0.0,0.0,0.0
p33_PKB,0.502934174083856,0.44925913002329754,0.0,0.0,0.0,0.0,0.0
p34_H2,0.3008709818860015,1.0721018405374458,0.0,0.0,0.0,0.0,0.0
p34_P1,0.016566328613848075,5.772784022401768,0.0,1.2358474823874491e-05,3.5036962e-06,0.06139821359865801,0.01535351894242909
p34_NCI,0.002278568554400844,9.387521095213645,0.0,1.1368057012859563e-06,0.0,0.019087201283243278,0.004772084522236141
p34_MASS,0.5356599655163794,0.3840673352486456,0.0,0.0,0.0,0.0,0.0
p34_SASA,0.37234607009171194,0.7969626914934432,0.0,0.0,0.0,0.0,0.0
p34_PKB,0.19199061581917795,1.705956012578502,0.0,0.0,0.0,0.0,0.0
p35_H2,0.0005418526385291426,12.090647382216455,0.0,0.00038961646376152464,0.00010369304,0.30734687518222203,0.07696004617167791
p35_P1,0.33347603314388397,0.9367996574993976,0.0,0.0,0.0,0.0,0.0
p35_NCI,0.045121725787721,4.0302076545791845,0.00023063390578179608,0.00015548645872813654,8.046557e-06,0.22403805089331302,0.05610805445370914
p35_MASS,7.667809341222921e-20,88.98182134577627,0.0,5.364776558432202e-05,6.536388e-07,0.07746966723062361,0.019380992158746647
p35_SASA,4.4829054000272526e-23,106.01775660920985,8.189356019964203e-05,2.9905892636182573e-05,0.00042588412,0.006046573442064513,0.0016460642541741134
p35_PKB,9.11756547683904e-12,48.32061243831458,0.0,3.249724447143234e-05,4.985907e-08,0.044265493755493435,0.011074510214759102
p36_H2,0.08776543536865668,2.92402532643345,0.0,0.0,0.0,0.0,0.0
p36_P1,0.9355398389112396,0.0065463362024265875,0.0,0.0,0.0,0.0,0.0
p36_NCI,0.1515185057204871,2.061927832490607,0.0,0.0,0.0,0.0,0.0
p36_MASS,7.858681419369545e-11,43.78998971820208,0.0,1.2641266487718998e-05,2.5424015e-06,0.04777554425761677,0.011947681981398457
p36_SASA,3.839575626360957e-06,21.72892734134985,0.0,1.616611469840877e-05,0.0,0.02150985985518122,0.005381506492469907
p36_PKB,0.9813107939676887,0.0005491969155330805,0.0,0.0,0.0,0.0,0.0
p37_H2,1.9254317888940123e-17,76.6144371926317,0.0,0.00013510208103713282,1.8192542e-05,0.15047816140043102,0.03765786400598804
p37_P1,1.4015910793594353e-31,152.9091177059407,0.0,0.0003166067050421359,9.478277e-05,0.2192037041673534,0.05490377341111552
p37_NCI,2.8319528567873615e-11,45.931880769569894,0.0,0.00010589758463019573,4.3913406e-06,0.10610085932080232,0.026552787061496483
p37_MASS,1.1843667317354036e-24,114.48958894059254,0.0,0.0001863263999022991,9.750055e-07,0.14377039144810103,0.03598942321337369
p37_SASA,1.4275304465954836e-23,108.67462450179262,0.0,4.666063088036887e-05,8.521913e-09,0.1539747678500871,0.03850535925072011
p37_PKB,0.0001516326952919604,14.5293167838374,0.0,0.00012315393421491905,1.6762836e-07,0.08465406136013838,0.021194345730677678
p38_H2,1.019912960787603e-06,24.37165519710692,1.5242744222323763e-05,0.0001307272573283103,2.6510987e-05,0.045918082808659576,0.011522640949195615
p38_P1,3.3341891343274794e-06,22.009235298119854,0.0,7.111433653923051e-05,5.8355854e-06,0.11844422130332179,0.029630292806314757
p38_NCI,0.08346700406981987,3.0056508321138007,0.0,0.0,0.0,0.0,0.0
p38_MASS,1.728296648270424e-05,18.757726313071164,0.0,8.152190733529537e-05,7.959018e-08,0.06364984860679629,0.01593286252607784
p38_SASA,2.0362203615300092e-05,18.4358389594031,0.0,5.6445813366801014e-05,5.6196363e-06,0.060123292665932825,0.015046339528909974
p38_PKB,0.5579018852258666,0.34371867782017795,0.0,0.0,0.0,0.0,0.0
p39_H2,3.733117810758614e-06,21.784753175818253,0.0,4.9045286752177134e-05,1.07598154e-07,0.09735033556808623,0.024349872113248197
p39_P1,6.826646871608278e-09,34.52894281865978,0.0,1.195781602483324e-05,0.00015310312,0.04954194407056435,0.01242675125058119
p39_NCI,3.9998082804480856e-08,30.912556070183705,0.0,2.1056883007627235e-05,6.3000715e-07,0.008036483668751792,0.002014542639727467
p39_MASS,1.505208328812081e-46,243.09806959825102,0.0,2.760002506104089e-07,5.1922725e-05,0.02215743611134618,0.0055524087091757286
p39_SASA,9.349744982602414e-26,120.47066561406798,0.0,2.9670563193471353e-06,0.0,0.01578358089456109,0.00394663698772011
p39_PKB,0.00016324598653297048,14.387089102956466,0.0,0.0010362273300941465,1.3547515e-06,0.05591992496502437,0.01423937676164849
p40_H2,6.528814677603033e-16,68.8521521608484,0.0,9.420392777036446e-05,2.2850955e-08,0.14666548153596276,0.03668992707867201
p40_P1,2.0527766229306346e-11,46.60897487717063,0.0,0.00010117965441449377,7.1932322e-09,0.09132765526452398,0.022857210528042675
p40_NCI,7.615527694545498e-09,34.30438092766988,3.4500566446896577e-06,2.8058212579395203e-05,0.0,0.33997813178200004,0.08500241001280603
p40_MASS,0.12035695614551412,2.419259618339844,0.0,0.0,0.0,0.0,0.0
p40_SASA,0.0009901294860446023,10.949240752244902,0.0,0.00014600118295260994,2.4640667e-07,0.07818445847501572,0.019582676516159848
p40_PKB,1.5950133096269097e-06,23.47779959648954,0.0,5.273131016748801e-05,0.0,0.10863880496438395,0.02717288406863786
p41_H2,2.269238941933336e-15,66.1310091949335,0.0,0.0004223891149376016,6.301988e-06,0.12772587780509082,0.03203864222698798
p41_P1,1.452697841513961e-06,23.664421210296155,0.0,0.00012797818261570484,5.686986e-05,0.009826874181262454,0.002502930555892234
p41_NCI,0.0168901942030609,5.738447261338185,0.0,0.00023114165202214691,4.0298974e-06,0.16210149058970535,0.0405841655347705
p41_MASS,1.2052797920337954e-18,82.78661873722314,1.4617912330315565e-05,0.00031591138770751723,1.997622e-06,0.1656235607674981,0.0414890219223574
p41_SASA,1.3279327991755377e-14,62.29292567909643,1.546167858041019e-05,0.00013009113887775867,0.0,0.09061128772957848,0.02268921013675916
p41_PKB,2.7182973321715948e-17,75.85048037993124,0.0012727073860651582,0.0002541989003256434,2.5372125e-07,0.28983662261143067,0.07284094565476881
p42_H2,0.7813021568980802,0.07714059094080945,0.0,0.0,0.0,0.0,0.0
p42_P1,4.88410594439862e-20,90.00174986428222,0.00023867610807107529,0.00039643361366011303,0.00011432606,0.07539528640775708,0.01903618054729753
p42_NCI,2.9653516210223924e-09,36.244936542588,0.0,0.0001263607918093411,4.3988966e-06,0.1980906817054207,0.04955536034846636
p42_MASS,0.00016263681105787008,14.39429193809336,0.0004202087921574246,3.103104652505649e-05,3.899427e-08,0.12459717049437793,0.03126211233183239
p42_SASA,0.07269898589707437,3.231891693261461,0.0,0.0,0.0,0.0,0.0
p42_PKB,0.4465684487319175,0.5800783329256901,0.0,0.0,0.0,0.0,0.0
p43_H2,2.1873731836929869e-07,27.4669207238199,0.0,6.32301102984848e-06,1.0505841e-05,0.1166052300129686,0.029155514716172518
p43_P1,2.398901067618109e-16,71.04787164293433,0.0,8.27188651526769e-05,0.0,0.0208897337575802,0.0052431131556832196
p43_NCI,0.2263569006431977,1.4664924400728476,0.0,0.0,0.0,0.0,0.0
p43_MASS,2.7168216948851244e-32,156.97692620898778,0.0,4.911162588619658e-05,0.010245431,0.04127123834426857,0.01289144529618144
p43_SASA,7.673638879786156e-33,160.12629043433375,0.0,4.911162588619658e-05,0.010245431,0.04127123834426857,0.01289144529618144
p43_PKB,1.3131004834871265e-28,136.17879888747035,0.003063479111778912,0.001216217584486791,0.0,0.17255300079961755,0.044208174373970816
p44_H2,2.5545398855184947e-07,27.153760027982642,0.0,3.608514677582022e-05,2.512103e-07,0.13802804477618544,0.03451609528331768
p44_P1,4.517059828824089e-05,16.87750161726046,0.0,3.734575497653059e-05,0.0,0.0022620339456086696,0.0005748449251463001
p44_NCI,9.493618392498681e-11,43.39434093551475,0.00037782486936373174,0.00013174759520893448,4.2656904e-07,0.019360845078987745,0.004967711028151346
p44_MASS,4.3162596307390494e-09,35.47158987301375,0.0,1.7234174977863922e-05,0.0,0.10038503585702496,0.025100567508000708
p44_SASA,7.274500826794249e-10,39.15129914939411,0.0,1.7234174977863922e-05,0.0,0.10038503585702496,0.025100567508000708
p44_PKB,2.5143169817538393e-07,27.185778195701545,0.0,0.002393801414658405,8.689458e-05,0.33976619271524666,0.08556172217722599
p45_H2,0.3429789303558517,0.9006304819825801,0.0,0.0,0.0,0.0,0.0
p45_P1,0.0004905903583536143,12.279676568603401,0.0,0.00011149453570182677,3.7498463e-05,0.02287578332945861,0.005756194082019139
p45_NCI,0.0017650338993836126,9.86384328471916,5.023404692420086e-06,0.00020811039756797828,9.619705e-06,0.3841305174779106,0.0960883177464057
p45_MASS,0.0008421254694896845,11.254883722284506,0.0,6.128761238185502e-05,0.00026128747,0.08802307459269401,0.022086412417982898
p45_SASA,0.001038557370920671,10.859228506453002,4.977067453365838e-06,0.0001904715405086075,1.0013382e-06,0.06637612262973325,0.016643143143975116
p45_PKB,6.56076511113203e-13,53.908500818556945,0.0007011710285764958,0.0003030375037307118,0.00021463394,0.01102886250481508,0.0030619262441110933
p46_H2,5.8421042814282105e-08,30.141671158501538,0.0,4.08075374721287e-05,1.587266e-07,0.0430213421864618,0.010765577112635224
p46_P1,0.09206719180184766,2.846571540529755,0.0,0.0,0.0,0.0,0.0
p46_NCI,0.3187925838654745,0.9954784122916926,0.0,0.0,0.0,0.0,0.0
p46_MASS,3.8114855447810455e-08,31.010794913199877,0.0,0.00010339704475020322,0.0,0.04765883611530627,0.011940558290014117
p46_SASA,0.00012382558503225388,14.920294640222236,0.0,9.561605743819218e-05,0.0,0.03434638309019301,0.0086104997869078
p46_PKB,9.16075562864088e-12,48.310629516956816,0.0,4.0392097869446874e-07,1.5370057e-07,0.10176856070736646,0.02544227958222847
p47_H2,6.711505034407896e-30,143.40351935016946,0.0,1.5341074190661584e-05,9.301625e-05,0.0642535138228662,0.01609046778666255
p47_P1,6.489351749938336e-13,53.93185820222321,0.0,9.842421857788434e-05,0.0,0.008978197372150104,0.0022691553976819973
p47_NCI,7.075604172935057e-22,99.653978771589,0.0,7.496790611794214e-05,0.000527796,0.2372645026626761,0.05946681663876661
p47_MASS,2.7926825598040624e-66,378.39459778341364,0.0,8.871738295595098e-05,0.0,0.14030848362557477,0.03509930025213268
p47_SASA,1.6901407079133334e-51,275.2021128063207,0.0,8.871738295595098e-05,0.0,0.14030848362557477,0.03509930025213268
p47_PKB,8.513394665881153e-112,776.9985041924471,0.0,0.16289674059871506,0.037259594,0.1285824626679969,0.08218469921817678
p48_H2,0.008240637209802955,7.025116456860161,0.0,0.00014235055783656846,1.8839353e-05,0.07445787817629058,0.018654767021853803
p48_P1,0.4127739601870869,0.6716928028856808,0.0,0.0,0.0,0.0,0.0
p48_NCI,7.823515474894219e-08,29.548413676655542,0.0,0.00018429985349098675,1.5749705e-05,0.10417021845858584,0.02609256700431888
p48_MASS,0.052395238527431824,3.777460521443819,0.0,0.00012783772964881555,1.2873242e-05,0.01854301445738062,0.004670931357196838
p48_SASA,0.008068395754221894,7.06338454494082,0.0,0.0005288245943297801,3.606678e-05,0.011137036981783035,0.002925482089031287
p48_PKB,0.0003375208621713413,12.993021065355306,0.0,0.0004241869453195677,1.9571242e-05,0.2663066211157789,0.06668759482574074
p49_H2,0.11088344303444554,2.548789626125108,0.0,0.0,0.0,0.0,0.0
p49_P1,0.03781433650123138,4.331716849343945,0.0,0.00048114971302312134,1.2176833e-05,0.007427920547439081,0.001980311773258006
p49_NCI,3.1479544205914525e-05,17.58253137826401,6.68401730027647e-05,0.0002891948783947877,8.9023615e-06,0.2736681241827617,0.06850826539891847
p49_MASS,0.3080500952465648,1.0407116834707437,0.0,0.0,0.0,0.0,0.0
p49_SASA,0.12644140191036754,2.3418952330138154,0.0,0.0,0.0,0.0,0.0
p49_PKB,0.7556507841445385,0.09692852216305774,0.0,0.0,0.0,0.0,0.0
p50_H2,4.1256637719287054e-22,100.89355256016934,0.0,4.1332639114884745e-06,3.116361e-05,0.09810313129733016,0.024534607042910803
p50_P1,4.5786850307599255e-07,25.978452144674883,0.0,2.4239153571480666e-07,0.0,0.04400826696380493,0.011002127338835162
p50_NCI,2.2901528002544955e-14,61.113975870840115,0.0,1.4812771430147604e-05,0.0,0.08061830728149826,0.0201582800132321
p50_MASS,5.756436380503254e-25,116.1839898726012,0.0,2.464546794219688e-08,0.0,0.004457204492871139,0.0011143072845847704
p50_SASA,4.723698911492097e-20,90.07732520673473,0.0,2.464546794219688e-08,0.0,0.004457204492871139,0.0011143072845847704
p50_PKB,2.446024799486056e-24,112.7904165702154,0.0,2.246027140094573e-06,0.0,0.1946061302676179,0.0486520940736895
p51_H2,7.429976918515868e-12,48.75315971772367,0.0,0.0003738144137780731,2.236531e-05,0.22099629328518808,0.05534811825214972
p51_P1,2.6149696641864214e-15,65.82203909461983,0.0,0.0002448551112642153,2.6857151e-06,0.09572843068466713,0.023993992877762077
p51_NCI,3.3267490102823302e-09,36.00788620407798,0.0,6.15548779701539e-05,9.163706e-05,0.02478635334181023,0.006234886320626033
p51_MASS,0.34399158975994903,0.8968558440724962,0.0,0.0,0.0,0.0,0.0
p51_SASA,0.027161718919117332,4.903504212026665,0.0015456846731785364,0.00043593097502799493,1.9069835e-06,0.09661708879900079,0.024650152857669503
p51_PKB,3.3292770351727476e-12,50.452997779103434,1.3456531650760283e-06,0.0006905999661441785,9.609652e-07,0.16705259019594867,0.04193637419510623
p52_H2,6.581776878549827e-06,20.660913824385588,0.0,2.98443763539808e-05,4.5604415e-06,0.04481895955876657,0.011213341094164907
p52_P1,0.3168491724568725,1.0035123373010828,0.0,0.0,0.0,0.0,0.0
p52_NCI,5.473161030295538e-12,49.39976951216529,0.0,3.360941212297197e-05,2.1261609e-07,0.1007628580885637,0.025199170029193297
p52_MASS,6.311497169945907e-10,39.44599481628186,0.0,0.00010308642894147795,5.526261e-06,0.0634692005051471,0.015894453298720388
p52_SASA,2.256699958206363e-07,27.40392842066797,0.0,0.00012814357355176413,6.2447566e-06,0.06889916996890455,0.017258389574765366
p52_PKB,5.048787700235341e-19,84.73708225318707,0.0,0.00015577088412220148,5.6006946e-05,0.4292000971945659,0.10735296875608945
p53_H2,2.480375758098061e-10,41.38870566234834,0.0,3.178390576346913e-05,3.8985796e-08,0.04660913314100175,0.011660239008140286
p53_P1,1.5968353006191063e-14,61.893761432427816,0.0,3.178390576346913e-05,3.8985796e-08,0.04660913314100175,0.011660239008140286
p53_NCI,0.002341353315137273,9.336944756539426,0.0,1.3048012751759432e-06,3.4085488e-07,0.04743636651435565,0.011859503042628231
p53_MASS,0.04213055784809542,4.146924948291617,0.0,1.6656227579957157e-06,0.0,0.020789363466540502,0.0051977572723246246
p53_SASA,0.0004286111936877947,12.536927434426005,0.0,1.6656227579957157e-06,0.0,0.020789363466540502,0.0051977572723246246
p53_PKB,3.6263962662720365e-23,106.50927697406112,0.0,1.3019138686324597e-06,4.612457e-08,0.000894406106530436,0.00022393853624203038
p55_H2,0.821576191885562,0.05090115195954748,0.0,0.0,0.0,0.0,0.0
p55_P1,0.3088264867974095,1.0373738938305097,0.0,0.0,0.0,0.0,0.0
p55_NCI,8.022672586519544e-08,29.497390132000884,0.0,0.0006044164484739747,0.00041340306,0.009081916223158069,0.002524933933038028
p55_MASS,0.7919833819868842,0.0696161068278577,0.0,0.0,0.0,0.0,0.0
p55_SASA,0.7260833088341067,0.12284846409332945,0.0,0.0,0.0,0.0,0.0
p55_PKB,0.0006196153532997559,11.83595329316812,0.0,9.761254857053554e-05,1.5230017e-05,0.08185627885915046,0.02049228035622965
p56_H2,0.0016409021098976392,10.000228191590697,9.696051924400193e-05,5.1123502116272895e-05,1.2236477e-05,0.035821291681177585,0.008995403044942556
p56_P1,0.14351545814776712,2.1452316756001344,0.0,0.0,0.0,0.0,0.0
p56_NCI,0.1674773177075233,1.9098097956477373,0.0,0.0,0.0,0.0,0.0
p56_MASS,3.314495041073432e-05,17.4817525077016,4.104957436883494e-06,0.00027342593451712324,0.0006069783,0.110762821346489,0.027911832637644438
p56_SASA,3.9537393010057213e-07,26.273664993787314,0.0,0.000104143348074514,1.1801343e-06,0.08764777122961052,0.021938273677993943
p56_PKB,3.5228778683838206e-08,31.171239509604188,8.443916410642629e-05,8.934590959660764e-05,0.0,0.12453705790115968,0.03117771074371568
p57_H2,0.003467884853284332,8.60881740445357,0.0,0.0,0.0,0.051838838612448465,0.012959709653112116
p57_P1,0.0037378090044828793,8.470496526933179,0.0,0.0,0.0,0.051838838612448465,0.012959709653112116
p57_NCI,0.0036717799074631424,8.503368467279685,0.0,0.0,0.0,0.051838838612448465,0.012959709653112116
p57_MASS,0.5911590384031091,0.2888350065077526,0.0,0.0,0.0,0.0,0.0
p57_SASA,0.0038090044408868044,8.435709714287917,0.0,2.041904616994386e-07,0.0,0.036827689947428494,0.009206973534472548
p57_PKB,0.004850587190438409,7.991228607836157,0.0,0.0,0.0,0.051838838612448465,0.012959709653112116
p58_H2,0.0009757573191577296,10.976814945671995,0.0,5.646721633401533e-06,1.0088446e-06,0.0063019611486889344,0.001577154178732103
p58_P1,0.017496914253489503,5.675916788862384,0.0,3.36287631933975e-05,0.0,0.013848608823608406,0.003470559396700451
p58_NCI,0.25132674742655603,1.3183511744382987,0.0,0.0,0.0,0.0,0.0
p58_MASS,0.2975775102071623,1.0868280625612938,0.0,0.0,0.0,0.0,0.0
p58_SASA,0.5437854608052806,0.36897192632754955,0.0,0.0,0.0,0.0,0.0
p58_PKB,0.08266213739653727,3.021440751278477,0.0,0.0,0.0,0.0,0.0
p59_H2,4.2996015790389794e-09,35.4795492234234,0.0,0.00015509811426678015,8.383927e-08,0.006771002811240441,0.0017315461911937985
p59_P1,1.675201857807707e-24,113.6767464782967,0.0,0.00041570222565283105,4.3946122e-09,0.09918725297196947,0.024900739898058633
p59_NCI,2.5079429297678506e-14,60.917688186635594,0.0,0.00030362003738713283,2.2729294e-06,0.030370808604879278,0.00766917539290423
p59_MASS,0.058123616331740846,3.6033305434228944,0.0,2.8514771679189412e-05,0.0,0.06603617190656096,0.016516171669560036
p59_SASA,0.005282607373669344,7.834893776704842,0.0,2.8514771679189412e-05,0.0,0.06603617190656096,0.016516171669560036
p59_PKB,7.637177793059215e-05,15.856010977701679,0.0,8.29656788826951e-05,0.0,0.03929632655431457,0.009844823058299318
p60_H2,0.026342107618635584,4.9568833354557045,0.0,4.919771674909544e-07,2.0528823e-05,0.1296406112577402,0.03241540801456945
p60_P1,0.00144920516833602,10.232934916022918,0.0,0.00023347091156195236,0.0,0.059132505522757194,0.014841494108579786
p60_NCI,0.24706083923385252,1.3423552172624922,0.0,0.0,0.0,0.0,0.0
p60_MASS,0.0047038141336026495,8.047600263132042,0.0,0.00038000945488188894,0.0,0.062280446634287,0.01566511402229222
p60_SASA,0.036076002872474464,4.412495502251441,0.0,4.2664157854156684e-05,0.0,0.06072242365825459,0.015191271954027186
p60_PKB,0.007571676082092379,7.178623620454537,0.0,1.9846076771750707e-07,0.0,0.04040128702040284,0.010100371370292639
p61_H2,0.6532103778084922,0.20207047977265147,0.0,0.0,0.0,0.0,0.0
p61_P1,0.9724541020438711,0.0011933109823927517,0.0,0.0,0.0,0.0,0.0
p61_NCI,0.4701342187292479,0.5222950618236566,0.0,0.0,0.0,0.0,0.0
p61_MASS,0.7256983242569415,0.12320859869708303,0.0,0.0,0.0,0.0,0.0
p61_SASA,0.7879282964505442,0.07242397790765485,0.0,0.0,0.0,0.0,0.0
p61_PKB,0.2381465316250982,1.3941940405759328,0.0,0.0,0.0,0.0,0.0
p62_H2,0.956743713075334,0.002944367866219781,0.0,0.0,0.0,0.0,0.0
p62_P1,0.7783346480234452,0.07930491817954492,0.0,0.0,0.0,0.0,0.0
p62_NCI,4.653126740175614e-08,30.604525756713226,0.0,0.00015595613551828302,2.457315e-05,0.11818134471219964,0.029590468499393993
p62_MASS,1.0933608765197818e-07,28.869573681998805,0.0,9.64112796126787e-05,0.0009824905,0.15377632797911384,0.03871380743583232
p62_SASA,3.983304236411299e-05,17.12277731422656,4.318325462990121e-05,5.2260787363995594e-05,0.0,0.1696646100420385,0.0424400135210081
p62_PKB,2.6915797716676552e-12,50.90412266929483,8.588689060606098e-06,7.23163939099947e-05,1.9634263e-06,0.2184150113977728,0.054624469976750134
p63_H2,0.09003357698298872,2.88268530049986,0.0,0.0,0.0,0.0,0.0
p63_P1,0.16333510253284497,1.9476502088863967,0.0,0.0,0.0,0.0,0.0
p63_NCI,0.5287381204587535,0.39725921557890964,0.0,0.0,0.0,0.0,0.0
p63_MASS,0.9859155360250113,0.0003118836620649939,0.0,0.0,0.0,0.0,0.0
p63_SASA,0.3438267357269218,0.8974693042941508,0.0,0.0,0.0,0.0,0.0
p63_PKB,0.14568298955975265,2.1221606919350235,0.0,0.0,0.0,0.0,0.0
p64_H2,0.03398785171690273,4.51510981339023,0.0,0.00011277175669392633,0.0,0.1005789916012122,0.02517294083947653
p64_P1,0.07492231502309232,3.1823407987258308,0.0,0.0,0.0,0.0,0.0
p64_NCI,0.46364816882825266,0.5377332710110148,0.0,0.0,0.0,0.0,0.0
p64_MASS,0.18084690589685404,1.7946487159801092,0.0,0.0,0.0,0.0,0.0
p64_SASA,0.7503598677362576,0.10131797705032376,0.0,0.0,0.0,0.0,0.0
p64_PKB,4.6977369846634575e-06,21.328734791749994,0.0,5.518185136713376e-05,3.8312912e-08,0.009712037975138699,0.002441814534854447
p65_H2,0.033145433493298015,4.558391940388957,0.0,1.1870398769274274e-06,0.0,0.09593700326024718,0.023984547575031025
p65_P1,0.11440073736856758,2.4993176313381875,0.0,0.0,0.0,0.0,0.0
p65_NCI,0.7588669755597047,0.09431235743041406,0.0,0.0,0.0,0.0,0.0
p65_MASS,0.013039107693360176,6.199211176114733,0.0,8.797580310808302e-05,0.0,0.014129997051285783,0.0035544932135984663
p65_SASA,0.11338203840788771,2.513471317600621,0.0,0.0,0.0,0.0,0.0
p65_PKB,0.16342818402742482,1.946787855061976,0.0,0.0,0.0,0.0,0.0
p66_H2,0.6748758640611803,0.1761167781062075,0.0,0.0,0.0,0.0,0.0
p66_P1,0.872484954604437,0.025782288960631304,0.0,0.0,0.0,0.0,0.0
p66_NCI,0.024212536360596115,5.104095057693817,0.0,0.00021745823759745025,7.6072356e-06,0.5590026470827921,0.13980692813899798
p66_MASS,0.34470287088651785,0.8942135570246205,0.0,0.0,0.0,0.0,0.0
p66_SASA,0.47617934249062555,0.508212450362851,0.0,0.0,0.0,0.0,0.0
p66_PKB,0.8735994355396097,0.02532977023733223,0.0,0.0,0.0,0.0,0.0
p67_H2,0.6961071259571818,0.1526938683198939,0.0,0.0,0.0,0.0,0.0
p67_P1,0.15866521538000397,1.9916504187499906,0.0,0.0,0.0,0.0,0.0
p67_NCI,0.0925244849926978,2.8385703208495086,0.0,0.0,0.0,0.0,0.0
p67_MASS,0.6961071259774949,0.15269386829846482,0.0,0.0,0.0,0.0,0.0
p67_SASA,0.1172401731709161,2.460590831838139,0.0,0.0,0.0,0.0,0.0
p67_PKB,0.6961071155100385,0.1526938793702817,0.0,0.0,0.0,0.0,0.0
p68_H2,0.018430439161231747,5.583958454088971,0.0,0.00013019056460921265,0.0,0.025560269137904486,0.006422614925628425
p68_P1,0.005442042635976271,7.780479221434603,0.0,1.3152157379764064e-06,0.0,0.027318431606266187,0.006829936705501041
p68_NCI,0.012025211095882164,6.34411491682482,0.0,2.567749151815503e-08,1.3228608e-06,0.19543166296066156,0.048858252874748154
p68_MASS,1.3235840571205298e-08,33.17108175137333,0.0,1.1573788739184936e-05,0.0,0.13871764247662716,0.03468230406634158
p68_SASA,0.009485310848732347,6.770814198171825,0.0,1.271790989865523e-05,0.0,0.03995367329389121,0.009991597800947466
p68_PKB,0.6026494831201967,0.2712936482649714,0.0,0.0,0.0,0.0,0.0
p69_H2,1.211204992172525e-10,42.884890942891595,0.0,1.2176813509845335e-05,0.0,0.0617578340685303,0.015442502720510036
p69_P1,0.6933698665956174,0.15560503728795871,0.0,0.0,0.0,0.0,0.0
p69_NCI,2.9376249567022395e-26,123.2147394411495,0.0,2.600969172162679e-06,0.0,0.008695098855852547,0.0021744249562561774
p69_MASS,0.0023859182983944596,9.301875869415431,0.0,7.147776127648936e-05,0.0,0.015443347427088843,0.0038787062970913333
p69_SASA,0.009837788423981201,6.705009506216119,0.0,7.147776127648936e-05,0.0,0.015443347427088843,0.0038787062970913333
p69_PKB,0.44656555924554775,0.5800857108592856,0.0,0.0,0.0,0.0,0.0
p70_H2,0.0011927473260399729,10.598646485366144,0.0,1.919164783086542e-07,0.0,0.06617646439641393,0.01654416407822306
p70_P1,2.6052020746188024e-09,36.511992616247156,0.0,2.6119389745312257e-06,0.0,0.0048717431989163725,0.001218588784472726
p70_NCI,5.315559381525386e-18,79.47390323226443,0.0,2.0675314280311247e-07,0.0,0.30905642413140394,0.07726415772113669
p70_MASS,0.5726772669519944,0.3185587069281695,0.0,0.0,0.0,0.0,0.0
p70_SASA,0.7480918024744623,0.10323241556311111,0.0,0.0,0.0,0.0,0.0
p70_PKB,6.972754900397064e-18,78.86994121552766,0.0,0.00014159113602078865,0.0,0.18444410153349206,0.046146423167378214
p71_H2,0.8397995998074687,0.04089853857042398,0.0,0.0,0.0,0.0,0.0
p71_P1,0.894861063500195,0.017479353966767364,0.0,0.0,0.0,0.0,0.0
p71_NCI,0.09816200813080972,2.743332771303452,0.0,0.0,0.0,0.0,0.0
p71_MASS,0.7222643399758096,0.12644717524816904,0.0,0.0,0.0,0.0,0.0
p71_SASA,0.9157746290720434,0.011193720179223437,0.0,0.0,0.0,0.0,0.0
p71_PKB,0.18878611128355316,1.7308334447840483,0.0,0.0,0.0,0.0,0.0
p72_H2,0.06995069186535861,3.2954437531893084,0.0,0.0,0.0,0.0,0.0
p72_P1,0.11984523163239644,2.4259635234423946,0.0,0.0,0.0,0.0,0.0
p72_NCI,0.12109927543737913,2.40959080399731,0.0,0.0,0.0,0.0,0.0
p72_MASS,0.060475837230183446,3.537056710329694,0.0,3.902980370672879e-05,1.0106204e-07,0.005408801547145903,0.0013619831032237305
p72_SASA,0.05760463055299845,3.6183377450042418,0.0,3.902980370672879e-05,1.0106204e-07,0.005408801547145903,0.0013619831032237305
p72_PKB,0.16217310279312144,1.9584631148526075,0.0,0.0,0.0,0.0,0.0
p73_H2,1.9562136627700873e-12,51.58188482583829,0.0,0.00011238717199230327,0.0,0.026187885679064736,0.00657506821276426
p73_P1,9.98215846448364e-10,38.49527915222768,0.002069489435271804,0.0010767811937412073,1.3974658e-07,0.0733070395249137,0.01911336247512548
p73_NCI,3.7263375615000746e-16,70.08105018871177,0.0,5.76098744843152e-06,4.512866e-08,0.06037523872260931,0.015095261209679859
p73_MASS,0.05509498156390598,3.6929979120343295,0.0,9.817286854036151e-06,0.0,0.0432371614997244,0.010811744696644608
p73_SASA,0.003940218740564558,8.373300742644544,0.0,1.1357548455575736e-05,0.0,0.05387539407448197,0.013471687905734386
p73_PKB,1.2428879985570489e-15,67.44441812219476,0.0,0.00013168088754230637,0.0,0.10590686770079208,0.026509637147083598
p74_H2,2.1964822939713974e-09,36.864191427706736,0.0,8.51539725112309e-06,0.015375799,0.04717605515860665,0.015640092280996828
p74_P1,5.616425440505924e-06,20.97482654558689,0.0,9.924262056337098e-06,7.585519e-08,0.012635870981069832,0.0031614677745791854
p74_NCI,0.019633435377762267,5.472324542038661,0.0,6.589166361153489e-06,0.0,0.027601728276452995,0.006902079360703537
p74_MASS,2.2862710230551806e-09,36.781480026027076,0.0,1.9273537641889068e-05,0.0,0.05644060862101513,0.014114970539664255
p74_SASA,3.10748059600901e-06,22.14918908930795,0.0,6.867120908380185e-05,0.0,0.03833878516197953,0.009601864092765833
p74_PKB,2.7122029457778926e-09,36.428960728595115,0.0,1.9273537641889068e-05,0.0,0.05644060862101513,0.014114970539664255
p75_H2,0.001484209581409837,10.188192306211203,0.0,6.766943725878025e-06,0.0,0.004560585880552808,0.0011418382060696716
p75_P1,0.005621881564315831,7.721023899731638,0.0,4.137690523574363e-06,0.0,0.011013633238415213,0.0027544427322346967
p75_NCI,1.1813176875286133e-10,42.93712394705145,0.0,1.0667627085304492e-06,0.0,0.020181524325783108,0.005045647772122909
p75_MASS,0.022504116941695504,5.232284676925747,0.0,6.010362776507809e-06,0.0,0.011096520113233473,0.002775632619002495
p75_SASA,0.05565351344474412,3.6760734000531454,0.0,4.3187841328244226e-05,0.0,0.012362647737780149,0.0031014588947770984
p75_PKB,0.34455223151627,0.8947725398422833,0.0,0.0,0.0,0.0,0.0
p76_H2,0.4755663047984686,0.5096273226118962,0.0,0.0,0.0,0.0,0.0
p76_P1,0.30786963633406883,1.0414890630442206,0.0,0.0,0.0,0.0,0.0
p76_NCI,0.9508897415090641,0.0037963085835494947,0.0,0.0,0.0,0.0,0.0
p76_MASS,0.5999264241540367,0.275387250698822,0.0,0.0,0.0,0.0,0.0
p76_SASA,0.43874790326237534,0.600321592331593,0.0,0.0,0.0,0.0,0.0
p76_PKB,0.6078251806277608,0.26361997124366754,0.0,0.0,0.0,0.0,0.0
p77_H2,0.01028814979468565,6.62437074794396,0.0,6.350296401974918e-07,0.0,0.009122748469015096,0.0022808458746638232
p77_P1,0.19683716311949645,1.669239678246846,0.0,0.0,0.0,0.0,0.0
p77_NCI,5.3634154373989264e-06,21.06611788456948,0.0,0.0,0.0,0.02931124967887396,0.00732781241971849
p77_MASS,0.147025435675257,2.1080654050266303,0.0,0.0,0.0,0.0,0.0
p77_SASA,0.061018124097147776,3.5221676273721743,0.0,6.3032989065620515e-09,4.0110785e-06,0.017782042465523642,0.004446514961841853
p77_PKB,0.01802188131586892,5.623596571891498,0.0,6.350296401974918e-07,0.0,0.009122748469015096,0.0022808458746638232
p78_H2,0.0011745948174866551,10.627489943805434,0.0,4.975577509547421e-07,0.0,0.010497701991124321,0.002624549887218819
p78_P1,1.5654842264574664e-19,87.37107153243117,0.0,1.0175722855094145e-07,5.2282684e-07,0.011077567885014974,0.0027695481172703373
p78_NCI,1.3612205613368035e-08,33.11367190939276,0.0,3.841025538782909e-06,1.11747546e-07,0.02572310421436447,0.0064317642468623955
p78_MASS,9.697561905909218e-13,53.07518420230907,0.0,1.0821126391228523e-05,0.0,0.009670545665210235,0.002420341697900366
p78_SASA,8.849945769938408e-38,189.04211170548933,0.0,3.4384092851542554e-06,0.0,0.017619348816309475,0.004405696806398658
p78_PKB,0.022431998983121065,5.23791635887061,0.0,7.901424493573054e-07,0.0,0.002954519638205563,0.0007388274451637302
p79_H2,8.050521067887514e-46,238.47352149704557,5.9868816366798066e-05,6.0784192002349156e-06,3.110499e-06,0.060816282675040155,0.01522133510238618
p79_P1,1.775768337955544e-45,236.30043425908553,5.9868816366798066e-05,6.0784192002349156e-06,3.110499e-06,0.060816282675040155,0.01522133510238618
p79_NCI,5.888968890099642e-10,39.589861178811454,0.0,1.9380858287137926e-05,2.9993976e-06,0.007110938259815542,0.0017833296289171382
p79_MASS,1.2207085256787267e-37,188.20944496658714,0.0,1.7126834571594486e-06,0.0,0.00757145714041436,0.00189329245596788
p79_SASA,1.5778089598356943e-27,130.19261076235895,0.0,1.8206702762321072e-05,0.0,4.125546042273874e-05,1.4865540796264951e-05
p79_PKB,2.245853260724797e-45,235.65636694187808,2.4746183873657487e-05,4.750498998286591e-06,0.0,0.08314670250068193,0.020794049795888468
p80_H2,0.00013319788555661254,14.779394134271156,0.0,0.00011411810084630424,2.1560047e-05,0.07735420492491452,0.019372470768105644
p80_P1,1.0771402519059093e-13,57.777609418554626,0.0,0.00012929079411621333,3.5187936e-06,0.05599117206022094,0.014030995411989076
p80_NCI,0.005960723272010362,7.6141080074079985,0.0,0.0007906245699432629,0.00026042634,0.2148352174993109,0.053971567102993584
p80_MASS,0.00021000091974393432,13.902501374864581,0.0,8.69909580338851e-05,5.2915093e-06,0.04494337975857736,0.011258915556476939
p80_SASA,4.023788646391187e-06,21.635909877780456,0.0,0.00013769028129601582,0.0,0.02413872323971878,0.006069103380253699
p80_PKB,0.3625004367952187,0.830424989099362,0.0,0.0,0.0,0.0,0.0
p81_H2,4.2857287386565846e-14,59.76126005053583,0.0,0.00014216842587896658,3.350481e-07,0.23920300194840635,0.0598363763555962
p81_P1,8.563099713094176e-23,104.51964169205093,0.0,5.550248267269829e-05,0.0,0.08582826708366328,0.021470942391583994
p81_NCI,6.542318683204538e-24,110.49202374589262,0.0,6.305602785521098e-06,1.4434315e-05,0.261844266637207,0.06546625163870687
p81_MASS,6.8070919991280704e-06,20.594338551080444,0.0,1.9683456087232442e-05,0.0,0.10783155413780444,0.02696280939847292
p81_SASA,9.984177189885275e-05,15.336623615449158,0.0,1.380590510207769e-05,0.0,0.09965003795227571,0.02491596096434445
p81_PKB,2.495730289910561e-09,36.60056512759071,0.0,0.0002169663103969684,1.6432385e-07,0.15841869453300478,0.03965895629181307
p82_H2,4.08828535369183e-26,122.4302598029879,0.0,4.965371469424184e-06,2.1794772e-06,0.09248292102613012,0.023122516468694457
p82_P1,3.850059312947091e-26,122.5726903059571,0.0,4.965371469424184e-06,2.1794772e-06,0.09248292102613012,0.023122516468694457
p82_NCI,2.090558961018508e-25,118.56966852841624,0.0,1.8640736693017164e-05,1.2067768e-06,0.03524563565389046,0.008816370791846159
p82_MASS,1.687097494323351e-24,113.66016790534515,0.0,1.8640736693017164e-05,1.2067768e-06,0.03524563565389046,0.008816370791846159
p82_SASA,2.673058351500854e-23,107.21696242543523,0.0,1.8640736693017164e-05,1.2067768e-06,0.03524563565389046,0.008816370791846159
p82_PKB,0.22928997839990198,1.4480873578475617,0.0,0.0,0.0,0.0,0.0
p83_H2,0.00031321083402878984,13.135975593860367,0.00011508023265576111,0.000497167741939302,3.5860827e-05,0.26539713019019384,0.06651130974788626
p83_P1,0.424412022487344,0.6389015355855411,0.0,0.0,0.0,0.0,0.0
p83_NCI,0.00027842541124356866,13.361361068521644,0.00011254220297379933,0.001105625019167622,6.469096e-05,0.08591384292028303,0.021799175275894426
p83_MASS,1.5329018768362622e-08,32.870548682949725,0.00033318290264281635,0.00041237020886218185,0.00026477026,0.07569676461772955,0.01917677199831834
p83_SASA,1.8218699214452933e-05,18.65416784118276,0.0011316327945664565,0.0019927751908342347,0.0,0.09768085200851964,0.025201314998480082
p83_PKB,2.7900205711055928e-09,36.37061613001443,0.0,0.0017452315668134637,0.00026467346,0.11586723801585157,0.029469285761840935
p84_H2,5.931782154791673e-12,49.22947058972913,0.0,0.0001404605438083775,3.6520676e-06,0.08028690348415615,0.02010775402388167
p84_P1,5.226183560764805e-15,64.31565713358707,0.0,9.667796975121327e-05,5.673523e-08,0.005760874330347973,0.0014644022588327025
p84_NCI,0.0008416647892344162,11.255917863924225,0.0,4.655187873269419e-06,2.0997375e-07,0.07834323979343841,0.01958702623876507
p84_MASS,2.905157713456474e-14,60.60015025558979,0.0,5.675684494024372e-05,2.975422e-06,0.10457017561682161,0.026157476970920787
p84_SASA,2.994226499990596e-15,65.52710567064004,0.0,4.2361406716639754e-05,0.0,0.10851652011033537,0.027139720379263002
p84_PKB,0.0012550869350760711,10.502877383143385,0.0,0.00020043562621153494,0.0,0.2793447635114849,0.06988629978442411
p85_H2,7.083222425020241e-35,171.91166439400018,0.008770098433428705,0.0025340174306366487,0.00010183014,0.8506158600845278,0.21550545152237838
p85_P1,9.526775922051056e-26,120.42629427588211,0.01544979880094163,0.018796056531341452,0.0016308555,0.2781066752480237,0.07849584651792291
p85_NCI,2.431620166142958e-13,56.03070102207798,0.0010313210701490528,0.0017287090457257397,2.8421815e-05,0.29938620052512643,0.07554366311398325
p85_MASS,0.3111153915897623,1.0275969055379928,0.0,0.0,0.0,0.0,0.0
p85_SASA,0.00040287450113400355,12.65501722423887,0.0009505782418869526,0.0009861560831282735,4.627919e-05,0.25323732245596936,0.06380508399285323
p85_PKB,4.7805389610715894e-11,44.831996087526505,0.0016876247855099548,0.00111942858924762,0.00016360988,0.3194320206191112,0.0806006709672214
p86_H2,0.1990582427705534,1.652766075354755,0.0,0.0,0.0,0.0,0.0
p86_P1,0.029719442347599344,4.747130244796696,0.0,0.0003682738675587592,1.8783378e-06,0.04016948191276008,0.010134908529529257
p86_NCI,0.0037526499192050153,8.46318966484107,0.0,2.4128300871184304e-06,0.0,0.17869023965606656,0.04467316312153842
p86_MASS,0.9017553081357943,0.015250848029353163,0.0,0.0,0.0,0.0,0.0
p86_SASA,0.7416881197176026,0.10874471978584854,0.0,0.0,0.0,0.0,0.0
p86_PKB,0.3759818263746799,0.7849167563373068,0.0,0.0,0.0,0.0,0.0
p87_H2,0.0865926890732204,2.9458578345128585,0.0,0.0,0.0,0.0,0.0
p87_P1,0.3374876091350917,0.9213642421556351,0.0,0.0,0.0,0.0,0.0
p87_NCI,1.2610877436823884e-06,23.947066754648706,4.189676294529796e-05,0.00014599358037148036,1.356968e-05,0.10566836181931649,0.026467455460670777
p87_MASS,0.8465994850561059,0.037457424026141065,0.0,0.0,0.0,0.0,0.0
p87_SASA,0.33747197590504685,0.9214239161709823,0.0,0.0,0.0,0.0,0.0
p87_PKB,0.5428995207696021,0.37059764035454895,0.0,0.0,0.0,0.0,0.0
p88_H2,0.0003280360606213319,13.04751782378609,0.0,0.00018167316054892374,0.000113573085,0.05016749870519259,0.012615686237785447
p88_P1,0.004314963698625471,8.206100556537189,0.0,0.0002606692362877172,0.0,0.02310065510188834,0.005840331084544014
p88_NCI,0.4933019857925486,0.4698672792563603,0.0,0.0,0.0,0.0,0.0
p88_MASS,0.00045918441266131036,12.405636075296393,1.4672138971995766e-05,0.00010709255845949939,1.6432028e-05,0.1105260879121272,0.027666071159422885
p88_SASA,6.773623822533826e-05,16.088990238901538,0.0,0.00010165727109564183,2.521006e-07,0.0640674986958452,0.016042352016882977
p88_PKB,0.003348961958264794,8.673280783478367,3.1618248276292247e-06,0.00010914149879170093,1.1229877e-05,0.019195818936034784,0.004829838034086223
p89_H2,5.9691372584669234e-55,298.30013795744856,0.00011535433119737098,0.00025043472290511024,8.1859274e-05,0.23176190753277756,0.05805238896530998
p89_P1,4.811594570155459e-44,227.2967329516112,0.0004796593688473431,0.018725901267568797,0.0013697707,0.12773238741388676,0.0370769296957528
p89_NCI,0.13576863580088835,2.231016966816538,0.0,0.0,0.0,0.0,0.0
p89_MASS,3.733776079189593e-13,55.11275845052293,0.0004975005426902532,0.0002796942171469229,0.00065709534,0.2052217225243952,0.05166400315631106
p89_SASA,2.839607261440328e-17,75.75382644933066,0.013782853203057725,0.008833157142326869,0.0006428929,0.3476612590863006,0.0927300405840662
p89_PKB,5.06717107437112e-41,208.61697589861592,0.00032905388285042243,0.0009733657434043738,0.00014518831,0.25686385497075837,0.06457786572787602
p90_H2,0.15691835604721271,2.0084907487230184,0.0,0.0,0.0,0.0,0.0
p90_P1,0.2862599182901415,1.1390720027477295,0.0,0.0,0.0,0.0,0.0
p90_NCI,1.943761919136063e-08,32.38491725188112,0.0,0.0001264085810189081,3.0172609e-05,0.22058261326722345,0.055184798614211494
p90_MASS,1.5087854331156203e-14,62.01650962054111,0.008482246678957528,0.002593041380068044,0.0010797095,0.11324073971455907,0.03134893431888042
p90_SASA,1.8061381289719647e-08,32.53503776728336,0.0,0.0016582678939930098,0.0,0.10751018382083934,0.027292112928708086
p90_PKB,8.54709193229291e-51,270.56433905454963,0.0,0.001058708355651364,0.012328611,0.10042674579765762,0.02845351622720304
p91_H2,8.043792564799752e-11,43.74123560047415,0.000940611357877928,3.19664585837151e-06,7.9412885e-06,0.3211894513689051,0.08053530016527505
p91_P1,3.6836836373959307e-56,306.5347667133992,0.0,0.0005107567899044161,0.0,0.11908166746635632,0.029898106064065184
p91_NCI,7.148728470878884e-47,245.1596291335174,0.0,7.922421906139682e-06,0.0,0.1443800318702961,0.03609698857305056
p91_MASS,5.051124137133027e-08,30.437526516551863,0.0005659475226792362,0.0013260899661267003,0.0,0.04620916460032581,0.012025300522282937
p91_SASA,2.6279847719650864e-08,31.76893406838491,0.0005659475226792362,0.0013260899661267003,0.0,0.04620916460032581,0.012025300522282937
p91_PKB,2.1730311288455175e-36,180.79337510996592,0.00013120660434567672,4.706892793738201e-05,0.0,0.5046939010662455,0.12621804414963214
p92_H2,4.2157880319573046e-18,79.99025073873261,0.0015477306735109046,0.0006347575608537077,0.00012833026,0.26050378285834164,0.0657036503370248
p92_P1,2.656959999384017e-27,128.944052573534,0.0,0.0005261657839994104,1.681203e-05,0.07480709022231274,0.01883751700897083
p92_NCI,0.037625932949691916,4.3402813054746305,0.002065733258644624,0.001970342274053381,0.000155056,0.8497499892168595,0.21348528018671717
p92_MASS,0.004135193474216683,8.284377052091365,0.0,0.00011185749848784307,2.5803138e-07,0.014546406855092724,0.003664630596239541
p92_SASA,1.0275174060229384e-06,24.356786952886022,0.0,0.0008709099586392747,0.0019853846,0.03974275721797547,0.01064976294840389
p92_PKB,0.44320680891748265,0.5887122265619863,0.0,0.0,0.0,0.0,0.0
p93_H2,6.987603549668414e-80,483.83845000950737,0.1213978935528822,0.091615690127776,0.015719319,0.2786513651852022,0.1268460669070705
p93_P1,5.17199534899493e-58,319.2904652580338,6.451963824081604e-05,0.007525397674581878,5.1925486e-05,0.1511328655420685,0.03969367708530581
p93_NCI,3.1477284229845357e-09,36.12189110752552,0.00041468122563925947,0.023725052602052005,3.5278095e-05,0.315947687273813,0.08503067479920376
p93_MASS,1.08563784470583e-12,52.83470150429184,0.008873293499877876,0.01332748453106895,0.0010304167,0.22665468923789553,0.0624714709905952
p93_SASA,3.702423672265486e-31,150.5110928846673,0.04807742710209378,0.0042696865566426686,0.0010855878,0.12073064809422374,0.04354083738253939
p93_PKB,0.08700123426448243,2.9382158915581433,0.0,0.0,0.0,0.0,0.0
p94_H2,4.679310180523272e-57,312.68276178482137,0.0,0.0027001644232259683,1.700362e-06,0.18400911432869738,0.04667774477847164
p94_P1,4.117797623720884e-05,17.05798220069336,0.0,4.506932684308507e-05,5.92311e-07,0.009410266577998514,0.002363982053956021
p94_NCI,0.36318814345886496,0.8280468347030554,0.0,0.0,0.0,0.0,0.0
p94_MASS,1.0017459896679788e-57,317.3022551538783,0.0,0.00016074107718762738,0.0,0.1366604923527976,0.03420530835749631
p94_SASA,8.588610918604604e-52,277.14637642246265,0.0,5.441794102776559e-05,2.4871592e-06,0.11835056420565596,0.029601867326479906
p94_PKB,1.6237806330005577e-35,175.65419049325263,0.0,9.476932176587965e-05,9.756875e-06,0.33671809852509366,0.08420565618057556
p95_H2,5.5506963448166214e-12,49.36999487837726,0.0,0.0010298936834904713,2.1647413e-06,0.2034332854248097,0.05111633596240448
p95_P1,0.03571446113007418,4.429808900807195,0.0,0.0003549530577200042,5.223714e-06,0.055854579807959784,0.014053689144969248
p95_NCI,0.054118901442018016,3.7230173652629297,0.00048635099052982134,0.0006507324019566852,1.0546809e-06,0.1282430703074227,0.03234530209519363
p95_MASS,6.993870126072604e-16,68.70153924771704,0.007159044220115059,0.0022093793091693104,0.0038076388,0.22580894280345856,0.05974625127614373
p95_SASA,1.9308423491678913e-16,71.52491824659548,1.809281886002528e-06,0.001038632231385935,2.8990225e-06,0.1874955949041912,0.04713473386000262
p95_PKB,1.6024208468449822e-06,23.46855024722042,0.0,3.1381296228588646e-05,2.7801337e-07,0.2422594923413399,0.06057278791273565
p96_H2,2.1149147148691803e-09,36.94232849425506,4.039468114814495e-05,2.4296592287773147e-05,0.00029827538,0.3977003824229562,0.09951583726896403
p96_P1,6.43046729024932e-11,44.210196266592284,0.0,0.00012234695879967945,0.0,0.16899255113998823,0.04227872452469698
p96_NCI,0.976304965810202,0.0008828957894501092,0.0,0.0,0.0,0.0,0.0
p96_MASS,6.150532692557571e-19,84.29411079550813,0.00020299435805047101,5.254172269606757e-05,6.1053897e-06,0.1540477357994562,0.03857734431748313
p96_SASA,3.433108116847194e-20,90.79998687211516,0.0,1.7757860406038252e-05,0.0,0.13011356169984384,0.03253282989006247
p96_PKB,1.9713895020597578e-19,86.85163751678584,0.0,7.155139047454215e-05,0.0,0.6783541690528626,0.1696064301108343
p97_H2,0.01584473943791393,5.851851944534301,0.0,6.315627816509067e-05,2.4307226e-05,0.11200386392748922,0.02802283185799862
p97_P1,0.18832228823326244,1.7344750513666642,0.0,0.0,0.0,0.0,0.0
p97_NCI,0.12425284326996308,2.3692366727331975,0.0,0.0,0.0,0.0,0.0
p97_MASS,1.444055330436887e-10,42.517441555137125,0.0,0.0003335299265183394,0.00017893099,0.13948384004385928,0.03499907524007747
p97_SASA,2.7261089910144072e-09,36.41841212424564,0.0,0.00022282987822481602,0.00020512588,0.11270820300190519,0.028284039689528237
p97_PKB,2.551239425825419e-12,51.01779495586465,0.0,0.004805436457975329,4.4409276e-06,0.21568872141040582,0.055124649698987484
p98_H2,1.1066927567414914e-20,93.36997386308873,0.0,0.0001031783753741662,2.2383489e-05,0.1577749862659662,0.0394751370324883
p98_P1,1.0059175568010712e-13,57.92461956315542,0.0,3.3638062565833555e-05,1.3100237e-06,0.0678702644825949,0.0169763031422059
p98_NCI,7.444706007213803e-29,137.55202183437677,0.0,0.0001081152918291845,5.10582e-07,0.06598783335130384,0.016524114806289864
p98_MASS,2.3987831357461833e-22,102.14193062376295,0.0,5.052937937893089e-05,3.045015e-05,0.09561863979147728,0.02392490483021575
p98_SASA,7.649201141659446e-31,148.7247627298393,0.0,3.639894847758447e-05,0.0,0.08164095891712,0.020419339466399396
p98_PKB,4.279980100317944e-07,26.11413646017083,2.147402951875642e-05,4.047588491434805e-05,0.0,0.12046792290927796,0.030132468205927767
p99_H2,3.105808835497164e-10,40.92026690282377,0.004034668405612306,0.002190924415648493,3.0013603e-05,0.014131912828343552,0.005096879813267059
p99_P1,8.68202538992167e-08,29.337114996063264,0.0,0.003861682926161711,0.0015736931,0.033638268036980695,0.009768411021697121
p99_NCI,0.11414612031411746,2.5028421588712924,0.0,0.0,0.0,0.0,0.0
p99_MASS,0.00033002196448599194,13.035976672293405,0.00017724801167840658,0.0006190503255628381,1.6789494e-05,0.10080285762394281,0.025403986363823874
p99_SASA,0.0007711342815436812,11.421419600701935,0.00027673665872086147,0.0015042276461510625,1.6001697e-05,0.08446547855959351,0.02156561114038554
p99_PKB,0.8368719149398096,0.04242859831186139,0.0,0.0,0.0,0.0,0.0
p100_H2,0.22208447130705114,1.4938215211001948,0.0,0.0,0.0,0.0,0.0
p100_P1,1.908730071422321e-06,23.119558201958874,0.0,8.242634819866023e-05,0.0,0.006964741767875762,0.0017617920290186055
p100_NCI,0.6030680836316646,0.27066781850279004,0.0,0.0,0.0,0.0,0.0
p100_MASS,0.0020251837236240533,9.607145630435411,0.0,5.042886390310416e-05,0.0,0.028254134710456794,0.0070761408935899744
p100_SASA,0.018508685627623648,5.5764709052188115,0.0,6.044154863276849e-05,0.0,0.03615819360672891,0.009054658788840418
p100_PKB,7.21776188086951e-30,143.22599675970687,0.00010576742150319295,0.0003223905808995363,7.404179e-08,0.028192933523170805,0.007155291391841669
p101_H2,0.3704454776687308,0.8033255239680783,0.0,0.0,0.0,0.0,0.0
p101_P1,0.7512366882333119,0.10058315519993459,0.0,0.0,0.0,0.0,0.0
p101_NCI,2.727718301568266e-53,287.1197644043965,0.0,4.559359825315726e-05,1.3115705e-08,0.2950885930956368,0.07378354995239873
p101_MASS,0.0022678565792733267,9.3962915499666,0.0,6.516139794918926e-05,0.0,0.053377435472114335,0.01336064921751588
p101_SASA,5.255119684013325e-05,16.582653354504917,0.0,7.687018288562497e-06,0.0,0.06701954190190841,0.016756807230049242
p101_PKB,5.280271652581482e-29,138.38456524303206,0.0,1.723822694719201e-05,1.823281e-06,0.18783459076517078,0.04696341306827149
p102_H2,1.4434293865514794e-21,98.01911389487735,0.0,0.00020207131501295773,0.0,0.06735341184415533,0.016888870789792072
p102_P1,0.00027337082429100177,13.396462863868635,0.0,4.8137437165390915e-06,2.438695e-07,0.03890936466161506,0.009728605568706273
p102_NCI,0.011017307900486138,6.501209436067566,0.0,1.9935327965495803e-05,7.927538e-06,0.1605923511126668,0.040155053494610175
p102_MASS,2.3716305494988674e-24,112.86269527142211,0.03577174025129491,0.03709905865909578,0.076282896,0.058901379953865636,0.05201376874143277
p102_SASA,3.255032701618797e-24,112.12210261737121,0.03577174025129491,0.03709905865909578,0.076282896,0.058901379953865636,0.05201376874143277
p102_PKB,0.5071854128953641,0.4403758518968105,0.0,0.0,0.0,0.0,0.0
p103_H2,1.159289413184731e-07,28.750943494298923,0.0,7.861824876210884e-05,3.3563474e-06,0.16708921933546542,0.041792798482908435
p103_P1,1.8874568348507987e-11,46.78579862944366,0.0,4.822965016008923e-05,7.581197e-06,0.009586896064894743,0.002410676728069651
p103_NCI,3.80100344101504e-13,55.074594970152134,0.0,0.00011276931957175779,2.9159537e-06,0.008962676237283196,0.002269590377638919
p103_MASS,4.6091237682631026e-05,16.83817131822337,0.0,5.694332920707913e-05,0.00019969605,0.1628059249766391,0.040765641088735094
p103_SASA,1.855338068751647e-07,27.79946621422209,0.0,0.00033709995114238224,2.6537109e-05,0.15603440115263892,0.039099509553215096
p103_PKB,0.39521007451795276,0.7238474519225545,0.0,0.0,0.0,0.0,0.0
p104_H2,6.590885620772681e-07,25.24670237163899,0.0,1.1299948494734238e-05,8.89691e-06,0.1573114997597664,0.039332924154566136
p104_P1,1.3662285167197452e-14,62.231365480063225,0.0,5.3004721604795966e-05,0.00015752095,0.11851981551828215,0.029682585296529656
p104_NCI,0.29192953382572806,1.112576258188083,0.0,0.0,0.0,0.0,0.0
p104_MASS,0.0031311221317736676,8.797656533624114,1.66820259672023e-05,2.106116370374834e-05,0.0,0.021044997937477647,0.00527068528178715
p104_SASA,1.0220104820298092e-05,19.79177956844538,0.0,0.0002183156874884385,0.0,0.07116834553309843,0.017846665305146718
p104_PKB,0.0004426581952537647,12.475466285896907,0.0,6.807106239079177e-05,5.8774633e-05,0.40949958111464524,0.10240660670241766
p105_H2,0.10839362475942922,2.5848678425139378,0.0,0.0,0.0,0.0,0.0
p105_P1,0.14102771272302855,2.1722003113877983,0.0,0.0,0.0,0.0,0.0
p105_NCI,0.08815201076006136,2.9168979606967973,0.0,0.0,0.0,0.0,0.0
p105_MASS,0.06664353668324771,3.3755694753117553,0.0,3.9382317087425174e-07,1.1487219e-07,0.14407986427092642,0.03602009324157271
p105_SASA,0.06828378045696169,3.335309608870633,0.0,3.9382317087425174e-07,1.1487219e-07,0.14407986427092642,0.03602009324157271
p105_PKB,0.0729129673597601,3.227052302561123,0.0,0.0,0.0,0.0,0.0
p106_H2,4.1893166216000184e-19,85.1561396607222,2.5577094122620125e-05,1.0667256269550753e-05,8.088163e-05,0.21331758791986785,0.05335867847582478
p106_P1,2.594368322869498e-05,17.9609957477809,0.0004694861487424966,3.8912214359882685e-05,9.175846e-06,0.004090400873419663,0.0011519937705459999
p106_NCI,6.265071520312398e-12,49.11381057036176,0.0,3.8104876006404534e-05,4.9355076e-05,0.07482253130639104,0.018727497814610326
p106_MASS,2.2442703777946777e-12,51.29002763840889,0.00020986123650703782,8.243478019656244e-05,2.90005e-06,0.13509275620816805,0.03384698806873016
p106_SASA,2.094865232023907e-07,27.554176671774577,0.00011067796927148226,0.00013533731347613721,8.1455404e-08,0.00317616909468667,0.0008555664582096223
p106_PKB,9.354111540644789e-21,93.75253214103846,0.0,0.00044114088626078223,2.241601e-06,0.08514188328381928,0.021396316442744017
p107_H2,0.014189268382317839,6.048275152350583,0.0,7.058201480917557e-05,2.800797e-06,0.28952953924545266,0.07240073051428851
p107_P1,0.013444369549236829,6.144514826375149,0.0,0.0008484046058257449,0.0008406521,0.03866141976263409,0.010087619115554195
p107_NCI,1.052428011670032e-31,153.6178736869094,0.0,0.00015521813963746965,1.6831647e-05,0.15229779764794904,0.0381174618587396
p107_MASS,7.812639446547035e-08,29.551237558770474,0.0,0.00041786025154708133,1.261141e-05,0.043128501051605324,0.010889743178302278
p107_SASA,6.113189209303408e-08,30.049474139934212,0.0,0.0003652113185103865,1.4672136e-07,0.07281250480217996,0.01829446571051313
p107_PKB,1.738909229350056e-21,97.59270835851376,0.0,0.00012993689154829066,1.2983882e-07,0.2905743882230478,0.07267611373835506
p108_H2,6.313256251768816e-06,20.743319168167904,0.0,0.0004043747248986988,3.4033548e-07,0.20332002509173153,0.0509311850380264
p108_P1,6.081254544898557e-08,30.060119363203526,0.0,0.00019133560360309076,5.6842424e-07,0.1273551410394494,0.031886761266823375
p108_NCI,1.1110806798678922e-12,52.78536132696395,5.385639166011492e-06,0.0005520435516765472,2.9221786e-05,0.012341483036317059,0.003232033503405551
p108_MASS,1.656185485524626e-12,51.935827121136576,0.0,0.0003564945037509781,2.9451728e-06,0.21964580561598662,0.055001311323136806
p108_SASA,7.496799184995208e-12,48.73423132343282,0.0,0.0003564945037509781,2.9451728e-06,0.21964580561598662,0.055001311323136806
p108_PKB,7.92752833914244e-18,78.5845289756119,0.0,5.990633284154611e-05,4.153218e-07,0.15639062232353348,0.03911273599454555
p109_H2,0.15629991101117754,2.0145040262683893,0.0,0.0,0.0,0.0,0.0
p109_P1,0.12852428722205708,2.316359420192327,0.0,0.0,0.0,0.0,0.0
p109_NCI,0.09521242233835885,2.792394276186388,0.0,0.0,0.0,0.0,0.0
p109_MASS,0.07187129040095792,3.2507560580622985,0.0,0.0,0.0,0.0,0.0
p109_SASA,0.08493031914064116,2.9773613989175636,0.0,0.0,0.0,0.0,0.0
p109_PKB,0.09662909287583815,2.76862616601254,0.0,0.0,0.0,0.0,0.0
p110_H2,0.03803819528356926,4.321598757887201,0.009008452177023032,0.008267421094935683,0.0022910517,0.11411728746374873,0.033421053101654094
p110_P1,5.5844255684279687e-05,16.46434954201446,0.0004565509575813465,0.0034154167415217217,1.2229754e-06,0.05796444645396075,0.01545940928210509
p110_NCI,0.0009488874147023957,11.029490085075622,0.0024158793724784085,0.005719161545222216,0.0027148132,0.034855320184197104,0.011426293580785934
p110_MASS,0.4455621017664767,0.5826524018228868,0.0,0.0,0.0,0.0,0.0
p110_SASA,0.10680001863058611,2.60844193682174,0.0,0.0,0.0,0.0,0.0
p110_PKB,0.0008478886505502396,11.24199469632427,0.0,0.00014916620659064067,1.1777028e-06,0.06374082200564396,0.015972791478747812
p111_H2,0.6885489472869419,0.16080972977731225,0.0,0.0,0.0,0.0,0.0
p111_P1,0.6550816353330802,0.19974462721187183,0.0,0.0,0.0,0.0,0.0
p111_NCI,2.70404420717162e-09,36.4351749586109,0.00021718547056694481,0.0008195898509761922,5.435467e-05,0.390441252011756,0.09788309550089551
p111_MASS,0.6201294674227296,0.2459302446093282,0.0,0.0,0.0,0.0,0.0
p111_SASA,0.5531705545505708,0.35204771952937686,0.0,0.0,0.0,0.0,0.0
p111_PKB,0.5173162264125817,0.4197161870693762,0.0,0.0,0.0,0.0,0.0
p112_H2,0.82168130540817,0.050840167490200205,0.0,0.0,0.0,0.0,0.0
p112_P1,0.27611352091621943,1.1881942029802253,0.0,0.0,0.0,0.0,0.0
p112_NCI,0.00034989081740887756,12.924229333102492,0.0036775347535145265,0.003473838304583873,0.00044878403,0.12344544060426572,0.032761399424149414
p112_MASS,0.00035061203131541113,12.920294759747055,0.0007835546806833594,0.004970690559589484,0.00027341978,0.05762485774312422,0.015913130690082117
p112_SASA,0.027950661711021372,4.853685599497938,0.0007835546806833594,0.004970690559589484,0.00027341978,0.05762485774312422,0.015913130690082117
p112_PKB,0.818352064753701,0.05279040115369252,0.0,0.0,0.0,0.0,0.0
p113_H2,3.1578191377157458e-12,50.56514332210232,0.0,5.198697537817579e-05,3.6176763e-05,0.009753686503898495,0.0024604625606660753
p113_P1,2.8996094319350274e-14,60.60427780834183,0.0,5.198697537817579e-05,3.6176763e-05,0.009753686503898495,0.0024604625606660753
p113_NCI,2.985111574372437e-20,91.11687830107327,0.0,5.289439195461975e-05,4.5217575e-06,0.5020263847665931,0.1255209502290235
p113_MASS,6.218560506897406e-22,99.95047136508788,0.0,9.298241168636876e-05,0.0,0.0464661610206146,0.011639785858075243
p113_SASA,2.367197070900923e-21,96.8870783391027,0.0,5.289439195461975e-05,4.5217575e-06,0.5020263847665931,0.1255209502290235
p113_PKB,0.20633400339783972,1.6002816236715347,0.0,0.0,0.0,0.0,0.0
p114_H2,0.0066073422199529296,7.426316792338465,0.0,0.0005943891551674995,6.8206316e-07,0.09536469608385068,0.023989941825544477
p114_P1,0.00015963824936183403,14.430148592480203,0.0,5.674710349598361e-05,1.4662488e-05,0.03222861599734621,0.008075006397199606
p114_NCI,1.1449110287792996e-13,57.64651655933575,0.0016130570569175809,0.005211696262702927,1.3633883e-07,0.4577765763044384,0.11615036649072134
p114_MASS,0.006571002449511239,7.436361396222084,0.000220726085763638,4.1980724814678845e-05,1.3999369e-07,0.0975024395091046,0.024441321578342667
p114_SASA,0.5373538904279338,0.38088592428981644,0.0,0.0,0.0,0.0,0.0
p114_PKB,0.29781308091066816,1.085767789427125,0.0,0.0,0.0,0.0,0.0
p115_H2,6.873209397627724e-06,20.57522310483988,3.819126988957085e-05,0.0006078622651291934,0.0003073713,0.004825692208692769,0.0014447792576549245
p115_P1,1.0877833393812584e-16,72.7878315892497,0.0025409535451015653,0.001040393703927161,2.588091e-06,0.1288161928294421,0.03310003204239084
p115_NCI,0.02683174227100701,4.924790131815349,5.510323546898495e-05,0.0003656740654393829,8.936453e-06,0.4269290600652262,0.10683969345478715
p115_MASS,3.7026074520668154e-05,17.265427310431026,0.00015549877142665333,0.0005632873711495961,5.7508678e-05,0.007584779276919694,0.0020902685243378277
p115_SASA,2.8851256149453262e-11,45.89276432719889,0.00044503172888572074,0.00043045844244731847,0.0,0.06382149293416509,0.01617424577637453
p115_PKB,0.00493927064309614,7.95800610248248,7.001620373947832e-07,0.0005295489295718572,1.4111235e-06,0.18095934308280523,0.04537275082449079
p116_H2,2.5456844832008316e-27,129.04647093655944,0.0,8.354820762389453e-06,1.1147916e-05,0.040181222966327396,0.010050181425711631
p116_P1,2.836456714580438e-29,139.89299313960515,0.0,4.0549508819231344e-05,0.0,0.01800131126834752,0.004510465194291688
p116_NCI,4.832079555360829e-15,64.4860362864188,0.0,2.30515041156166e-05,7.925853e-07,0.09385616368847863,0.0234700019444728
p116_MASS,1.2438603526220507e-22,103.65691299620278,0.0,1.9751563093046916e-05,5.439578e-08,0.019438907132570186,0.004864678272860889
p116_SASA,9.161822655577527e-27,125.98700587987021,0.0,1.9080636113737775e-05,0.0,0.03179697367547519,0.007954013577897231
p116_PKB,0.049586015718644814,3.8703977027322285,0.0,5.030279332966724e-06,4.776575e-06,0.024986026874258483,0.006248958432203923
p117_H2,0.08779744565913873,2.92343385302482,0.0,0.0,0.0,0.0,0.0
p117_P1,0.08538751046684691,2.968630952742817,0.0,0.0,0.0,0.0,0.0
p117_NCI,0.02379926831686561,5.134221472118271,0.0005368759605675448,0.001225744894712788,1.790867e-05,0.14695459615482231,0.037183781419820344
p117_MASS,0.0019365930073751607,9.690593469752743,0.0037978059108827794,0.0016676581528773935,0.001006994,0.1620791966542212,0.04213791369129589
p117_SASA,0.008026211850255573,7.072884593887903,0.0037978059108827794,0.0016676581528773935,0.001006994,0.1620791966542212,0.04213791369129589
p117_PKB,9.994671748360315e-08,29.051565933351974,5.929209940086975e-05,0.0012695704489654282,9.934843e-05,0.18253078900821712,0.04598974999619423
p118_H2,0.7219838651557398,0.12671378024131658,0.0,0.0,0.0,0.0,0.0
p118_P1,1.9660787455929616e-06,23.06053386780304,0.0022458468276367097,0.0007446225151020588,8.2074885e-06,0.06473166233449545,0.016932584791424326
p118_NCI,8.633646488946118e-05,15.618153060092231,0.000495655512278104,0.0006764505992555622,0.000102111655,0.24657248483286331,0.06196167564984835
p118_MASS,0.16192818379440516,1.9607534973122547,0.0,0.0,0.0,0.0,0.0
p118_SASA,0.0764422618472566,3.1493686443363282,0.0,0.0,0.0,0.0,0.0
p118_PKB,0.011311598544649111,6.453859701992817,2.7316934673940506e-05,0.0003434874292053055,0.00084073935,0.16306723779600835,0.04106969537673206
p119_H2,4.299540626811321e-41,209.0530673506864,0.0,0.00017006519418734207,7.204649e-05,0.1606144738017819,0.04021414637115228
p119_P1,1.0352104195379378e-56,310.311996797829,0.0,0.0002676094498623733,1.7731655e-06,0.10923263488873075,0.027375504376032325
p119_NCI,0.3211771756210252,0.9857082802055042,0.0,0.0,0.0,0.0,0.0
p119_MASS,2.2272880979525936e-25,118.42021485489154,0.0005766715805646487,0.000968694444714115,7.781475e-06,0.05177946863413015,0.013333154033546808
p119_SASA,8.44037190664712e-20,88.76495443634366,0.0005766715805646487,0.000968694444714115,7.781475e-06,0.05177946863413015,0.013333154033546808
p119_PKB,9.871936841779173e-12,48.15271486353682,0.0006423805601826569,0.0017760745736830324,6.847785e-07,0.14603651250854757,0.037113913105231565
p120_H2,0.9315801927694483,0.007377336687467015,0.0,0.0,0.0,0.0,0.0
p120_P1,0.9923372415556757,9.231035325055584e-05,0.0,0.0,0.0,0.0,0.0
p120_NCI,0.5359126312554068,0.3835916343801587,0.0,0.0,0.0,0.0,0.0
p120_MASS,0.8415270640014505,0.04000945083232144,0.0,0.0,0.0,0.0,0.0
p120_SASA,0.727405779315527,0.12161586230788607,0.0,0.0,0.0,0.0,0.0
p120_PKB,0.5414807077438921,0.37321140472103803,0.0,0.0,0.0,0.0,0.0
p121_H2,4.279316915692036e-12,49.92085723225809,0.0,0.000386672251193814,8.758106e-05,0.5661860159540036,0.14166506731588033
p121_P1,1.5073978072591172e-11,47.259609439052475,0.0017692638699871414,0.00042694266627251197,8.128724e-05,0.10670951578192547,0.027246752389189346
p121_NCI,1.0203070610930035e-34,170.98714870159128,0.00022589481536553293,0.002553813751115182,3.631453e-05,0.38121009740885553,0.09600653012633582
p121_MASS,0.00041498006218073166,12.59854959958625,0.0,0.00044953854055176836,5.0578565e-05,0.06269080724289428,0.01579773108703563
p121_SASA,3.651920593641638e-24,111.85318997097306,0.0,0.0010451113839055747,2.8517138e-07,0.02111675764060961,0.005540538548974201
p121_PKB,2.1538395063059875e-05,18.325683619601634,8.811308023611239e-05,0.0007493403105098992,0.00037763335,0.23155552442074334,0.05819265278960813
p122_H2,0.680055014068407,0.17022293552314346,0.0,0.0,0.0,0.0,0.0
p122_P1,0.6349114895132772,0.225679893272462,0.0,0.0,0.0,0.0,0.0
p122_NCI,7.4659180156725856e-37,183.53702009949743,0.0,5.5818545522595724e-05,1.3746938e-05,0.0647781432315582,0.016211927178729883
p122_MASS,1.891058802434794e-12,51.653877569470694,0.0,0.00024102161832702045,1.8341201e-05,0.021181472460858986,0.005360208820099507
p122_SASA,1.4574847811400019e-08,32.973794918082625,0.0,0.00021033153696262393,3.7650722e-07,0.019104204352527007,0.004828728099176537
p122_PKB,3.683157472202651e-14,60.08804026559486,5.075605610149846e-05,0.0001801553989864509,4.477431e-07,0.14993749566643713,0.03754221371615747
p123_H2,2.6367239747542218e-24,112.61476609561028,0.0,5.290346380315791e-05,0.0001840775,0.0882906037776793,0.022131896183628492
p123_P1,1.2757410781269097e-10,42.776384317300455,0.0,0.0028588845172668677,0.0,0.03394942072825701,0.00920207631138097
p123_NCI,2.5758708914892722e-11,46.1312289943739,8.123191632700888e-07,5.2954575782255755e-06,1.2449245e-06,0.18986134928039394,0.047467175495417166
p123_MASS,5.780129598317626e-19,84.43346740045476,0.0,2.3289488927407614e-05,0.0,0.04936821728561391,0.01234787669363533
p123_SASA,5.730360365555415e-26,121.62974974105721,0.0,8.42479663665878e-06,0.0,0.025411539604916204,0.006354991100388216
p123_PKB,0.005145748643593893,7.882959350438272,0.0,4.7041787632886625e-05,0.0,0.2892804922206408,0.07233188350206841
p124_H2,4.8782702165885354e-120,864.586023749156,0.0,1.7896149872341862e-05,5.2878875e-08,0.14758223755457775,0.03690004664583118
p124_P1,1.67007374907243e-112,784.309047493392,0.0,1.7896149872341862e-05,5.2878875e-08,0.14758223755457775,0.03690004664583118
p124_NCI,1.1386109944519224e-56,310.02815089133423,0.0,1.5645584970292162e-06,4.9793943e-08,0.25456270796814945,0.06364108058014742
p124_MASS,1.2256776230242996e-129,973.5373988276291,0.07571276667005801,0.2335499395135749,0.0,0.06591718240476085,0.09379497214709843
p124_SASA,2.476854084984971e-126,935.149943136007,0.07571276667005801,0.2335499395135749,0.0,0.06591718240476085,0.09379497214709843
p124_PKB,0.37650139269194927,0.7832087008047215,0.0,0.0,0.0,0.0,0.0
p125_H2,5.002741992579424e-18,79.60896786649283,0.0,6.462335012360086e-05,2.0638551e-07,0.14965475827793437,0.037429897003391444
p125_P1,0.02073433389609587,5.376210957328504,0.0,0.0005487977095926357,6.541078e-07,0.0768206529458521,0.01934252619080961
p125_NCI,1.6464720404472003e-07,28.04089002589704,0.0,0.00015424199418753392,1.1935299e-06,0.20605339396818953,0.05155220737306855
p125_MASS,6.33699429297633e-17,73.97938105670084,1.0769286150687446e-05,0.00017481129804200045,3.9489663e-07,0.15075435019994854,0.037735081420193044
p125_SASA,1.3249056177421673e-15,67.30486352086164,1.0769286150687446e-05,0.00017481129804200045,3.9489663e-07,0.15075435019994854,0.037735081420193044
p125_PKB,0.8152447562091036,0.054645527886730466,0.0,0.0,0.0,0.0,0.0
p126_H2,0.3624968899023179,0.8304372707702913,0.0,0.0,0.0,0.0,0.0
p126_P1,0.3145498528985086,1.0131015072268414,0.0,0.0,0.0,0.0,0.0
p126_NCI,0.39744927111314776,0.7170122932063365,0.0,0.0,0.0,0.0,0.0
p126_MASS,0.2282496783339317,1.45458261853959,0.0,0.0,0.0,0.0,0.0
p126_SASA,0.28141836842103646,1.162231970703753,0.0,0.0,0.0,0.0,0.0
p126_PKB,0.9728282978579283,0.0011610977656094778,0.0,0.0,0.0,0.0,0.0
p127_H2,4.5214990966651665e-26,122.19138286400849,0.0,7.41616466772006e-07,0.0,0.007274678911152906,0.0018188551319049196
p127_P1,9.113737788091916e-27,125.99955079032887,0.0,7.41616466772006e-07,0.0,0.007274678911152906,0.0018188551319049196
p127_NCI,0.8842612631089357,0.021207764601214256,0.0,0.0,0.0,0.0,0.0
p127_MASS,5.094016888770461e-23,105.721677987243,0.0,2.7986558696902928e-06,0.0,0.0011915525095032452,0.00029858779134323384
p127_SASA,4.290789267047996e-40,202.96700128508263,0.0,1.8819691604807726e-07,0.0,0.010448180846054743,0.0026120922607426977
p127_PKB,2.515392357201572e-10,41.35948872924932,0.0,4.6105311286403843e-07,0.0,0.04291356566566783,0.010728506679695172
p128_H2,4.748507778569129e-05,16.78010829329581,6.310594271680398e-05,3.2694821515031117e-06,2.2422407e-06,0.03827632748726375,0.009586236288214398
p128_P1,0.001017005981433955,10.898748411602552,0.0,3.890518157637741e-05,0.0014554333,0.01857210539112335,0.005016610972539962
p128_NCI,4.7371784420431365e-05,16.78476314757812,0.0,0.0020208896820634145,0.0,0.2447434882419817,0.061691094481011274
p128_MASS,1.2561827114948197e-39,200.1407464087396,0.0,0.0014533531740832592,0.0,0.05723059319938684,0.014670986593367524
p128_SASA,1.624662491766056e-33,164.0115178916402,0.0,0.00021399443442494495,0.0,0.07616274798868339,0.019094185605777084
p128_PKB,2.498253103970605e-10,41.37373788785198,0.0,0.00018387194621042252,3.194561e-08,0.2376672075566522,0.0594627778621183
p129_H2,5.340257065693373e-05,16.551365664362603,0.0008766772838395602,0.00034375561811180166,7.964712e-07,0.187971837313772,0.04729826667173753
p129_P1,0.7713686814250706,0.08451285610786416,0.0,0.0,0.0,0.0,0.0
p129_NCI,0.7622478136753512,0.0916044351248737,0.0,0.0,0.0,0.0,0.0
p129_MASS,0.007199488825221846,7.270170214190883,0.0,0.00014356295925849514,3.3792727e-05,0.0637222912688572,0.01597491173871736
p129_SASA,0.2730302444386845,1.2035745106480393,0.0,0.0,0.0,0.0,0.0
p129_PKB,0.173924359657275,1.8530025435597592,0.0,0.0,0.0,0.0,0.0
p130_H2,0.2023347533349039,1.6288552068923023,0.0,0.0,0.0,0.0,0.0
p130_P1,0.010680546577273227,6.5570156736040035,0.0,0.0007669877103196665,0.0,0.0021369661152599844,0.0007259884563949127
p130_NCI,4.8118788040086274e-11,44.81828437295431,0.0,1.7541795588212402e-06,0.0,0.03078857147445723,0.007697581413504013
p130_MASS,0.21753172981815075,1.523646074446935,0.0,0.0,0.0,0.0,0.0
p130_SASA,0.00012256906991071434,14.939998987001376,0.006261088954469502,0.0005662579691388758,0.0,0.000349313666677553,0.0017941651475714827
p130_PKB,0.8889407763210396,0.0195165087045898,0.0,0.0,0.0,0.0,0.0
p131_H2,1.23437136516201e-13,57.48491904463354,0.0,2.4547210481303275e-05,0.0,0.11604192843181085,0.029016618910573038
p131_P1,2.0734042427513439e-07,27.574972649589498,0.0,5.361630087470075e-07,0.0,0.05040616554107605,0.012601675426021199
p131_NCI,0.09027048285699067,2.8784327933535074,0.0,0.0,0.0,0.0,0.0
p131_MASS,4.7177685968259e-21,95.31210120192151,0.0,2.5038996071120186e-07,0.0,0.016706223328474705,0.004176618429608854
p131_SASA,6.245570765478191e-17,74.01145934657347,0.0,0.00016967127971416368,0.0,0.03786029496262802,0.009507491560585547
p131_PKB,1.0035807035449815e-15,67.91169326029572,0.0,2.880451889158331e-06,0.0,0.14862002288414164,0.0371557258340077
p132_H2,0.00043236885207568635,12.520288711862232,0.0,0.0006478118167743303,5.047661e-06,0.05556100650711895,0.01405346649623183
p132_P1,4.3932758248304655e-07,26.06158350572275,0.0,0.00010320634962295326,2.644526e-06,0.04475244429829304,0.011214573793459226
p132_NCI,0.00012295311875244,14.933954871515986,0.0,6.732329937980498e-05,1.0092541e-06,0.0508136561868392,0.012720497185081269
p132_MASS,0.8297803845633085,0.046256432633930596,0.0,0.0,0.0,0.0,0.0
p132_SASA,0.6277130346731076,0.2354069924990812,0.0,0.0,0.0,0.0,0.0
p132_PKB,1.7181154047573907e-22,102.91137319797936,0.0,1.0584148427865167e-05,2.163012e-07,0.09981429865638128,0.024956274776502967
p133_H2,0.8074342805521139,0.05945816551403852,0.0,0.0,0.0,0.0,0.0
p133_P1,0.9698820276863239,0.001426675027285768,0.0,0.0,0.0,0.0,0.0
p133_NCI,0.7279634125408152,0.1210982124303682,0.0,0.0,0.0,0.0,0.0
p133_MASS,0.56918089242688,0.3243979056909638,0.0,0.0,0.0,0.0,0.0
p133_SASA,0.5937159513592571,0.28487058150178113,0.0,0.0,0.0,0.0,0.0
p133_PKB,0.7541957169972151,0.0981250312777473,0.0,0.0,0.0,0.0,0.0
p134_H2,0.061536133772555665,3.5080763704605182,0.0,0.0,0.0,0.0010891606365128824,0.0002722901591282206
p134_P1,0.0615361338332708,3.508076368816424,0.0,0.0,0.0,0.0010891606365128824,0.0002722901591282206
p134_NCI,0.06153613377253555,3.508076370461184,0.0,0.0,0.0,0.0010891606365128824,0.0002722901591282206
p134_MASS,0.06153613377370243,3.5080763704295332,0.0,0.0,0.0,0.0010891606365128824,0.0002722901591282206
p134_SASA,0.06153613378262859,3.5080763701878075,0.0,0.0,0.0,0.0010891606365128824,0.0002722901591282206
p134_PKB,0.061536133924802346,3.5080763663376646,0.0,0.0,0.0,0.0010891606365128824,0.0002722901591282206
p135_H2,6.218158229577682e-19,84.2695798430138,0.0,5.594648884230198e-08,1.4943494e-08,0.022073543556852256,0.005518403611708663
p135_P1,1.1377152495433216e-18,82.91575003048855,0.0,2.676327319967644e-06,0.0,0.035302018110584935,0.008826173609476226
p135_NCI,5.467683987385286e-13,54.297580914755585,0.0,4.1621473175579977e-07,0.0,0.06463268558650474,0.016158275450309123
p135_MASS,3.1373848098135683e-17,75.533115042872,0.0,3.965856941120678e-05,0.0,0.03443686561182468,0.00861913104530897
p135_SASA,2.533663681839728e-15,65.89084502744167,0.0,3.965856941120678e-05,0.0,0.03443686561182468,0.00861913104530897
p135_PKB,1.742231859927775e-06,23.301608635722893,0.0,5.236248997282723e-06,0.0,0.029997690082163495,0.007500731582790195
p136_H2,0.0400512024223,4.233330590273226,0.0,3.5047010516972714e-05,2.4428498e-05,0.12247218999184267,0.030632916375180837
p136_P1,0.04036922384163579,4.2198136697970625,0.0,7.020505649679617e-05,7.3564206e-06,0.0013456512093312234,0.0003558031716096172
p136_NCI,0.8669725969887193,0.028081023903491306,0.0,0.0,0.0,0.0,0.0
p136_MASS,0.04722249496460909,3.9530166605363024,0.00017666697988841847,6.452890579595928e-05,2.4572586e-05,0.10012810306884777,0.025098467885125868
p136_SASA,0.2999713686017192,1.0761036148217917,0.0,0.0,0.0,0.0,0.0
p136_PKB,0.00046184486749716166,12.39463273871551,0.0,3.92310776181919e-05,5.0020204e-05,0.26742753832502114,0.06687919740167764
p137_H2,8.975653105847943e-23,104.41084971191171,0.0,0.0001147972271548494,0.0,0.1325893768511783,0.03317604351958329
p137_P1,8.714183027151776e-24,109.82375818217388,0.0,0.0001147972271548494,0.0,0.1325893768511783,0.03317604351958329
p137_NCI,1.959210491241925e-21,97.31973881212896,0.0,2.7296362341863244e-05,7.398573e-05,0.06531127700208576,0.01635313977305564
p137_MASS,0.09691121523643967,2.763938317090007,0.0,0.0,0.0,0.0,0.0
p137_SASA,1.024980020611672e-06,24.36173571954714,8.132431909977747e-05,5.84278041102545e-06,6.2715235e-06,0.056453265669591,0.014136676073147695
p137_PKB,1.0055391215803443e-25,120.29856380005299,9.454803101872324e-05,4.29725514116572e-08,0.0,0.21547623520107811,0.05389270655116206
p138_H2,3.558628147392237e-09,35.86905327761053,2.298868445329408e-09,8.382336788824998e-06,0.0,0.020326097549262755,0.005083620546230006
p138_P1,7.96136779765017e-11,43.76280379357523,2.298868445329408e-09,8.382336788824998e-06,0.0,0.020326097549262755,0.005083620546230006
p138_NCI,3.1286703332088427e-23,106.85171426599956,0.0,7.304254147085759e-08,0.0,0.01470412119914486,0.0036760485604215823
p138_MASS,1.6714349866750043e-26,124.55515584551328,0.0,2.700200502211267e-06,0.0,0.005905348491617421,0.001477012173029908
p138_SASA,9.515533314647776e-20,88.49418592456925,0.0,5.095618880169712e-07,0.0,0.004712855402891838,0.0011783412411949638
p138_PKB,0.6183290988311498,0.24847064257614537,0.0,0.0,0.0,0.0,0.0
p139_H2,5.454835115480264e-22,100.25150922377199,0.0,0.0006375984158915819,0.0,0.08143713220228696,0.020518682654544637
p139_P1,1.9309778347466793e-19,86.89828680222763,0.0,1.752790747626833e-05,0.0,0.03879280394150123,0.009702582962244376
p139_NCI,1.0473688831780167e-06,24.3184888734685,0.0,9.236121825247464e-07,0.0,0.017914378701189875,0.0044788255783431
p139_MASS,3.347945961835762e-07,26.608526652456845,0.0,1.5018327913934117e-05,0.0,0.07215750527670378,0.01804313090115443
p139_SASA,1.2764885462845906e-16,72.43549153246737,0.0,1.3737640360894927e-06,0.0,0.05608274407321337,0.014021029459312365
p139_PKB,0.00013192813103269488,14.797886102540286,0.0,8.282128707071021e-07,0.0,0.33820375130877406,0.0845511448804112
p140_H2,0.010770603859866725,6.541916471190066,0.0,5.902223297246581e-05,0.0,0.5876032901825672,0.14691557810388492
p140_P1,0.03345045178823425,4.542588862594468,0.0,0.00020980813026468312,0.00039075583,0.14996196939971473,0.037640633339379524
p140_NCI,0.06570489552954244,3.3990888165511723,0.0,2.460146317683304e-05,0.0,0.20714088214992585,0.05179137090327567
p140_MASS,0.032496324752591475,4.592535392874573,0.0,1.6604437174986128e-06,1.679034e-07,0.06333100192614317,0.015833207568313742
p140_SASA,9.848697637359935e-12,48.15769198786391,0.0,1.3376763406975424e-05,0.0,0.009213118441491983,0.0023066238012247396
p140_PKB,0.3469018796802624,0.886091130454524,0.0,0.0,0.0,0.0,0.0
p141_H2,0.06765593769055973,3.3505963741099083,0.0,0.0,0.0,0.0010891606365128824,0.0002722901591282206
p141_P1,2.7496272042101887e-17,75.82510978099768,0.0,6.267347250580316e-07,0.0,0.019650886655683368,0.004912878347602107
p141_NCI,3.79627920646983e-12,50.17467993657344,0.0,1.8181876388219208e-06,0.0,0.06857734114062324,0.017144789832065514
p141_MASS,2.3685740291728363e-20,91.64151282777556,0.0,2.2829390322096213e-05,0.0,0.011724906521546993,0.0029369339779672723
p141_SASA,5.109836232629809e-16,69.38885270902877,0.0,1.9173365086726366e-06,0.0,0.008241649965536868,0.002060891825511385
p141_PKB,1.961311310019817e-24,113.30740310061873,0.0,1.3592125818818875e-07,0.0,0.09485689523568241,0.023714257789235152
p142_H2,0.19029583948219814,1.719052056545244,0.0,0.0,0.0,0.0,0.0
p142_P1,1.1447325448734479e-05,19.56824520950786,0.0,0.0013638609317984647,8.187722e-06,0.013519911317481027,0.0037229899929235558
p142_NCI,0.00010964990994232825,15.155307359616735,0.0,4.447774593671473e-05,2.9371343e-08,0.1140650387564959,0.028527386468443827
p142_MASS,0.8310600579516754,0.045552920935339816,0.0,0.0,0.0,0.0,0.0
p142_SASA,0.15737865315387256,2.004032671812349,0.0,0.0,0.0,0.0,0.0
p142_PKB,0.38175627029199133,0.76611831839689,0.0,0.0,0.0,0.0,0.0
p143_H2,5.5587573256289e-29,138.25994322367907,0.0,8.315067675853424e-06,0.0,0.026657793255357897,0.0066665270807584375
p143_P1,1.1600518290032396e-30,147.7014603430491,0.0,8.315067675853424e-06,0.0,0.026657793255357897,0.0066665270807584375
p143_NCI,0.8903879589221428,0.019007974816894275,0.0,0.0,0.0,0.0,0.0
p143_MASS,3.5036824092017737e-12,50.344722034985715,0.0,1.0892402388581164e-05,0.0,0.03594355357574838,0.00898861149453424
p143_SASA,1.0771500097946957e-07,28.899844670422368,0.0,0.00015936460443146698,0.0,0.07088953059679975,0.017762223800307807
p143_PKB,0.0022568627516673843,9.405336705810635,0.0,0.00010061802882077109,0.0004706535,0.06724581116214443,0.016954270671853754
p144_H2,0.735549715956133,0.11417830602595763,0.0,0.0,0.0,0.0,0.0
p144_P1,0.8887986696466628,0.019566813411955687,0.0,0.0,0.0,0.0,0.0
p144_NCI,1.2354338532799346e-12,52.55945772036821,0.0,3.416582154460515e-05,6.991593e-05,0.22341402295048532,0.05587952617505233
p144_MASS,0.00803176464761323,7.071631150143943,0.0,4.725917811852085e-06,0.0,0.02104692636572252,0.0052629130708835925
p144_SASA,0.0002952407819073275,13.249056626821691,0.0,2.854766707212696e-06,0.0,0.031341799476397224,0.00783616356077611
p144_PKB,0.20158282315563264,1.634302008480915,0.0,0.0,0.0,0.0,0.0
p145_H2,0.0017811759928474341,9.846828078903094,0.0,3.109902857506787e-05,0.0,0.07451961774160516,0.018637679192545057
p145_P1,0.7580427315127264,0.09497909097759409,0.0,0.0,0.0,0.0,0.0
p145_NCI,0.014030279779361879,6.068371521356835,0.0,2.8885547297841025e-05,4.3112354e-06,0.06460815093648158,0.01616033692980568
p145_MASS,0.010576913960491178,6.5745538300810695,0.0,4.8932483523779885e-05,0.0,0.01413203823660923,0.0035452426800332525
p145_SASA,0.03332402485813919,4.5491206882465836,0.0,4.8932483523779885e-05,0.0,0.01413203823660923,0.0035452426800332525
p145_PKB,0.813256094833225,0.055850540294605344,0.0,0.0,0.0,0.0,0.0
p146_H2,0.09532049614774703,2.7905675133864984,0.0,0.0,0.0,0.0,0.0
p146_P1,0.0006226266289897062,11.826753765960078,0.0,2.3914719429310083e-05,6.915454e-07,0.02888640810518124,0.007227753592497878
p146_NCI,0.04987820695398314,3.8604744582535955,0.0,0.0001051236565241363,5.0093114e-08,0.09374442019197536,0.02346239848540329
p146_MASS,0.00426081742630776,8.229321428028351,0.003175569422273197,2.2851521882438003e-05,0.0,0.05908681472517516,0.015571308917332698
p146_SASA,0.0012609124228689637,10.49417593117487,0.0,3.588880025467692e-05,0.0,0.012416899906246122,0.0031131971766251995
p146_PKB,0.55710921322525,0.3451047392874253,0.0,0.0,0.0,0.0,0.0
p147_H2,0.7302958032237925,0.11894645839424177,0.0,0.0,0.0,0.0,0.0
p147_P1,3.6644498422527924e-37,185.3699510679357,0.0,6.987631620224664e-05,0.0,0.03597086043955641,0.009010184188939665
p147_NCI,1.7155404812631897e-12,51.860954256132935,0.0,4.955949616052503e-05,0.002119862,0.2848766586819645,0.07176152004674122
p147_MASS,2.000056977504261e-15,66.40625594484521,0.0,6.414493949887944e-07,0.0,0.021109156752625348,0.005277449550505084
p147_SASA,2.202298875458188e-15,66.19626845777256,0.0,6.414493949887944e-07,0.0,0.021109156752625348,0.005277449550505084
p147_PKB,4.5037672637563756e-38,190.7938736114514,0.0,1.7241783866100985e-05,0.0,0.16518382968084633,0.04130026786617811
p148_H2,0.1622921575738169,1.9573511911245922,0.0,0.0,0.0,0.0,0.0
p148_P1,0.0012112102590045243,10.56976317947646,0.0,0.002732689067607636,1.4894339e-05,0.09278070563749863,0.02388207226104509
p148_NCI,0.12448669799292901,2.36628966236612,0.0,0.0,0.0,0.0,0.0
p148_MASS,0.04616252953138235,3.9915002777971686,0.0,0.00045489006723728383,0.0,0.05476096550741343,0.01380396389366268
p148_SASA,0.5848023366785013,0.29884479155869426,0.0,0.0,0.0,0.0,0.0
p148_PKB,4.84480896052834e-24,111.19297050356394,0.0,4.296065652340296e-05,0.0,0.13498202437929344,0.03375624625895421
p149_H2,2.8773132115698315e-09,36.30708193643878,1.7293483602526091e-09,7.974291481951667e-06,2.115651e-06,0.3348743563455885,0.08372111200432632
p149_P1,1.1334990534106703e-06,24.16036739238322,0.0,0.0003375300918052242,1.1774205e-08,0.06710606461876442,0.01686090162119359
p149_NCI,9.229323584478137e-07,24.571707870033354,0.0,0.0008049778772449154,0.0,0.03077875756875662,0.007895933861500384
p149_MASS,6.319875023652205e-06,20.741245859159548,0.0,5.139748433294342e-05,3.7672623e-06,0.14010348145272603,0.03503966154985026
p149_SASA,6.442749632060542e-08,29.94277134534373,0.0,0.00017452907026007023,0.0,0.121130266553778,0.030326198906009516
p149_PKB,0.8182135519504579,0.05287237764149023,0.0,0.0,0.0,0.0,0.0
p150_H2,2.7622470003927255e-07,26.9960946287679,0.0,4.55184116314395e-05,6.549899e-05,0.06057119024923724,0.015170551913373692
p150_P1,7.750085303035107e-08,29.567556401244254,0.0,8.192920649142842e-05,1.5584085e-06,0.017924862515388846,0.0045020875325913
p150_NCI,6.801845140150817e-12,48.93993156061269,0.0,6.940185665120316e-05,0.0009264105,0.2622368553783009,0.06580816693081769
p150_MASS,4.475508595401446e-24,111.37810652751743,0.0,0.00016863289747187952,1.4403316e-05,0.04999376028462142,0.012544199124427707
p150_SASA,5.6659468504705465e-21,94.89447002030106,0.0,4.786041637013025e-05,0.0,0.024092355247554192,0.00603505391598108
p150_PKB,6.878251886270402e-07,25.1610734152689,0.0,6.440525772287505e-05,1.3859791e-07,0.05692248694317313,0.014246757699701955
p151_H2,1.18102883608533e-16,72.6066622918448,9.785127556488803e-05,1.3649916855655368e-05,8.620764e-09,0.15988913920309106,0.04000016225406881
p151_P1,7.014904618252878e-05,16.021005811734753,0.0,9.393548059341289e-06,0.0,0.10052911653939614,0.02513462752186387
p151_NCI,0.00041480567658053663,12.599351145734982,0.0,8.99532370532726e-05,0.0,0.08128790472377984,0.020344464490208276
p151_MASS,0.5080082239997572,0.43867128294388646,0.0,0.0,0.0,0.0,0.0
p151_SASA,0.9408978051537991,0.0055013763875650925,0.0,0.0,0.0,0.0,0.0
p151_PKB,0.6303559301095354,0.23180634350889615,0.0,0.0,0.0,0.0,0.0
p152_H2,0.10741650681184976,2.5992766602228405,0.0,0.0,0.0,0.0,0.0
p152_P1,6.781508095915529e-05,16.086730368205032,0.0,0.000528674607542832,9.426481e-05,0.004145212423591147,0.0011920379605824694
p152_NCI,0.007558388526477025,7.181811810276257,0.0003812578730035648,0.0005936682036933857,0.0006087045,0.015296202259059088,0.004219958213570708
p152_MASS,0.1652281025308596,1.9302222169323933,0.0,0.0,0.0,0.0,0.0
p152_SASA,0.053575675917739755,3.739974477920975,0.0003693130335238733,0.0006231566647190213,0.0,0.055817349949217124,0.014202454911865005
p152_PKB,0.056570201447819136,3.6486838212177384,0.0023719169148225137,0.0016842492995093217,0.0,0.18879047173924104,0.04821165948839322
p153_H2,0.5759244317376568,0.3131981833219539,0.0,0.0,0.0,0.0,0.0
p153_P1,0.06853134013992436,3.3293233821175234,0.0071460040559815675,0.002593539449465905,1.8061762e-06,0.04739706524732586,0.014284603732247037
p153_NCI,0.18125042371296918,1.791327312934268,0.0,0.0,0.0,0.0,0.0
p153_MASS,0.7553915024906045,0.0971411410260032,0.0,0.0,0.0,0.0,0.0
p153_SASA,0.32892628544436464,0.9546090466138807,0.0,0.0,0.0,0.0,0.0
p153_PKB,0.07815591627484428,3.11303152269757,0.0,0.0,0.0,0.0,0.0
p154_H2,0.479239634158374,0.5011935976435121,0.0,0.0,0.0,0.0,0.0
p154_P1,0.13665303784000857,2.220948755475583,0.0,0.0,0.0,0.0,0.0
p154_NCI,0.029481943090062968,4.761046992736978,7.838147827863865e-05,0.00030486422876717714,6.309384e-05,0.3556543917921084,0.08902518283416987
p154_MASS,0.0003225270881765069,13.079907154637505,0.00033578221795193647,0.0004035469044384246,0.00011375176,0.07522268331387728,0.019018941049339762
p154_SASA,0.002966839361013575,8.897433033491403,0.0,0.0002113105890620603,0.0,0.05961762574165971,0.014957234082680444
p154_PKB,8.046577950274312e-05,15.754700261325503,1.7752215247360967e-06,0.00019433714604693688,0.0,0.15360044137434448,0.038449138435479036
p155_H2,3.705325448772978e-48,253.4035761645746,0.0,7.262262702889662e-05,0.00016417625,0.1753558889564226,0.043898171958390235
p155_P1,8.937165502343858e-71,412.0752646919698,0.0,1.2383947265073855e-05,0.0,0.06746580855918798,0.016869548126613263
p155_NCI,2.6227019829070415e-29,140.08339902856392,1.4027167515584798e-05,0.0002580144224765439,0.012801996,0.2950558357801448,0.07703246845059543
p155_MASS,0.14415431432307252,2.138391097095587,0.0,0.0,0.0,0.0,0.0
p155_SASA,8.601959156692495e-12,48.44359717557302,0.0,6.469557185048954e-05,0.0,0.04024741740144119,0.01007802824332292
p155_PKB,2.430645118984737e-07,27.254065554221587,1.5677910992858523e-07,4.779558250675994e-05,0.0,0.21423351573214602,0.05357036702344068
p156_H2,0.03130170641071993,4.657280536947144,0.0,1.7340646382060818e-05,7.792831e-05,0.041778401794676276,0.010468417687087481
p156_P1,0.21023157003373302,1.5730581579210905,0.0,0.0,0.0,0.0,0.0
p156_NCI,0.02676982931197569,4.928814365611581,0.0,0.001366497202515714,1.5222119e-07,0.18067136898582128,0.04550950460238183
p156_MASS,3.4790997708883145e-05,17.38704117969484,0.0,3.548212504972182e-05,3.0138692e-06,0.003456444356761801,0.0008737350877574291
p156_SASA,9.351681371026633e-05,15.463351716916144,0.0,6.300964988969414e-05,0.0,0.018179785557434925,0.004560698801831155
p156_PKB,0.00018418297638280256,14.154750040954632,0.0020539440694564066,4.2030096067878197e-05,0.0,0.3368225701428307,0.08472963607708874
p157_H2,0.3261741501016263,0.9655418926216758,0.0,0.0,0.0,0.0,0.0
p157_P1,0.18605008897431105,1.7524670832134588,0.0,0.0,0.0,0.0,0.0
p157_NCI,0.08396610714267881,2.995941992918607,0.0,0.0,0.0,0.0,0.0
p157_MASS,0.6304584547594945,0.2316673542343658,0.0,0.0,0.0,0.0,0.0
p157_SASA,0.9164091135549071,0.011025087084210452,0.0,0.0,0.0,0.0,0.0
p157_PKB,0.0042730743881245065,8.224038702879591,0.00018159365220265646,5.4447202552337284e-05,1.7679924e-05,0.3980580733570922,0.09957794853395811
p158_H2,1.9805269864325637e-05,18.490255420594938,0.0002038490181332679,0.0001197022008156758,0.00034011246,0.35652013872591687,0.08929595060018838
p158_P1,0.23179839909011457,1.432570859443726,0.0,0.0,0.0,0.0,0.0
p158_NCI,5.8670663187916155e-09,34.84019218839168,0.00039346872196131767,0.00016705614643372846,1.3110152e-05,0.06672859844506966,0.016825558366464877
p158_MASS,5.15628572775065e-07,25.73963398084974,0.0,0.00011131797902780226,4.5484817e-06,0.16373190849124966,0.0409619437379903
p158_SASA,8.649290122226878e-06,20.121063669855516,0.0,0.00011131797902780226,4.5484817e-06,0.16373190849124966,0.0409619437379903
p158_PKB,6.193943324957725e-19,84.2783328204576,0.0,7.708863274962705e-05,7.04922e-07,0.38167713948500454,0.09543873325993896
p159_H2,0.02866846568088693,4.809617458765352,0.0,0.000494487852029726,5.780265e-07,0.2238571586746659,0.05608805613830279
p159_P1,0.7738348729518413,0.08264856742514982,0.0,0.0,0.0,0.0,0.0
p159_NCI,0.005455205308253799,7.776059928045257,0.0,4.064681518659742e-05,4.07774e-08,0.040913123865410204,0.010238452864499453
p159_MASS,0.0002471029876808467,13.59014459476156,0.0,5.0837409284126625e-05,0.0,0.08193228310975877,0.020495780129760725
p159_SASA,0.0003971917194051438,12.682119996207197,0.0,0.0015569432207066319,0.0,0.07851330835413077,0.020017562893709352
p159_PKB,0.12705707662945473,2.33429861379497,0.0,0.0,0.0,0.0,0.0
p160_H2,0.5893720270638898,0.2916267134087385,0.0,0.0,0.0,0.0,0.0
p160_P1,0.5893720270661539,0.2916267134052013,0.0,0.0,0.0,0.0,0.0
p160_NCI,0.5893720270630465,0.29162671341005003,0.0,0.0,0.0,0.0,0.0
p160_MASS,0.5893720270648666,0.2916267134072773,0.0,0.0,0.0,0.0,0.0
p160_SASA,0.5893720270643339,0.2916267134080571,0.0,0.0,0.0,0.0,0.0
p160_PKB,0.5893720270317061,0.29162671345916347,0.0,0.0,0.0,0.0,0.0
p161_H2,0.10314190163051942,2.6640512604401634,0.0,0.0,0.0,0.0,0.0
p161_P1,0.003963598350300545,8.36240368893773,0.0006518949052020539,0.0004229304752854004,3.6605583e-05,0.015706882184345065,0.00420457828692402
p161_NCI,8.690417161468709e-09,34.033405679660554,0.00034717356746251425,0.00027903580627820725,8.732584e-06,0.395582050266111,0.09905424805604285
p161_MASS,0.0021976771020045063,9.45481506747717,0.013759344848330912,0.000403108493784689,0.0005593263,0.15495753993045686,0.04241982989801552
p161_SASA,0.3532822395458144,0.8629151418708125,0.0,0.0,0.0,0.0,0.0
p161_PKB,3.4415299833543276e-05,17.408254331498522,3.050327120758137e-05,0.00046348002829605604,1.0852144e-06,0.29602388692719395,0.07412973886027975
p162_H2,0.3775389227340388,0.7798077697515494,0.0,0.0,0.0,0.0,0.0
p162_P1,0.0016660935622654094,9.971720821854927,0.0,1.985757858792132e-05,9.847602e-06,0.0733772916757972,0.018351749214117946
p162_NCI,0.045155655859525086,4.028930991143852,0.0,0.00016901357875450816,1.4780113e-06,0.14179202286397818,0.03549062861351151
p162_MASS,0.009228979240934135,6.820266695174302,0.0,1.008952451527469e-05,2.1846692e-08,0.08166500377280951,0.020418778786004087
p162_SASA,0.032469141234731574,4.593980795419702,0.0,1.008952451527469e-05,2.1846692e-08,0.08166500377280951,0.020418778786004087
p162_PKB,0.00011209540855584895,15.112650212219071,0.0,4.509130960518884e-05,6.4750466e-06,0.07269644655311286,0.01818700322732335
p163_H2,3.9026053256545445e-09,35.67900481236448,0.0002946386341947601,7.794248175365075e-05,1.8013552e-05,0.15947989492744147,0.0399676223988744
p163_P1,0.012574865611021611,6.264063504850732,0.000813881042872253,0.0013474758068068682,1.2370155e-06,0.07550007520660595,0.019415667267934675
p163_NCI,3.626216298469938e-39,197.3611721204833,7.598690614497156e-06,4.7418471024334234e-05,1.2481998e-07,0.21063010039938418,0.0526713105952499
p163_MASS,2.8660646279665087e-10,41.087568894775536,0.0,6.953206124392058e-05,0.00010225833,0.024880069189938,0.006262964895551968
p163_SASA,2.536314860237382e-12,51.030250913553715,0.0,0.0004618929740886757,0.0,0.01428739245420178,0.003687321357072614
p163_PKB,0.00024331768923239121,13.619759399690079,0.0,0.00011178858920555546,1.13790996e-07,0.3289944588403786,0.08227659030514509
p164_H2,0.00033710414899872684,12.995382661002624,0.0,0.0001247519800024548,2.244253e-05,0.04038042552650697,0.010131905008970078
p164_P1,0.0335622846549755,4.53683255283296,0.0,0.00028156873753511,0.00024666727,0.05055893266262245,0.012771792168549666
p164_NCI,0.20696975332024214,1.5957996957646896,0.0,0.0,0.0,0.0,0.0
p164_MASS,1.0172724142677802e-11,48.08933614305795,0.0005392926577010746,0.00040239207940464503,0.00016173549,0.015412606489582691,0.004129006678290109
p164_SASA,3.160613095673762e-07,26.724533000729668,1.6436770633450198e-05,0.0002039764036012679,0.00020934871,0.0004950235645346644,0.0002311963628960886
p164_PKB,4.153161965812121e-10,40.31555584780745,0.0,0.00037438316543486085,4.6172963e-06,0.10482883055288374,0.026301957753661304
p165_H2,3.746843787036524e-30,144.82800716047353,0.0,0.0002522271294772248,0.00016749025,0.2981008213232608,0.07463013467445348
p165_P1,4.489899820519087e-18,79.84988814611326,0.0,3.246688902672229e-05,0.0,0.12683542201115655,0.03171697222504582
p165_NCI,2.890329014473784e-66,378.28460856862205,0.0,0.000548813614468935,7.3454396e-07,0.2520665290402152,0.06315401929966101
p165_MASS,0.002339696495176205,9.338261595249273,4.561800899896016e-06,0.0001222440639034142,7.586853e-08,0.055129888537072444,0.013814192567600804
p165_SASA,7.87429437171136e-09,34.235787362004004,0.0,3.610713514264198e-05,0.0,0.1057980512727057,0.026458539601962084
p165_PKB,1.291267906725566e-25,119.70730794661662,7.480133677239433e-05,0.0001488799407370043,1.4265294e-08,0.018863757996592265,0.0047718633848488744
p166_H2,1.848880778649636e-14,61.576708166622055,0.0,4.4331204325127975e-06,0.0,0.08525338124325126,0.02131445359092094
p166_P1,1.2422276030312248e-10,42.832025262177545,0.0006679528355390971,9.772799562062966e-06,0.0,0.03966209364538669,0.010084954820121964
p166_NCI,7.326194368002117e-05,15.93669972932139,0.0,5.735228486622299e-07,0.0,0.0989990794006289,0.024749913230869388
p166_MASS,8.47377317352606e-22,99.24010957971845,0.0,4.4331204325127975e-06,0.0,0.08525338124325126,0.02131445359092094
p166_SASA,8.326276670480072e-16,68.32000607572405,0.0,4.4331204325127975e-06,0.0,0.08525338124325126,0.02131445359092094
p166_PKB,0.8568779196936478,0.0325529056305936,0.0,0.0,0.0,0.0,0.0
p167_H2,7.304694302301091e-25,115.6241235851957,8.917236785819531e-05,0.00041503952392636705,0.00084593496,0.014406501490253357,0.003939162086222928
p167_P1,1.4538923148876588e-07,28.29249922306744,0.0,0.00029706065952001567,2.304156e-08,0.03260298722811987,0.008225017732299915
p167_NCI,7.309574879554394e-07,25.03907616582458,0.0,5.619907024324541e-05,0.00010113778,0.12439298545996648,0.031137580578207848
p167_MASS,3.6787542606514806e-19,85.44814838278819,0.0007660313845746059,0.0006046653617705779,0.0007308023,0.21633117104407645,0.054608167523866095
p167_SASA,7.549354093927737e-23,104.81105083327395,0.0017114391724537123,0.0005619850969631691,1.482535e-06,0.19290715050377222,0.04879551432705385
p167_PKB,0.745603825945355,0.10535524122292553,0.0,0.0,0.0,0.0,0.0
p168_H2,3.1271741617738922e-21,96.25077063678546,0.0,6.175061518381028e-05,4.843614e-05,0.35548476170159815,0.08889873711439227
p168_P1,5.932138993884354e-22,100.05878509238707,9.493727984138374e-05,0.00021270147158440202,0.0,0.16657316861744706,0.04172020184221821
p168_NCI,0.008109735220192402,7.054123964925678,0.005551940772451566,0.0009940185197280815,0.00062810915,0.12627509862641037,0.03336229176670697
p168_MASS,4.787198441635658e-27,127.53608508389136,0.0,0.000153954128490014,6.0610836e-07,0.1853028725484782,0.04636435819633159
p168_SASA,6.2470555144875395e-25,115.99169518690704,0.0017334243995064606,0.0004719700783939221,8.8523836e-07,0.1827558700140498,0.046240537432578645
p168_PKB,1.5445726447296326e-06,23.541954902524786,0.0,7.198912775209851e-05,0.0001485644,0.004834006928564876,0.0012636401146991633
p169_H2,3.8481667252884815e-05,17.190143676304046,0.0,5.129764370634382e-05,0.0,0.040568571937814484,0.010154967395380207
p169_P1,2.9413206010727e-11,45.85220358319979,0.0,1.4408229670373426e-05,3.115036e-06,0.005053263662257539,0.0012676967319699408
p169_NCI,0.37313848511996583,0.7943232458515445,0.0,0.0,0.0,0.0,0.0
p169_MASS,6.461898431719607e-14,58.87657963144778,0.0,2.40183076393814e-05,9.754251e-09,0.10431761615976091,0.02608541105541276
p169_SASA,1.5173999749618732e-14,62.004187176582185,0.0,4.781753757265879e-06,0.0,0.0600574697929777,0.015015562886683742
p169_PKB,0.14311669097874455,2.149518925654483,0.0,0.0,0.0,0.0,0.0
p170_H2,0.024956077122805155,5.0512156958633305,0.0,0.0,0.0,0.031471970602005045,0.007867992650501261
p170_P1,0.04763000975649362,3.9384636984782824,0.0,0.0,0.0,0.021562448718815245,0.005390612179703811
p170_NCI,0.019412007628709146,5.492330453128803,0.0,0.0,3.5269807e-07,0.3261095090010079,0.08152746542476855
p170_MASS,0.1847931536437088,1.762530198071831,0.0,0.0,0.0,0.0,0.0
p170_SASA,0.3081766390794039,1.0401669120541053,0.0,0.0,0.0,0.0,0.0
p170_PKB,0.13877230206948155,2.197117380132061,0.0,0.0,0.0,0.0,0.0
p171_H2,1.2316796169523207e-07,28.628257304962606,0.0,9.588091433173245e-05,7.601386e-05,0.06916057674908856,0.017333117880186107
p171_P1,0.7634454333071703,0.09065551396409473,0.0,0.0,0.0,0.0,0.0
p171_NCI,1.4263773572797502e-11,47.376094905505916,0.0,4.456074105616424e-05,7.56848e-07,0.09387731372052734,0.023480657827398384
p171_MASS,0.00011174699811832829,15.118669861706145,0.0,8.237657345887991e-05,3.559721e-08,0.09098404174691865,0.022766613479397013
p171_SASA,7.540128734036924e-05,15.880830245242237,0.0,8.881861894456024e-05,0.0,0.11385467418603681,0.028485873201245345
p171_PKB,7.177657690369683e-06,20.48952717494607,0.0,0.00015465043323019018,2.0644119e-07,0.08911224285360786,0.022316774932005994
p172_H2,4.206874794973174e-05,17.016231603328805,0.00020303840305460684,4.0639636930168955e-05,0.0006687071,0.4467191542676549,0.11190788485917988
p172_P1,0.007070076906864155,7.303142391266869,0.0,6.96683264888642e-05,0.0059063174,0.06837377717108091,0.018587440720155172
p172_NCI,0.0021447942158982535,9.500184830541025,0.0002980884137247112,0.0008144813007597099,3.8927963e-05,0.035708695051012436,0.00921504818213237
p172_MASS,0.021474106223213968,5.314554384123322,0.0003360075607388548,0.0002202001533869797,2.902162e-05,0.2903396425917191,0.07273121798131416
p172_SASA,0.02031947438417375,5.4117945693500165,3.5551557240860774e-05,0.00038624275412088793,0.0,0.25214512616572254,0.06314173011927107
p172_PKB,0.4500053383867614,0.5713549260139802,0.0,0.0,0.0,0.0,0.0
p173_H2,8.122041889402014e-22,99.3373883176827,0.0,0.0007653639847125833,0.0,0.10009986702634853,0.025216307752765278
p173_P1,1.3130967932056676e-28,136.1788056818788,0.0,0.0013309989133460888,0.0,0.014795898042027028,0.004031724238843279
p173_NCI,1.249944246469604e-28,136.29797872328885,0.0,4.502887893135651e-06,0.0,0.17719380838777907,0.04429957781891805
p173_MASS,4.036650844625161e-27,127.94360836104828,0.0,2.6164838031930047e-05,1.4121247e-07,0.09625978253155534,0.024071522145513693
p173_SASA,3.1429385326716654e-23,106.84115757089573,0.0,7.091269341120796e-07,0.0,0.07160399562676759,0.017901176188425426
p173_PKB,2.619760573122013e-08,31.77533121630465,0.0,2.2437585257362353e-06,5.4208654e-06,0.06349271871251683,0.015875095834101568
p174_H2,0.3431090872473368,0.9001444850291799,0.0,0.0,0.0,0.0,0.0
p174_P1,0.4312547108346697,0.6202440049813838,0.0,0.0,0.0,0.0,0.0
p174_NCI,0.25639280504397977,1.2904876903407807,0.0,0.0,0.0,0.0,0.0
p174_MASS,0.27514869088698096,1.1929837538286323,0.0,0.0,0.0,0.0,0.0
p174_SASA,0.36356591183176945,0.8267431274656183,0.0,0.0,0.0,0.0,0.0
p174_PKB,0.43613700280569867,0.6072039260434903,0.0,0.0,0.0,0.0,0.0
p175_H2,6.706939441445954e-21,94.5100651903302,0.0,0.0008203853188836171,0.0002985291,0.009578930519451329,0.0026744612362482245
p175_P1,4.078685881930588e-19,85.21626096886352,0.0,0.0008203853188836171,0.0002985291,0.009578930519451329,0.0026744612362482245
p175_NCI,3.1867640050389058e-18,80.61414011549866,0.0,0.0006536698296411516,0.0,0.3138794721773864,0.07863328550175688
p175_MASS,1.198939967862985e-27,130.8513609491742,0.0,0.0006986358861354345,0.0,0.05578569085428072,0.014121081685104038
p175_SASA,9.305564142433752e-28,131.45981066163472,0.0,0.0006986358861354345,0.0,0.05578569085428072,0.014121081685104038
p175_PKB,1.0860067889099371e-29,142.22947046580677,0.0,0.0009388858905181686,0.00015282985,0.2200605730376666,0.055288072193376066
p176_H2,0.9344979269431356,0.006760154130859482,0.0,0.0,0.0,0.0,0.0
p176_P1,0.6394407243414463,0.21968826019223492,0.0,0.0,0.0,0.0,0.0
p176_NCI,0.9749723693198026,0.0009850290727598558,0.0,0.0,0.0,0.0,0.0
p176_MASS,0.5939487709931732,0.28451135007008516,0.0,0.0,0.0,0.0,0.0
p176_SASA,0.024674429242998105,5.071050679572649,0.0001760826533819212,8.224526614579161e-06,0.0,0.04898425437338611,0.012292140388345653
p176_PKB,0.6987450306377889,0.1499183134077353,0.0,0.0,0.0,0.0,0.0
p177_H2,0.01849005440365614,5.578250783795403,0.0,0.0004979361218001564,4.600977e-05,0.10303723328937582,0.02589529479504245
p177_P1,1.1435453165228527e-18,82.90430800899786,0.0,0.00043636013660323323,0.0,0.010880291786675173,0.0028291629808196014
p177_NCI,6.746129641635311e-32,154.71931821460876,0.0,0.0007907956164387897,0.0,0.011118547279000388,0.0029773357238597944
p177_MASS,4.2601282050683914e-36,179.0694885281578,0.0,0.0007077851249320282,9.344701e-06,0.0485397671108282,0.01231422423409738
p177_SASA,1.1257037120319e-27,131.00264986315773,3.014930582320858e-05,0.0005401053902430285,0.0,0.036825264338154536,0.009348879758555194
p177_PKB,0.00027251416870462824,13.402476913672315,0.0,0.0007588748985191834,0.0,0.04420613977823558,0.01124125366918869
p178_H2,2.282985389862006e-07,27.38055207091019,0.0,0.00012048611084495062,9.842181e-07,0.018043724226686434,0.004541298638908934
p178_P1,0.9156413485440079,0.011229307925836022,0.0,0.0,0.0,0.0,0.0
p178_NCI,0.02019901779871594,5.422267733589193,0.0,6.656423262072315e-05,3.779448e-06,0.13402572914850125,0.03352401820727536
p178_MASS,4.0726600728419954e-19,85.21958247123575,0.0,3.2048581118281576e-05,2.8794106e-05,0.018083186380235,0.004536007266756827
p178_SASA,2.406317757888505e-18,81.2410436621845,0.0,0.0001854255087027751,0.0,0.009669477863433909,0.002463725843034171
p178_PKB,0.000722378310667641,11.545056691393581,0.0,0.0001083915426752419,2.2455493e-05,0.05040005738954548,0.012632726106382273
p179_H2,0.11338858599343424,2.5133798981997524,0.0,0.0,0.0,0.0,0.0
p179_P1,0.05530792821151634,3.6865238260284214,0.0,2.530210923025909e-07,0.0,0.0063230267239770665,0.0015808199362673423
p179_NCI,0.9411568297330706,0.005453173081156558,0.0,0.0,0.0,0.0,0.0
p179_MASS,0.6745267635384201,0.1765182953276814,0.0,0.0,0.0,0.0,0.0
p179_SASA,0.26401555814401184,1.2498207531480356,0.0,0.0,0.0,0.0,0.0
p179_PKB,0.9049518515252587,0.014269908094595865,0.0,0.0,0.0,0.0,0.0
p180_H2,3.180025681283725e-25,117.58073216057144,0.0006287806181896562,0.0006598361546813995,0.0003782828,0.3400002392501513,0.08541678470548555
p180_P1,1.3221419659135832e-16,72.35812126728219,0.0,0.0006843013847209312,1.858e-06,0.3040150137995335,0.07617529329606829
p180_NCI,3.1433414943889814e-11,45.71255291638866,0.00010849271175402321,0.0007844012783909171,3.333509e-05,0.32004721203715053,0.08024336027953578
p180_MASS,3.910281754012482e-11,45.25383764187278,0.0018514892938941584,0.0007861963006863266,2.3258674e-06,0.22149067780313125,0.05603267231627772
p180_SASA,3.6139350230500783e-13,55.182532589384664,0.0014438057431350952,0.00041224126960947037,0.0,0.17740932068502502,0.04481634192444239
p180_PKB,5.860260028242009e-25,116.1419598254294,0.0008937000858799352,0.0011866262177930046,4.7501935e-06,0.11784128004258768,0.02998158913494301
p181_H2,0.05904891920449226,3.5769248390616863,0.0,0.0,0.0,0.005003567881280232,0.001250891970320058
p181_P1,0.11681086283832667,2.4663791359141816,0.0,0.0,0.0,0.0,0.0
p181_NCI,0.11096785341677691,2.5475821868502124,0.0,0.0,0.0,0.0,0.0
p181_MASS,0.07698029962255257,3.1378660155240303,0.0,0.0,0.0,0.0,0.0
p181_SASA,0.09030223529102505,2.877863753514388,0.0,0.0,0.0,0.0,0.0
p181_PKB,0.057296077406707106,3.627328382636347,0.0,0.0,0.0,0.0010891606365128824,0.0002722901591282206
p182_H2,5.961291154662255e-39,196.06109016925274,0.0,0.0006986914122051141,0.0,0.11087113996748207,0.027892457844921798
p182_P1,1.6945745339450232e-26,124.52244469882464,0.0,0.00018674103080546444,0.0,0.046992572353070305,0.011794828345968943
p182_NCI,1.9934709659765375e-20,92.03276178576895,0.0,5.735455118727353e-05,8.536253e-05,0.030093623517320367,0.007559085150010858
p182_MASS,3.625628979203329e-25,117.27183633928705,0.0,2.0544164281074125e-05,0.0,0.03109836332324305,0.007779726871881032
p182_SASA,4.107702956629648e-36,179.16269625071857,0.0,0.0004362457918625606,0.0,0.02760052928097001,0.007009193768208142
p182_PKB,1.6684521439589937e-09,37.43222674248038,0.0,0.00025759280804253735,0.0,0.4639000685497641,0.11603941533945167
p183_H2,2.825637164165913e-16,70.68828120735907,0.0,5.036371022417839e-08,0.0,0.043526289267944746,0.010881584907913742
p183_P1,0.0066017413988682565,7.427861211431014,0.0,2.4432537692451065e-07,0.0,0.010597109731608234,0.00264933851424629
p183_NCI,3.3400726364011728e-25,117.4650539269164,0.0,6.921604191314654e-09,0.0,0.28510618640498747,0.07127654833164791
p183_MASS,1.627414593480693e-08,32.74813924542353,0.0,9.118064059361802e-06,0.0,0.07414296536799296,0.01853802085801308
p183_SASA,2.1918055358566747e-14,61.208838924918446,0.13936138444439855,0.2465493263410818,0.16443366,0.0714828772988232,0.15545681155182997
p183_PKB,1.9357496920944117e-24,113.33812423350443,2.23563411151377e-06,0.0,0.0,0.16663297010808115,0.04165880143554816
p184_H2,0.0012351716250250768,10.532937325649456,0.0,4.472562103526116e-05,0.0,0.022631964679280647,0.005669172575078977
p184_P1,4.357547526592748e-09,35.45199445157277,0.0,0.0003951956931250827,0.0,0.007276261838979062,0.001917864383026036
p184_NCI,3.305024491187071e-10,40.79083302595636,0.0,0.0008622356735308483,3.5191833e-06,0.16366009055435343,0.04113146135280548
p184_MASS,0.20913329630895844,1.5806683802331758,0.0,0.0,0.0,0.0,0.0
p184_SASA,0.0013192606316158818,10.409207241170508,0.0,4.570554615274609e-05,0.0,0.01728405230220171,0.0043324394620886135
p184_PKB,4.585204458725563e-12,49.77459774562098,0.0,4.725889642231144e-06,0.0,0.10267163881223895,0.025669091175470296
p185_H2,0.00908928406800357,6.847814555513416,0.0,0.0005305875870045018,8.274252e-06,0.056923956736486016,0.014365704643807794
p185_P1,3.811073528052526e-05,17.20905224647765,0.0,5.142930927048606e-05,6.076054e-07,0.01955790699963753,0.004902485978573616
p185_NCI,0.04028200215559916,4.2235096858337045,0.0,0.0024942750922094087,3.8526592e-05,0.03766259433331204,0.01004884900440706
p185_MASS,4.628611804715385e-07,25.95664487632003,0.0,8.549523353306036e-05,1.4953617e-05,0.03431779891401117,0.008604561941188624
p185_SASA,4.487030987383511e-05,16.890505157348557,0.0,7.268702852679158e-05,8.238706e-07,0.026320041237497576,0.0065983880341579145
p185_PKB,3.9988817702984965e-14,59.91064296547591,0.0,6.572451401462836e-05,1.9798401e-07,0.09479651402579096,0.02371560913095336
p186_H2,0.8593941946034135,0.03140634892708542,0.0,0.0,0.0,0.0,0.0
p186_P1,0.6937476301343699,0.15520138409288176,0.0,0.0,0.0,0.0,0.0
p186_NCI,0.6478547137408465,0.20881703068543758,0.0,0.0,0.0,0.0,0.0
p186_MASS,0.6993991222291329,0.14923462002299392,0.0,0.0,0.0,0.0,0.0
p186_SASA,0.8032767510502257,0.0621077764082947,0.0,0.0,0.0,0.0,0.0
p186_PKB,0.6326510409897483,0.22870720731313662,0.0,0.0,0.0,0.0,0.0
p187_H2,0.31052296908838145,1.0301184068918778,0.0,0.0,0.0,0.0,0.0
p187_P1,0.6591787355842644,0.19470844580456118,0.0,0.0,0.0,0.0,0.0
p187_NCI,2.1944671616372668e-20,91.81474155995382,0.0,6.293238894789027e-07,0.0,0.060574980153543616,0.015143902369358274
p187_MASS,9.614825991817247e-20,88.47074834015227,0.0,1.6489605661550566e-07,0.0,0.030321733469978,0.007580474591508654
p187_SASA,2.2101362224308174e-20,91.79859660368822,0.0,1.6489605661550566e-07,0.0,0.030321733469978,0.007580474591508654
p187_PKB,1.4828673243910773e-20,92.70477933799445,0.0,6.293238894789027e-07,0.0,0.060574980153543616,0.015143902369358274
p188_H2,7.690471237811586e-12,48.68031292707663,0.0,1.2811034560014918e-05,0.0039066332,0.10368806645128416,0.026901877681270905
p188_P1,1.4688793807614446e-14,62.07452910444174,0.0,0.004321002167518747,0.0,0.06663181600190086,0.017738204542354905
p188_NCI,0.0030031027195582616,8.874932661163642,0.0,3.139456312430566e-06,4.506042e-07,0.22355332171461753,0.05588922794378364
p188_MASS,4.15256587762997e-21,95.60325787328881,0.0,3.041082129879888e-06,0.0,0.028002248632083095,0.007001322428553244
p188_SASA,1.6867109923765987e-19,87.2029794446763,0.02813551215810753,0.00025470944979689807,0.0,0.04158670877918331,0.017494232596771932
p188_PKB,0.32400981416624386,0.974226028626451,0.0,0.0,0.0,0.0,0.0
p189_H2,0.6539261742838198,0.20117888073047077,0.0,0.0,0.0,0.0,0.0
p189_P1,0.5069603532232985,0.4408429242390818,0.0,0.0,0.0,0.0,0.0
p189_NCI,0.190805225999454,1.7151015905442037,0.0,0.0,0.0,0.0,0.0
p189_MASS,0.7794618730523546,0.07847898249666208,0.0,0.0,0.0,0.0,0.0
p189_SASA,0.5626483188969272,0.33549715388594314,0.0,0.0,0.0,0.0,0.0
p189_PKB,0.1685062442762809,1.9005765329467292,0.0,0.0,0.0,0.0,0.0
p190_H2,1.0656583535225039e-42,218.93025622707847,0.0,3.5489202268297813e-06,7.8526784e-07,0.09463162964130681,0.02365899095734432
p190_P1,2.1248659064473222e-10,41.71123862833955,0.0,0.00033465143721686513,0.0,0.010087600081075418,0.0026055628795730707
p190_NCI,5.386895679040431e-05,16.53443874532182,0.0,5.199129851896644e-06,6.62225e-08,0.0047552112678500395,0.001190119155049911
p190_MASS,6.038436961975319e-38,190.0329676434844,0.0,0.0,0.0,0.05662838206634435,0.014157095516586088
p190_SASA,1.6355985784196604e-38,193.4278461280302,0.0,0.0,0.0,0.05662838206634435,0.014157095516586088
p190_PKB,0.022170581846089256,5.258489231144821,0.0,2.4433958071936734e-07,0.0,0.040593241218849295,0.010148371389607504
p191_H2,0.01576256776161196,5.861091047660703,0.0,1.487682161578776e-05,9.910303e-07,0.0399660802505279,0.00999548702561926
p191_P1,2.257015546828752e-09,36.80806565982018,0.0,1.133773217211606e-06,0.0,0.010407524112300936,0.0026021644713795367
p191_NCI,0.0007810282844536087,11.397298939442498,0.0,0.00021049427747010948,0.0,0.005923622934579115,0.0015335293030123063
p191_MASS,0.01065859765807318,6.5607155243294955,0.0,1.4590777160431374e-05,0.0,0.009146630106737982,0.0022903052209746035
p191_SASA,0.02357117541556335,5.151082892245468,0.0,1.4590777160431374e-05,0.0,0.009146630106737982,0.0022903052209746035
p191_PKB,0.852848472233591,0.03443320431095685,0.0,0.0,0.0,0.0,0.0
p192_H2,1.147363484959884e-21,98.54507261912772,4.310902623414066e-06,1.5724745101066164e-05,0.0,0.0035636162958682578,0.0008959129858981845
p192_P1,2.5450845204672202e-20,91.47847439041298,0.0,5.0344908012249995e-05,2.6200672e-07,0.019437331076688245,0.0048719844978556475
p192_NCI,0.7785325010314444,0.07915961052974073,0.0,0.0,0.0,0.0,0.0
p192_MASS,0.15300664041110923,2.046987770870425,0.0,0.0,0.0,0.0,0.0
p192_SASA,0.0020601912249117974,9.575189206470984,0.0,0.00010374180260072072,3.5225773e-06,0.03917051126151144,0.009819443910364161
p192_PKB,0.3170070171383922,1.0028574056544974,0.0,0.0,0.0,0.0,0.0
p193_H2,0.008255936543831992,7.021757060901061,0.0,1.818113606829866e-05,0.0,0.36843031527839404,0.09211212410361558
p193_P1,0.07496944305422797,3.1813076661820223,0.0,0.0,0.0,0.0,0.0
p193_NCI,8.836475379122946e-21,93.88210226850589,0.0,9.41677973467041e-06,0.00013543022,0.030998860268378843,0.007785926817564466
p193_MASS,0.0018167685105746581,9.809857631837248,0.0,6.999219147408191e-05,5.8226505e-07,0.02947829215408586,0.007387216652651252
p193_SASA,0.13722662381598633,2.214457955515025,0.0,0.0,0.0,0.0,0.0
p193_PKB,0.8244806443572117,0.04923017465991418,0.0,0.0,0.0,0.0,0.0
p194_H2,0.21759804375862546,1.5232063175665573,0.0,0.0,0.0,0.0,0.0
p194_P1,0.6111925288836848,0.25870196684669783,0.0,0.0,0.0,0.0,0.0
p194_NCI,9.179363369694167e-33,159.67917904199385,0.0,3.742246764803165e-05,6.234526e-07,0.05873510083294118,0.014693286688295469
p194_MASS,0.04535054944428661,4.0216174278908285,0.00014727702528312522,0.00014501518536444704,2.3237256e-08,0.08391619860226691,0.02105212851254254
p194_SASA,0.028699019700078425,4.80776729140392,0.00014727702528312522,0.00014501518536444704,2.3237256e-08,0.08391619860226691,0.02105212851254254
p194_PKB,0.7082680657270781,0.1401405813775725,0.0,0.0,0.0,0.0,0.0
p195_H2,0.001417418557519606,10.274525769040501,0.0,8.111455265023138e-07,2.603053e-06,0.03694794779398729,0.009237840498119076
p195_P1,0.8438078378170459,0.038851142512929315,0.0,0.0,0.0,0.0,0.0
p195_NCI,0.00041946843158338637,12.578035697100105,0.0,0.001035758839933166,0.0,0.004294054724306929,0.0013324533910600237
p195_MASS,0.3830074944297195,0.7620979768598797,0.0,0.0,0.0,0.0,0.0
p195_SASA,0.3334141807756581,0.9370395921896346,0.0,0.0,0.0,0.0,0.0
p195_PKB,0.7265578469949356,0.12240537072316236,0.0,0.0,0.0,0.0,0.0
p196_H2,2.886102257952465e-07,26.907658119783324,0.0,1.9383136187287268e-05,6.116745e-05,0.1673862370086,0.04186669689812466
p196_P1,0.06302514201644344,3.468265907370569,0.0,0.00023155858776003648,1.1979398e-06,0.001387000775212943,0.0004049393256956379
p196_NCI,0.23242047166083818,1.4287542436030618,0.0,0.0,0.0,0.0,0.0
p196_MASS,0.23831203526505199,1.3932101632117075,0.0,0.0,0.0,0.0,0.0
p196_SASA,8.032662392501647e-05,15.75805759537208,0.0,9.125089029884712e-05,6.854354e-07,0.023362583661667467,0.0058636299968404665
p196_PKB,7.165529808046504e-32,154.56984462094172,0.0,0.00035980374872643617,1.1667434e-07,0.14185472363484372,0.03555366101447831
p197_H2,0.45741380408796795,0.5529008542113126,0.0,0.0,0.0,0.0,0.0
p197_P1,0.2519573117066564,1.3148455059170554,0.0,0.0,0.0,0.0,0.0
p197_NCI,9.995746108331054e-21,93.60156315159237,0.0,9.846944492131186e-05,1.0828919e-05,0.032494081837292674,0.008150845050222382
p197_MASS,4.892109600094297e-07,25.84533518447416,0.0,0.00013456723968941492,0.0004454774,0.21089678170758738,0.05286920658745325
p197_SASA,5.335535335000281e-07,25.67097043389935,0.0,0.00013456723968941492,0.0004454774,0.21089678170758738,0.05286920658745325
p197_PKB,6.913200109213213e-32,154.65868638947148,0.0,0.00025393724432063136,0.00017992366,0.04301047914777554,0.010861085013869414
p198_H2,3.1505243559965225e-73,430.9316702951134,0.0,0.0005303174346666193,1.8782175e-05,0.3011407856801342,0.075422471322494
p198_P1,8.40587943508944e-47,244.71067883851939,2.5389294126103473e-06,0.00018222310684896053,1.096128e-07,0.03188585474805457,0.008017681599278743
p198_NCI,8.65412783151492e-25,115.225953437642,0.00022931184756948977,0.0001998324800031164,1.5974738e-05,0.23522596455349823,0.0589177709047264
p198_MASS,1.611815703527684e-26,124.64157617555867,0.0,0.00028905646268197617,1.9441059e-07,0.009819928441694107,0.0025272948287412608
p198_SASA,2.3617001336245446e-15,66.04397822642993,0.00033386254184532705,0.000543372662343342,1.3892828e-05,0.1046009917561822,0.026373029947108932
p198_PKB,0.3232526366647812,0.9772822624834974,0.0,0.0,0.0,0.0,0.0
p199_H2,0.009124400702908401,6.840848860171582,0.0,8.476845372900402e-06,0.0,0.06826145357327876,0.017067482604662915
p199_P1,0.00047667903464327114,12.334432777930134,0.0,2.448980022565767e-06,0.0,0.002217152495151162,0.0005549003687934319
p199_NCI,1.2847660752329873e-06,23.909881856768862,0.0,7.469199648107503e-05,0.0,0.18501072980864652,0.0462713554512819
p199_MASS,0.13269576764616753,2.2665794716548833,0.0,0.0,0.0,0.0,0.0
p199_SASA,7.692102081246971e-06,20.35271621302878,0.0,5.279034392748815e-06,0.0003428394,0.09314279417352614,0.023372728151352228
p199_PKB,3.492243375439775e-05,17.37967435297241,0.0,0.00047152460297119795,0.0,0.2449624026086368,0.061358481802902
p200_H2,7.318438237822624e-17,73.66161850030066,0.0,1.108071146978845e-05,0.0,0.20530960343246313,0.05133017103598323
p200_P1,8.324216352284848e-15,63.305114442290304,9.913395260843686e-05,4.0175743671165915e-05,4.3773284e-06,0.09859389578451355,0.024684395702304112
p200_NCI,4.5033065137649796e-27,127.68215200566169,0.0,0.0001690085535007926,5.4569756e-07,0.07724743894961757,0.0193542483001696
p200_MASS,0.2492072994259301,1.3302141399475673,0.0,0.0,0.0,0.0,0.0
p200_SASA,0.015788232260090327,5.858200084611701,0.0004469682669224917,0.0001730577629135724,1.3365639e-05,0.024548193998362583,0.006295396416687531
p200_PKB,3.082975730649769e-06,22.164928086629264,0.0,9.476212974075894e-06,9.567524e-07,0.10766261884171356,0.026918262951768794
p201_H2,2.8444917146514003e-90,571.8243544324412,0.0,6.28080607282928e-05,1.085751e-05,0.27802608441463966,0.06952493749622973
p201_P1,1.3121957161896137e-74,441.6946742641312,0.0,0.00011631595543591704,0.0,0.11628414977909254,0.029100116433632115
p201_NCI,1.0752800779287427e-29,142.25366677229627,0.004997305354878353,0.0008098014459032073,1.4054968e-06,0.00491870507650028,0.0026818043435319645
p201_MASS,6.51479389463455e-73,428.4869019278242,0.0,2.27903621269944e-05,0.0,0.12870320240041594,0.03218149819063573
p201_SASA,1.7509209664395358e-87,547.539063710398,0.0,7.90599684126404e-06,0.0,0.1289257898905405,0.032233423971845435
p201_PKB,1.601925931767041e-15,66.89041857640083,0.0,0.002497581958663946,5.6372037e-06,0.03999839699763926,0.010625404039997097
p202_H2,0.03272985251716811,4.580170140758827,0.0,1.8067505255799227e-05,0.00011998959,0.0651262201482657,0.016316069311467667
p202_P1,3.411763252725397e-08,31.23656130849791,0.0,0.00014708860195687047,0.0,0.03955049124842096,0.009924394962594457
p202_NCI,4.5752440559001526e-14,59.62033582236017,0.0,9.742802497480623e-05,0.0,0.06308364525696476,0.015795268320484893
p202_MASS,1.139415194432479e-11,47.84996475808376,0.0,1.567298629323052e-05,0.0,0.02617261208896437,0.006547071268814399
p202_SASA,2.3568969653007446e-07,27.31624275406492,0.0,6.867686692870018e-05,0.0,0.006587809023925969,0.0016641214727136672
p202_PKB,0.033927167255939625,4.518189928253821,0.0,1.9005528695518048e-05,0.0,0.04059264484050037,0.010152912592298972
p203_H2,4.264175861827295e-23,106.13368417402064,0.0,9.647166569188943e-05,9.494466e-06,0.050895708875148195,0.012750418751763108
p203_P1,3.5655873911186746e-42,215.69100367060685,0.0,9.363707828795405e-05,9.504102e-06,0.03675940670727564,0.009215636971968076
p203_NCI,0.07184715939150284,3.2513095360272546,0.0,0.0,0.0,0.0,0.0
p203_MASS,4.6906643620385685e-36,178.82325370872323,0.0,3.0127591004719764e-05,5.5424503e-06,0.035335844837096106,0.00884287871958856
p203_SASA,1.493772742012647e-45,236.7749911389829,0.0,1.998890126367138e-05,0.0,0.03743165521907711,0.009362911030085196
p203_PKB,0.0002709059152288034,13.4138192697634,0.0,0.0003379546706980717,2.0740845e-05,0.033731187359271456,0.00852247071868613
p204_H2,0.94039570754198,0.005595421927460071,0.0,0.0,0.0,0.0,0.0
p204_P1,1.209996298085545e-17,77.64497719814302,0.0,0.0002020803062167724,8.582258e-06,0.020760466040503155,0.005242782151074577
p204_NCI,2.3787500208961427e-07,27.297616758828863,0.0004388490489726527,0.00043130201676031297,5.4383504e-06,0.26122117967696695,0.06552419227327481
p204_MASS,5.796750388460149e-07,25.504437387385806,0.0,0.0001340222450367594,3.9413436e-08,0.07443026448466483,0.018641081535784417
p204_SASA,0.028310115876372142,4.831471876492881,0.0,0.0012103588386702447,4.226092e-08,0.05541740831161244,0.014156952352800251
p204_PKB,0.00020265298472044432,13.970954425223681,0.0,3.045507000546838e-05,2.870036e-06,0.1413240700906413,0.03533934879917212
p205_H2,0.00023352939091357701,13.698552848001022,0.00015099281027284518,4.218702033549477e-05,0.00025046937,0.1821378346670348,0.04564537096674782
p205_P1,9.383549128872418e-05,15.456762373111305,0.000571455256082554,0.000444315982120132,0.0,0.0098783722963592,0.002723535883640471
p205_NCI,2.055306512439348e-06,22.972058486005796,0.0,0.0002859157129377329,1.8185608e-06,0.10797061125193623,0.027064586381419533
p205_MASS,1.550053297547736e-08,32.8477812827089,0.0,6.099764147433132e-05,3.9741535e-05,0.026420867925256313,0.006630401775469458
p205_SASA,7.986542109827214e-06,20.278501225950052,0.00023845487727179262,6.828926856109492e-05,0.0008211481,0.036923692815625624,0.009512896266256803
p205_PKB,0.00265030491079711,9.106629928651559,0.0,0.00012319100655148408,7.960753e-06,0.20193035041418533,0.050515375543322937
p206_H2,0.026396531069982427,4.953285562508213,0.0,0.0003580613218431142,4.0459992e-05,0.2537480498683857,0.06353664279563367
p206_P1,1.0110037850157306e-32,159.43829473531272,0.027238287051572527,0.02670383442641872,0.020553647,0.0859867784235997,0.040120636627694516
p206_NCI,1.1762083918639698e-07,28.72159327028753,0.0003790777134574347,0.0013288619357493855,1.3208684e-05,0.5300973025196755,0.13295461271330114
p206_MASS,2.196296922287146e-34,169.04860283211232,0.0,6.562912917756486e-05,0.0,0.06719789916143615,0.01681588207265343
p206_SASA,2.2250521665780936e-31,151.76721025956616,0.0002617204982338764,8.873392619747106e-05,0.0,0.036953603990776816,0.00932601460380204
p206_PKB,2.094180945966067e-27,129.51403311368753,0.00020667229476011543,8.677417885448665e-05,0.0,0.16464298365057495,0.041234107531047386
p207_H2,5.42298639015754e-57,312.24192484834833,0.013242558943562032,0.0030097517386935657,4.8186894e-06,0.5877325205841243,0.15099741248893908
p207_P1,9.359064562564238e-34,165.3965391763541,0.0,0.00014617594591301997,0.00043868402,0.0815484010405658,0.020533315250503406
p207_NCI,8.790246472498216e-23,104.45910778738008,9.9429115131136e-05,0.0013084154693363227,0.00010976581,0.39381936724158095,0.09883424440891496
p207_MASS,1.6899874720389243e-45,236.4362802989219,0.0,0.00021837985943968963,0.0,0.32906034454135097,0.08231968110019766
p207_SASA,3.0603358394748314e-44,228.52590151693167,0.0,0.00021837985943968963,0.0,0.32906034454135097,0.08231968110019766
p207_PKB,5.674096016460893e-16,69.15939597225236,0.006721454933337575,0.000745940197828641,0.0001675597,1.0,0.25190873870813335
p208_H2,0.01963758129292841,5.471952194471849,0.0,3.2586383303432034e-05,4.2961606e-06,0.06196912499276049,0.015501501884158138
p208_P1,0.008122688968527584,7.051232117124736,1.9814034028352483e-05,6.465998968188047e-05,0.0014172131,0.04202476122491188,0.01088161209204714
p208_NCI,1.6301982075279874e-06,23.434245326365076,0.0,6.705718694368742e-05,4.135596e-06,0.04107143413156647,0.010285656728652599
p208_MASS,0.051185373675136495,3.8168225859290597,0.0,0.00018134743679896058,4.6430637e-06,0.017251122303763737,0.004359278201059614
p208_SASA,0.8954816047948044,0.017272442361880313,0.0,0.0,0.0,0.0,0.0
p208_PKB,0.018714202629211227,5.556959682028283,0.0,8.522494172447814e-05,9.816822e-06,0.012349298508483531,0.0031110850680663707
p209_H2,1.058325386968568e-12,52.8889762316277,1.6956294182298366e-06,0.00015984370799027226,0.0014471217,0.11823362670333945,0.02996057194247273
p209_P1,2.072741978956345e-23,107.8076511970955,0.0005844414332903887,9.198732016588264e-06,0.0,0.17275159637935103,0.0433363091361645
p209_NCI,0.8168025098871788,0.0537112972855325,0.0,0.0,0.0,0.0,0.0
p209_MASS,8.573702849330074e-10,38.81050418044174,0.000357019160480214,0.0010503203222748919,0.0,0.0958274338999257,0.024308693345670204
p209_SASA,1.0894708785254819e-09,38.31407666122664,0.0001660242570245537,5.124535147235309e-06,4.2199694e-08,0.07980837124381208,0.019994890558919568
p209_PKB,0.047266298514057954,3.9514460127761426,9.065541380811248e-05,0.00026990874243953305,0.0,0.06892802639752753,0.017322147638443794
p210_H2,3.341316634682051e-16,70.32032490148224,0.0005649460105777283,7.815355096583683e-05,7.861273e-05,0.00900454422699455,0.002431564129014659
p210_P1,0.0004427918720317877,12.474890926785191,0.0,4.895681488280602e-05,3.62885e-06,0.035406154699801455,0.008864685091166414
p210_NCI,0.062421963039473415,3.4842703459434583,3.5763509378032006e-05,0.0007244562046997935,1.8040299e-06,0.1421839285226425,0.035736488066660334
p210_MASS,1.707867260342091e-11,46.99644169751397,0.0,0.00020964760426941788,1.658527e-07,0.009871042849892944,0.002520214076714818
p210_SASA,2.6188674987531418e-15,65.81879467846343,0.0,3.2138249121788705e-05,0.0,0.010843022508619902,0.0027187901894354227
p210_PKB,0.004603118169072458,8.087324029374638,0.0,0.00011994650884955164,5.155493e-06,0.0315462279711364,0.007917832493246391
p211_H2,3.887571366528351e-28,133.55941302515666,0.0,4.861817824075481e-05,0.0,0.07497090573475414,0.018754880978248723
p211_P1,0.25632203822058997,1.290872218959093,0.0,0.0,0.0,0.0,0.0
p211_NCI,2.4122515733889188e-27,129.1753767405561,0.0,2.8589041335826262e-05,0.0,0.005067819366823538,0.001274102102039841
p211_MASS,7.990313124490745e-17,73.46786790311315,0.0,3.866655120998476e-06,0.0,0.048329128310356566,0.01208324874136939
p211_SASA,4.942741595296484e-22,100.4780766998688,0.0,3.7717869222750683e-06,0.0,0.039379229895463295,0.009845750420596393
p211_PKB,3.155276554085299e-26,123.04502545085501,0.0,3.6771688136928814e-06,0.0,0.029726290479971374,0.007432491912196267
p212_H2,1.367442721048518e-17,77.37344323509807,0.0002445669465387127,0.0005768657057691879,2.3571536e-05,0.10949175688680524,0.02758419026879726
p212_P1,0.005901302357569237,7.632400366891933,6.684920523393332e-05,0.00034899450478240293,1.8010525e-05,0.005618015759713242,0.0015129674987597356
p212_NCI,0.669838041808904,0.18196332645162452,0.0,0.0,0.0,0.0,0.0
p212_MASS,2.6383549906551234e-29,140.068936437779,0.0,0.00038942787150186094,8.481664e-07,0.01615513060831421,0.00413635166155252
p212_SASA,4.9902508198763167e-26,121.95750561398341,0.0006005233091776692,0.0006095973909058085,0.001010415,0.0682390461483042,0.017614895469059262
p212_PKB,1.6857283733793023e-25,119.0776516724309,0.0,0.00011382866890735936,3.1821526e-06,0.2861809640992951,0.07157449373019265
p213_H2,4.877954129452744e-12,49.64351885676868,0.0,5.035710516247942e-05,9.262452e-06,0.01232314146792238,0.003095690256344948
p213_P1,1.558904757671137e-10,42.35760576490246,0.001075033453740733,0.0001148377815895204,0.0006946952,0.07878254613461246,0.020166778147451478
p213_NCI,0.016469625918168695,5.783171288268581,8.619490739839992e-05,0.00041612123928945786,6.0793755e-05,0.14238983741844694,0.03573823682991577
p213_MASS,6.115769641736239e-05,16.28755337853326,0.0,6.434840785208354e-05,2.4785793e-05,0.02597294675750723,0.006515520239679153
p213_SASA,1.053618342013259e-05,19.73172140058182,1.1842820150518025e-05,9.490362100100887e-05,1.2696177e-08,0.012174656627277663,0.003070353941151658
p213_PKB,0.0002509003799311385,13.560892401586445,0.00014969046977356595,0.00019035923347277903,1.2222794e-05,0.34425128647113695,0.08615088974206697
p214_H2,0.061536133772572055,3.5080763704601385,0.0,0.0,0.0,0.0010891606365128824,0.0002722901591282206
p214_P1,0.056535136322518276,3.6497228167344185,0.0,0.0,0.0,0.0010891606365128824,0.0002722901591282206
p214_NCI,0.06758271530909478,3.35238909203877,0.0,0.0,0.0,0.0010891606365128824,0.0002722901591282206
p214_MASS,0.054010731546406614,3.7263794970899555,0.0,0.0,0.0,0.0010891606365128824,0.0002722901591282206
p214_SASA,0.054076192616529156,3.724343985572008,0.0,0.0,0.0,0.0010891606365128824,0.0002722901591282206
p214_PKB,0.0782171697521552,3.1117486297237944,0.0,0.0,0.0,0.0,0.0
p215_H2,2.2760630979822478e-05,18.21746094850102,0.0,3.913916651660127e-05,4.759871e-06,0.06197488131945819,0.015504695089241148
p215_P1,7.135542696861531e-05,15.98789389786485,0.0,0.00036695696102111657,0.0,0.0005955701535513667,0.00024063177864312084
p215_NCI,2.2287398643222536e-21,97.02489901627428,0.0,0.00012469520849194913,1.9606664e-06,0.08617605095400033,0.021575676707221936
p215_MASS,2.18952533626754e-14,61.211088682179934,0.0,0.00016818628538740587,8.501539e-06,0.03719450244748439,0.009342797567971475
p215_SASA,3.0325145360900857e-06,22.19773876632775,0.0,0.00045274237948246526,3.352498e-07,0.0242971117981961,0.006187547356871731
p215_PKB,6.889793109322477e-27,126.6667590593116,0.0,5.246067729084473e-05,3.656815e-07,0.11701042866933714,0.029265813757032265
p216_H2,6.645686847659143e-15,63.79379664310143,0.0,5.3362398098938073e-05,6.5904214e-06,0.37981441605668126,0.09496859221905386
p216_P1,3.181177173679281e-11,45.68740314391811,0.0,0.00018991269116323974,1.5187433e-05,0.14180071425982643,0.03550145359595659
p216_NCI,9.953902781228982e-09,33.754985675174005,0.00021519952967659716,0.00018374831479229945,6.8867325e-06,0.37010712729353507,0.09262824046763483
p216_MASS,0.0023341058801967384,9.342712022983598,0.0007364604756132909,0.0001415944252679925,7.701321e-06,0.002088736971788176,0.000743623298419926
p216_SASA,3.449803765531553e-05,17.403562701230904,3.270777625068036e-06,0.0005193859201605536,0.0,0.0458969204863112,0.011604894296024206
p216_PKB,6.173191823950922e-06,20.787714722867463,0.0002464443240203757,0.0002178624947746638,2.9497643e-05,0.3259754288684973,0.08161730833269348
p217_H2,0.9050466366648282,0.014241325802000793,0.0,0.0,0.0,0.0,0.0
p217_P1,0.44739628604756765,0.577967606801209,0.0,0.0,0.0,0.0,0.0
p217_NCI,0.3716056658861778,0.7994360142387544,0.0,0.0,0.0,0.0,0.0
p217_MASS,4.014451328556933e-06,21.64052062348476,0.0,3.422617224548457e-05,3.2629803e-06,0.02100919436991856,0.00526167088060895
p217_SASA,4.236581643225334e-07,26.134638584660088,0.0,0.00021916629170213223,1.01517745e-08,0.04854693969772192,0.012191529035299646
p217_PKB,2.674250366113122e-05,17.90161528581489,0.0,9.08242037016706e-05,6.6869796e-07,0.09656697249324842,0.02416461634872866
p218_H2,0.19682321966524366,1.669343784735873,0.0,0.0,0.0,0.0,0.0
p218_P1,0.02101949725281962,5.352177516202481,0.0,0.00035327850241343226,0.0,0.012084199524429053,0.0031093695067106212
p218_NCI,0.03246764319723495,4.594060485918085,0.014168577411993198,0.0035033394122274113,0.010628151,0.24962840169949382,0.06948211732493577
p218_MASS,0.7191191290570333,0.12945500135841298,0.0,0.0,0.0,0.0,0.0
p218_SASA,0.6457820848459828,0.21146390873509083,0.0,0.0,0.0,0.0,0.0
p218_PKB,0.05071919259827518,3.832253423836985,0.0,4.057847504478681e-05,0.0,0.06335364274499662,0.01584855530501035
p219_H2,6.424967395450976e-10,39.409006100200465,0.0021190198264118094,0.0005765287615254844,0.008375221,0.22058488449966504,0.057913913504917196
p219_P1,0.9789932667717123,0.0006938800531603187,0.0,0.0,0.0,0.0,0.0
p219_NCI,1.8608132861151734e-18,81.81531516494785,0.0,0.0003553942087928901,1.173868e-05,0.12109057738649844,0.03036442756878765
p219_MASS,5.6448009510272716e-05,16.443424961556453,0.0,0.00020221224028837018,1.2638703e-06,0.008485772138793677,0.0021723120623532766
p219_SASA,1.3739685955925752e-09,37.833822384589006,0.0,0.0002663438723101632,0.00016828944,0.049710901168841,0.01253638361935285
p219_PKB,6.021893566782612e-16,69.02911167103703,0.0001964206430037824,0.0008929556419940897,0.0,0.18494744400157298,0.04650920507164271
p220_H2,3.3079190985080742e-06,22.024953593064097,0.0,1.2019664747505837e-05,6.7001215e-06,0.22653938917201003,0.05663952723956512
p220_P1,0.7149370475818357,0.13351639726006212,0.0,0.0,0.0,0.0,0.0
p220_NCI,0.0018033797044126742,9.823677685518525,0.0,0.0004795580064238675,6.056623e-05,0.15678573400624352,0.039331464561090775
p220_MASS,8.96141030038728e-06,20.051081101119056,0.0,3.7338267951279756e-05,0.0,0.07434717105626208,0.01859612733105334
p220_SASA,0.00017874844567973078,14.212389001258655,0.0,3.9877565881893385e-05,1.4356759e-08,0.09737509596823374,0.02435374697271874
p220_PKB,2.4737953160447546e-14,60.94730578383117,0.0,6.0353991123354466e-05,0.0,0.14571484070314447,0.03644379867356696
p221_H2,6.00901244409546e-05,16.321797578304267,0.0,7.652351936575733e-06,0.0,0.1251761757382514,0.031295957022547
p221_P1,0.05257070338750489,3.7718320615150014,0.0,6.460551550186993e-05,0.0,0.10399825793543976,0.02601571586273541
p221_NCI,4.427287064863205e-23,106.0466874481492,0.0,2.4606053717099983e-05,0.0,0.0011325879670494477,0.0002892985051916369
p221_MASS,2.276588462382383e-16,71.16285586634079,0.0,6.024933893252129e-05,0.0,0.06025258001955662,0.015078207339622285
p221_SASA,2.904951567919588e-17,75.70346660477122,0.0,9.040395032037213e-05,0.0,0.036963726580903175,0.009263532632805887
p221_PKB,2.3080709620479403e-22,102.23076450393036,2.178047483791593e-05,7.775000390634183e-06,0.0,0.3621218568979435,0.09053785309329301
p222_H2,0.7178816832504966,0.13064934627554298,0.0,0.0,0.0,0.0,0.0
p222_P1,0.7178816832544483,0.13064934627165978,0.0,0.0,0.0,0.0,0.0
p222_NCI,0.7178816832446047,0.13064934628118255,0.0,0.0,0.0,0.0,0.0
p222_MASS,0.7178816832538018,0.13064934627235067,0.0,0.0,0.0,0.0,0.0
p222_SASA,0.7178816832521492,0.130649346273949,0.0,0.0,0.0,0.0,0.0
p222_PKB,0.7178816688164484,0.13064936024299825,0.0,0.0,0.0,0.0,0.0
p223_H2,1.546503532066297e-50,268.87356895491234,0.0011245503402946499,5.4410305562373156e-05,3.9282722e-06,0.18894032397080462,0.047530803222224284
p223_P1,6.668167301382403e-56,304.77410390202175,0.0,0.00044746046681765533,0.00012343151,0.09963914465094073,0.02505250915774019
p223_NCI,1.2700559132823255e-11,47.62092101149591,6.4063482928622e-05,0.0001228424304972865,0.00020271755,0.0265128687026412,0.006725623041657917
p223_MASS,6.7619920453620955e-15,63.756134297278024,0.0,0.0001341771177423991,4.105293e-06,0.0531371848493481,0.01331886681504788
p223_SASA,1.9633627185296458e-21,97.31489503162435,0.0001753512541537117,0.00027344114070676446,0.0,0.004192832402066117,0.0011604061992316482
p223_PKB,1.1329875733207267e-23,109.21239869427008,0.00014268472640108183,0.0012031647763650162,0.0003401562,0.42194294780030617,0.1059072383755043
p224_H2,1.029817454334788e-12,52.94714731567574,0.0,0.00010717103754646227,1.9991765e-07,0.12226490329676966,0.03059306856299164
p224_P1,2.6177102022117192e-24,112.63169739287724,0.0,1.5769387592215302e-05,0.0,0.07015017168577839,0.017541485268342653
p224_NCI,1.695695852626382e-18,82.02300601933517,0.0,5.351778134615453e-06,0.0,0.014644037695616046,0.003662347368437665
p224_MASS,6.222811800078976e-05,16.253817920619632,0.0,4.073707944933829e-05,4.7632366e-08,0.007694405356774647,0.0019337975171473982
p224_SASA,0.0001343190651103412,14.763213310028494,0.0,6.120785908602374e-05,0.0,0.02538501629213174,0.006361556037804441
p224_PKB,0.3406011673641155,0.9095529647265954,0.0,0.0,0.0,0.0,0.0
p225_H2,0.0011251151230698084,10.70846865601956,0.0,0.0,0.0,0.0010891606365128824,0.0002722901591282206
p225_P1,8.741715320158395e-09,34.021330470403804,0.0,1.234278280134923e-06,0.0,0.007918276340298961,0.001979877654644774
p225_NCI,0.8162903668635747,0.05401750758251135,0.0,0.0,0.0,0.0,0.0
p225_MASS,5.404949657998008e-06,21.050837806447795,0.0,0.0,0.0,0.02389785438558362,0.005974463596395905
p225_SASA,4.300010131838083e-31,150.14238335739213,0.0,0.0,0.0,0.02471737728015559,0.006179344320038897
p225_PKB,0.25468715412379184,1.2997924371274274,0.0,0.0,0.0,0.0,0.0
p226_H2,5.309535004668226e-15,64.28127840042522,0.0,5.055104885004532e-06,0.0,0.060192944966092884,0.015049500017744473
p226_P1,3.47394996578641e-07,26.53411372205731,0.0,3.0584799410999925e-05,0.0015532556,0.00047860739429458085,0.0005156119481744226
p226_NCI,4.426302371957266e-15,64.67670001007625,0.0,0.0009026008881456731,2.978689e-07,0.12799837480382117,0.03222531839021521
p226_MASS,2.3078095280650104e-14,61.097378524503796,6.016785085625541e-05,7.384354320238573e-05,0.0,0.10003061412214083,0.025041156379049866
p226_SASA,1.3244499267706619e-09,37.9097700878879,6.016785085625541e-05,7.384354320238573e-05,0.0,0.10003061412214083,0.025041156379049866
p226_PKB,0.013793695146682968,6.098715288154561,0.0,4.031909111958193e-06,0.0,0.17602669868326587,0.04400768264809446
p227_H2,1.5187746815685707e-27,130.284054827077,0.017766705342545635,0.006980772690170724,0.00086669414,0.18751618737364173,0.05328258988735002
p227_P1,1.4145321502182992e-16,72.20942865879947,0.005802183149674606,0.007824118898022663,0.0,0.15781644460008348,0.04286068666194519
p227_NCI,2.100621503943891e-09,36.956331701721005,0.0,0.00013370351198100852,7.1053825e-07,0.04759075280790385,0.011931291714532496
p227_MASS,1.080845686797106e-12,52.844124513346685,2.8941846564469682e-05,0.000132658560522184,6.3323178e-06,0.029266474458417725,0.0073586017958143
p227_SASA,6.359458885115958e-22,99.89901258353974,0.0,5.540872132522596e-05,1.8945435e-06,0.03364247993272687,0.008424945799391986
p227_PKB,0.0003894494346441706,12.719683360283518,0.0,0.0004083676515434997,0.0,0.33670494899273223,0.08427832916106894
p228_H2,0.20037232880282252,1.6431210352434464,0.0,0.0,0.0,0.0,0.0
p228_P1,1.217775565381704e-15,67.48900087127618,0.0,0.00015089580516358428,0.0,0.0311113260910522,0.007815555474053945
p228_NCI,0.568734680073552,0.3251481673713516,0.0,0.0,0.0,0.0,0.0
p228_MASS,1.0218578518148375e-28,136.7853151389131,0.0,3.0796506315220694e-05,0.0,0.002353235334285605,0.0005960079601502064
p228_SASA,3.365423306138571e-25,117.447242827257,0.0,0.00012270966535760065,0.0,0.015530788598547477,0.003913374565976269
p228_PKB,4.003448380292852e-13,54.963635202574686,0.0,2.1822265918893932e-05,0.0,0.30736741061180556,0.07684730821943112
p229_H2,0.004699131111605504,8.04942833948656,0.0,2.6193220816756236e-06,0.0,0.01180580958519001,0.0029521072268179215
p229_P1,1.6043750542438943e-09,37.51318703512593,0.0,3.8215554403791074e-08,0.0,0.0007740128143237527,0.00019351275746953912
p229_NCI,1.3308582567846698e-11,47.522276051671525,0.0,1.1347592034554426e-05,0.0,0.05632005036961806,0.014082849490413154
p229_MASS,0.0008098717771050325,11.328709483560651,0.0,2.0334821375775346e-06,0.0,0.005275318134473526,0.001319337904152776
p229_SASA,6.49778074110193e-14,58.86465857099608,0.0,0.0,0.0,0.00597713691047798,0.001494284227619495
p229_PKB,0.0900810060357517,2.8818329660917894,0.0,0.0,0.0,0.0,0.0
p230_H2,0.17771354186875463,1.8207356480531318,0.0,0.0,0.0,0.0,0.0
p230_P1,2.7378085323045608e-06,22.401073095501744,0.0,0.0002042542832347583,6.080769e-08,0.03227175453106613,0.008119017405498497
p230_NCI,3.878657251751687e-16,69.99317681892326,0.0,6.260057626597238e-05,1.4458253e-08,0.14760675675606602,0.036917342947646314
p230_MASS,3.79352625248536e-18,80.22548467303649,0.0,0.00017650637188558525,0.0,0.0353837992403326,0.008890076403054547
p230_SASA,2.142446447935139e-16,71.296316503337,0.0,1.9311060663002682e-05,1.7764112e-08,0.07599991786756555,0.019004811673085126
p230_PKB,4.808279126469645e-08,30.537776308170205,0.0,9.175298428198668e-07,3.9702925e-08,0.052412819017070386,0.013103444062459649
p231_H2,0.834058391660034,0.04392661587443788,0.0,0.0,0.0,0.0,0.0
p231_P1,0.7932009276227495,0.06878462911463243,0.0,0.0,0.0,0.0,0.0
p231_NCI,0.14762990765888545,2.1017660617985645,0.0,0.0,0.0,0.0,0.0
p231_MASS,0.0027304613605795168,9.05133986402247,0.0,0.0002795218253809353,0.00031181594,0.17286785824848214,0.043364799002611774
p231_SASA,0.0026582712567876188,9.101059253183733,0.0,7.84626571200667e-05,0.0,0.12538699738504666,0.03136636501054168
p231_PKB,5.005034443601699e-07,25.799466331197454,0.0004109018006722822,0.00025501692670495377,3.7235684e-05,0.14433852440278866,0.036260419703649203
p232_H2,0.029201120633185793,4.777654218578673,0.0,5.345455908332965e-07,0.0,0.13663153552834448,0.03415801751848383
p232_P1,0.1239309040752155,2.3733038263573487,0.0,0.0,0.0,0.0,0.0
p232_NCI,0.07364419843987395,3.2106293712782876,0.0,0.0,0.0,0.0,0.0
p232_MASS,0.6239767493674037,0.2405559252151725,0.0,0.0,0.0,0.0,0.0
p232_SASA,0.5429640755322933,0.37047901588133764,0.0,0.0,0.0,0.0,0.0
p232_PKB,0.7876005917074047,0.07265349063825186,0.0,0.0,0.0,0.0,0.0
p233_H2,0.7505907784448191,0.10112417602055579,0.0,0.0,0.0,0.0,0.0
p233_P1,0.8396517034911266,0.04097513015260691,0.0,0.0,0.0,0.0,0.0
p233_NCI,0.12172162689418628,2.4015351670980496,0.0,0.0,0.0,0.0,0.0
p233_MASS,0.6540756530688983,0.20099298827967288,0.0,0.0,0.0,0.0,0.0
p233_SASA,0.6141319185747655,0.254456554005468,0.0,0.0,0.0,0.0,0.0
p233_PKB,0.09990265336752238,2.7151302619941786,0.0,0.0,0.0,0.0,0.0
p234_H2,6.004369387950923e-11,44.35391125722398,0.0,0.00010400345131531829,1.6625187e-05,0.14338712407326026,0.035876938177798294
p234_P1,3.265801766399602e-10,40.81568585589489,0.0,0.0003551116182436822,4.784326e-06,0.04207362478900519,0.010608380183296741
p234_NCI,0.2908687578489323,1.1174833753636182,0.0,0.0,0.0,0.0,0.0
p234_MASS,1.6635500508708652e-12,51.92639206045741,0.0,9.419849647573423e-05,1.2519203e-06,0.03513778582187177,0.008808309059650075
p234_SASA,6.876097215433083e-15,63.719810945052984,0.0,1.7126754185530137e-05,0.0,0.028130851541402144,0.007036994573896918
p234_PKB,2.6579311832198125e-12,50.930825490198075,0.0,3.737493391224623e-05,0.0,0.14763921565253751,0.036919147646612444
p235_H2,3.740960791695933e-05,17.245305144145227,0.0,4.087938813089646e-05,8.568137e-09,0.24186106761584944,0.060475488893029415
p235_P1,0.00014261732633499868,14.647531365768893,0.0,2.0260016166901262e-05,0.0,0.11296464840850398,0.02824622710616772
p235_NCI,0.001147178051755526,10.671922842197334,0.0,0.014308916766421754,1.2505503e-05,0.06620104344871398,0.0201306164295431
p235_MASS,0.6857138948402113,0.1639169454327877,0.0,0.0,0.0,0.0,0.0
p235_SASA,0.9082913646662072,0.013280398474309682,0.0,0.0,0.0,0.0,0.0
p235_PKB,0.4684161624900308,0.5263509734583228,0.0,0.0,0.0,0.0,0.0
p236_H2,0.0052453732268784095,7.847843435267455,0.0,5.018676314952775e-05,0.0,0.026263691286862425,0.006578469512502988
p236_P1,0.16786643370615845,1.9063103519959992,0.0,0.0,0.0,0.0,0.0
p236_NCI,3.2120773282939e-14,60.38334433834333,0.0,1.7786176363328113e-06,0.0,0.004415121812011339,0.001104225107411918
p236_MASS,7.333187534048317e-10,39.13462942860035,0.0,2.7836785566300336e-05,0.0,0.013484452147438274,0.003378072233251144
p236_SASA,0.0006552794110561725,11.729796702449494,0.0,2.56186328707951e-07,0.0,0.024277395485250538,0.006069412917894811
p236_PKB,2.218436186157956e-15,66.18035601540593,0.0,1.367426976978038e-07,0.0,0.03676718687078357,0.009191830903370318
p237_H2,7.556331795699094e-16,68.53227089381579,0.0,6.150805476377491e-06,0.0,0.18402064179342095,0.046006698149724336
p237_P1,3.182844989756001e-07,26.710409410052012,0.0,2.146001388201792e-06,0.0,0.05714500073046863,0.014286786682964209
p237_NCI,0.583814227200816,0.3004206433054018,0.0,0.0,0.0,0.0,0.0
p237_MASS,1.0146749286233298e-05,19.80598525774484,0.0,0.002033973164313257,0.039138656,0.038263991433459627,0.019859155176836084
p237_SASA,3.4656679023865995e-14,60.219358024976756,0.007486948225421095,4.4753152464450495e-06,0.0,0.11702116116613488,0.031128146176700604
p237_PKB,0.00016710984482941682,14.342025963601488,0.0,0.0007781154141129142,0.0,0.10545811769205658,0.026559058276542376
p238_H2,0.523863158083028,0.4067377483623259,0.0,0.0,0.0,0.0,0.0
p238_P1,0.36514257722904864,0.8213221391585233,0.0,0.0,0.0,0.0,0.0
p238_NCI,0.08254580825951453,3.023736660104147,0.0,0.0,0.0,0.0,0.0
p238_MASS,0.28591641853012245,1.1406987244555176,0.0,0.0,0.0,0.0,0.0
p238_SASA,0.10510475334952701,2.6339483007946116,0.0,0.0,0.0,0.0,0.0
p238_PKB,0.005877604121172418,7.639748342001863,0.0,0.0002752918296724572,0.0,0.025119932722560363,0.006348806138058205
p239_H2,3.542565046675162e-08,31.159882112872136,0.0,6.072552432901398e-06,1.5467332e-07,0.22505480712172624,0.05626525858686877
p239_P1,1.051456835682538e-08,33.642643175986386,0.0,2.2019182477931715e-05,0.0,0.0692619197516535,0.017320984733532857
p239_NCI,0.7972251041357273,0.06607439265018285,0.0,0.0,0.0,0.0,0.0
p239_MASS,4.342691808887569e-08,30.745071728554468,0.00014822784784654722,9.487876329907737e-05,0.0,0.12319137204667308,0.030858619664454676
p239_SASA,3.0132166433440744e-07,26.82077686287393,0.0,3.870798197595847e-06,0.0,0.11840270639329523,0.029601644297873205
p239_PKB,7.242985738946712e-14,58.63097581325934,0.0,8.821966244221769e-06,0.0,0.15578785993977584,0.038949170476505014
p240_H2,2.5020752400670642e-61,342.55845045888304,0.0,2.680969193087246e-06,1.5512579e-07,0.1939106823492669,0.04847837961106238
p240_P1,1.7891050519014957e-18,81.9031440557183,0.0,1.4318950004321406e-05,2.4557677e-08,0.03040478458802117,0.007604782023925568
p240_NCI,2.368305589063282e-09,36.708715619030095,0.0,1.846262363251464e-06,2.309834e-07,0.008680088215757406,0.002170541365380932
p240_MASS,9.849062364123025e-13,53.04215216550382,7.733007061193232e-05,3.7524603190145493e-06,3.8336425e-06,0.08383080823515054,0.020978931102144126
p240_SASA,6.600016473347508e-07,25.24392427648897,0.0,1.3330578236584494e-05,0.0,0.06748229339884472,0.016873905994270327
p240_PKB,0.8336948005459911,0.044122183873824605,0.0,0.0,0.0,0.0,0.0
p241_H2,0.9994063197712514,5.540793691971221e-07,0.0,0.0,0.0,0.0,0.0
p241_P1,0.4244257468247825,0.6388636610214101,0.0,0.0,0.0,0.0,0.0
p241_NCI,0.1375403113367904,2.2109210850332617,0.0,0.0,0.0,0.0,0.0
p241_MASS,9.563470386989643e-12,48.219757941106415,1.4303443455396918e-06,5.900243076412184e-05,8.874903e-07,0.010605520069479466,0.0026667100837155996
p241_SASA,3.106601537078726e-15,65.44689670618398,0.0,0.00032714534851893917,9.0245365e-08,0.006688477556237387,0.0017539282875303213
p241_PKB,0.02064847875480709,5.383514004655498,0.0,0.00020299900035674037,7.090364e-06,0.0049706614815721775,0.0012951877114451302
p242_H2,0.005628258247852083,7.718951614312896,0.0,1.1437617277654563e-05,0.0,0.3868309643147054,0.09671060048299578
p242_P1,0.00015168787524283411,14.528615305454506,0.0,3.0954216878987055e-05,0.0,0.1710759398325305,0.04277672351235237
p242_NCI,0.4781391341994998,0.503709167222026,0.0,0.0,0.0,0.0,0.0
p242_MASS,0.007923381786858726,7.096258745336026,0.0006644190171531856,0.00013595759676297486,3.7449173e-08,0.033954423762584826,0.00868870945641841
p242_SASA,0.39581416520625456,0.7219979617719674,0.0,0.0,0.0,0.0,0.0
p242_PKB,0.00034203607855360437,12.96761989419336,1.0328403683106499e-05,2.2582946013749177e-05,0.0,0.04877697796887833,0.012202472329643797
p243_H2,7.743832603476223e-07,24.923354647911804,0.0,9.994231444802922e-05,0.0,0.058828611646068195,0.014732138490129056
p243_P1,7.002559061422174e-11,44.03159661032503,0.0,0.0001795881728235329,1.3209579e-05,0.008726955924162484,0.002229938419062778
p243_NCI,0.6531710513329358,0.20211953367629562,0.0,0.0,0.0,0.0,0.0
p243_MASS,9.182673910062669e-05,15.498680877594708,0.00016734411750999497,3.254494671781094e-05,2.8443115e-08,0.05655085375446126,0.0141876928154509
p243_SASA,0.0007273647220384122,11.532029723283458,0.0,8.292588161394362e-05,3.446608e-05,0.0491977484893131,0.01232878511279455
p243_PKB,2.1321965488618305e-10,41.704056049637266,0.0,2.2895241669027858e-05,2.8029906e-06,0.03352027619790088,0.008386493607540828
p244_H2,0.34694074055644997,0.8859482195160978,0.0,0.0,0.0,0.0,0.0
p244_P1,0.16583533142924345,1.9246801424865492,0.0,0.0,0.0,0.0,0.0
p244_NCI,0.09818208688185616,2.7430043389456933,0.0,0.0,0.0,0.0,0.0
p244_MASS,0.626386227734252,0.23722755592692069,0.0,0.0,0.0,0.0,0.0
p244_SASA,0.6402310426989771,0.21865284113222408,0.0,0.0,0.0,0.0,0.0
p244_PKB,0.4511761480377049,0.5684069051683668,0.0,0.0,0.0,0.0,0.0
p245_H2,0.0007899425208184566,11.375830589161046,0.0,0.00010288388310731623,7.946429e-05,0.07750010437712082,0.019420613137818978
p245_P1,0.0006354668233062086,11.788025903233109,0.0,0.00013938196869741197,0.0,0.03771806552526831,0.009464361873491431
p245_NCI,0.0011284580481092964,10.702884818378037,0.0,7.4701203082198426e-06,0.0,0.12952155450281075,0.03238225615577974
p245_MASS,0.2973741481963386,1.0877442373268777,0.0,0.0,0.0,0.0,0.0
p245_SASA,0.08950896605021026,2.8921456360314455,0.0,0.0,0.0,0.0,0.0
p245_PKB,0.21394389568414288,1.5476799063894597,0.0,0.0,0.0,0.0,0.0
p246_H2,1.0,0.0,0.0,0.0,0.0,0.0,0.0
p246_P1,0.9052284745441401,0.01418657426237133,0.0,0.0,0.0,0.0,0.0
p246_NCI,0.5564208299842589,0.34631148834331815,0.0,0.0,0.0,0.0,0.0
p246_MASS,0.441316932834924,0.5936107120760232,0.0,0.0,0.0,0.0,0.0
p246_SASA,0.8900459084591138,0.019127552451857613,0.0,0.0,0.0,0.0,0.0
p246_PKB,0.7928816689681799,0.06900213837475279,0.0,0.0,0.0,0.0,0.0
p247_H2,0.15902116250900056,1.9882448863307793,0.0,0.0,0.0,0.0,0.0
p247_P1,0.13266827411732907,2.2669018063899458,0.0,0.0,0.0,0.0,0.0
p247_NCI,4.891032434874591e-25,116.56716486402493,0.0,2.130877759482727e-05,3.7220557e-06,0.41931123748686966,0.10483406708003626
p247_MASS,5.582709393157058e-08,30.234009778701015,0.0,7.703398908864302e-06,0.0,0.006354664210239749,0.0015905919022871533
p247_SASA,0.6561416091806165,0.19843431164533507,0.0,0.0,0.0,0.0,0.0
p247_PKB,5.9802342175098905e-05,16.331133734002456,0.0,3.4350100679756004e-05,0.0,0.2191664667985598,0.05480020422480989
p248_H2,0.036377868283609026,4.398178761813784,0.0,0.0,0.0,0.272142268961605,0.06803556724040125
p248_P1,0.012728102560322203,6.242388065888153,0.0,1.3646561534595513e-06,1.0497997e-06,0.06431637506475842,0.0160796973801582
p248_NCI,3.8111230331955307e-07,26.347607300330168,0.0,5.141355991006618e-06,0.0,0.009142796353008253,0.0022869844272498147
p248_MASS,1.8461047086652986e-14,61.57995798091564,0.0,2.3523358330262298e-05,0.0,0.03750837051654377,0.00938297346871851
p248_SASA,4.974544606722631e-12,49.60199799038771,0.0,4.108048578612746e-05,0.0,0.005667117811288409,0.001427049574268634
p248_PKB,0.40197252787619064,0.7033736918838254,0.0,0.0,0.0,0.0,0.0
p249_H2,0.17471932581255073,1.84616611839461,0.0,0.0,0.0,0.0,0.0
p249_P1,0.7860622860929615,0.07373607424530086,0.0,0.0,0.0,0.0,0.0
p249_NCI,2.9294756871791622e-21,96.39996752954909,0.0,0.00010605229373388871,0.0,0.05084878545778171,0.012738709437878899
p249_MASS,0.3151433679651552,1.0106175112354392,0.0,0.0,0.0,0.0,0.0
p249_SASA,1.065280996814642e-05,19.710018379774667,0.0,2.595203454772501e-07,0.0,0.04974705878181975,0.012436829575541307
p249_PKB,0.08989679832594767,2.8851460491681435,0.0,0.0,0.0,0.0,0.0
p250_H2,2.553832234007453e-10,41.327882120375115,0.0,4.3516300675598726e-05,0.0,0.03538215398438489,0.008856417571265122
p250_P1,0.0020523571207058796,9.582292311653163,0.0,2.7100035943194792e-06,0.0,0.00155257677635475,0.00038882169498726736
p250_NCI,0.8468553721793766,0.037330995054958425,0.0,0.0,0.0,0.0,0.0
p250_MASS,0.008658536622153688,6.935578344602494,0.0,8.399122649674043e-06,0.0,0.016685200109898834,0.004173399808137127
p250_SASA,0.0005558223662491,12.042270247134761,0.0,2.3339101785460968e-05,0.0,0.01922014146543831,0.004810870141805943
p250_PKB,0.6450393073021387,0.21241740062394798,0.0,0.0,0.0,0.0,0.0
p251_H2,0.01626234542498603,5.80565026997528,0.0,1.0346551817705672e-06,0.0002958171,0.20697509389036856,0.05181798641021775
p251_P1,0.6281608337871556,0.23479450541623587,0.0,0.0,0.0,0.0,0.0
p251_NCI,0.00030590923543794696,13.181110952584458,0.00030026297057998594,5.499494245634241e-06,2.3224608e-05,0.010813239802203342,0.002785556718632972
p251_MASS,0.0012858373102177451,10.45740107189357,0.0,3.204705792630009e-06,8.5065076e-05,0.028365202032906822,0.007113367953634015
p251_SASA,0.6178304630185054,0.24917712233204728,0.0,0.0,0.0,0.0,0.0
p251_PKB,0.3031064608155853,1.0622242506731394,0.0,0.0,0.0,0.0,0.0
p252_H2,6.436473661069092e-28,132.34582213023515,0.0,5.490777630601649e-06,0.0,0.04241948965153238,0.010606245107290746
p252_P1,2.745451926730002e-23,107.15493319155802,0.0,2.1784851175642332e-05,2.8010056e-08,0.023226538018877762,0.005812087720027475
p252_NCI,6.093439546831775e-08,30.056050953783814,0.0,3.745204488573215e-08,0.0,0.018973112562550278,0.004743287503648791
p252_MASS,5.744533921068699e-06,20.930169310311715,0.0,3.4822753407306748e-06,0.0,0.030762178456215324,0.007691415182889014
p252_SASA,1.3967690191881722e-08,33.06089327520331,0.0,3.4822753407306748e-06,0.0,0.030762178456215324,0.007691415182889014
p252_PKB,0.42500293269045497,0.6372724865042081,0.0,0.0,0.0,0.0,0.0
p253_H2,0.2813364584296719,1.1626281309780486,0.0,0.0,0.0,0.0,0.0
p253_P1,0.9315029669384522,0.007394040966293164,0.0,0.0,0.0,0.0,0.0
p253_NCI,0.009962983158000987,6.682218159719361,0.0,3.161178079921444e-06,0.0,0.03590064062915819,0.008975950451809527
p253_MASS,0.9424169976365413,0.005221703746553929,0.0,0.0,0.0,0.0,0.0
p253_SASA,0.3779120470887294,0.7785879199731254,0.0,0.0,0.0,0.0,0.0
p253_PKB,0.006059032444479943,7.584249987906997,0.0,1.495692163061558e-05,0.0,0.15907851487670668,0.039773367949584325
p254_H2,0.1640569888463455,1.9409769773960897,0.0,0.0,0.0,0.0,0.0
p254_P1,0.33889446771809795,0.9160092459824032,0.0,0.0,0.0,0.0,0.0
p254_NCI,0.00028452078718515,13.319878564054312,0.0,9.210214094073703e-05,1.9236633e-05,0.1276086010425526,0.03192998495420001
p254_MASS,0.9541913505660277,0.003302482109579893,0.0,0.0,0.0,0.0,0.0
p254_SASA,0.1928175293820565,1.6996151846210157,0.0,0.0,0.0,0.0,0.0
p254_PKB,0.7495367071459362,0.10201051083905795,0.0,0.0,0.0,0.0,0.0
p255_H2,1.0061122554904994e-07,29.038131677036283,0.0,1.8615378565635564e-06,4.3802788e-07,0.03816157022928407,0.009540967448755761
p255_P1,3.1878281993515045e-14,60.39970071457708,0.0,9.82995399917672e-06,0.0,0.019220915520969772,0.0048076863687422375
p255_NCI,0.15332848973379917,2.04377827536052,0.0,0.0,0.0,0.0,0.0
p255_MASS,4.196924623654514e-13,54.86273391628267,0.0,4.528381409192052e-05,0.0,0.09522418342473973,0.023817366809707915
p255_SASA,1.257641311249824e-16,72.468245650331,1.402666588807192e-05,9.033783936896615e-05,0.0,0.08666858771872873,0.021693238055996444
p255_PKB,0.11284214723774248,2.5210295732051557,0.0,0.0,0.0,0.0,0.0
p256_H2,4.252536445172631e-16,69.79137594659169,0.0,6.2092213062205544e-06,0.0,0.06436521081054505,0.016092855007962818
p256_P1,5.009324465948272e-22,100.44731947202968,0.0,1.2312203872287858e-06,3.0043546e-05,0.007719410838121352,0.0019376714010892594
p256_NCI,3.645122219777204e-17,75.20127622912625,0.0,9.771394163299481e-05,3.685898e-07,0.012917277335706296,0.003253839966787158
p256_MASS,0.09098593541949168,2.86566359612487,0.0,0.0,0.0,0.0,0.0
p256_SASA,1.621054937876643e-05,18.883596915183954,0.0,4.564917842590501e-06,5.7692887e-07,0.04624702858446778,0.011563042607794874
p256_PKB,5.394536224310738e-34,166.78259349370384,0.0,1.8324569424423144e-05,3.5434706e-08,0.02346086347587802,0.00586980587000207
p257_H2,3.965583188251076e-13,54.983954402332785,0.0,0.0009477308779493395,1.0321745e-06,0.15340364759169434,0.03858810266103827
p257_P1,7.966859403203403e-13,53.49424710033988,0.0,9.157009199864047e-05,7.741816e-08,0.022779219585624934,0.005717716773945198
p257_NCI,1.9948166024492927e-05,18.476147749231405,0.0,0.00012246388335374213,8.449773e-08,0.0868477608507968,0.021742577307969618
p257_MASS,0.05262094930767264,3.770223972941927,0.0,5.44735506609928e-06,0.0,0.12808686647360612,0.03202307845716806
p257_SASA,2.1023663284882137e-07,27.546958491916026,0.0,7.398648043867887e-06,0.0,0.1372198663992287,0.03430681626181814
p257_PKB,4.110590926186078e-13,54.90716891143897,0.0,6.16323980833868e-05,0.0,0.6202413944062206,0.155075756701076
p258_H2,0.044606712797824556,4.049711105018459,0.0,0.00016078381183866867,1.0432124e-06,0.21084145131346346,0.05275081958441666
p258_P1,0.8484304512981613,0.03655765862767653,0.0,0.0,0.0,0.0,0.0
p258_NCI,2.1592933512130485e-32,157.54811374630327,0.0,0.0001583832583347432,1.233431e-06,0.07442499501661223,0.018646152926492073
p258_MASS,0.31503842997251463,1.0110562544665243,0.0,0.0,0.0,0.0,0.0
p258_SASA,0.15071105060752768,2.070104084077055,0.0,0.0,0.0,0.0,0.0
p258_PKB,0.38159421498264356,0.7666403894128363,0.0,0.0,0.0,0.0,0.0
p259_H2,0.0001504613669510066,14.544268501054784,0.00020618854281925187,6.165404549743662e-07,0.0,0.07471552980804423,0.018730583722829614
p259_P1,0.011943999716559522,6.356261191386985,0.0,1.6254062263608285e-05,0.0,0.0409867285459633,0.010250745652056728
p259_NCI,0.9745083231992371,0.0010219078306716492,0.0,0.0,0.0,0.0,0.0
p259_MASS,0.0028452401311452745,8.974980548756296,0.0001597092072843067,2.6487685954682804e-05,3.3181073e-05,0.0034189418417634398,0.0009095799520948346
p259_SASA,0.12745250019499202,2.329441217304789,0.0,0.0,0.0,0.0,0.0
p259_PKB,1.9819919210806282e-35,175.14664278648448,0.0,6.922533755154399e-06,0.0,0.0761686059988554,0.01904388213315264
p260_H2,6.047361134116996e-10,39.5347506323284,0.0,0.00016804756893486775,6.136298e-05,0.10816956483592076,0.02709974384666297
p260_P1,5.076151408356741e-15,64.37894882423338,0.004076873425071132,0.0007766152564189933,0.00018199171,0.12258376706626094,0.031904811864141305
p260_NCI,1.9776907024824507e-08,32.34954939673687,0.0,0.00026435157058895625,0.0,0.15716334800703713,0.03935692489440652
p260_MASS,6.263023465207839e-31,149.21655024778588,0.0,0.0005448777465280809,0.0019141458,0.12732749401363136,0.032446629383591864
p260_SASA,7.979305738588274e-27,126.31652669962321,0.0,0.0005448777465280809,0.0019141458,0.12732749401363136,0.032446629383591864
p260_PKB,6.689859373135587e-22,99.78269653963662,0.0,0.0003577654161674292,1.0100857e-06,0.027242873405673353,0.006900412226891517
p261_H2,5.916888249626902e-12,49.23479031808068,0.0,0.0002563115843159536,0.0006311425,0.039680176158010866,0.010141907566599464
p261_P1,3.073095601944065e-11,45.76006269474627,0.007636889568627435,7.906417311205907e-05,0.0,0.014660070327551213,0.005594006017322677
p261_NCI,0.15795275227768044,1.9984931713268872,0.0,0.0,0.0,0.0,0.0
p261_MASS,4.7514507631668164e-26,122.07375867617169,0.0,0.0004715787684868176,1.3145405e-08,0.031690053297671814,0.008040411302890849
p261_SASA,2.192989460662595e-16,71.24507058547898,0.0,7.582836255010033e-05,0.008817008,0.026838310482892633,0.008932786652654161
p261_PKB,2.4483542330677893e-06,22.623467680798743,0.0,0.0003496111676950343,0.0,0.15677383114395366,0.03928086057791217
p262_H2,8.19956305691487e-13,53.43285403432841,0.0,5.021988150093272e-05,7.028722e-05,0.057401502190982244,0.014380502323194906
p262_P1,1.5387836201965625e-12,52.092202919697655,0.00048238011688138643,0.00040482994519433447,6.609161e-05,0.08240927902907953,0.020840645175813265
p262_NCI,0.4206529732882083,0.6493449198690682,0.0,0.0,0.0,0.0,0.0
p262_MASS,1.9044539198387424e-34,169.40874731121426,0.0,5.6472396372912754e-05,3.0382123e-05,0.06736781853245992,0.01686366826306848
p262_SASA,1.3528636468456209e-27,130.56152823117026,0.0,0.0004444033168055118,4.6102864e-06,0.1322898444132556,0.033184714504114324
p262_PKB,1.695672239852031e-15,66.76633007474017,0.0,0.000147714404810561,2.5411618e-06,0.1179829779774941,0.029533308386038182
p263_H2,1.6842654390929108e-06,23.36912708788608,0.0,1.5535886678589004e-05,0.0,0.04971914961690012,0.012433671375894677
p263_P1,0.28760202670157015,1.132739866896032,0.0,0.0,0.0,0.0,0.0
p263_NCI,0.021985093950420632,5.273240070311768,0.0,0.00010614179641118315,0.0115935765,0.0855560377476137,0.024313939016176563
p263_MASS,4.0124624990277815e-08,30.906122616058763,0.0,4.670436804378025e-06,0.0,0.03925034606382652,0.009813754125157724
p263_SASA,1.846381884567507e-06,23.185787682155503,0.0005642991423904991,3.834371323937047e-06,0.0,0.031605110408186796,0.008043310980475308
p263_PKB,0.0017201419979470545,9.912008028280399,1.9778780550200618e-05,6.556979049085479e-06,0.0,0.06775561435165064,0.016945487527812483
p264_H2,6.428412849454408e-38,189.87066600692035,0.0,0.0,0.0,0.1039177097910279,0.025979427447756977
p264_P1,5.516596979433217e-52,278.4200581288801,0.0,5.201532311850217e-07,0.0,0.03416496132375583,0.008541370369246752
p264_NCI,1.0096086944902354e-48,257.05007137351834,0.0,2.394559013687551e-06,0.0,0.041368253860997656,0.010342662105002835
p264_MASS,2.049059282857882e-19,86.7646137100982,0.0,4.4375990228668307e-08,0.0,0.025582095366465704,0.0063955349356139835
p264_SASA,3.9746911944786936e-24,111.6552981126625,0.0,4.4375990228668307e-08,0.0,0.025582095366465704,0.0063955349356139835
p264_PKB,1.0648605381204846e-37,188.56297710014184,0.0,0.0,0.0,0.11162722202729884,0.02790680550682471
p265_H2,2.261756475856971e-16,71.17721882357962,0.0,5.9693358607794724e-05,1.271997e-07,0.1863864512864599,0.04661156796119139
p265_P1,1.9547046279774212e-13,56.49856365887515,0.0,3.334246387445177e-05,2.624932e-07,0.1226520781996779,0.030671420789185107
p265_NCI,1.9147733511267425e-11,46.75553384647144,0.0,0.0001804379848966426,0.0,0.1761220031048997,0.044075610272449085
p265_MASS,3.8819263846710384e-14,59.97466212508076,0.0,1.792938901543453e-05,4.0441353e-07,0.03134780118216269,0.007841533746176198
p265_SASA,7.554856016753535e-18,78.69160289707781,0.0,7.419636229650203e-06,4.1362878e-07,0.01330460297010617,0.00332810905877965
p265_PKB,0.849087967392921,0.036237311832622306,0.0,0.0,0.0,0.0,0.0
p268_H2,5.6561486277558535e-30,143.82131409819752,0.0005082262173696281,0.00020260575386760776,2.081642e-05,0.05705505494810541,0.014446675834872344
p268_P1,3.586038509752635e-25,117.29769369762047,3.047704293852159e-05,0.00018433274997911594,0.0,0.006497434090153141,0.0016780609707676946
p268_NCI,0.00011554438003637942,15.054059679871916,5.2292045813393925e-05,0.00010828125613861585,6.186514e-07,0.011563929622560585,0.0029312803939848925
p268_MASS,6.4571225108497616e-52,277.9669085094332,0.0,0.0011996912785680895,0.00066558353,0.27119683262446925,0.0682655268586024
p268_SASA,1.7479307335298457e-50,268.5248741137262,0.005138531797901072,0.0015505236514208444,0.00045071042,0.22889076930293845,0.05900763379225796
p268_PKB,1.1284134651518906e-14,62.64558018916741,0.0007794158481315048,0.0018009357870381903,9.412175e-06,0.7827600143800056,0.19633744454757676
p269_H2,1.4517571024841968e-08,32.98185417794614,0.0,0.0003565653072603697,0.0013493906,0.14600856944141663,0.03692863133737124
p269_P1,6.68353060768741e-06,20.630568324199718,0.0,0.00017746482556494907,0.0,0.04043529431851001,0.01015318978601874
p269_NCI,9.37230847406876e-05,15.459084038211433,0.0001484338302204041,0.0001186702811947357,1.6929415e-07,0.16385784744131315,0.041031280211720526
p269_MASS,6.759755175356218e-23,105.06665622021038,0.0,0.0001034238680854354,4.5212937e-06,0.20221514463284945,0.05058077244865969
p269_SASA,2.8678867337242356e-18,80.84935787580555,0.0,0.00013590314451274776,0.0,0.16629184347207018,0.041606936654145735
p269_PKB,3.069902201611845e-19,85.8548860313451,0.0,8.33738125064944e-05,0.0,0.40701409842464287,0.10177436805928734
p270_H2,1.827898777549473e-18,81.85519961487067,0.0,1.4633611414838675e-05,0.0,0.2713180607083258,0.06783317357993517
p270_P1,0.020333978556924537,5.410537841731668,0.00019199539390453562,3.601719543997334e-05,0.0,0.11392468124417657,0.028538173458380268
p270_NCI,0.6273596699973796,0.23589101089772552,0.0,0.0,0.0,0.0,0.0
p270_MASS,0.0009195135138652851,11.088833221488859,0.0,3.4567785403541516e-05,2.8005807e-06,0.12719459233469693,0.03180799017519007
p270_SASA,0.03703344134681073,4.367511341184129,0.0,2.847149883045131e-05,0.0,0.07717660621172946,0.01930126942763998
p270_PKB,0.16850406250467687,1.9005960429149824,0.0,0.0,0.0,0.0,0.0
p271_H2,2.349194429957819e-19,86.4568711917704,0.0,0.00013457133323401357,0.0,0.18476620088701343,0.04622519305506186
p271_P1,6.361744476730058e-17,73.97077668758173,0.0,5.2446239932704813e-05,0.0,0.0741844613576336,0.018559226899391577
p271_NCI,0.609811967723778,0.2607112099217963,0.0,0.0,0.0,0.0,0.0
p271_MASS,5.1130668707940126e-17,74.45327190066013,0.0,0.0009247740803841921,0.014087026,0.130763492485374,0.036443823143307914
p271_SASA,1.4784626907626287e-16,72.11213894748076,0.006375619659658812,0.0021899319247163053,0.0,0.10717255612174953,0.028934526926531163
p271_PKB,2.0575148910071016e-14,61.34551402451207,0.0,0.00020810923805059358,0.0022640775,0.44314868756898396,0.11140521858734606
p272_H2,0.0013416431350094966,10.377621434414285,0.0,0.0003475591390669796,1.5510277e-05,0.09276579815660753,0.023282216893188743
p272_P1,9.127545430820017e-05,15.510346972039716,0.0,6.298560152317832e-05,1.2122405e-06,0.005357854285150587,0.0013555130317876635
p272_NCI,0.004222289027073338,8.246028680728575,0.0,4.007694250481557e-05,0.0002475932,0.35243789342604975,0.08818139089524041
p272_MASS,0.10219933608381634,2.678730962374797,0.0,0.0,0.0,0.0,0.0
p272_SASA,0.0437401732772206,4.0830693922634405,0.0,0.00013601165150958395,1.9466934e-05,0.04077298320213036,0.010232115446844013
p272_PKB,6.178697257506059e-11,44.29391308697174,0.0,0.00010145564593079843,0.0,0.06435677633058835,0.016114557994129787
p273_H2,5.2516436034743824e-05,16.583941640785426,0.0,4.237068921085143e-05,9.1169476e-08,0.09455510223706023,0.023649391023936654
p273_P1,2.1593451237322914e-08,32.16999222389075,0.0,0.0003890224859463378,6.2554627e-06,0.09413967955728403,0.023633739376488102
p273_NCI,0.661554841368536,0.19182288186427277,0.0,0.0,0.0,0.0,0.0
p273_MASS,9.186414261191779e-05,15.497891920176007,0.0,1.660202397056863e-05,4.5092438e-05,0.10359518308678864,0.025914219387211227
p273_SASA,3.493786726899325e-05,17.378811158110683,0.0,2.4619969643142976e-05,0.0,0.07834554843282596,0.019592542100617276
p273_PKB,3.1211385243003224e-06,22.140470991221047,0.0,9.100175318571866e-05,0.0,0.17968642892079734,0.04494435766849576
p274_H2,7.183006660551634e-05,15.97502088710896,0.0008412017648859838,1.492730827900416e-06,5.291494e-06,0.023889873752079124,0.006184464935407028
p274_P1,3.1985705011808354e-07,26.700478995750213,0.00011429336118039229,2.631646453410364e-07,0.0,0.022049133927591315,0.005540922613354262
p274_NCI,0.6712423871203175,0.18032221410285532,0.0,0.0,0.0,0.0,0.0
p274_MASS,7.770681513963526e-17,73.52934433447852,7.645040775518515e-05,0.00022439553956640198,0.0027091503,0.12126220391642514,0.031068050044519447
p274_SASA,1.3584808303703316e-13,57.27920422185693,7.645040775518515e-05,0.00022439553956640198,0.0027091503,0.12126220391642514,0.031068050044519447
p274_PKB,3.039966781158981e-43,222.30790662550143,0.0003841799470165524,9.473293539822517e-05,3.4331906e-06,0.2101819464266564,0.05266607312492119
p275_H2,5.0215590679098704e-05,16.671184577638506,0.0,5.0997775085439644e-05,0.0,0.05749425359905632,0.01438631284353544
p275_P1,0.0013680445413714515,10.34104480222408,0.0,5.992287103142221e-05,0.0,0.037928009347101874,0.009496983054533325
p275_NCI,6.338329384418187e-08,29.97597435058612,0.0,6.401984258611459e-06,1.7868453e-05,0.17795522300653083,0.04449487336098286
p275_MASS,1.3823026331847614e-08,33.08220675500609,0.0,5.116856970180841e-05,0.0,0.006956666648355597,0.0017519588045143513
p275_SASA,3.124885277688277e-07,26.74744095410914,0.0,0.0002761388234121486,0.0,0.003979255781663087,0.001063848651268809
p275_PKB,1.7752871620055832e-06,23.264111133043333,3.7495033906589654e-06,3.2708236395339806e-05,0.0,0.14027114406248659,0.035076900450568146
p276_H2,1.6126731104226082e-13,56.9110843909226,0.0,1.8754063622522029e-06,0.0,0.13931466644465912,0.034829135462755345
p276_P1,1.861356189953857e-15,66.56297825429453,0.0,8.9047855809701e-05,0.0,0.08930992969779875,0.02234974438840211
p276_NCI,0.17912167715837166,1.808946798695995,0.0,0.0,0.0,0.0,0.0
p276_MASS,1.5096120844273125e-11,47.2565148732425,0.0,7.764322726450337e-05,2.5109086e-06,0.007204470473700804,0.001821156152402245
p276_SASA,1.578663860767484e-06,23.49836807375944,0.0,3.887138867636352e-05,0.0,0.01636339850202854,0.0041005674726762266
p276_PKB,7.412484769554384e-56,304.46049566545616,0.0,0.0002226710281228649,0.0,0.23534115196903627,0.058890955749289785
p277_H2,0.04559591910619449,4.012456758550947,0.0,4.939271806670364e-05,4.4198934e-08,0.3247399851430452,0.08119735551501155
p277_P1,1.0000803440687537e-14,62.90722664597545,0.0,3.7232609203441153e-06,0.0,0.09935545342195083,0.024839794170717792
p277_NCI,4.817967882940286e-08,30.533680124055635,0.0,1.8008292012396486e-05,7.2109946e-10,0.04604306243891613,0.011515267863006995
p277_MASS,0.0019428888175973384,9.684536246131566,0.0,0.00022349898296025728,2.3112538e-08,0.01520698531559184,0.0038576268527724398
p277_SASA,0.0008325493222775896,11.276499249619663,0.0,0.00022349898296025728,2.3112538e-08,0.01520698531559184,0.0038576268527724398
p277_PKB,3.458072604483775e-23,106.61950174488794,8.870085519239757e-05,0.00024224631432803468,1.2812885e-05,0.08645957228519496,0.021700833084919106
p278_H2,7.389206961109787e-20,89.06545235776721,0.0,1.974435991833859e-05,0.0009373292,0.3690019767968125,0.09248976258862475
p278_P1,7.51339931817221e-09,34.3320996508568,0.0,0.00032986657837913685,2.5549875e-08,0.00815880305849802,0.002122173796688065
p278_NCI,1.9745243535027883e-16,71.47573339418926,0.0,0.0003342300796194381,0.0,0.05670033933205149,0.014258642352917733
p278_MASS,9.023480404974135e-31,148.31859293736792,0.001020965083076516,0.007715806978819459,0.013308319,0.02872484799608198,0.012692484830284546
p278_SASA,0.005329832635120835,7.818602881803804,7.266286516858619e-05,7.626149409703856e-05,0.0,0.16980796129790676,0.042489221414293094
p278_PKB,1.1090215024171053e-26,125.53177470800023,0.0,0.00018229594710735377,0.00017283054,0.11836877273888251,0.029680974805505023
p279_H2,4.0872677091007974e-32,155.9623152692715,0.0,0.00024155508894693794,1.960453e-05,0.15551089229490017,0.038943012978304416
p279_P1,4.753631839296824e-61,340.5802460632866,0.0,2.162564264431271e-05,0.0,0.15217359109301506,0.03804880418391485
p279_NCI,1.4119496573054264e-24,114.0774223980711,0.0,3.607961197692174e-05,4.3132688e-05,0.35900307731592707,0.08977057240397754
p279_MASS,5.12092410898667e-29,138.4588742545201,0.0,7.258383055490788e-05,0.0,0.04891486655234408,0.012246862595724748
p279_SASA,5.922388794703588e-34,166.54756802202448,0.0,0.00013461556130943056,0.0,0.0749812118716334,0.018778956858235708
p279_PKB,1.8565978790492267e-23,108.06355898973851,0.0,1.7463882136190333e-05,0.0,0.052390497127182,0.013101990252329549
p280_H2,2.134832217480087e-18,81.50838590488527,0.0,6.380586338447848e-05,0.0,0.3161732648140545,0.07905926766935975
p280_P1,5.202999575906174e-45,233.35630638724203,0.002011424020722644,4.388144712593256e-05,0.00019228266,0.1370320039453055,0.03481989801908667
p280_NCI,0.10363543186088219,2.656423503443694,0.0,0.0,0.0,0.0,0.0
p280_MASS,0.8322545617945635,0.044901316907576816,0.0,0.0,0.0,0.0,0.0
p280_SASA,0.5354530931368147,0.38445712359535245,0.0,0.0,0.0,0.0,0.0
p280_PKB,0.028222885854300335,4.836835404502099,0.0,0.0005900807243593074,0.0,0.1885577886801452,0.04728696735112613
p281_H2,2.9063951167011306e-07,26.893533134446724,0.0,0.0001893723835225469,2.1331007e-05,0.10651313807291403,0.02668096036580715
p281_P1,4.443308740316513e-10,40.17513867938636,8.993198243833024e-05,0.018236978126011955,6.889691e-07,0.022929056287550008,0.010314163841280956
p281_NCI,3.0132318951772716e-19,85.89678733888864,0.0,0.001309466228135731,0.0049576405,0.27259508487442063,0.0697155479115341
p281_MASS,0.001537608272685753,10.121961795153616,0.0,0.0007313072619063038,0.00029277024,0.11982589363931724,0.030212492786409383
p281_SASA,0.0743403907888738,3.195155606458828,0.0,0.0,0.0,0.0,0.0
p281_PKB,0.03588582765023799,4.421579741688019,0.0,0.0024892562246694393,1.1414302e-05,0.014532853917425616,0.004258381111075617
p282_H2,4.2763021838657574e-17,74.84817450394944,0.00012076629831424587,7.033659877204943e-07,0.0,0.2267888213504841,0.05672757275369651
p282_P1,0.09851399137589607,2.7375859236326203,0.0,0.0,0.0,0.0,0.0
p282_NCI,8.46370243403961e-18,78.43902543444065,9.866482991739361e-05,1.0181894867236093e-06,0.0,0.046668430145453174,0.011692028291214324
p282_MASS,1.0357077625204534e-14,62.831353939612306,0.0,1.3370471102500546e-06,0.0,0.032940761989597896,0.008235524759177036
p282_SASA,1.3994587017499337e-05,19.17264972185942,0.0,3.3382928284650984e-05,0.0,0.051474302950103946,0.012876921469597149
p282_PKB,6.643535776446605e-14,58.81690478865116,0.0,1.4003421919854575e-08,0.0,0.07094517845901754,0.017736298115609866
p283_H2,6.569144229145431e-37,183.86628522602493,0.0,0.001619862883546122,1.953189e-07,0.01530625850211581,0.004231579176141523
p283_P1,2.069997065220123e-18,81.57727947383279,0.0,0.000390620920782212,0.0011111113,0.0018579308477106305,0.0008399157557310374
p283_NCI,4.8054443290734765e-05,16.75688322204636,0.0,0.0005951869535378117,1.7717931e-06,0.10155400247746976,0.025537740306029063
p283_MASS,0.14817545270768942,2.0961058091112146,0.0,0.0,0.0,0.0,0.0
p283_SASA,0.9963857239183084,2.0535835854868043e-05,0.0,0.0,0.0,0.0,0.0
p283_PKB,5.7561559736775976e-18,79.29661690038414,0.0,0.00044533256628294154,1.982085e-06,0.08059189011411143,0.020259801191347515
p284_H2,1.0731090903610676e-49,263.37271479622007,0.0,3.8620120583463125e-07,0.0,0.1418568320335543,0.03546430455869003
p284_P1,2.476087366239011e-52,280.72957707814555,0.0,5.355987334033196e-08,0.0,0.041624285462493645,0.010406084755591747
p284_NCI,6.69791385438284e-17,73.8571238051408,0.0,2.5027646876443645e-06,0.0,0.18909049223524904,0.04727324874998417
p284_MASS,1.0722802173264532e-28,136.6687829383674,0.0,0.00021995887276060266,0.0,0.07976592386166464,0.019996470683606313
p284_SASA,4.125707039439993e-46,240.31421019187763,0.0,8.586587949123444e-07,0.0,0.07978519875585734,0.019946514353663063
p284_PKB,1.2803765393103456e-21,98.2937045564328,0.0,2.3511868624197317e-07,0.0,0.2164347178469425,0.05410873824140718
p285_H2,4.206811044843099e-90,570.3303371536286,0.025020639186574198,0.016604772037440582,2.2403876e-07,0.47395150294665606,0.12889428455235705
p285_P1,9.052249926530003e-121,872.6197864746574,1.0,1.0,1.0,0.09918879589890908,0.7747971989747273
p285_NCI,1.4293575630068736e-30,147.1890178584393,0.00035931755825594055,0.00017533909331607703,3.6107405e-05,0.7180836999252823,0.179663615995544
p285_MASS,0.03652738678386056,4.391133568791604,0.0,7.833952516833191e-05,0.0,0.05951968870521819,0.01489950705759663
p285_SASA,6.712077958634719e-27,126.72911883238415,0.0,5.6771783211110905e-05,5.401929e-05,0.10876462855249465,0.027218854906090106
p285_PKB,4.338350498387009e-45,233.85332624939494,0.0,1.3535166163905179e-05,0.0,0.05113655319230132,0.012787522089616307
p286_H2,2.694188256217848e-09,36.44270706377736,0.0,0.0003265037711779138,6.730197e-08,0.14543467713915867,0.036440312053076254
p286_P1,7.461452130270344e-19,83.86081055761206,0.0,0.0007021547475690868,3.214616e-06,0.04258854989080898,0.010823479813612516
p286_NCI,0.0017837200131112956,9.844160758094871,0.0,0.00043449475368034774,1.739936e-07,0.27064277022563693,0.06776935974322887
p286_MASS,0.012802320799239852,6.231986330542732,0.0,1.208595652698019e-05,1.443509e-06,0.1066603914619491,0.026668480231856445
p286_SASA,6.631882852039399e-07,25.23425900951951,0.0,8.044392870415674e-05,0.0,0.08165502965216326,0.020433868395216853
p286_PKB,2.41012042285829e-09,36.672594371352275,0.0,0.0002329263066510878,1.0637055e-05,0.15773880946304134,0.039495593206250915
p287_H2,1.889897503220317e-09,37.1746782389746,0.0,7.799987038129325e-06,0.0,0.06557379417151668,0.016395398539638704
p287_P1,1.757542899352954e-07,27.908908128563617,0.0,0.00010003305393885007,0.0,0.0351452032207167,0.008811309068663889
p287_NCI,4.119147590288344e-37,185.0684045667031,0.0,8.192466140037534e-05,0.0,0.020271230558211093,0.005088288804902867
p287_MASS,0.01667251035913179,5.761450540085146,0.0,2.7012707910814527e-06,0.0,0.013835294355619745,0.0034594989066027066
p287_SASA,0.0002971340672158272,13.236819225375616,0.0,6.564921364507752e-05,0.0,0.023492116997058162,0.00588944155267581
p287_PKB,0.26216891066732334,1.2595375702643736,0.0,0.0,0.0,0.0,0.0
p288_H2,0.0007541506701779889,11.463564755054012,0.0,4.6755187350012784e-05,0.0,0.14079208683705244,0.03520971050610061
p288_P1,0.02184020174327354,5.284852755140705,0.0,2.0790464912811766e-05,0.0,0.07534711718248252,0.018841976911848832
p288_NCI,2.728247756652767e-14,60.735822709465204,0.005028007483119631,1.499823952846768e-05,0.0,0.10577463366056894,0.02770440984580426
p288_MASS,6.4115874872709646e-24,110.53910282452196,0.0,1.9487157583493656e-05,0.0,0.03757781815027958,0.009399326326965768
p288_SASA,4.339841333634265e-16,69.74682132673725,0.0,0.0027836771829897766,0.0,0.01759597722214125,0.005094913601282757
p288_PKB,7.099645602590342e-73,428.1979831094135,0.0,0.00016394401517784475,0.0,0.29213315035608106,0.07307427359281472
p289_H2,3.1021675436048386e-20,91.02969310160027,0.0,1.3325684216700393e-05,1.8169469e-05,0.06968244127656675,0.017428484107346726
p289_P1,0.5864424962908632,0.2962409088543813,0.0,0.0,0.0,0.0,0.0
p289_NCI,1.45945422515014e-26,124.87789427875767,0.0,0.0005706333884613235,0.00058980007,0.0926897948640603,0.023462557079941895
p289_MASS,3.359798170969151e-24,112.04804879041528,0.0,8.111087095289895e-05,0.00031829922,0.05813567604288094,0.014633771534026433
p289_SASA,2.7653143885051723e-30,145.571403113329,0.0,8.111087095289895e-05,0.00031829922,0.05813567604288094,0.014633771534026433
p289_PKB,8.527733031074725e-18,78.42227104982737,2.222528154065569e-05,1.0015690139265819e-05,0.0,0.010675108488401586,0.002676837365020377
p290_H2,0.15761729568932445,2.001727210463524,0.0,0.0,0.0,0.0,0.0
p290_P1,7.123389521680048e-10,39.19485124219682,0.0,5.323313645050826e-05,0.0,0.05460050698988347,0.013663435031583494
p290_NCI,1.310898515910367e-13,57.35575309883001,0.0,4.3579407944637884e-06,0.0,0.11134352163372337,0.027836969893629458
p290_MASS,1.3609787653406806e-23,108.78569238595722,0.0,4.945471710867225e-06,0.0,0.0891981578682913,0.022300775835000543
p290_SASA,2.4773069263594345e-24,112.76068050188972,0.0,4.945471710867225e-06,0.0,0.0891981578682913,0.022300775835000543
p290_PKB,7.958677188665815e-26,120.85183757220304,0.0,2.0014072959728059e-07,0.0,0.4832069008297498,0.12080177524261985
p291_H2,7.014871031056462e-07,25.12161800019608,0.0011846337418292986,0.0013903150440953483,0.00023455797,0.3001025180703554,0.07572800620670585
p291_P1,1.662893075802828e-07,28.020823388797993,0.00017015120324341085,0.0006892469594803202,1.4368578e-08,0.11329934509086974,0.02853968940554295
p291_NCI,0.26757982528776764,1.2313031951026707,0.0,0.0,0.0,0.0,0.0
p291_MASS,1.8164906063446172e-05,18.65997444003541,9.271853518364632e-05,0.0010259497741910786,4.413981e-05,0.05602295710457255,0.014296441306363617
p291_SASA,0.0010132461516143413,10.905729946163406,0.0,0.0006789967967633037,0.0,0.010760004057120274,0.0028597502134708945
p291_PKB,1.160420840935289e-12,52.692829626943315,0.0,0.0009170444942066603,1.3021681e-06,0.5037382225328921,0.12616414229880715
p292_H2,0.001435942942268856,10.250174002042897,0.0,0.00044837444545908604,3.2670644e-07,0.05793117901350151,0.014594970041350514
p292_P1,3.7075697739524115e-09,35.78459202111926,0.0008820426760422773,9.459092750807692e-05,1.9723923e-07,0.0020173523938809275,0.000748545809165613
p292_NCI,1.3355728789700362e-09,37.89246513077819,0.0,7.289247499116316e-06,1.5744789e-08,0.014110603008972595,0.0035294770003150735
p292_MASS,0.0001382226364202473,14.707922338418248,0.0,5.6420124301072316e-05,6.5682366e-06,0.0701474964936724,0.0175526212136398
p292_SASA,1.0254888546862487e-06,24.360742332514338,0.0,0.00034725847858902553,2.3383745e-07,0.06704600129760838,0.01684837340341292
p292_PKB,3.2631141346448536e-09,36.047688818557276,0.0,8.033023968576494e-06,0.0,0.12268959008007442,0.03067440577601075
p293_H2,1.6387794976901953e-24,113.7282516234059,0.0,0.00020524262968259273,0.0011699774,0.2569717229183997,0.06458673572712183
p293_P1,8.129702055920875e-27,126.2719927158893,0.0,0.0002574200753457724,0.0,0.10427842853739444,0.02613396215318505
p293_NCI,2.7512431352824103e-08,31.675396526404743,0.0009851740109605575,0.00011484711990828968,0.0,0.05907465230926066,0.015043668360032377
p293_MASS,3.6933955369332404e-22,101.14817082511287,0.0,0.00027346544683930945,3.1245434e-06,0.18896074938310534,0.04730933484332484
p293_SASA,1.9173182835647615e-21,97.36919251975753,0.0,0.00027346544683930945,3.1245434e-06,0.18896074938310534,0.04730933484332484
p293_PKB,8.14950353817003e-06,20.238601737199826,0.0,0.00016385958996669784,0.0,0.06878593613580884,0.017237448931443886
p294_H2,3.754047390818576e-05,17.238486792925805,0.0,1.3635307082119394e-05,4.0618207e-07,0.0810665634471054,0.020270151234063765
p294_P1,5.5226225111077914e-05,16.48600659845827,0.0,2.3848021260228194e-06,0.0,0.12731732454777753,0.03182992733747589
p294_NCI,2.1468687077964228e-38,192.7196787688425,0.2604332233488979,0.07294708948124266,0.0049111606,0.24757870183981756,0.1464675438080364
p294_MASS,4.93308226382082e-78,468.87710457574406,0.0,1.122380797760371e-06,4.7083637e-07,0.1446216513105953,0.03615581113194051
p294_SASA,1.8139176343945932e-59,329.4320615802464,0.0,1.3613431410694247e-05,0.0,0.08586987869537696,0.021470873031696914
p294_PKB,0.4356311558451462,0.6085446341519233,0.0,0.0,0.0,0.0,0.0
p295_H2,0.7882992150656206,0.07216466949730714,0.0,0.0,0.0,0.0,0.0
p295_P1,0.8224877077521017,0.050373588703731646,0.0,0.0,0.0,0.0,0.0
p295_NCI,0.7193298888376274,0.129252199898029,0.0,0.0,0.0,0.0,0.0
p295_MASS,0.9754861634298504,0.0009449881033892218,0.0,0.0,0.0,0.0,0.0
p295_SASA,0.9774545465790894,0.0007992830296873757,0.0,0.0,0.0,0.0,0.0
p295_PKB,0.989151735324542,0.0001850180626567745,0.0,0.0,0.0,0.0,0.0
p296_H2,0.000256052913794356,13.521908894681763,0.0,2.530565917877621e-05,0.0002767484,0.04331080620818297,0.01090321506962158
p296_P1,7.366374454562985e-05,15.92608210363228,0.0,8.883361479899608e-06,0.0,0.08743375153410478,0.02186065872389617
p296_NCI,8.686415673231323e-07,24.693148946642047,9.671749014334486e-05,0.0004318645189177832,2.526015e-07,0.12246125908479334,0.030747523423837436
p296_MASS,2.531980626434035e-14,60.89708107294404,0.0,8.793331755089698e-05,0.0,0.013018469429124773,0.0032766006866689176
p296_SASA,1.0300374230551955e-13,57.873695365682366,0.0,0.000167954246386001,0.0,0.020975175135416413,0.005285782345450603
p296_PKB,0.0013514450306295245,10.363957240447764,0.00012134816610347221,0.0003308421040102552,0.0,0.4147805849414931,0.10380819380290171
p297_H2,7.894189559890204e-29,137.4100395907993,0.0,5.554877658988023e-07,2.4565767e-09,0.06156104226213038,0.01539040005161825
p297_P1,8.958162742419449e-31,148.33644721227918,0.0,1.0345935481715465e-05,0.0,0.009076006683016603,0.0022715881546245794
p297_NCI,6.289850819523041e-24,110.58381699194985,0.0,5.989488225166489e-06,0.0,0.011838124249941065,0.0029610284345415578
p297_MASS,0.7676578773298915,0.08736055721556688,0.0,0.0,0.0,0.0,0.0
p297_SASA,0.0017137327572786067,9.918988558326221,0.0,4.420423357644978e-06,0.0,0.009785093568350379,0.002447378497927006
p297_PKB,1.143090547062025e-06,24.14351233203485,0.0,2.685667847921994e-05,0.0,0.2324304855680786,0.05811433556163945
p298_H2,2.7156560241779892e-11,46.02006896231358,0.0,0.001850751582968843,4.2086945e-06,0.15987385796536532,0.040432204560699334
p298_P1,1.0331150492064101e-38,194.62541309717548,0.0,0.006886490450515301,0.0,0.10657944429814911,0.028366483687166103
p298_NCI,5.775467885352191e-45,233.07097226646215,0.0,0.00020297525039766163,1.00359175e-05,0.06797211162702467,0.017046280698733617
p298_MASS,6.764287650722208e-05,16.091669701824088,0.0,1.1809320824474686e-05,0.0,0.02007937404187994,0.005022795840676104
p298_SASA,0.04702236178081501,3.9602124136157193,0.0,2.5122876922398724e-05,0.0,0.019599075159904337,0.004906049509206684
p298_PKB,8.5836207645307e-34,165.61395711620756,0.0,7.430380157835852e-05,0.0,0.4025893057847505,0.10066590239658221
p299_H2,6.427982733481551e-13,53.952137421451006,0.0,2.2207642509018892e-05,0.0,0.00016067830813867992,4.57214876619247e-05
p299_P1,0.2223831247659649,1.491890705806188,0.0,0.0,0.0,0.0,0.0
p299_NCI,1.6840878306478688e-08,32.67811899236621,0.0,3.347953673827474e-05,1.7341135e-09,0.06237844686197225,0.01560298203320601
p299_MASS,2.160726661523312e-13,56.283772956641045,0.0,3.9218771801925345e-05,0.0,0.02319697408871062,0.0058090482151281365
p299_SASA,1.9646038529560261e-22,102.6021797601049,0.0,6.459415970436568e-07,0.0,0.03492238488469824,0.00873075770657382
p299_PKB,1.5661460426277919e-22,103.12504493506849,0.0,0.00012145097419513606,0.0,0.3939501869280088,0.09851790947555099
p300_H2,7.991198668581752e-12,48.59923446721362,0.0,2.983571742113766e-05,7.6087684e-07,0.05129574385106477,0.012831585111332526
p300_P1,1.4894040225967073e-13,57.08171011634816,0.0,0.0012870361801000107,0.0,0.004301000393551941,0.001397009143412988
p300_NCI,4.296492681232713e-06,21.505796442286506,0.0,0.00010248510649037013,0.0,0.0549334588782388,0.013758985996182293
p300_MASS,2.0898795375993133e-24,113.15873387196257,0.0,4.3155234678976775e-05,0.0,0.04627311207624903,0.011579066827732002
p300_SASA,3.322847393747227e-22,101.39147566268113,0.0,0.0001668667783013372,0.0,0.03144224100273627,0.007902276945259402
p300_PKB,9.946059471937848e-20,88.39428221138324,0.0,0.00024546567671160737,0.0,0.035572079192173534,0.008954386217221286
p301_H2,4.31304252567022e-12,49.90422514954502,0.0,7.353660283995548e-06,5.605812e-07,0.01334863152087689,0.0033391364405935837
p301_P1,6.27216832144904e-14,58.94073860880691,0.0,7.353660283995548e-06,5.605812e-07,0.01334863152087689,0.0033391364405935837
p301_NCI,1.0204886265866333e-31,153.69415084503933,0.0,9.521739758667824e-08,0.0,0.015042023091713076,0.0037605295772776656
p301_MASS,0.2829526834843235,1.1548380811211585,0.0,0.0,0.0,0.0,0.0
p301_SASA,4.898696140442003e-05,16.719437691608416,0.0,1.7960807960852377e-07,0.0,0.011091861652451681,0.0027730103151328224
p301_PKB,3.349194100268318e-31,150.7582689111739,0.0,1.6059658645211258e-06,0.0,0.04152963563351941,0.010382810399845984
p302_H2,0.08835720673551715,2.9131285016687483,0.0,0.0,0.0,0.0,0.0
p302_P1,0.08835720692124632,2.913128498261296,0.0,0.0,0.0,0.0,0.0
p302_NCI,0.08835720673547973,2.913128501669492,0.0,0.0,0.0,0.0,0.0
p302_MASS,0.0883572067353302,2.9131285016722868,0.0,0.0,0.0,0.0,0.0
p302_SASA,0.08835720673482889,2.9131285016815043,0.0,0.0,0.0,0.0,0.0
p302_PKB,0.088357206740701,2.9131285015737487,0.0,0.0,0.0,0.0,0.0
p303_H2,1.567128789749719e-20,92.5792097044986,0.0,6.061619238943357e-06,1.326298e-06,0.13904379634707476,0.03476279606609027
p303_P1,0.011385548750146367,6.442160784019934,0.0003167327512514258,7.432238555919767e-05,5.1772146e-05,0.025801942667752962,0.006561192487522226
p303_NCI,0.2101182230632394,1.5738413827354638,0.0,0.0,0.0,0.0,0.0
p303_MASS,6.718578490188282e-28,132.24266604189185,0.0,2.9594102478291703e-05,4.6450976e-05,0.004597974908337557,0.0011685049966508605
p303_SASA,6.870888972489933e-28,132.1887635277577,0.0,2.9594102478291703e-05,4.6450976e-05,0.004597974908337557,0.0011685049966508605
p303_PKB,5.827051050937712e-30,143.7486011213583,0.0002561164380532307,3.57897255974806e-05,0.0,0.0224989242365744,0.005697707600056278
p304_H2,0.07578218492509359,3.163600114200464,0.0,0.0,0.0,0.0,0.0
p304_P1,0.10523030717250904,2.63204381126371,0.0,0.0,0.0,0.0,0.0
p304_NCI,0.150334673621488,2.0739322489724716,0.0,0.0,0.0,0.0,0.0
p304_MASS,0.8315443914977343,0.04528812467236365,0.0,0.0,0.0,0.0,0.0
p304_SASA,0.37861108816225464,0.7763071222919695,0.0,0.0,0.0,0.0,0.0
p304_PKB,0.11047402175694483,2.5546605645157503,0.0,0.0,0.0,0.0,0.0
p305_H2,0.9409652580585987,0.005488803168003059,0.0,0.0,0.0,0.0,0.0
p305_P1,0.9409652580627025,0.005488803167112652,0.0,0.0,0.0,0.0,0.0
p305_NCI,0.9409652580623294,0.005488803167298084,0.0,0.0,0.0,0.0,0.0
p305_MASS,0.9409652580645679,0.005488803166816882,0.0,0.0,0.0,0.0,0.0
p305_SASA,0.9409652580671793,0.005488803166345518,0.0,0.0,0.0,0.0,0.0
p305_PKB,0.9409652563588687,0.00548880348455349,0.0,0.0,0.0,0.0,0.0
p306_H2,3.1530724239294755e-05,17.57935503694983,0.0,1.0682013775347483e-05,3.2564524e-06,0.022077688683187796,0.005522906787334169
p306_P1,0.21269621295757385,1.5561505249199958,0.0,0.0,0.0,0.0,0.0
p306_NCI,1.3821204158889788e-54,295.8323026561228,0.0,1.1023899180019726e-05,0.0,0.3254900162472951,0.08137526003661878
p306_MASS,0.7123878145635925,0.13602698835969823,0.0,0.0,0.0,0.0,0.0
p306_SASA,0.1779458477372197,1.8187833625023961,0.0,0.0,0.0,0.0,0.0
p306_PKB,2.254524758204196e-18,81.38654543988812,0.0,3.73056765346652e-05,0.0,0.03235944348081089,0.008099187289336389
p307_H2,0.43446045844560477,0.6116566149014004,0.0,0.0,0.0,0.0,0.0
p307_P1,0.02314824938881182,5.182800824580162,0.0,0.0005004284996053862,1.04958235e-05,0.0064073850302730885,0.0017295773383488628
p307_NCI,0.2595315779217241,1.273563270729701,0.0,0.0,0.0,0.0,0.0
p307_MASS,0.12594659784829867,2.348030408157227,0.0,0.0,0.0,0.0,0.0
p307_SASA,0.1597700936600404,1.9811077812104108,0.0,0.0,0.0,0.0,0.0
p307_PKB,0.009016567197457399,6.862326867882104,0.0003046022455776192,1.8596776073830274e-05,3.5108492e-06,0.3430343202005858,0.08584025751785504
p308_H2,0.93335535255552,0.006998606893759982,0.0,0.0,0.0,0.0,0.0
p308_P1,0.8221142669098294,0.05058937803478852,0.0,0.0,0.0,0.0,0.0
p308_NCI,0.7572438020356894,0.09562780280280073,0.0,0.0,0.0,0.0,0.0
p308_MASS,0.8238680487922319,0.0495801743407976,0.0,0.0,0.0,0.0,0.0
p308_SASA,0.8380129462125387,0.041828794064827604,0.0,0.0,0.0,0.0,0.0
p308_PKB,0.8557690397420963,0.033064912727326826,0.0,0.0,0.0,0.0,0.0
p309_H2,0.5774252814929535,0.3107407021720515,0.0,0.0,0.0,0.0,0.0
p309_P1,0.6458186502466519,0.21141703742788553,0.0,0.0,0.0,0.0,0.0
p309_NCI,0.23004966540895766,1.4433665599234624,0.0,0.0,0.0,0.0,0.0
p309_MASS,0.10453058368223711,2.6426896722196664,0.0,0.0,0.0,0.0,0.0
p309_SASA,0.12131158080434418,2.406837593869756,0.0,0.0,0.0,0.0,0.0
p309_PKB,0.6788808647483145,0.171548804057406,0.0,0.0,0.0,0.0,0.0
p310_H2,0.6215163133877865,0.2439844268067883,0.0,0.0,0.0,0.0,0.0
p310_P1,0.3283215580050255,0.957000880120324,0.0,0.0,0.0,0.0,0.0
p310_NCI,0.5744638131521564,0.3156020122335457,0.0,0.0,0.0,0.0,0.0
p310_MASS,5.766784348806249e-07,25.514845608478755,0.0,6.377632828796365e-07,0.0,0.06320190792629635,0.015800636422394806
p310_SASA,0.00018206835487780823,14.176971030679084,0.0,5.534581058100741e-07,0.0,0.019236159390106207,0.004809178212053004
p310_PKB,0.8112180301047187,0.05709989535102995,0.0,0.0,0.0,0.0,0.0
p311_H2,0.8664712884005141,0.02829508160465388,0.0,0.0,0.0,0.0,0.0
p311_P1,4.826098651172139e-05,16.74852662031725,0.0,6.926164298535889e-06,5.312361e-08,0.006832305865246349,0.001709821288288821
p311_NCI,0.00019744773930859195,14.020981372037925,0.0,2.6135754714115567e-05,0.0,0.01536357714331206,0.003847428224506544
p311_MASS,5.145344208255891e-08,30.39992982765749,0.0,4.3855998346241283e-07,0.0,0.0042376069666012536,0.001059511381646179
p311_SASA,0.00010058558476480482,15.322256006130447,0.0,4.8558717196600074e-05,0.0,0.02690595368524881,0.0067386281006113526
p311_PKB,0.02872716833858712,4.806064598156126,0.0,1.9512836827437036e-06,0.0,0.022368810267978666,0.005592690387915353
p312_H2,0.7169983857586797,0.1315056728712701,0.0,0.0,0.0,0.0,0.0
p312_P1,0.7169983857592523,0.13150567287077342,0.0,0.0,0.0,0.0,0.0
p312_NCI,0.7169983857591092,0.13150567287088707,0.0,0.0,0.0,0.0,0.0
p312_MASS,0.7169983857593956,0.13150567287058368,0.0,0.0,0.0,0.0,0.0
p312_SASA,0.7169983857603264,0.13150567286974613,0.0,0.0,0.0,0.0,0.0
p312_PKB,0.7169983854393313,0.13150567318146,0.0,0.0,0.0,0.0,0.0
p313_H2,0.15686458034133186,2.009012549620056,0.0,0.0,0.0,0.0,0.0
p313_P1,0.13540514592849404,2.2351763643313065,0.0,0.0,0.0,0.0,0.0
p313_NCI,0.03924370396639435,4.268165671143795,0.0,3.0385377788291295e-07,0.0,0.037260974682092406,0.009315319633967572
p313_MASS,0.1110719407443913,2.5460946746242725,0.0,0.0,0.0,0.0,0.0
p313_SASA,2.1872843772968677e-05,18.295466720153303,0.0,2.9734372882082365e-05,0.0,0.008542842502144633,0.002143144218756679
p313_PKB,0.007038395715255948,7.311308499733411,0.0,0.00012294644044804593,2.5502725e-06,0.09827457848987319,0.024600018800701274
p314_H2,1.7899274782322732e-22,102.81692058616187,0.0,2.6509660544334097e-05,0.0,0.022474658604371166,0.005625292066228875
p314_P1,0.005780831965144339,7.670071833964979,0.0,5.101128920731708e-06,0.0,0.059535104092177694,0.014885051305274606
p314_NCI,0.3421502740474739,0.9037304836141048,0.0,0.0,0.0,0.0,0.0
p314_MASS,0.0001811608292078871,14.1865876221211,0.0,6.369668774228056e-06,6.8389604e-06,0.029543498435160048,0.0073891767660877305
p314_SASA,0.002814098541936793,8.995383712779864,0.0,6.369668774228056e-06,6.8389604e-06,0.029543498435160048,0.0073891767660877305
p314_PKB,0.34666575657226795,0.8869599411491724,0.0,0.0,0.0,0.0,0.0
p315_H2,0.9646834863746078,0.001962035477762456,0.0,0.0,0.0,0.0,0.0
p315_P1,0.8596888934435726,0.0312734546005387,0.0,0.0,0.0,0.0,0.0
p315_NCI,0.9309278937145029,0.0075190303080045606,0.0,0.0,0.0,0.0,0.0
p315_MASS,0.9189804298049751,0.01035492614813348,0.0,0.0,0.0,0.0,0.0
p315_SASA,0.9162016720910623,0.011080078429389592,0.0,0.0,0.0,0.0,0.0
p315_PKB,0.9162650419604241,0.011063264827651614,0.0,0.0,0.0,0.0,0.0
p316_H2,7.285450086487527e-21,94.32158504740607,0.0,5.908514997021934e-06,1.626737e-07,0.0172264003259377,0.004308117878658753
p316_P1,7.628768293739755e-15,63.49438164860218,0.0,0.0004528931016508096,0.0,0.022907344473127474,0.005840059393694571
p316_NCI,0.595975639573641,0.2813962527727963,0.0,0.0,0.0,0.0,0.0
p316_MASS,1.5755237205146494e-18,82.18734894347149,0.0,7.236375024794689e-06,0.0,0.03364472652904942,0.008412990726018555
p316_SASA,5.145001751814999e-14,59.367403105496145,0.0,9.471009337409778e-06,0.0,0.03134975583385897,0.007839806710799094
p316_PKB,0.03877359058718963,4.288795062498128,0.0,2.0384892784822602e-05,0.0,0.09398962112486318,0.023502501504412
p317_H2,0.006909012930912028,7.3450535966204935,0.0,0.00024573036479236726,0.0,0.07329417401279306,0.018384976094396356
p317_P1,0.009784376933288862,6.714823768138301,0.0,1.6899606010426616e-05,0.0,0.018675210037132767,0.004673027410785798
p317_NCI,1.2648503578234722e-07,28.57444241824011,0.0,5.53452153839077e-06,0.0,0.21649140956662202,0.054124236022040105
p317_MASS,3.525746450696263e-08,31.169580680483207,0.0,2.1102681888991665e-05,0.0,0.02214021939048575,0.005540330518093686
p317_SASA,0.00029021291174575613,13.281943872732068,0.0,7.898517251224494e-05,0.00010501379,0.011560586509402847,0.0029361463672553092
p317_PKB,5.399017593808068e-10,39.77027148763998,0.0,2.574946116454018e-05,4.9068316e-08,0.21534294677333504,0.053842186325703804
p318_H2,2.4976843018724906e-44,229.0783462449796,0.0,0.00010247928199796904,1.190314e-06,0.3416925403319245,0.08544905248199
p318_P1,4.685844561770524e-41,208.82463760379144,0.0,9.939595442613323e-05,4.3539794e-06,0.014939464874754945,0.003760803702150409
p318_NCI,0.008852302289821336,6.895556932903469,0.0,4.066909755554061e-05,3.7725982e-08,0.2137865113421628,0.05345680454142517
p318_MASS,0.495986195415024,0.46405640889923094,0.0,0.0,0.0,0.0,0.0
p318_SASA,0.5567053973033541,0.3458122925933258,0.0,0.0,0.0,0.0,0.0
p318_PKB,4.971552390665534e-18,79.62289640612482,0.0,0.00026106659143002915,3.0833576e-07,0.027455446638784266,0.006929205391492806
p319_H2,3.629508121456438e-19,85.4784368073529,0.0,8.545676491253154e-06,8.664886e-05,0.09028934027255879,0.02259613370292109
p319_P1,5.611521192268989e-05,16.45493080182549,0.0,0.0003394828928477756,2.3729426e-08,0.16363762168553353,0.04099428207695171
p319_NCI,0.2994962724732061,1.0782232491293895,0.0,0.0,0.0,0.0,0.0
p319_MASS,5.2114404669836614e-36,178.55407046554623,0.0,0.00015053011337513213,1.1065e-05,0.03476400468272504,0.008731399948988357
p319_SASA,1.8270091191150245e-30,146.58695005234767,0.0,9.704718894669186e-05,0.0,0.05769822266623811,0.0144488174637962
p319_PKB,1.9216273580946403e-08,32.40832658186144,0.0,0.00014557320013812268,0.00028394148,0.2902683430266388,0.07267446442695163
p320_H2,5.582659768556246e-11,44.50660506979853,0.0036722399564269818,0.00025640224334568326,2.129887e-05,0.08960959998263218,0.02338988526327777
p320_P1,1.739781370104914e-08,32.61157864609531,0.00099024803481045,6.0494989143803e-05,0.0,0.04159817431086047,0.010662229333703682
p320_NCI,0.6935203818183605,0.15544413404681146,0.0,0.0,0.0,0.0,0.0
p320_MASS,0.0017308439235502245,9.90041088610735,0.0,2.8636627571222003e-06,0.0,0.002629820125276807,0.0006581709470084823
p320_SASA,0.042991404938404455,4.112460321365097,0.0,3.6688705864832633e-05,0.0,0.025193545317944942,0.006307558505952444
p320_PKB,0.0010195102260376061,10.894112852025309,0.0,4.638699315608584e-05,0.0,0.11806269978954577,0.029527271695675462
p321_H2,0.002732136077623622,9.050202387357912,0.0,0.0001748855068888457,1.7127068e-05,0.04360437937064086,0.010949097986287903
p321_P1,0.008999618589679678,6.865726617678353,0.0,2.4439878539917824e-05,1.3392377e-05,0.18842832872221002,0.04711654024438404
p321_NCI,0.0003484719053282263,12.93199419308512,0.0,6.884592214678643e-05,0.0003179163,0.2376991574616848,0.05952147992175154
p321_MASS,0.08811078832125818,2.917656368313632,0.0,0.0,0.0,0.0,0.0
p321_SASA,0.19166178834148662,1.7084863675672306,0.0,0.0,0.0,0.0,0.0
p321_PKB,0.5112257034245713,0.4320513219768807,0.0,0.0,0.0,0.0,0.0
p322_H2,9.263019322575002e-14,58.101863330818745,0.00016805996164336246,0.0002297300285735437,0.0002824181,0.03982265536580916,0.01012571586381452
p322_P1,2.3939542117838292e-23,107.47300044874093,0.0016898267610803198,0.00036069287589911525,1.5944045e-06,0.11050195045214987,0.028138516123398884
p322_NCI,6.662271684533704e-08,29.874698033951134,0.0,4.284282494075859e-05,6.502104e-08,0.0345003663896169,0.008635818558899663
p322_MASS,6.495196598879424e-29,137.8825755836598,0.018397865748297687,0.0010599431518357645,1.3876253e-06,0.16940815144901186,0.04721683699360511
p322_SASA,4.076969552592041e-31,150.27361148223778,0.018397865748297687,0.0010599431518357645,1.3876253e-06,0.16940815144901186,0.04721683699360511
p322_PKB,5.821010144034735e-22,100.10222938421695,0.0,0.00011432600084752352,0.0,0.22778448978970262,0.05697470394763753
p323_H2,3.6697344632239966e-21,95.88540306401042,8.660132815797943e-05,0.00021766916070165061,3.1510282e-08,0.035139690372923034,0.008860998093016261
p323_P1,0.003066278762020597,8.836386989038294,0.0,0.00016303698217288784,1.2209997e-06,0.09561704982518136,0.023945326951765232
p323_NCI,1.0411351887990501e-05,19.755221020850836,0.0,1.2748342724991196e-05,3.314485e-06,0.17779010495586148,0.0444515419458858
p323_MASS,4.361287627079408e-07,26.076282088007673,0.0,0.0005544931446434375,9.737441e-06,0.15811797896570626,0.039670552387927396
p323_SASA,0.0001456540104819021,14.60688992731566,0.0,4.932016564489072e-05,0.0,0.015164893093896568,0.0038035533148853646
p323_PKB,0.7683380541802796,0.08683474602012146,0.0,0.0,0.0,0.0,0.0
p324_H2,5.331582128938067e-12,49.45524696993052,0.0,4.515280887196151e-05,6.4308706e-06,0.004945903618627563,0.0012493718245245576
p324_P1,2.635805596124004e-06,22.476623331482905,0.0018249766694214157,0.00031941858794313024,0.00015929667,0.036357587228099876,0.009665319789563916
p324_NCI,1.505966440650319e-09,37.64407663489581,0.0007309070331566846,0.0001417095018828139,2.28344e-07,0.06288438978782913,0.01593930866671886
p324_MASS,0.001356203485862339,10.357360019915257,0.0,0.00021619218304653025,1.3559409e-05,0.11176723183254102,0.02799924585617843
p324_SASA,0.055155593584663015,3.6911524577825228,0.00014833476061531194,0.00015528281280197413,0.00012329628,0.04582564723108449,0.011563140271688983
p324_PKB,0.5710560845365111,0.3212574840916842,0.0,0.0,0.0,0.0,0.0
p325_H2,0.5405669543848979,0.3749014227166259,0.0,0.0,0.0,0.0,0.0
p325_P1,0.36546740287111934,0.8202093367812242,0.0,0.0,0.0,0.0,0.0
p325_NCI,0.03418264374380826,4.505261698113634,0.0022565444182032685,0.00025118246897703567,1.4135372e-07,0.29070743156848555,0.07330382495234732
p325_MASS,0.0231000017843251,5.186457448391255,0.001496247937748612,0.0009514633205923114,1.6298729e-05,0.12329209983713277,0.031439027456106265
p325_SASA,0.0035210646820298904,8.580716651310935,0.001496247937748612,0.0009514633205923114,1.6298729e-05,0.12329209983713277,0.031439027456106265
p325_PKB,0.045737101707772836,4.0072093929245725,0.0,0.0008962530281388707,0.00059901713,0.1762205371768115,0.04442895183472166
p326_H2,4.915313490884508e-05,16.71284048031754,0.0,1.106652858597557e-05,0.0,0.14165218487934525,0.03541581285198281
p326_P1,1.3932671386293745e-11,47.42562272781046,0.0,0.0001862469992579425,1.08899734e-07,0.07658087492993845,0.019191807707232517
p326_NCI,2.3596159910421457e-06,22.696976715932557,0.0,3.854582195438242e-06,0.0,0.3153815109667227,0.07884634138722953
p326_MASS,1.4780694170591978e-15,67.06603638885149,0.0,6.030327712620214e-06,0.0,0.011216148469217901,0.0028055446992326302
p326_SASA,4.2637612655157403e-16,69.78559638192733,0.0,6.030327712620214e-06,0.0,0.011216148469217901,0.0028055446992326302
p326_PKB,1.6660939585847834e-12,51.923142691773435,0.0,2.305296323133236e-05,0.0,0.14260575596212757,0.035657202231339724
p327_H2,4.249527852037972e-05,16.99655464328677,0.0,9.293492082915194e-07,1.6507639e-06,0.02931139971083697,0.007328494955991372
p327_P1,3.1815667958569607e-14,60.40394440536749,0.0,1.0807804709266348e-06,0.0,0.01974053557171332,0.004935404088046062
p327_NCI,8.662526768004329e-20,88.70627411789486,0.0,8.258758191056044e-07,0.0,0.12682212394869014,0.03170573745612731
p327_MASS,1.2347237752469754e-12,52.560681704865125,0.0,1.0807804709266348e-06,0.0,0.01974053557171332,0.004935404088046062
p327_SASA,3.8361918582937275e-12,50.152510874535885,0.0,1.0807804709266348e-06,0.0,0.01974053557171332,0.004935404088046062
p327_PKB,3.702245215116563e-12,50.227849106179114,0.0,1.0807804709266348e-06,0.0,0.01974053557171332,0.004935404088046062
p328_H2,3.1282835058247915e-18,80.6554557876108,0.0,1.4126587991799591e-06,0.0,0.16810852620917946,0.04202748471699466
p328_P1,5.507741345300406e-24,110.89361987131976,0.0,4.448796093977991e-06,0.0,0.07141321716031397,0.017854416489101986
p328_NCI,8.402703042167758e-11,43.649835689375855,0.0,1.731977781513158e-05,0.0,0.04896615052461315,0.012245867575607071
p328_MASS,1.601555658004805e-25,119.19859741395412,0.0,1.6348169041902322e-05,0.0,0.06737362405143958,0.01684749305512037
p328_SASA,8.354993442232489e-27,126.2068046479133,0.0,1.6348169041902322e-05,0.0,0.06737362405143958,0.01684749305512037
p328_PKB,1.955981298505218e-19,86.86930983667295,0.0,4.336863093252764e-05,0.0,0.2846172252413693,0.07116514846807545
p329_H2,0.15744275705824004,2.0034129901598763,0.0,0.0,0.0,0.0,0.0
p329_P1,0.630619082387895,0.23144969990860853,0.0,0.0,0.0,0.0,0.0
p329_NCI,0.0005152795257508796,12.186259385657943,0.0,0.0005853779774428669,0.0002733899,0.23851532963190655,0.05984352437416174
p329_MASS,0.09378149408133912,2.8167966113638716,0.0,0.0,0.0,0.0,0.0
p329_SASA,0.024095830576079186,5.112548151236577,0.00011414972180989547,8.856216089541785e-05,0.0,0.01221431751021525,0.003104257348230141
p329_PKB,0.16487394035705943,1.9334653823642094,0.0,0.0,0.0,0.0,0.0
p330_H2,2.293083069812192e-08,32.04724823483033,0.0,0.00021946445768407767,4.1595645e-06,0.04694865756429102,0.011793070396610992
p330_P1,0.0006940998259747487,11.620702170583861,1.765857216720007e-06,1.8467163872431698e-05,2.112885e-07,0.09717975066809516,0.02430004874441964
p330_NCI,0.004570418401357615,8.100414974330933,1.7286219684199506e-05,7.368250305794275e-05,3.2235454e-07,0.3109403890735613,0.0777579200377103
p330_MASS,0.001786384162903971,9.841371626820875,0.0,0.00013840522596816402,1.5315807e-05,0.07812429084953687,0.019569502970652346
p330_SASA,0.01057734136344051,6.574481136662678,0.0,0.00013840522596816402,1.5315807e-05,0.07812429084953687,0.019569502970652346
p330_PKB,0.6042422670067862,0.26891724953249874,0.0,0.0,0.0,0.0,0.0
p331_H2,0.10991476545466428,2.562718952654797,0.0,0.0,0.0,0.0,0.0
p331_P1,0.20705351692557156,1.5952103918606164,0.0,0.0,0.0,0.0,0.0
p331_NCI,0.13664146185998952,2.221080065989086,0.0,0.0,0.0,0.0,0.0
p331_MASS,0.6489593596938829,0.20741455697641414,0.0,0.0,0.0,0.0,0.0
p331_SASA,0.9059059919245838,0.013983514693918724,0.0,0.0,0.0,0.0,0.0
p331_PKB,0.5858396263865913,0.29719629393363595,0.0,0.0,0.0,0.0,0.0
p332_H2,0.32844498519073984,0.9565122221508334,0.0,0.0,0.0,0.0,0.0
p332_P1,0.1330387462197968,2.2625646557202956,0.0,0.0,0.0,0.0,0.0
p332_NCI,1.5681204038856488e-17,77.0696157813094,0.00015421070710538355,0.00011844341795972978,0.00019117593,0.18919516025198346,0.0474147475772201
p332_MASS,3.386379355250754e-05,17.43982092574909,0.0,0.00022131086614466996,0.00010620366,0.0015290943314167221,0.0004641522145989932
p332_SASA,6.92351758854645e-05,16.04647382879676,0.0,0.00022131086614466996,0.00010620366,0.0015290943314167221,0.0004641522145989932
p332_PKB,0.25268041837353183,1.3108386095738944,0.0,0.0,0.0,0.0,0.0
p333_H2,3.3434997865005034e-13,55.348922168522115,0.0,0.00018656478201687835,0.00012845463,0.12907323152865458,0.03234706273532096
p333_P1,2.0875843858889134e-06,22.941001720457653,0.0,0.00011070928329548737,0.00030508777,0.031991416989468835,0.008101803511007755
p333_NCI,0.011466549583303733,6.429435864972024,1.2378635130508508e-05,0.0002927511752857491,2.0674547e-07,0.028228983891090527,0.007133580111743882
p333_MASS,3.564289563789058e-06,21.87665806498628,0.00010665414076762144,7.249602603224842e-05,0.0,0.0036248021924462095,0.0009509880898115198
p333_SASA,6.703519798865723e-05,16.109201662897235,7.081328471346186e-05,0.00016999347184521506,4.1164623e-07,0.02271570274148939,0.005739230286068627
p333_PKB,0.052091605420655086,3.787247696466583,2.233681340689884e-06,0.00023821215236605143,1.6959986e-05,0.06346381289084985,0.015930304677681455
p334_H2,1.633246236609073e-42,217.78362062794412,0.0,0.00012306138994861387,8.759243e-08,0.1588920586698894,0.03975380191306772
p334_P1,8.898514108227674e-13,53.258452689869884,0.0,2.425172218022466e-05,0.000105193394,0.006815114883921988,0.001736140000055516
p334_NCI,1.2943581867571547e-06,23.89501406468711,0.0,0.0001638778327824276,2.087633e-07,0.02139936861854344,0.005390863803655574
p334_MASS,0.05249887418677067,3.7741337436303195,0.0,5.1468120938853905e-05,9.015582e-06,0.12221492355786844,0.030568851815147215
p334_SASA,0.7416849215240127,0.10874751248780808,0.0,0.0,0.0,0.0,0.0
p334_PKB,0.6136529764556837,0.25514529068585956,0.0,0.0,0.0,0.0,0.0
p335_H2,9.905950022570778e-36,176.91389943009293,0.0,0.0009572092669276653,4.1949286e-05,0.36484155147015007,0.09146017750582994
p335_P1,4.237512897319666e-12,49.941656860403974,0.0,0.00014717250895530614,5.1285926e-05,0.1348697794521294,0.03376705947177612
p335_NCI,3.708992592583346e-10,40.55084099694947,0.0,0.00018154434696138284,2.817572e-07,0.06111407586950409,0.015323975493415206
p335_MASS,0.2005871396747082,1.6415514627839005,0.0,0.0,0.0,0.0,0.0
p335_SASA,0.9545623096572202,0.003249153760814447,0.0,0.0,0.0,0.0,0.0
p335_PKB,0.012616911098089812,6.258089170845334,0.0,4.93792983682604e-05,0.0,0.0690342341338577,0.01727090335805649
p336_H2,0.0010992247123715972,10.7522932663476,0.0,0.0004947894633325856,0.00012804594,0.0035426691056731578,0.0010413761272697376
p336_P1,9.188517603982375e-07,24.580582608101984,0.0,0.00021033078630908883,3.681844e-08,0.042803115092784116,0.010753370674383709
p336_NCI,0.015804962482413136,5.85631813141692,0.000774944863513818,0.0002824946803193743,1.8833446e-06,0.18783664990359664,0.04722399319799909
p336_MASS,0.015657181232514108,5.873013463687354,0.0016611447223002214,0.0009277903942668266,8.320357e-08,0.00200655247590613,0.0011488926990099704
p336_SASA,0.043824579655629824,4.079789569694634,0.0016611447223002214,0.0009277903942668266,8.320357e-08,0.00200655247590613,0.0011488926990099704
p336_PKB,3.218363826504983e-05,17.53928378098318,0.0,0.000732944133949109,1.7627077e-08,0.044764045339905446,0.01137425177523281
p337_H2,0.0743920824615549,3.194012918688365,0.0,0.0,0.0,0.0,0.0
p337_P1,0.1435922287544202,2.144407837058818,0.0,0.0,0.0,0.0,0.0
p337_NCI,0.05445682157728473,3.7125599474791935,0.0,0.0005776062328109597,4.775458e-07,0.04825501167849105,0.012208273864281778
p337_MASS,0.5916109001542333,0.2881318398259191,0.0,0.0,0.0,0.0,0.0
p337_SASA,0.4149323793326174,0.6655080877330493,0.0,0.0,0.0,0.0,0.0
p337_PKB,0.5765529748794225,0.3121674650057238,0.0,0.0,0.0,0.0,0.0
p338_H2,0.805477321659835,0.060697711213761135,0.0,0.0,0.0,0.0,0.0
p338_P1,1.8732120321496235e-05,18.59960119789519,0.0,0.0007672070861736057,0.0011840508,0.05017615913947365,0.013031854258576987
p338_NCI,1.4754205128035026e-06,23.63342205624797,0.0,0.001983558706725377,2.3776929e-07,0.15872855205015696,0.04017808713154187
p338_MASS,0.00018000469658031624,14.198909314177152,0.0,0.00014844991592458736,0.00014309345,0.038179459927745026,0.00961775082338703
p338_SASA,3.612378731866822e-05,17.31360706187039,0.0,0.00014844991592458736,0.00014309345,0.038179459927745026,0.00961775082338703
p338_PKB,4.1620788500197215e-07,26.170332392166813,0.0,0.0002984131929665834,0.0014619832,0.060921604078825554,0.01567050011612605
p339_H2,6.5042314258916e-05,16.167844100712465,0.0,0.00017437842258943072,4.570561e-05,0.024797717729650417,0.006254450440184888
p339_P1,0.0022243313262886727,9.432366819554105,2.5727609783766813e-06,0.00013208666641051958,2.5022524e-07,0.12073236273209909,0.03021681809618235
p339_NCI,0.015478899675410896,5.893372550729614,0.0,0.00012543255546993437,7.2613295e-07,0.20096728366736438,0.0502733605889468
p339_MASS,4.443039037651196e-14,59.683543104767274,0.0,0.00019158056160777787,7.8825686e-08,0.015972793822434203,0.004041113302431879
p339_SASA,4.081130872207989e-13,54.92254633463414,0.0,0.00019158056160777787,7.8825686e-08,0.015972793822434203,0.004041113302431879
p339_PKB,0.6693242892423803,0.1825658917210763,0.0,0.0,0.0,0.0,0.0
p340_H2,0.024544796502773747,5.0802593593231755,0.0,0.0005393113899319914,7.771494e-06,0.15783411715842607,0.03959530001058538
p340_P1,0.6298833526896437,0.23244766523666519,0.0,0.0,0.0,0.0,0.0
p340_NCI,0.04037708993253933,4.219480757690415,0.0,0.0006982885373335356,1.7530016e-05,0.05107129453898801,0.012946778272983276
p340_MASS,0.5545520859373352,0.3496017595857581,0.0,0.0,0.0,0.0,0.0
p340_SASA,0.6560695055128682,0.19852328068767833,0.0,0.0,0.0,0.0,0.0
p340_PKB,0.09528525840819585,2.79116288558844,0.0,0.0,0.0,0.0,0.0
p341_H2,0.1630953461881782,1.949874024541265,0.0,0.0,0.0,0.0,0.0
p341_P1,0.21045443726030552,1.5715196115863677,0.0,0.0,0.0,0.0,0.0
p341_NCI,0.40469634584789504,0.695268001690875,0.0,0.0,0.0,0.0,0.0
p341_MASS,0.08107047823546418,3.0531616968376265,0.0,0.0,0.0,0.0,0.0
p341_SASA,0.03812060536087331,4.317889689644335,0.0,0.00027713184583725637,4.479511e-07,0.019428917570793795,0.004926624341931484
p341_PKB,0.03190939089159119,4.624028694928139,0.0,0.00019622836374909758,1.1853882e-06,0.04161010458905615,0.010451879585254877
p342_H2,1.013899032100102e-09,38.46298274106788,0.0,3.440875851156281e-05,5.4211327e-05,0.16183427716838283,0.04048072431338409
p342_P1,0.004914418281623638,7.967254411298256,0.0,0.0001163945552024541,0.0,0.018419700654505017,0.004634023802426868
p342_NCI,0.0010684094060782728,10.805840073981678,0.0005764160676801616,0.0005299821285478422,4.0078616e-05,0.2879459694722744,0.07227311157105348
p342_MASS,0.008216682800834872,7.030389189262231,0.0,0.00011546119522515742,2.8452191e-06,0.03480874249933027,0.00873176222841749
p342_SASA,0.015591574728040073,5.880477499491324,0.0,0.00011546119522515742,2.8452191e-06,0.03480874249933027,0.00873176222841749
p342_PKB,0.18569358423902457,1.755313229222283,0.0,0.0,0.0,0.0,0.0
p343_H2,0.0725687718625023,3.2348441071495735,0.0,0.0,0.0,0.0,0.0
p343_P1,0.30638139327547176,1.0479227691052466,0.0,0.0,0.0,0.0,0.0
p343_NCI,0.7770998403001378,0.0802150401198311,0.0,0.0,0.0,0.0,0.0
p343_MASS,0.04300755370986306,4.1118207654464936,0.0,3.2936139933573095e-05,0.0,0.025672032824459897,0.006426242241098367
p343_SASA,0.048272721267917304,3.9157770550849214,0.0,3.2936139933573095e-05,0.0,0.025672032824459897,0.006426242241098367
p343_PKB,0.17072222587618874,1.880909159317182,0.0,0.0,0.0,0.0,0.0
p344_H2,5.593721846784498e-09,34.93826839841296,0.0,7.304030167090565e-05,1.2914256e-06,0.021655127669830323,0.005432364849283582
p344_P1,0.5706451730116181,0.32194391750208035,0.0,0.0,0.0,0.0,0.0
p344_NCI,0.00033067304202606765,13.032208195508643,0.0,0.00035439617230333326,5.7848706e-07,0.4192620686640522,0.1049042608308541
p344_MASS,0.6221440953388301,0.24310677637245273,0.0,0.0,0.0,0.0,0.0
p344_SASA,0.7860052335725853,0.07377639031322797,0.0,0.0,0.0,0.0,0.0
p344_PKB,0.035337351420304065,4.4480648318851355,0.0009894606895843661,9.411168779370364e-05,8.70022e-06,0.03676271263171032,0.009463746307259772
p345_H2,1.4224732002182693e-17,77.28588759042513,0.0,3.2329430439040844e-05,1.8221657e-07,0.13065226874580768,0.03267119509820347
p345_P1,0.2172006965960698,1.5258436980331698,0.0,0.0,0.0,0.0,0.0
p345_NCI,0.0492893122851009,3.8805377569814983,0.00012197580403338615,0.0005720037545650623,0.0002522658,0.09239114321693004,0.02333434714470289
p345_MASS,0.1184530094882202,2.444364413067964,0.0,0.0,0.0,0.0,0.0
p345_SASA,0.02069651070286517,5.379424416542608,0.0,0.0007347452930787456,0.0012059547,0.1728441966987158,0.043696224173125735
p345_PKB,0.3173077432445414,1.0016108124026817,0.0,0.0,0.0,0.0,0.0
p346_H2,0.013494379372080846,6.1378833442159815,0.0,4.2030948886390003e-05,0.0,0.0732208845204135,0.018315728867324972
p346_P1,4.513288804402661e-05,16.879129808701176,0.0,5.266067742372481e-06,0.0,0.09288956070795198,0.02322370669392359
p346_NCI,0.0032506954148572107,8.728333100247104,0.0,1.4147382900115361e-06,0.0,0.0777126210136934,0.019428508937995855
p346_MASS,0.00014516671433652666,14.613353680312022,0.0,1.3220252140256538e-05,0.0,0.04338242497753014,0.0108489113074176
p346_SASA,0.00015164556334563506,14.529153174896587,0.0,1.3220252140256538e-05,0.0,0.04338242497753014,0.0108489113074176
p346_PKB,9.092246020741422e-05,15.517854313843879,0.0,1.3220252140256538e-05,0.0,0.04338242497753014,0.0108489113074176
p347_H2,0.18927585154094975,1.7269996676739325,0.0,0.0,0.0,0.0,0.0
p347_P1,3.879825045754116e-10,40.45715873566214,0.0,6.537351295021804e-05,0.00052676507,0.05012260080284901,0.012678684846547297
p347_NCI,4.36070232755984e-36,179.00980225554815,0.00037487123517717524,0.0004721453186809366,0.0,0.05899872499252175,0.014961435386594965
p347_MASS,2.0801627423231297e-06,22.948099605941856,0.0,0.00014511431183984212,4.2968182e-05,0.12423868386477675,0.03110669158971477
p347_SASA,3.1808672964171166e-06,22.102790786401133,0.0,0.00014511431183984212,4.2968182e-05,0.12423868386477675,0.03110669158971477
p347_PKB,3.191038474943603e-07,26.705229212349884,0.0,4.571956611890308e-05,0.0,0.05086476772225746,0.01272762182209409
p348_H2,0.2921179200425069,1.111707173251851,0.0,0.0,0.0,0.0,0.0
p348_P1,0.0005010190861408508,12.239649238946953,0.0,0.00030768277888932347,1.6318689e-05,0.06627275324748526,0.016649188678774168
p348_NCI,4.276551225602465e-05,16.984190851872814,0.0,0.00013667970281322172,1.4150847e-06,0.18157188408876387,0.045427494719079066
p348_MASS,0.001499325827974956,10.169201089690018,0.0,7.147894987826168e-05,6.577557e-05,0.04602486275414502,0.011540529319406538
p348_SASA,0.000937097196693237,11.053082633561262,0.0,7.147894987826168e-05,6.577557e-05,0.04602486275414502,0.011540529319406538
p348_PKB,1.6073200028610998e-05,18.900320762172356,0.0,5.8090647916431364e-05,4.4237486e-06,0.05727441908528813,0.01433423337044567
p349_H2,0.011612715190120148,6.406706192086748,0.0,0.0001036277239572624,0.0,0.0996111036563204,0.024928682845069414
p349_P1,0.0008548107538548978,11.22663069176469,0.0,1.1941851042399111e-05,0.0,0.008020507258704694,0.0020081122774367735
p349_NCI,0.003284928547308991,8.70896426191401,9.475614630524248e-05,0.00029912128544897496,2.6962553e-08,0.005485836520155558,0.0014699352286157137
p349_MASS,0.01949438174033052,5.484860483729725,0.0005263374465024919,2.8942972518027757e-05,0.0,0.03664849370831853,0.009300943531834763
p349_SASA,0.01992378639158307,5.446442991598572,0.0005263374465024919,2.8942972518027757e-05,0.0,0.03664849370831853,0.009300943531834763
p349_PKB,0.0035638359735429303,8.558428092754001,0.0,3.384722210476218e-05,6.163637e-06,0.017984549724054357,0.004506140145778209
p350_H2,0.0016949159506518172,9.939636924298632,0.0,0.00015620651982319703,2.0124695e-05,0.09813075469506656,0.024576771477436525
p350_P1,0.06600260291025063,3.3915904774887577,0.000381037877329658,0.00022877436865118526,9.176538e-06,0.08975195571584178,0.022592736124902514
p350_NCI,0.09712904989784452,2.7603288845763156,0.0,0.0,0.0,0.0,0.0
p350_MASS,0.0008374533250472023,11.265398505443292,0.0,0.00012863392414326814,0.0,0.12688073447943393,0.0317523421008943
p350_SASA,0.00023898686038391592,13.654218857398597,0.0,0.00012863392414326814,0.0,0.12688073447943393,0.0317523421008943
p350_PKB,0.4778479052547935,0.50437645600968,0.0,0.0,0.0,0.0,0.0
p351_H2,0.4250576036061806,0.6371219392571426,0.0,0.0,0.0,0.0,0.0
p351_P1,0.9769148086700677,0.0008380216084638903,0.0,0.0,0.0,0.0,0.0
p351_NCI,0.7469086706317682,0.10423892821513249,0.0,0.0,0.0,0.0,0.0
p351_MASS,0.7316331564260851,0.11772241136302197,0.0,0.0,0.0,0.0,0.0
p351_SASA,0.7359904050126759,0.11378330409117607,0.0,0.0,0.0,0.0,0.0
p351_PKB,0.8196206951064529,0.05204269726623123,0.0,0.0,0.0,0.0,0.0
p352_H2,0.0059160681299964685,7.627837278298105,0.00018112612670402112,7.297997643727357e-05,7.0293645e-05,0.15036686633440371,0.03767281652062801
p352_P1,0.29266426607768165,1.1091907569683612,0.0,0.0,0.0,0.0,0.0
p352_NCI,1.4799889947827026e-06,23.627247574908875,7.622165520735215e-05,0.0002625910593095326,8.3390274e-05,0.45882616060562137,0.11481209089855585
p352_MASS,0.5964699852587116,0.2806398255340174,0.0,0.0,0.0,0.0,0.0
p352_SASA,0.7278377905033417,0.1212147190929151,0.0,0.0,0.0,0.0,0.0
p352_PKB,0.5344280491791695,0.38639255198507816,0.0,0.0,0.0,0.0,0.0
p353_H2,0.4409224682406516,0.5946372312603603,0.0,0.0,0.0,0.0,0.0
p353_P1,0.8340583666043101,0.04392662933573123,0.0,0.0,0.0,0.0,0.0
p353_NCI,0.8965340567868699,0.01692438035988694,0.0,0.0,0.0,0.0,0.0
p353_MASS,0.8672266924871097,0.027972844770924033,0.0,0.0,0.0,0.0,0.0
p353_SASA,0.8735865771619522,0.025334967767106926,0.0,0.0,0.0,0.0,0.0
p353_PKB,0.8929261036980909,0.018132593314549666,0.0,0.0,0.0,0.0,0.0
p354_H2,2.2087982332953822e-12,51.323868758543384,0.0,7.954209921436864e-06,3.1490586e-06,0.03720123976474011,0.009303085758304644
p354_P1,0.11327629985690155,2.514948479734471,0.0,0.0,0.0,0.0,0.0
p354_NCI,0.6907499035020267,0.15842125907199303,0.0,0.0,0.0,0.0,0.0
p354_MASS,0.0033801141773323307,8.656171493626415,0.0,5.21683515358704e-05,0.0,0.04928554023422474,0.012334427146440152
p354_SASA,0.04055366847194419,4.212025436281945,0.0,5.21683515358704e-05,0.0,0.04928554023422474,0.012334427146440152
p354_PKB,0.5305744180506263,0.3937292894372893,0.0,0.0,0.0,0.0,0.0
