,R2,MAE,MSE,RMSE,MAPE,SD,ASD
gbr,0.9487804516213781,7.172077118848404,174.98133156071484,13.060376144435475,0.015370780265417558,13.219729409428016,11.113551746941958
