Base Model R^2	MAE	MAPE	SQE	RSQE
0.6780912903119919	21.215873866871895	0.04612951416346259	1267.705112858904	35.6048467607839