,Species,Opsin_Family,Accession,Lambda_Max,Prediction,Difference
S8,Papilio_xuthus,"Rh1,Rh3",AB007423.1_1_58-AB007425.1_59_83-AB007423.1_84_91-AB007425.1_92_114-AB007423.1_115_129-AB007425.1_130_152-AB007423.1_153_173-AB007425.1_174_190-AB007423.1_191_217-AB007425.1_218_241-AB007423.1_242_280-AB007425.1_281_303-AB007423.1_304_379,569.0,563.5660830970637,-5.433916902936289
S13,Papilio_xuthus,"Rh1,Rh3",AB007423.1_1_91-AB007425.1_92_114-AB007423.1_115_129-AB007425.1_130_152-AB007423.1_153_173-AB007425.1_174_190-AB007423.1_191_217-AB007425.1_218_241-AB007423.1_242_280-AB007425.1_281_303-AB007423.1_304_313-AB007425.1_314_339-AB007423.1_340_379,566.0,560.0046758293672,-5.995324170632784
S24,Papilio_xuthus,"Rh1,Rh3","AB007423.1_1_58-AB007425.1_59_83-AB007423.1[A109F,L122I,A115C]_84_379",543.0,545.7346960982453,2.7346960982453083
S52,Platynereis_dumerilii,LWS,AY692353.1_K94T,491.0,458.89279790685003,-32.107202093149965
S70,Pieris_rapae,PrV,AB208674.1,420.0,423.5565270161807,3.5565270161807234
S79,Argopecten_irradians,Rtc,KX550908.1_M204L_Y211W_V216A,513.0,514.7831797126432,1.783179712643232
S90,Limenitis_a.astyanax,IV-Rh1,AY918902.2_K201R,429.0,431.2321090533293,2.232109053329282
S91,Limenitis_a.astyanax,IV-Rh1,AY918902.2_T273A,430.0,431.2321090533293,1.2321090533292818
S94,Danaus_plexippus,IV-Rh1,AY605544,439.0,460.4065536819485,21.40655368194848
S97,Callosobruchus_maculatus,IV-LWS,OP722946.1,511.0,541.4741560598221,30.47415605982212
S120,Callophrys_sheridanii,IV-LWS,MN831887.1,518.0,559.0869346257256,41.086934625725576
S121,Aotus_azaraiboliviensis,LWS,AB081277.2,539.0,556.2347917924682,17.234791792468172
S133,Drosophila_melanogaster,Rh-MWS,U67905.1_F147Y,437.0,428.330660845245,-8.669339154754994
S137,Drosophila_melanogaster,IV,NM_079687.3_K110N,420.0,389.9017671730921,-30.098232826907918
S141,Drosophila_melanogaster,IV-RH,AY060299,350.0,457.6524026152794,107.65240261527941
