,Species,Opsin_Family,Accession,Lambda_Max,Prediction,Difference
S8,Papilio_xuthus,"Rh1,Rh3",AB007423.1_1_58-AB007425.1_59_83-AB007423.1_84_91-AB007425.1_92_114-AB007423.1_115_129-AB007425.1_130_152-AB007423.1_153_173-AB007425.1_174_190-AB007423.1_191_217-AB007425.1_218_241-AB007423.1_242_280-AB007425.1_281_303-AB007423.1_304_379,569.0,558.7295533890838,-10.270446610916224
S13,Papilio_xuthus,"Rh1,Rh3",AB007423.1_1_91-AB007425.1_92_114-AB007423.1_115_129-AB007425.1_130_152-AB007423.1_153_173-AB007425.1_174_190-AB007423.1_191_217-AB007425.1_218_241-AB007423.1_242_280-AB007425.1_281_303-AB007423.1_304_313-AB007425.1_314_339-AB007423.1_340_379,566.0,558.3815732538123,-7.618426746187652
S24,Papilio_xuthus,"Rh1,Rh3","AB007423.1_1_58-AB007425.1_59_83-AB007423.1[A109F,L122I,A115C]_84_379",543.0,542.8443717688505,-0.15562823114953517
S52,Platynereis_dumerilii,LWS,AY692353.1_K94T,491.0,460.3902622560457,-30.609737743954327
S70,Pieris_rapae,PrV,AB208674.1,420.0,436.57420057206485,16.574200572064854
S79,Argopecten_irradians,Rtc,KX550908.1_M204L_Y211W_V216A,513.0,511.3973436535384,-1.602656346461572
S90,Limenitis_a.astyanax,IV-Rh1,AY918902.2_K201R,429.0,433.67793193247695,4.677931932476952
S91,Limenitis_a.astyanax,IV-Rh1,AY918902.2_T273A,430.0,433.67793193247695,3.6779319324769517
S94,Danaus_plexippus,IV-Rh1,AY605544,439.0,443.29059740077565,4.290597400775653
S97,Callosobruchus_maculatus,IV-LWS,OP722946.1,511.0,522.2541999879553,11.254199987955303
S120,Callophrys_sheridanii,IV-LWS,MN831887.1,518.0,569.2156135896325,51.21561358963254
S121,Aotus_azaraiboliviensis,LWS,AB081277.2,539.0,532.4526015005916,-6.547398499408359
S133,Drosophila_melanogaster,Rh-MWS,U67905.1_F147Y,437.0,429.19671063166624,-7.803289368333765
S137,Drosophila_melanogaster,IV,NM_079687.3_K110N,420.0,367.4749772658429,-52.52502273415712
S141,Drosophila_melanogaster,IV-RH,AY060299,350.0,459.4150263071276,109.41502630712762
