Base Model R^2	MAE	MAPE	SQE	RSQE
0.7055722595190126	20.85531491639166	0.04387192115206597	1159.4826133688375	34.0511763874442