,Species,Opsin_Family,Accession,Lambda_Max,Prediction,Difference
S8,Papilio_xuthus,"Rh1,Rh3",AB007423.1_1_58-AB007425.1_59_83-AB007423.1_84_91-AB007425.1_92_114-AB007423.1_115_129-AB007425.1_130_152-AB007423.1_153_173-AB007425.1_174_190-AB007423.1_191_217-AB007425.1_218_241-AB007423.1_242_280-AB007425.1_281_303-AB007423.1_304_379,569.0,562.9782133971457,-6.021786602854263
S13,Papilio_xuthus,"Rh1,Rh3",AB007423.1_1_91-AB007425.1_92_114-AB007423.1_115_129-AB007425.1_130_152-AB007423.1_153_173-AB007425.1_174_190-AB007423.1_191_217-AB007425.1_218_241-AB007423.1_242_280-AB007425.1_281_303-AB007423.1_304_313-AB007425.1_314_339-AB007423.1_340_379,566.0,558.6246506400204,-7.375349359979623
S24,Papilio_xuthus,"Rh1,Rh3","AB007423.1_1_58-AB007425.1_59_83-AB007423.1[A109F,L122I,A115C]_84_379",543.0,546.5563075934657,3.5563075934657036
S52,Platynereis_dumerilii,LWS,AY692353.1_K94T,491.0,459.15468384489304,-31.845316155106957
S70,Pieris_rapae,PrV,AB208674.1,420.0,420.65143080083834,0.6514308008383409
S79,Argopecten_irradians,Rtc,KX550908.1_M204L_Y211W_V216A,513.0,513.7582574636758,0.7582574636758181
S90,Limenitis_a.astyanax,IV-Rh1,AY918902.2_K201R,429.0,430.3560398055403,1.3560398055403198
S91,Limenitis_a.astyanax,IV-Rh1,AY918902.2_T273A,430.0,430.3560398055403,0.3560398055403198
S94,Danaus_plexippus,IV-Rh1,AY605544,439.0,463.941464584948,24.941464584947994
S97,Callosobruchus_maculatus,IV-LWS,OP722946.1,511.0,532.7483292977271,21.748329297727082
S120,Callophrys_sheridanii,IV-LWS,MN831887.1,518.0,562.705343822016,44.70534382201595
S121,Aotus_azaraiboliviensis,LWS,AB081277.2,539.0,558.0016256502344,19.00162565023436
S133,Drosophila_melanogaster,Rh-MWS,U67905.1_F147Y,437.0,427.0927757816438,-9.907224218356191
S137,Drosophila_melanogaster,IV,NM_079687.3_K110N,420.0,387.34101163396514,-32.65898836603486
S141,Drosophila_melanogaster,IV-RH,AY060299,350.0,457.9462202195571,107.94622021955712
