Base Model R^2	MAE	MAPE	SQE	RSQE
0.7110554268676488	20.7798316571569	0.04367535171558377	1137.8894129572554	33.73261645584664