Base Model R^2	MAE	MAPE	SQE	RSQE
0.5116347350239732	21.8434592063492	0.04371467874257925	1762.6600066464066	41.984044667544914