,Species,Opsin_Family,Accession,Lambda_Max,Prediction,Difference
S7,Anolis_carolinensis,LWS,U08131,561.0,558.3549666666667,-2.6450333333333447
S16,Rattus_norvegicus,MWS,AH006946.2,509.0,517.1089999999999,8.108999999999924
S23,Anolis_carolinensis,MWS,AH007737.2,482.0,498.7283611111111,16.7283611111111
S25,Poecilia_reticulata,LWS1,AB748985.1,571.0,547.6646666666667,-23.335333333333324
S29,Platynereis_dumerilii,LWS,AY692353.1,383.0,491.92468650793654,108.92468650793654
S31,Platynereis_dumerilii,LWS,AY692353.1_K94A,492.0,491.92468650793654,-0.07531349206345794
S35,Platynereis_dumerilii,LWS,AY692353.1_K94E,461.0,491.92468650793654,30.924686507936542
S37,Platynereis_dumerilii,LWS,AY692353.1_K94R,377.0,491.92468650793654,114.92468650793654
S50,lwsanc_pigmente_sp.,LWS,lwsanc_pigmente,558.0,549.9626666666667,-8.037333333333322
S52,lwsanc_pigmentg_sp.,LWS,lwsanc_pigmentg,561.0,561.5133000000001,0.513300000000072
S53,lwsanc_pigmenti_sp.,LWS,lwsanc_pigmenti,564.0,556.6565,-7.343499999999949
S67,Saimiri_sciureus,LWS,AH006283_I232F,532.0,533.3973095238094,1.3973095238094402
S71,Saimiri_sciureus,LWS,AH006282_I232F,545.0,545.9899166666667,0.9899166666666588
S82,lwsancestor_pigmentd,LWS,lwsanc_pigmentd_A308S,527.0,532.1861666666666,5.186166666666622
S85,lwsancestor_pigmentd,LWS,lwsanc_pigmentd_S180A_T285A,536.0,541.7180000000001,5.718000000000075
