,Species,Opsin_Family,Accession,Lambda_Max,Prediction,Difference
S7,Anolis_carolinensis,LWS,U08131,561.0,574.7908796424559,13.790879642455934
S16,Rattus_norvegicus,MWS,AH006946.2,509.0,498.5525305864005,-10.447469413599492
S23,Anolis_carolinensis,MWS,AH007737.2,482.0,453.9208915976225,-28.07910840237753
S25,Poecilia_reticulata,LWS1,AB748985.1,571.0,558.6565315245532,-12.343468475446798
S29,Platynereis_dumerilii,LWS,AY692353.1,383.0,491.7086278592721,108.7086278592721
S31,Platynereis_dumerilii,LWS,AY692353.1_K94A,492.0,491.7086278592721,-0.2913721407279013
S35,Platynereis_dumerilii,LWS,AY692353.1_K94E,461.0,491.7086278592721,30.7086278592721
S37,Platynereis_dumerilii,LWS,AY692353.1_K94R,377.0,491.7086278592721,114.7086278592721
S50,lwsanc_pigmente_sp.,LWS,lwsanc_pigmente,558.0,555.031734275833,-2.968265724167054
S52,lwsanc_pigmentg_sp.,LWS,lwsanc_pigmentg,561.0,567.5984565130445,6.598456513044539
S53,lwsanc_pigmenti_sp.,LWS,lwsanc_pigmenti,564.0,562.1641328811384,-1.8358671188616427
S67,Saimiri_sciureus,LWS,AH006283_I232F,532.0,532.5589246969929,0.5589246969929036
S71,Saimiri_sciureus,LWS,AH006282_I232F,545.0,546.6954261975732,1.6954261975731697
S82,lwsancestor_pigmentd,LWS,lwsanc_pigmentd_A308S,527.0,531.1091908990678,4.109190899067812
S85,lwsancestor_pigmentd,LWS,lwsanc_pigmentd_S180A_T285A,536.0,540.7054957314429,4.705495731442852
