,Species,Opsin_Family,Accession,Lambda_Max,Prediction,Difference
S7,Anolis_carolinensis,LWS,U08131,561.0,555.3869333333333,-5.613066666666668
S16,Rattus_norvegicus,MWS,AH006946.2,509.0,513.5635079365079,4.563507936507904
S23,Anolis_carolinensis,MWS,AH007737.2,482.0,502.9075,20.907500000000027
S25,Poecilia_reticulata,LWS1,AB748985.1,571.0,549.0028,-21.99720000000002
S29,Platynereis_dumerilii,LWS,AY692353.1,383.0,490.5885,107.58850000000001
S31,Platynereis_dumerilii,LWS,AY692353.1_K94A,492.0,490.5885,-1.4114999999999895
S35,Platynereis_dumerilii,LWS,AY692353.1_K94E,461.0,490.5885,29.58850000000001
S37,Platynereis_dumerilii,LWS,AY692353.1_K94R,377.0,490.5885,113.58850000000001
S50,lwsanc_pigmente_sp.,LWS,lwsanc_pigmente,558.0,554.6076666666667,-3.3923333333333403
S52,lwsanc_pigmentg_sp.,LWS,lwsanc_pigmentg,561.0,560.5468666666667,-0.4531333333333123
S53,lwsanc_pigmenti_sp.,LWS,lwsanc_pigmenti,564.0,558.7645,-5.235500000000002
S67,Saimiri_sciureus,LWS,AH006283_I232F,532.0,533.0821309523809,1.0821309523809077
S71,Saimiri_sciureus,LWS,AH006282_I232F,545.0,545.3506825396825,0.35068253968245244
S82,lwsancestor_pigmentd,LWS,lwsanc_pigmentd_A308S,527.0,532.4498333333333,5.449833333333345
S85,lwsancestor_pigmentd,LWS,lwsanc_pigmentd_S180A_T285A,536.0,542.43,6.42999999999995
