Base Model R^2	MAE	MAPE	SQE	RSQE
0.49654578229543944	22.769987235571595	0.045809745487051266	1817.1206643225216	42.62769832306832