Base Model R^2	MAE	MAPE	SQE	RSQE
0.4993118864755236	22.323508465608462	0.04453926154589361	1807.1369460646513	42.51043337893242