Base Model R^2	MAE	MAPE	SQE	RSQE
0.8235589482632604	3.4904497355218633	0.007143309193442006	31.688268747714872	5.629233406753967