Base Model R^2	MAE	MAPE	SQE	RSQE
0.8478105837195438	3.5363922333963638	0.007202527162541168	27.332749811810128	5.228073240861314