Base Model R^2	MAE	MAPE	SQE	RSQE
0.8649833189747884	2.77289427612144	0.005659611688896022	24.24857952068372	4.9242846709632575