,Species,Opsin_Family,Accession,Lambda_Max,Prediction,Difference
S3,Cottus_gobio,SWS2,AJ430489.1_T118G,452.0,460.8041714744531,8.804171474453085
S18,Rattus_norvegicus,SWS1,U63972.1,358.0,358.3428701778357,0.3428701778357208
S86,Danio_rerio,SWS2,AB087809.1_V88I,416.0,416.9915658688093,0.991565868809289
S87,Danio_rerio,SWS2,AB087809.1_A97S,417.0,416.6394234466338,-0.36057655336617245
S100,Carassius_auratus,SWS2,L11864.1_G124S,444.0,443.1011189409197,-0.8988810590802814
S109,swsanc4_sp.,UVS,swsanc4,360.0,360.56064291469477,0.5606429146947676
S118,swsanc1_sp.,UVS,"swsanc1_K147R,G149S",361.0,358.6229585593555,-2.3770414406445184
S121,swsanc6_sp.,SWS,swsanc6_A118S,398.0,388.4266399402472,-9.573360059752815
S134,swsanc5_sp.,UVS,"swsanc5_F49V,F84S,S118A,A120G",375.0,373.5103494383555,-1.4896505616445097
S144,"swsanc3,Xenopus_sp.,laevis",UVS,swsanc3_1_66-NM_001085652.1_67_98-swsanc3_99_350,383.0,392.77422048564836,9.774220485648357
S146,"swsanc3,Xenopus_sp.,laevis",UVS,swsanc3_1_30-NM_001085652.1_31_98-swsanc3_99_350,389.0,396.8752360999892,7.875236099989195
S147,"swsanc3,Xenopus_sp.,laevis",UVS,swsanc3_1_30-NM_001085652.1_31_66-swsanc3_67_98-NM_001085652.1_99_151-swsanc3_152_350,417.0,403.2947797500338,-13.705220249966203
S167,swsanc3_sp.,UVS,swsanc3_V109A,360.0,366.3271212599248,6.327121259924809
S176,swsanc3_sp.,UVS,"swsanc3_V109A,E113D,L116V",391.0,374.26500545984027,-16.734994540159732
S177,swsanc3_sp.,UVS,"swsanc3_V109A,E113D,S118T",391.0,375.4399857639083,-15.560014236091718
S178,swsanc3_sp.,UVS,"swsanc3_V109A,L116V,S118T",360.0,383.37786996382374,23.37786996382374
S185,swsanc3_sp.,UVS,"swsanc3_F46M,F86M,V91I,T93P",383.0,387.5420571894311,4.542057189431091
S208,Mus_musculus,UVS,NP_031564.1_H100N,359.0,356.91161966617074,-2.0883803338292637
S210,Mus_musculus,UVS,NP_031564.1_A114G,359.0,357.8999434003459,-1.100056599654124
S223,Mus_musculus,UVS,"NP_031564.1_F46T,F49L,T52F,F85L,T92P,E113Q,A114G,S118T",369.0,357.27344656788597,-11.72655343211403
S257,Xenopus_laevis,SWS1,NM_001085652.1_D114E,415.0,417.64628187190476,2.646281871904762
S261,Xenopus_laevis,SWS1,NM_001085652.1_G116A,429.0,417.64628187190476,-11.353718128095238
S264,Anolis_carolinensis,SWS2,AF133907_V49I,439.0,438.87404451779446,-0.12595548220554065
S265,Anolis_carolinensis,SWS2,AF133907_G164A,438.0,439.0713772818403,1.0713772818402845
S266,Anolis_carolinensis,SWS2,AF133907_I46F_V49I_G164A,438.0,439.0289694448711,1.0289694448711089
