,Species,Opsin_Family,Accession,Lambda_Max,Prediction,Difference
S3,Cottus_gobio,SWS2,AJ430489.1_T118G,452.0,461.4927251082252,9.492725108225216
S18,Rattus_norvegicus,SWS1,U63972.1,358.0,363.7683333333334,5.7683333333333735
S86,Danio_rerio,SWS2,AB087809.1_V88I,416.0,417.6388975468975,1.6388975468975104
S87,Danio_rerio,SWS2,AB087809.1_A97S,417.0,418.9383380230879,1.9383380230879084
S100,Carassius_auratus,SWS2,L11864.1_G124S,444.0,441.41853571428567,-2.5814642857143326
S109,swsanc4_sp.,UVS,swsanc4,360.0,364.57800000000003,4.578000000000031
S118,swsanc1_sp.,UVS,"swsanc1_K147R,G149S",361.0,360.85,-0.14999999999997726
S121,swsanc6_sp.,SWS,swsanc6_A118S,398.0,387.7575,-10.242500000000007
S134,swsanc5_sp.,UVS,"swsanc5_F49V,F84S,S118A,A120G",375.0,367.435,-7.564999999999998
S144,"swsanc3,Xenopus_sp.,laevis",UVS,swsanc3_1_66-NM_001085652.1_67_98-swsanc3_99_350,383.0,386.78,3.7799999999999727
S146,"swsanc3,Xenopus_sp.,laevis",UVS,swsanc3_1_30-NM_001085652.1_31_98-swsanc3_99_350,389.0,389.795,0.7950000000000159
S147,"swsanc3,Xenopus_sp.,laevis",UVS,swsanc3_1_30-NM_001085652.1_31_66-swsanc3_67_98-NM_001085652.1_99_151-swsanc3_152_350,417.0,402.145,-14.855000000000018
S167,swsanc3_sp.,UVS,swsanc3_V109A,360.0,364.63666666666666,4.636666666666656
S176,swsanc3_sp.,UVS,"swsanc3_V109A,E113D,L116V",391.0,365.9616666666667,-25.0383333333333
S177,swsanc3_sp.,UVS,"swsanc3_V109A,E113D,S118T",391.0,367.98199999999997,-23.01800000000003
S178,swsanc3_sp.,UVS,"swsanc3_V109A,L116V,S118T",360.0,395.1917222222222,35.19172222222221
S185,swsanc3_sp.,UVS,"swsanc3_F46M,F86M,V91I,T93P",383.0,383.14,0.13999999999998636
S208,Mus_musculus,UVS,NP_031564.1_H100N,359.0,359.77,0.7699999999999818
S210,Mus_musculus,UVS,NP_031564.1_A114G,359.0,364.01,5.009999999999991
S223,Mus_musculus,UVS,"NP_031564.1_F46T,F49L,T52F,F85L,T92P,E113Q,A114G,S118T",369.0,361.9833333333333,-7.016666666666708
S257,Xenopus_laevis,SWS1,NM_001085652.1_D114E,415.0,418.3170833333333,3.3170833333333007
S261,Xenopus_laevis,SWS1,NM_001085652.1_G116A,429.0,418.3170833333333,-10.6829166666667
S264,Anolis_carolinensis,SWS2,AF133907_V49I,439.0,438.2776666666667,-0.7223333333333244
S265,Anolis_carolinensis,SWS2,AF133907_G164A,438.0,438.662380952381,0.6623809523809996
S266,Anolis_carolinensis,SWS2,AF133907_I46F_V49I_G164A,438.0,438.39433333333335,0.39433333333334986
