Base Model R^2	MAE	MAPE	SQE	RSQE
0.8702473818376419	7.199427792207796	0.01861869433656113	126.92380348222957	11.266046488552654