Base Model R^2	MAE	MAPE	SQE	RSQE
0.9190236774319085	6.072956601375679	0.015639900626627127	79.21090917399097	8.900051077043939