,Species,Opsin_Family,Accession,Lambda_Max,Prediction,Difference
S3,Cottus_gobio,SWS2,AJ430489.1_T118G,452.0,461.0413163695339,9.041316369533888
S18,Rattus_norvegicus,SWS1,U63972.1,358.0,357.64585477779605,-0.35414522220395384
S86,Danio_rerio,SWS2,AB087809.1_V88I,416.0,417.60907027633823,1.6090702763382296
S87,Danio_rerio,SWS2,AB087809.1_A97S,417.0,417.22242032507006,0.22242032507006115
S100,Carassius_auratus,SWS2,L11864.1_G124S,444.0,442.30633562479494,-1.69366437520506
S109,swsanc4_sp.,UVS,swsanc4,360.0,359.42240888797284,-0.5775911120271644
S118,swsanc1_sp.,UVS,"swsanc1_K147R,G149S",361.0,358.81936313085714,-2.180636869142859
S121,swsanc6_sp.,SWS,swsanc6_A118S,398.0,390.28958975930095,-7.710410240699048
S134,swsanc5_sp.,UVS,"swsanc5_F49V,F84S,S118A,A120G",375.0,375.1091067753929,0.10910677539288827
S144,"swsanc3,Xenopus_sp.,laevis",UVS,swsanc3_1_66-NM_001085652.1_67_98-swsanc3_99_350,383.0,391.1641156406729,8.16411564067289
S146,"swsanc3,Xenopus_sp.,laevis",UVS,swsanc3_1_30-NM_001085652.1_31_98-swsanc3_99_350,389.0,396.65333517300996,7.653335173009964
S147,"swsanc3,Xenopus_sp.,laevis",UVS,swsanc3_1_30-NM_001085652.1_31_66-swsanc3_67_98-NM_001085652.1_99_151-swsanc3_152_350,417.0,406.413475266809,-10.586524733191027
S167,swsanc3_sp.,UVS,swsanc3_V109A,360.0,367.8217972470257,7.8217972470257
S176,swsanc3_sp.,UVS,"swsanc3_V109A,E113D,L116V",391.0,373.21191174456374,-17.788088255436264
S177,swsanc3_sp.,UVS,"swsanc3_V109A,E113D,S118T",391.0,379.35369925885,-11.646300741150014
S178,swsanc3_sp.,UVS,"swsanc3_V109A,L116V,S118T",360.0,385.706201628449,25.70620162844898
S185,swsanc3_sp.,UVS,"swsanc3_F46M,F86M,V91I,T93P",383.0,387.1574865026089,4.15748650260889
S208,Mus_musculus,UVS,NP_031564.1_H100N,359.0,356.8279174593105,-2.1720825406894733
S210,Mus_musculus,UVS,NP_031564.1_A114G,359.0,361.17673830292046,2.1767383029204552
S223,Mus_musculus,UVS,"NP_031564.1_F46T,F49L,T52F,F85L,T92P,E113Q,A114G,S118T",369.0,354.37325146614046,-14.62674853385954
S257,Xenopus_laevis,SWS1,NM_001085652.1_D114E,415.0,415.78957749706206,0.789577497062055
S261,Xenopus_laevis,SWS1,NM_001085652.1_G116A,429.0,415.78957749706206,-13.210422502937945
S264,Anolis_carolinensis,SWS2,AF133907_V49I,439.0,438.60464507667746,-0.3953549233225431
S265,Anolis_carolinensis,SWS2,AF133907_G164A,438.0,438.71538962322154,0.7153896232215402
S266,Anolis_carolinensis,SWS2,AF133907_I46F_V49I_G164A,438.0,438.71538962322154,0.7153896232215402
