Base Model R^2	MAE	MAPE	SQE	RSQE
0.9208606235863217	6.177471468393215	0.015893321388091505	77.41401138485782	8.798523250231133