Base Model R^2	MAE	MAPE	SQE	RSQE
0.968340886789651	6.913397137159061	0.014640983741612252	92.86530953420326	9.636664855343017