Base Model R^2	MAE	MAPE	SQE	RSQE
0.9723185427428891	6.437110980968377	0.013749896370456647	81.19769746737938	9.010976499102602