Base Model R^2	MAE	MAPE	SQE	RSQE
0.966592482940867	6.973839442037286	0.014784554166098342	97.99388226235719	9.899185939376894