Base Model R^2	MAE	MAPE	SQE	RSQE
0.9480910230003088	5.247339008040927	0.011796316398756477	137.47955518668937	11.725167597381684