Base Model R^2	MAE	MAPE	SQE	RSQE
0.9637360201580842	4.555366080999295	0.010474645391628113	96.04419324224604	9.80021393859573