Base Model R^2	MAE	MAPE	SQE	RSQE
0.9604771522831721	5.2572553963158395	0.011661786468250232	104.67521877483891	10.231090791056392