Base Model R^2	MAE	MAPE	SQE	RSQE
0.8633367687625433	11.620606468856378	0.024000572772808395	372.5100955514653	19.300520603120148