Base Model R^2	MAE	MAPE	SQE	RSQE
0.9184650689330792	10.490547280182463	0.022356940404870775	222.24401316655138	14.907850722574041