Base Model R^2	MAE	MAPE	SQE	RSQE
0.8677719902365542	10.928042698409236	0.022804237227619147	360.42078110956544	18.98475127858054