,R2,MAE,MSE,RMSE,MAPE,SD,ASD
xgb,0.9706175222046289,5.33263400738109,112.39083974535933,10.392112470572272,0.01195798895698318,10.598325301895267,9.161960394260866
