,R2,MAE,MSE,RMSE,MAPE
xgb,0.9598792626255502,6.32282100829082,147.86022491485883,11.968574971974745,0.013996450521585149
gbr,0.958578261490796,7.805589107954383,150.17880779273037,12.182202618142572,0.01727255873078295
rf,,,,,
