feature,p_value,score,gbr,BayesianRidge,rf,xgb,mean
p1_GAP,1.2498277533779608e-15,66.4282291977813,0.0,0.10741036328571099,4.323637684419137e-05,5.3356514e-05,0.026876739044238707
p1_M,1.784149861081115e-05,18.61255277106798,0.0003801387766497687,0.12296046440063182,4.5953113455259787e-05,6.599983e-05,0.03086313903097633
p1_P,0.0006843113447756034,11.614372410176387,0.0,0.015871739690178917,5.541507284186311e-05,4.8467455e-06,0.003983000377122437
p2_EMDGFYQHIPVL,0.06601562438780233,3.387884328202965,6.910625066988856e-05,0.01262409059291849,5.4772947817093166e-05,5.9143087e-05,0.0032017782196334123
p2_GAP,2.7038532762167545e-70,378.21607920739314,0.0,0.13637522866954832,3.802144618497708e-05,0.00065927295,0.0342681307658869
p2_K,0.015855465800130832,5.841569706223573,8.314002086614526e-05,0.08433769021808317,2.9165882217626914e-05,5.988647e-05,0.021127470648221142
p2_N,1.1661461284519792e-10,42.54664221053059,0.0,0.019182858770427393,5.799249111709931e-05,0.0001373304,0.0048445454145568615
p2_R,4.507252150440087e-05,16.813854768829525,0.0,0.09055247201249701,2.7814322496209498e-05,7.0199208e-06,0.022646826563937923
p2_S,0.0012478739317917057,10.48637044971093,0.0,0.061074742528723434,8.224713567526921e-05,5.8754526e-06,0.015290716279260557
p2_T,1.7998530420451274e-12,51.158801133012126,0.0,0.12562332067943813,4.329101911357307e-05,5.9705773e-05,0.03143157936796549
p3_G,6.198272024858517e-11,43.84434818933906,0.0,0.08685975709952704,2.612457580724742e-06,0.0011735708,0.022008985077312904
p3_GAP,1.5509895323837872e-39,191.53636606565877,0.0,0.01923541197057828,2.025269946392651e-05,1.1092025e-06,0.004814193468125022
p3_HAKTSRDPVF,0.00180965742830902,9.793191117629416,0.0,0.1323218987069577,2.398723860927738e-05,6.6430716e-06,0.03308813225429894
p3_Q,7.414540617895719e-10,38.76410128765058,0.0,0.07540232445809718,1.2210991248646412e-05,6.650013e-06,0.018855296365559545
p4_E,0.6923582422781588,0.1566477873551984,0.0,0.0,0.0,0.0,0.0
p4_GAP,0.6088225611324118,0.2620820071481629,0.0,0.0,0.0,0.0,0.0
p4_H,8.54415773664836e-08,29.17067470655066,0.0,0.020994655671876954,2.2139770396819715e-05,1.8462123e-06,0.005254660413639762
p4_M,2.1339949077225003e-15,65.2944049373933,0.0,0.08239071210365759,2.4989640730483607e-05,1.1517334e-05,0.020606804769675694
p4_N,1.626919903706244e-06,23.31001861574498,0.0,0.01756418332781489,0.00012302649367590523,2.5069141e-05,0.004428069740616365
p4_PAFGVLIQWC,1.8460336532640805e-06,23.060586255987445,0.0,0.026737851328020413,4.983500661684406e-05,0.00014383064,0.006732879242497329
p4_S,1.8696874396025155e-33,158.12804145259653,0.0,0.0062170867361699715,4.422441550471807e-05,0.000385639,0.0016617375368673172
p4_T,5.787530966593177e-10,39.26933693078973,0.0,0.14614989120435534,8.784592589836738e-06,9.470644e-07,0.03653990571533458
p4_Y,6.303755504034981e-07,25.186890175900828,0.0,0.025620215019632023,2.5389097036121573e-05,3.6874815e-06,0.006412322899533747
p5_E,1.8582786706691282e-35,169.00893597092949,0.0,0.07280179651955042,3.6232235009869375e-05,7.1810673e-06,0.018211302455465938
p5_GAP,4.166841927405606e-62,325.50419278023736,0.0,0.13484290401012075,0.021824990938103687,0.00044798513,0.03927897002057799
p5_PSITMANGFQLRH,0.08542995448449536,2.9651503601156635,0.0,0.0,0.0,0.0,0.0
p6_FAMDNRTSKVQPIY,1.0128844956557323e-05,19.7169500530337,0.0,0.2624360164154305,0.0009217476956441044,0.00034902015,0.06592669606498373
p6_G,0.26791820617503875,1.228938382275977,0.0,0.0,0.0,0.0,0.0
p6_GAP,2.0965990713167574e-05,18.298504565697108,0.0,0.12024203867312307,8.864489768923741e-05,7.192933e-05,0.030100653225495676
p6_L,0.0013341349887806989,10.36143767061849,0.0005575749382732238,0.004116807051599523,0.0001289400855935498,8.648052e-06,0.0012029925319275987
p7_D,0.0005480989871847538,12.033278798900087,0.0,0.12045415374595123,0.00014670540643184403,2.6992732e-06,0.030150889606391233
p7_E,1.8750715724735597e-20,90.33202986192244,0.0,0.021480621222219196,1.1341635109977117e-05,6.766442e-05,0.0053899068192011625
p7_GAP,3.218778661217662e-09,35.77890536830958,0.0,0.025504532654350688,6.164032691925738e-05,2.6037644e-05,0.006398052656240659
p7_I,0.12905484945760426,2.30819258265378,0.0,0.0,0.0,0.0,0.0
p7_K,0.25942587523019633,1.2734708148974079,0.0,0.0,0.0,0.0,0.0
p7_L,0.642883722395426,0.21513980779632033,0.0,0.0,0.0,0.0,0.0
p7_P,0.7169995687984237,0.13147070635712152,0.0,0.0,0.0,0.0,0.0
p7_Q,0.40885316814776285,0.6827892298579099,0.0,0.0,0.0,0.0,0.0
p8_E,1.774864101360444e-36,174.59610214613582,0.0,0.033508884467347747,0.0012107523378915965,3.0037813e-07,0.008679984295843095
p8_F,0.07255597745955522,3.2320253689226286,0.0,0.036025492223763216,1.2908023575706507e-05,5.1977095e-06,0.009010899489202216
p8_G,3.9048862965513446e-07,26.138254199683026,0.0012137594085447538,0.10690403475716738,3.107414871977835e-05,7.973149e-06,0.027039210365849907
p8_GAP,0.003495699761487404,8.575420781011637,0.00020940000295105376,0.1565023805087497,4.1898414101599254e-05,7.030745e-05,0.039205996593315244
p8_N,1.6285708148314994e-06,23.308015735660423,0.0,0.04548536068439346,2.1329142005627193e-05,9.24908e-06,0.011378984726598356
p8_SHQLMAVITRKC,0.0009271661203277365,11.04300927056546,0.0004083033153883209,0.1595826972212781,9.48518091222318e-05,0.00023946376,0.04008132902541239
p8_Y,0.18206552194391656,1.7835155183349318,0.0,0.0,0.0,0.0,0.0
p9_F,4.3303572672549604e-08,30.53331627181273,0.0,0.10066366270872824,1.0497322483518586e-05,2.1713442e-05,0.025173968368312483
p9_GAP,8.087872893093458e-05,15.685439726632932,0.0,0.057675444785131876,6.574545104019899e-06,2.7494621e-05,0.014427378487924754
p9_I,2.329544906436159e-15,65.10874418602326,0.0,0.013570779041122243,4.047565674199655e-05,4.3502143e-05,0.0034136892102020365
p9_LMGYSPH,0.00031696427474186786,13.071463242499863,0.0,0.11311216373132443,5.009936845010212e-05,0.00019738123,0.028339911083014403
p9_V,1.9338660913260857e-09,36.81308398400618,0.0,0.06138008057959175,6.179648134022625e-05,1.7416336e-05,0.015364823349245443
p10_GAP,0.0006902104515660745,11.598194931712362,0.0,0.06609977839382555,1.8080364508635155e-05,0.0,0.016529464689583547
p10_HVTLR,7.800712535885136e-16,67.42859178241747,0.0,0.04022549568258926,2.6862095997113942e-05,8.647494e-09,0.010063091606520164
p10_W,1.8239614019622473e-06,23.08432515753838,0.0,0.04185947917828227,2.9433356020944633e-06,2.656079e-07,0.010465672030444788
p10_Y,0.161225560773227,1.9660204164883617,0.0,0.0,0.0,0.0,0.0
p11_I,0.8388578490803185,0.041377725956936125,0.0,0.0,0.0,0.0,0.0
p11_L,1.4955298037769534e-69,373.33910471749823,0.0,0.14687511355517596,1.7317934244938869e-06,0.0,0.036719211337150115
p11_T,3.5992082951324377e-29,135.2447280732712,0.0,0.05639401510565738,0.00011605782627926856,1.1791688e-05,0.014130466154968904
p11_V,2.7228504865186148e-11,45.53727991752225,0.0,0.03694235833686606,8.576001239428603e-05,3.5020937e-06,0.009257905110741288
p12_F,4.2608793002885934e-44,217.32237255755146,0.0,0.158539285227106,3.7732035102874986e-06,1.721316e-05,0.039640067897751666
p12_GAP,1.781136505087088e-07,27.702186197974772,0.0016527472838181536,0.5177095996018137,0.000953342917609988,0.0062333955,0.13163727133654782
p12_KSGEQNMRDL,0.04570457139343103,4.003863495366811,0.0,0.1420233392139499,0.000253958016294679,8.537872e-05,0.03559066898769652
p12_P,0.0004368664610408102,12.462502351315676,0.00029347820318959217,0.2536209427878493,0.0002866170536499028,2.52367e-07,0.06355032260291914
p12_Y,4.941995058850905e-18,78.24970986261332,8.576815525052378e-05,0.26942326162766594,0.00012425183107654948,0.00081655814,0.0676124599381151
p13_F,0.13302907795220564,2.261001425070684,0.0,0.0,0.0,0.0,0.0
p13_GAP,0.3515649749345844,0.8687273385342276,0.0,0.0,0.0,0.0,0.0
p13_I,1.0724095041226002e-07,28.71589929912875,0.0,0.01827821617854765,1.3045703378544981e-05,6.3214566e-06,0.004574395834623322
p13_K,6.000369430132464e-25,113.2169519003632,0.0,0.05732941253115606,0.0004991158545967017,4.5497242e-07,0.014457245839543791
p13_L,0.18639798017792583,1.7486030760096731,0.0,0.0,0.0,0.0,0.0
p13_M,5.894522630472955e-10,39.23196496887306,0.0,0.33420549817267203,0.0006208964734682016,0.00010589246,0.08373307177674792
p13_T,6.240545604049517e-43,210.67183871526112,0.0,0.08296732099067769,4.067178510226416e-05,9.1034866e-07,0.020752225781110103
p13_V,4.563533370118156e-08,30.4280196039129,0.0,0.026162211262595603,4.1893946167617994e-06,1.6721576e-06,0.006542018203708849
p13_YSQAGNRWD,3.921107787889859e-14,59.15409523023341,0.0,0.01737488689424006,0.00014973740733417355,0.0004806051,0.00450130734679686
p14_GAP,3.6136403887655455e-13,54.50283670511068,0.0,0.3618989876152852,0.0002731436792372655,1.0991475e-06,0.09054330761051542
p14_N,0.5157816252748479,0.42266353200299966,0.0,0.0,0.0,0.0,0.0
p14_P,4.244167524611333e-06,21.421361329150688,0.0,0.05159155635842738,9.779473793099818e-06,0.00085155276,0.013113222147763002
p14_Q,1.008750897810845e-05,19.724941940959997,0.0,0.15212958128306964,1.4615178499642521e-05,5.171955e-05,0.03804897900320875
p14_S,4.898770009997843e-10,39.60958973805645,0.0009652414141937221,0.049738608300830496,3.302376527731977e-05,3.088515e-05,0.012691939657222817
p14_V,0.01422163801981279,6.034568006150347,0.0,0.04463276676179271,2.1816741860509153e-05,2.647891e-06,0.011164307848676133
p15_D,3.3724226097293973e-06,21.87331531760467,0.0,0.09875302500220912,4.574061808733093e-05,2.5008298e-05,0.02470594347947364
p15_E,2.7537735141115523e-08,31.4430759838917,0.0,0.018792363946893823,2.0901729761276228e-05,6.8534596e-06,0.00470502978405907
p15_GAP,3.666518917705162e-47,235.00919651992805,0.0,0.05989504266704444,0.0015362129259530461,5.6815512e-05,0.015372017776230717
p15_N,1.970967551433828e-79,439.80249554101545,0.0,0.039713984118662685,2.2850178673626292e-05,7.025445e-06,0.0099359649355914
p16_GAP,1.0000821457335148e-50,255.94274953259915,9.79647485149818e-05,0.32308088354557873,8.58846359321444e-05,0.031241005,0.08862643455415005
p16_HPVGFIYQDE,3.040415850873037e-06,22.0772304340774,0.0002658613944846832,0.050299033440444445,0.00011674977066561062,8.221852e-05,0.012690965780771467
p16_K,0.0007481918210652744,11.44625298431739,0.0,0.06081411788754561,1.0696419229753857e-05,9.2746245e-07,0.015206435442306772
p16_L,2.144279807936682e-19,85.02926700154855,0.0,0.090337352026491,3.460949584314165e-05,9.1162747e-07,0.022593218287450246
p16_M,4.678011984845309e-15,63.633963746125616,0.00010119549544846301,0.21671370522713249,4.299251250404531e-05,0.006976813,0.05595867657825291
p16_N,4.777930415398864e-18,78.3223705264091,0.0,0.1797200771402917,1.695542653397535e-05,9.578203e-06,0.044936652692553807
p16_R,0.00043543196791645316,12.468734174318604,0.0,0.10107912137304526,6.678129194022677e-06,0.00011009617,0.025298973917357553
p16_S,1.4261206060246552e-09,37.432204339657986,0.00025340760566659504,0.037940045522049555,0.0006797503119503573,0.00036901,0.00981055335951517
p16_T,0.3066647823503866,1.04620780100692,0.0,0.0,0.0,0.0,0.0
p17_F,2.5674176504427925e-06,22.41018781455258,0.0,0.15702391692740442,0.000260149091465849,8.122638e-05,0.03934132310033326
p17_GAP,9.532962164170775e-45,221.05030597028681,0.0,0.16052134283958217,0.00022211222567886368,4.551193e-05,0.04019724174876125
p17_L,9.522014178867138e-34,159.71281308762593,0.0,0.242455655311542,4.928675471372669e-05,1.342042e-06,0.06062657102705621
p17_N,3.349325906278334e-05,17.388859036732153,0.0,0.10772676318293772,0.00027183655179065794,0.00027525204,0.027068462943102504
p17_T,3.654571085703147e-67,357.7896372266027,0.0,0.048277422655926765,1.3915975948975941e-05,5.8369886e-05,0.012087427129385044
p17_Y,8.00543193004913e-07,24.712988546557952,0.00018158382815873026,0.4118610904718636,2.6366118332678466e-05,0.0010108519,0.1032699730882268
p18_G,1.7682008036357886e-05,18.630037643251587,0.0,0.09574514774144205,0.00018333454996797522,0.00011055744,0.024009759933121457
p18_GAP,0.38670918893566164,0.7500140169635201,0.0,0.0,0.0,0.0,0.0
p18_N,2.1354331954472694e-08,31.954878372975053,0.0,0.09763584472501813,1.7733274614841897e-06,1.7152509e-10,0.024409404556001175
p19_GDMFESHKATCP,0.0005555080518380346,12.007905830824392,0.0,0.0015507951616331186,6.97305673497994e-05,7.196537e-06,0.00040693056647044093
p19_I,0.13253059067149414,2.2668335616481814,0.0,0.0,0.0,0.0,0.0
p19_L,0.7188480554593015,0.1296827983944952,0.0,0.0,0.0,0.0,0.0
p19_V,0.00044905407572346634,12.410375911412206,0.0,0.04977234387596419,2.3061358067099596e-05,3.6710267e-06,0.012449769065173153
p19_W,1.0226955727843694e-26,122.38081130132858,0.0,0.29982522112817694,0.0002753346153403097,0.00081500947,0.07522889130223959
p20_SAIYGDQLMPF,0.3809059490225293,0.7685521390113338,0.0,0.0,0.0,0.0,0.0
p20_T,3.2286854890926616e-07,26.51658775201527,0.0,0.04996289381287025,2.749632901790906e-05,0.0,0.012497597535472041
p20_V,1.2682806562285897e-12,51.88651564851017,0.0,0.013607847473739108,7.69083442255398e-07,1.9005161e-07,0.003402201652197398
p21_K,4.5701084818546915e-19,83.38914534788223,0.0,0.009741044708469546,6.857532772842824e-05,3.745073e-05,0.0024617676912985415
p21_L,1.354579240991733e-06,23.671966256034942,0.0,0.041695676016477,6.501399059003737e-06,5.6898964e-05,0.01043976909476431
p21_N,8.589974512796119e-32,149.1863791249635,0.0031720833991515313,0.4794447097058832,0.006372660278654272,0.016422361,0.12635295362979296
p21_R,2.0392948267723345e-57,296.32801961811776,0.0,0.1807815669336693,4.125571816176602e-05,1.8245146e-05,0.04521026694941742
p21_TIYSFMPQCDA,0.5563521886190979,0.3463259654445483,0.0,0.0,0.0,0.0,0.0
p21_V,1.0199677261577177e-61,323.0577471737573,0.0,0.05922855722078875,1.0532167354905538e-06,7.054154e-08,0.014807420244765768
p22_G,0.09512564733166722,2.791456712353067,0.0,0.0,0.0,0.0,0.0
p22_I,0.01759252933348475,5.657709364601399,0.0,0.2916449089407299,0.00045103125638643136,0.0003193927,0.07310383322712655
p22_L,2.8299689758669642e-14,59.83952181804707,0.0,0.05000143765330949,3.6107582270008936e-06,2.837009e-06,0.012501971355160589
p22_NAYMKRTQ,0.9196640603980686,0.010177987000806705,0.0,0.0,0.0,0.0,0.0
p22_S,0.12142597343586949,2.4034966372565254,0.0,0.0,0.0,0.0,0.0
p22_V,0.20043756397710188,1.6416581643641963,0.0,0.0,0.0,0.0,0.0
p23_P,0.20376848319560092,1.6175727949159004,0.0,0.0,0.0,0.0,0.0
p23_TDSERACN,6.894656528588368e-08,29.60034776006952,0.0,0.1885165277295704,0.00015637926751379942,7.767264e-05,0.047187644908625294
p24_E,0.6834317464585522,0.1663992301159048,0.0,0.0,0.0,0.0,0.0
p24_F,7.704510455748222e-19,82.25904050068125,0.00022380698628730224,0.1252698865888904,0.00019170090356303992,1.6045078e-05,0.03142535988922394
p24_GSDKTNMQLC,8.966468591584404e-06,19.955258829830814,0.0,0.38083811095542963,0.0013896543751095694,1.3520323e-05,0.09556032141330527
p24_P,0.014409683651592581,6.0112205142949735,0.0,0.09667267095728306,5.569956656384366e-05,1.0087204e-07,0.024182117848972517
p24_W,1.5953805852851893e-42,208.35600655299123,0.0,0.17320064656530051,5.476477770228911e-06,1.3934212e-05,0.043305014313740876
p24_Y,0.09306751671325492,2.826665795035004,0.0,0.0,0.0,0.0,0.0
p25_E,3.918870715484954e-41,200.49566765659466,0.0,0.0738344977077185,0.00010100079335549641,3.0579693e-05,0.018491519548512286
p25_GAP,1.5465044212529147e-05,18.891018858074037,0.0,0.07796566866700312,0.00011391746947336184,0.0,0.019519896534119122
p25_L,5.572024618427714e-08,30.02737243293344,0.0,0.04665528687335273,8.541688654069044e-07,0.0,0.011664035260554534
p26_G,0.5701815954008176,0.3226224803947468,0.0,0.0,0.0,0.0,0.0
p26_GAP,1.7778061481202282e-05,18.619488433029648,0.0,0.07796566866700312,0.00011391746947336184,0.0,0.019519896534119122
p26_V,4.472256069077836e-09,35.11231123472415,0.0,0.020829417062854367,1.4211171512267443e-07,0.0,0.005207389793642372
p26_Y,6.3231858618410584e-12,48.55284170811936,0.0,0.044851519068471894,3.33615767173931e-05,4.265763e-06,0.011222286602042811
p27_P,0.002136493604094977,9.484833500948964,0.0,0.018956655434118258,4.278586486173278e-05,3.377972e-05,0.004758305254989876
p27_TQSEAGNL,0.060942092100748343,3.520629098265076,0.0,0.00019572980024507025,6.193133068176318e-05,7.7694285e-06,6.635763986195518e-05
p28_E,1.410991629510533e-09,37.45389666780933,0.0,0.10659810070714333,7.067134145373695e-05,1.3163882e-06,0.026667522109197546
p28_N,2.8112783019534987e-44,218.3564039339246,0.0,0.16928195138754196,4.2616405724793646e-05,0.0,0.042331141948316685
p28_Q,3.6847463941806225e-09,35.50478672502215,0.0,0.22421417212795627,0.00037669372155394164,0.009241966,0.058458207862217074
p28_SARHVILPYT,5.78929473628757e-05,16.33010214787232,0.0,0.024971645206105963,0.0003836518642420998,0.00081316155,0.006542114654294538
p29_E,3.175377017196102e-32,151.50352213821665,0.0,0.041811717605301404,4.395963605891139e-05,1.2183256e-06,0.010464223891731298
p29_H,0.2095757383321214,1.5766732118877258,0.0,0.0,0.0,0.0,0.0
p29_ITVFSLQ,0.6408117669498488,0.21783360566341917,0.0,0.0,0.0,0.0,0.0
p29_M,9.735365580299143e-13,52.43685415017815,0.0,0.2100628085372655,2.3221291131910917e-05,1.2011519e-07,0.05252153748589658
p29_Y,5.96370194843506e-11,43.923647022084126,0.0,0.09860845634126515,0.0001848354702560836,2.1229704e-05,0.024703630378788848
p30_L,8.516532515445919e-05,15.586023073390072,0.0,0.1721485846844766,0.00025608687659381586,0.0010362194,0.04336022274408133
p30_MKAISRV,0.6940075961785005,0.15488328873815385,0.0,0.0,0.0,0.0,0.0
p30_Q,0.006569377246518191,7.422613151023535,0.0,0.005413619456337628,1.7405293452016155e-08,9.877152e-07,0.0013536561442140612
p30_Y,1.9682336707032144e-08,32.119078216841096,0.0,0.1764906608229424,9.662806264657869e-05,0.000157859,0.04418628697184083
p31_L,0.7030113002872465,0.14545336454128802,0.0,0.0,0.0,0.0,0.0
p31_M,0.0007858600970282639,11.353803296778251,0.0,0.047543153937998066,1.214122173595187e-07,3.420419e-06,0.011886673942312413
p31_V,0.0968502640809021,2.7625868892422654,0.0,0.0,0.0,0.0,0.0
p32_D,1.3113092620771144e-12,51.8171219565375,0.0,0.07828544511206569,2.1977727339039965e-05,0.0008754291,0.01979571297877042
p32_G,9.750556125221893e-08,28.906302376234247,0.0,0.10236212365756799,0.0002413692764518702,4.9440378e-06,0.02565210924294376
p32_H,0.7834751621979855,0.07555769788667355,0.0,0.0,0.0,0.0,0.0
p32_NSMQTFYL,0.44827331852766716,0.5755318976389965,0.0,0.0,0.0,0.0,0.0
p32_P,2.8608732867316e-51,259.1702024484271,0.0,0.03445081517287827,1.0306257986007689e-07,1.0615027e-05,0.008615383315701922
p32_V,3.926410154905615e-06,21.574270443863696,0.0,0.07000607517366068,4.4300585867821245e-06,3.6831075e-06,0.01750354708493173
p33_D,0.030078345318344003,4.720182842474184,0.0,0.004116734032928817,3.9833256500436454e-05,0.00017653717,0.0010832761150506565
p33_E,7.342350855049585e-06,20.3463246567323,0.0,0.10623327711691281,8.963074622921017e-05,8.8621324e-05,0.02660288229673846
p33_N,0.21344003038678935,1.550194753614333,0.0,0.0,0.0,0.0,0.0
p33_P,0.19985497515483625,1.6459192057884287,0.0,0.0,0.0,0.0,0.0
p33_S,0.8620260416947707,0.030222724236659424,0.0,0.0,0.0,0.0,0.0
p33_TGQKHVLYIFR,0.12489733785232014,2.359327848136423,0.0,0.0,0.0,0.0,0.0
p34_P,1.5807706728389e-07,27.940432979291383,0.0,0.16734393743572487,0.00010245012290839116,6.8028253e-06,0.041863297595978975
p34_R,2.7616019802881458e-42,207.0045751801818,0.0,0.08517440822010205,2.856685463887068e-05,4.6299785e-05,0.021312318714941818
p34_S,0.01297801414927134,6.197475009547598,6.795248395949704e-06,0.10933272531020176,1.4100939902614793e-05,3.4397886e-05,0.027347004846209683
p34_V,1.1638994830384043e-11,47.29101459751998,0.0,0.23594066010836245,0.0001116863520847193,0.00017503578,0.059056845559341715
p34_YMTAKLQIFN,7.136289550212019e-32,149.61765499932298,0.0026607686416586277,0.30307292809192027,0.0006122883158866809,0.00012647847,0.07661811587885951
p35_G,1.9012679433813628e-06,23.002409680502428,0.0,0.02489206645681538,9.71769649865123e-06,1.2145235e-05,0.006228482347054731
p35_I,0.00023299500709983437,13.657547077671438,0.0,0.3071520200154831,8.883821426740778e-06,1.0131421e-06,0.07679047924474801
p35_MSVFTELRY,0.9060976009962671,0.013923147443465511,0.0,0.0,0.0,0.0,0.0
p35_W,0.24243471985245055,1.3682301501867282,0.0,0.0,0.0,0.0,0.0
p36_FHSGNEWC,0.08081888476211431,3.055420736754258,0.0,0.0,0.0,0.0,0.0
p36_I,0.8790206633763861,0.023181682286921697,0.0,0.0,0.0,0.0,0.0
p36_K,0.02765625931678741,4.865617043880662,0.00014819345613350618,0.026787253931182274,1.1392546814733449e-05,1.2092097e-05,0.006739733007724491
p36_L,5.448600319480488e-53,269.4464335655442,0.0,0.18145033524599188,0.0008028872350099206,0.0015411339,0.045948589083652173
p36_M,0.027308862799224825,4.887560189637119,0.0,0.19050506187894042,3.735252971516073e-05,1.2566439e-05,0.047638745211959314
p36_Q,0.06875374181505833,3.3207039073052544,0.0,0.06737814672218452,1.5647573077577917e-05,1.7613109e-05,0.01685285185103215
p36_R,0.0037654176811407944,8.4388406029,0.0,0.06332261250929022,5.397052923492268e-06,3.5029746e-06,0.015832878134191035
p36_T,0.0026217107045014487,9.105874341096145,5.9656126447881794e-05,0.05626792319469796,5.035992042369693e-05,6.5805352e-09,0.014094486455526191
p36_V,1.3314221615805712e-32,153.5317840199535,0.0,0.19773815673825568,0.0007391654079187681,0.00013306797,0.04965259752806601
p36_Y,5.7968904562765e-16,68.05931596296956,0.0,0.05521988144941646,4.573114475211863e-05,2.1500093e-05,0.0138217781717349
p37_H,3.3999093775956724e-08,31.019265604522317,0.0,0.12314782634402896,1.3393833571881705e-05,3.3033082e-08,0.03079031330267072
p37_Y,1.5473387712511358e-51,260.75852510023594,1.0801954694406242e-05,0.0517627719599845,0.00023112406356145613,8.264704e-05,0.013021836255132783
p38_FMILPQDV,0.001555185757829222,10.07534180979807,0.0,0.055808197654421486,0.0004443160084767684,3.5318728e-05,0.014071958097698584
p38_G,2.2258595816021757e-12,50.71752533695705,0.0,0.19300602484392024,4.1347604566348896e-05,0.001344198,0.04859789261506994
p38_H,0.9574433702988527,0.0028491502167389245,0.0,0.0,0.0,0.0,0.0
p38_K,0.000719202447911927,11.52066994440438,0.0,0.005152429292331084,7.109705695768095e-05,3.7415222e-05,0.0013152353929029496
p38_N,1.5403688806226193e-27,126.67176864960645,0.0,0.024069833117707735,1.748021466497374e-06,4.448291e-09,0.006017896396866325
p38_R,0.27560199401597985,1.1901382107359881,0.0,0.0,0.0,0.0,0.0
p38_S,0.00020248932143769488,13.92537107507379,0.0,0.06178088135416506,4.757668441041309e-06,3.7617998e-09,0.015446410696101465
p38_T,2.0985210346920883e-14,60.46858880728922,0.0,0.093915027565569,1.1063349075493538e-06,0.0,0.02347903347511914
p38_Y,1.6697588671191447e-59,309.2212570339012,0.0002459427853740882,0.0708251682172936,0.00014973994410450163,0.00011971265,0.017835140898586666
p39_C,0.7967041873322415,0.06640585131038015,0.0,0.0,0.0,0.0,0.0
p39_F,2.621100956070127e-09,36.19562788903811,0.0,0.0664613009427637,3.1582197791117716e-05,1.5985179e-05,0.01662721707984719
p39_G,0.00044026170803627247,12.447834545978388,0.0,0.03366001581578185,0.0001243462880665725,4.8575814e-05,0.008458234479388965
p39_I,1.8887363807649488e-08,32.202128564528984,0.00015891937942824543,0.045622247402279895,6.13568543003225e-05,7.3980766e-05,0.011479126100400076
p39_L,0.8682659792158725,0.027526180730771177,0.0,0.0,0.0,0.0,0.0
p39_M,0.6057020870985719,0.2666740746135685,0.0,0.0,0.0,0.0,0.0
p39_S,6.0880789882758105e-05,16.23296723373506,0.0,0.009827605511161987,8.821295697627531e-05,6.640406e-06,0.0024806147185095196
p39_V,0.0007721311917509446,11.386968181625573,7.010236937968907e-05,0.06785118828356702,0.00011154792453625924,2.1785592e-05,0.017013656042433958
p40_L,0.0058995201528134625,7.618041786696082,0.0,0.020423393601553815,0.0001043100388945042,2.7993792e-05,0.005138924358155385
p40_M,3.049433496538093e-09,35.88852205502022,0.0,0.21473395768759568,2.246493563490716e-06,7.6852325e-07,0.05368424317610238
p40_Q,1.1904785057798424e-68,367.44970589375447,0.0,0.11181470041314916,5.907136660092382e-07,0.0,0.02795382278170379
p40_SIFCGW,6.650612931093485e-05,16.062471002872122,0.0,0.08722606917326771,0.00014779443802274652,9.11824e-05,0.021866261503493703
p40_T,1.3689573798342046e-26,121.72155002830502,0.0,0.07064684214021283,1.2977965188112544e-05,1.8715442e-08,0.017664959705210644
p40_V,0.09153873939278585,2.8533724506113756,0.0,0.0,0.0,0.0,0.0
p41_CLFYRMNI,0.19958043309777534,1.6479322690355773,0.0,0.0,0.0,0.0,0.0
p41_G,9.725823076380987e-05,15.330619745024759,0.0,0.10249749623689136,0.0001213241294919797,7.2903754e-06,0.02565652768544057
p41_S,1.9621495049625526e-10,41.480249880807044,0.0004027753761415813,0.2300168765397318,0.00010497360183892043,2.1384269e-05,0.05763650244658326
p41_T,0.09419304775622822,2.8073070774064752,0.0,0.0,0.0,0.0,0.0
p42_C,0.002623076642332262,9.104911540239765,0.0,0.17147780755726233,1.1331239033342272e-05,0.0003950556,0.04297104859866055
p42_F,5.65056518633238e-16,68.11365235195603,0.0,0.1899598969886459,0.00014176376865533043,6.473022e-05,0.04754159774488044
p42_I,0.002002853903530366,9.604702177723752,5.304554605781998e-05,0.19654731117463278,0.00011230612459211744,6.0947445e-05,0.04919340257246592
p42_L,2.0562657351725652e-05,18.336288971275316,0.00027331667323219906,0.16545094806996563,0.0005565507638684136,0.00011317059,0.04159849652344181
p42_TMGS,0.23680028220712984,1.4014629307137505,0.0,0.0,0.0,0.0,0.0
p42_V,0.018948585171094903,5.526781300256029,0.0,0.08692403145158586,0.00022155685368185733,6.0377468e-05,0.021801491443289266
p43_F,7.397508381581145e-61,317.6608580457302,0.021422200164498622,0.18391773748788873,0.011648159138499611,0.00026528945,0.05431334655953932
p43_I,0.10916404571163962,2.571519584801919,0.0,0.0,0.0,0.0,0.0
p43_L,6.5074559094996546e-46,227.76637985559577,0.009676233652408734,0.4466006865288927,0.0007199976539906303,0.0019918173,0.11474718377432892
p43_T,1.5947305252063096e-05,18.831176185850424,0.0003064939990031774,0.024745577539455277,1.0570613248543979e-05,0.0007414955,0.006451034417430208
p43_V,0.003500078015607874,8.573119091057109,0.00015877097640578313,0.08642981929808609,0.00013344326328900102,0.00011594932,0.02170949571408762
p43_W,1.6301736087279948e-46,231.2460660540769,0.0,0.05329400595698115,1.8196029343594467e-06,0.0,0.013323956389978879
p43_Y,2.705863356208211e-12,50.312141098471855,0.0,0.21007378469017632,4.601797165546792e-05,0.00636402,0.054120955678782265
p44_I,6.522635618616247e-14,58.08571365468146,0.001336155794197409,0.020564418070363393,1.869424403061794e-05,0.00012284602,0.005510528531371146
p44_M,3.3597647745032967e-06,21.88071217692039,0.0001437471211304167,0.24914734721048706,0.00013163823146442044,0.00029646498,0.06242979938469309
p44_Y,4.1782044724927873e-47,234.6791838675041,0.0,0.22340160284452773,9.484614496407099e-05,0.0,0.05587411224737295
p45_F,3.697214607717051e-11,44.907207621084346,0.0007501999719936272,0.022998045791531356,0.0001488026137999578,0.0010274032,0.0062311128859606395
p45_G,1.2995617612240784e-26,121.83912716865021,0.0,0.11054637574555196,0.00011505749343073287,0.0013239966,0.027996357454098644
p45_I,0.6268198449847211,0.23656511344122663,0.0,0.0,0.0,0.0,0.0
p45_L,0.7042425983788546,0.1441901591242228,0.0,0.0,0.0,0.0,0.0
p45_T,0.6555767002877962,0.19907772650006741,0.0,0.0,0.0,0.0,0.0
p45_V,0.003351537125047634,8.652895410907428,0.0,0.03420555968312407,2.4709012879115417e-05,3.468387e-06,0.008558434270731212
p46_F,0.005162609424497973,7.861148499732883,0.0005621807014218722,0.033560651715203636,0.0005147913884788753,0.00012548594,0.008690777435786697
p46_I,0.00019648638803950198,13.982853745617868,1.7939234471661934e-05,0.06102884016205681,0.0002916408176490779,0.00016722971,0.015376412480440799
p46_L,0.0074750567989847515,7.188568556292679,0.0010155784143992632,0.18969428258433427,0.00014643518354152065,4.7071453e-06,0.04771525083189581
p46_M,0.902355379315254,0.0150607027867993,0.0,0.0,0.0,0.0,0.0
p46_V,2.5402641608471105e-07,26.994185618978587,0.00026280066093216934,0.10236982990401926,6.318212101238183e-05,2.938444e-05,0.025681299281614712
p47_I,0.7036786332025853,0.14476795575840343,0.0,0.0,0.0,0.0,0.0
p47_L,2.7276131757817325e-13,55.09030591149468,0.0,0.031520841521329314,0.0011045936790163005,3.8161656e-07,0.008156454204226104
p47_TCMYG,0.8149094414577157,0.05483458825491308,0.0,0.0,0.0,0.0,0.0
p47_V,0.4590254966376338,0.5487552208652384,0.0,0.0,0.0,0.0,0.0
p48_G,3.337504510319259e-14,59.4927297524516,6.672296116483601e-05,0.014078576286022812,0.00045218864135143877,3.7319057e-07,0.00364946526977816
p48_I,3.338045091222239e-12,49.87653276655546,0.0,0.08207080398088604,0.00020564668839611485,4.7630478e-05,0.020581020286730152
p48_LACWS,0.0006044775051492989,11.848355986802591,0.0,0.0996860458448475,0.00036222512191497213,7.920731e-08,0.02501208754351835
p48_M,0.015369096357667934,5.896793010437636,0.00029481430088194286,0.015522299243985961,0.00016586967049764945,5.4053628e-05,0.004009259210725547
p48_T,7.820504388076057e-36,171.06436087540192,0.0,0.2086565586607459,0.00011901353307134804,0.0002046233,0.05224504887307598
p48_V,8.310988612335223e-40,193.0506089794721,0.0,0.0841977290132428,7.731719145985153e-05,0.00012857089,0.02110090427264145
p49_C,0.00030519916076665767,13.143392396247714,0.0,0.0890382111868882,0.00019615021785788418,0.0037592137,0.023248393781997095
p49_F,3.742925381259624e-24,109.12660298463575,4.81852812761939e-05,0.2771713612478456,0.00021302242488872028,2.4725596e-05,0.06936432363743313
p49_I,8.05594364393594e-09,33.92152265553135,8.964985574960044e-05,0.01056863284662044,0.0002206475151279525,1.1331936e-05,0.0027225655382841826
p49_L,0.10864780544667478,2.5790446449375874,0.0,0.0,0.0,0.0,0.0
p49_STMGN,0.39592908977740626,0.7213642383258151,0.0,0.0,0.0,0.0,0.0
p49_V,0.7083758308813767,0.13999580595537311,0.0,0.0,0.0,0.0,0.0
p50_F,0.44595200727781104,0.5814449507666823,0.0,0.0,0.0,0.0,0.0
p50_I,4.149460183494703e-05,16.973894840151477,0.0001251212039744224,0.03891592327613767,0.0001101776386555482,9.1813916e-07,0.009788035064483084
p50_L,0.0012169038482837612,10.533373746354977,0.0,0.06549558721006099,0.0002441547947207525,7.52276e-06,0.0164368161911743
p50_M,0.00017869861468058855,14.164216112348404,0.0,0.1593709600972213,5.5978494704242145e-06,3.169003e-07,0.03984421871174743
p50_T,0.0006190211296837587,11.8034839382162,0.0,0.10957483416948505,7.345239563249499e-05,0.0012569018,0.027726297083986925
p50_V,0.00010885193421517522,15.114213656880946,0.0,0.004632972442397448,6.549268316167811e-05,4.502857e-05,0.0011858734238222228
p51_G,3.8215632507178745e-09,35.430891152068206,0.0,0.2163218169678747,4.179215884575626e-05,7.0489355e-06,0.054092664515544724
p51_S,1.0792014498630813e-31,148.65578570817556,0.0,0.2550933345777415,0.00014045512476437935,0.00042207577,0.06391396636791787
p52_F,1.0969461553549052e-06,24.089188610399688,0.0,0.017408877035666077,0.0001636741190804079,0.00013774846,0.004427574903350509
p52_I,0.0037171557921464055,8.462531784755713,8.858243958233696e-05,0.02770528600913126,0.0001223158302381765,0.00017657914,0.007023190854362166
p52_L,9.234425995697707e-12,47.769342804701125,0.0,0.018740152863678482,0.0001117354535250653,3.2133354e-05,0.004721005417718477
p52_T,1.3588298730449445e-31,148.1203874616819,0.0,0.0656986640125968,0.0003260833321806007,0.00027862005,0.016575841848533706
p52_V,8.052379263786839e-29,133.40049280368976,0.0,0.0927955868477474,5.3606548082247476e-05,4.6530506e-05,0.023223930975367985
p53_C,0.19401262629253407,1.6894740464465448,0.0,0.0,0.0,0.0,0.0
p53_F,3.411156508920329e-33,156.71795389625584,0.0,0.13474555405002125,7.152978153789008e-05,0.0020440274,0.0342152778174866
p53_I,8.152004727243792e-11,43.28144098226236,0.0,0.08193656442125807,1.065691909649975e-05,1.4009104e-06,0.020487155562683126
p53_L,3.362016014357561e-09,35.690615344817026,2.7079025216956357e-05,0.19727385915660275,2.054210896183175e-05,1.8624827e-05,0.049335026279479076
p53_P,0.0020959916777348654,9.52033814896937,0.0,0.08323966314094183,0.0003052976062161649,1.747693e-05,0.0208906094193457
p53_S,0.5157559225921782,0.4227153012335439,0.0,0.0,0.0,0.0,0.0
p53_T,0.016593044537635333,5.761075863196729,6.578737643378211e-05,0.00025544056980233233,0.0004078632578108651,0.0016088303,0.000584480374654699
p53_V,6.384568441572357e-05,16.141216152777393,0.0,0.034329465831493634,1.2035847900116917e-05,0.00010772275,0.008612306107302735
p54_I,0.002143468480283673,9.47878831507833,0.0,0.15309703056854748,3.188826161632704e-05,4.5495057e-07,0.03828234344518248
p54_L,5.3878101761209964e-70,376.24785186553413,0.0,0.12396682300956105,5.9836630513620855e-05,0.007556673,0.0328958331948521
p54_T,5.3670835600979026e-46,228.2500184840253,0.0,0.05329400595698115,1.8196029343594467e-06,0.0,0.013323956389978879
p54_V,0.021915297878118096,5.271312642581548,0.0,0.13787971525614587,1.2394441912980837e-05,3.0224293e-05,0.03448058349785684
p56_F,3.900306719234349e-05,17.093778723467665,3.7424293072204606e-05,0.18998424285806653,0.00017379878225985655,1.279151e-05,0.04755206436085378
p56_G,1.970454169324056e-10,41.471601567166545,0.0,0.01256648118261641,9.738956847016532e-05,1.390193e-06,0.0031663152360231553
p56_ITSCN,4.737688243358676e-05,16.717422398988454,0.0,0.12301473648050101,3.369148123217859e-05,1.2155884e-05,0.030765145961477888
p56_L,0.09699366048442731,2.7602117608470955,0.0,0.0,0.0,0.0,0.0
p56_V,0.007851674501544108,7.099682026939061,9.227463698425234e-05,0.011740826709166374,0.00010793321904595116,7.680973e-05,0.003004461073967097
p57_L,1.3236399768696057e-10,42.28685099850267,0.0,0.23850276550534796,0.0003421935170595566,0.0,0.05971123975560188
p57_M,7.03507368519326e-07,24.96915549233981,0.0,0.06397157161762393,7.531710264141457e-05,1.825853e-05,0.01601628681255699
p57_TCFPWG,0.0018194778642137213,9.78312686017396,1.3219161754846725e-05,0.05287722732581509,0.00017775987996616652,1.9376455e-05,0.013271895705730074
p57_V,0.573487909427046,0.31711989881080754,0.0,0.0,0.0,0.0,0.0
p58_V,0.0020019955000304098,9.60549812349141,0.0,0.3136790511767166,3.205100477901729e-05,0.00021369249,0.07848119866752752
p59_L,2.6036190399250393e-11,45.62955905397301,0.00018504425643843249,0.26693788184606293,0.00024922561127673187,0.00048160396,0.0669634389179891
p59_V,0.0914197042675609,2.8554722440662554,0.0,0.0,0.0,0.0,0.0
p60_F,4.6445547403430886e-05,16.755815270512784,0.0,0.05413017212796354,4.0668066387998524e-05,3.2183686e-06,0.01354351464074967
p60_I,1.6830243872979914e-16,70.69203279224354,0.0,0.06186748472352064,1.1237737279015074e-05,4.2600047e-07,0.015469787115317083
p60_L,0.12340276137993804,2.378175098967045,0.0,0.0,0.0,0.0,0.0
p60_V,0.00394950921109596,8.351229758653337,0.0,0.13110409638928033,6.445142475880529e-05,0.00012997948,0.03282463182404814
p60_W,1.0591766866516223e-18,81.57109420938342,0.0,0.1598062750017033,0.00011259727167776239,3.8451085e-06,0.03998067934546894
p60_Y,2.6713674301778287e-17,74.62623305151541,6.494576852490085e-08,0.033663723575009075,0.0020714516594114727,0.0025221494,0.009564347384067789
p61_C,1.7833318191563357e-08,32.317826517437744,0.0,0.14435994432560484,9.991781345723158e-07,0.0,0.03609023587593485
p61_I,6.402964357952195e-07,25.155906829706502,0.0,0.01567678762140607,2.1498174394420755e-05,0.00082527037,0.004130889041478771
p61_L,0.1103498673356781,2.554381597778745,0.0,0.0,0.0,0.0,0.0
p61_V,0.11299322716298922,2.516898189109634,0.0,0.0,0.0,0.0,0.0
p62_T,4.752133352310224e-06,21.199354096153524,0.0,0.0008452631199215895,2.195502139529694e-06,1.8072207e-06,0.00021231646067922775
p63_CWGYNKE,0.6576834419287747,0.1964841048587552,0.0,0.0,0.0,0.0,0.0
p63_F,0.6414085081391763,0.21705567698703468,0.0,0.0,0.0,0.0,0.0
p63_I,0.6314185168406243,0.23030390262570785,0.0,0.0,0.0,0.0,0.0
p63_L,1.0292025618228663e-05,19.685718054418846,0.0,0.0760419056033065,0.00013618239190985943,1.1453288e-05,0.01904738532072854
p63_M,3.371663650929567e-11,45.09699614028299,0.0,0.08405497228005088,3.329151433709131e-05,6.0345097e-05,0.02103715222288547
p63_S,6.606581071298572e-07,25.093799925516134,0.0,0.05308465813158631,0.00010083603284710693,0.00029410707,0.013369900308772944
p63_T,0.014933577102421682,5.947795555950251,0.0,0.06092597367157368,1.4691627205520631e-05,0.0,0.0152351663246948
p63_V,0.0007249386672563664,11.505706653671169,3.99114732606079e-05,0.06580873909505569,7.256784769366083e-05,4.088658e-05,0.01649052624942768
p64_K,0.5237270360033875,0.4068745254272617,0.0,0.0,0.0,0.0,0.0
p64_NACGLMHV,0.0012923412510085033,10.420911205555024,0.0,0.01000107656136114,0.0004471013258270111,6.215861e-07,0.002612199868317578
p64_Q,0.1650813238278635,1.9302793642662968,0.0,0.0,0.0,0.0,0.0
p64_R,0.21453550216507128,1.5427920191047149,0.0,0.0,0.0,0.0,0.0
p64_S,0.8130481379163094,0.055963917261295244,0.0,0.0,0.0,0.0,0.0
p64_T,0.006943977294815056,7.322031482737541,0.0,0.18514935806833754,1.9023050539877005e-05,0.00016674605,0.04633378179111416
p65_F,1.1731604008123537e-40,197.81685818653045,0.0,0.021006322790734923,1.8916963772900133e-05,6.03444e-06,0.00525781854863898
p65_H,4.080638331281462e-07,26.050709368546286,0.0,0.09218886981262263,6.155795675919548e-05,3.3736585e-05,0.023071041088711653
p65_KCEDVLRI,0.9521560019694223,0.0036020097749078234,0.0,0.0,0.0,0.0,0.0
p65_N,0.001934184439548232,9.669496281635727,0.0,0.03655180210026666,1.0908044317693542e-05,3.1901002e-06,0.009141475061192979
p65_S,2.0109402222214115e-08,32.075842885680025,0.0,0.22014140267308896,8.846455069025301e-05,7.1572363e-06,0.05505925611501194
p65_T,4.362365815176186e-06,21.367403894612508,3.698815394359191e-05,0.0524864153615093,6.2081208050291946e-06,7.541327e-06,0.013134288240763238
p65_Y,2.5506772275127865e-77,425.3019266827176,0.0,0.00439596204928317,1.5147188061147325e-05,0.0,0.0011027773093360794
p66_RPASMQD,0.618584838239033,0.24803841237160806,0.0,0.0,0.0,0.0,0.0
p67_S,1.533070723435503e-08,32.62260668961216,0.000737965385175629,0.4441463392371493,0.0003421016648673973,0.00013105202,0.11133936457592644
p67_TANPRGCQYI,0.13250697094919914,2.2671105132511458,0.0,0.0,0.0,0.0,0.0
p69_Q,0.06752257959993102,3.3505496070554743,0.0,0.04380192426447675,3.9739847061942575e-06,5.9251993e-06,0.010952955862114543
p69_R,1.5600066338071626e-05,18.874076988077896,0.0,0.09133483803589801,1.787221495883936e-05,2.7700025e-07,0.022838246812777675
p70_Q,1.3027519745609525e-09,37.61625928725008,0.0,0.036870230100245885,7.09026544719014e-05,0.0027524333,0.009923391513218362
p70_S,2.4150388991229968e-05,18.02361455745188,0.09973031977200265,0.1387216831542376,0.08911979756829272,0.19560039,0.13079304773219952
p70_T,0.1357487331030067,2.229607323829338,0.0,0.0,0.0,0.0,0.0
p71_H,4.472256069077836e-09,35.11231123472415,0.0,0.020829417062854367,1.4211171512267443e-07,0.0,0.005207389793642372
p71_P,4.070965261865116e-11,44.70898054240491,0.0,0.07339904946094544,0.0013689368021892548,1.6972113e-08,0.018692000808811827
p72_L,2.01063307435973e-06,22.89206981973029,0.0,0.02125587419438035,1.2889770297050978e-05,0.0,0.00531719099116935
p72_S,4.3332082412290525e-10,39.860075183447805,0.0,0.09426549387511303,7.363506498543085e-05,0.0,0.023584782235024616
p74_I,0.8292767719060241,0.0465237768828083,0.0,0.0,0.0,0.0,0.0
p74_L,0.06135438818643699,3.509408803617915,0.0,0.033233368841252914,4.9591332960914225e-05,4.5945959e-07,0.008320854908449719
p74_M,4.447256572924603e-16,68.62278239448862,0.0,0.16757863356645997,2.5085994241197518e-05,4.388657e-07,0.04190103960659968
p74_W,7.037815294258024e-47,233.36300798593598,0.0,0.05329400595698115,1.8196029343594467e-06,0.0,0.013323956389978879
p74_Y,1.5504619318655366e-08,32.59986419836603,0.0,0.0016551815346789308,1.9756688970127384e-05,1.0304135e-05,0.00042131058960617746
p75_I,5.23828549546718e-06,21.0081917878192,0.0,0.018283913296249697,0.0002710902029251833,0.00058294757,0.00478448776738495
p75_L,0.11499444468441626,2.4891583895149543,0.0,0.0,0.0,0.0,0.0
p76_L,2.1058071685588357e-05,18.28998102793934,0.0,0.2223009749107998,1.644262142702103e-06,0.0,0.055575654793235625
p76_V,0.2734860859344464,1.2006861351660252,0.0,0.0,0.0,0.0,0.0
p77_L,0.057184827356719425,3.62676861408087,0.0,0.16192051989410366,0.00041753729992015376,9.1700326e-07,0.04058474354932162
p77_V,0.09082901987235166,2.8659361668092944,0.0,0.0,0.0,0.0,0.0
p79_L,3.161847272534867e-74,404.3539913859698,0.007531848965396809,0.13134964006320182,1.8826577082444456e-06,0.0,0.03472084292157672
p79_V,1.103741541395267e-13,56.98302702159892,0.0,0.3035597592749764,2.9296053311788142e-05,4.6685127e-06,0.0758984309602475
p80_S,2.4646778369864266e-70,378.48071322006626,0.008092004964635347,8.05516354073242e-05,0.00029492811980385756,0.02222967,0.0076742885838682155
p81_F,0.005647317902750456,7.697567381186581,0.002951413360787175,0.22687040788828322,0.0012153866963645575,0.010123189,0.06029009913820741
p81_I,0.9970478571213292,1.3697609375437595e-05,0.0,0.0,0.0,0.0,0.0
p81_L,3.231551906411307e-17,74.2184350502568,0.0,0.1348923043515089,8.999290835191791e-05,0.00011475156,0.03377426220439098
p81_V,6.15380564732602e-13,53.392325988277776,0.0,0.07908513974886978,0.0008227661103663335,9.413151e-05,0.02000050934190314
p82_C,2.8073025066278662e-36,173.50289495579867,0.0,0.2049184889400801,3.6172379534489054e-05,5.8333113e-05,0.05125324860814731
p82_F,1.1788379666693283e-07,28.526668901112675,0.0,0.0986389930228832,3.00136013120442e-05,4.1801018e-06,0.024668296681490995
p82_G,2.6969285693989707e-14,59.94078278060118,0.0,0.11025108276982626,2.7842962410728218e-05,1.7089489e-08,0.027569735705431482
p82_S,0.001970448179789298,9.634993135730317,0.0,0.017607139040229192,2.060248588878088e-05,0.005056312,0.005671013342043026
p83_G,7.610960482475236e-21,92.30242576024561,0.0,0.12336075165008417,2.4314781203342245e-07,1.9009914e-06,0.030840723947318686
p83_N,0.008375512650787353,6.983056723568838,0.0,0.1465481397394216,0.00010282054484021928,4.9394883e-05,0.03667508879176745
p84_L,2.1433260276010993e-27,125.92157040239076,0.0,0.09558301087510959,0.0030248026867070216,5.1928026e-05,0.024664935396864464
p84_MIHTVSAWG,0.6057663760022841,0.26657895802695025,0.0,0.0,0.0,0.0,0.0
p85_C,0.021933749526876573,5.269838498053351,0.0,0.07468592687462074,0.0001286763522274834,6.0338775e-06,0.01870515927609346
p85_F,0.0008336159174213602,11.24284418920232,0.0,0.04736794297307854,7.637732398303935e-05,3.6372378e-06,0.011861989383714465
p85_G,8.338707163857433e-29,133.32055039091895,0.0,0.12990353393642423,4.1697287305108455e-06,3.2233953e-09,0.03247692672213752
p85_I,5.0919392910294295e-18,78.18538762861708,0.0,0.13090764934745772,0.00015453333908229636,8.2368424e-05,0.03278613777764647
p85_L,0.0006151410558966141,11.815350093177013,0.0,0.17576146817963487,0.00016937324397033808,7.763177e-05,0.04400211829799207
p85_M,3.0087578806706426e-05,17.596821288939775,0.0,0.1830323074812776,0.000148378257093828,5.0142967e-06,0.04579642500876177
p85_VTWS,0.004941201786342249,7.941165287147013,0.0,0.04631009320605577,0.00011929922485426444,9.0931035e-06,0.011609621383595501
p86_F,6.621083111588928e-55,280.9997021064004,0.058293053588143316,1.0,0.022739740475846273,0.011520428,0.27313830542892326
p86_M,0.0014777902476485441,10.170529488694042,0.0,0.0005730692957524468,3.729660006250409e-05,0.08821067,0.022205259508984103
p86_SLIYCATRQ,4.998185791542982e-06,21.100263874191974,0.0004871245243292359,0.7275506967832643,0.008348815418455635,0.00804813,0.1861086917313406
p86_V,6.066175483362119e-09,34.495191067453966,0.0,0.21972836655550632,1.2419503438709472e-07,0.0,0.05493212268763518
p87_C,3.775330393720475e-14,59.23369394051083,0.0,0.1275644563657772,5.232513991512959e-05,0.0,0.03190419537642308
p87_LIDFYQ,0.029621997085858536,4.746627600623473,0.0,0.12627021500224211,6.330736818506731e-05,1.6722247e-07,0.031583422398223544
p87_M,0.00024589687597911596,13.554784206534174,0.0,0.05834335173363177,1.2574107587871395e-05,5.702556e-05,0.014603237850691345
p87_S,2.2885394019243923e-06,22.63678030812822,0.0,0.030882235913978248,2.022631218199118e-06,3.2754752e-09,0.007721065455167918
p87_T,4.231891880418842e-46,228.84684620664274,0.0,0.05329400595698115,1.8196029343594467e-06,0.0,0.013323956389978879
p87_V,0.03986219171232019,4.2363762482563825,0.0,0.019476826831024172,1.0401782673742549e-05,7.611202e-09,0.004871809056225062
p88_C,0.10591443260440868,2.619554698395811,0.0,0.0,0.0,0.0,0.0
p88_F,2.2314395898793953e-09,36.522366892485046,0.0,0.15749169790078285,0.00011173406627878427,0.000121386794,0.03943120469038786
p88_I,1.3616614509857027e-08,32.86171549428385,0.0,0.1778353944969239,7.935645685684041e-05,6.256632e-05,0.044494329319275744
p88_L,0.6015747476130988,0.2728256973602248,0.0,0.0,0.0,0.0,0.0
p88_MSGH,2.509390574244324e-06,22.45522569609593,0.0033213426863999648,0.0362753056046035,0.0006298431999295552,0.006887361,0.011778463108137925
p88_T,1.1932270545106802e-12,52.0134088991548,0.0,0.023884214434026496,0.0001551114097623637,0.00022001684,0.006064835670518267
p88_V,2.0892652929817848e-07,27.38383854409667,0.0,0.04647638390702328,8.827241810957825e-05,2.4387566e-05,0.011647260972694503
p89_E,0.0020513524858323477,9.560286390916556,5.1847144423927905e-06,0.0908599376337055,3.806050175239546e-09,0.0,0.02271628153854952
p89_F,1.7646958330630845e-05,18.633901400656985,9.183722148659302e-05,0.17585164692391053,0.0007639742993034861,0.00035949866,0.04426673927689368
p89_G,2.7729570351145215e-06,22.25850416910487,0.0,0.009074360055252414,1.1556745631432963e-06,2.8121192e-06,0.002269581962251822
p89_I,1.1177190567047545e-22,101.58566392213888,0.0,0.006955193577799484,0.00010439353960390816,5.7613937e-07,0.0017650408141935674
p89_K,4.1761003947828934e-63,331.81395062132253,0.017198707529444718,0.4060728815050647,0.0029843003120470887,0.015246198,0.11037552173196194
p89_SALNMD,1.7645965583774983e-05,18.634010950082374,0.0,0.21221016067573978,2.7714285652278615e-05,0.0019964795,0.05355858860605607
p89_T,4.6030229904480935e-05,16.773186868151452,0.0,0.07108882541288641,7.708022974267113e-06,2.01061e-07,0.01777418362421491
p89_V,0.00011715934275652749,14.9730019116965,0.0,0.25258782524518586,0.00012702247513541646,3.3458004e-05,0.06318707643098023
p90_G,2.4640832516172815e-05,17.98455182696333,0.0,0.0055624081889754425,8.472954722155824e-06,0.0,0.0013927202859243997
p90_M,1.0451299352117214e-06,24.18495154232593,0.0003374841058136597,0.033824470464455886,0.0006879555096720969,0.0,0.008712477519985412
p90_QNCIPLD,0.05962766539112061,3.5569479269494275,0.0016494036624443466,0.46131317229381597,0.0008324063394835621,0.005124564,0.11722988652816968
p90_S,1.745655352285257e-54,278.4499794471419,0.002671033630719513,0.5345801110501555,0.0022026426226499536,0.0002145618,0.1349170872772508
p90_T,2.7670643353668103e-29,135.84766672562216,0.0018243307210766765,0.37604554350270913,0.0002569082472928702,0.011377462,0.09737606116424949
p91_F,1.7109133989370113e-16,70.65698958640857,0.0,0.07524162998699503,0.0012036361957925138,0.0,0.019111316545696887
p91_GAP,1.6716846406774297e-56,290.7278216827881,0.006381358336818141,0.5044688414192098,0.0012322659521382744,0.042908665,0.1387477826252356
p91_S,1.2160154951281308e-22,101.39932877327058,0.0,0.06958326516890269,8.960465529947722e-05,4.311959e-09,0.01741821853404024
p91_V,2.658164531990675e-63,333.0569832289372,0.0,0.1635176241066276,0.0013121523998682744,0.0,0.04120744412662397
p92_P,6.454192643983601e-06,20.59888580927109,0.0,0.14423503593069129,0.0005858136286112376,2.651271e-07,0.03620527867160392
p92_S,4.18712583998728e-19,83.5786771061721,0.0,0.13559683945620957,4.221639752664691e-06,0.0,0.03390026527399056
p92_T,1.5741664045052204e-67,360.15867266723217,0.001114284305703208,0.13649962982475394,5.97451738749491e-06,0.010130228,0.03693752904781457
p93_HFNWDSY,0.22682788082027275,1.46269872467827,0.0,0.0,0.0,0.0,0.0
p93_I,5.616629147801446e-08,30.01137995601579,0.0038959229885287437,0.007182562634542174,0.00020514746654053115,1.8114518e-07,0.0028209535586984644
p93_L,0.001750561486534659,9.854950652402326,0.00033356828191889227,0.4570202974776583,7.150674329066536e-05,8.995571e-05,0.11437883205386956
p93_M,0.1972966176686469,1.664805408075914,0.0,0.0,0.0,0.0,0.0
p93_P,6.772566178899424e-11,43.66224968489417,0.0,0.10683874577912464,5.315896810542539e-05,4.038938e-07,0.02672307716025934
p93_Q,4.655593946615106e-22,98.43677078771634,0.0,0.09410889528783169,5.061271685742948e-09,0.0,0.02352722508727584
p93_T,2.8252730057341335e-05,17.718925455447835,0.0002840838387949971,0.4193685030306724,0.00025251140513254234,0.00071503385,0.10515503303107532
p93_V,0.8959635989558489,0.01710863655644869,0.0,0.0,0.0,0.0,0.0
p94_CYGKEI,0.00043071526556764223,12.489372127878157,4.246754645801528e-05,0.056173144452469216,6.934450971845586e-05,1.0860681e-05,0.014073954297401174
p94_F,3.3648005996168825e-49,246.92596478603443,0.0,0.1430012530899987,1.9073279699991682e-05,0.0,0.03575508159242467
p94_L,0.14159546770316314,2.1644413921084524,0.0,0.0,0.0,0.0,0.0
p94_M,8.879019089996935e-14,57.438985178733276,0.0,0.252039156170289,1.9522005729597214e-05,0.0,0.06301466954400464
p94_S,7.566950624196421e-44,215.8959080276112,0.0,0.2144484131619669,7.127329307702834e-06,0.0,0.05361388512281865
p94_T,2.5962275808270835e-13,55.19345859226365,0.010385252528599901,0.12633177255486233,0.0070823639104444286,0.052274477,0.04901846643267266
p94_V,8.997317897200659e-59,304.68573522154253,0.0013011773850035895,0.18782774868472865,7.3927632043016e-05,0.006553842,0.048939173980557665
p95_F,2.806233741451989e-51,259.2200039966873,0.0,0.3249337060808858,8.108827002299707e-05,0.0004861713,0.08137524141512804
p95_I,3.4268747793470763e-06,21.841810276775163,0.0,0.07738372107672245,0.00018662553052841446,3.7437618e-05,0.019401946056242857
p95_L,0.0820193902651447,3.0313921835866946,0.0,0.0,0.0,0.0,0.0
p95_M,0.0002380647333384748,13.616497297654153,0.0,0.13421997538710753,4.609390568824023e-05,1.704065e-05,0.03357077748551253
p95_V,2.1298769604054293e-49,248.09461435086692,0.0009602403665982033,0.07029708489030724,0.00631325410716123,0.0003221489,0.019473182066602097
p96_C,1.3694904954324697e-05,19.128028868901232,8.062912509551918e-05,0.0566761475769142,4.229112029921151e-05,1.5613567e-05,0.014203670347220922
p96_I,0.135729803241741,2.229823396324078,0.0,0.0,0.0,0.0,0.0
p96_L,9.103515904202304e-06,19.925593602422303,0.0,0.14935354070971962,3.2148582321991006e-05,3.9813963e-06,0.037347417672079344
p96_T,8.576041635499278e-07,24.576553616632843,0.0031526631608080826,0.40981290595211056,0.008100833199462816,0.022247797,0.11082854979765003
p96_V,0.5947862699507631,0.2831389307238326,0.0,0.0,0.0,0.0,0.0
p96_Y,2.110859460660258e-06,22.796125223194498,0.0006915425780118704,0.0028857255804161006,0.00015628164752873688,1.4438676e-07,0.0009334235481792583
p97_CIDGW,0.0020423293782940626,9.56846855473888,0.0015582737592230468,0.08980530889731998,0.0001746345351168656,2.5685249e-05,0.02289097561017911
p97_N,8.402138971186256e-08,29.204235991357482,0.0,0.20650293953027535,4.068104447477601e-05,0.023671066,0.057553671740809484
p97_S,1.955501037498692e-06,22.946917769993448,3.56046134712809e-05,0.07493576589554736,0.00010087623761780153,5.2296336e-06,0.018769369095069977
p97_T,1.1748447015262788e-07,28.533453555440197,0.0,0.21541162906269112,6.17895475581598e-05,9.9625616e-08,0.053868379558966374
p98_C,8.986490413156221e-11,43.081336377517616,0.0,0.00554635241673094,0.0007911266087153131,3.9246366e-05,0.0015941813479150068
p98_F,1.101782351257786e-08,33.28906664630418,0.0,0.008562700202376114,4.233066743557564e-06,0.0,0.002141733317279918
p98_Q,7.037815294258024e-47,233.36300798593598,0.0,0.05329400595698115,1.8196029343594467e-06,0.0,0.013323956389978879
p98_S,3.7716233776817667e-42,206.23764841901297,0.0049633846679071605,0.1624804456161602,0.0005529977612567611,0.0038380483,0.042958719090465614
p99_C,2.7650753019096197e-13,55.061805938670425,0.0,0.017168211338949614,0.00015376855763778754,1.4217139e-08,0.004330498528431495
p99_F,0.008101735617854176,7.043045585237044,0.0,0.06452555744650913,0.00020752548712421094,1.8999559e-05,0.016188020623148534
p99_I,9.94119043213447e-15,62.04259207643791,0.0,0.10408117364902696,0.00010013966811281315,8.092753e-05,0.026065560211729875
p99_L,0.1477653196244787,2.098880174418259,0.0,0.0,0.0,0.0,0.0
p99_M,0.002158927372514454,9.465460909758612,0.0,0.02746023112683426,2.9900073708681857e-05,3.935606e-05,0.006882371814773427
p99_S,7.729180292795224e-22,97.3206487506528,0.0,0.07825558502868568,7.106505067395819e-05,0.0012062544,0.019883226108276603
p99_V,3.831196296781582e-05,17.1284012043668,0.0,0.07170140888687,9.351764551481979e-05,1.097269e-05,0.01795147480554096
p99_WTGH,0.13497098353486245,2.238512771578996,0.0,0.0,0.0,0.0,0.0
p99_Y,4.931513756526713e-15,63.52244829528964,0.0,0.1428961481350731,8.515289735507841e-05,0.0,0.035745325258107044
p100_F,6.431451181427417e-13,53.30034744903549,0.0,0.0515147606256965,0.00010246214532210324,1.2858537e-06,0.012904627156186526
p100_H,0.24631445332620444,1.3458894811899116,0.0,0.0,0.0,0.0,0.0
p100_M,1.0451069024406196e-12,52.28920095072933,0.0,0.17971076657470061,3.607840935528053e-05,1.5302368e-06,0.04493709380520718
p100_N,0.28806214964760796,1.130030356906877,0.0,0.0,0.0,0.0,0.0
p100_Q,4.479222450636229e-28,129.48210488179035,0.0,0.1521653623409247,5.265147818246146e-05,1.05780984e-07,0.03805452990002278
p100_R,3.765046606611286e-23,103.99459272921345,6.922220151976845e-05,0.17884718680347447,1.703673056997689e-05,1.0534718e-06,0.0447336248018425
p100_S,0.0007269236319531046,11.50055664983878,0.0,0.21889482280601336,5.990234273452823e-05,5.1431e-07,0.05473880986468407
p100_Y,5.071637884218695e-11,44.25679907715116,0.0004791375157902406,0.08247809638916138,0.0006334210038992675,0.0006578993,0.021062138553518826
p101_G,1.3025135645993938e-15,66.34066297558124,0.0,0.11412384992176015,0.0006818883470788802,1.19510605e-05,0.028704422332338397
p101_K,0.00036986995331070635,12.778216041225013,0.0,0.02588079902899756,7.335791041665699e-06,7.150083e-07,0.0064722124570842825
p101_Q,0.0026836607610879904,9.062713155473654,0.0,0.10362869691502055,3.084754398816321e-06,0.0,0.025907945417354843
p101_R,2.054467071330111e-23,105.33841934921148,0.0,0.02444971047586842,0.0004827297025553899,0.0021033932,0.006758958344336522
p101_TAMHLV,1.785829551641965e-09,36.974909025313856,0.0,0.041220230936526873,1.944112381972178e-05,3.0053159e-06,0.010310669344055466
p102_KVFHQA,0.9371238452864026,0.006226471727548992,0.0,0.0,0.0,0.0,0.0
p102_R,0.028598612924320876,4.807510579599255,0.0,0.045942165844619416,1.0832144929079618e-06,0.00010107047,0.011511079882962525
p102_T,2.890957671154888e-17,74.45698729981372,1.2026263156634123e-05,0.06798936883316783,8.258659526766632e-05,0.00055432593,0.017159576905940832
p102_Y,5.1589169339684856e-05,16.552774133335234,0.0,0.14796547852470252,0.0003118442949021334,0.0,0.03706933070490116
p103_M,1.4156726165351718e-05,19.063344419789903,0.0,0.06676878117448008,1.9516492559919495e-05,0.0,0.01669707441676
p103_PLI,7.194055940440674e-05,15.911040520301123,0.0,0.2911720725267059,1.159070322117171e-05,0.0,0.07279591580748176
p103_W,1.5760350636458574e-16,70.83209351291367,0.009139201002908881,0.45156605650649917,0.00036820119927910013,0.011179719,0.1180632944572378
p103_Y,1.219603171986146e-23,106.49693562385839,0.0,0.06013112262120676,7.0923386281663604e-06,8.130622e-06,0.01503658639536095
p104_F,9.098636330391882e-24,107.1484681033919,0.0,0.04866014845402309,3.786837716641798e-06,1.3284396e-08,0.012165987144033885
p104_I,2.0577308871066933e-10,41.38286313610027,0.0,0.07061699343019782,0.0002563426179731945,2.2215267e-05,0.017723887828706205
p104_L,9.660812132164303e-05,15.343513952173451,0.0,0.137525368874703,4.156801070996667e-06,0.0014735248,0.03475076262908066
p104_STMQWHYRPK,0.9505560166124138,0.003847267560011512,0.0,0.0,0.0,0.0,0.0
p104_V,1.8725235208362327e-16,70.46456222997607,0.0,0.056426974811828665,0.0006136334509092595,6.349887e-05,0.014276026782748915
p105_G,0.00029483085142704795,13.209143451535862,0.0,0.09426608567762502,1.672599102705705e-06,3.3926262e-09,0.023566940417338478
p105_L,1.2792499669924699e-11,47.0957943064608,2.9141645863472895e-06,0.1632887678819153,0.00025581092550840524,1.6310614e-05,0.040890950896559544
p105_TMWIASHVPR,2.1077419960229864e-11,46.06516384547206,0.0,0.2165904500201446,0.00015284646583011975,1.4197212e-05,0.054189373424567346
p106_YWSENTPF,0.01425780690821001,6.030052694758458,0.0,0.08890931876403771,4.030927439244326e-05,0.0,0.022237407009607538
p107_H,4.57926125694824e-15,63.67905298952688,0.0,0.16296236818823073,7.73618040748264e-06,4.3857603e-05,0.04075349049280385
p107_K,1.44958052247151e-13,56.41228547241041,0.00010490898903311499,0.10336629694643916,4.6897551813059165e-06,1.7056695e-09,0.02586897434908077
p107_P,3.1793907588178447e-07,26.547213620579047,0.0,0.050258406924953224,5.7206548558635955e-05,3.653575e-06,0.012579816762140367
p107_Q,0.006521116820609305,7.4359962564021025,0.0,0.08621739231965964,7.577708441541432e-06,1.7992004e-05,0.021560740508115107
p107_R,0.0036581813239253136,8.49191090947525,0.0,0.12366959753713337,2.6069074911472916e-05,0.0003423258,0.0310094981035597
p107_SENYDFMGIW,5.266696414870327e-16,68.26319350237941,0.0,0.004427898714009722,0.00014799073347918887,0.00026739307,0.0012108206299061644
p107_T,0.49343880407546203,0.46941298035376067,0.0,0.0,0.0,0.0,0.0
p107_V,0.3231020466914778,0.9774517482393621,0.0,0.0,0.0,0.0,0.0
p108_F,0.002639043252063052,9.093694919830074,0.0,0.029620966635848713,1.9077326253647942e-05,1.0427847e-05,0.007412617952268958
p108_H,4.265396353375866e-31,145.46655399872265,0.0,0.10503847299044071,4.280642408709958e-06,0.00090842554,0.02648779479407667
p108_I,0.002405753172409699,9.264890541871496,0.0,0.052616359591311786,0.0006466983114074819,0.0003207502,0.013395952026018268
p108_L,0.0009231733961391815,11.051112401107305,0.0,0.12875392655546064,0.0001561648494549841,1.3805274e-05,0.03223097416966351
p108_M,0.7917703595640614,0.06974517092291922,0.0,0.0,0.0,0.0,0.0
p108_P,7.037815294258024e-47,233.36300798593598,0.0,0.05329400595698115,1.8196029343594467e-06,0.0,0.013323956389978879
p108_T,0.6792833350413383,0.17104811187397947,0.0,0.0,0.0,0.0,0.0
p108_V,0.010785029578297167,6.528345543307993,0.0,0.16609170628659944,3.308257145057716e-05,2.6458315e-06,0.04153185867238764
p109_F,4.096744928273328e-09,35.289983288053165,0.0,0.04902178102682498,0.00016422100342564522,0.000106927604,0.012323232408578976
p109_G,0.0015675463668287253,10.060586225181776,0.0002876919381960344,0.130440317746002,0.000363717326641091,0.0011579852,0.03306242804902803
p109_L,0.4265161795481899,0.6328812245408156,0.0,0.0,0.0,0.0,0.0
p109_M,1.6423952883485456e-21,95.66373017372496,0.0,0.17637359244292,5.299662512382253e-05,0.00010794035,0.04413363235498134
p109_SWYIT,0.0010177559342302962,10.868086871964644,0.0,0.016367117366457653,0.00032592395017319115,0.0009644118,0.004414363285509535
p109_V,3.4879721580200147e-31,145.9328423504909,0.0,0.10000030741875543,1.388680443032459e-05,4.1044186e-07,0.025003651166260563
p111_D,0.11956524343922678,2.4277531352487327,0.0,0.0,0.0,0.0,0.0
p111_E,3.247726460401069e-05,17.448582795720757,0.0004475519155508884,0.13771816252225616,0.0004888576784607808,9.6406075e-05,0.034687744547714464
p111_IRTSMGL,0.7888738888760429,0.07174642058531881,0.0,0.0,0.0,0.0,0.0
p111_K,8.696576337925131e-08,29.135273398104612,0.0,0.294073514429186,4.457158515665426e-05,0.0009840644,0.07377553760852412
p111_N,9.195038062294686e-06,19.906031933297747,0.0,0.15361079838134414,4.739374916761857e-06,8.963279e-07,0.03840410852103776
p111_Q,4.2848533573225475e-16,68.70190438912987,0.0,0.08047821534732044,0.0002489369285694075,7.3259235e-07,0.020181971217061157
p111_V,8.36103863412166e-34,160.01848749617452,0.0,0.047652505977000825,7.431180348612665e-05,2.7509179e-08,0.011931711322416471
p111_Y,0.027029404976741743,4.905424169056501,0.00038405061363717746,0.04828697757665855,0.0002643908092886033,6.30881e-05,0.012249626774094751
p112_I,5.8932819340723034e-06,20.77710112610978,4.95892409917522e-05,0.06454604684191137,0.00020951378359555594,2.598913e-05,0.016207784748981248
p112_L,0.8713710234343564,0.02623257254599518,0.0,0.0,0.0,0.0,0.0
p112_M,9.70334956206655e-07,24.331949944663652,0.0,0.082758206071677,0.00012915590435470865,2.9846524e-05,0.020729302124965477
p112_V,0.0001072059308356178,15.143480488232905,0.00010954232575639952,0.12445394723744012,0.0001477286362141273,1.2729599e-05,0.03118098694957596
p113_F,2.6293540297796248e-55,283.43392934710135,0.0,0.21936658218471752,8.730229070148344e-06,0.0,0.054843828103446915
p113_Y,8.305077782790779e-07,24.64016663174244,0.0,0.140783052115441,5.1523758458309444e-05,0.0,0.03520864396847483
p114_G,1.3918836439918606e-35,169.69479284140675,0.00027475835679674054,0.1573901815938365,0.0004828067049247666,0.00036659758,0.039628586059361405
p115_C,0.006327127421343846,7.490833362874197,0.00011106752668411648,0.03487952517487027,4.1247309896924006e-05,0.0003140876,0.008836481904604452
p115_F,0.01708956132346458,5.70894506632384,0.0,0.18647208430746154,8.672315237233308e-05,5.0103146e-05,0.04665222765154597
p115_L,0.00033927076938839275,12.942204391668408,0.0,0.17852390085278697,8.076484260981498e-05,1.0175603e-05,0.04465371032464055
p115_M,0.00020795965192894214,13.8744674302955,0.0,0.08935901906798269,1.3109619223943198e-05,0.0,0.02234303217180166
p115_TISG,6.505251664533232e-06,20.58344424600573,5.401203569199209e-05,0.2061971024078871,0.0001849649361064843,0.00019682116,0.05165822513446384
p115_V,1.167922836534367e-13,56.86463911032026,0.0,0.08844150119091244,3.4880064246527896e-05,1.10779705e-08,0.022119098083282378
p115_Y,1.3476225349940465e-34,164.3193807041977,0.0,0.08171042557041622,5.664390035808063e-05,3.7646423e-05,0.02045117897348162
p116_CSWENG,0.011997680076964213,6.337658913386777,4.3535037677202994e-05,0.24539221678769388,2.6208361653968922e-05,0.0005499645,0.06150298116934291
p116_F,1.686997892184326e-06,23.2384160035345,0.0,0.09487499738874465,0.0036399803672592513,0.00041637325,0.024732837751985308
p116_I,1.3441547365955008e-05,19.164454181708294,0.00017261946577262657,0.12823557614947695,0.0001014857861447117,0.00026722072,0.03219422553016152
p116_L,8.554298599266047e-17,72.13633371282954,0.0,0.4441891355124383,4.1501471057381545e-05,4.573919e-06,0.1110588027255955
p116_M,5.823908396139308e-07,25.344018514709145,0.00013287304651005534,0.08395074482341397,0.00011155785735934753,0.00429346,0.022122158915133628
p116_T,1.8485502258629272e-17,75.41551085226592,0.0,0.24098206321606855,0.0011894028653150017,0.0048262817,0.06174943694169142
p116_V,0.0004684800505263003,12.330178172682215,0.0,0.024782504342674344,0.0016898062209362483,0.00048627754,0.006739647025548784
p117_G,3.3787268360677495e-53,270.6925663769369,0.003223296318620816,0.232147217558165,9.264758866056139e-05,0.0,0.058865790366361595
p117_V,4.643333324569018e-37,177.79993189017438,0.0,0.23822207606585322,5.1357743398431814e-08,4.0834107e-07,0.059555633941165614
p118_GNFCYIDV,0.5266414032275346,0.4011889184590491,0.0,0.0,0.0,0.0,0.0
p118_S,0.8519458383421977,0.034853696280367795,0.0,0.0,0.0,0.0,0.0
p118_T,0.00026132140959751553,13.43884802126595,0.0,0.35845856085543953,0.0009615054211470233,3.927644e-07,0.08985511476024811
p119_I,2.38290271531926e-08,31.734136945457895,0.0,0.04692374334122388,0.0009556571900928966,0.00018183408,0.012015308653446298
p119_L,5.6999404623079666e-18,77.94269448202287,0.004167393812961353,0.2104085577973701,0.0005476926614849443,3.570606e-05,0.053789837582919525
p119_T,0.001997689993556351,9.60949559808701,5.384962450146979e-05,0.06126894935515161,0.00016505630625826163,4.7433317e-05,0.015383822150822086
p119_V,3.7477358819081673e-10,40.156596163325766,0.0,0.04926801379585977,9.707284652258807e-05,7.395029e-05,0.012359759232246938
p119_Y,4.113369269102791e-23,103.79846469577696,0.0,0.14041129154295343,3.96866556985007e-08,1.9158122e-06,0.03510331176044307
p120_C,2.4388205175661164e-44,218.71004522892463,0.0,0.08375068772441173,0.00028967083663524053,9.286973e-05,0.02103330707367046
p120_F,9.207522478695319e-11,43.031455955571005,0.0,0.09823130473966997,1.8185062887199367e-05,1.2345164e-07,0.024562403313549742
p120_G,7.780965141584287e-05,15.759938985627233,0.0,0.15340696524088948,0.00043309565107700555,1.1781289e-08,0.03846001816831383
p120_S,1.4510255243471375e-43,214.28111620901856,0.0,0.06639548221036069,3.430573424135668e-05,1.0636057e-06,0.016607712887584718
p120_T,0.0004682993791242031,12.33090844701366,0.0,0.26041122294344754,7.492953077588411e-06,0.00016881108,0.06514688174382265
p122_E,2.465870626439093e-13,55.30111312123639,0.0046040294282148385,0.5551794643499938,0.0024011280252596258,0.0076990323,0.14247091352939747
p122_I,0.4016781451696323,0.703981781281353,0.0,0.0,0.0,0.0,0.0
p122_L,8.422986896830407e-63,329.8859975792007,0.0,0.030919375154400484,2.007443866114714e-06,2.081805e-06,0.007730866100804312
p122_M,7.392757839308859e-09,34.09518628925977,0.0,0.05408005649394452,5.093307867211682e-05,5.6133063e-06,0.013534150719718445
p122_Q,0.592990438599747,0.28590830233850184,0.0,0.0,0.0,0.0,0.0
p122_TSFVDYP,0.15337178594406342,2.0419349252624355,0.0,0.0,0.0,0.0,0.0
p123_G,1.3869492373323344e-33,158.82919777403916,0.0,0.09434837043830245,1.5896864757980808e-05,5.7182424e-06,0.023592496386363005
p123_I,1.957390693821626e-07,27.513895241247837,0.0,0.13175333831164684,6.107850169397642e-05,5.4710315e-05,0.03296728178219849
p123_MCSLN,0.4505115429704176,0.5698754589084738,0.0,0.0,0.0,0.0,0.0
p123_T,1.3524170889156068e-29,137.4912592800025,0.0,0.053165497769230866,0.0003012237704789862,1.5773011e-06,0.01336707471019679
p123_V,7.704381897042514e-19,82.25907658300358,0.0,0.24122422688897616,0.00013390268505017257,0.0015659629,0.060731023121868115
p124_G,4.0062919633567203e-10,40.020296318108656,5.020682358197137e-05,0.038140199999993116,0.00039487259444529046,0.00022515193,0.009702607837675572
p124_S,0.017474280904409896,5.669617504587998,0.00011424549472660479,0.060461974902085464,0.00017155378475343142,0.0011104415,0.015464553924662585
p124_T,6.503584397478609e-72,388.91128163281815,0.00010451076274035812,0.12348988295618586,4.908375218293125e-06,0.0,0.03089982552353613
p125_G,6.507914893977946e-93,536.2757779026614,1.0837195817496544e-05,0.2523997639032112,2.161393471880309e-05,1.235903e-05,0.06311114351589299
p125_I,8.012660618926994e-13,52.84235051475235,0.0,0.14848746176607946,9.305024169641386e-05,0.0,0.03714512800194397
p125_L,5.897806086876896e-41,199.4961860217231,0.0,0.0024461070957462285,5.4279912482995765e-05,0.0,0.0006250967520573061
p126_M,1.2038655966616955e-24,111.65898886385779,0.0,0.22450277409039993,0.0001447845080789894,1.8902922e-05,0.05616661537999741
p126_TLAVYFGCN,0.0016519504101400152,9.962878980082348,0.0,0.2055361453275985,0.0003399726166758234,0.00022768854,0.05152595161987684
p126_W,3.619993103785402e-33,156.57871256845308,0.0,0.14946441873010974,6.119208869293876e-07,0.0,0.03736625766274917
p127_T,4.250149321540904e-06,21.418594536098997,0.0,0.3141608338623719,0.0001343334708980287,7.8773814e-07,0.07857398876785372
p128_M,3.148431945451984e-17,74.27424207733536,0.0,0.07814897782549052,2.9994528252926212e-05,2.1223274e-08,0.019544748394254314
p128_N,2.982089496967184e-54,277.0440474589523,0.0,0.2001276416735669,0.0013661329292206205,0.0,0.050373443650696875
p129_CSLPMIF,0.9400604953514343,0.00565736183286448,0.0,0.0,0.0,0.0,0.0
p129_T,5.726592887342447e-26,118.49293181440652,0.0,0.30486667028945297,0.0009519733443157768,8.1473845e-05,0.07647502936970649
p129_V,8.109798940795529e-18,77.18446292240638,0.0,0.008513860882457425,0.0005486333735179626,0.0,0.002265623563993847
p130_C,5.834206591586476e-22,97.93973933288814,0.0,0.12562888829143476,1.3730678368254281e-06,0.0,0.031407565339817894
p130_F,8.601067434033286e-35,165.3803145859525,0.0,0.13953489003958486,1.806422714319067e-05,9.0413526e-09,0.03488824082702015
p130_I,2.3269300142951813e-34,163.0303858757109,0.0,0.07874913465226056,5.8234872495752816e-05,5.663247e-05,0.019716000498853997
p130_M,4.152310429394095e-08,30.617624922714423,0.0,0.02577379784900792,2.803623531643105e-05,3.3911479e-06,0.006451306308045275
p130_V,0.03035941518915968,4.704102864128518,0.0,0.06612243700666537,7.52414558608149e-05,1.0738606e-06,0.016549688080789205
p131_L,0.0049448917820137,7.9398019524475405,0.0,0.12028464677265806,8.371111590343587e-08,0.0,0.03007118262094349
p131_V,0.0004545880225435685,12.38717772338875,0.0,0.03547254405951225,2.5735632070259085e-05,0.0,0.008874569922895627
p132_S,1.9126194725653556e-21,95.32927155110846,0.0,0.09096849376399843,2.842825209599945e-06,0.00016047916,0.022782953937657682
p132_T,0.00032265315821542763,13.037644788116593,0.0,0.1456152184988461,1.6119297551933052e-06,0.0,0.036404207607150324
p133_I,1.3086266549534304e-05,19.216714241060018,0.00011753971219064927,0.014357253216705498,0.00018687217851977452,0.00012258234,0.003696061860901287
p133_L,0.9936472257163255,6.343136949124428e-05,0.0,0.0,0.0,0.0,0.0
p133_V,3.6040945974682776e-05,17.24677374326806,0.0,0.020848438144466575,4.221556402788613e-05,7.2731336e-06,0.0052244817105318985
p133_W,2.70436375831144e-48,241.61571313180934,0.0,0.24565829254120256,0.005775339408097496,0.0,0.06285840798732502
p133_Y,6.444847775153709e-37,177.01565373511954,0.0009311381313481407,0.07190815253429379,7.881145826702797e-06,1.7809404e-09,0.018211793398102256
p134_E,1.216508703554274e-05,19.35916521647758,0.0,0.022743154472393258,6.243660930171407e-06,0.0,0.005687349533330857
p136_W,1.5054428286542794e-23,106.0289849456732,0.0,0.06580824863291947,5.695424482488183e-06,1.5172304e-05,0.016457279090425943
p136_Y,8.331570938133128e-15,62.41518900816706,0.0,0.041697922483695395,0.00011875824997885526,1.3965215e-06,0.01045451931379295
p137_K,0.005258260651906108,7.8276583980316925,0.0,0.0181444706310725,0.0,4.2960457e-09,0.00453611873177956
p137_L,0.020134566701961558,5.419991955956382,0.0,0.15858456870808155,0.00012200151267686911,3.5839284e-06,0.039677538537301216
p137_M,0.014621048744510704,5.985349885077099,0.0,0.25271114101350306,0.0001264067800024378,5.2965456e-06,0.06321071108478223
p137_N,4.0615240332958263e-10,39.992326462447664,0.000248230994654826,0.07814180551793046,0.0001236170236298293,0.0,0.01962841338405378
p137_RFTCQAHYW,0.10083170203575124,2.698028628918476,0.0,0.0,0.0,0.0,0.0
p137_S,1.4507460850106087e-35,169.5964634776699,0.0,0.2082292712919388,1.1549247667812054e-06,8.85597e-07,0.05205782795342378
p137_V,2.714481455194206e-06,22.300475819826413,0.0,0.12474299827865191,5.954962543638314e-05,1.612689e-05,0.031204668698732427
p138_V,1.6675096017523798e-42,208.24703235070191,0.0,0.07660752067433467,0.00024006358717119903,5.47361e-06,0.01921326446791264
p139_V,8.761127036142819e-68,361.8096082720362,0.0,0.01660396267715088,1.5434919213878166e-05,2.9889662e-07,0.004154924123246941
p140_C,5.029072459741092e-06,21.088173251199702,0.0,0.161608035623535,1.0980954539451143e-05,0.0,0.04040475414451861
p140_S,0.00023644571851932377,13.629509797822164,0.0,0.2352723409796789,0.00020830647421901934,3.6531346e-06,0.05887107514713118
p140_T,2.438484133926792e-28,130.8687075995497,1.83650338467583e-05,0.2278354524698474,0.00014014480464385538,1.6989423e-08,0.056998494824440304
p140_V,1.0773598402217685e-14,61.87302993863208,0.002390644822237614,0.0407029699600862,0.0010394764466443592,0.0,0.011033272807242043
p141_K,2.0706722097091107e-32,152.50071196946266,0.0,0.011859735819265388,0.0005683803016758652,2.769274e-06,0.003107721348743613
p141_N,0.00025418393112208065,13.491611726398897,0.0006531035583856936,0.10755173421670847,8.167064153757524e-05,6.5086365e-06,0.02707325426328004
p141_R,2.6233840210961638e-30,141.26710096034827,0.0,0.057973719045156684,4.267850194197193e-05,5.9491125e-08,0.014504114259555893
p142_P,4.667088603484116e-17,73.43162846476096,0.0020204515090448626,0.025637415004301455,3.507124912066862e-07,0.0,0.006914554306459381
p143_I,1.4598686108066764e-05,19.00340064708596,0.0,0.1677721131161205,0.00014544087189279336,0.0008746084,0.04219804059846976
p143_L,1.656543632100206e-28,131.75143104183022,0.0,0.1405629523352191,0.0009330441103181476,0.033512477,0.04375211831930295
p143_M,1.185369660170564e-06,23.935814195389806,0.0,0.040072531788811074,0.00012264425104852733,1.4934187e-05,0.010052527556656265
p143_V,0.3405682830114145,0.9092822182702135,0.0,0.0,0.0,0.0,0.0
p144_D,1.81133880511442e-33,158.2024498806339,0.0,0.004141123330793226,0.0005950617474207392,3.6629437e-08,0.0011840554269128066
p144_ENTFQKV,0.0016567717705945647,9.95745172961906,0.00012225259427319123,0.20084647877836787,0.00019730938630213118,0.00047232045,0.050409590301596564
p144_G,0.4997527619745681,0.4558404359344051,0.0,0.0,0.0,0.0,0.0
p144_S,7.366187134218331e-11,43.48963041104873,0.0,0.06269747963006046,8.44845629537587e-05,6.463848e-05,0.0157116506681713
p145_G,3.3345424541295135e-21,94.10979211988597,0.0,0.21440634167526734,9.848502843021905e-05,1.6055507e-08,0.053626210689801175
p145_N,2.485230056545354e-06,22.474287527432168,0.0,0.10376234414457866,5.4663990743645606e-05,1.8299644e-06,0.025954709524928028
p145_S,0.07060758822242988,3.2768270824367116,0.0,0.15874410673074377,0.0002830214540421373,1.5894367e-06,0.039757179405369596
p145_TPRYHKQV,0.05499338405717024,3.692158477681052,0.0006206547725524088,0.19192783393485036,0.0001949833555998393,0.0008222761,0.04839143704320804
p146_GAP,5.841984778985403e-05,16.312610897596098,0.0,0.027128567526314647,1.0705816460337467e-06,0.0,0.00678240952699017
p146_I,0.022471207579981237,5.227455332179318,0.0,0.05327458724867374,4.6266559343433996e-06,2.4913277e-08,0.013319809704471214
p146_SLMDRA,0.8658062615541104,0.02857365560666639,0.0,0.0,0.0,0.0,0.0
p146_V,1.7365116326749716e-32,152.91148176481286,0.0,0.023665409755843685,1.4572973341677745e-05,1.5436632e-06,0.005920381598093437
p147_IVQEGPHSNMW,0.12492284401026003,2.3590083850641133,0.0,0.0,0.0,0.0,0.0
p147_K,6.866847720998716e-08,29.6084472042694,0.003947915295259704,0.04881214336581456,0.00024280188959630069,0.00033652323,0.013334845944166802
p147_R,0.0035245076668848235,8.560329796111889,0.0,0.05804442464215345,0.0012123665640513428,0.0,0.014814197801551198
p147_T,0.26296310008647894,1.2547050263108972,0.0,0.0,0.0,0.0,0.0
p148_IVCNQ,0.000210350369670576,13.852643960590187,0.00030042746836832506,0.048043441888811086,0.0001372867672512636,0.0,0.012120289031107668
p148_L,4.487716758770392e-07,25.86167996613329,0.0,0.05325980721764385,0.00018600201910507592,3.751548e-05,0.013370831179532475
p148_M,0.01206685555511675,6.327386850803465,0.0,0.029535760066771256,7.174754719912964e-05,3.3388125e-05,0.007410223934818281
p149_G,0.723102336338482,0.12562035687968676,0.0,0.0,0.0,0.0,0.0
p149_K,2.13631270651331e-07,27.339426923517877,0.0,0.08327534774628578,8.584410008350468e-07,0.0,0.020819051546821656
p149_N,7.008438143708911e-19,82.46382449503845,0.0,0.17269546672698377,0.0001035062510748311,1.2358315e-07,0.04319977414030191
p149_S,1.264774456085287e-12,51.89227387306065,0.0,0.07640333289701529,0.00011064568701105079,2.6250591e-05,0.019135057293747378
p149_T,0.0008470308611889873,11.212831921089892,0.00011792619148039618,0.13730340549579778,0.0011328183172578867,1.4821345e-05,0.0346422428373461
p150_E,2.2791242369970877e-05,18.136191051267375,0.0,0.07009515176229883,3.150458183076691e-05,2.1071124e-05,0.01753693186706689
p150_G,5.689056760340103e-09,34.625069502568024,0.0,0.09193555287166554,4.955589417506247e-05,2.046992e-05,0.02300139467167396
p150_HQYVMFLD,0.008435897173843097,6.97009624405268,0.0,0.10929638716727123,2.2555950613391596e-05,0.000185783,0.02737618153112118
p150_I,3.9368047989624864e-07,26.122064637513002,0.00034059451583782016,0.3073269464645674,0.000180571550120592,4.144087e-05,0.07697238835048839
p150_K,0.27826941347738104,1.1769852346426404,0.0,0.0,0.0,0.0,0.0
p150_N,0.03786879271537792,4.324017880753894,5.892373969665606e-05,0.024439490046417694,0.0002065583473427219,5.2699465e-06,0.006177560519999612
p150_P,0.00373602196568223,8.453233490446829,0.0,0.12507424805130224,4.024179940944523e-06,1.019282e-06,0.031269822878302614
p150_R,3.2478017935122996e-37,178.6557202510172,0.0002946270997025316,0.07394944759515602,4.02717173420681e-06,0.0005232405,0.01869283558667477
p150_S,7.070847625884867e-34,160.4126442233544,2.1908155407752335e-05,0.012528370557165616,0.000743721741968993,2.582464e-06,0.003324145729647797
p150_T,0.9692533120063039,0.0014865521583433102,0.0,0.0,0.0,0.0,0.0
p151_G,1.9472910585805025e-28,131.38214991376466,0.0003701698339612175,0.24569477121814304,0.00015899442908652895,0.00018675595,0.061602672857210765
p151_K,3.997237040106471e-09,35.33980913479799,0.0,0.06097336402323457,0.001615914244025393,1.2237125e-06,0.01564762549494049
p151_N,1.923319967857382e-06,22.979656189578165,0.0,0.08848336328300624,0.00013398922939682502,5.753971e-05,0.022168723055554413
p151_RAVQEPLH,0.008392265740832327,6.979451388223367,0.00012681595915062902,0.019879456483795334,0.00010155743245305984,7.743742e-06,0.005028893404265287
p151_S,0.000990591845134187,10.918826268141016,0.0,0.14007759057961078,3.988744254731955e-05,1.6598817e-05,0.03503351920972158
p151_T,0.9784708135559386,0.000728666634134166,0.0,0.0,0.0,0.0,0.0
p152_H,2.65128396284625e-06,22.34687136649318,0.0,0.2455356547690158,1.1829711947502049e-05,0.0,0.06138687112024082
p152_K,3.253720906360306e-14,59.54616875199325,0.0,0.32647912757712627,0.00028768226294203705,6.796235e-05,0.08170869304704505
p152_L,9.168914618400514e-22,96.94487690425555,0.0,0.0015904818323127653,9.066082591689045e-06,3.739342e-07,0.0003999804622759037
p152_Q,8.377790917284443e-19,82.07789833608082,1.2408586536767298e-05,0.2545684255784984,0.0002533578787040274,0.0,0.0637085480109348
p152_RTMFSNAIYV,0.14605244653359853,2.1167669750041886,0.0,0.0,0.0,0.0,0.0
p152_W,1.3080910324124079e-16,71.22959723198187,0.0,0.13551228317142705,2.255994536937685e-06,2.7949086e-06,0.033879333518640024
p153_SMITGWY,0.03768188495475399,4.332482729211289,0.000593532887836471,0.02446016938024481,0.004401942937127767,0.00028417993,0.007434956283480399
p153_V,5.271233248329042e-25,113.50712422969735,0.00047062717475594045,0.13456828593683554,0.0002972337763367402,1.2119572e-06,0.03383433971127438
p154_F,0.9278799925687744,0.00819722666299048,0.0,0.0,0.0,0.0,0.0
p154_G,0.0012773399627296377,10.442735412157104,0.0,0.02127085700592049,2.7525302774826063e-05,3.2099215e-06,0.00532539805754576
p154_I,0.006291179261591875,7.501183885694738,0.0,0.05634809315395858,0.0002531683012364234,0.00037141884,0.014243170072581147
p154_L,4.398074474720337e-20,88.47308764105443,0.0003905032541338732,0.13233559667877132,0.0009156437006603018,0.00029986433,0.03348540199143928
p154_M,0.07413012966571923,3.1967628218829263,0.0,0.08905978983319549,0.00010603317846730771,4.949532e-05,0.022303829582947417
p154_S,0.44832208036199994,0.5754081978841807,0.0,0.0,0.0,0.0,0.0
p154_T,1.1186594142144717e-07,28.63144906133613,0.0,0.09109985882683115,6.338377086434316e-05,7.9587164e-07,0.022791009617334466
p154_V,0.7240109777479842,0.1247621205966466,0.0,0.0,0.0,0.0,0.0
p155_FTCSK,0.8491643379158509,0.03619167322718573,0.0,0.0,0.0,0.0,0.0
p155_G,0.002875916629160365,8.934949202870694,0.0006873383780556884,0.19861854786355612,5.686934253050182e-05,9.3694754e-05,0.04986411258465276
p155_I,0.06180183468424,3.497322551555696,0.0,0.042244336136212354,2.6396355128258993e-05,3.325964e-06,0.010568514613814334
p155_L,2.483442976684609e-07,27.039266750487478,0.0,0.14698973462005394,5.068164106065966e-05,2.5669591e-05,0.03676652146307759
p155_M,0.508119881926981,0.4382970066192313,0.0,0.0,0.0,0.0,0.0
p155_V,0.6113644483070646,0.2583785241396227,0.0,0.0,0.0,0.0,0.0
p156_C,0.00020320268540944034,13.918654741133047,0.0,0.02297695068440494,2.2946658890991115e-07,6.002741e-06,0.0057457957229920895
p156_F,2.427958275974533e-16,69.9110211642019,0.0,0.17008892012345497,7.737106792068599e-05,3.416112e-07,0.04254165820064697
p156_G,1.1389819752018094e-65,348.16323512925214,3.8769274011340006e-05,0.1645826472083692,3.9331693729528263e-05,0.009866166,0.04363172852616317
p156_IQWKENS,0.7563130064229959,0.09636262190527714,0.0,0.0,0.0,0.0,0.0
p156_L,6.509220072953978e-05,16.103917387321474,0.0,0.0027018183797321376,0.0003803020766605125,4.190236e-06,0.0007715776730515224
p156_M,7.701542458608873e-21,92.27654158546558,0.00015947290963518894,0.08354102731764686,0.00028104971210014275,3.4479175e-08,0.020995396104639318
p156_R,8.672961854050841e-13,52.6774368177898,0.0015031059046438588,0.04162025685389292,5.263994715930599e-06,0.0,0.010782156688313178
p156_V,2.173880298681629e-39,190.71786073932657,0.0,0.11687891400393645,4.478955740876165e-06,0.0,0.02922084823991933
p157_I,3.3033925607013483e-12,49.89817627318247,0.00010267638700515549,0.052797459974345394,8.729285080128e-05,1.3686611e-05,0.013250278955801748
p157_L,0.027864098859655642,4.8526258725298685,0.00014599914734195145,0.0404886411090896,3.6755223459590004e-06,7.8708143e-07,0.010159775715052607
p157_V,4.902606867108737e-07,25.685981118980287,0.0,0.1432025621145444,0.00020284001910007672,1.5378832e-06,0.035851735004220085
p158_F,0.00041351622182218074,12.566612207360185,0.0005767387225405154,0.024778849738004878,0.00025251034714547264,0.00022632985,0.006458607164925713
p158_G,0.5964759122920673,0.28054908709941884,0.0,0.0,0.0,0.0,0.0
p158_I,0.8771467489023296,0.023911193506267345,0.0,0.0,0.0,0.0,0.0
p158_L,0.16810492907449806,1.9029141736678166,0.0,0.0,0.0,0.0,0.0
p158_S,0.3160078783085931,1.006551066208791,0.0,0.0,0.0,0.0,0.0
p158_TMC,0.5882346117363739,0.2933263997621863,0.0,0.0,0.0,0.0,0.0
p158_V,0.27954578920024425,1.1707475535359213,0.0,0.0,0.0,0.0,0.0
p159_C,0.0002202116609099431,13.765197426510586,0.0,0.0409946240799199,4.078085135883671e-06,2.3131659e-06,0.010250253832726661
p159_F,4.944254607479284e-29,134.51712024372773,0.0008769552584938533,0.040088844885814254,0.0011049780049274254,0.00062870624,0.010674871097914759
p159_G,2.4444193729136044e-05,18.00011882497967,0.0,0.014176150751880471,2.021967732006033e-05,3.8916037e-06,0.0035500655082208476
p159_I,0.0010316055312237329,10.84274320326902,0.0,0.05631676702983677,3.903063132875287e-05,1.4427831e-05,0.014092556373053185
p159_L,1.9094526231748665e-08,32.180153083618634,0.0,0.06774194798384416,0.000843104532047839,3.9459872e-05,0.0171561280969515
p159_V,0.1291233043758095,2.307366057666019,0.0,0.0,0.0,0.0,0.0
p160_I,0.035012912521956166,4.458404766164174,0.00023705569477013212,0.04342023566135516,2.130042249708865e-05,0.00027209014,0.010987670479488884
p160_S,2.2067078494119638e-42,207.5568344517112,0.0,0.0541413089308168,4.642637716492591e-05,5.3377258e-05,0.01356027814153413
p160_T,3.4339072877716096e-13,54.60934971609676,0.0,0.03656101254958051,5.071756939076598e-05,0.0013993554,0.009502771369353858
p160_V,0.0287747093356634,4.7968739577417985,0.0,0.06656534771559525,1.0586736046254225e-05,7.0342876e-06,0.016645742184808257
p162_F,3.995681159123552e-09,35.340598046445955,0.00011358120051654057,0.05642000050296415,0.00011751561910582005,0.0008026572,0.014363438635076293
p162_GSC,0.276522725933305,1.185580054242401,0.0,0.0,0.0,0.0,0.0
p162_I,0.4050898254458766,0.6938364317235322,0.0,0.0,0.0,0.0,0.0
p162_L,0.006769064249161466,7.368286954856605,0.0001279086926601842,0.24425249620564493,0.000212488382148454,0.0005366796,0.06128239321543173
p162_M,0.00047104042027697364,12.319859658809897,6.480263788550435e-05,0.10405398698868289,5.449421318389042e-05,0.000224735,0.026099504711377747
p162_T,6.323998561544669e-11,43.80307556265229,0.0,0.050529266296110285,7.366987753810725e-05,6.304768e-06,0.012652310235360615
p162_V,5.620916703024787e-07,25.414445094747585,0.0,0.013879935427239703,0.00021004164520536917,1.4868712e-05,0.0035262114461717376
p163_F,0.01513254617889151,5.924306932038121,0.0,0.22067506064034081,4.392962850036025e-06,4.4837593e-06,0.055170984340625784
p163_I,2.892863945700882e-45,224.0286680257728,2.9688410199855014e-05,0.03140324908757747,6.307398963857318e-05,0.0,0.007874002871853974
p163_LCSGVTHNE,0.5979762394595541,0.2782621813033261,0.0,0.0,0.0,0.0,0.0
p163_M,0.00017506334264382002,14.20351885653171,0.0,0.10129973902481355,3.055841759042654e-05,3.081358e-06,0.025333344700112285
p163_W,3.3075831914976136e-28,130.17331844414988,0.0,0.12364771502938052,0.00038274898800913596,0.0,0.031007616004347413
p163_Y,1.838641371328066e-42,208.0063086569,0.0,0.021960604430995016,5.7131270510061256e-05,0.0,0.005504433925376269
p164_G,4.004260082206179e-65,344.6633406740152,0.0,0.15130621354619306,5.452564822857186e-05,0.008069547,0.039857571521915165
p164_S,9.871326894095029e-32,148.8630782303642,0.005839931956328702,0.27166446062627664,0.0006551380618523184,7.919492e-05,0.06955968139125066
p164_T,1.8116764839308808e-21,95.44831523198918,0.0,0.06560205701451007,1.1728715293649598e-05,4.8707037e-08,0.016403458609210084
p165_C,0.0030859175756271836,8.80496785940114,0.0,0.19671425508217757,0.0001621054163880116,4.8363847e-05,0.04923118108635945
p165_F,0.982167035711527,0.0004999051075024694,0.0,0.0,0.0,0.0,0.0
p165_I,9.621543587202298e-27,122.51882802644428,0.00026810494218579067,0.23135319271382634,0.00010263244615418802,3.8227005e-05,0.05794053927667959
p165_L,0.09022784798295001,2.87666212644579,0.0,0.0,0.0,0.0,0.0
p165_M,0.012234975502965753,6.30267272434818,0.00045163570000122835,0.13876786298550936,0.00023754610479016246,3.7856546e-06,0.03486520761122486
p165_NG,0.05196531116804015,3.7872156968103377,0.0,0.05889494092043649,9.829992247129004e-05,0.00017627685,0.014792379423617408
p165_S,0.21811154023088627,1.5189365837808582,0.0,0.0,0.0,0.0,0.0
p165_T,9.754762877789922e-18,76.78761751723908,0.0004517267395233483,0.11207271028631602,3.968984545468548e-05,2.6851762e-07,0.028141098847229547
p165_V,1.0591726050934081e-12,52.26137833454126,0.0,0.1312246499568819,2.034778131134258e-05,1.2223738e-06,0.032811555028008185
p166_F,0.26486169326554765,1.2447613954316208,0.0,0.0,0.0,0.0,0.0
p166_G,1.310891839052226e-40,197.54604132702127,0.0,0.20726978684738043,0.0006959274161354552,1.6623931e-06,0.0519918441641441
p166_I,0.1319122187708263,2.2741024988449707,0.0,0.0,0.0,0.0,0.0
p166_LCM,0.27616950889132386,1.1873264219408748,0.0,0.0,0.0,0.0,0.0
p166_P,2.982089496967184e-54,277.0440474589523,0.0,0.2001276416735669,0.0013661329292206205,0.0,0.050373443650696875
p166_S,0.22976563027641728,1.4443266915233144,0.0,0.0,0.0,0.0,0.0
p166_T,0.012889348979974909,6.209697520090704,0.001176287817230285,0.07213733214330206,0.0001356280595501495,1.5440933e-06,0.018362698028337048
p166_V,2.1565757426604506e-20,90.02675539248314,0.0,0.14168310555896593,9.836833913345673e-05,2.4118845e-06,0.03544597144563789
p167_C,1.522995028987771e-05,18.920875652473786,0.04348117799625085,0.19589885772113186,0.03211012453544562,0.5949725,0.2166156628792929
p167_F,0.00011576147233098043,14.996042164164027,0.0,0.14324534549835236,9.197720723815466e-06,2.6917423e-05,0.03582036516061493
p167_V,7.00055106436773e-45,221.82067723152707,0.0,0.025807888144243323,1.1288574703121376e-05,7.5036377e-07,0.006454981770678502
p167_W,1.8499506937408347e-15,65.59696352726928,0.14421039468465385,0.09926417388341797,0.17603708591537787,0.31669545,0.18405177655497496
p168_C,9.248316582891493e-20,86.85561785097093,0.0,0.14870783777726052,1.3532615037351575e-05,1.698741e-07,0.03718038506659917
p168_S,1.080985778063522e-31,148.6519457994467,0.0,0.1672515078250447,0.00017394997640090212,3.929215e-05,0.041866187487905666
p168_T,3.4586524939499195e-27,124.8359032711906,0.0,0.2132615221996871,2.3659808918953273e-05,0.0,0.05332129550215151
p169_G,0.1740687836051556,1.8505585333822054,0.0,0.0,0.0,0.0,0.0
p169_I,9.042417490769824e-18,76.95053584040234,0.0,0.1489597895619756,8.034007250381688e-05,4.606373e-05,0.03727154834140322
p169_L,1.900352213108907e-09,36.84860339497467,0.00025437258040725215,0.2520745097748447,0.00011984069509290663,3.496653e-05,0.06312092239546865
p169_TSFMCW,3.1528843188059197e-06,22.0057475761561,0.0,0.06007946588811925,0.00011978728371844824,6.3528605e-05,0.015065695444233551
p169_V,0.16230803708202518,1.955888528145675,0.0,0.0,0.0,0.0,0.0
p170_FGWTCVI,0.9694852366826389,0.0014641994614864682,0.0,0.0,0.0,0.0,0.0
p170_L,2.0834038104718546e-08,32.004548897639374,0.0,0.07187056559135767,6.58030297495314e-05,4.823594e-06,0.017985298053733445
p170_M,1.3488579455752795e-18,81.04888870686395,0.0,0.194123977422803,3.021618949113873e-05,3.293594e-06,0.04853937180159623
p170_P,3.954546571943823e-05,17.06703613850517,8.00107300155276e-05,0.06497467128643358,0.0001045413376502979,2.470027e-08,0.01628981201359242
p172_F,1.999992239094195e-26,120.86519466249037,0.0,0.10920056392360632,2.7098652623084938e-05,0.000100950754,0.027332153332590148
p172_I,3.1869183812850724e-39,189.79123471131282,0.0,0.26137170264472076,0.00011038422018282749,3.2988626e-06,0.06537134643186746
p172_L,0.26083190972844095,1.2659736866984153,0.0,0.0,0.0,0.0,0.0
p172_M,0.24334328757268525,1.3629593768385653,0.0,0.0,0.0,0.0,0.0
p172_VYWS,0.00019886389544523174,13.959877994599285,0.0,0.2678186777305892,8.748892600439108e-06,2.2207292e-05,0.06696240847884848
p173_L,0.017849107521282773,5.632152980764852,0.0013206233724677506,0.026858313884387384,0.00014920104068568544,1.5946882e-05,0.007086021294842966
p173_MTIAGCYWSN,7.350277917937267e-11,43.49407185481712,0.0003461060983123504,0.07763802288598551,3.092237200751683e-05,8.212635e-06,0.019505815997899745
p173_V,0.054418991689042816,3.7097560038276987,0.00010955477795431127,0.06729769099549485,0.00014454081164014376,1.4310755e-06,0.016888304415141078
p174_G,1.2052631987319718e-38,186.5754784907803,0.0,0.3253777082190867,3.398320191608011e-05,0.0,0.08135292285525068
p174_K,2.1352632099834858e-08,31.955038665349026,0.0,0.07069757661919114,2.7570577695288042e-05,6.5909153e-06,0.017682934528044324
p174_RQNDHF,4.594022471808764e-10,39.740720795147794,0.0,0.09915170960797597,9.730556623894595e-05,1.3451653e-05,0.02481561670682958
p176_N,6.024052568963645e-10,39.18762082763922,0.0,0.14944647891540255,0.0004057237536158109,0.00032387394,0.03754401915339973
p176_S,6.738341215824799e-06,20.514466517517967,0.0,0.03345508067354077,0.00015968120762309456,4.3016395e-09,0.008403691545700838
p177_R,0.6580272437691915,0.19606278000939573,0.0,0.0,0.0,0.0,0.0
p178_Y,5.408726284053103e-42,205.35131030936026,0.0003537152980960209,0.34721826523309796,0.0006044873841473982,0.00048813963,0.0871661518865256
p179_L,0.13709333301115484,2.2143453978496264,0.0,0.0,0.0,0.0,0.0
p179_MTAGQDSH,0.42331579344646364,0.6416931908824451,0.0,0.0,0.0,0.0,0.0
p179_V,1.2972698510012192e-07,28.335294213851242,0.0,0.11364159369565331,0.00019240600558639452,2.1108362e-05,0.028463777015932185
p179_W,7.037815294258024e-47,233.36300798593598,0.0,0.05329400595698115,1.8196029343594467e-06,0.0,0.013323956389978879
p180_P,0.3319129900198814,0.9424649937899334,0.0,0.0,0.0,0.0,0.0
p181_H,1.257478897103806e-45,226.1143850629149,0.03764934991469017,0.5886988100755601,0.011383293364376074,1.2471135e-05,0.1594359811224193
p183_I,0.6390277469978021,0.22016942612581075,0.0,0.0,0.0,0.0,0.0
p183_L,0.05398785149659372,3.723094802241915,0.0,0.005267351601807266,0.00027218660665431066,0.00018479757,0.001431083943478583
p183_M,2.3571211395176147e-09,36.411108448066024,0.0,0.17045610217859597,0.0011247849454264563,0.0002489976,0.04295747117816609
p183_N,1.0313871648590602e-17,76.66789368092796,0.0,0.4130658399605889,8.935457599224938e-05,0.0009724776,0.10353191803483838
p183_Y,9.650822958824797e-28,127.73462936023151,0.0,0.2535898301602106,0.00028988744828571347,0.0,0.06346992940212408
p184_K,7.037815294258024e-47,233.36300798593598,0.0,0.05329400595698115,1.8196029343594467e-06,0.0,0.013323956389978879
p184_L,8.151730584616866e-32,149.30817029684684,0.0,0.036527814890772975,0.0031329337986667947,0.0,0.009915187172359943
p184_M,7.3709126264467e-17,72.45444552536098,0.0,0.07907926997989347,0.001518842167608997,6.025422e-06,0.020151034392363962
p184_Q,0.0038137971230835345,8.415400322701089,0.0,0.08819542220944644,1.306062716067675e-05,0.0,0.02205212070915178
p185_SIDGQAL,0.8484547822090678,0.03653716912393167,0.0,0.0,0.0,0.0,0.0
p185_T,1.5852664380362722e-07,27.934761797237684,0.0,0.07658160827745154,1.136331902700817e-05,0.0,0.01914824289911964
p185_V,0.9929614599551723,7.786539693779587e-05,0.0,0.0,0.0,0.0,0.0
p186_GNVIQWC,0.33038942960157325,0.9484259433115174,0.0,0.0,0.0,0.0,0.0
p186_S,0.018477701553822713,5.571114277239162,0.0,0.023563190858455416,5.852230441602431e-05,2.7176244e-05,0.005912222351654815
p186_T,3.261191830354772e-05,17.440560043815385,0.0,0.033643574178685215,0.003510177705857127,0.018193696,0.013836861894687622
p188_S,1.486534715158701e-19,85.82443181116125,0.020382414480320743,0.18405989930317726,0.021890260004566783,0.113008566,0.0848352849971995
p188_T,9.643677462035788e-15,62.10667233706786,0.0,0.11584189176527958,1.8747599899174205e-05,1.405286e-06,0.02896551116278392
p189_I,0.0002747058746021828,13.343715204204228,0.0,0.084225575268239,6.152793563097773e-05,1.9958716e-06,0.021072274768860276
p189_P,0.37716738657475224,0.7807080251533606,0.0,0.0,0.0,0.0,0.0
p189_T,2.0101597381071086e-18,80.18786902656086,8.047611666073886e-05,0.08754673146525085,0.001808079029946143,0.019198949,0.02715855878232487
p189_V,0.0017849554507752983,9.818753666582353,0.0,0.03881732372074085,1.2828011005739099e-05,3.3898214e-06,0.009708385388276328
p191_W,1.7192966850218597e-78,433.3239587115298,0.04900171227965563,0.06818544053069658,0.037053968100382535,0.0,0.03856028022768369
p191_Y,0.00018131217696020275,14.136455102289062,0.0,0.026010857391470632,0.0014108438650924896,0.0,0.00685542531414078
p192_IMVEQH,0.8792762067414827,0.023083095791195378,0.0,0.0,0.0,0.0,0.0
p192_L,4.37030076888603e-08,30.514880628070287,0.0,0.159402113210586,0.00015721017431309873,5.337638e-09,0.03988983218063425
p192_Y,1.5365946413659736e-09,37.28047289846567,0.0,0.1475960695956661,4.721487994756947e-05,0.0,0.03691082111890342
p193_S,2.552322280657462e-36,173.7298331964985,0.0,0.01586231810674831,0.00021529281755171883,1.36768895e-05,0.004022821953441581
p193_T,1.840343336359294e-47,236.75210097570977,0.008775710266194798,0.0023258041752824313,0.003989802793944324,0.010712107,0.006450855986896012
p194_E,0.48883022114955355,0.479505266597414,0.0,0.0,0.0,0.0,0.0
p194_G,2.0260074179808082e-48,242.35004511971886,0.0,0.05329400595698115,1.8196029343594467e-06,0.0,0.013323956389978879
p194_H,0.0002450220191424441,13.561578359158016,0.0,0.09719713724197104,1.1623176872781848e-05,5.9211345e-07,0.024302338133073857
p194_K,6.759773505820882e-05,16.031075937012737,0.0,0.18442322706703723,0.0005487203137084802,0.01046604,0.048859496873205975
p194_L,8.721955419262788e-07,24.54312975244118,0.0,0.06756936602749238,1.4143883727444808e-05,1.303633e-07,0.016895910068630993
p194_N,3.608177537224402e-24,109.20834707688817,0.0,0.16691303435422292,3.426822109713716e-06,1.9636298e-06,0.0417296062015223
p194_P,0.39535056545571856,0.7231336455684577,0.0,0.0,0.0,0.0,0.0
p194_QSAMI,0.7579347776274947,0.09504294582923291,0.0,0.0,0.0,0.0,0.0
p194_R,0.004305490199384664,8.193038485405372,0.0,0.06477593759487064,8.539431624331077e-06,0.00019061597,0.016243773250157204
p194_T,9.846860327055768e-07,24.302881506570042,0.0,0.02886896156336545,6.975095864555721e-06,7.036549e-07,0.007219160078533754
p194_V,3.0576777032026824e-47,235.46807753242115,0.0,0.04433149841046267,6.511814413981079e-06,4.3591882e-07,0.011084611535924422
p195_DEHRPCQ,0.007603791244247649,7.1576795233313035,0.0,0.06941015539604076,1.370929194392596e-05,1.4888439e-08,0.017355969894105903
p195_G,4.2262894831017336e-51,258.16296375774346,0.0,0.1087174838477308,5.8864412562475215e-05,0.0,0.02719408706507332
p195_GAP,2.8222072454148636e-05,17.721032811950444,0.0,0.06720862568796009,4.942717083372761e-05,0.0,0.016814513214698453
p195_K,0.004028321542639527,8.31498778615035,0.0,0.09611448747223204,4.969451404580785e-06,2.7097587e-06,0.024030541670595724
p195_N,0.0003649556896983188,12.803606873207361,0.0,0.14708750457448738,3.655528850457054e-05,2.7731625e-07,0.03678108429480959
p195_S,1.1622264523623266e-33,159.24442028992345,0.0001720952167249532,0.054796812473773764,0.00035580335970901043,3.942242e-05,0.013841033367282478
p195_T,0.049071425977805345,3.8837145764329435,0.0005350025874344472,0.30821036595001283,0.0005862320148638657,0.0027155355,0.07801178400355344
p196_E,0.0022133659965840355,9.419288545660304,0.0,0.0913239868992064,4.4450552483129385e-05,0.00033950814,0.02292698639891041
p196_GAP,1.841485803623739e-05,18.550969845843465,0.0,0.12883236837060227,3.061121723459908e-07,0.0,0.03220816862069365
p196_N,4.472256069077836e-09,35.11231123472415,0.0,0.020829417062854367,1.4211171512267443e-07,0.0,0.005207389793642372
p196_P,6.229200643506638e-08,29.803797431079772,0.0,0.08521065881411287,5.562330196941689e-05,6.07821e-08,0.02131658572454541
p196_S,1.2918413196571595e-20,91.14569957600125,0.0,0.07920715141610642,5.0820713736242525e-06,1.00654084e-07,0.019803083535391054
p196_T,6.413499009869207e-34,160.64218778563085,0.0,0.08386486582673691,3.851636170132922e-06,1.5760895e-06,0.02096757338810593
p197_E,0.6469892016450398,0.20986216732860996,0.0,0.0,0.0,0.0,0.0
p197_G,8.90171720401074e-08,29.088597863292968,0.0,0.12525632232598585,1.5808115722067595e-06,4.3028604e-06,0.03131555149947985
p197_K,4.347859440803181e-46,228.7789317666173,0.0,0.08752310227727134,2.479600727052099e-07,1.5629045e-08,0.021880841466597193
p197_NAHQMRLVF,0.0037357457694646963,8.453369269764043,0.0,0.2614632659670421,0.00010910026429344987,0.0,0.06539309155783389
p197_S,0.0904808602804759,2.8721385036650307,0.0,0.0,0.0,0.0,0.0
p197_T,1.0234037675943385e-34,164.96947214966457,0.0,0.13281678491682988,4.243216646840117e-06,5.97261e-08,0.03320527196489364
p197_Y,1.730024958716543e-12,51.24102487743891,0.0,0.043003205180580886,1.5928000127986837e-06,1.0837751e-05,0.01075390893284307
p198_I,0.0014844171453968498,10.162183360845157,0.00019205780388877738,0.07443431766784935,5.4237220382423556e-06,0.00018111612,0.018703228828462808
p198_P,9.538999177583012e-36,170.59224629851917,0.0,0.24398772548675604,5.046557799541344e-05,0.00011155208,0.061037435785946254
p198_QLSETNADMG,3.0481838970992147e-05,17.571564759170222,0.000994219921536573,0.15358581359862344,4.14050038024877e-05,1.0683663e-05,0.0386580305468098
p198_V,0.004884792063904312,7.962137255041577,0.0,0.09134912700956344,8.0787855906749e-06,2.031361e-05,0.022844379851198235
p198_W,2.2993365596028384e-05,18.119028120542037,0.0,0.1318068137967192,8.295439365025857e-06,0.00042294012,0.03305951233997763
p198_Y,3.165738852039142e-34,162.30465382220913,0.0,0.11960006433517521,5.5945348387109906e-05,1.3845958e-05,0.029917463910431805
p199_E,3.940526153371562e-16,68.88010583294285,0.0,0.06840439808082736,0.0001564732278268259,0.0,0.01714021782716355
p199_F,2.1825853320281194e-05,18.22033806141606,0.00010063091601133067,0.23275877836003844,0.0001219829044373408,0.00013364156,0.05827875843485482
p199_G,7.743655693288647e-38,182.09536560237677,0.0,0.03333850468605685,5.128973481280859e-05,7.55715e-07,0.008347637533969169
p199_H,0.3861578719139426,0.7517581174394462,0.0,0.0,0.0,0.0,0.0
p199_K,1.768398794604362e-20,90.45989489082365,0.0,0.11754151562244534,0.0001822665297485743,1.11131e-05,0.02943372381312337
p199_L,4.4273144839960834e-05,16.848471605316185,0.0,0.17404988524012913,1.3021822548648005e-05,1.4456059e-05,0.04351934078042801
p199_N,0.0548072008864361,3.697841064494322,0.0,0.0295271667698462,0.0003877131996443839,8.325318e-06,0.007480801321884939
p199_R,1.0804867497246385e-20,91.53613673627994,0.0,0.1963426995134211,0.00012218005247664114,1.2579565e-06,0.04911653438058829
p199_S,0.047452668514022835,3.9403561774254645,0.0,0.15244658553463408,6.406316843572709e-05,1.552614e-06,0.03812805032926258
p199_VYTAPQIWM,0.07269262503516008,3.22893188910037,0.00010385439713803254,0.07721594759794144,8.20883358134716e-05,6.7701635e-06,0.019352165123600464
p200_N,0.0001929576285758989,14.0174776527233,0.0,0.002130472763195183,2.530084461061654e-05,1.0112648e-08,0.0005389459301133519
p200_S,6.603507822096187e-09,34.32349571023108,0.0,0.24606920178877287,0.0004540161075794702,0.0,0.061630804474088086
p200_T,9.240588234649537e-25,112.25053044859035,0.0,0.07597933088372845,0.00014099034791275925,0.0001927902,0.019078277859133286
p200_V,1.1015796748558323e-44,220.6897825717232,0.0,0.22932609644687435,4.351145854851235e-06,3.818363e-05,0.057342157805414976
p201_K,2.3365305580737762e-08,31.773692735948643,0.0,0.12179374914004962,4.8458966503851835e-05,9.981431e-06,0.03046304738428688
p201_Q,6.511820236631045e-36,171.49980882409338,0.0003844836232521043,0.2159771477153725,1.9628327617053182e-05,0.002244419,0.054656419654713934
p201_R,0.6776774752380843,0.17286785594072412,0.0,0.0,0.0,0.0,0.0
p201_TLAVIDMHSFN,0.08036340834559731,3.064638335931589,0.0,0.0,0.0,0.0,0.0
p202_L,3.681162282685082e-26,119.48868628709755,0.0,0.04511778641922608,6.12795337045649e-06,0.0,0.011280978593149133
p202_S,9.362166915220419e-101,595.635803182324,0.06192889775713898,0.10958590128904001,0.00011485553436455491,0.0016094744,0.04330978225027276
p202_T,0.3704732515937488,0.8029030829708792,0.0,0.0,0.0,0.0,0.0
p202_V,0.00010554365297332312,15.173500311327551,0.0,0.10893699752568581,5.8148238605992474e-05,8.060494e-09,0.02724878845619635
p202_Y,9.713063484756189e-46,226.76165075605707,0.0,0.06611251959530676,1.2578781155746611e-05,3.3539771e-07,0.01653135844354436
p203_Y,6.995785556419716e-07,24.980261842108717,0.00015589610841078782,0.25274765529016163,0.000288198007122786,0.0010179458,0.06355242380607455
p204_I,7.593509990981838e-08,29.406903245268122,0.0002751533507899096,0.07914098830363286,1.5385944141990204e-06,0.0,0.019854420062209242
p204_L,0.0016709723134509765,9.94155930609761,0.0,0.07450428842042511,3.727195431842913e-05,2.7736012e-06,0.01863608349398129
p204_M,1.37350633719575e-33,158.85207138450536,0.0,0.0057770603925250035,8.167609889690822e-06,0.0,0.0014463070006036736
p204_T,2.382076140887365e-54,277.6336555491282,0.0,0.17667040392774466,0.0001597124793651055,2.5344254e-06,0.04420816270813949
p204_V,0.00010430695972940193,15.19614531105702,0.0,0.044824910053733714,0.0003653357420308408,7.620644e-09,0.011297563354102057
p205_GFRTKHQSNP,1.2418950427917986e-11,47.15701115572634,9.011956654124715e-05,0.09281754703752243,0.0003107078352518299,6.707173e-05,0.023321361541639923
p205_I,3.559224850310879e-45,223.5103411972495,0.0,0.03805748439353154,7.599357265227833e-05,9.525573e-06,0.009535750884733489
p205_L,0.0007421913954305052,11.461413874169889,0.0,0.10168930480975993,8.329526885750955e-05,1.0900456e-05,0.02544587513362706
p205_M,0.03443571147315874,4.4869598342766706,0.002020589765401456,0.1526798780457884,0.0012236803056403741,0.0006704179,0.039148641506817995
p205_V,0.004274937024462804,8.206082498837306,0.0,0.02906547191904566,9.67961409196582e-05,1.2229224e-05,0.007293624320994359
p205_W,1.6952242549513975e-40,196.91905869736118,0.0,0.24324868206134978,2.985139713422662e-05,0.0038427375,0.061780317746046386
p205_Y,0.0010022578984003726,10.896864789495842,0.0,0.10615458563979673,6.982881434059404e-06,7.9759053e-07,0.026540591527940322
p206_C,9.36208891134335e-15,62.169175633161885,0.0,0.0598293875349276,0.00031632883354719296,0.0,0.015036429092118699
p206_F,1.3422671634745397e-63,334.9395732264706,0.0,0.015386904483430084,4.7041321658094114e-05,1.13225695e-07,0.003858514757695916
p206_I,0.0013803782662490825,10.297795883703012,0.0,0.07499687536447718,3.6937448710460155e-05,5.9200964e-05,0.018773253444230163
p206_T,0.0002816046751579197,13.296493698083214,0.00028407457441392023,0.378432464066943,7.813179224672314e-05,0.0006572469,0.09486297933684114
p206_V,2.7775561512026416e-30,141.13537549536144,0.0,0.0962141962987041,0.00031973897745729123,2.454372e-06,0.024134097412028325
p206_Y,1.3452011772727153e-12,51.76405263713126,0.0,0.05248482508368373,1.395179742242378e-06,0.0,0.013121555065856494
p207_L,1.0615885864352502e-06,24.154026213209338,0.0,0.1976173374704696,0.00021694105740108297,0.0059393123,0.05094339770177377
p207_M,1.7482506102086922e-12,51.21924718027904,0.0,0.17689949536342972,0.0019081014159027106,0.0,0.04470189919483311
p207_Y,3.627960275715779e-18,78.91517852917723,0.010229787036489833,0.15519974162367545,2.1237981982820484e-05,0.0,0.04136269166053702
p208_LATIVGYCW,0.6005920666760804,0.27430350672935716,0.0,0.0,0.0,0.0,0.0
p208_M,3.2767789718531744e-31,146.0776296123637,0.0,0.08434076753499051,5.595077683938761e-05,2.818081e-08,0.021099186623160116
p208_S,6.5830160915202736e-12,48.46948713649294,0.0,0.07863125628262636,2.590372855137418e-05,0.0,0.019664290002794436
p209_C,4.95662349688311e-06,21.11665262421063,0.0,0.10098307789152038,8.302418999639631e-05,0.00039290238,0.025364751115517694
p209_F,0.011508619621795495,6.412066881540892,6.903735316216214e-05,0.02699719312093927,6.141201095399898e-05,6.877149e-08,0.006781927814136762
p209_I,0.5901438027701726,0.2903337312506526,0.0,0.0,0.0,0.0,0.0
p209_L,0.08098963321741447,3.051979705824907,0.0,0.0,0.0,0.0,0.0
p209_S,0.7487029522277021,0.10268886701441639,0.0,0.0,0.0,0.0,0.0
p209_T,9.212308672910781e-05,15.434927885252918,0.0,0.017215619644803924,4.255380798774403e-05,1.176981e-05,0.004317485815708896
p209_V,3.9785683759356274e-08,30.70346992796496,0.0,0.044320428770298737,0.0004023479385280191,9.770355e-05,0.011205120065320599
p210_C,0.07893548385133531,3.0939054641270207,0.0,0.20772023700952957,0.0002829154548469201,1.1008429e-05,0.05200354022341483
p210_F,1.1610713194327551e-38,186.66564523908832,0.0,0.1066809001594876,0.00011146679686938533,1.0602806e-05,0.026700742440479184
p210_L,0.867841037165832,0.027705706406691656,0.0,0.0,0.0,0.0,0.0
p210_T,1.3942452011142255e-18,80.97743023149788,0.0,0.04654083206652055,2.5490153946169058e-06,0.0,0.011635845270478791
p210_V,5.370488058880902e-08,30.101271412210174,0.0,0.03259668742868005,3.113278627000222e-05,0.0,0.008156955053737513
p210_W,0.6418928329807168,0.21642554234722228,0.0,0.0,0.0,0.0,0.0
p211_C,0.19179274914797517,1.7064279778299647,0.0,0.0,0.0,0.0,0.0
p211_H,1.1640089154342394e-12,52.06498638729307,0.0,0.05248482508368373,1.395179742242378e-06,0.0,0.013121555065856494
p211_S,6.36499882661416e-49,245.29902731497617,0.0,0.05781246754152024,0.0007239359957703468,0.0,0.014634100884322647
p211_V,3.55553774857107e-09,35.57714635502807,0.0,0.17000421816763275,0.00308066328193151,0.033068947,0.05153845723589857
p212_F,5.778881790842462e-10,39.27238829323362,0.0,0.021533545671999235,0.0014796605219147654,0.0,0.0057533015484785
p212_Y,0.00013108316478084868,14.75756277994945,0.0,0.12248838337427606,0.00012771458292145255,7.6461314e-05,0.030673139817840752
p213_C,1.3460405262997325e-07,28.26153967143011,0.00036378545519067415,0.13180313346852784,0.00026015680312888484,5.89278e-06,0.03310824212668231
p213_F,4.461616963244442e-27,124.25870311303277,0.0015229936931371007,0.030271904829195076,0.0014166595891134488,0.000117701726,0.008332314959282666
p213_GW,0.054913944746930766,3.6945805805683065,0.0,0.023714198046676616,1.837169884592964e-05,1.9805658e-08,0.005933147387795026
p213_I,0.3084880924126656,1.038346111152192,0.0,0.0,0.0,0.0,0.0
p213_L,0.6021046160556053,0.2720309602054702,0.0,0.0,0.0,0.0,0.0
p213_M,0.20078062080435394,1.639155867179131,0.0,0.0,0.0,0.0,0.0
p213_S,0.43416449565756154,0.6122209598621186,0.0,0.0,0.0,0.0,0.0
p213_T,0.01820349442872869,5.597472405239939,0.0,0.06874118240427075,3.0312551864967312e-05,6.655619e-06,0.017194537643788352
p213_V,6.000824547730822e-17,72.89401510556164,0.0,0.040724606891519376,0.00013946851314014858,2.5106097e-05,0.010222295375510474
p213_Y,0.00030286860293211507,13.15797295486441,0.0,0.1908107705092786,4.86793792396463e-05,5.2689425e-06,0.04771617970774437
p214_CGS,0.3391711642161864,0.9145614373559176,0.0,0.0,0.0,0.0,0.0
p214_F,0.03158695502466607,4.635651873205198,0.0,0.0906251277863845,2.2929252544251065e-05,2.710455e-05,0.022668790397257055
p214_I,0.0007336334318496235,11.483252836370102,0.0,0.0972216955840993,0.00015236569725789106,1.0632538e-05,0.02434617345480206
p214_L,2.479132863689097e-10,41.00154781437967,0.0,0.2415781394587766,4.182072999590979e-05,7.801151e-06,0.0604069403348898
p214_M,1.3808152787019389e-06,23.634049463187974,0.0001047801288540632,0.04581876151663295,0.00023956915224714257,0.00060249807,0.011691402216552097
p214_T,0.012397593599249399,6.279097706590196,4.0489077247197826e-05,0.14892339696765897,6.272537620080721e-05,4.1747713e-05,0.03726708978355481
p214_V,6.011724456836702e-16,67.98198157362896,0.0,0.11547413767034931,0.00024098110856875238,1.7505652e-06,0.028929217336019834
p216_ITAGN,0.009207648837068417,6.812356412823506,2.3305977169973123e-05,0.07283702092993329,0.00014853042625885432,6.204136e-06,0.01825376536730135
p216_L,1.3427881173822525e-13,56.57248167784674,0.0,0.14451633416447668,2.878259553733687e-05,4.045448e-05,0.03614639281019549
p216_M,1.1643880425578871e-27,127.30772299013724,0.0,0.08186247628545501,0.0009261828091338311,4.6921534e-05,0.020708895157095803
p216_V,0.00018363897093735736,14.112077913048637,0.0,0.1997581746287242,6.280689568118563e-05,2.2260679e-08,0.049955250946271006
p217_CMN,0.0254454523646901,5.010456369895293,0.0,0.17727619863710273,6.439315629442783e-05,2.8100699e-06,0.044335850465817485
p217_F,1.8849393080828588e-07,27.589147110048966,0.0003776323257211031,0.10817209001324611,8.925274174306303e-05,3.2728653e-06,0.027160561986513145
p217_G,0.009557452497030697,6.745276530299932,0.00016380674804432395,0.04372084152882043,0.0003540538666366363,3.7662783e-06,0.01106061710544255
p217_I,0.7374031565900176,0.11249370077578179,0.0,0.0,0.0,0.0,0.0
p217_L,0.0725271100985147,3.232679680071305,0.00024792185498639967,0.11632155551626353,0.00014226860880027994,0.000105512496,0.029204314618960784
p217_S,1.8731746844118082e-19,85.3225612396261,0.0004312353063833087,0.12610293985147786,0.0002368328009877978,4.7133504e-05,0.03170453536577913
p217_T,0.0005368917359915316,12.072326076952718,0.0,0.09639663435131166,8.883767232339187e-05,6.8671216e-06,0.02412308478629772
p217_V,0.008927948752296236,6.867902136441747,0.00022603848430945972,0.0019440820335688447,8.16779869003105e-05,9.816077e-05,0.0005874898196026829
p218_I,2.6594175765070378e-11,45.585857353455374,5.260607250541248e-08,0.04894653703118696,0.00021060976878818933,1.39190315e-05,0.01229277960939109
p218_L,1.5733669045464035e-16,70.83570706772691,0.0,0.03593485383656428,0.0003088224635952661,4.9954547e-06,0.009062167938708366
p218_M,2.299730006845853e-12,50.64973259461207,9.366388219494944e-05,0.05911270259156529,9.183727671529847e-05,3.4740653e-05,0.014833236100884795
p218_T,0.21474312464237003,1.5413940662559296,0.0,0.0,0.0,0.0,0.0
p218_V,5.781143931009983e-11,43.98755886203996,0.0,0.08877155318492994,0.00014789964944753462,3.3388233e-06,0.022230697914409944
p219_MLTFASP,0.31526703265524564,1.0096393798711663,0.0,0.0,0.0,0.0,0.0
p219_V,0.005500299219649618,7.745618320051588,0.0,0.13760005634053804,3.981235873103413e-06,1.4024317e-06,0.034401360002036585
p220_F,2.130672716547307e-09,36.61621075733232,0.0,0.005168592738559151,0.0001718703634903924,1.10450665e-05,0.0013378770421268564
p220_I,0.15134016031118208,2.062293686489185,0.0,0.0,0.0,0.0,0.0
p220_LTMAGY,0.7731751283983458,0.08312461901228806,0.0,0.0,0.0,0.0,0.0
p220_S,0.1746083784912621,1.8459236774315575,0.0,0.0,0.0,0.0,0.0
p220_V,0.8182776165003351,0.05282181169887413,0.0,0.0,0.0,0.0,0.0
p221_L,6.375688502177481e-35,166.0883074789993,0.0,0.016853090579835105,6.802387951651675e-06,8.7711625e-05,0.004236901148292498
p221_VIGWTSCRA,0.22836406738179016,1.4530562382523908,0.0,0.0,0.0,0.0,0.0
p221_Y,3.093745985558169e-05,17.542784052078833,0.0,0.045413442271522386,2.3245270497049888e-05,0.0,0.011359171885504858
p222_F,2.1901042659710937e-23,105.19649197198,0.0,0.1609874166430187,0.00010579728026192576,0.0,0.04027330348082015
p222_S,1.3056771394736167e-10,42.31486669146755,0.0,0.08092836829488388,3.336860343630244e-05,0.0,0.020240434224580047
p222_T,0.00040301712473145355,12.615376387945933,0.0,0.0866859356133604,3.2527413089610026e-05,0.0,0.0216796157566125
p222_Y,4.248626706341622e-22,98.63831919064056,0.0,0.25073379822992903,1.0214010606413572e-05,0.0,0.06268600306013386
p224_F,1.2678483274790601e-05,19.27848674012545,0.00046837467089376976,0.300758964720173,0.00011138683253010091,0.0002564886,0.07539880370451406
p224_G,1.8909923070600613e-10,41.55589337659649,0.0,0.04912483554548357,2.660465988496954e-05,0.0,0.012287860051342135
p224_I,0.00026414995227488696,13.41833971486014,0.0,0.012084585456978074,1.574738049453076e-05,0.0005384137,0.003159686635344971
p224_L,5.906876657602365e-34,160.83580877072896,0.0,0.24918794071490133,6.643367068973947e-05,2.7534218e-06,0.062314281951839745
p224_S,3.0968395338667363e-156,1093.6183508458828,1.0,0.497904904696225,1.0,1.0,0.8744762261740562
p224_TVYCQM,0.08483712667068329,2.9764567392816055,0.0,0.0,0.0,0.0,0.0
p224_W,4.1194859581853175e-06,21.479941479070146,0.0007377373749052345,0.031163923156034654,0.00011332013526434807,0.0,0.008003745166551059
p225_F,3.167071878318855e-15,64.45872040826535,0.0,0.18489931697150294,1.063130648004733e-05,2.4515302e-07,0.04622754835775022
p225_KGHYCMLT,1.1260090055955601e-06,24.037447908318313,0.0,0.08719861734742422,7.491700663545755e-05,3.741419e-08,0.02181839294206219
p225_N,0.39412588506541457,0.7268916572808414,0.0,0.0,0.0,0.0,0.0
p225_Q,1.4337510545879594e-30,142.66182086614793,0.0,0.1391191003438362,2.5493895808347885e-05,1.1211955e-06,0.03478642885878858
p225_R,0.0014309067470894485,10.230683689386217,0.0,0.08819258578155786,5.278750674363568e-05,6.70957e-08,0.022061360095999846
p225_S,0.0008175595825134486,11.27941567816098,0.00024206298529497953,0.05579901061026816,0.0002286343539471557,1.2283615e-06,0.014067734077752036
p226_L,3.068772273787279e-13,54.84411782680593,0.0,0.08741597500042585,7.896333234590784e-05,0.0,0.021873734583192937
p226_V,6.744635890569642e-43,210.47999092618025,0.0,0.03360176178193817,2.6757502867564232e-08,0.0,0.008400447134860258
p227_I,0.005923797155270729,7.6105707935431175,0.0,0.03728844066966895,8.000283384873851e-05,0.0003569031,0.009431336649870042
p227_L,6.333916098403636e-33,155.26871324658694,0.0,0.11293880079068652,0.00033408587310255594,0.049709104,0.04074549766632779
p227_V,0.26424234216364706,1.247995393964783,0.0,0.0,0.0,0.0,0.0
p227_W,1.5019191838374615e-44,219.9171537653085,5.557445435015495e-05,0.009733455098847908,8.217317711232392e-06,0.0,0.0024493117177273238
p228_C,2.450324324008267e-06,22.50215859675767,0.0,0.08296841537125907,9.58932266888897e-06,1.0921166e-06,0.020744774202626173
p228_F,0.1323139839615254,2.2693754410134828,0.0,0.0,0.0,0.0,0.0
p228_G,1.6163711366113432e-42,208.32379221481472,0.00015566803268094262,0.09060072912809597,4.476261196102457e-05,8.537643e-05,0.022721634050338193
p228_I,0.009453969062171164,6.764854968772999,0.00024855394573526564,0.0042732269410905325,0.00010661231880875571,2.0828858e-05,0.0011623055160077062
p228_K,1.1512511327738804e-07,28.57401843614674,0.0,0.34977760254863405,2.203730944357289e-05,0.0,0.0874499099645194
p228_L,1.1081409700217261e-27,127.42029191719267,0.0001418694872170539,0.12601198087420565,3.5321318511088594e-05,3.6418416e-05,0.03155639752401592
p228_M,1.82417528022059e-05,18.569356814390986,0.0,0.17027868205668248,0.00015167006900957018,7.3215665e-07,0.042607771070585505
p228_Q,4.9319950686050095e-11,44.3142244728082,0.00043905230626478686,0.09515470731420235,7.1801602989447205e-06,1.284342e-05,0.023903445800275556
p228_R,1.7402626010511593e-07,27.748523656806768,0.0,0.18246742533164956,0.000161599478797451,6.331689e-07,0.04565741449483553
p228_S,3.138035417231789e-28,130.29331827683453,0.0,0.1088383576331972,1.4841127197117633e-05,4.212247e-06,0.027214352751835945
p229_H,4.458524215789298e-31,145.36396456359293,0.0009349453174742632,0.1596567032548231,0.0009306687108960699,0.0,0.04038057932079835
p229_K,0.7993199892634942,0.06467083380586795,0.0,0.0,0.0,0.0,0.0
p229_Q,1.8219423874259946e-16,70.5229377956581,0.0,0.03135870555902988,3.662948196567772e-05,0.0,0.00784883376024889
p229_SMEVYPRD,0.0017611502911138552,9.84373036899368,0.0,0.03672036852459589,5.918124824361779e-05,0.0,0.009194887443209877
p229_T,0.5387149646387026,0.3782243601336689,0.0,0.0,0.0,0.0,0.0
p230_L,6.771633590375778e-80,443.0099172010008,0.0,0.13507085502343683,0.01685183392249743,2.3323423e-06,0.03798125532206338
p230_V,0.0007523849593683058,11.435731348001926,0.0,0.012099526235662317,3.253633725777832e-05,8.435775e-08,0.0030330367326677756
p231_F,1.4656552005769935e-26,121.56731190955045,0.001192116430286676,0.24481460682383888,5.215036164649517e-05,0.0,0.061514718403943014
p231_K,0.00012306799169531398,14.878582697640999,0.0,0.08454040527232544,4.9332566296403015e-05,9.395623e-09,0.021147436808561196
p231_R,0.08129870797848186,3.0457709231231225,0.0,0.0,0.0,0.0,0.0
p231_S,0.01621808401697765,5.801523759551684,0.0,0.037016339779888024,7.234699430152812e-05,0.0,0.009272171693547389
p231_VHMIQCYGWT,9.109862435166594e-08,29.04233002982933,0.0,0.12877870429662341,0.00026833477802053256,3.913938e-05,0.032271544613794244
p232_E,3.158163049401869e-07,26.56054921015927,0.0,0.22595676262330758,1.551242155681867e-05,1.6067263e-05,0.05649708557685354
p232_M,0.003931867402643313,8.359443346663385,0.00011100265347810363,0.21261832749368278,0.00010279009008428948,1.7115841e-09,0.05320803048720732
p232_N,8.807090442707816e-11,43.12273509466924,0.0,0.045774493660191345,0.00012829255315808426,0.0,0.011475696553337357
p232_S,4.27862395084906e-05,16.91457030243575,0.0,0.029902504193988638,5.015727360105359e-05,3.501905e-06,0.007489040843143588
p232_TLQDRHVKCIG,0.0024357268108026187,9.241971691527095,0.0,0.052091787941742976,7.312749176360326e-05,1.1107383e-06,0.013041506542939988
p233_H,9.686125662603063e-05,15.338482918329209,0.0,0.09521781196658102,2.962327050200783e-06,0.0,0.023805193573407806
p233_V,0.34025693223543496,0.910456174824686,0.0,0.0,0.0,0.0,0.0
p234_E,4.010366149661857e-05,17.03989776185049,0.0,0.15172306275465258,1.1681214845256014e-06,0.0,0.037931057719034274
p235_K,0.8090304324637414,0.05844312184203295,0.0,0.0,0.0,0.0,0.0
p235_M,1.5069624267728572e-11,46.75749443768062,0.0,0.041821073069349825,1.1108082709889479e-05,0.0001108172,0.010485749588024574
p235_QSTNLDEH,0.048336730777261055,3.9091734409331944,0.00012826185489249115,0.050561927883659034,0.00026739485815299594,7.912917e-06,0.01274137437836903
p235_R,0.2597878276211142,1.2715360405657947,0.0,0.0,0.0,0.0,0.0
p236_M,0.0006228459022217715,11.791860347520023,0.0001197024234165893,0.13661472443115596,1.0982721283714579e-07,0.0,0.03418363417044634
p236_Q,1.0151191825465037e-06,24.242622156319943,0.0005637186048459144,0.16903030151400472,4.570509600184255e-05,8.5464904e-08,0.042409952669939244
p236_SNGETRPVILY,0.01622865064525645,5.800370738444938,0.0,0.0022207179997910022,1.7026928775983388e-05,0.00070620567,0.0007359876492401271
p237_M,1.0817770920153172e-14,61.86440291128256,0.0,0.03577285936060463,6.681224683411628e-05,0.0,0.008959917901859685
p237_Q,5.612538544875578e-05,16.389973579484728,0.0,0.09521781196658102,2.962327050200783e-06,0.0,0.023805193573407806
p238_EGSLPTVM,0.007563863387411557,7.1672022973441525,7.675202918331978e-05,0.1517553661218558,0.0005487540894811328,5.8792342e-05,0.03810991614570892
p238_K,2.511514302424506e-31,146.69442540540356,0.0,0.027356477015110098,2.764283663120002e-05,5.39749e-08,0.006846043456660573
p238_Q,0.9006165738114308,0.01560469198195151,0.0,0.0,0.0,0.0,0.0
p238_R,0.013917277287250859,6.073040011638398,0.0015120997195680929,0.14910862044174394,0.0011067687824639122,0.005449839,0.03929433197002621
p239_D,0.01008968870814267,6.647900461371957,0.0,0.11390546215902972,7.811363650735071e-05,0.00015034383,0.028533479905190697
p239_E,0.4005967945548794,0.7072236332017564,0.0,0.0,0.0,0.0,0.0
p240_N,3.2998613417188743e-38,184.1473216066257,0.0,0.09733947732532088,1.0488205809592395e-06,5.76368e-05,0.024349540736523706
p240_S,1.791671868586551e-18,80.43610966430977,0.0,0.11853893172422024,5.568553686262768e-06,0.0,0.029636125069476625
p241_D,1.870498189739769e-07,27.604493283531127,0.0011785224804071804,0.0041896789154126715,0.0003858434323142002,0.0013538804,0.0017769813046647292
p241_E,2.399215971548546e-68,365.4665116167284,0.0,0.013162610914186594,7.078360438265715e-05,8.798486e-06,0.00331054825121875
p241_K,0.00996712313491381,6.669849137691405,0.0,0.06394807484885107,2.5051454418172637e-05,0.0,0.01599328157581731
p241_Q,3.8502589975906594e-31,145.7038123803039,0.0,0.06684302584302232,7.438052900309275e-07,3.2155476e-09,0.016710943215964988
p241_VSRNGTH,6.306151057719241e-07,25.186136277911924,0.0,0.03869424273033738,0.0004517293949112884,0.012562726,0.012927174454559027
p242_D,0.01666276822809884,5.753658809057173,0.0,0.09084976361572979,0.0003528904047923921,0.0,0.022800663505130544
p242_NKGEMVHL,0.006899469178881637,7.333687505468356,0.0,0.09605530424312453,4.6801590638509626e-05,0.0002558047,0.024089477636603584
p242_Q,0.029823976782429134,4.734871061173468,6.679050085360173e-05,0.00950527723546469,1.6234223084669292e-05,6.5646377e-06,0.0023987166492795407
p242_S,1.897173728548853e-08,32.19314928433376,0.0,0.06635302627486579,0.00017203949983419047,0.00011005091,0.016658779171358638
p242_T,0.0006156762898883286,11.813708728666052,0.0,0.038028963588211624,0.0002174353242201499,0.00013858307,0.009596245495408334
p243_KGDCVEMLR,0.10459073162640967,2.639587505675391,0.0,0.0,0.0,0.0,0.0
p243_N,1.646705566941824e-14,60.97902125119714,0.0,0.046916955837589654,3.41312945210481e-05,4.511589e-05,0.011749050755151948
p243_Q,0.06606689402982945,3.3865991996596048,0.0,0.10592023037996784,1.206723173313156e-05,2.0558346e-06,0.026483588361564447
p243_S,2.434279705255233e-07,27.079116303893052,0.0,0.04577720900821798,5.0219757257892387e-05,3.5764692e-06,0.011457751308675384
p243_T,2.451401508776117e-05,17.994576994243968,0.0,0.09170579007880474,7.673944952634374e-08,0.0,0.022926466704563567
p244_G,0.3535922068578462,0.8614391956887663,0.0,0.0,0.0,0.0,0.0
p244_K,0.6947267850987058,0.1541175049860027,0.0,0.0,0.0,0.0,0.0
p244_N,1.2946217194449135e-05,19.23770827617371,0.0,0.1849271420465245,0.0004502499344090458,0.00018429063,0.04639042065396685
p244_Q,6.658084284457591e-05,16.060305706229933,0.0,0.03440891463997197,2.6682607629950404e-05,0.0,0.00860889931190048
p244_SEDRTHVLI,1.2620463893808107e-06,23.811852772543105,0.00034986565605530143,0.32424733898857816,0.0002315056583775296,0.0031876846,0.0820040987195267
p245_R,0.0005279466923474938,12.104087929228198,0.0,0.11238966408120774,2.009126467485772e-05,1.3394549e-08,0.028102442185107792
p245_S,0.0017152407611665435,9.89288246765931,0.0,0.19045872117994342,3.5173075645176006e-05,0.0,0.04762347356389715
p246_TNIQRSLK,0.6792504162591066,0.1710853018594295,0.0,0.0,0.0,0.0,0.0
p246_V,0.0012117401115747878,10.54132858707723,0.0001867974173202985,0.14003029511320852,8.285236417825167e-05,0.0,0.035074986223676774
p248_I,9.753759906002397e-37,176.02525786891027,0.0,0.02186716838709236,5.3918451716033495e-06,8.000676e-05,0.0054881417474019045
p248_K,2.7760286266422212e-11,45.49742256454014,0.0,0.0531495475207502,6.092844379677593e-05,2.0337011e-05,0.013307703243871122
p248_R,0.006172417816698065,7.5358139162226845,0.0,0.04107034775422519,0.00020312804834884864,3.5362475e-05,0.01032720956929132
p248_VLMAGQFTHE,0.015663123815166564,5.863196733269901,0.0,0.23561120305044939,0.0009131432392729473,0.0,0.05913108657243058
p249_K,1.895982143620219e-09,36.853281243827325,0.0,0.0991206470903229,1.0327399738599961e-05,0.0,0.024782743622515372
p249_R,3.8271726633803315e-26,119.40099176703302,0.0,0.2222447342139411,0.00018277126611774777,0.00041480776,0.05571057830923897
p250_L,6.736087124085982e-15,62.8638346528501,0.0,0.06321759867495977,3.26438270399848e-05,0.0,0.01581256062549994
p250_V,2.2029715009980634e-05,18.202260720100117,0.0,0.06735213332017705,1.0801230397878443e-06,0.0,0.01683830336080421
p251_S,0.00025656251397447686,13.473863620494953,0.0,0.03988986475963951,6.401429833802565e-06,3.454331e-05,0.00998270237509414
p251_T,2.6138763068786252e-11,45.621455462331475,0.0,0.003773262559579553,8.93852796223322e-06,1.1890228e-08,0.000945553244442536
p252_R,1.7546981172172398e-06,23.160738517226665,1.1134066420712948e-05,0.183524605531634,8.868604725636705e-06,0.0,0.045886152050695087
p253_I,0.02271957453860166,5.208223693206281,0.0,0.07835797184759058,4.762130931020663e-06,0.00067310926,0.019758960809145253
p253_M,3.996488831883795e-05,17.046608931551837,0.0,0.026450180888258113,4.604932033336437e-08,0.0,0.006612556734394611
p253_V,0.0026210090770618618,9.106369091643886,0.0,0.08867893191123898,9.075658444536128e-05,2.3563748e-08,0.022192428014858157
p254_C,0.0008732612904263249,11.15551484438422,0.00031019519987027466,0.1025426786157087,1.014429016957778e-06,4.1904137e-08,0.025713482537183245
p254_ISTMG,2.684642582793779e-09,36.14701678753387,0.0,0.058711000072912405,4.026102406192882e-06,0.0,0.014678756543829649
p254_V,0.0003530976320025258,12.866326105135544,0.0,0.16914100536271753,0.0005673663278114543,5.169453e-08,0.04242710584626508
p255_I,0.00017348214331088714,14.220871761093239,0.00384575020982248,0.03170986975930895,0.00012743998665918548,5.7392435e-06,0.008922199799831092
p255_L,0.005298295698258893,7.813825365038887,0.0,0.08854103342367195,2.5202167826471934e-05,1.6161931e-07,0.022141599302702535
p255_M,0.0004106530228175546,12.579785400554766,0.0,0.09849450491110615,3.4950956694141716e-05,3.4324764e-06,0.02463322208605829
p255_V,0.10048834060097278,2.7034854023517796,0.0,0.0,0.0,0.0,0.0
p256_I,0.004490667032367984,8.115947309068337,0.0,0.0054495047144028355,2.707592375183204e-05,3.3054566e-05,0.0013774088011141346
p256_L,0.00040005236513319215,12.629379228282524,0.0,0.034881089544305584,5.7703036929715314e-05,9.223691e-06,0.008737004068171258
p256_M,4.989008345191129e-08,30.249107613386688,0.0,0.2552457287813432,3.8686220183312143e-05,1.6101878e-05,0.06382512921986117
p256_T,7.774376630870697e-31,144.0767659959473,0.0,0.08519231527532625,5.8918466222709894e-05,3.8997867e-09,0.021312809410333918
p256_V,0.1932231408468456,1.6954774830232848,0.0,0.0,0.0,0.0,0.0
p257_M,7.051777344117907e-05,15.949542443896059,0.0,0.19535962618289746,3.864274262828441e-07,4.5573524e-06,0.04884114249069101
p257_NLFS,0.7567342047793317,0.09601892352069251,0.0,0.0,0.0,0.0,0.0
p257_T,5.650514637284958e-17,73.02263249328317,0.0015023341295254864,0.06751110288420148,5.0692836399316765e-06,0.0,0.017254626574341722
p257_V,4.513203725332317e-21,93.44648561701406,0.0,0.08494494761073097,1.845635350215215e-05,4.628175e-05,0.021252421428949633
p258_F,0.007238531162942247,7.24676846625949,0.0,0.04945226385405792,6.869834791423185e-06,7.59843e-08,0.012364802418288159
p258_I,4.56960073299706e-52,263.91735592247977,0.0,0.2025336560460609,0.0004325263344335978,5.7408656e-06,0.05074298081152802
p258_V,0.00019218490423415362,14.025144850410026,0.0001341797323162518,0.12707281565414175,6.231643208938034e-05,1.0011677e-06,0.03181757824655559
p259_F,3.0488037433479616e-12,50.06453974806243,0.0,0.11896340309013992,0.00011842260515063697,3.102955e-05,0.029778213811543268
p259_G,2.6663820900120407e-53,271.3105274593657,0.0,0.04121222366793362,0.0022934552438139124,5.1921324e-05,0.010889400059057953
p259_I,2.6835978704849414e-08,31.49500452205275,0.0,0.046723404366208476,5.345150306834532e-05,0.00021175882,0.011747153671210958
p259_L,0.02714704810076854,4.89788063973003,0.0,0.04541275717746815,0.00016589548811949824,5.2331194e-05,0.011407745964829063
p259_M,0.07212848094014443,3.2417437712673935,5.55371113566129e-05,0.10706841859560841,6.895892397152294e-05,0.00021851482,0.026852857362408677
p259_S,5.046783788233964e-14,58.62406997397293,0.00015035542634015013,0.003268245137024748,0.00026752842971583036,6.5889935e-07,0.0009216969731083962
p259_V,1.7110491579277478e-05,18.694023379031346,6.138065199253732e-05,0.1061674555642042,0.00017500586928110307,8.9005e-05,0.026623211771271645
p260_FTQMVICN,0.9661962261326121,0.0017970445164956989,0.0,0.0,0.0,0.0,0.0
p260_G,0.45112209008774296,0.568340094329647,0.0,0.0,0.0,0.0,0.0
p260_L,4.076825909267337e-05,17.00807829792517,0.000673238253517906,0.23409795860894858,8.001339539939569e-06,0.0,0.0586947995505016
p260_S,4.236408126799606e-27,124.37608441063904,0.0,0.09116576376060294,5.876227484117049e-05,5.7385984e-07,0.02280627497382005
p261_W,1.966430315089287e-14,60.60542401795554,0.0,0.07996834429822602,0.0005220008965002468,0.0,0.020122586298681567
p261_Y,8.048297856938311e-25,112.55961633937032,0.0031907787318629674,0.5713184621681741,0.001922710115796269,0.0024465935,0.14471963612493582
p262_F,8.72975876579098e-11,43.140841913360546,0.0001575815912122077,0.3246529941707276,0.0007991677269943407,0.0007913892,0.08160028317325756
p262_I,0.8674668320448695,0.02786429382577595,0.0,0.0,0.0,0.0,0.0
p262_L,0.004892535104097905,7.959243955802361,0.007336075224120565,0.20516483611311578,0.008356314860033713,0.0281715,0.062257181597090636
p262_M,0.058664124920356275,3.5841174804776132,0.0004639114854765657,0.06783544183738692,1.2551546798019127e-05,4.594921e-05,0.017089463520215026
p262_V,5.652600218176651e-60,312.14739753159677,0.0,0.047127871099308515,2.810549781736871e-05,2.4695899e-05,0.011795168124006715
p263_C,0.0008772810655589295,11.14688548601739,0.0,0.2687737472593555,5.666163361797314e-07,1.0836648e-09,0.06719357873983912
p263_F,2.2173069197035325e-13,55.52320694166526,0.0,0.042228063379599036,4.6262101920341496e-05,0.00011335509,0.010596920142988393
p263_I,6.25126947924399e-05,16.181923434708395,9.06126446621532e-06,0.049759585764378736,0.00015055120276619074,1.93242e-05,0.012484630607766938
p263_L,2.587689006872767e-12,50.40482287644167,0.00043602612558715233,0.03949683489415012,0.0017131054482729742,0.00067322893,0.010579798850255123
p263_M,1.3904275556423674e-11,46.92367754323711,0.00013090897081750188,0.03143827055019955,7.844911674572085e-05,0.0027851567,0.008608196337890353
p263_T,5.959207578818584e-15,63.12258414889878,0.0,0.06112924676427934,1.2387168064680972e-06,8.405424e-09,0.01528262347162743
p263_V,0.0009008466731077353,11.097088628663164,0.0,0.018203892316729985,0.0007688990583760125,0.0005998256,0.004893154238811178
p264_C,0.24840158664660023,1.334048458338551,0.0,0.0,0.0,0.0,0.0
p264_S,7.998472986326452e-39,187.56564270310318,4.257678760414743e-05,0.02288684891410949,8.111184804348762e-05,0.0,0.005752634387439282
p265_Y,7.684027103201696e-82,456.54188714831497,0.005807224386955812,0.14563346301703878,0.0007527099999859744,0.006508515,0.03967547815509768
p266_G,4.434425173266117e-24,108.74872915638306,0.0,0.07657517449759924,7.538689744734083e-06,6.6096734e-05,0.019162202480428984
p266_L,0.5178890421521887,0.4184341755783669,0.0,0.0,0.0,0.0,0.0
p266_M,1.6810800175590528e-05,18.72844150794892,0.0,0.08009311719978962,1.0293192702854443e-05,1.2715973e-06,0.020026170497444207
p266_T,0.03493113217252954,4.462420458797731,0.0003526061957124095,0.06910510829986864,8.443630018980047e-05,0.0,0.017385537698942712
p266_V,6.316061059933684e-06,20.641284408199716,0.0,0.07019037344299986,9.200153186708326e-05,3.065214e-05,0.017578256778638016
p269_G,1.7721150701451376e-37,180.10772947717027,0.0,0.19278748074505203,6.733613238622846e-06,0.0,0.04819855358957267
p269_L,4.806208033795548e-15,63.576832987801794,0.0,0.06660437186684255,4.100187853859599e-06,0.0,0.016652118013674104
p269_T,2.114532746860547e-36,174.1784464032737,0.00988471699056157,0.65405362013706,0.0035339960013867763,0.011692314,0.169791161884432
p270_F,1.1269875973724358e-21,96.49122633936256,0.0,0.25583471019218645,7.68716561618517e-05,1.1307127e-05,0.06398072224392501
p270_G,0.004111339969529476,8.277585308991375,0.0,0.08694702806457852,4.104760338147072e-05,0.00010025514,0.02177208270285986
p270_I,0.01000833699993492,6.662437896537717,0.0003601038552999962,0.19236098322655418,0.0004170146969818704,0.00057770504,0.04842895170450329
p270_L,4.6696567991904346e-05,16.745391490814562,0.0,0.061753281598411244,1.8744271420679693e-05,1.843134e-06,0.015443467250954673
p270_S,0.028718952393267713,4.800234440866246,9.74719515044726e-06,0.05627381082858286,0.00023386149833563808,0.000483018,0.014250109379738458
p270_T,0.0581816852270012,3.5979002033730065,0.0,0.08159749298475846,5.2419908351652285e-05,0.0004125632,0.020515619026098674
p270_V,7.507274094356954e-06,20.3028303768852,0.0,0.022642434457191607,0.00010136728354882627,0.00020941069,0.00573830310754059
p271_F,7.47178077861486e-19,82.32536922033351,0.0,0.07913833253706844,0.00015174056290777628,4.890458e-05,0.019834744420366604
p271_I,6.470819860899242e-14,58.10244587199769,0.0,0.06849154515316205,0.0007898618429100135,0.0,0.017320351749018015
p271_L,9.00337980078434e-43,209.76690974231488,0.0,0.01852781518458912,2.797444128639176e-06,7.938029e-06,0.004634637664386893
p271_M,2.8066293547798847e-39,190.09894408270404,0.0,0.23061604827551246,2.5538280134627844e-06,4.5074114e-05,0.05766591905427809
p271_T,0.036329779113876776,4.395062454313911,0.0001651014958212545,0.13275144364369054,1.7481856317240045e-05,2.2786804e-05,0.03323920344996684
p271_V,0.0011873315326365221,10.579401814077169,0.026844464781011164,0.16669322674805725,0.01936081040681987,0.13484643,0.08693623398326063
p272_N,6.421981280814518e-18,77.68614908390003,0.0003164036529136913,0.11070801803494926,4.302339915664302e-06,0.0,0.027757181006944652
p272_S,1.6667449978808036e-13,56.120146633985236,0.0,0.049239021112619824,4.555445163012555e-05,8.2658566e-08,0.01232116455570404
p272_T,0.5478909589982875,0.36139002841271595,0.0,0.0,0.0,0.0,0.0
p272_VGCRID,0.0743994064578893,3.1908114619191927,0.0,0.024411503490231124,0.00011888490654671019,6.833526e-06,0.0061343054807409085
p273_C,3.8110456410765493e-44,217.59971265019018,6.729947711338396e-05,0.10158760520345951,6.591276257885296e-06,0.00086922024,0.02563267904898527
p273_F,6.421311214259235e-06,20.608895188255214,0.0,0.2184455429557375,6.360774816203763e-05,6.38612e-05,0.054643252975073636
p273_G,4.603971491799788e-05,16.77278837659615,0.0,0.13060754268767974,6.132213375132212e-05,6.338481e-07,0.03266737466738704
p273_IVQT,0.47028933039065934,0.5217495367114465,0.0,0.0,0.0,0.0,0.0
p273_L,4.087707869566974e-49,246.4289966014455,0.0,0.1761268135770176,3.6667549842291665e-05,0.0,0.044040870281714974
p273_M,8.440700724031012e-63,329.8802292090165,0.008825088304021326,0.10674616322995717,0.005733781732918895,0.17138438,0.07317235313364749
p273_W,1.9297810391332667e-06,22.973039255443055,0.0,0.06445890552840466,1.2835091117653526e-05,0.0007535911,0.01630633293692041
p273_Y,3.008690705765823e-07,26.65708014632484,0.000531799062471124,0.2655017205278077,7.333549913831792e-05,0.0,0.06652671377235428
p274_F,7.02569304380319e-42,204.70870967331095,0.0,0.061201182515853284,2.6883070403259608e-05,1.083286e-05,0.01530972461167053
p274_I,2.8096405801605524e-49,247.3866076929029,0.001110768189106926,0.25966069692825866,0.0003727524864330873,3.6943388e-06,0.06528697798565705
p274_LVSMQHCK,0.016085096415294074,5.816101947114459,0.0,0.08072519246690124,0.00048673714804064414,0.0007475877,0.020489879330342478
p274_T,0.06175492793712673,3.4985851914986386,0.0,0.2191356230143352,7.908483093665481e-05,0.00013658522,0.05483782326686995
p274_W,0.10128087178992459,2.6909209551510256,0.0,0.0,0.0,0.0,0.0
p274_Y,5.901408037621742e-07,25.317779197312383,0.0,0.02163148359360265,0.00016693133893707496,2.7618803e-06,0.005450294203208936
p275_FLYSETNC,4.2402724783263174e-16,68.72415035053059,0.002467507683401726,0.2646049943448983,0.0004909665722745472,3.720284e-05,0.0669001678603332
p275_G,8.408764456884983e-05,15.610534189312583,0.0,0.3530808169318357,2.5841412191290877e-05,0.0,0.08827666458600675
p275_I,1.607625601632721e-10,41.888449945058674,0.0,0.18794319864518383,0.0005599078862212337,0.0015868153,0.04752248046842804
p275_M,2.149415462027241e-45,224.7718563682213,0.0001888480704951853,0.22031992385677518,6.462765757670613e-06,3.445004e-06,0.05512966992426707
p275_V,1.3861489849601986e-06,23.626429720405813,0.0,0.05037490665784301,8.473534820750154e-06,2.0617808e-06,0.012596360493374235
p276_F,2.600356055948013e-13,55.19013833815919,0.0,0.00015325084638848386,0.0067270015216930115,4.1309695e-10,0.0017200631952946103
p276_I,1.44240553668874e-07,28.12338721551011,0.0,0.16032344130424828,2.6893743811815388e-05,7.337723e-05,0.04010592807006095
p276_MLQSCNGW,0.02839860434484753,4.819674717654047,0.0,0.2140240534933086,1.989730984006172e-05,2.8204686e-06,0.053511692817932284
p276_T,0.8411636895393566,0.0401861250522556,0.0,0.0,0.0,0.0,0.0
p276_V,2.3880046183845094e-33,157.55397412799016,0.0,0.016821652399898673,0.008939661407538333,8.693797e-07,0.006440545796778203
p277_C,0.1074755392130617,2.5962794645876746,0.0,0.0,0.0,0.0,0.0
p277_F,4.220571978886805e-06,21.432313484837206,0.0,0.055588527528439007,0.00015157632671575387,7.573068e-05,0.01395395863305214
p277_L,0.0018500081273878858,9.752187328071631,0.0,0.11701982929791858,0.00011657553912113608,7.482205e-08,0.029284119914771735
p277_M,0.006595436722821574,7.41542835373521,0.0,0.06307870395994059,3.0561917325247854e-05,8.848387e-06,0.01577952856597697
p277_N,1.8699842706235983e-58,302.72111742733017,0.0,0.0022342831168756148,1.7260072490988158e-05,0.0,0.0005628857973416508
p277_T,0.0007864458922173902,11.35240127511898,0.0,0.0006625253289016231,0.00010478425617579141,7.749495e-06,0.00019376477005075577
p277_YSVQIWH,0.004605455364542266,8.069771486180485,0.0,0.007225296343432448,4.6669312071758006e-05,1.952625e-06,0.0018184795701505657
p278_GAP,1.021613203711239e-16,71.75719156885029,0.0004072844422292719,0.027613862293622796,9.357046967923226e-08,0.0,0.007005310076580436
p278_H,0.0003452897571594954,12.90879660176142,0.0,0.0008164306486816261,7.197169181430183e-05,4.3888867e-06,0.00022319780680815846
p278_N,0.005607510594175649,7.7104504815517165,1.443829392291077e-05,0.004762418379408466,7.155823106245848e-05,2.8261425e-07,0.0012121743796614588
p278_S,4.686261728106711e-10,39.70013149857484,0.0,0.04123078997771267,0.000215223654378762,2.5006552e-06,0.010362128571829802
p279_E,0.00914253890671233,6.825130499857256,0.0,0.06785880611044091,8.357313967677432e-05,3.6020479e-06,0.016986495324493086
p279_K,5.463650776729867e-07,25.470787260544277,0.00010028555379722716,0.017490915898388616,0.0002990281049717257,3.6974e-05,0.004481800889533731
p279_N,1.192925936635577e-13,56.820276058839546,0.0,0.06897722187404286,0.0001544922763355868,0.0,0.01728292853759461
p279_P,6.751742401970856e-36,171.41376112587056,0.0,0.22037434719080912,1.071281275741042e-06,0.0,0.055093854618021215
p279_Q,6.935212918513172e-07,24.997508512435452,0.0,0.06438947283245004,5.4270686530458995e-05,0.0,0.016110935879745124
p279_R,4.065925304242679e-42,206.05285949859336,0.018225541772488463,0.24562327162627404,0.009585012203464005,0.041971937,0.07885144060604102
p279_TSAYGHLMWF,0.08871503805034212,2.9040006179134914,0.0,0.0,0.0,0.0,0.0
p280_G,4.577620279155814e-57,294.1724326806664,0.0,0.05240678939020657,2.546364140336794e-05,0.0,0.013108063257902485
p280_K,3.734359063834096e-14,59.256620863524375,0.00056600686506906,0.18061288075802642,0.0001923375476842244,0.0,0.04534280629269492
p280_N,5.624960134986949e-25,113.36164326363595,0.0,0.08169167478368428,1.756237455424444e-05,2.3010038e-07,0.02042736681465543
p280_Q,4.418382550240521e-25,113.90256324974786,0.0,0.13499900290408512,1.9940357875492325e-05,8.38083e-06,0.0337568310229821
p280_R,0.014565693868882198,5.992087736632183,0.0,0.2662203642750678,4.7547491639721146e-05,0.0006058893,0.06671845026792855
p280_S,0.11524275403466028,2.485753688220884,0.0,0.0,0.0,0.0,0.0
p280_T,9.170917660171782e-06,19.91116827788711,0.0,0.2348303499875183,4.036794411202667e-05,3.584824e-07,0.058717769103506526
p281_E,0.0003601922348075597,12.828550513303735,0.00023685272569849686,0.08656283994063704,0.00013027989928422837,0.0,0.021732493141404942
p281_H,7.136813363100675e-46,227.5347139031428,0.0,0.11805567260026721,7.75854008953496e-08,0.0,0.029513937546417027
p281_Q,5.725897292092016e-13,53.54256893030663,0.0,0.2400727542153838,5.432243491446926e-06,2.8764193e-09,0.06001954733382364
p281_S,0.010398730731627516,6.593751684214991,0.0,0.24692565848255435,0.00014622360500921218,4.8853202e-05,0.06178018382246977
p281_T,0.7917121861024967,0.06978506644030516,0.0,0.0,0.0,0.0,0.0
p281_VMGRDNIPFLK,0.18631311508186899,1.7492778569153622,0.0,0.0,0.0,0.0,0.0
p281_Y,5.916777137974471e-47,233.8008004393116,0.0,0.05329400595698115,1.8196029343594467e-06,0.0,0.013323956389978879
p282_D,0.0033123714496799154,8.674530422430488,0.0,0.0008743625721272625,4.44260684930438e-05,6.151657e-07,0.00022985095157378765
p282_E,0.0028400419187727213,8.958117076879597,0.0,0.021327289560904492,0.00013710095064528843,5.6127737e-06,0.005367500821324445
p282_G,1.2774124771435247e-38,186.43515985853085,0.002054027798599546,0.23531700166230177,0.00011921600379841166,0.0,0.05937256136617493
p282_IWRYMHVFQ,0.09178173519612634,2.849095182550124,0.0,0.0,0.0,0.0,0.0
p282_K,0.0022443141695946836,9.3935516225628,0.0,0.15236245043824426,2.0437920763848476e-06,0.0006863924,0.03826272166280587
p282_L,5.123333286568908e-44,216.8643324797166,8.108257573353064e-05,0.27921416396671145,0.0003330609420965411,9.160916e-08,0.06990709977342523
p282_N,2.632230324383099e-06,22.36107768231797,0.0,0.07760959736993929,2.899408800791974e-06,1.2951031e-05,0.01940636195239496
p282_P,0.5679863258434947,0.32631063496436696,0.0,0.0,0.0,0.0,0.0
p282_S,0.0016908360968292179,9.919557455278575,0.0,0.12979160646078364,6.258380884123645e-05,4.724043e-05,0.03247535767534138
p282_T,0.7449450826245892,0.10589468003570444,0.0,0.0,0.0,0.0,0.0
p283_I,0.02124275155725635,5.325941421206892,0.00014429537883517898,0.1973690654152571,0.00012990070456142042,9.09224e-07,0.049411042680666775
p283_K,5.1888131597759735e-22,98.19790882797281,0.0,0.1157528973586636,2.405296294085427e-06,0.0,0.028938825663739422
p283_L,3.7184871512157973e-69,370.7497764749427,0.0,0.1110177286736007,4.706199937196629e-05,0.0001383943,0.02780079624368247
p283_V,0.04503434541384269,4.028895320513814,0.00031290382548004024,0.2778177824025916,0.00010779125857020668,0.00018566927,0.06960603668886813
p284_G,9.66489153294504e-07,24.339813130473015,0.0003672078042710785,0.018347482566253716,0.00011649496519285861,4.06811e-05,0.004717966609274858
p284_H,1.4899531821112724e-46,231.47254438899958,0.0,0.05329400595698115,1.8196029343594467e-06,0.0,0.013323956389978879
p284_S,1.2873474504207831e-08,32.97493174277188,0.0,0.15079949371029447,0.0003717128178034757,0.00079766195,0.037992217120193086
p284_T,2.1857121050385434e-09,36.56441422204809,0.0,0.05143129059831584,0.0002742914560287375,8.8166225e-06,0.012928599669221044
p285_L,1.5103279798463992e-51,260.82113793951703,0.0,0.1252209468231001,0.0024892105920027844,0.0,0.031927539353775715
p285_P,1.3438489216825142e-28,132.22937431325087,0.0,0.18684278059326467,4.12733526869679e-06,2.3319501e-08,0.04671173281200859
p285_Y,4.655593946615106e-22,98.43677078771634,0.0,0.09410889528783169,5.061271685742948e-09,0.0,0.02352722508727584
p286_I,0.00034596214633276866,12.905101176217077,0.0,0.05447002628736893,4.5603161533774865e-05,1.5584563e-05,0.013632803502922857
p286_L,4.364094037168152e-72,390.06139661344014,0.016790717560940503,0.018145276024856688,5.315722908627974e-05,0.024729084,0.014929558759598076
p286_MFYHKWA,0.7650973182673884,0.08933337467244848,0.0,0.0,0.0,0.0,0.0
p286_Q,0.1848610884179763,1.7608789475695645,0.0,0.0,0.0,0.0,0.0
p286_R,3.3656833829040663e-81,452.06373750332483,0.0,0.04081982315646481,0.009084339861777225,0.0,0.012476040754560509
p286_T,0.46996861868139017,0.5225040917308852,0.0,0.0,0.0,0.0,0.0
p286_V,0.030527805160249683,4.69454358869632,0.0,0.003255897127418066,5.299096820113044e-05,3.0397625e-06,0.0008279819645378874
p287_F,1.0771896506025695e-06,24.125153948727384,0.0,0.02965114722592536,3.1210838646211234e-05,2.0798273e-06,0.007421109472956498
p287_L,1.0109072346653572e-49,250.00168216921833,0.0,0.10808996489463704,1.6680593018479323e-05,7.514188e-05,0.027045446841278836
p287_M,0.19796875484537585,1.659815833520876,0.0,0.0,0.0,0.0,0.0
p287_S,0.5824151339383943,0.30257156437012145,0.0,0.0,0.0,0.0,0.0
p287_T,1.2157463340514191e-07,28.465031538809647,0.0001376005306740561,0.018961290563771785,8.230046493246952e-06,6.0327424e-05,0.004791862141197989
p287_V,1.1594950323599593e-08,33.18600841340467,0.0004348247540847831,0.13516661644282765,0.00020473533757679545,5.47038e-05,0.03396522008358058
p287_YINGCR,0.9441896011255926,0.004903528841852618,0.0,0.0,0.0,0.0,0.0
p288_M,6.370557744368753e-08,29.75881200217253,0.004028306693454321,0.10409838855548473,2.6499475821030633e-05,1.1099202e-10,0.027038298708938025
p288_S,0.5715934397094642,0.3202651523159308,0.0,0.0,0.0,0.0,0.0
p288_T,3.785180236060387e-05,17.15180473513145,0.0,0.11723087325668287,5.529605161714476e-06,0.0,0.029309100715461146
p288_V,2.030874049065758e-74,405.64600877725275,0.0,0.07515799439290459,4.324059435654086e-08,0.0,0.018789509408374736
p289_I,8.606078243304838e-17,72.1234428467994,0.0,0.002778575371638125,7.586236258855013e-07,0.0,0.0006948334988160026
p289_M,2.249319781148705e-53,271.7546651844224,0.0,0.304430502085859,6.891953349079753e-05,0.0,0.07612485540483745
p289_S,0.13965123557120293,2.1857702869240443,0.0,0.0,0.0,0.0,0.0
p289_T,1.356290803010096e-11,46.9750114962643,0.0,0.10919933338144339,7.794349779726169e-05,1.9673352e-07,0.027319368403191085
p290_L,1.4829600274073805e-22,100.96075351747275,5.404366392569061e-05,0.022913232269130536,0.0006920321020496695,0.00030356005,0.005990717022026065
p290_M,7.913773228026578e-11,43.342350556255774,0.0,0.13901106275343525,9.80078065339158e-06,3.6938678e-07,0.03475530823021778
p290_V,0.5042129054509761,0.44642682025333663,0.0,0.0,0.0,0.0,0.0
p290_W,6.464466179424349e-18,77.67196858001255,0.0,0.25896251767798656,1.1874525881366046e-08,0.0006998446,0.0649155935428265
p291_P,3.1545695895702834e-15,64.46708821464453,0.0,0.1367920656186029,7.291173160107289e-06,0.0,0.03419983919794076
p292_GVYCIMF,0.1692147273579769,1.8930112789579803,0.0,0.0,0.0,0.0,0.0
p292_S,0.051513695947697315,3.8018947042011924,0.005378696278449184,0.6133985774041704,0.007290835580349791,0.0044858293,0.15763848463265506
p293_F,0.164167262203963,1.938665291009331,0.0,0.0,0.0,0.0,0.0
p293_IMT,0.7366239541109275,0.11318812778206926,0.0,0.0,0.0,0.0,0.0
p293_L,0.9965252866289729,1.897617891772435e-05,0.0,0.0,0.0,0.0,0.0
p293_V,0.16427080591288412,1.9377126633365784,0.0,0.0,0.0,0.0,0.0
p293_Y,1.47011297603198e-42,208.55755963017143,0.0,0.16879556855355274,9.177953989652442e-07,9.77856e-05,0.04222356798809534
p294_C,0.017244213024927835,5.693027003537489,0.0,0.2571059886935702,7.719787269457401e-05,0.0,0.06429579664156619
p294_F,1.5533337269165303e-39,191.53270320807908,0.0,0.09486085654288275,5.809817443000311e-05,1.621321e-09,0.02372973908465843
p294_LIVMYS,0.027382203260735767,4.8829035422417535,0.0,0.044771998421703686,0.00016686728428573345,0.00070482196,0.011410921915466927
p294_T,1.4794216426990315e-24,111.19832018913267,0.0,0.1445468435590708,0.00019725261119284943,3.9499155e-06,0.03618701152143614
p295_C,3.8383405542316334e-56,288.52269065335605,0.008045207598082008,0.6666077512581989,0.0011840272926987897,0.018551817,0.1735972008282012
p295_S,2.965777721291244e-51,259.07720357116034,0.018885298101360623,0.23136638360001316,8.661237672942816e-05,0.0014699931,0.0629520718067584
p297_G,0.0331809938004942,4.550801196242084,0.0,0.08165978512690723,4.6454218281435264e-05,5.176988e-06,0.020427854083296518
p297_LIFVMC,1.5875039228713968e-16,70.8166304793806,0.0,0.011361183809357633,6.8878330179066295e-06,0.0,0.002842017910593885
p297_S,8.38990639806298e-07,24.620030212036383,0.0,0.016231630285094126,0.00014620190778166136,0.0015832417,0.004490268483512189
p297_T,0.1893967223562555,1.7249865260360002,0.0,0.0,0.0,0.0,0.0
p298_N,5.858324044599898e-18,77.88373469015167,0.0,0.027727785514101395,0.0012818893488028118,0.0,0.007252418715726051
p298_S,0.00012176498046064905,14.899005523755244,9.80187676716169e-07,0.009485570982569,0.00013572667223219433,0.00016864197,0.002447729953359118
p298_V,3.1481603856518994e-50,252.99376325473776,0.0,0.00043594418318255486,7.449532787861973e-05,0.0,0.00012760987776529365
p299_C,6.916942071161971e-72,388.7337300680004,0.0,0.037168685863197645,4.510599658419288e-06,0.0,0.009293299115714016
p299_S,0.04888455198552502,3.8901517649706037,0.003928555844074201,0.09021602839758558,0.00022586269381476816,5.688749e-05,0.023606833606202655
p299_T,8.113333040679127e-20,87.14032530984723,0.0,0.10166628258508265,0.00017277113786054473,0.0,0.025459763430735798
p300_I,4.987889535235212e-47,234.23188460983576,0.0,0.10974518094559738,0.00018023051421361039,0.00022358962,0.027537250271080515
p300_L,3.2333596799723093e-06,21.956155554571293,0.00011169167729515098,0.056723763422621004,2.302447715557463e-05,2.9113906e-07,0.014214692679032814
p300_V,4.756043164459655e-20,88.30266324754002,0.0,0.018535551721036166,8.633482301599534e-05,9.978574e-06,0.004657966279480839
p301_I,1.4934250751187166e-28,131.98823284088306,0.0,0.020469214556894745,7.891183144342144e-05,2.5862187e-07,0.0051370962525513
p301_L,2.7569738798575207e-18,79.50668406971712,0.0,0.10886226755405781,1.1221758027329464e-05,0.0,0.027218372328021285
p301_Y,1.1116905370186563e-34,164.7739624228446,0.0,0.09791223132117788,0.00039852711677371063,0.0,0.024577689609487897
p302_N,3.4642553962951185e-53,270.627342054954,0.004628393958424968,0.3994467007596816,0.0006695083921690463,1.6083151e-05,0.10119017156542445
p304_I,8.291857014781487e-10,38.536173853892045,0.0,0.003066292052961707,0.000210363388703144,5.155572e-05,0.0008320527900482395
p304_L,0.00017834311560898495,14.168023820306127,0.0,0.0325875815269108,6.0675023135070924e-05,8.475085e-06,0.00816418290887427
p304_M,0.11638740515978903,2.4701629366771316,0.0,0.0,0.0,0.0,0.0
p304_V,1.0063101246570636e-07,28.843169903342414,0.002136079966422973,0.02660082849773675,0.00026021446049122055,1.6802995e-05,0.007253481479825433
p304_W,6.492675932245205e-17,72.72559766532143,0.0,0.024126084257936463,0.00013276184495719564,0.0,0.006064711525723415
p304_Y,2.069406207148325e-31,147.14368470157538,0.0,0.3646135800585942,0.0005215010028489948,0.0,0.09128377026536079
p305_V,1.7664594663976548e-05,18.631956268071143,0.0,0.10775588605019433,1.5207896599181178e-05,6.9197245e-06,0.026944503417812293
p307_C,8.450472194488826e-41,198.6176304294793,0.0,0.03617990509976032,3.298614195727775e-05,4.774653e-07,0.009053342176748896
p307_G,1.4733667557230434e-11,46.80404255778029,0.0,0.20833264943875984,2.160693576693966e-05,7.725472e-08,0.05208858340731124
p307_I,0.00015944991475517797,14.38225526305767,0.000169462563203145,0.05586628900224042,3.7367363324091905e-05,3.9474816e-07,0.0140183784192309
p307_SFLT,0.00018903128221166196,14.056762066009071,0.0,0.05783963823574125,7.594121292351283e-06,9.4751136e-05,0.014485495873309108
p307_V,3.8243672378955175e-25,114.22618392097249,5.321226325081534e-05,0.03373733894979872,1.7210851135137226e-05,1.5231667e-05,0.008455748432801417
p308_F,0.14564974198211564,2.121006660627565,0.0,0.0,0.0,0.0,0.0
p308_I,0.00011934860190296109,14.937469121402554,0.0,0.17783111441860655,3.630358459562222e-05,5.9342403e-07,0.04446700285680891
p308_L,0.30586703963340367,1.0496665943333383,0.0,0.0,0.0,0.0,0.0
p308_M,0.08091840840554751,3.05341411970194,0.0,0.0,0.0,0.0,0.0
p308_V,0.35286943256030856,0.864031091246029,0.0,0.0,0.0,0.0,0.0
p309_L,0.35587700140927137,0.8532933089015052,0.0,0.0,0.0,0.0,0.0
p309_M,5.710634993744904e-06,20.838836109258093,0.0,0.08224387152786071,0.00010011538177166243,0.00018094973,0.020631234160777133
p309_N,0.0007072840158886825,11.55215008215723,9.715950217540892e-05,0.02248814031670884,0.00012278461242681577,0.0,0.005677021107827766
p309_S,0.000883676430800543,11.133238599554598,0.0,0.03874867428775518,1.4828093592476164e-05,0.0,0.009690875595336913
p310_N,3.2160719247248754e-07,26.524379364547833,0.0,0.09010944271601075,2.1048557861526107e-05,0.0,0.02253262281846807
p311_P,5.134594078937567e-07,25.59414288169583,0.0,0.09010944271601075,2.1048557861526107e-05,0.0,0.02253262281846807
p311_R,1.7896589853703372e-42,208.07283610944606,0.0,0.20076581665162133,3.40207898273819e-05,3.996649e-07,0.05020005927659036
p312_Q,1.3261123035048235e-06,23.71395137614319,5.156679006692415e-05,0.05761212955618824,1.8406827487514243e-05,0.00013700618,0.014454777338438586
p312_R,1.1847784103336737e-13,56.834628978443476,0.0,0.3014816015073349,0.0001580677112178155,6.745529e-07,0.07541008594286155
p313_Y,6.0490276712830125e-06,20.725960463877307,0.0,0.038224522647130624,2.0933913653618407e-05,0.0,0.00956136414019606
p314_R,2.010346237956476e-07,27.460642034962902,0.0,0.049117636130717485,8.606620966104257e-05,1.802317e-05,0.012305431377370809
p315_G,6.345298980290001e-06,20.63223271165445,0.0,0.037106674578665094,8.572993181682201e-07,1.6720712e-06,0.009277300987301075
p315_GAP,1.937437852287477e-05,18.452105311918487,0.0,0.12356465963795936,5.726200777786229e-05,0.0,0.030905480411434306
p315_H,0.0013161720067806568,10.38676453733548,0.0,0.11052680144906266,6.891760266283275e-07,2.398461e-05,0.02763786880886721
p315_N,6.41956105961395e-29,133.91914614537959,2.2794800877307464e-05,0.06964721877457943,9.436853592791811e-05,1.9393422e-06,0.01744158036338499
p315_QVELRPM,0.08112867854034275,3.049183361155795,0.0,0.0,0.0,0.0,0.0
p315_S,1.7128070725670796e-05,18.69202338199334,0.0,0.03506789524464097,1.5426112111689338e-05,1.8406705e-06,0.008771290506814834
p315_T,1.2283960008004926e-08,33.06951214879026,0.0,0.0076083064151045415,3.241044816015263e-05,7.729608e-06,0.0019121116178447883
p316_GAP,1.937437852287477e-05,18.452105311918487,0.0,0.12356465963795936,5.726200777786229e-05,0.0,0.030905480411434306
p317_E,8.312720662274377e-54,274.3573473035825,0.0005169192381694743,0.3162937872963436,0.0006227243008885471,0.0,0.07935835770885041
p317_I,0.452188032279934,0.5656673079405977,0.0,0.0,0.0,0.0,0.0
p317_M,2.7054654689547843e-07,26.868652854703384,0.0,0.07590471623071737,0.00031235204616671494,4.4367468e-08,0.019054278161088
p318_L,0.30340449302974015,1.0604177119231935,0.0,0.0,0.0,0.0,0.0
p318_M,2.833911916082282e-07,26.776260364215716,0.0,0.10278434086370639,2.4616148839585238e-05,9.748955e-05,0.025726611641134066
p318_RVKFAYG,0.0002999030620906104,13.176690895393934,8.376390050632136e-05,0.009941558886797201,2.172822215267345e-06,0.000623022,0.0026626293957039476
p319_E,3.3540754668233057e-63,332.41695389043065,0.0,0.11796727819842465,0.0001487100256476004,0.0,0.029528997056018063
p319_K,0.00016933654817792687,14.267136809305146,0.0,0.160384539270778,2.3210792078138352e-05,2.411181e-06,0.04010254031095354
p319_NFMHRVGID,0.05004388630637723,3.8506298663502916,0.0,0.14150924382894672,0.00015519941441201812,8.480175e-05,0.035437311248753336
p319_Q,0.36922016585832285,0.8071202482705497,0.0,0.0,0.0,0.0,0.0
p319_S,0.0016071355033094197,10.014108983720563,0.0,0.07629108123032478,1.8684417334015462e-05,1.4989855e-06,0.01907781615829263
p319_T,1.9553931972171737e-09,36.79059302397409,0.0024639695875870535,0.04587498479320691,0.0007183431690551274,1.6815087e-05,0.012268528159285358
p319_Y,4.840953742326909e-11,44.352548629917735,0.0,0.0953088526403696,1.3983791346155891e-05,2.2283757e-08,0.023830714678868204
p320_CFGIYKDVR,0.012529985122157368,6.26013855913134,0.004299579144659192,0.06592977534664707,0.00012272572881270784,0.0005768107,0.017732222724646533
p320_L,2.278079149630037e-32,152.27798289956922,0.0,0.06718423782011285,7.296591435736361e-06,0.0,0.016797883602887146
p320_M,7.14120980355784e-29,133.67529356052964,0.0,0.004677982985238353,3.6705140567540054e-06,1.8460198e-05,0.0011750284242437305
p320_S,7.326562471634324e-08,29.47859883748368,0.0,0.15941903630219081,9.20290687699517e-05,2.4749547e-06,0.039878385081421816
p320_T,0.08580826453127051,2.9579795937827265,0.0,0.0,0.0,0.0,0.0
p320_W,5.701780240697409e-37,177.30863336553767,0.0,0.0016112457722631747,0.00106861549133107,0.0,0.0006699653158985612
p321_I,0.0011602440781022115,10.622593969276275,0.0,0.10797369582516785,7.246899648455122e-05,1.2162123e-05,0.027014581736241102
p321_L,0.9639510718825923,0.002043849589316106,0.0,0.0,0.0,0.0,0.0
p321_M,0.00010870466511854834,15.116813936661456,0.0,0.09287459685381287,0.0001575860782313518,2.5485642e-05,0.023264417143574644
p321_V,2.9853795546778266e-49,247.23159189642814,0.0,0.0013275972203813954,5.234571701647551e-05,2.514733e-08,0.00034499202118185577
p322_C,2.2448079037839315e-05,18.16568418787071,0.0,0.14396665789973023,0.002164475355419011,2.5922622e-05,0.036539263969216494
p322_F,0.6000893438934538,0.27506149642458577,0.0,0.0,0.0,0.0,0.0
p322_G,0.039227695034585924,4.263763273344032,0.0,0.09161902953691475,0.00037552446578451666,7.4475916e-05,0.023017257479758656
p322_GAP,0.5299500313246075,0.3948018864491306,0.0,0.0,0.0,0.0,0.0
p322_Q,1.3840054512326992e-06,23.629488428780526,0.0,0.12008504416741364,0.00014267872748316798,1.0216725e-05,0.030059484904988915
p322_SVELIRTNKDH,0.019594397746803903,5.467799343438072,0.0,0.16810250402628044,0.00016409382659174912,0.0025093819,0.042693994926944714
p323_F,6.992922663547158e-17,72.5669481929811,0.00016680489564787707,0.595106197837117,2.556720423628565e-05,0.0020441797,0.14933568741165737
p323_GAP,6.466866400908342e-34,160.6226915429972,0.0013376021243921743,0.46039855111063593,0.0002648352467849572,0.0032040058,0.11630124856304958
p323_I,1.9746032999819804e-22,100.32838135981838,0.00010397689983753377,0.09260287008161194,1.017111627565795e-05,0.00012050262,0.023209380179461416
p323_LTGDRNK,7.351756625266869e-12,48.240926739750904,0.001970209506724332,0.20162520225745076,0.001461098028225991,0.00013844331,0.0512987382762522
p323_M,0.8498379690035551,0.03586524320303602,0.0,0.0,0.0,0.0,0.0
p323_V,0.12230422525126196,2.392190626708281,0.0,0.0,0.0,0.0,0.0
p324_GAP,0.6313644893356887,0.23037686220520895,0.0,0.0,0.0,0.0,0.0
p324_K,0.0012251193394173451,10.52078789795835,0.0,0.061385013313625586,1.6303102111061837e-05,1.065274e-06,0.015350595422428531
p324_NHACTVDP,0.00036843130464959213,12.785613726701008,0.00018988736409731167,0.020990396933071438,3.5862083872574125e-05,4.780032e-05,0.00531598667533959
p324_Q,0.6873386824322558,0.16208912927575575,0.0,0.0,0.0,0.0,0.0
p324_R,1.4637179868675967e-10,42.08063382549162,0.0,0.05782096552653652,0.00010860701161710036,6.167322e-06,0.014483934965094966
p324_S,0.0013400268919537073,10.35320567415486,0.0,0.21835679648186065,0.0004236046437306451,0.00034428184,0.054781170741781605
p325_G,0.00473296742236043,8.019834654442255,5.208423305032417e-05,0.11689577435984837,3.2958668170183644e-06,0.0,0.029237788614928928
p325_GAP,0.0034918699115708473,8.577436579105228,0.0,0.17216711213714514,6.0370309837488036e-05,0.00021636146,0.043110960975592284
p325_K,1.068920852516932e-06,24.140403939871007,0.0,0.10864407499052152,9.854548075386636e-05,5.736317e-07,0.02718579852574971
p325_R,0.044872523158872454,4.034998030951494,0.0,0.013415868466244705,9.620756883075908e-06,9.138157e-06,0.003358656845059698
p325_S,0.07324703245563004,3.2164447917767607,0.0,0.011964216328160979,7.493620542784933e-05,6.0789982e-05,0.0030249856288832705
p325_TPNCDAVQY,0.004505627033828578,8.109861539073282,0.0,0.06506631215324973,0.0001222000993381673,6.0938786e-05,0.016312362759694825
p326_GAP,0.10531211175913525,2.6286359031617508,0.0,0.0,0.0,0.0,0.0
p326_K,0.009424366871189617,6.770495999525654,0.0,0.02830395843717188,0.00016539314303017145,0.0024624316,0.007732945783953981
p326_N,1.6509450339379943e-06,23.281070876162172,0.0,0.19777805702159804,1.720326803424792e-05,3.3351378e-05,0.049457152916927774
p326_P,6.841611084419793e-64,336.79929549523,0.0,0.155150317227651,2.076971609551884e-05,4.4990625e-09,0.03879277286070224
p326_Q,0.0004170263750195622,12.550587721737404,0.0,0.10655095925862275,1.8301475102751557e-05,5.900505e-06,0.02664379030971383
p326_S,0.16357999462841188,1.9440813368649827,0.0,0.0,0.0,0.0,0.0
p326_TDARVGL,0.3907409822012905,0.7373664239117396,0.0,0.0,0.0,0.0,0.0
p327_E,0.7254795787862032,0.1233819785652998,0.0,0.0,0.0,0.0,0.0
p327_GAP,0.0002689717701515931,13.38388529342538,0.0,0.04775255349461657,2.6708928332968744e-05,2.8149548e-06,0.011945519344429594
p327_GASMQTPYNL,0.6454894545069333,0.21178089950321888,0.0,0.0,0.0,0.0,0.0
p327_V,5.079867794203303e-39,188.6630072267953,0.0,0.250357459917735,0.00016111749411609343,9.802637e-08,0.06262966885955508
p328_D,6.532826424759395e-09,34.345262576302545,7.465566277398952e-05,0.1918195694750892,0.00012499392893139405,4.6978093e-05,0.04801654929006137
p328_E,0.017407332133969285,5.6763965399737355,0.0,0.055326199124569916,0.00010787986499392908,2.7237478e-05,0.013865329116942736
p328_GAP,0.8776790416898838,0.023702796586652992,0.0,0.0,0.0,0.0,0.0
p328_P,1.2126642852123553e-05,19.365343838016308,0.0,0.047903228951809124,0.00026303209712104744,0.0,0.012041565262232544
p328_S,6.160728898792395e-25,113.15789226734113,0.0,0.21492768487445146,9.054257307897344e-05,0.0,0.05375455686188261
p328_TNQVKGYR,0.07671704742461329,3.1405273277085586,0.0001029958748299526,0.0464955078589735,0.0011891334778237677,0.0017692205,0.012389214417027051
p329_E,0.41918246217955857,0.6532228274716544,0.0,0.0,0.0,0.0,0.0
p329_GAP,0.7499812518378755,0.10161074124661164,0.0,0.0,0.0,0.0,0.0
p329_S,5.186077678324513e-65,343.94464575346103,0.0,0.05040089162712916,0.0015569550628443632,0.0,0.01298946167249338
p329_VTANGLH,0.7470489446224773,0.10409318566841567,0.0,0.0,0.0,0.0,0.0
p330_D,3.75544273047141e-27,124.6492454611461,0.00021871000849373317,0.17925364615273742,9.063866984276277e-05,2.134536e-08,0.0448907540441083
p330_E,1.2224112524981973e-05,19.349716978573486,0.0,0.06260393658260426,0.00016822022948386278,0.0006554612,0.015856904507806878
p330_G,2.4888274938557935e-28,130.8220760771138,0.0,0.10248601852082197,0.00022680450685730314,0.0002656088,0.0257446079578203
p330_GAP,0.7574738717971211,0.09541698254762981,0.0,0.0,0.0,0.0,0.0
p330_N,0.04547010101933724,4.012576261741314,5.2925576935019614e-05,0.22278255320756463,0.00010121734082217981,2.3247485e-05,0.05573998590256362
p330_S,0.15627484863711283,2.0133689285248964,0.0,0.0,0.0,0.0,0.0
p330_T,0.282417408449187,1.1568444806965714,0.0,0.0,0.0,0.0,0.0
p330_V,0.9934522548914715,6.738470641302307e-05,0.0,0.0,0.0,0.0,0.0
p331_G,3.10506645176034e-05,17.535699339615714,0.0,0.08487952622100553,0.0001923868731572784,2.260941e-06,0.021268543508809072
p331_GAP,0.7840268000942601,0.07516340214865326,0.0,0.0,0.0,0.0,0.0
p331_KEMDILNYR,3.128163810058826e-07,26.579549575257065,0.00015733443872912532,0.1532693039145825,0.0014692649886942706,5.652596e-07,0.038724117150400805
p331_Q,1.8906366603165678e-08,32.200102721199684,0.0,0.08292058788395365,7.979485930987071e-06,6.2657615e-05,0.020747806246161765
p331_S,1.3665888004126527e-27,126.94376515665996,0.00028749930165177315,0.10027915627769295,9.497520900178737e-05,1.2312899e-05,0.025168485921922543
p331_T,0.31574576672188465,1.007642627574749,0.0,0.0,0.0,0.0,0.0
p331_V,4.310041261546391e-42,205.90948380817642,0.00012101253293783342,0.08864556835615395,0.00010056315774737123,0.00075775746,0.022406225376185918
p332_E,2.4604080341032144e-44,218.68811372846713,0.0,0.016876028027370517,1.4680318166034853e-05,0.0,0.004222677086384138
p332_GAP,0.7338727567984363,0.11565905664846736,0.0,0.0,0.0,0.0,0.0
p332_S,6.124005628678444e-22,97.83300345845196,0.0,0.04356098802841417,0.0008621908273643245,0.0012311194,0.011413574560424739
p332_T,0.93591855644802,0.006467994168476029,0.0,0.0,0.0,0.0,0.0
p332_VDQPNLMKGCR,0.18777933559918444,1.7376696487270291,0.0,0.0,0.0,0.0,0.0
p333_G,0.028302496100160234,4.825551653915847,0.0,0.003648375878769609,4.142890156718011e-06,7.204356e-08,0.0009131477031221384
p333_GAP,0.05577908527437631,3.668400723811853,3.3878555870183816e-05,0.0900845092163182,4.366335263435931e-05,6.800965e-07,0.02254068280532847
p333_S,0.001460653733826941,10.1922890999892,0.0,0.10386392100905367,0.0001365681836245766,3.3515246e-06,0.02600096017931536
p333_T,0.25720597469588274,1.2854105903391109,0.0,0.0,0.0,0.0,0.0
p333_V,0.00032295150022629336,13.035887913356039,0.0,0.09439013432996922,2.7226645299569046e-05,2.2101533e-05,0.023609865626947786
p334_GAP,0.0013970001750068207,10.275447295483872,0.00015814002831335497,0.0851848825015235,4.491268805146663e-05,7.8134486e-05,0.021366517425997707
p334_QNGEDMI,0.14572860124569986,2.120175386605781,0.0,0.0,0.0,0.0,0.0
p334_S,0.0003131255827547108,13.094631304623379,0.0,0.10960111696972362,4.47590046368608e-05,5.9641297e-05,0.02742637931794309
p334_T,0.005305864689141823,7.811222107908947,0.0002189875896759026,0.05947868214325881,0.00024859897673989875,9.759606e-05,0.015010966191783116
p334_V,5.0991920977191815e-05,16.575276756056383,0.0,0.051810205684839,2.0773901625161253e-05,8.952418e-06,0.012959983001187047
p335_GAP,2.8988261463397484e-07,26.731155272815048,0.0,0.21853728950414372,7.094134348147628e-05,0.00063578313,0.05481100349436564
p335_GNKRHEID,0.001845100172654088,9.75712593666347,0.0,0.16991256876772934,2.9765727763294063e-05,2.4813107e-07,0.04248564565664141
p335_Q,0.14645507500864802,2.112541267357623,0.0,0.0,0.0,0.0,0.0
p335_S,0.0017175626508928506,9.890364680799548,0.0,0.022626603985180918,9.530152755825284e-05,1.2052532e-06,0.005680777691477332
p335_T,2.0462197580327346e-11,46.12626062442945,0.0,0.0408399684840426,5.816994912557645e-05,0.000108036555,0.010251543746940326
p335_V,0.29453537851646666,1.1000926726787144,0.0,0.0,0.0,0.0,0.0
p336_G,0.5823591891630442,0.30266134773471576,0.0,0.0,0.0,0.0,0.0
p336_GAP,0.047162373429216184,3.9507295768039823,0.0,0.06860344402733513,0.00037309489462064783,7.688293e-08,0.017244153951220618
p336_Q,5.640562076762404e-42,205.2481718776961,0.0,0.06798523540985549,1.1471655827518104e-06,0.0008982248,0.01722115185023585
p336_S,4.900634573316467e-55,281.7922325418781,4.9043512731911315e-05,0.2057680133503173,0.0009873342797081582,0.0005958886,0.05185006993283372
p336_T,2.523636246048549e-26,120.3402460179223,0.0,0.18237719815883605,3.515312263381198e-06,4.6982773e-08,0.045595190113468166
p337_GAP,0.7402914227533703,0.10994037800183676,0.0,0.0,0.0,0.0,0.0
p337_K,2.2873459043694148e-08,31.816518345557743,0.0,0.3698033803531465,3.323769218767102e-05,3.825789e-05,0.09246871898408157
p337_R,0.09879100739265635,2.730762850543079,0.0,0.0,0.0,0.0,0.0
p337_SNEQLHGCMPD,5.376880847105076e-09,34.73929542054139,0.0010373690920002822,0.1367132723366407,0.00041768010795344216,0.0005723901,0.03468517790856338
p337_T,1.8656034099019236e-06,23.039776246763637,0.0,0.03558740666840168,7.610971008398032e-05,6.074864e-06,0.008917397810597506
p337_V,6.834827484896674e-05,16.00978516476381,0.0,0.18305696207614267,7.284194555407928e-05,0.0,0.045782451005424184
p338_SVQAKNGMIPLEH,6.8489704760625846e-09,34.2496791496696,0.0,0.21396882487164437,0.00017043438759332407,0.00023372234,0.05359324540015025
p338_T,0.001024282341333423,10.856100799809905,0.0,0.15676228873016576,3.173632609025435e-05,6.3377425e-05,0.0392143506203763
p339_GAP,0.00037878471791571566,12.73301398778735,0.0,0.023968611139216056,4.523083784737873e-06,8.446252e-06,0.0059953951186853685
p339_Q,0.009312565273671644,6.791966334434276,0.0,0.05153274987457553,2.0419584142538065e-06,0.0,0.012883697958247446
p340_GAP,0.005500165216932166,7.745662712974948,0.0,0.03585047507613159,6.456329484501575e-05,3.4638393e-05,0.008987419191023487
p340_GMSIQLPF,0.4620617970500537,0.5413721643296918,0.0,0.0,0.0,0.0,0.0
p340_T,0.5641782894544134,0.3327744937559651,0.0,0.0,0.0,0.0,0.0
p340_V,0.2966759021732844,1.0903778314331896,0.0,0.0,0.0,0.0,0.0
p341_GAP,1.0227422573386992e-10,42.81584810093571,4.3620729614113e-05,0.22951471995131295,0.00011326281428491192,0.00023523104,0.05747670863387261
p341_NVEILQPGHKDM,1.6773681638929743e-08,32.441275353351514,0.0,0.25493226269631014,0.00020930849247653474,0.002516797,0.06441459205850811
p341_S,0.15575690236474032,2.0184210597906964,0.0,0.0,0.0,0.0,0.0
p341_T,0.001070424433369282,10.773504327413482,0.00020842000239806432,0.2367701631097007,0.0001519121276814707,1.8251741e-05,0.059287186745318604
p342_GAP,0.009459262036074577,6.763848243839921,8.14661447522874e-05,0.03926071368298356,5.483037408771152e-05,1.4130532e-06,0.009849605813744734
p342_K,1.422110770941992e-06,23.575811259788434,0.0,0.0717662718663321,1.920678932557263e-06,0.0,0.017942048136316162
p342_S,2.5461457417887872e-08,31.600789357788585,0.0,0.11270488650096402,0.00011685827775746857,3.580794e-06,0.02820633139320546
p342_T,3.6954608879579834e-08,30.851759044619723,3.364767968316618e-05,0.09733232687076591,6.101643613191348e-05,2.5340283e-05,0.024363082817438535
p342_V,1.987883101925632e-06,22.914517089179192,0.0,0.25296482872846743,8.487272825735065e-05,3.9069124e-05,0.06327219264515277
p343_GAP,0.7336490543000704,0.11586127866923457,0.0,0.0,0.0,0.0,0.0
p343_S,0.006358201816477242,7.4819344925448075,0.0005676088987873606,0.22428569173693913,0.00021157095776898587,7.712318e-05,0.056285498693105326
p343_TMICGQDLFNEKPR,0.0005286473572514163,12.101580445569168,0.0,0.2693326315140282,3.36822705377382e-05,1.5637297e-05,0.06734548777041911
p343_V,0.2018906564428398,1.6310935055592755,0.0,0.0,0.0,0.0,0.0
p344_E,2.369582175227677e-07,27.132807342148713,0.0017392509936169905,0.18372382728641667,8.192750782958114e-06,0.0,0.046367817757704155
p344_GAP,1.2029890306637708e-07,28.486121241426634,0.0,0.028723410531906707,0.00010790284056828917,1.27977255e-05,0.007211027774494582
p344_Q,0.03074851966939019,4.682096982740917,6.743384816268211e-05,0.11742824073709594,5.861584630521077e-05,1.4357335e-06,0.02938893154125399
p344_S,1.412915546201164e-09,37.45112518602263,0.0,0.08394413546092627,8.936019407387928e-05,2.6199651e-09,0.02100837456874132
p345_GAP,0.00044747999716964024,12.417027241625084,2.7037519878796166e-05,0.036003368316559245,7.053748159952584e-05,4.9115704e-05,0.00903751475558797
p345_K,0.0013836366588164672,10.293393452449457,8.534285908940425e-05,0.05187542600394122,0.0004607072439510748,1.9634335e-06,0.013105859885128697
p345_Q,8.481611588054341e-08,29.185385788120584,0.0,0.017236394743428047,7.090936421650764e-06,2.8638138e-07,0.004310943015307188
p345_S,2.985114649288446e-38,184.38873327056913,0.0,0.3023286678407954,4.493815050115065e-05,0.0,0.07559340149782413
p346_GAP,2.7270883064683164e-16,69.66356413441551,0.0,0.004982379609961986,1.2735796981308537e-05,0.0,0.0012487788517358237
p346_V,2.8693346509777075e-15,64.66760897115178,0.0,0.01661001010917035,1.8328870178125802e-05,8.64776e-09,0.00415708690677708
p347_G,3.3227381229793084e-16,69.24297304337857,0.0,0.028199924992681567,6.495158763190376e-06,0.0,0.007051605037861189
p347_GAP,3.8695325098185845e-06,21.602949579052634,0.0,0.0005252839294518054,8.25858928729914e-05,5.6175613e-05,0.00016601135890147026
p347_QNEDPKRVFI,0.571425628769945,0.32054474493155005,0.0,0.0,0.0,0.0,0.0
p347_S,2.919531691694598e-13,54.94825255341665,0.0003992759523207921,0.09242649885936366,0.00017296198664797292,3.0491068e-05,0.023257306966626465
p347_T,0.05545938195012975,3.6780246348965084,0.00022265411435792864,0.23072676164084516,0.00020242756697835495,5.8551985e-05,0.05780259882671877
p348_GAP,0.023343661348542454,5.1608467547375785,0.0,0.14472080131832396,5.6113840990298623e-05,4.314703e-06,0.03619530746555153
p348_P,7.144843954618888e-06,20.399724220929976,0.0,0.08724009710554555,9.898280744611141e-06,2.0689014e-07,0.021812550569106352
p348_S,3.708807225560244e-06,21.68634277962556,0.0,0.10306979780994524,9.144016694222892e-06,8.302314e-08,0.02576975621244451
p348_TKGEICVDR,0.03381883977154075,4.518037003275213,0.002953325621768619,0.19320755677715684,0.0015919355556886384,0.012297601,0.05251260484841822
p349_E,0.25854538061085863,1.278191387536404,0.0,0.0,0.0,0.0,0.0
p349_GAP,0.8275725728311379,0.04747216271357746,0.0,0.0,0.0,0.0,0.0
p349_NKTHPDGLVIR,6.149711105753593e-18,77.77932229097608,1.1695018077556732e-05,0.045680421694124645,2.2510223783089224e-05,1.3848569e-05,0.01143211887632737
p349_S,4.145255593275642e-53,270.15920555067123,0.0009123907625869608,0.028069023268168406,0.0009871115689157773,4.729754e-06,0.007493313838413348
