Names	Single_Prediction	%Identity_Nearest_VPOD_Sequence	Sequence_Length	Lmax_Hex_Color
BBI55013.1	499.8	97.175	352	#00ff95
BBI55012.1	480.2	100.0	352	#00d6ff
BBI55007.1	421.8	73.521	359	#5100d3
BBI55005.1	510.8	88.63	347	#07ff00
BGI73946.1	517.3	41.27	452	#2aff00
BGI73945.1	517.3	41.587	452	#2aff00
BGI73944.1	517.3	41.27	452	#2aff00
XP_045514659.1	399.0	51.943	391	#700098
ANV21068.1	554.1	86.087	364	#b0ff00
ANV21066.1	357.4	100.0	345	#610061
ANV21063.1	437.7	99.723	361	#1200fa
ANV21062.1	492.9	98.588	354	#00ffe1
ANV21058.1	500.2	99.717	353	#00ff90
AAR14684.1	357.4	99.13	345	#610061
AAR14683.1	493.5	100.0	354	#00ffdb
AAR14682.1	500.0	100.0	353	#00ff92
AAR14681.1	437.7	100.0	361	#1200fa
ABF66146.1	555.1	90.289	381	#b3ff00
ABF66143.1	501.4	91.579	380	#00ff82
ABF66140.1	497.7	91.185	377	#00ffad
ABF66137.1	359.9	96.875	384	#610061
NP_001070172.1	362.5	99.711	346	#610061
NP_001070170.1	560.3	100.0	365	#c4ff00
NP_001070164.1	504.4	100.0	355	#00ff5c
NP_001070163.1	501.9	100.0	351	#00ff7c
NP_001070165.1	441.2	100.0	362	#000dff
XP_072773898.1	360.1	98.023	309	#610061
XP_036007472.1	561.5	96.919	357	#c7ff00
XP_012728182.2	474.8	94.203	345	#00bfff
XP_012710392.2	526.1	88.235	357	#4fff00
XP_036007334.1	400.2	99.153	354	#6f009b
XP_036007333.1	563.4	96.919	357	#cdff00
XP_012724548.2	564.1	90.756	357	#d0ff00
XP_012719413.2	497.9	87.202	353	#00ffab
XP_012717776.2	500.8	95.198	354	#00ff89
XP_012715394.1	517.5	95.455	352	#2bff00
JAR82907.1	400.2	95.467	377	#6f009b
JAR81056.1	538.4	81.095	403	#7cff00
JAR81055.1	563.4	96.639	357	#cdff00
JAR77431.1	518.0	95.385	459	#2dff00
JAR75773.1	500.7	94.101	356	#00ff8a
JAR72590.1	550.2	94.678	357	#a4ff00
JAR70852.1	474.8	93.623	345	#00bfff
JAR68856.1	362.1	96.119	335	#610061
JAR48426.1	526.2	90.373	372	#4fff00
JAR48425.1	563.1	93.312	370	#ccff00
JAR48423.1	548.7	84.119	403	#9fff00
JAR48422.1	563.4	91.557	379	#cdff00
JAR48421.1	551.2	95.238	357	#a7ff00
JAR40177.1	517.6	92.357	366	#2bff00
XP_053173467.1	494.8	91.525	352	#00ffcd
XP_053172453.1	560.7	93.277	357	#c5ff00
XP_053172165.1	427.1	86.364	352	#4100e0
XP_053172162.1	430.2	100.0	351	#3600e7
XP_053172031.1	495.0	84.226	345	#00ffcb
XP_053172030.1	456.4	23.311	346	#0069ff
XP_053172029.1	466.8	35.362	345	#009bff
XP_053172028.1	515.7	88.15	352	#22ff00
XP_004548807.3	527.6	99.716	352	#55ff00
XP_004571970.3	453.6	96.866	351	#005aff
XP_004571972.3	552.3	92.997	357	#aaff00
XP_004546142.2	498.9	98.023	354	#00ff9f
XP_004548809.1	516.9	99.716	352	#28ff00
XP_004548806.1	483.8	100.0	352	#00e5ff
XP_004538122.1	516.1	21.552	374	#24ff00
NP_001297003.1	366.4	100.0	335	#610061
NP_001297001.1	423.9	99.715	351	#4b00d8
ADJ54173.1	364.3	98.209	335	#610061
AAY26029.1	498.9	98.305	354	#00ff9f
ADI72254.1	516.1	98.864	352	#24ff00
ADI72253.1	517.5	98.864	352	#2bff00
ADI72141.1	453.6	97.151	351	#005aff
ADW80533.1	516.9	100.0	352	#28ff00
ADW80522.1	559.3	93.838	357	#c1ff00
ADW80520.1	460.1	96.591	352	#007bff
XP_045596873.1	424.5	58.16	391	#4a00d9
XP_045595320.1	460.0	44.0	380	#007bff
XP_045596786.1	532.5	60.95	377	#67ff00
ALJ26468.1	424.5	58.16	391	#4a00d9
AAB25036.1	530.7	60.686	376	#60ff00
APY20602.1	527.9	81.793	370	#56ff00
XP_072314503.1	553.4	85.994	357	#aeff00
XP_072309153.1	501.1	22.907	337	#00ff85
XP_072308520.1	519.5	89.773	352	#34ff00
XP_072308519.1	495.6	85.797	352	#00ffc4
XP_072308518.1	496.4	83.478	350	#00ffbb
XP_072308046.1	453.7	80.17	352	#005bff
XP_072308045.1	421.3	82.906	357	#5200d1
XP_072308043.1	563.4	91.808	356	#cdff00
XP_072305782.1	504.9	90.113	352	#00ff55
AKG27054.1	519.6	37.152	354	#34ff00
XP_010893575.3	521.7	80.899	356	#3dff00
XP_010893574.3	477.8	78.715	362	#00ccff
XP_010900403.2	503.5	87.006	354	#00ff68
XP_010900326.1	549.7	85.345	353	#a2ff00
XP_010900325.1	559.7	85.92	353	#c2ff00
XP_010879352.1	483.1	72.126	346	#00e2ff
XP_043209930.1	501.0	44.382	386	#00ff87
XP_043242610.1	364.8	48.361	374	#610061
XP_043227478.1	363.2	49.861	374	#610061
KAF0309486.1	534.2	35.385	398	#6dff00
KAF0306802.1	503.7	38.786	389	#00ff65
KAF0300607.1	501.0	44.382	392	#00ff87
KAF0290247.1	365.0	49.857	354	#610061
KAF0287453.1	501.5	44.857	366	#00ff81
XP_033778260.1	556.5	86.93	339	#b8ff00
XP_033782390.1	487.6	92.655	354	#00f5ff
AAV53959.1	482.9	94.22	346	#00e2ff
AAX99142.1	368.1	95.536	336	#610061
XP_008069734.1	552.7	99.716	364	#acff00
XP_008061781.1	415.1	98.023	346	#6000c2
XP_008046011.1	499.9	99.716	348	#00ff94
APP17987.1	415.1	89.826	346	#6000c2
APP17986.1	415.1	89.535	346	#6000c2
ABC75819.1	367.6	91.04	346	#610061
ABC75817.1	550.1	93.733	367	#a3ff00
AVR48193.1	509.0	91.243	352	#00ff17
AIY31989.1	526.1	90.16	378	#4fff00
AHA48198.1	355.3	88.333	379	#610061
AHA48186.1	528.5	93.176	381	#58ff00
AHA48177.1	439.6	80.105	382	#0500fe
AGH28027.1	540.4	93.438	381	#83ff00
ADW20311.1	355.3	88.611	379	#610061
NP_001269192.1	521.3	96.429	364	#3bff00
XP_021578081.1	441.1	96.19	365	#000cff
XP_005333841.1	501.3	89.368	348	#00ff83
XP_005319487.1	437.7	98.266	349	#1200fa
XP_073456345.1	431.5	93.103	362	#3100eb
XP_073456344.1	558.9	80.84	365	#bfff00
XP_073447859.1	500.8	84.921	354	#00ff89
XP_073475389.1	384.9	83.598	349	#690070
XP_029453475.1	486.1	90.678	354	#00efff
XP_029465665.1	554.2	86.351	360	#b1ff00
BAP11265.1	540.4	84.656	381	#83ff00
BAP11264.1	450.5	77.045	379	#0049ff
BAP11263.1	367.4	80.315	381	#610061
XP_043108868.1	564.0	94.118	357	#cfff00
XP_043108418.1	443.2	95.157	351	#001cff
XP_043107194.1	499.5	91.379	389	#00ff98
XP_043089278.1	499.7	85.479	352	#00ff96
XP_043087652.1	515.5	85.479	314	#21ff00
AVR48104.1	498.1	92.42	350	#00ffa8
CAD23115.1	452.4	94.872	351	#0054ff
XP_008069734.1	552.7	99.716	364	#acff00
XP_008061781.1	415.1	98.023	346	#6000c2
XP_008046011.1	499.9	99.716	348	#00ff94
APP17987.1	415.1	89.826	346	#6000c2
APP17986.1	415.1	89.535	346	#6000c2
XP_079190798.1	345.9	82.44	338	#610061
XP_079220841.1	508.5	22.667	372	#00ff20
XP_079215884.1	486.3	93.22	353	#00f0ff
XP_079196936.1	489.8	85.417	345	#00feff
XP_079196935.1	476.8	89.583	345	#00c8ff
XP_079196933.1	516.3	89.489	352	#25ff00
XP_079196932.1	517.0	89.773	352	#28ff00
XP_079196660.1	441.6	93.838	351	#0010ff
XP_079196658.1	546.6	88.796	357	#98ff00
AAY26027.1	499.8	98.588	354	#00ff95
AAX11203.1	555.9	93.277	356	#b6ff00
ADB98066.1	526.1	98.295	352	#4fff00
AAY26066.1	516.7	96.023	352	#27ff00
ADA77664.1	481.1	98.011	352	#00daff
AJD38714.1	419.4	86.364	352	#5700cd
AJD38713.1	452.8	92.023	351	#0056ff
XP_026737245.1	365.9	48.0	389	#610061
AAU93395.1	544.4	84.127	378	#90ff00
AAY16525.1	365.2	88.251	383	#610061
AAY16526.1	442.8	84.474	380	#0019ff
XP_079091102.1	519.0	24.651	360	#31ff00
XP_079081814.1	501.8	91.808	352	#00ff7d
XP_079073982.1	458.3	90.598	351	#0072ff
XP_079073981.1	419.7	86.08	352	#5600cd
XP_079073980.1	562.4	92.717	357	#caff00
XP_079073902.1	516.9	88.439	352	#28ff00
XP_079073901.1	516.0	87.861	352	#24ff00
CAD23115.1	452.4	94.872	351	#0054ff
CAD23114.1	451.4	92.308	351	#004eff
CAD23112.1	448.5	94.872	351	#003eff
CAD23111.1	460.6	100.0	351	#007dff
XP_015176771.1	336.9	99.713	372	#610061
XP_015175605.1	515.0	93.838	379	#1fff00
XP_015173428.1	401.8	98.87	378	#6f009f
XP_012520226.1	400.9	89.685	348	#6f009d
XP_012517499.1	551.3	93.681	379	#a7ff00
XP_012510626.1	499.7	98.276	348	#00ff96
XP_079604514.1	432.9	81.766	351	#2b00ee
XP_079604513.1	444.2	78.693	352	#0023ff
XP_079604356.1	514.2	82.899	356	#1bff00
XP_079596947.1	496.0	87.288	351	#00ffc0
XP_012670449.3	491.8	82.808	345	#00ffec
XP_012670450.2	491.3	81.662	345	#00fff2
XP_031424171.1	496.6	80.229	345	#00ffb9
XP_031424169.1	496.6	80.516	345	#00ffb9
XP_031423339.1	498.7	86.761	355	#00ffa2
XP_031423222.1	562.1	90.196	357	#c9ff00
XP_012681595.2	500.4	86.364	351	#00ff8e
XP_012694208.2	502.3	100.0	355	#00ff77
XXQ17499.1	463.0	44.663	377	#0089ff
XXQ17498.1	480.9	43.514	375	#00d9ff
QCB20394.1	492.5	86.607	345	#00ffe5
QCB20379.1	418.1	89.247	352	#5a00c9
QCB20360.1	436.9	80.057	351	#1700f8
QCB20337.1	556.3	89.916	357	#b7ff00
QCB20310.1	513.0	91.193	352	#15ff00
QCB20259.1	474.6	89.881	345	#00beff
QCB20245.1	453.8	83.003	352	#005bff
P22329.1	568.1	100.0	362	#dcff00
P28683.1	509.0	100.0	355	#00ff17
NP_990769.1	412.3	99.712	347	#6500bb
P28682.1	453.9	100.0	361	#005cff
NP_001384426.1	503.1	100.0	351	#00ff6d
NP_990771.2	567.1	99.724	362	#d9ff00
BAA00610.1	503.1	100.0	351	#00ff6d
AWC68270.1	365.4	85.417	347	#610061
AWC68208.1	537.4	91.781	365	#78ff00
AWC68089.1	483.2	98.58	352	#00e3ff
AMD82566.1	365.4	85.075	346	#610061
NP_001267052.1	338.8	94.879	371	#610061
XP_003494923.1	429.2	87.302	379	#3a00e5
XP_012237087.1	543.1	74.865	377	#8cff00
XP_012237085.1	520.0	70.92	389	#36ff00
ABP88810.1	502.6	75.562	351	#00ff73
ABP88809.1	478.5	100.0	347	#00cfff
ABP88808.1	486.8	100.0	354	#00f2ff
AAC05633.1	537.8	97.802	364	#7aff00
WWQ50564.1	503.3	90.625	352	#00ff6a
WWQ50528.1	474.4	89.565	345	#00bdff
WWQ50493.1	415.4	80.627	349	#5f00c3
WWQ50421.1	381.0	79.104	335	#630064
XP_079434825.1	473.5	87.536	352	#00b9ff
XP_079434824.1	516.1	89.205	352	#24ff00
XP_079434714.1	453.3	81.586	351	#0058ff
XP_079429681.1	548.2	87.151	358	#9dff00
XP_079413899.1	500.2	92.373	352	#00ff90
XP_079408389.1	502.2	24.681	346	#00ff78
CAA77257.1	501.0	92.655	352	#00ff87
XP_017323575.1	503.8	78.717	354	#00ff64
XP_017323342.1	501.8	100.0	354	#00ff7d
XP_017352009.1	505.5	78.717	339	#00ff4d
XP_017352008.1	558.2	98.81	358	#bdff00
AHH38144.1	505.5	100.0	339	#00ff4d
P51471.1	492.9	86.721	355	#00ffe1
P41592.1	562.9	86.179	369	#ccff00
NP_001278316.1	492.7	99.716	352	#00ffe3
XP_062839456.1	356.9	99.424	347	#610061
XP_008102120.2	476.4	100.0	341	#00c6ff
XP_003216951.2	438.1	100.0	365	#1000fa
AAD32621.1	356.9	100.0	347	#610061
AAA62614.1	492.7	100.0	352	#00ffe3
AAD42779.1	438.1	100.0	363	#1000fa
QSG73683.1	561.9	92.717	357	#c9ff00
QSG73671.1	517.5	90.341	352	#2bff00
QSG73659.1	444.4	93.732	351	#0024ff
XP_060148294.1	528.1	99.725	364	#56ff00
XP_030709585.2	411.0	89.971	355	#6600b7
XP_030696821.1	486.4	92.997	348	#00f0ff
AAP13015.1	528.1	99.451	364	#56ff00
AAC12762.1	487.6	100.0	348	#00f5ff
BAM72016.1	498.3	86.364	352	#00ffa6
BAM72015.1	563.4	90.691	334	#cdff00
BAM72014.1	493.2	83.673	345	#00ffde
BAM72013.1	495.1	73.352	345	#00ffc9
XP_024083078.1	351.9	68.843	377	#610061
XP_024081978.1	472.2	24.354	337	#00b3ff
XP_014244895.1	430.2	40.782	441	#3600e7
XP_014244894.1	425.8	46.089	473	#4600dd
XP_063828999.1	484.6	64.467	452	#00e9ff
QWV42696.1	530.8	75.0	379	#61ff00
QWV42695.1	372.5	100.0	381	#610061
NP_001301067.1	440.1	45.892	386	#0002ff
NP_001301089.1	514.0	100.0	376	#1aff00
XP_022251239.1	472.6	23.311	416	#00b5ff
XP_022247174.1	502.3	35.362	431	#00ff77
XP_022240090.1	369.3	40.884	461	#610061
XP_022241099.1	456.6	42.075	432	#006aff
ANF89422.1	369.3	40.884	468	#610061
AAA02498.1	515.1	99.171	376	#1fff00
QDR50941.1	535.1	81.217	380	#70ff00
QDR50940.1	442.6	76.901	380	#0018ff
QDR50939.1	372.1	88.988	378	#610061
QDR50938.1	367.2	98.58	378	#610061
ART30047.1	367.2	88.624	378	#610061
ART30045.1	535.1	80.952	380	#70ff00
ART30039.1	367.2	98.58	378	#610061
ART30038.1	442.6	99.715	380	#0018ff
ART30033.1	535.1	99.715	380	#70ff00
ADN96774.1	367.2	88.36	378	#610061
ADN96766.1	440.4	80.952	380	#0005ff
ADN96753.1	442.6	85.0	380	#0018ff
ACC77726.1	535.1	80.688	380	#70ff00
AAY16530.1	442.6	84.737	380	#0018ff
XP_069687170.1	350.6	73.856	329	#610061
XP_069687169.1	348.3	71.972	342	#610061
XP_069687168.1	347.7	74.03	378	#610061
XP_069685090.1	498.9	42.453	303	#00ff9f
XP_069685089.1	411.7	46.35	365	#6500b9
XP_069676605.1	537.6	79.265	376	#79ff00
XP_048714452.2	496.7	99.148	352	#00ffb8
XP_048682653.1	496.0	94.648	355	#00ffc0
XP_048692751.1	360.6	89.625	347	#610061
ART30095.1	374.1	81.481	378	#610061
ART30094.1	363.7	85.979	378	#610061
ART30093.1	441.3	86.737	380	#000eff
ART30092.1	534.8	81.746	380	#6fff00
ART30090.1	363.7	86.243	378	#610061
ART30089.1	441.3	86.579	380	#000eff
ART30082.1	533.3	81.746	380	#6aff00
ART30073.1	363.3	85.067	378	#610061
ACJ72020.1	367.8	100.0	338	#610061
ADA69285.1	484.9	80.58	345	#00eaff
ADA69284.1	484.8	81.739	348	#00eaff
ADA69283.1	484.8	82.029	345	#00eaff
ACB45448.1	491.2	100.0	345	#00fff3
AVR48137.1	493.9	90.778	352	#00ffd6
KAM6947200.1	444.8	81.25	352	#0027ff
KAM6947083.1	493.5	86.957	352	#00ffdb
KAM6929547.1	493.1	92.614	352	#00ffdf
O13227.1	487.6	94.886	350	#00f5ff
XP_061077045.1	441.4	75.63	358	#000fff
XP_061077044.1	441.9	74.656	359	#0013ff
XP_061071715.1	515.1	24.554	346	#1fff00
XP_061113489.1	501.0	78.392	314	#00ff87
XP_061112894.1	495.2	97.74	354	#00ffc8
XP_061112527.1	489.8	85.673	349	#00feff
Q25158.1	460.0	42.781	377	#007bff
Q25157.1	462.6	41.91	377	#0087ff
BCN28588.1	483.0	94.493	352	#00e2ff
BCN28587.1	424.1	77.273	352	#4b00d8
BCN28586.1	368.1	95.833	336	#610061
XP_033977647.1	547.7	91.877	356	#9bff00
XP_033995327.1	483.0	94.509	352	#00e2ff
XP_033982463.1	498.7	88.184	352	#00ffa2
QGW08865.1	554.6	83.836	365	#b2ff00
QGW08854.1	494.8	79.155	354	#00ffcd
QGW08843.1	501.7	90.113	354	#00ff7e
XP_050840470.1	559.4	99.452	365	#c1ff00
XP_018779998.1	502.7	99.43	374	#00ff72
XP_009097607.1	502.7	91.597	351	#00ff72
XP_009096609.1	505.3	99.718	355	#00ff50
NP_001289029.1	363.0	97.101	350	#610061
ACB45447.1	488.7	100.0	352	#00faff
AHA48200.1	349.7	85.6	376	#610061
AHA48188.1	534.8	100.0	381	#6fff00
AHA48170.1	465.4	80.157	383	#0094ff
Q25158.1	460.0	42.781	377	#007bff
Q25157.1	462.6	41.91	377	#0087ff
XP_004741871.2	406.9	99.713	345	#6b00ad
XP_004780768.1	552.7	99.713	364	#acff00
XP_004738634.1	499.9	20.661	348	#00ff94
XP_031681296.1	508.5	75.862	346	#00ff20
XP_020339289.2	493.1	79.943	345	#00ffdf
XP_031681294.1	491.9	78.771	347	#00ffeb
XP_031681293.1	489.4	77.654	347	#00fdff
XP_031652556.1	548.3	85.92	353	#9dff00
XP_031652469.1	556.7	85.714	403	#b8ff00
XP_031671337.1	562.0	85.345	370	#c9ff00
XP_020314953.1	501.8	88.418	354	#00ff7d
XP_020339290.1	507.0	76.437	346	#00ff38
XP_020347991.1	423.4	74.644	354	#4d00d7
AAP58340.1	415.6	73.789	354	#5f00c3
AAP58339.1	364.8	81.982	334	#610061
AAP58338.1	507.0	79.532	346	#00ff38
AAP58337.1	501.8	88.418	354	#00ff7d
AAP58336.1	556.7	85.154	357	#b8ff00
ABC25003.1	491.9	78.492	347	#00ffeb
P22269.1	492.5	87.328	371	#00ffe5
XP_065361768.1	368.8	58.824	429	#610061
XP_065358973.1	348.6	82.804	389	#610061
XP_065356544.1	446.7	62.042	388	#0033ff
XP_065355107.1	512.6	88.338	343	#12ff00
XP_065371719.1	506.0	67.978	370	#00ff46
XP_065369707.1	537.6	86.721	369	#79ff00
CAI47590.1	537.6	86.179	369	#79ff00
CAI47589.1	448.4	62.304	388	#003dff
CAI47588.1	348.6	82.54	389	#610061
XP_077329554.1	372.4	78.386	349	#610061
XP_077307726.1	499.8	98.305	354	#00ff95
XP_077335241.1	556.1	86.575	365	#b7ff00
XP_077335237.1	431.6	99.724	362	#3100eb
AAB24265.1	499.8	100.0	354	#00ff95
Q95170.1	551.5	100.0	364	#a8ff00
XP_017922189.1	499.4	97.701	348	#00ff99
XP_005679502.1	432.7	98.281	349	#2c00ed
XP_058873367.1	535.0	20.661	363	#70ff00
XP_033858485.3	445.8	20.661	362	#002eff
XP_034767254.2	509.0	92.997	355	#00ff17
XP_033911878.3	504.4	92.997	355	#00ff5c
XP_058844578.1	509.9	89.518	353	#00ff04
XP_058841824.1	361.6	67.63	301	#610061
XP_033888787.2	358.7	81.792	356	#610061
RXM92748.1	479.6	21.856	330	#00d4ff
RXM91125.1	509.9	87.293	362	#00ff04
RXM31678.1	509.0	83.013	435	#00ff17
RXM30475.1	358.7	81.792	346	#610061
XP_071893658.1	408.1	92.464	346	#6a00b0
XP_027300704.1	506.1	98.873	355	#00ff45
XP_005012111.1	501.9	99.43	351	#00ff7c
KAM8757031.1	516.8	92.898	352	#27ff00
KAM8757030.1	517.3	94.602	352	#2aff00
KAM8756644.1	413.5	87.5	351	#6300be
KAM8756643.1	438.8	81.197	351	#0b00fc
KAM8756642.1	446.9	86.402	352	#0034ff
KAM8756641.1	565.2	91.877	357	#d3ff00
KAM8754479.1	499.9	95.48	353	#00ff94
KAM8743075.1	513.9	24.473	364	#19ff00
KAM8739662.1	359.8	85.207	338	#610061
XP_074133748.1	530.6	100.0	363	#60ff00
XP_074124098.1	361.4	100.0	346	#610061
XP_074139959.1	500.9	91.092	348	#00ff88
AAN86046.2	500.9	91.379	348	#00ff88
QPF71149.1	353.0	70.777	393	#610061
QPF71148.1	512.2	79.156	377	#10ff00
ADA77672.1	428.1	99.145	351	#3e00e2
ADA77669.1	453.6	97.151	351	#005aff
ADA77662.1	517.5	98.58	352	#2bff00
ADA77650.1	527.6	99.716	352	#55ff00
ADA77667.1	366.1	99.403	335	#610061
ADA77658.1	499.8	98.588	354	#00ff95
ADA77656.1	481.1	99.432	352	#00daff
ADA77648.1	555.9	94.118	357	#b6ff00
XP_052120366.1	531.7	71.353	380	#64ff00
XP_026279762.1	385.4	64.264	386	#690071
KAE8750304.1	569.1	67.112	406	#dfff00
KAE8750303.1	546.8	63.315	375	#98ff00
KAE8740356.1	437.9	48.243	370	#1100fa
KAE8736982.1	435.1	53.541	387	#2100f3
O18910.2	512.1	100.0	364	#0fff00
NP_001075818.1	500.1	96.552	348	#00ff91
XP_069922406.1	512.8	100.0	305	#13ff00
XP_069927406.1	439.8	91.04	346	#0300ff
QGW08860.1	547.4	83.014	365	#9aff00
QGW08849.1	490.1	79.437	354	#00fffe
QGW08839.1	501.2	90.678	354	#00ff84
XP_015256495.1	518.0	96.307	352	#2dff00
XP_015256494.1	505.4	92.614	352	#00ff4f
XP_015256493.1	482.5	94.493	345	#00e0ff
XP_015250230.1	500.0	88.095	353	#00ff92
XP_015243230.1	359.9	94.328	335	#610061
XP_015239256.1	499.7	93.22	354	#00ff96
XP_015254461.1	558.8	97.199	357	#bfff00
XP_015254357.1	405.8	96.61	354	#6c00aa
NP_001274761.1	499.8	98.87	354	#00ff95
NP_001273254.1	555.9	93.838	357	#b6ff00
NP_001273246.1	517.5	98.58	352	#2bff00
XP_005941617.1	497.7	20.661	374	#00ffad
XP_005938994.1	499.8	88.988	351	#00ff95
XP_005927576.1	526.9	98.58	352	#52ff00
XP_005927575.1	482.6	99.148	352	#00e0ff
XP_005915344.1	425.8	98.86	351	#4600dd
NP_001273231.1	452.9	97.151	351	#0056ff
NP_001298010.1	363.2	100.0	347	#610061
XP_033927774.1	477.9	79.109	357	#00ccff
XP_033927629.1	555.1	94.633	363	#b3ff00
XP_012983668.1	503.5	98.291	369	#00ff68
XP_005145855.1	503.5	98.006	351	#00ff68
XP_005142888.1	502.1	97.183	355	#00ff79
QGW08864.1	559.4	85.912	364	#c1ff00
QGW08859.1	359.3	81.194	345	#610061
QGW08853.1	515.6	83.099	355	#22ff00
AJD38755.1	420.4	74.148	352	#5500cf
AJD38754.1	430.0	81.25	352	#3700e7
KAL2807162.1	500.9	97.701	348	#00ff88
KAL2777651.1	372.2	91.304	345	#610061
KAL2767968.1	539.3	95.33	364	#7fff00
ABR53751.1	372.2	91.379	348	#610061
ABR53750.1	372.2	91.379	348	#610061
ADB98075.1	526.9	99.432	352	#52ff00
AAW34329.1	500.8	96.328	354	#00ff89
AAV93297.1	500.8	96.328	354	#00ff89
ADB98087.1	482.6	99.148	352	#00e0ff
XP_062248717.1	508.3	92.09	352	#00ff23
XP_062238255.1	370.4	82.84	338	#610061
XP_062258971.1	470.5	88.986	345	#00acff
XP_062258959.1	491.9	86.607	345	#00ffeb
XP_062258949.1	490.4	86.068	329	#00fffb
XP_062258940.1	491.9	86.607	344	#00ffeb
XP_062258931.1	487.2	82.67	352	#00f4ff
XP_062258918.1	517.1	89.773	352	#29ff00
XP_062251796.1	470.5	92.068	353	#00acff
XP_062251782.1	454.5	84.046	351	#005fff
XP_062251772.1	415.1	91.761	352	#6000c2
XP_062251759.1	542.7	89.916	357	#8bff00
XP_062268214.1	513.2	23.333	367	#16ff00
CAD23112.1	448.5	94.872	351	#003eff
P51472.1	443.9	78.592	355	#0021ff
P22332.2	555.2	91.597	357	#b4ff00
QGW08861.1	544.3	82.74	364	#90ff00
QGW08850.1	494.5	80.0	354	#00ffd0
QGW08840.1	501.1	91.808	354	#00ff85
O18913.2	552.7	100.0	364	#acff00
NP_001009242.1	499.9	99.138	348	#00ff94
XP_019678889.1	552.2	100.0	305	#aaff00
XP_019678887.1	448.0	100.0	345	#003bff
XP_003983068.1	428.8	91.404	349	#3c00e4
XP_044207687.1	490.5	93.503	354	#00fffa
XP_044204674.1	418.7	90.341	352	#5900cb
XP_044203741.1	463.7	89.855	345	#008cff
XP_044203739.1	492.9	87.5	345	#00ffe1
XP_044203738.1	501.3	87.749	351	#00ff83
XP_044203737.1	502.4	84.348	354	#00ff76
XP_044203734.1	515.9	90.909	354	#23ff00
XP_044190493.1	490.8	21.667	379	#00fff7
APY20564.1	370.4	70.986	384	#610061
APY20563.1	530.3	77.045	379	#5fff00
BAJ22054.1	563.8	85.488	379	#cfff00
BAJ22053.1	543.5	84.031	381	#8dff00
BAJ22052.1	441.4	76.903	381	#000fff
BAJ22051.1	393.9	80.577	381	#6f008a
QPZ85632.1	512.8	100.0	352	#13ff00
QPZ85628.1	515.1	86.686	353	#1fff00
QPZ85623.1	455.3	49.547	350	#0063ff
QPZ85611.1	491.7	100.0	351	#00ffee
XP_064289254.1	502.7	91.597	351	#00ff72
XP_064255228.1	505.3	99.718	355	#00ff50
AJD38782.1	423.1	84.703	353	#4e00d6
NP_001298010.1	363.2	100.0	347	#610061
XP_033927774.1	477.9	79.109	357	#00ccff
XP_033927629.1	555.1	94.633	363	#b3ff00
XP_012983668.1	503.5	98.291	369	#00ff68
XP_005145855.1	503.5	98.006	351	#00ff68
XP_005142888.1	502.1	97.183	355	#00ff79
BAB55453.1	552.5	87.397	365	#abff00
BAB55452.1	503.7	91.525	354	#00ff65
BAB79499.1	361.8	93.134	347	#610061
BAB39378.1	470.4	100.0	363	#00abff
P35358.1	545.7	85.479	365	#95ff00
P35357.1	466.3	100.0	355	#0099ff
AAG61163.1	358.7	100.0	347	#610061
XP_047439382.1	475.5	20.661	345	#00c2ff
XP_047439381.1	517.4	90.909	352	#2aff00
XP_047439380.1	516.6	92.33	352	#27ff00
XP_047439379.1	516.6	90.625	352	#27ff00
XP_047439079.1	564.2	20.661	357	#d0ff00
XP_047440995.1	496.9	97.443	353	#00ffb6
CAA77250.1	496.9	97.443	353	#00ffb6
XP_021484930.1	505.7	93.036	359	#00ff4b
XP_021517546.1	361.9	92.486	346	#610061
XP_021496704.1	498.8	95.402	348	#00ffa0
KPI94663.1	475.6	27.174	320	#00c2ff
XP_013168193.1	475.0	27.174	320	#00c0ff
XP_013165248.1	372.0	47.17	403	#610061
XP_013165247.1	372.9	48.136	479	#610061
BAA31723.1	570.2	100.0	379	#e2ff00
BAA31722.1	541.9	84.987	379	#88ff00
BAA31721.1	543.3	100.0	379	#8dff00
KAL2807162.1	500.9	97.701	348	#00ff88
KAL2777651.1	372.2	91.304	345	#610061
KAL2767968.1	539.3	95.33	364	#7fff00
ABR53751.1	372.2	91.379	348	#610061
ABR53750.1	372.2	91.379	348	#610061
AZT81967.1	552.6	93.132	364	#abff00
AZT81921.1	500.1	97.126	348	#00ff91
BAD14290.1	415.4	89.244	346	#5f00c3
BAM66995.1	436.2	85.039	381	#1b00f6
BAH57295.1	550.1	82.796	382	#a3ff00
BAH57294.1	473.2	84.84	376	#00b8ff
BAH57293.1	504.8	78.933	373	#00ff57
BAH57292.1	363.6	84.252	380	#610061
AVR48193.1	509.0	91.243	352	#00ff17
QCB20396.1	492.5	86.607	345	#00ffe5
QCB20361.1	436.9	80.627	351	#1700f8
QCB20338.1	557.7	89.636	357	#bcff00
QCB20312.1	513.0	92.33	352	#15ff00
QCB20261.1	474.9	90.179	345	#00bfff
QCB20246.1	452.7	81.87	352	#0055ff
QCB20395.1	492.5	100.0	345	#00ffe5
QCB20311.1	513.0	88.988	352	#15ff00
QCB20260.1	474.9	21.552	345	#00bfff
AUS89454.1	453.5	96.541	352	#0059ff
AUS89453.1	436.9	80.627	351	#1700f8
AUS89450.1	495.4	93.22	354	#00ffc6
AUS89449.1	553.9	89.916	357	#b0ff00
AJD38900.1	436.9	80.627	351	#1700f8
XP_014881004.1	356.1	99.403	335	#610061
XP_014916209.1	439.1	96.866	351	#0900fd
XP_014916208.1	407.8	98.295	354	#6a00af
XP_014905008.1	522.5	89.888	357	#40ff00
XP_014904171.1	564.1	98.034	356	#d0ff00
XP_014902744.1	501.4	96.045	354	#00ff82
XP_014897888.1	475.3	97.391	345	#00c1ff
XP_014897886.1	517.3	99.148	352	#2aff00
XP_014882994.1	497.2	21.875	365	#00ffb2
AEQ53951.1	517.3	97.443	346	#2aff00
AEQ53935.1	527.4	96.359	357	#54ff00
AJD38881.1	435.3	80.342	351	#2000f4
YDB82717.1	519.3	65.676	378	#33ff00
YDB82716.1	415.2	65.579	377	#6000c2
YDB82715.1	456.0	60.108	371	#0066ff
YDB82714.1	413.4	45.143	419	#6300bd
XP_022175109.1	406.2	46.286	422	#6c00ab
AAY26030.1	499.8	98.87	354	#00ff95
AAX11204.1	559.4	93.838	356	#c1ff00
ADB98069.1	527.4	99.148	352	#54ff00
AAY26067.1	517.5	99.716	352	#2bff00
ADA77663.1	481.6	99.716	352	#00dcff
Q90309.1	359.7	100.0	336	#610061
P32310.1	442.5	100.0	351	#0017ff
XP_026116811.1	509.4	100.0	349	#00ff0f
XP_026069166.1	503.5	100.0	349	#00ff68
XP_026069165.1	490.7	92.264	349	#00fff8
XP_026069164.1	490.9	91.223	370	#00fff6
XP_026131432.1	559.0	99.72	357	#c0ff00
XP_026117029.1	550.9	95.798	357	#a6ff00
XP_026117008.1	453.4	93.966	353	#0059ff
XP_026107414.1	501.3	96.045	354	#00ff83
XP_026107403.1	501.0	98.305	354	#00ff87
P32313.1	559.0	100.0	357	#c0ff00
AAA49191.1	494.0	100.0	354	#00ffd5
ACZ97946.1	550.9	95.238	357	#a6ff00
XP_040264312.1	500.4	90.96	354	#00ff8e
XP_040261019.1	549.3	86.575	365	#a1ff00
XP_040260821.1	426.1	91.713	362	#4500dd
XP_040269468.1	401.9	85.014	349	#6f009f
KAM9536585.1	553.5	87.375	301	#aeff00
KAM9536584.1	546.2	86.379	301	#96ff00
KAM9536581.1	423.4	74.359	354	#4d00d7
KAM9525380.1	508.4	81.287	346	#00ff22
KAM9523150.1	507.0	76.724	346	#00ff38
KAM9523145.1	492.2	78.771	347	#00ffe8
KAM9522752.1	490.4	77.095	347	#00fffb
KAM9505088.1	501.0	87.571	354	#00ff87
XP_071226711.1	555.5	85.714	357	#b5ff00
XP_071187826.1	560.6	85.92	353	#c5ff00
XP_032827541.1	537.5	100.0	365	#79ff00
XP_032827379.1	498.6	100.0	353	#00ffa3
XP_014088321.1	373.3	72.312	378	#610061
XP_014088320.1	355.0	77.333	387	#610061
XP_014087806.1	525.0	83.791	375	#4aff00
XP_014085801.1	508.1	66.106	393	#00ff27
XP_014103404.1	483.7	93.407	369	#00e5ff
XP_025762987.1	527.4	100.0	352	#54ff00
XP_003448804.1	361.2	99.403	335	#610061
XP_003448394.1	472.0	100.0	352	#00b2ff
XP_003448392.1	517.5	98.295	352	#2bff00
XP_003442679.1	453.6	100.0	351	#005aff
XP_003442678.1	423.9	100.0	351	#4b00d8
XP_003442677.1	559.0	99.44	357	#c0ff00
XP_003439053.1	499.1	97.175	354	#00ff9d
ADW80529.1	423.9	99.715	351	#4b00d8
ADW80526.1	517.5	99.148	352	#2bff00
ADW80524.1	479.7	98.864	352	#00d4ff
BAO03865.1	382.1	62.393	377	#650068
BAO03864.1	535.2	72.917	379	#71ff00
XP_018545448.2	368.0	89.053	357	#610061
XP_018553461.1	500.0	88.983	354	#00ff92
XP_018542041.1	518.0	94.886	352	#2dff00
XP_018541506.1	500.2	93.586	353	#00ff90
XP_018541321.1	491.0	87.798	345	#00fff5
XP_018541320.1	473.7	88.69	345	#00baff
XP_018540731.1	496.4	23.868	381	#00ffbb
XP_018535504.1	437.9	88.102	351	#1100fa
XP_018535500.1	438.5	82.906	351	#0d00fb
XP_018535499.1	415.3	92.33	352	#6000c2
XP_018535498.1	560.5	94.398	357	#c4ff00
XP_018535497.1	564.0	91.011	357	#cfff00
BAE66717.1	495.9	95.48	354	#00ffc1
NP_001041646.1	530.5	100.0	364	#5fff00
P03999.2	422.1	100.0	345	#5000d3
P04000.2	557.2	99.725	364	#baff00
NP_000530.1	498.8	96.552	348	#00ffa0
KAI4015720.1	422.1	100.0	348	#5000d3
KAI4001550.1	560.7	99.725	364	#c5ff00
KAI2601336.1	533.2	99.725	364	#69ff00
KAI2601331.1	546.4	98.626	364	#97ff00
ALC78883.1	498.8	96.264	348	#00ffa0
AKR04379.1	498.8	96.264	348	#00ffa0
CAA92342.1	560.7	100.0	364	#c5ff00
AAI71754.1	530.5	99.725	364	#5fff00
AIK20539.1	498.8	96.264	348	#00ffa0
AAL31362.1	422.1	99.713	348	#5000d3
XP_061760219.1	496.2	92.09	352	#00ffbe
XP_061730826.1	456.6	82.051	351	#006aff
XP_061730825.1	429.4	84.943	352	#3900e5
XP_061730824.1	563.7	92.997	359	#ceff00
XP_061730401.1	493.8	88.636	352	#00ffd7
XP_061730400.1	516.8	92.045	352	#27ff00
ACS49827.1	496.4	100.0	352	#00ffbb
UJY64326.1	461.2	82.796	384	#0080ff
QIW86051.1	470.1	45.665	375	#00aaff
QIW86050.1	533.9	67.227	378	#6cff00
QIW86049.1	535.0	69.921	374	#70ff00
QIW86048.1	531.0	67.052	368	#61ff00
QIW86047.1	609.6	100.0	372	#ff9d00
QIW86046.1	573.2	84.252	361	#ebff00
QIW86045.1	537.0	89.182	379	#77ff00
QIW86043.1	537.5	86.807	379	#79ff00
QIW86042.1	536.4	94.474	380	#75ff00
QIW86041.1	538.3	100.0	379	#7cff00
QIW86037.1	540.0	68.602	377	#81ff00
QIW86036.1	540.0	68.602	377	#81ff00
QIW86035.1	532.2	65.374	378	#66ff00
QIW86034.1	457.8	42.938	385	#0070ff
QIW86033.1	457.8	45.104	382	#0070ff
QIW86032.1	458.4	45.251	378	#0073ff
QIW86031.1	470.0	45.125	382	#00a9ff
QIW86030.1	465.1	45.855	386	#0093ff
QIW86029.1	537.9	73.351	378	#7aff00
QIW86028.1	461.0	42.045	376	#007fff
QIW86027.1	467.0	45.455	386	#009cff
QIW86026.1	461.3	46.933	384	#0081ff
QIW86025.1	527.8	68.144	381	#55ff00
QIW86023.1	536.8	63.588	378	#76ff00
AUC64078.1	470.0	45.125	382	#00a9ff
AUC64077.1	609.6	99.731	372	#ff9d00
ABG37007.1	543.6	67.81	377	#8eff00
ABG37009.1	546.0	68.074	377	#96ff00
ABG37008.1	604.8	94.638	373	#ffae00
AVR48096.1	496.1	90.462	350	#00ffbf
AVR48095.1	495.5	90.751	350	#00ffc5
AVR48093.1	496.9	90.751	350	#00ffb6
AAU29518.2	358.7	95.665	346	#610061
AAW69833.1	551.9	96.694	363	#a9ff00
NP_001267588.1	487.8	100.0	348	#00f6ff
XP_019789203.1	528.1	100.0	364	#56ff00
XP_004311163.2	408.6	89.368	354	#6900b1
AHA48203.1	349.7	88.579	377	#610061
AHA48192.1	539.6	92.651	381	#80ff00
AHA48180.1	443.2	80.628	382	#001cff
BAM64745.1	517.5	98.58	352	#2bff00
BAM64744.1	517.5	98.011	352	#2bff00
BAM64743.1	517.5	98.864	352	#2bff00
BAM64735.1	517.5	98.011	352	#2bff00
BAM64733.1	517.5	97.727	352	#2bff00
BAM64732.1	517.5	98.011	352	#2bff00
BAM64563.1	500.8	96.61	354	#00ff89
BAM64176.1	551.2	92.997	357	#a7ff00
BAM64175.1	428.1	99.145	351	#3e00e2
BAM64174.1	452.9	96.866	351	#0056ff
BAM64170.1	428.1	98.86	351	#3e00e2
BAM64155.1	453.6	96.581	351	#005aff
BAM64153.1	452.9	96.581	351	#0056ff
BAM63838.1	517.5	97.727	352	#2bff00
BAM63837.1	517.5	98.011	352	#2bff00
BAM63833.1	517.5	97.727	352	#2bff00
BAM63832.1	517.0	97.727	352	#28ff00
BAM63831.1	517.5	97.727	352	#2bff00
BAM63828.1	517.5	98.295	352	#2bff00
BAM63827.1	517.5	98.295	352	#2bff00
BAM63826.1	517.5	98.011	352	#2bff00
BAM63824.1	517.5	98.011	352	#2bff00
BAM63774.1	526.9	99.432	352	#52ff00
BAM63771.1	526.9	99.148	352	#52ff00
BAM63769.1	526.9	99.148	352	#52ff00
AAC47083.1	533.4	78.158	378	#6aff00
AAC05092.1	356.4	84.986	369	#610061
O18912.2	544.6	100.0	364	#91ff00
XP_001502785.2	413.0	90.571	347	#6300bc
XP_070093338.1	498.2	97.535	305	#00ffa7
XP_023475702.2	498.8	97.989	348	#00ffa0
QDR51015.1	531.3	94.96	377	#62ff00
QDR51014.1	446.2	80.84	384	#0030ff
QDR51013.1	350.0	84.921	377	#610061
AAD11965.1	350.0	83.598	377	#610061
AAD11964.1	531.3	93.103	377	#62ff00
AAD11966.1	446.2	80.84	384	#0030ff
CAK7307223.1	403.5	91.977	348	#6e00a4
CAK7313563.1	551.5	94.78	364	#a8ff00
XP_041619878.1	499.7	96.839	348	#00ff96
XP_052329676.1	483.7	77.374	347	#00e5ff
XP_052329675.1	489.3	77.654	347	#00fcff
XP_035633247.2	548.3	85.632	353	#9dff00
XP_052363545.1	562.0	85.345	353	#c9ff00
XP_035597251.1	520.9	82.768	353	#3aff00
XP_035594035.1	501.8	88.136	354	#00ff7d
XP_035653299.1	495.6	79.37	345	#00ffc4
XP_035633248.1	423.4	74.644	354	#4d00d7
XP_035633246.1	559.1	85.994	357	#c0ff00
AAP58335.1	423.4	74.359	354	#4d00d7
AAP58334.1	364.4	82.282	334	#610061
AAP58333.1	507.0	77.586	346	#00ff38
AAP58331.1	559.1	84.594	357	#c0ff00
XP_059703677.1	363.0	98.555	346	#610061
XP_059728382.1	440.6	96.961	362	#0007ff
XP_059728321.1	559.4	99.452	365	#c1ff00
XP_059723505.1	505.3	99.718	355	#00ff50
XP_059712882.1	502.7	91.597	351	#00ff72
BAU71684.1	368.9	72.0	382	#610061
BAU71683.1	522.8	78.74	380	#41ff00
BBA85529.1	371.2	76.577	333	#610061
BBA85528.1	498.4	81.948	345	#00ffa5
BBA85527.1	496.9	82.235	345	#00ffb6
BBA85526.1	493.8	79.943	345	#00ffd7
BBA85525.1	546.7	83.2	375	#98ff00
BBA85524.1	499.1	88.92	351	#00ff9d
BBA85523.1	498.4	81.662	345	#00ffa5
BBA85521.1	493.8	79.656	345	#00ffd7
BBA85441.1	546.7	87.395	357	#98ff00
XP_071893658.1	408.1	92.464	346	#6a00b0
XP_027300704.1	506.1	98.873	355	#00ff45
XP_005012111.1	501.9	99.43	351	#00ff7c
XP_080029008.1	478.0	44.22	376	#00cdff
XP_080028139.1	485.5	41.477	368	#00ecff
XP_080028138.1	500.8	38.329	371	#00ff89
XP_080027994.1	480.0	41.322	374	#00d5ff
XP_080027699.1	472.2	43.353	366	#00b3ff
XP_080027698.1	472.2	43.353	366	#00b3ff
XP_080027697.1	476.6	43.353	377	#00c7ff
XP_080027470.1	503.5	37.5	312	#00ff68
XP_080027469.1	496.3	38.953	370	#00ffbc
XP_080026868.1	481.7	41.714	363	#00ddff
XP_080026867.1	482.6	41.714	375	#00e0ff
XP_080026866.1	480.4	43.931	377	#00d7ff
XP_080026846.1	478.3	41.143	375	#00ceff
XP_080034707.1	485.6	39.21	370	#00edff
XP_080031439.1	507.5	40.964	370	#00ff30
XP_080029482.1	483.6	44.251	300	#00e5ff
XP_080029481.1	480.1	43.945	300	#00d6ff
XP_080029480.1	493.7	43.068	371	#00ffd9
XP_080029479.1	489.5	43.953	371	#00fdff
NP_001284385.1	440.3	98.291	351	#0004ff
XP_008422777.1	505.8	23.932	365	#00ff49
NP_001315989.1	515.9	100.0	357	#23ff00
NP_001315988.1	566.6	91.292	357	#d7ff00
NP_001284381.1	560.6	100.0	356	#c5ff00
NP_001284379.1	544.7	99.157	356	#91ff00
NP_001299581.1	503.7	88.986	354	#00ff65
NP_001284419.1	355.8	88.986	335	#610061
ACB99445.1	560.6	88.986	356	#c5ff00
ACB99436.1	544.7	98.596	356	#91ff00
ACB99435.1	544.7	98.876	356	#91ff00
ACB99434.1	544.7	98.315	356	#91ff00
ACB99432.1	544.7	98.034	356	#91ff00
NP_001284387.1	514.8	100.0	352	#1eff00
NP_001284383.1	407.8	100.0	354	#6a00af
NP_001284389.1	474.1	100.0	345	#00bcff
CAA72034.1	504.1	99.153	354	#00ff60
AQZ42172.1	503.7	99.435	354	#00ff65
BAU59423.1	355.8	100.0	335	#610061
BAU59422.1	408.0	100.0	352	#6a00af
BAU59421.1	440.3	100.0	351	#0004ff
BAU59417.1	523.4	100.0	356	#44ff00
BAM74446.1	408.0	99.432	352	#6a00af
BAM74443.1	523.4	98.288	356	#44ff00
BAM74442.1	523.6	98.31	357	#45ff00
BAM74441.1	566.9	49.697	356	#d8ff00
AEL89379.1	544.7	49.697	356	#91ff00
ABI33106.1	504.1	98.31	354	#00ff60
ABA56304.1	562.8	98.31	356	#ccff00
ABA56303.1	523.4	49.697	356	#44ff00
ABA56302.1	560.6	99.719	356	#c5ff00
P35358.1	545.7	85.479	365	#95ff00
P35357.1	466.3	100.0	355	#0099ff
AAG61163.1	358.7	100.0	347	#610061
ART29965.1	374.2	81.481	378	#610061
ART29964.1	365.6	86.772	378	#610061
ART29963.1	441.5	86.842	380	#000fff
ART29962.1	534.8	81.746	380	#6fff00
ART29960.1	439.9	86.842	380	#0200ff
AAY16538.2	374.2	81.481	378	#610061
AAY16540.1	534.8	81.481	380	#6fff00
AAY16539.1	441.5	86.579	380	#000fff
AAY16537.1	365.6	86.772	378	#610061
AZT82013.1	362.9	90.49	346	#610061
AZT81975.1	545.2	92.857	364	#93ff00
AZT81929.1	500.1	97.701	348	#00ff91
AKS10573.1	496.3	93.22	354	#00ffbc
ARO86048.1	357.0	91.066	347	#610061
ARO86021.1	556.9	82.466	365	#b9ff00
ARO85994.1	477.0	89.577	355	#00c8ff
XP_044736045.1	371.0	70.278	382	#610061
XP_044727952.1	534.0	76.0	371	#6cff00
XP_044733194.1	392.9	48.464	444	#6f0087
AAV53958.1	489.7	100.0	346	#00feff
AAX99140.1	368.2	100.0	336	#610061
AJD38852.1	437.8	81.87	353	#1200fa
AAT91642.1	360.4	88.021	383	#610061
AAT91645.1	546.0	77.428	378	#96ff00
AAT91644.1	577.9	79.534	377	#f9ff00
AAT91643.1	475.8	78.515	380	#00c3ff
XP_013189733.2	457.8	22.393	396	#0070ff
CAA44275.1	498.6	91.808	352	#00ffa3
CAZ86757.1	497.4	91.243	352	#00ffb0
CAZ86755.1	497.4	91.525	352	#00ffb0
CAZ86750.1	498.6	91.525	352	#00ffa3
CAZ86749.1	497.9	90.678	352	#00ffab
CAZ86748.1	498.6	91.243	352	#00ffa3
CAZ86747.1	498.6	91.243	352	#00ffa3
CAZ86746.1	498.6	91.525	352	#00ffa3
CAZ86744.1	498.6	91.243	352	#00ffa3
CAZ86743.1	498.6	90.96	352	#00ffa3
UVC66209.1	449.1	82.051	350	#0041ff
UVC66205.1	495.8	100.0	351	#00ffc2
UVC66200.1	496.3	86.377	345	#00ffbc
UVC66199.1	517.6	100.0	352	#2bff00
UVC66198.1	517.1	100.0	353	#29ff00
XP_069580247.1	369.1	74.26	313	#610061
XP_069569879.1	501.2	23.077	369	#00ff84
XP_069546767.1	517.5	89.049	352	#2bff00
XP_069546765.1	522.2	86.167	352	#3fff00
XP_069580166.1	498.4	89.943	352	#00ffa5
XP_069580158.1	498.5	89.706	362	#00ffa4
XP_069570301.1	442.8	82.336	351	#0019ff
XP_069570289.1	418.6	85.227	352	#5900cb
XP_069570004.1	544.4	93.557	357	#90ff00
KAM9830909.1	495.5	91.808	354	#00ffc5
KAM9799185.1	516.6	88.636	352	#27ff00
KAM9799156.1	422.9	83.388	307	#4e00d5
KAM9799155.1	455.5	84.375	352	#0064ff
KAM9799154.1	565.0	91.292	356	#d2ff00
XP_061149618.1	482.5	22.909	324	#00e0ff
XP_061148188.1	419.1	82.386	352	#5800cc
QPZ85621.1	457.0	81.197	351	#006cff
QPZ85617.1	510.2	84.058	345	#02ff00
QPZ85609.1	498.1	100.0	352	#00ffa8
AHE80983.1	556.0	44.828	363	#b6ff00
AHE80982.1	363.3	94.96	347	#610061
XP_035239401.1	500.3	96.045	352	#00ff8f
XP_035237351.1	478.9	84.0	350	#00d1ff
XP_035237343.1	510.8	88.047	347	#07ff00
ACT34385.1	431.9	71.549	359	#2f00ec
ACT34384.1	510.8	88.338	347	#07ff00
2206482A	500.3	94.752	352	#00ff8f
XP_032253397.1	551.0	93.681	364	#a6ff00
XP_032268123.1	499.9	100.0	348	#00ff94
XP_032257510.1	404.9	88.825	348	#6d00a7
AAP13017.1	551.0	93.681	364	#a6ff00
AAD16998.1	551.0	93.407	364	#a6ff00
AVR48184.1	509.0	92.42	350	#00ff17
XP_006088441.1	359.1	93.714	349	#610061
XP_006087726.1	554.9	93.681	364	#b3ff00
XP_006083873.1	497.1	97.414	348	#00ffb4
XP_074033217.1	377.1	48.113	478	#610061
XP_074027146.1	510.0	88.172	376	#00ff00
XP_074027145.1	510.0	88.172	384	#00ff00
XP_074036764.1	386.3	74.074	378	#6a0074
XP_023018922.2	367.0	71.618	377	#610061
APY20620.1	511.3	87.903	376	#0bff00
APY20619.1	367.0	71.618	377	#610061
BFM47289.1	502.3	92.373	354	#00ff77
BAD14290.1	415.4	89.244	346	#5f00c3
XP_031353294.1	365.8	67.742	384	#610061
XP_031335339.1	431.2	42.818	405	#3200ea
APY20649.1	526.5	75.789	378	#50ff00
AXY64822.1	365.1	67.473	384	#610061
AXY64804.1	365.8	67.473	384	#610061
AXY64777.1	365.8	68.293	384	#610061
AXY64749.1	365.5	67.473	384	#610061
AXY64727.1	365.8	68.022	384	#610061
AXY64724.1	365.8	67.742	384	#610061
AXY64715.1	365.8	69.916	384	#610061
AXY64697.1	365.8	68.293	384	#610061
AXY64664.1	365.8	68.293	384	#610061
AXY64659.1	365.8	68.022	384	#610061
AXY64578.1	526.5	75.789	378	#50ff00
AXY64576.1	526.5	75.789	378	#50ff00
AXY64503.1	526.5	74.934	378	#50ff00
ALB48826.1	526.5	75.526	378	#50ff00
BCK34770.1	351.4	88.108	377	#610061
BCK34760.1	446.2	81.89	384	#0030ff
BCK34750.1	529.9	96.286	377	#5dff00
XP_074882855.1	394.9	96.44	309	#70008c
XP_074882852.1	400.4	97.983	347	#6f009b
XP_074912215.1	500.6	99.155	355	#00ff8b
XP_074909660.1	500.0	98.291	351	#00ff92
AVR48164.1	509.0	91.808	352	#00ff17
AVR48162.1	508.3	92.373	352	#00ff23
P22329.1	568.1	100.0	362	#dcff00
P28683.1	509.0	100.0	355	#00ff17
NP_990769.1	412.3	99.712	347	#6500bb
P28682.1	453.9	100.0	361	#005cff
NP_001384426.1	503.1	100.0	351	#00ff6d
NP_990771.2	567.1	99.724	362	#d9ff00
BAA00610.1	503.1	100.0	351	#00ff6d
XP_021702394.1	466.8	52.508	326	#009bff
XP_021698798.1	353.2	69.722	381	#610061
XP_001652725.2	531.8	64.225	379	#64ff00
WIF22033.1	362.8	45.892	338	#610061
Q95YI3.1	525.3	87.435	381	#4cff00
QPZ85635.1	517.1	87.216	352	#29ff00
QPZ85634.1	517.6	86.119	353	#2bff00
QPZ85630.1	517.6	86.402	353	#2bff00
QPZ85625.1	445.4	82.336	350	#002bff
QPZ85613.1	490.9	100.0	350	#00fff6
XHY98919.1	563.6	93.973	365	#ceff00
O35599.1	506.3	100.0	359	#00ff42
P51491.1	357.9	100.0	346	#610061
NP_663358.1	500.1	97.414	348	#00ff91
XP_017176982.1	500.1	97.742	310	#00ff91
XP_006505924.1	500.1	97.289	338	#00ff91
XP_006505923.1	500.1	93.678	344	#00ff91
AAA63392.1	500.1	97.126	348	#00ff91
EDK99546.1	496.2	96.571	303	#00ffbe
AAR08201.1	496.1	31.834	377	#00ffbf
XP_055852478.1	446.7	61.157	377	#0033ff
XP_055849681.1	501.7	67.292	380	#00ff7e
XP_055846891.1	372.3	61.85	494	#610061
XP_055845990.1	491.2	71.85	373	#00fff3
XP_055845989.1	489.6	72.386	373	#00fdff
XP_055840463.1	361.8	79.167	312	#610061
XP_055840462.1	353.1	78.904	378	#610061
XP_055840461.1	366.9	73.077	380	#610061
XP_055840460.1	393.7	72.603	382	#6f0089
XP_055839925.1	521.1	75.549	369	#3aff00
XP_055839716.1	500.8	55.679	314	#00ff89
XP_055839715.1	496.4	65.928	367	#00ffbb
XP_055839710.1	500.1	70.308	369	#00ff91
XP_055839709.1	488.1	71.944	369	#00f7ff
XP_055839708.1	483.5	69.542	369	#00e4ff
WIU64933.1	361.2	53.125	393	#610061
ART29976.1	367.2	88.624	378	#610061
ART29975.1	442.6	85.263	380	#0018ff
ART29974.1	535.1	81.217	380	#70ff00
AAC12763.1	483.6	100.0	348	#00e5ff
AAX99141.1	364.3	93.452	336	#610061
CCO61975.1	452.9	45.251	376	#0056ff
CCO61974.1	537.6	75.275	402	#79ff00
CCO61973.1	533.6	68.194	380	#6bff00
CCP46950.1	510.0	42.069	390	#00ff00
XCG46322.1	516.3	81.408	354	#25ff00
XCG46316.1	499.4	89.548	354	#00ff99
XP_004548807.3	527.6	99.716	352	#55ff00
XP_004571970.3	453.6	96.866	351	#005aff
XP_004571972.3	552.3	92.997	357	#aaff00
XP_004546142.2	498.9	98.023	354	#00ff9f
XP_004548809.1	516.9	99.716	352	#28ff00
XP_004548806.1	483.8	100.0	352	#00e5ff
XP_004538122.1	516.1	21.552	374	#24ff00
NP_001297003.1	366.4	100.0	335	#610061
NP_001297001.1	423.9	99.715	351	#4b00d8
ADJ54173.1	364.3	98.209	335	#610061
AAY26029.1	498.9	98.305	354	#00ff9f
ADI72254.1	516.1	98.864	352	#24ff00
ADI72253.1	517.5	98.864	352	#2bff00
ADI72141.1	453.6	97.151	351	#005aff
ADW80533.1	516.9	100.0	352	#28ff00
ADW80522.1	559.3	93.838	357	#c1ff00
ADW80520.1	460.1	96.591	352	#007bff
P08255.2	374.9	74.185	378	#610061
P04950.1	349.8	100.0	383	#610061
P08099.1	501.8	69.565	381	#00ff7d
P06002.1	483.7	100.0	373	#00e5ff
NP_524368.5	515.0	100.0	369	#1fff00
NP_001285859.1	434.9	100.0	382	#2200f3
NP_524035.2	352.3	100.0	483	#610061
AAA28856.1	374.1	72.973	378	#610061
AAA28735.1	487.7	94.37	353	#00f6ff
AAB38966.1	438.7	98.168	382	#0c00fc
XP_014984036.3	557.8	98.626	364	#bcff00
XP_028698156.2	530.0	98.626	379	#5eff00
XP_001094250.1	499.9	35.362	348	#00ff94
XP_001091869.1	415.1	35.362	349	#6000c2
QNS17640.1	518.0	96.307	352	#2dff00
QNS17639.1	469.9	93.333	345	#00a9ff
AAP57197.2	447.8	100.0	351	#003aff
AAP57200.1	558.4	94.398	357	#beff00
AAP57199.1	518.0	96.254	348	#2dff00
AAP57198.1	502.7	94.915	354	#00ff72
AAP57196.1	397.8	100.0	354	#700094
AAP57195.1	362.2	100.0	335	#610061
AAP57201.1	559.7	89.752	326	#c2ff00
XP_042180545.1	489.4	77.654	347	#00fdff
XP_024237234.2	556.7	80.84	403	#b8ff00
XP_024240773.1	501.8	88.418	354	#00ff7d
XP_024230841.1	521.1	93.103	334	#3aff00
XP_024230840.1	520.9	80.84	351	#3aff00
XP_024230839.1	515.3	80.84	474	#20ff00
XP_024283476.1	505.0	75.287	346	#00ff54
XP_024283475.1	493.1	79.943	345	#00ffdf
XP_024283473.1	507.0	76.437	346	#00ff38
XP_024283472.1	491.9	78.771	347	#00ffeb
AAP58330.1	423.4	74.074	354	#4d00d7
AAP58329.1	364.4	81.381	334	#610061
AAP58328.1	507.0	78.161	346	#00ff38
AAP58326.1	556.7	84.314	357	#b8ff00
NP_001117794.1	423.4	84.252	354	#4d00d7
NP_001117795.1	507.0	81.408	346	#00ff38
NP_001117793.1	364.4	89.548	334	#610061
NP_001117792.1	559.7	44.444	357	#c2ff00
XP_036812510.1	562.0	64.865	353	#c9ff00
XP_036839803.1	489.0	84.713	318	#00fbff
XP_036839802.1	489.4	77.654	347	#00fdff
XP_021471198.1	521.1	90.113	353	#3aff00
XP_021465991.1	493.1	79.656	345	#00ffdf
XP_021465987.1	491.9	78.492	347	#00ffeb
NP_001117791.1	501.8	66.897	354	#00ff7d
XP_074706113.1	506.5	95.211	355	#00ff3f
XP_074692878.1	501.3	99.145	351	#00ff83
ABC84497.1	363.3	94.22	346	#610061
ABC84496.1	550.1	94.278	367	#a3ff00
XP_040048545.2	498.1	91.643	352	#00ffa8
XP_077948118.1	512.5	87.572	352	#12ff00
XP_040059551.2	512.1	87.283	352	#0fff00
XP_040060393.2	564.7	93.277	357	#d1ff00
XP_040058947.2	446.6	81.303	351	#0032ff
XP_040031129.2	361.4	86.269	357	#610061
AGL76522.1	556.7	92.437	357	#b8ff00
AGL76521.1	559.2	92.717	357	#c0ff00
AGL76520.1	564.7	92.997	357	#d1ff00
AGL76517.1	556.7	92.437	357	#b8ff00
AGL76516.1	512.1	86.127	352	#0fff00
AGL76515.1	512.1	87.572	352	#0fff00
AAY26034.1	499.8	99.435	354	#00ff95
AAX11208.1	555.9	93.557	356	#b6ff00
ADB98062.1	527.6	99.716	352	#55ff00
ADA77646.1	481.1	98.864	352	#00daff
AAY26071.1	517.5	99.432	352	#2bff00
UUJ34164.1	495.3	92.938	353	#00ffc7
UUJ34163.1	474.5	92.437	357	#00beff
UAY98677.1	516.5	89.773	354	#26ff00
UAY98676.1	513.6	90.909	352	#18ff00
UAY98675.1	491.5	87.202	349	#00fff0
UAY98674.1	472.7	89.275	345	#00b6ff
UAY98672.1	442.4	84.986	351	#0016ff
UAY98671.1	442.7	81.766	351	#0019ff
UAY98670.1	414.6	88.952	353	#6100c1
UAY98669.1	555.0	91.877	357	#b3ff00
UAY98665.1	490.9	92.655	353	#00fff6
UAY98647.1	366.7	88.757	338	#610061
AVR48139.1	493.9	91.04	350	#00ffd6
BAD02410.1	500.9	100.0	348	#00ff88
AAT91638.1	552.8	92.651	381	#acff00
AAT91641.1	359.9	95.573	384	#610061
AAT91640.1	501.4	90.789	380	#00ff82
AAT91639.1	489.6	91.185	377	#00fdff
P51473.1	423.8	100.0	347	#4c00d8
NP_001084114.1	558.2	92.055	365	#bdff00
NP_001080517.1	502.1	99.153	354	#00ff79
NP_001082611.1	429.9	89.227	362	#3700e7
XP_041429297.1	470.2	27.179	337	#00aaff
XP_018088887.1	472.6	26.154	337	#00b5ff
XP_018087432.1	504.8	27.948	345	#00ff57
AAR24539.1	431.9	31.058	341	#2f00ec
AAB27128.2	502.1	99.153	354	#00ff79
AAC42232.1	502.1	100.0	354	#00ff79
QTX16876.1	512.0	90.113	354	#0fff00
QTX16875.1	498.8	78.873	354	#00ffa0
QTX16874.1	557.5	84.11	365	#bbff00
NP_001298010.1	363.2	100.0	347	#610061
XP_033927774.1	477.9	79.109	357	#00ccff
XP_033927629.1	555.1	94.633	363	#b3ff00
XP_012983668.1	503.5	98.291	369	#00ff68
XP_005145855.1	503.5	98.006	351	#00ff68
XP_005142888.1	502.1	97.183	355	#00ff79
XP_050866666.1	517.8	73.262	375	#2cff00
XP_050869610.1	333.4	84.987	373	#610061
XP_050858377.1	402.2	71.088	378	#6f00a0
AWC68272.1	362.8	87.651	347	#610061
AWC68210.1	533.7	93.151	364	#6bff00
AWC68091.1	496.6	95.739	352	#00ffb9
AHA48201.1	355.3	88.858	379	#610061
AHA48189.1	538.8	93.438	381	#7dff00
AHA48171.1	448.2	80.366	382	#003cff
AVR48187.1	507.8	91.243	352	#00ff2c
AAT72126.1	555.6	92.157	357	#b5ff00
AAT72125.1	469.1	93.201	353	#00a5ff
AAT72124.1	516.9	89.773	352	#28ff00
XP_055690820.1	417.6	44.444	350	#5b00c8
XP_055689643.1	368.8	64.865	380	#610061
XP_004018583.1	499.4	97.701	348	#00ff99
XP_004008096.1	432.1	98.281	349	#2f00ec
AVR48112.1	495.4	91.86	351	#00ffc6
AVR48109.1	496.0	92.128	350	#00ffc0
ADQ01811.1	439.6	52.778	380	#0500fe
ADQ01810.1	461.1	43.514	378	#0080ff
ADQ01809.1	455.5	44.474	377	#0064ff
XP_023368985.1	501.1	76.308	338	#00ff85
XP_003802604.1	537.8	100.0	384	#7aff00
XP_003796277.1	500.9	100.0	348	#00ff88
AAC05634.1	537.8	97.802	364	#7aff00
ACC77715.1	365.6	89.844	384	#610061
ABY84502.1	438.9	97.368	380	#0a00fc
ABY84496.1	556.0	81.481	380	#b6ff00
XP_049860406.1	350.6	86.686	377	#610061
XP_049840865.1	498.1	82.336	444	#00ffa8
CAA56377.1	540.6	100.0	381	#84ff00
CAA56378.1	441.1	87.435	380	#000cff
ADJ54170.1	366.4	100.0	335	#610061
ADJ54169.1	366.2	99.701	335	#610061
ADI72250.1	516.9	100.0	352	#28ff00
ADI72139.1	452.9	96.866	351	#0056ff
XP_025762987.1	527.4	100.0	352	#54ff00
XP_003448804.1	361.2	99.403	335	#610061
XP_003448394.1	472.0	100.0	352	#00b2ff
XP_003448392.1	517.5	98.295	352	#2bff00
XP_003442679.1	453.6	100.0	351	#005aff
XP_003442678.1	423.9	100.0	351	#4b00d8
XP_003442677.1	559.0	99.44	357	#c0ff00
XP_003439053.1	499.1	97.175	354	#00ff9d
ADW80529.1	423.9	99.715	351	#4b00d8
ADW80526.1	517.5	99.148	352	#2bff00
ADW80524.1	479.7	98.864	352	#00d4ff
XP_071869867.1	429.4	85.714	379	#3900e5
XP_071865952.1	539.3	75.758	377	#7fff00
XP_071865949.1	520.0	70.623	389	#36ff00
XP_071859181.1	447.6	49.296	309	#0038ff
XP_071859180.1	445.4	48.013	330	#002bff
XP_071857606.1	341.2	95.957	371	#610061
NP_001267052.1	338.8	94.879	371	#610061
XP_050597582.1	340.1	95.148	433	#610061
XP_050594439.1	541.7	74.595	377	#87ff00
XP_050592229.1	429.8	87.302	379	#3800e6
XP_048265126.1	340.1	95.148	433	#610061
XP_012172199.1	520.0	70.92	389	#36ff00
XP_012172197.1	541.7	74.595	377	#87ff00
XP_003400385.1	429.8	87.302	379	#3800e6
XP_003397947.1	444.2	46.483	330	#0023ff
XP_003494923.1	429.2	87.302	379	#3a00e5
XP_012237087.1	543.1	74.865	377	#8cff00
XP_012237085.1	520.0	70.92	389	#36ff00
KAM6247425.1	501.7	100.0	351	#00ff7e
KAM6232449.1	501.6	91.268	350	#00ff7f
GLG99913.1	505.7	66.897	439	#00ff4b
GLH14972.1	352.2	73.273	377	#610061
BAR40297.1	505.7	78.016	377	#00ff4b
BAR40296.1	431.3	62.599	379	#3200ea
AEG78683.1	538.4	76.901	379	#7cff00
XP_009970041.3	501.6	85.915	345	#00ff7f
XP_042655511.1	501.3	98.006	351	#00ff83
CAA77244.1	497.5	93.503	353	#00ffaf
XP_003213023.1	508.7	99.718	355	#00ff1d
XP_003210259.1	502.7	100.0	351	#00ff72
XP_060931597.1	499.6	91.329	350	#00ff97
XP_060926603.1	491.9	86.905	345	#00ffeb
XP_060926602.1	516.3	88.352	352	#25ff00
XP_060925700.1	470.5	88.986	345	#00acff
XP_060925660.1	469.1	92.068	353	#00a5ff
XP_060925644.1	487.3	82.386	352	#00f4ff
XP_060925007.1	556.6	91.317	357	#b8ff00
XP_060924954.1	450.1	82.336	351	#0047ff
XP_060924952.1	416.7	94.034	352	#5d00c6
XP_060927972.1	377.7	83.432	338	#610061
AAY16528.1	530.5	82.011	380	#5fff00
AAY16527.1	471.4	85.752	379	#00b0ff
XP_021402651.2	371.4	99.422	346	#610061
XP_077645735.1	443.7	96.961	362	#0020ff
XP_077645734.1	559.4	99.726	365	#c1ff00
XP_021398204.1	498.9	98.291	351	#00ff9f
XP_021391634.1	504.4	100.0	355	#00ff5c
OWK50691.1	371.4	98.844	346	#610061
QDQ16906.1	421.3	24.537	306	#5200d1
QDQ16902.1	436.6	100.0	379	#1900f7
QDQ16901.1	361.5	86.612	383	#610061
AAU07978.1	555.4	81.217	381	#b4ff00
2005409A	507.7	40.653	439	#00ff2d
AAC47084.1	535.5	76.903	378	#72ff00
AAC05091.1	366.6	88.068	369	#610061
Q9BGI7.1	551.5	99.176	364	#a8ff00
P51490.1	434.1	100.0	349	#2600f1
0811197A	496.9	99.713	347	#00ffb6
AAY26036.1	499.0	99.153	354	#00ff9e
AAY26064.1	517.5	99.716	352	#2bff00
XP_040594855.1	500.4	97.097	310	#00ff8e
XP_040584564.1	427.1	93.353	346	#4100e0
XP_021080461.1	500.4	97.049	305	#00ff8e
XP_005086977.1	500.7	93.872	359	#00ff8a
XP_005066157.1	501.4	96.839	348	#00ff82
AGI97248.1	401.0	91.117	349	#6f009d
AGI97246.1	401.0	90.831	349	#6f009d
AGI97243.1	401.0	90.831	349	#6f009d
AGI97241.1	401.0	90.831	349	#6f009d
XP_044762149.1	445.6	93.503	397	#002cff
XP_044762148.1	442.9	45.294	496	#001aff
XP_044752860.1	523.6	78.763	374	#45ff00
XP_044756378.1	368.0	68.449	381	#610061
XP_044753272.1	357.8	70.157	395	#610061
APY20584.1	357.8	70.419	395	#610061
AJD38782.1	423.1	84.703	353	#4e00d6
XP_046397157.1	343.2	74.398	387	#610061
XP_046390612.1	404.3	55.301	384	#6d00a6
XP_046385026.1	404.1	54.857	378	#6e00a5
KAM4741769.1	407.5	98.864	354	#6b00ae
KAM4740851.1	442.3	91.168	351	#0016ff
KAM4740848.1	562.8	96.359	357	#ccff00
KAM4740799.1	562.8	95.798	357	#ccff00
KAM4740745.1	472.9	97.101	345	#00b6ff
KAM4740744.1	518.0	98.011	352	#2dff00
KAM4740525.1	544.4	92.135	357	#90ff00
KAM4737094.1	499.8	94.633	354	#00ff95
KAM4712623.1	559.8	85.714	337	#c2ff00
KAM4712622.1	559.8	90.476	357	#c2ff00
KAM4711662.1	357.6	98.507	335	#610061
AVR48116.1	502.5	91.04	350	#00ff74
UZQ18774.1	484.7	41.587	453	#00e9ff
AKI33350.1	484.8	41.587	449	#00eaff
QGW08855.1	514.0	81.408	354	#1aff00
QGW08844.1	501.2	89.548	354	#00ff84
ADA77657.1	499.9	100.0	354	#00ff94
XP_025843883.1	551.5	95.055	364	#a8ff00
XP_025866674.1	403.5	91.977	348	#6e00a4
BCK34764.1	364.1	87.772	377	#610061
BCK34754.1	439.9	80.208	384	#0200ff
BCK34744.1	532.1	91.777	377	#65ff00
AMP19648.1	490.8	85.479	378	#00fff7
XP_025908924.1	520.6	95.211	355	#38ff00
XP_025908923.1	500.2	95.775	355	#00ff90
XP_025908305.1	503.2	99.145	351	#00ff6c
PSN42564.1	358.4	72.785	316	#610061
PSN33891.1	520.4	79.179	360	#37ff00
AVR48130.1	494.6	89.884	350	#00ffcf
AFP97566.1	495.4	91.525	353	#00ffc6
AFP97565.1	560.5	92.717	357	#c4ff00
XP_039657396.1	502.1	88.418	352	#00ff79
XP_039654314.1	474.3	85.417	345	#00bdff
XP_039652756.1	508.4	85.591	352	#00ff22
XP_039636420.1	481.6	23.111	375	#00dcff
ADA77657.1	499.9	100.0	354	#00ff94
KAM5190272.1	437.7	98.266	349	#1200fa
KAM5130307.1	501.3	89.368	348	#00ff83
KAM5128033.1	521.4	97.253	364	#3cff00
XP_076718396.1	437.7	98.266	346	#1200fa
KAM4874862.1	358.2	90.462	346	#610061
KAM4820840.1	499.9	95.402	348	#00ff94
KAM4817914.1	502.7	91.209	364	#00ff72
XP_042242670.1	459.4	47.592	374	#0078ff
XP_042242661.1	458.5	46.4	378	#0073ff
XP_042242633.1	470.0	45.405	376	#00a9ff
XP_042233138.1	451.9	34.024	434	#0051ff
XP_042222541.1	488.1	45.872	377	#00f7ff
XP_042222540.1	503.5	43.714	377	#00ff68
KAG7175957.1	459.4	47.592	380	#0078ff
KAG7168715.1	507.0	45.566	377	#00ff38
KAG7157296.1	531.9	68.338	399	#65ff00
KAG7154882.1	488.8	62.857	379	#00faff
KAK2096575.1	410.4	91.143	349	#6700b6
NP_999386.1	499.4	97.989	348	#00ff99
NP_999255.1	413.0	92.593	351	#6300bc
NP_001011506.1	556.2	97.253	364	#b7ff00
AJD38824.1	409.1	81.586	353	#6900b2
XP_007541295.1	356.1	99.403	335	#610061
XP_007565702.1	439.1	97.151	351	#0900fd
XP_007565700.1	407.5	98.58	354	#6b00ae
XP_007565691.1	562.7	97.191	356	#cbff00
XP_007562353.1	501.4	96.045	354	#00ff82
XP_007569901.1	497.2	23.502	365	#00ffb2
XP_007551436.1	474.4	97.971	345	#00bdff
XP_007551425.1	517.3	99.148	352	#2aff00
XP_007545513.1	522.7	89.326	357	#41ff00
AEQ53953.1	517.3	97.443	346	#2aff00
AEQ53949.1	564.1	98.034	356	#d0ff00
AEQ53948.1	522.7	89.326	357	#41ff00
AEQ53947.1	522.5	89.888	357	#40ff00
AEQ53946.1	559.2	97.472	356	#c0ff00
AEQ53945.1	547.0	97.753	356	#99ff00
AEQ53943.1	526.2	95.798	357	#4fff00
AEQ53942.1	527.4	96.359	357	#54ff00
BAU71686.1	363.9	70.739	379	#610061
BAU71685.1	520.5	77.487	381	#38ff00
XP_012612642.1	553.0	49.547	379	#adff00
XP_012644610.1	413.9	85.039	349	#6200bf
XP_012640760.1	500.9	82.796	348	#00ff88
AGI97271.1	413.9	84.84	349	#6200bf
AGI97267.1	413.9	89.714	349	#6200bf
AGI97266.1	413.9	89.714	349	#6200bf
XP_050866666.1	517.8	73.262	375	#2cff00
XP_050869610.1	333.4	84.987	373	#610061
XP_050858377.1	402.2	71.088	378	#6f00a0
XP_046969698.1	477.9	23.693	380	#00ccff
AAP49025.2	364.3	88.773	383	#610061
AAP49026.2	433.2	86.053	380	#2a00ef
AAL59879.2	538.5	84.392	378	#7cff00
ADA77660.1	499.9	100.0	354	#00ff94
AVR48106.1	495.4	91.57	351	#00ffc6
APY20648.1	365.1	67.48	384	#610061
APY20647.1	535.4	74.211	378	#71ff00
ALB48858.1	369.1	67.925	385	#610061
ALB48854.1	363.8	68.207	384	#610061
ALB48827.1	534.7	79.07	343	#6fff00
CAA77258.1	500.5	92.655	354	#00ff8d
ART29913.1	374.2	81.481	378	#610061
ART29912.1	365.6	86.243	378	#610061
ART29911.1	441.3	87.105	380	#000eff
ART29910.1	534.8	81.481	380	#6fff00
ART29908.1	365.6	86.508	378	#610061
AAY26022.1	499.0	99.153	354	#00ff9e
O35478.2	534.0	100.0	364	#6cff00
XP_047390763.1	501.2	89.943	348	#00ff84
XP_047417654.1	437.9	99.422	349	#1100fa
ABC26408.1	437.9	100.0	346	#1100fa
XP_029549395.1	492.2	78.771	347	#00ffe8
XP_029549394.1	493.1	79.656	345	#00ffdf
XP_029549393.1	506.9	76.437	346	#00ff39
XP_029549391.1	508.2	80.994	346	#00ff25
XP_029576112.1	520.9	85.46	353	#3aff00
XP_029604100.1	562.0	86.494	353	#c9ff00
XP_029604099.1	562.0	86.494	353	#c9ff00
XP_029630658.1	429.3	98.864	354	#3a00e5
XP_029630657.1	548.3	86.782	353	#9dff00
XP_029630656.1	555.5	85.994	403	#b5ff00
XP_029579610.1	504.7	88.418	354	#00ff58
XP_029550432.1	553.6	85.154	400	#afff00
XP_005175090.2	449.1	62.632	389	#0041ff
XP_019891233.2	505.9	76.584	371	#00ff48
XP_058986187.1	499.8	68.681	371	#00ff95
XP_005190072.1	360.4	82.429	387	#610061
XP_005186097.1	521.4	82.656	369	#3cff00
XP_005182995.1	497.1	70.652	424	#00ffb4
XP_005182983.1	488.2	80.965	372	#00f8ff
AFP62392.1	486.0	27.108	429	#00efff
AFP60345.1	488.0	82.086	371	#00f7ff
AAP13016.1	558.0	93.407	364	#bdff00
AAC12766.1	499.8	100.0	348	#00ff95
XP_079056659.1	502.7	95.442	351	#00ff72
XP_079064951.1	497.2	94.085	355	#00ffb2
XP_038553369.1	515.9	91.761	352	#23ff00
XP_038594995.1	513.6	88.636	352	#18ff00
XP_038578251.1	505.8	87.853	354	#00ff49
XP_050348207.1	475.4	23.438	424	#00c1ff
XP_080040939.1	499.8	90.113	354	#00ff95
XP_080066185.1	486.9	81.127	354	#00f2ff
XP_064311779.1	498.0	98.291	351	#00ffa9
XP_064331568.1	550.6	92.35	365	#a5ff00
XP_064331533.1	444.6	87.671	362	#0026ff
XP_064327854.1	508.1	98.873	355	#00ff27
XP_064309174.1	402.4	92.669	353	#6f00a1
KFW91691.1	508.1	95.317	363	#00ff27
Q9R024.1	518.7	98.87	364	#30ff00
NP_001166556.1	504.1	100.0	348	#00ff60
NP_001166229.1	418.6	72.0	346	#5900cb
XP_063101603.1	518.7	78.74	372	#30ff00
XP_068996374.1	497.8	89.943	352	#00ffac
XP_068996373.1	497.8	89.706	362	#00ffac
XP_069001562.1	364.0	74.556	313	#610061
XP_069028456.1	500.8	22.624	369	#00ff89
XP_069000294.1	517.5	88.761	352	#2bff00
XP_069000275.1	522.1	86.167	352	#3fff00
XP_069015245.1	551.7	93.277	357	#a8ff00
XP_069015120.1	442.8	82.336	351	#0019ff
XP_069015008.1	418.6	85.795	352	#5900cb
AGI97194.1	409.6	88.761	346	#6800b4
AGI97193.1	409.6	88.473	346	#6800b4
AGI97192.1	409.6	89.049	346	#6800b4
XP_026720308.1	503.0	90.986	355	#00ff6e
XP_026712941.1	503.5	97.118	357	#00ff68
QHA94765.1	519.9	41.27	464	#35ff00
AKI33359.1	522.6	39.701	464	#41ff00
ADT78511.1	519.9	41.27	464	#35ff00
ADT78510.1	519.9	41.27	464	#35ff00
AAC26329.1	519.9	41.27	464	#35ff00
XP_063537603.1	460.4	24.841	427	#007cff
ABP88811.1	525.8	97.688	346	#4eff00
XP_013769672.1	452.2	96.541	352	#0052ff
XP_005746429.1	452.9	96.866	351	#0056ff
XP_005746428.1	428.1	99.145	351	#3e00e2
XP_005746427.1	555.8	94.118	357	#b6ff00
XP_005740576.1	500.8	96.328	354	#00ff89
XP_005735242.1	497.7	20.661	374	#00ffad
XP_005734277.1	363.5	97.612	335	#610061
XP_005724528.1	517.5	97.443	352	#2bff00
XP_005724527.1	482.6	99.148	352	#00e0ff
XP_005724526.1	526.9	99.432	352	#52ff00
BAG56593.1	551.2	93.557	357	#a7ff00
AAW34328.1	500.8	96.61	354	#00ff89
ABY84501.1	429.9	100.0	379	#3700e7
ACC77721.1	363.6	87.696	382	#610061
ABI97876.1	539.8	79.003	380	#81ff00
CAA30644.1	515.8	41.543	455	#23ff00
XP_061718855.1	486.1	84.84	427	#00efff
XP_061707777.1	410.4	78.933	428	#6700b6
GLG99913.1	505.7	66.897	439	#00ff4b
GLH14972.1	352.2	73.273	377	#610061
BAR40297.1	505.7	78.016	377	#00ff4b
BAR40296.1	431.3	62.599	379	#3200ea
AEG78683.1	538.4	76.901	379	#7cff00
XP_035858407.1	548.6	83.754	357	#9eff00
XP_035858406.1	552.7	82.913	357	#acff00
XP_031143585.1	484.6	84.524	345	#00e9ff
XP_031172674.1	502.1	89.266	352	#00ff79
XP_031172275.1	499.2	86.441	354	#00ff9c
XP_031162516.1	487.7	86.905	345	#00f6ff
XP_031157338.1	510.2	85.227	352	#02ff00
XP_031135373.1	549.0	82.633	357	#a0ff00
XP_041092024.1	506.7	83.099	355	#00ff3c
XP_041084134.1	506.7	83.38	355	#00ff3c
XP_041127161.1	474.9	23.902	384	#00bfff
XP_041130833.1	510.0	89.235	353	#00ff00
XP_023561139.1	514.7	96.393	305	#1dff00
XP_004645674.1	498.7	96.552	348	#00ffa2
XP_004642783.1	360.1	92.197	346	#610061
XP_036254474.1	505.3	99.437	355	#00ff50
XP_036256714.1	363.0	99.133	346	#610061
XP_036246843.1	502.7	99.145	351	#00ff72
XP_036261854.1	559.4	99.452	365	#c1ff00
XP_036261852.1	440.6	95.856	362	#0007ff
XP_013769672.1	452.2	96.541	352	#0052ff
XP_005746429.1	452.9	96.866	351	#0056ff
XP_005746428.1	428.1	99.145	351	#3e00e2
XP_005746427.1	555.8	94.118	357	#b6ff00
XP_005740576.1	500.8	96.328	354	#00ff89
XP_005735242.1	497.7	20.661	374	#00ffad
XP_005734277.1	363.5	97.612	335	#610061
XP_005724528.1	517.5	97.443	352	#2bff00
XP_005724527.1	482.6	99.148	352	#00e0ff
XP_005724526.1	526.9	99.432	352	#52ff00
NP_001274761.1	499.8	98.87	354	#00ff95
NP_001273254.1	555.9	93.838	357	#b6ff00
NP_001273246.1	517.5	98.58	352	#2bff00
XP_005941617.1	497.7	20.661	374	#00ffad
XP_005938994.1	499.8	88.988	351	#00ff95
XP_005927576.1	526.9	98.58	352	#52ff00
XP_005927575.1	482.6	99.148	352	#00e0ff
XP_005915344.1	425.8	98.86	351	#4600dd
NP_001273231.1	452.9	97.151	351	#0056ff
AAY26033.1	498.9	98.305	354	#00ff9f
AAY26031.1	500.1	98.87	354	#00ff91
AAX11207.1	548.8	92.717	356	#9fff00
AAX11205.1	561.7	93.557	356	#c8ff00
XP_059188698.1	498.0	91.525	352	#00ffa9
XP_059185641.1	466.8	86.402	353	#009bff
XP_059184870.1	433.8	88.352	352	#2700f0
XP_059184869.1	457.4	83.286	352	#006eff
XP_059184646.1	474.1	86.377	345	#00bcff
XP_059184645.1	492.6	88.636	352	#00ffe4
XP_059184526.1	516.6	89.205	352	#27ff00
XP_059184525.1	493.4	88.068	352	#00ffdc
XP_029725914.2	466.4	49.041	482	#0099ff
XP_062708568.1	353.0	69.722	381	#610061
AFC36363.1	522.5	75.0	373	#40ff00
KAM8916300.1	449.6	80.737	351	#0044ff
KAM8916299.1	558.7	91.597	357	#bfff00
KAM8913775.1	515.5	86.705	352	#21ff00
KAM8910933.1	362.0	84.615	357	#610061
KAM8880280.1	474.8	24.348	335	#00bfff
KAM8863085.1	498.1	89.625	352	#00ffa8
AAU29518.2	358.7	95.665	346	#610061
AAW69833.1	551.9	96.694	363	#a9ff00
BAG56593.1	551.2	93.557	357	#a7ff00
AAW34328.1	500.8	96.61	354	#00ff89
XP_068916041.1	371.3	24.242	330	#610061
XP_068916040.1	371.3	24.161	331	#610061
XP_068901576.1	357.4	73.714	364	#610061
XP_068901565.1	356.8	70.777	392	#610061
QLH90100.1	356.8	70.241	379	#610061
QHF16563.1	527.1	83.69	377	#53ff00
APY20671.1	527.1	83.957	385	#53ff00
QPZ85618.1	447.2	80.912	351	#0036ff
QPZ85614.1	510.2	84.058	345	#02ff00
QPZ85606.1	497.7	97.708	352	#00ffad
XP_069062416.1	499.3	92.655	354	#00ff9b
XP_069085508.1	359.0	94.03	347	#610061
XP_069065558.1	443.8	88.705	364	#0020ff
XP_069065557.1	552.5	88.219	365	#abff00
ACB99465.1	520.0	92.997	356	#36ff00
ACB99463.1	556.2	87.921	356	#b7ff00
AQZ42275.1	517.3	97.727	352	#2aff00
AQZ42175.1	501.9	98.588	354	#00ff7c
AVR48155.1	498.1	92.711	350	#00ffa8
BBH55934.1	509.0	83.099	355	#00ff17
BBH55933.1	502.1	89.518	353	#00ff79
XP_060619190.2	441.5	95.041	365	#000fff
XP_060619192.2	556.0	95.664	369	#b6ff00
XP_060632340.1	359.9	97.406	347	#610061
XP_060629110.1	502.7	96.901	355	#00ff72
XP_060622239.1	493.0	98.011	352	#00ffe0
ACC77722.1	369.8	88.482	382	#610061
ABI97877.1	536.4	82.804	380	#75ff00
XP_037303817.2	557.0	73.273	357	#b9ff00
XP_037304244.2	515.2	87.861	352	#20ff00
XP_037317418.2	360.6	66.897	357	#610061
XP_037334249.2	498.1	73.273	352	#00ffa8
XP_037304245.1	511.9	87.861	352	#0eff00
XP_037304052.1	446.6	78.016	351	#0032ff
WBO25995.1	426.5	82.955	352	#4300de
WBO25994.1	367.2	84.911	338	#610061
WBO25993.1	472.7	89.565	345	#00b6ff
WBO25992.1	518.0	24.537	352	#2dff00
WBO25991.1	495.2	46.866	352	#00ffc8
WBO25990.1	551.4	46.866	357	#a8ff00
AEO00744.1	495.2	81.217	351	#00ffc8
AEO00738.1	551.4	81.217	357	#a8ff00
AEO00714.1	471.9	93.503	345	#00b2ff
AQZ42176.1	501.9	97.175	354	#00ff7c
XP_014825989.1	407.5	98.864	354	#6b00ae
XP_014825099.1	501.4	96.328	354	#00ff82
XP_014824711.1	559.2	96.91	356	#c0ff00
XP_014865567.1	356.1	99.403	354	#610061
XP_014861789.1	484.8	86.158	353	#00eaff
XP_014852059.1	495.8	20.536	365	#00ffc2
XP_014843610.1	474.4	98.261	345	#00bdff
XP_014843608.1	517.3	99.148	352	#2aff00
AEQ53950.1	517.3	97.443	346	#2aff00
AEQ53941.1	522.7	89.888	357	#41ff00
AEQ53940.1	526.2	95.798	357	#4fff00
AEQ53939.1	547.0	98.034	356	#99ff00
AEQ53938.1	561.4	97.753	356	#c7ff00
XP_020770535.2	433.7	95.415	349	#2800f0
XP_020747523.1	530.6	100.0	364	#60ff00
XP_020728233.1	498.7	96.264	348	#00ffa2
AJD38891.1	444.5	80.627	351	#0025ff
AJD38890.1	424.7	88.068	352	#4900da
XP_045556165.1	562.0	86.207	353	#c9ff00
XP_013988742.2	548.3	86.207	353	#9dff00
XP_013988558.2	555.5	85.994	403	#b5ff00
XP_014023318.1	492.2	79.05	347	#00ffe8
XP_014023316.1	508.3	81.871	346	#00ff23
XP_014021930.1	553.8	84.594	357	#afff00
NP_001117180.1	360.1	82.036	334	#610061
NP_001117179.1	507.1	76.437	346	#00ff36
NP_001117178.1	423.1	74.359	354	#4e00d6
NP_001117177.1	555.5	85.994	357	#b5ff00
UVF22963.1	562.0	86.782	353	#c9ff00
UVF22960.1	548.3	85.92	353	#9dff00
UVF22958.1	507.1	76.724	346	#00ff36
UVF22957.1	493.1	79.656	345	#00ffdf
UVF22955.1	424.3	74.359	354	#4a00d9
UVF22954.1	360.1	82.335	334	#610061
UVF22953.1	504.6	88.136	354	#00ff59
NP_001117009.1	504.6	87.853	354	#00ff59
NP_001117008.1	520.9	85.757	353	#3aff00
Q9W6A9.2	356.0	100.0	336	#610061
Q9W6A5.2	466.6	100.0	349	#009aff
Q8AYN0.1	553.9	91.317	356	#b0ff00
Q8AYM8.1	478.4	100.0	349	#00ceff
Q9W6A8.1	417.0	100.0	354	#5c00c7
Q9W6A7.1	560.9	93.838	357	#c6ff00
NP_571159.2	501.4	100.0	354	#00ff82
NP_571394.2	356.1	99.702	336	#610061
XP_073772120.1	496.6	78.717	414	#00ffb9
NP_001002443.1	554.9	90.476	356	#b3ff00
NP_001103501.1	496.6	78.717	355	#00ffb9
ALG92537.1	504.4	100.0	349	#00ff5c
ALG92536.1	486.2	100.0	349	#00efff
ALG92535.1	478.4	99.713	349	#00ceff
AAI64171.1	501.4	99.718	354	#00ff82
AAH67683.1	356.1	99.405	336	#610061
AAD24756.1	356.0	98.81	336	#610061
AAD24753.1	504.4	100.0	349	#00ff5c
AAD24752.1	466.6	99.713	349	#009aff
AAD20549.1	560.9	93.838	356	#c6ff00
AAD14679.1	501.4	98.87	354	#00ff82
CAE30416.1	560.9	94.118	357	#c6ff00
XP_023797951.1	505.3	99.155	355	#00ff50
XP_023790816.1	502.7	99.715	351	#00ff72
XP_039367007.1	553.9	92.877	365	#b0ff00
XP_039366258.1	443.3	87.106	412	#001dff
XP_039403751.1	497.1	97.727	352	#00ffb4
XP_039394138.1	494.3	95.493	355	#00ffd2
XP_039375912.1	366.2	88.184	347	#610061
ABS89282.1	470.7	81.994	363	#00adff
ABS89281.1	364.3	83.862	346	#610061
ABS89280.1	542.9	86.027	364	#8bff00
ABS89279.1	515.6	85.915	355	#22ff00
ABS89278.1	503.3	89.831	354	#00ff6a
XP_035239401.1	500.3	96.045	352	#00ff8f
XP_035237351.1	478.9	84.0	350	#00d1ff
XP_035237343.1	510.8	88.047	347	#07ff00
ACT34385.1	431.9	71.549	359	#2f00ec
ACT34384.1	510.8	88.338	347	#07ff00
2206482A	500.3	94.752	352	#00ff8f
BAE19946.1	444.0	100.0	380	#0022ff
BAE19945.1	422.6	100.0	375	#4f00d5
BAE19944.1	371.1	84.252	380	#610061
BAD66860.1	535.9	82.796	382	#73ff00
P90680.2	431.0	97.613	377	#3300e9
Q17053.1	537.6	72.162	377	#79ff00
O61303.1	341.2	99.461	371	#610061
NP_001011639.2	537.8	72.432	377	#7aff00
NP_001071293.1	507.4	69.318	385	#00ff32
AAC47455.1	431.0	97.347	377	#3300e9
NP_001267787.1	496.8	100.0	348	#00ffb7
NP_001267791.1	551.5	100.0	364	#a8ff00
NP_001267788.1	420.9	100.0	350	#5300d0
NP_001269750.1	389.3	100.0	347	#6d007d
NP_001296977.1	450.1	100.0	365	#0047ff
NP_001296978.1	507.1	99.718	355	#00ff36
XP_064930866.1	502.7	100.0	351	#00ff72
PKK23328.1	479.0	24.167	326	#00d1ff
AAD38036.1	561.6	86.686	359	#c8ff00
AAD32242.1	502.3	82.336	355	#00ff77
XP_037922073.1	526.8	69.892	372	#51ff00
XP_037908911.1	442.4	60.486	373	#0016ff
XP_037908910.1	438.4	59.13	433	#0e00fb
XP_037908909.1	438.4	56.944	437	#0e00fb
XP_037906577.1	341.2	71.467	373	#610061
XP_037906576.1	369.3	71.779	325	#610061
XP_037906575.1	351.0	69.832	372	#610061
XP_037906574.1	365.3	72.629	373	#610061
ADB98076.1	526.9	99.432	352	#52ff00
BAG56605.1	551.2	93.557	357	#a7ff00
BAG56602.1	551.2	93.557	357	#a7ff00
BAG56591.1	551.2	93.277	356	#a7ff00
BAG56586.1	538.2	92.997	357	#7bff00
AAW34327.1	500.8	96.328	354	#00ff89
AAV93296.1	500.8	96.328	354	#00ff89
ADB98094.1	482.6	99.148	352	#00e0ff
XP_046836017.1	510.4	72.222	378	#04ff00
XP_046827432.1	402.2	71.618	378	#6f00a0
XP_046837746.1	332.2	84.45	373	#610061
AGI97211.1	413.8	89.213	346	#6200be
AGI97210.1	413.8	85.319	364	#6200be
AGI97209.1	413.8	85.319	364	#6200be
AGI97208.1	489.4	88.921	346	#00fdff
AGI97207.1	413.8	89.504	346	#6200be
AGI97206.1	413.8	89.796	346	#6200be
AGI97205.1	490.3	88.63	346	#00fffc
AWC68273.1	365.4	86.269	350	#610061
AWC68211.1	537.4	91.507	365	#78ff00
AWC68092.1	483.2	97.727	352	#00e3ff
AVR48116.1	502.5	91.04	350	#00ff74
Q9W6A9.2	356.0	100.0	336	#610061
Q9W6A5.2	466.6	100.0	349	#009aff
Q8AYN0.1	553.9	91.317	356	#b0ff00
Q8AYM8.1	478.4	100.0	349	#00ceff
Q9W6A8.1	417.0	100.0	354	#5c00c7
Q9W6A7.1	560.9	93.838	357	#c6ff00
NP_571159.2	501.4	100.0	354	#00ff82
NP_571394.2	356.1	99.702	336	#610061
XP_073772120.1	496.6	78.717	414	#00ffb9
NP_001002443.1	554.9	90.476	356	#b3ff00
NP_001103501.1	496.6	78.717	355	#00ffb9
ALG92537.1	504.4	100.0	349	#00ff5c
ALG92536.1	486.2	100.0	349	#00efff
ALG92535.1	478.4	99.713	349	#00ceff
AAI64171.1	501.4	99.718	354	#00ff82
AAH67683.1	356.1	99.405	336	#610061
AAD24756.1	356.0	98.81	336	#610061
AAD24753.1	504.4	100.0	349	#00ff5c
AAD24752.1	466.6	99.713	349	#009aff
AAD20549.1	560.9	93.838	356	#c6ff00
AAD14679.1	501.4	98.87	354	#00ff82
CAE30416.1	560.9	94.118	357	#c6ff00
ACC77714.1	361.6	86.979	384	#610061
ABY84500.1	437.4	83.421	380	#1400f9
ABI97872.1	545.4	78.042	380	#94ff00
XP_077460148.1	451.2	85.795	352	#004dff
XP_077460147.1	561.5	92.416	356	#c7ff00
XP_077458631.1	510.2	87.784	354	#02ff00
XP_077444146.1	494.2	92.373	353	#00ffd3
XP_068780205.1	562.4	45.892	364	#caff00
XP_068780204.1	440.6	45.892	322	#0007ff
XP_068780203.1	444.6	93.842	362	#0026ff
XP_068780201.1	445.2	93.824	352	#002aff
XP_068763062.1	501.7	98.575	351	#00ff7e
XP_068799394.1	357.3	87.896	347	#610061
XP_009670124.1	497.1	98.288	313	#00ffb4
XP_009670123.1	502.1	98.31	355	#00ff79
XP_032746333.1	508.2	99.443	359	#00ff25
XP_032763313.1	499.3	97.126	348	#00ff9b
XP_032761131.1	358.4	98.266	346	#610061
XP_055950065.1	438.9	49.307	376	#0a00fc
XP_055950062.1	438.9	49.307	381	#0a00fc
XP_055950061.1	439.7	49.307	400	#0400fe
XP_055931861.1	384.1	43.346	498	#68006e
KAF8793839.1	384.2	43.346	411	#68006e
KAF8763727.1	553.0	67.429	374	#adff00
KAF8763225.1	530.6	74.931	399	#60ff00
BAD14291.1	406.2	90.286	349	#6c00ab
XP_072438886.1	497.6	96.045	354	#00ffae
XP_072423692.1	524.2	79.235	368	#47ff00
XP_029345627.1	412.5	44.258	422	#6400bb
XP_029345445.1	508.3	35.161	492	#00ff23
XP_029347004.1	414.7	56.677	343	#6100c1
XP_029347951.1	495.1	33.221	318	#00ffc9
XP_001951613.2	413.6	64.392	377	#6200be
XP_001951588.1	456.0	60.647	371	#0066ff
AWM72033.1	518.0	66.216	377	#2dff00
AWM72031.1	496.9	50.804	386	#00ffb6
ADA77657.1	499.9	100.0	354	#00ff94
AAC12765.1	498.8	91.379	348	#00ffa0
ART30062.1	367.2	88.36	378	#610061
ART30061.1	440.2	84.737	380	#0003ff
ART30060.1	535.1	80.952	380	#70ff00
ADN96754.1	442.6	85.526	380	#0018ff
ADD13987.1	376.0	81.867	375	#610061
ADD13986.1	367.2	88.624	378	#610061
AVR48191.1	499.2	91.808	352	#00ff9c
AVR48189.1	496.5	91.808	352	#00ffba
KAM9698893.1	437.9	96.562	349	#1100fa
KAM9680594.1	499.9	97.414	348	#00ff94
KAM9667933.1	538.0	98.689	305	#7bff00
XP_040178874.1	432.5	96.685	362	#2d00ed
XP_040178873.1	549.5	87.123	365	#a1ff00
XP_040214793.1	498.4	96.328	354	#00ffa5
XP_040199136.1	384.9	81.791	349	#690070
XP_078732505.1	499.1	97.167	353	#00ff9d
XP_078732504.1	539.5	92.464	365	#80ff00
ACC77718.1	364.4	87.013	385	#610061
ABY84504.1	441.1	95.48	380	#000cff
ABI97866.1	524.3	81.217	380	#48ff00
XP_014748884.1	446.5	94.751	362	#0032ff
XP_014748882.1	554.6	97.534	365	#b2ff00
XP_014746281.1	365.0	96.221	347	#610061
XP_014746280.1	365.0	95.954	346	#610061
XP_014728099.1	505.3	99.718	355	#00ff50
XP_014729568.1	502.7	99.715	351	#00ff72
XP_045760260.1	486.3	99.138	348	#00f0ff
XP_045728166.1	551.3	92.582	364	#a7ff00
AAP13021.1	486.3	100.0	348	#00f0ff
AWC68212.1	537.4	90.685	365	#78ff00
NP_001138556.1	364.0	94.509	346	#610061
NP_001138553.1	549.5	93.188	367	#a1ff00
XP_056660668.1	499.8	93.557	357	#00ff95
XP_001366225.1	499.8	95.977	348	#00ff95
UJY64326.1	461.2	82.796	384	#0080ff
QIW86051.1	470.1	45.665	375	#00aaff
QIW86050.1	533.9	67.227	378	#6cff00
QIW86049.1	535.0	69.921	374	#70ff00
QIW86048.1	531.0	67.052	368	#61ff00
QIW86047.1	609.6	100.0	372	#ff9d00
QIW86046.1	573.2	84.252	361	#ebff00
QIW86045.1	537.0	89.182	379	#77ff00
QIW86043.1	537.5	86.807	379	#79ff00
QIW86042.1	536.4	94.474	380	#75ff00
QIW86041.1	538.3	100.0	379	#7cff00
QIW86037.1	540.0	68.602	377	#81ff00
QIW86036.1	540.0	68.602	377	#81ff00
QIW86035.1	532.2	65.374	378	#66ff00
QIW86034.1	457.8	42.938	385	#0070ff
QIW86033.1	457.8	45.104	382	#0070ff
QIW86032.1	458.4	45.251	378	#0073ff
QIW86031.1	470.0	45.125	382	#00a9ff
QIW86030.1	465.1	45.855	386	#0093ff
QIW86029.1	537.9	73.351	378	#7aff00
QIW86028.1	461.0	42.045	376	#007fff
QIW86027.1	467.0	45.455	386	#009cff
QIW86026.1	461.3	46.933	384	#0081ff
QIW86025.1	527.8	68.144	381	#55ff00
QIW86023.1	536.8	63.588	378	#76ff00
AUC64078.1	470.0	45.125	382	#00a9ff
AUC64077.1	609.6	99.731	372	#ff9d00
ABG37007.1	543.6	67.81	377	#8eff00
ABG37009.1	546.0	68.074	377	#96ff00
ABG37008.1	604.8	94.638	373	#ffae00
NP_001274211.1	506.0	90.935	352	#00ff46
XP_006269113.1	465.0	80.17	362	#0092ff
XP_006269091.1	521.4	83.611	364	#3cff00
XP_062315134.1	507.8	86.723	354	#00ff2c
XP_062303476.1	544.4	87.714	351	#90ff00
XP_062324816.1	468.3	83.381	349	#00a2ff
XP_062319026.1	558.3	88.796	357	#beff00
XP_062319013.1	560.4	88.796	357	#c4ff00
XP_035858407.1	548.6	83.754	357	#9eff00
XP_035858406.1	552.7	82.913	357	#acff00
XP_031143585.1	484.6	84.524	345	#00e9ff
XP_031172674.1	502.1	89.266	352	#00ff79
XP_031172275.1	499.2	86.441	354	#00ff9c
XP_031162516.1	487.7	86.905	345	#00f6ff
XP_031157338.1	510.2	85.227	352	#02ff00
XP_031135373.1	549.0	82.633	357	#a0ff00
KAM5190272.1	437.7	98.266	349	#1200fa
KAM5130307.1	501.3	89.368	348	#00ff83
KAM5128033.1	521.4	97.253	364	#3cff00
XP_076718396.1	437.7	98.266	346	#1200fa
AVR48191.1	499.2	91.808	352	#00ff9c
AVR48189.1	496.5	91.808	352	#00ffba
ABP88811.1	525.8	97.688	346	#4eff00
XP_059394338.1	547.5	98.599	357	#9bff00
XP_059393528.1	498.7	79.3	354	#00ffa2
XP_059393459.1	442.3	99.715	351	#0016ff
XP_059385526.1	548.9	95.798	357	#9fff00
XP_059385525.1	443.3	94.302	351	#001dff
XP_059379648.1	497.8	98.023	354	#00ffac
XP_059367016.1	360.8	94.048	336	#610061
XP_059358934.1	498.5	97.175	354	#00ffa4
XP_059426687.1	509.8	99.14	349	#00ff06
XP_059415967.1	483.6	91.503	306	#00e5ff
XP_059415966.1	500.2	97.994	349	#00ff90
AAX11259.1	358.9	93.931	346	#610061
AAX11257.1	551.3	95.868	363	#a7ff00
BAP11275.1	546.7	91.597	381	#98ff00
BAP11274.1	442.5	76.903	381	#0017ff
BAP11273.1	419.5	99.153	381	#5700cd
XP_027429736.1	405.4	91.558	310	#6d00a9
XP_027440374.1	497.1	100.0	348	#00ffb4
XP_027464164.1	554.9	95.055	364	#b3ff00
XP_065393952.1	557.8	98.626	364	#bcff00
XP_045244360.1	415.1	35.362	349	#6000c2
XP_045241599.1	499.9	35.362	348	#00ff94
AAD41526.1	534.9	98.352	364	#70ff00
AAB33079.2	499.9	97.126	348	#00ff94
AAD41128.1	415.1	96.275	349	#6000c2
AAD40325.1	530.0	98.626	364	#5eff00
UVC66216.1	412.3	87.5	352	#6500bb
UVC66188.1	496.3	86.667	345	#00ffbc
UVC66187.1	518.1	86.686	353	#2dff00
QPZ85631.1	517.1	87.252	353	#29ff00
QPZ85627.1	518.1	86.686	353	#2dff00
QPZ85622.1	448.2	82.336	350	#003cff
QPZ85610.1	499.6	99.43	351	#00ff97
AAB39524.1	500.6	100.0	351	#00ff8b
QGW08861.1	544.3	82.74	364	#90ff00
QGW08850.1	494.5	80.0	354	#00ffd0
QGW08840.1	501.1	91.808	354	#00ff85
AAU29519.1	419.6	99.133	346	#5700cd
AAW69832.1	539.9	97.245	363	#81ff00
XP_045137882.1	482.5	44.772	376	#00e0ff
XP_045137354.1	456.8	44.044	376	#006bff
XP_045137353.1	464.4	44.444	378	#0090ff
XP_045137352.1	466.3	44.986	377	#0099ff
XP_045137350.1	457.8	43.7	378	#0070ff
XP_045137349.1	464.4	42.857	378	#0090ff
XP_045136029.1	491.5	44.789	377	#00fff0
XP_045136024.1	444.6	43.011	377	#0026ff
XP_045136020.1	445.1	43.28	377	#0029ff
XP_045120280.1	434.7	57.101	387	#2300f2
XP_045110164.1	422.3	55.182	386	#5000d4
XP_045112673.1	510.8	34.639	413	#07ff00
XP_045111199.1	458.5	47.253	381	#0073ff
QGW08865.1	554.6	83.836	365	#b2ff00
QGW08854.1	494.8	79.155	354	#00ffcd
QGW08843.1	501.7	90.113	354	#00ff7e
XP_063052651.1	507.2	78.635	333	#00ff35
XP_063056615.1	493.9	82.235	353	#00ffd6
XP_063072848.1	366.1	75.371	336	#610061
XP_063071576.1	546.0	84.594	356	#96ff00
XP_063071569.1	562.1	88.515	357	#c9ff00
XP_063071568.1	546.0	82.865	355	#96ff00
XP_063071555.1	508.2	72.989	349	#00ff25
XP_063071554.1	508.0	75.321	332	#00ff28
XP_063071553.1	507.6	73.392	366	#00ff2f
XP_063071550.1	468.9	76.504	347	#00a4ff
XP_063071549.1	478.3	79.943	349	#00ceff
XP_063071547.1	484.9	79.37	345	#00eaff
XP_063071546.1	496.4	75.358	345	#00ffbb
XP_063071545.1	494.2	78.275	328	#00ffd3
XP_063071004.1	498.2	77.035	356	#00ffa7
XP_063064870.1	498.4	86.006	352	#00ffa5
XP_039367007.1	553.9	92.877	365	#b0ff00
XP_039366258.1	443.3	87.106	412	#001dff
XP_039403751.1	497.1	97.727	352	#00ffb4
XP_039394138.1	494.3	95.493	355	#00ffd2
XP_039375912.1	366.2	88.184	347	#610061
ADB98063.1	527.6	99.716	352	#55ff00
AAY26068.1	517.5	98.58	352	#2bff00
XP_059926110.1	422.8	81.818	352	#4e00d5
XP_059926109.1	423.3	81.481	351	#4d00d6
XP_059926108.1	440.3	78.977	352	#0004ff
XP_059924912.1	513.1	82.081	348	#15ff00
XP_059924911.1	517.8	82.659	349	#2cff00
XP_059924910.1	517.3	82.609	356	#2aff00
XP_059902151.1	496.6	86.04	351	#00ffb9
ADJ54167.1	366.2	97.91	335	#610061
ADJ54166.1	366.6	97.313	335	#610061
ADJ54165.1	366.6	97.612	335	#610061
ADI72248.1	516.9	99.716	352	#28ff00
XP_045394181.1	539.0	94.505	379	#7eff00
XP_045407474.1	500.9	98.563	348	#00ff88
XP_045420144.1	400.4	91.429	349	#6f009b
XP_056462871.1	422.8	81.25	352	#4e00d5
XP_056461797.1	513.1	82.948	348	#15ff00
XP_056461796.1	515.7	82.081	349	#22ff00
XP_056461340.1	437.6	79.83	352	#1300f9
XP_056461146.1	512.5	83.188	356	#12ff00
XP_056448229.1	497.0	85.47	351	#00ffb5
AJD38793.1	423.3	80.912	351	#4d00d6
ACB99465.1	520.0	92.997	356	#36ff00
ACB99463.1	556.2	87.921	356	#b7ff00
AQZ42275.1	517.3	97.727	352	#2aff00
AQZ42175.1	501.9	98.588	354	#00ff7c
XP_053281067.1	498.7	91.549	353	#00ffa2
XP_053270919.1	367.1	82.249	338	#610061
XP_053298287.1	543.0	89.636	357	#8cff00
XP_053293970.1	456.2	90.935	353	#0068ff
XP_053291508.1	414.9	93.182	352	#6000c1
XP_053291463.1	454.5	84.33	351	#005fff
XP_053289603.1	487.2	82.67	352	#00f4ff
XP_053289590.1	516.9	89.205	352	#28ff00
XP_053289576.1	470.5	89.275	345	#00acff
XP_053267310.1	509.9	23.333	364	#00ff04
AVR48165.1	498.1	91.268	353	#00ffa8
UJY64326.1	461.2	82.796	384	#0080ff
QIW86051.1	470.1	45.665	375	#00aaff
QIW86050.1	533.9	67.227	378	#6cff00
QIW86049.1	535.0	69.921	374	#70ff00
QIW86048.1	531.0	67.052	368	#61ff00
QIW86047.1	609.6	100.0	372	#ff9d00
QIW86046.1	573.2	84.252	361	#ebff00
QIW86045.1	537.0	89.182	379	#77ff00
QIW86043.1	537.5	86.807	379	#79ff00
QIW86042.1	536.4	94.474	380	#75ff00
QIW86041.1	538.3	100.0	379	#7cff00
QIW86037.1	540.0	68.602	377	#81ff00
QIW86036.1	540.0	68.602	377	#81ff00
QIW86035.1	532.2	65.374	378	#66ff00
QIW86034.1	457.8	42.938	385	#0070ff
QIW86033.1	457.8	45.104	382	#0070ff
QIW86032.1	458.4	45.251	378	#0073ff
QIW86031.1	470.0	45.125	382	#00a9ff
QIW86030.1	465.1	45.855	386	#0093ff
QIW86029.1	537.9	73.351	378	#7aff00
QIW86028.1	461.0	42.045	376	#007fff
QIW86027.1	467.0	45.455	386	#009cff
QIW86026.1	461.3	46.933	384	#0081ff
QIW86025.1	527.8	68.144	381	#55ff00
QIW86023.1	536.8	63.588	378	#76ff00
AUC64078.1	470.0	45.125	382	#00a9ff
AUC64077.1	609.6	99.731	372	#ff9d00
ABG37007.1	543.6	67.81	377	#8eff00
ABG37009.1	546.0	68.074	377	#96ff00
ABG37008.1	604.8	94.638	373	#ffae00
XP_037827573.1	428.3	55.367	428	#3d00e3
XP_037826759.1	536.9	85.366	369	#77ff00
XP_037821626.1	447.7	61.44	389	#0039ff
XP_037813499.1	346.7	83.598	389	#610061
XP_037810635.1	496.7	66.942	368	#00ffb8
XP_037807339.1	487.0	88.981	371	#00f3ff
ABF66145.1	552.8	92.388	381	#acff00
ABF66142.1	503.2	91.579	380	#00ff6c
ABF66139.1	458.6	90.909	377	#0074ff
ABF66136.1	359.9	96.615	384	#610061
XP_046197189.1	489.4	77.654	347	#00fdff
XP_046197184.1	492.2	78.492	347	#00ffe8
XP_046197169.1	492.3	79.656	345	#00ffe7
XP_046169133.1	559.1	85.994	357	#c0ff00
XP_046152762.1	562.0	85.345	353	#c9ff00
XP_046221086.1	501.8	88.136	354	#00ff7d
AAP58345.1	423.4	74.644	354	#4d00d7
AAP58344.1	360.9	81.682	334	#610061
AAP58343.1	507.0	77.011	346	#00ff38
AAP58341.1	559.1	85.994	357	#c0ff00
QDQ16906.1	421.3	24.537	306	#5200d1
QDQ16902.1	436.6	100.0	379	#1900f7
QDQ16901.1	361.5	86.612	383	#610061
AAU07978.1	555.4	81.217	381	#b4ff00
BAM95292.1	544.6	81.842	383	#91ff00
BAM95291.1	451.4	81.723	383	#004eff
BAM95290.1	356.4	82.289	381	#610061
XP_007060009.2	496.7	100.0	420	#00ffb8
XP_037745366.1	358.1	91.354	347	#610061
XP_007063569.1	496.0	94.93	355	#00ffc0
EMP42464.1	551.5	88.564	376	#a8ff00
EMP28593.1	357.9	83.602	396	#610061
XP_042586308.1	497.8	95.763	354	#00ffac
XP_042582223.1	509.0	96.275	349	#00ff17
XP_042590051.1	442.3	99.145	351	#0016ff
XP_018933433.2	549.6	97.199	357	#a2ff00
XP_042618909.1	497.8	94.915	354	#00ffac
XP_042614605.1	514.0	96.275	349	#1aff00
XP_018960637.1	483.0	91.691	349	#00e2ff
CAA96518.1	497.8	95.198	354	#00ffac
AAB06368.1	497.8	95.48	354	#00ffac
BAC76806.1	509.0	95.989	349	#00ff17
BAC78823.1	362.1	92.262	336	#610061
BAC78822.1	444.0	94.872	351	#0022ff
BAC76807.1	514.0	96.562	349	#1aff00
BAB32496.1	549.6	97.479	357	#a2ff00
XP_040048545.2	498.1	91.643	352	#00ffa8
XP_077948118.1	512.5	87.572	352	#12ff00
XP_040059551.2	512.1	87.283	352	#0fff00
XP_040060393.2	564.7	93.277	357	#d1ff00
XP_040058947.2	446.6	81.303	351	#0032ff
XP_040031129.2	361.4	86.269	357	#610061
AGL76522.1	556.7	92.437	357	#b8ff00
AGL76521.1	559.2	92.717	357	#c0ff00
AGL76520.1	564.7	92.997	357	#d1ff00
AGL76517.1	556.7	92.437	357	#b8ff00
AGL76516.1	512.1	86.127	352	#0fff00
AGL76515.1	512.1	87.572	352	#0fff00
CAZ86759.1	506.4	92.938	352	#00ff41
CAZ86758.1	506.4	92.655	352	#00ff41
AAY26070.1	517.5	99.432	352	#2bff00
ADA77665.1	479.4	99.148	352	#00d3ff
ADA77649.1	526.9	99.432	352	#52ff00
J9L0Z6	508.2	35.161	308	#00ff25
A0A0R4IEG0	424.9	29.218	378	#4800da
P31356.2	478.7	41.254	303	#00d0ff
AMP|TeSal|LWS|GDUJ01056749.1	526.6	66.867	336	#51ff00
AMP|TeSal|LWS|GDUJ01056750.1	516.4	67.385	337	#26ff00
AMP|TeSal|MWS|GDUJ01058424.1	463.1	47.123	373	#0089ff
DEC|Cashu|LWS|O16018.1	526.2	64.452	301	#4fff00
DEC|Proclar|LWS|ALJ26467	532.5	64.62	363	#67ff00
DEC|Proclar|UVS|ALJ26468	426.5	58.16	368	#4300de
DEC|Prmil|LWS|O16020.1	528.7	63.787	301	#59ff00
DEC|Hoame|LWS|GEBG01003046.1	528.5	70.487	357	#58ff00
DEC|Hoame|LWS|GEBG01002274.1	557.1	67.93	358	#baff00
DEC|Hoame|MWS|GEBG01045558.1	471.2	44.892	369	#00afff
DEC|Hoame|Rh7|GEBG01043356.1	486.3	42.535	391	#00f0ff
DEC|Nenor|LWS|TRINITY_DN39887_c5_g3_i2	520.6	71.724	357	#38ff00
DEC|Nenor|MWS|TRINITY_DN40381_c2_g1_i1	470.4	45.604	368	#00abff
DEC|Nenor|MWS|TRINITY_DN40238_c0_g2_i1	489.8	47.099	309	#00feff
DEC|Nenor|UVS|TRINITY_DN40238_c0_g1_i1	427.2	57.91	367	#4100e0
DEC|Opgra|LWS|KP234271.1	512.5	66.118	304	#12ff00
DEC|Opgra|MWS|KP234273.1	463.4	43.017	378	#008bff
DEC|Sydeb|MWS|KP234267.1	478.8	46.429	333	#00d0ff
DEC|Sydeb|MWS|KP234272.1	466.9	44.923	379	#009bff
DEC|Jaedw|LWS|TRINITY_DN17377_c0_g1_i1	550.7	65.143	358	#a5ff00
DEC|Camae|MWS|TRINITY_DN16550_c0_g1_i1	498.0	48.795	368	#00ffa9
DEC|Camae|MWS|TRINITY_DN16550_c0_g2_i1	463.3	43.478	369	#008aff
DEC|Camae|Rh7|TRINITY_DN78883_c0_g1_i1	456.4	46.13	398	#0069ff
DEC|Camae|UVS|TRINITY_DN20290_c2_g1_i1	428.8	60.831	367	#3c00e4
DEC|Potri|MWS|GFFJ01043922.1	465.8	46.429	340	#0096ff
DEC|Potri|MWS|GFFJ01063125.1	467.0	45.652	369	#009cff
DEC|Hesan|MWS|BAA09132	462.6	43.82	369	#0087ff
DEC|Hesan|MWS|BAA09133	460.6	42.424	369	#007dff
EUP|EuSup|LWS|KU682724.1	552.9	56.695	360	#acff00
EUP|EuSup|MWS|KU682723.1	505.5	43.989	369	#00ff4d
EUP|EuSup|MWS|KU682722.1	452.7	43.37	365	#0055ff
EUP|EuSup|MWS|KU682720.1	489.3	43.454	376	#00fcff
EUP|EuSup|MWS|KU682721.1	468.8	40.223	374	#00a4ff
EUP|MeNor|LWS|GETT01283780.1	554.0	58.501	358	#b0ff00
EUP|MeNor|MWS|GETT01397515.1	472.5	40.58	356	#00b5ff
EUP|MeNor|MWS|GETT01199524.1	472.1	43.978	378	#00b3ff
EUP|MeNor|MWS|GETT01096125.1	476.3	40.782	372	#00c5ff
EUP|MeNor|MWS|GETT01096124.1	476.3	43.243	370	#00c5ff
EUP|MeNor|MWS|GETT01042517.1	478.2	43.234	303	#00ceff
EUP|MeNor|MWS|GETT01007359.1	457.3	45.536	370	#006dff
EUP|MeNor|Rc|GETT01182115.1	515.2	38.352	350	#20ff00
EUP|MeNor|Rc|GETT01285495.1	492.5	37.216	351	#00ffe5
MYS|Prafle|MWS|TRINITY_DN1029_c0_g1_i4	463.6	43.344	334	#008cff
MYS|Prafle|MWS|TRINITY_DN178_c0_g1_i11	463.4	45.791	335	#008bff
MYS|Prafle|MWS|TRINITY_DN178_c0_g1_i41	463.8	45.593	365	#008dff
MYS|Prafle|MWS|TRINITY_DN178_c0_g1_i14	463.8	43.978	367	#008dff
MYS|Prafle|MWS|TRINITY_DN178_c0_g1_i27	424.6	45.725	303	#4900da
MYS|Prafle|MWS|TRINITY_DN178_c0_g1_i43	423.7	44.406	305	#4c00d7
MYS|Prafle|MWS|TRINITY_DN388_c0_g1_i5	449.9	44.037	380	#0046ff
MYS|Prafle|MWS|TRINITY_DN198_c0_g1_i24	470.0	48.377	349	#00a9ff
MYS|Prafle|UVS|TRINITY_DN1362_c0_g1_i3	479.0	43.516	382	#00d1ff
STO|Pscil|LWS|contig03150	536.2	62.797	464	#74ff00
STO|Pscil|LWS|contig03154	532.7	64.82	445	#68ff00
STO|Pscil|LWS|contig03386	533.8	68.611	382	#6cff00
STO|Pscil|LWS|contig03405	574.2	66.571	407	#eeff00
STO|Pscil|LWS|contig03423	583.1	90.054	420	#fff500
STO|Pscil|UVS|contig03244	357.0	58.084	396	#610061
STO|Neoer|LWS|QIW86049	534.7	70.286	355	#6fff00
STO|Neoer|LWS|QIW86023	535.5	65.616	358	#72ff00
STO|Neoer|LWS|QIW86035	529.4	65.429	358	#5bff00
STO|Neoer|LWS|QIW86038	537.9	77.097	315	#7aff00
STO|Neoer|LWS|QIW86029	538.4	74.857	355	#7cff00
STO|Neoer|LWS|QIW86043	534.0	87.749	357	#6cff00
STO|Neoer|LWS|QIW86041	536.6	100.0	357	#76ff00
STO|Neoer|LWS|QIW86042	534.9	94.587	358	#70ff00
STO|Neoer|LWS|QIW86045	535.3	89.744	357	#71ff00
STO|Neoer|LWS|QIW86036	536.5	69.741	355	#75ff00
STO|Neoer|LWS|QIW86025	524.1	68.857	360	#47ff00
STO|Neoer|LWS|QIW86050	530.3	69.298	355	#5fff00
STO|Neoer|LWS|QIW86047	609.4	100.0	361	#ff9e00
STO|Neoer|LWS|QIW86046	573.4	67.536	351	#ecff00
STO|Neoer|LWS|QIW86048	530.9	67.052	351	#61ff00
STO|Neoer|MWS|QIW86026	461.3	47.425	372	#0081ff
STO|Neoer|MWS|QIW86027	466.7	45.989	372	#009aff
STO|Neoer|MWS|QIW86030	465.3	46.257	372	#0094ff
STO|Neoer|MWS|QIW86031	471.0	43.099	370	#00aeff
STO|Neoer|MWS|QIW86033	458.7	45.104	370	#0074ff
STO|Neoer|MWS|QIW86034	459.6	45.294	370	#0079ff
STO|Neoer|MWS|QIW86051	469.1	45.665	372	#00a5ff
STO|Neoer|MWS|QIW86024	501.7	45.603	327	#00ff7e
STO|Neoer|MWS|QIW86028	461.0	42.045	374	#007fff
STO|Neoer|MWS|QIW86032	458.4	45.251	375	#0073ff
STO|Neoer|UVS|AIF73508	362.7	56.677	368	#610061
STO|Neoer|UVS|AIF73507	445.7	48.0	349	#002dff
STO|Neoer|UVS|AIF73509	461.3	51.282	328	#0081ff
STO|Sqemp|LWS|ACU00238	527.9	90.968	315	#56ff00
CM040789.1-11491416-11493340	564.2	92.157	355	#d0ff00
CM040777.1-29324092-29325590	472.5	92.55	348	#00b5ff
CM040777.1-29327749-29329374	475.1	93.696	348	#00c0ff
CM040777.1-29331180-29332868	475.1	92.264	349	#00c0ff
CM040777.1-29339014-29340710	489.2	92.55	349	#00fcff
CM040777.1-29345636-29347342	490.0	91.691	349	#00ffff
CM040777.1-29352465-29354170	506.7	91.117	349	#00ff3c
CM040769.1-11471795-11473579	358.3	89.286	336	#610061
CM040789.1-11496198-11498200	424.2	84.593	344	#4a00d9
CM021303.1-541278-548119	526.9	80.992	357	#52ff00
CM021301.1-4736986-4742234	445.8	78.371	354	#002eff
CM022752.1-28601210-28602878	560.5	83.24	356	#c4ff00
CM022759.1-29174488-29179904	469.4	81.948	349	#00a7ff
CM030126.1-45387092-45389710	559.4	85.596	362	#c1ff00
CM030125.1-10552413-10556698	359.3	81.493	345	#610061
CM030125.1-10567419-10574566	413.4	74.566	346	#6300bd
CM030126.1-45376438-45378629	447.0	80.057	354	#0035ff
CM026069.1-32833143-32835013	562.8	95.238	355	#ccff00
CM026069.1-32844536-32846409	544.4	91.854	355	#90ff00
CM026069.1-32848598-32850394	562.8	95.798	355	#ccff00
CM026086.1-21607949-21609363	559.8	90.476	355	#c2ff00
CM026069.1-18214713-18216201	518.0	98.256	344	#2dff00
CM026069.1-18231422-18234725	472.9	97.093	344	#00b6ff
CM026069.1-32816154-32817816	442.3	90.936	342	#0016ff
CM026069.1-32819725-32821701	407.5	98.542	345	#6b00ae
CM023575.1-38261493-38263763	489.9	85.387	349	#00ffff
CM023575.1-38269492-38277829	478.9	83.954	349	#00d1ff
CM023577.1-5450528-5453270	419.2	73.547	351	#5700cc
CM045893.1-38990589-38992904	491.8	85.673	349	#00ffec
CM045893.1-38998660-39007447	467.4	84.527	349	#009eff
CM045895.1-5146035-5149088	436.1	74.709	351	#1c00f6
JANHZZ010000004.1-8068654-8071710	544.4	92.997	355	#90ff00
JANHZZ010000010.1-347983-349545	522.2	86.337	344	#3fff00
JANHZZ010000010.1-357224-358789	517.5	89.244	344	#2bff00
JANHZZ010000362.1-66476-67764	369.1	74.118	332	#610061
JANHZZ010000004.1-8054961-8057272	442.8	82.164	342	#0019ff
JANHZZ010000004.1-8058263-8061564	418.6	84.503	343	#5900cb
CM010442.1-15316451-15318225	557.9	86.217	355	#bcff00
QPKE01000230.1-256887-258701	546.0	95.763	355	#96ff00
CM010435.1-15351685-15353995	359.7	99.107	336	#610061
CM010442.1-15320991-15323204	441.8	99.419	344	#0012ff
QPKE01000230.1-250542-252545	454.1	93.314	344	#005dff
LR535861.1-4190516-4192205	551.3	87.955	355	#a7ff00
LR535861.1-4193803-4195415	556.7	89.916	355	#b8ff00
LR535861.1-26351412-26353232	495.2	81.948	345	#00ffc8
LR535867.1-29121550-29123398	510.2	80.516	345	#02ff00
LR535872.1-1327376-1329013	367.0	77.301	334	#610061
CM056183.1-43445656-43447712	489.8	85.96	349	#00feff
CM056183.1-43459425-43461764	489.5	86.533	349	#00fdff
CM056186.1-36153059-36158167	445.4	75.439	351	#002bff
CM042222.1-10044182-10046066	546.8	88.515	355	#98ff00
CM042222.1-10060708-10062368	461.6	97.368	342	#0082ff
NW_015150482.1-1832622-1834406	558.8	96.639	355	#bfff00
NW_015150482.1-1841361-1843102	532.2	88.764	355	#66ff00
NW_015150482.1-1850260-1851999	557.9	96.078	355	#bcff00
NW_015150490.1-213895-215050	503.4	87.115	355	#00ff69
NW_015151625.1-154045-158148	482.5	94.477	344	#00e0ff
NW_015151625.1-174498-175999	505.4	92.733	344	#00ff4f
NW_015151625.1-186536-188039	518.0	96.512	344	#2dff00
NW_015150855.1-655013-656436	362.0	78.209	335	#610061
NW_015150482.1-1860158-1861984	405.8	94.633	345	#6c00aa
NW_015150482.1-1863515-1865091	443.2	86.55	342	#001cff
CM031272.1-15222109-15223844	549.6	96.639	355	#a2ff00
CM031247.1-14471408-14473371	443.5	94.477	344	#001eff
CM031272.1-15226707-15228973	441.8	98.547	344	#0012ff
CM002895.2-25477741-25479507	561.4	86.686	355	#c7ff00
CM002895.2-25481285-25482788	551.3	90.756	354	#a7ff00
CM002895.2-25472890-25475184	417.2	99.419	344	#5c00c7
CM045450.1-25534182-25536269	551.4	100.0	355	#a8ff00
CM045450.1-14182839-14184445	518.0	95.349	344	#2dff00
CM045450.1-14214838-14217670	471.9	90.407	344	#00b2ff
CM045450.1-25523804-25527658	426.5	83.041	343	#4300de
JAAKFY010000006.1-12620501-12622471	561.4	76.308	359	#c7ff00
JAAKFY010000006.1-22099454-22101221	486.0	97.802	344	#00efff
JAAKFY010000177.1-185967-190145	368.2	95.48	338	#610061
JAAKFY010000177.1-55933-59962	368.7	85.039	338	#610061
JAKOON010000003.1-10033272-10036335	551.7	82.796	355	#a8ff00
JAKOON010000003.1-17273826-17275385	522.1	78.933	344	#3fff00
JAKOON010000003.1-17283050-17284616	517.5	84.252	344	#2bff00
JAKOON010000003.1-10020143-10022453	442.8	82.164	342	#0019ff
JAKOON010000003.1-10023444-10026607	418.6	81.408	343	#5900cb
CM021609.1-17924472-17927228	563.1	89.548	355	#ccff00
CM021609.1-17929345-17932149	557.3	44.444	351	#baff00
CM021610.1-5607959-5611779	559.7	64.865	351	#c2ff00
CM021610.1-5613349-5616175	549.7	90.113	351	#a2ff00
CM021609.1-33796474-33799460	486.4	80.117	345	#00f0ff
CM021609.1-33804575-33806199	483.1	72.126	345	#00e2ff
CM021609.1-36387835-36389591	505.9	75.862	345	#00ff48
CM021609.1-36391073-36394184	507.7	76.437	345	#00ff2d
CM021615.1-7494265-7500539	370.1	80.422	334	#610061
JAPEHP010000010.1-18956164-18957727	563.4	91.501	354	#cdff00
JAPEHP010000019.1-29627539-29634681	554.2	85.434	355	#b1ff00
JAPEHP010000010.1-26542240-26544735	496.4	84.273	344	#00ffbb
JAPEHP010000010.1-26546208-26548928	495.6	86.053	344	#00ffc4
JAPEHP010000010.1-26577516-26578944	519.5	85.028	344	#34ff00
JAPEHP010000010.1-18964747-18970484	421.6	84.164	345	#5200d2
JAPEHP010000010.1-18972218-18975142	453.6	79.942	343	#005aff
CM022124.2-7372871-7374303	564.1	91.011	355	#d0ff00
CM022129.2-35461511-35463345	563.4	96.359	355	#cdff00
CM022129.2-37074921-37076737	526.1	87.955	355	#4fff00
CM022129.2-37086872-37088639	561.5	96.359	355	#c7ff00
CM022129.2-20492178-20493674	517.5	95.64	344	#2bff00
CM022129.2-20507959-20511304	474.8	94.186	344	#00bfff
CM022129.2-35475672-35477602	400.2	96.893	345	#6f009b
CM022129.2-35480297-35481962	430.1	95.029	342	#3700e7
JAGKPV010000012.1-431504-433690	555.9	93.557	355	#b6ff00
JAGKPV010000100.1-130278-133329	482.6	99.128	344	#00e0ff
JAGKPV010000100.1-142147-143697	526.9	98.837	344	#52ff00
JAGKPV010000100.1-156602-158124	517.5	98.547	344	#2bff00
JAGKPV010002448.1-3094-4503	363.8	98.209	335	#610061
JAGKPV010000012.1-439655-442067	426.3	98.246	342	#4400de
JAGKPV010000012.1-445734-447621	452.9	97.076	342	#0056ff
OMLM01020147.1-72604-74339	557.1	89.356	355	#baff00
OMLM01009395.1-119869-127814	468.0	30.822	332	#00a0ff
OMLM01020147.1-89809-92494	420.4	72.515	343	#5500cf
OMLM01020147.1-93489-95549	430.0	81.871	342	#3700e7
JAOYNJ010000008.1-2182853-2184721	562.3	91.036	354	#caff00
JAOYNJ010000008.1-10387245-10388921	526.6	91.279	344	#51ff00
JAOYNJ010000008.1-2175437-2177119	454.2	84.012	342	#005dff
CM049396.1-18130732-18132327	520.6	90.379	344	#38ff00
CM049396.1-18222814-18225656	492.5	80.925	344	#00ffe5
CM049416.1-25080106-25082404	363.9	78.571	336	#610061
CM049416.1-25084904-25088871	365.0	80.06	336	#610061
CM049396.1-26042653-26045132	427.0	82.749	342	#4200e0
CM049396.1-26049816-26051743	435.2	76.608	342	#2000f4
CM004434.2-575361-577023	558.2	84.637	356	#bdff00
CM004430.2-20853051-20857167	479.0	83.668	349	#00d1ff
CM044664.1-14410069-14412122	564.0	90.449	355	#cfff00
CM044664.1-14416674-14418827	560.5	93.838	355	#c4ff00
CM044664.1-24147223-24150850	473.7	88.69	344	#00baff
CM044664.1-24152781-24156226	491.0	87.798	344	#00fff5
CM044664.1-24221182-24222702	518.0	95.058	344	#2dff00
CM044664.1-14426910-14429130	415.8	91.837	343	#5f00c4
CM044664.1-14430619-14432544	438.2	83.333	342	#0f00fb
CM044664.1-14434190-14435867	437.5	87.209	342	#1400f9
JALXJV020000004.1-34211351-34213914	558.0	89.636	355	#bdff00
JALXJV020000004.1-34222320-34224179	559.6	89.356	355	#c2ff00
JALXJV020000004.1-34233521-34235602	560.6	85.674	355	#c5ff00
JALXJV020000004.1-34248113-34249975	559.6	87.115	356	#c2ff00
JALXJV020000004.1-22992995-22994705	515.9	91.86	344	#23ff00
JALXJV020000024.1-12523733-12525408	514.3	87.172	344	#1bff00
JALXJV020000022.1-2653366-2708260	461.3	31.849	328	#0081ff
JALXJV020000004.1-34188775-34191691	438.8	81.579	342	#0b00fc
CM034592.1-11638502-11640981	555.0	91.597	355	#b3ff00
CM034592.1-26174334-26178046	472.7	89.244	344	#00b6ff
CM034592.1-26183244-26187095	491.5	87.202	346	#00fff0
CM034592.1-26192691-26194265	513.6	91.279	344	#18ff00
CM034592.1-26206935-26208463	516.5	86.88	346	#26ff00
CM034605.1-34426889-34435666	427.9	31.164	332	#3f00e2
CM034592.1-11649517-11653665	415.1	89.796	343	#6000c2
CM034592.1-11655213-11658904	442.2	81.871	342	#0015ff
CM034592.1-11660152-11662727	441.9	84.012	342	#0013ff
CM009184.2-8190506-8192716	555.9	93.277	355	#b6ff00
CM009184.2-21969940-21971455	517.5	99.709	344	#2bff00
CM009184.2-21987172-21988859	526.9	99.709	344	#52ff00
CM009184.2-21996380-21999437	481.6	100.0	344	#00dcff
CM009184.2-8175443-8177534	452.9	96.784	343	#0056ff
CM009184.2-8181882-8184286	425.2	99.123	342	#4800db
CM032877.1-20673381-20676805	525.4	82.336	355	#4cff00
CM032879.1-6346246-6349020	565.7	88.515	355	#d4ff00
CM032879.1-6351340-6356821	557.1	88.268	356	#baff00
CM032883.1-14892735-14897215	531.7	84.104	353	#64ff00
CM032882.1-27981071-27983929	489.9	89.112	349	#00ffff
CM032899.1-22167118-22170437	405.9	77.151	337	#6c00aa
CM032879.1-6370419-6374004	451.5	78.063	351	#004fff
JACBYK010000004.1-32230350-32232239	558.0	89.356	355	#bdff00
JACBYK010000004.1-32240168-32242021	558.0	89.076	355	#bdff00
JACBYK010000004.1-32251648-32253571	560.6	85.393	355	#c5ff00
JACBYK010000004.1-20387947-20389648	515.9	91.57	344	#23ff00
JACBYK010000023.1-13725000-13726705	513.6	86.589	344	#18ff00
JACBYK010000019.1-32039465-32075132	461.3	31.849	328	#0081ff
JACBYK010000004.1-32204416-32207355	436.2	82.456	342	#1b00f6
CM039558.1-21024497-21026341	564.2	94.382	355	#d0ff00
CM039558.1-5965175-5967426	475.5	88.095	344	#00c2ff
CM039558.1-5974364-5975847	517.4	89.244	344	#2aff00
CM039558.1-5977350-5979145	512.7	86.047	344	#13ff00
CM039558.1-5985750-5992693	516.6	93.023	344	#27ff00
CM039558.1-6000685-6002175	516.6	88.081	344	#27ff00
CM039558.1-21007511-21009141	469.8	82.849	342	#00a9ff
CM039558.1-21010258-21012104	437.4	83.041	342	#1400f9
CM039558.1-21016174-21018268	426.1	87.097	343	#4500dd
CM037762.1-4610716-4616203	562.0	85.057	351	#c9ff00
CM037766.1-60876160-60879674	548.3	85.965	351	#9dff00
CM037766.1-60881076-60883108	559.1	85.434	355	#c0ff00
JAGYUW010005161.1-47227-52575	562.0	85.345	351	#c9ff00
JAGYUW010005510.1-95834-101370	562.0	84.77	351	#c9ff00
CM037751.1-26690026-26691574	509.6	76.299	312	#00ff0b
CM037751.1-26709389-26710961	507.0	77.874	345	#00ff38
CM037751.1-26729047-26733531	493.5	83.871	354	#00ffdb
CM037751.1-26737317-26746633	489.4	77.654	346	#00fdff
CM037766.1-60863369-60865494	423.7	75.811	344	#4c00d7
CM041659.1-21515656-21517684	559.1	85.434	355	#c0ff00
CM041659.1-21519098-21522605	548.3	85.965	351	#9dff00
JAJNGS010012207.1-54-4998	562.0	85.38	351	#c9ff00
CM041670.1-32363729-32374160	483.7	77.374	346	#00e5ff
CM041670.1-32380948-32383724	489.3	77.654	346	#00fcff
CM041670.1-32416292-32417864	507.0	78.448	345	#00ff38
CM041670.1-32435477-32437126	507.1	77.299	345	#00ff36
CM041682.1-8630559-8632351	364.4	82.282	334	#610061
CM041659.1-21532814-21534910	423.7	75.811	344	#4c00d7
CM007718.2-20950529-20952561	556.7	85.154	355	#b8ff00
CM007718.2-20953959-20957503	548.3	85.673	351	#9dff00
ML762285.1-10499185-10507609	562.0	85.38	351	#c9ff00
CM007722.2-54859691-54870031	489.4	77.654	346	#00fdff
CM007722.2-54876033-54880345	492.0	83.939	333	#00ffea
CM007722.2-54903303-54904889	507.0	76.437	345	#00ff38
CM007722.2-54926311-54927963	508.5	75.862	345	#00ff20
CM007726.2-14954864-14956594	364.4	82.282	334	#610061
CM007718.2-20969235-20971326	423.7	75.811	344	#4c00d7
CM023235.2-74854126-74857660	548.3	85.673	351	#9dff00
CM023235.2-74859081-74861109	559.1	85.434	355	#c0ff00
CM023239.2-3385405-3391240	562.0	85.673	351	#c9ff00
CM023225.2-67748371-67759274	489.4	77.654	346	#00fdff
CM023225.2-67766610-67769690	491.9	78.492	346	#00ffeb
CM023225.2-67792704-67794287	507.0	76.149	345	#00ff38
CM023225.2-67806018-67807662	508.5	80.409	345	#00ff20
CM023239.2-32456168-32457903	363.6	82.282	334	#610061
CM023235.2-74839712-74841864	423.7	75.811	344	#4c00d7
CM031200.1-20293728-20295752	556.7	85.154	355	#b8ff00
CM031200.1-20297166-20300734	548.3	85.673	351	#9dff00
JAEPEU010006067.1-94076-100352	560.6	85.38	351	#c5ff00
CM031205.1-52753264-52761964	489.4	77.654	346	#00fdff
CM031205.1-52771225-52775539	492.0	84.242	333	#00ffea
CM031205.1-52797411-52798997	507.0	76.437	345	#00ff38
CM031205.1-52840744-52842394	505.0	75.287	345	#00ff54
CM031213.1-11214347-11216102	363.6	82.282	334	#610061
CM031200.1-20312519-20314670	423.7	75.811	344	#4c00d7
JACSYO010000324.1-2155716-2157654	562.1	92.997	355	#c9ff00
JACSYO010000406.1-268028-270995	459.5	85.119	344	#0078ff
JACSYO010000406.1-272817-274419	515.0	89.213	344	#1fff00
JACSYO010000406.1-281917-283519	512.1	89.826	344	#0fff00
JACSYO010001991.1-17667-19669	366.1	85.207	339	#610061
JACSYO010000324.1-2170454-2171940	453.0	86.842	342	#0057ff
CM020912.1-7210184-7211828	529.4	80.056	355	#5bff00
CM020912.1-7225596-7227233	544.7	83.193	355	#91ff00
CM020912.1-7257936-7259615	526.4	83.708	354	#50ff00
CM020912.1-18732144-18737784	474.3	85.417	344	#00bdff
CM020912.1-19246620-19248212	508.4	86.047	344	#00ff22
CM020912.1-7274475-7279533	436.5	81.287	342	#1900f7
OX438717.1-7713841-7715841	542.7	89.356	355	#8bff00
OX438717.1-17607003-17608484	487.2	81.924	344	#00f4ff
OX438717.1-17616224-17617745	517.1	89.244	344	#29ff00
OX438717.1-17624217-17626701	491.9	86.607	344	#00ffeb
OX438717.1-17630333-17633654	470.5	88.953	344	#00acff
OX438717.1-7722672-7726084	415.6	91.545	343	#5f00c3
OX438717.1-7730272-7732334	454.6	84.503	342	#005fff
OX438717.1-7733940-7735447	470.6	90.988	342	#00acff
CM028873.1-19386776-19388781	548.6	89.916	355	#9eff00
CM028873.1-12037557-12038984	487.2	83.721	344	#00f4ff
CM028873.1-12046490-12047994	517.1	88.953	344	#29ff00
CM028873.1-12052746-12055199	491.9	86.607	344	#00ffeb
CM028873.1-12058174-12061168	470.5	88.953	344	#00acff
CM028868.1-16821700-16823619	370.4	82.544	338	#610061
CM028873.1-19395537-19399083	415.6	90.671	343	#5f00c3
CM028873.1-19402155-19404193	454.6	83.918	342	#005fff
CM028873.1-19405808-19407351	470.7	91.279	342	#00adff
OX374649.1-23238768-23240769	543.0	89.076	355	#8cff00
OX374649.1-12891818-12895008	470.5	89.244	344	#00acff
OX374649.1-12902281-12903804	516.9	88.372	344	#28ff00
OX374649.1-12911198-12912687	487.2	82.507	344	#00f4ff
OX374649.1-23219170-23220715	456.5	89.826	342	#0069ff
OX374649.1-23222324-23224380	454.6	84.795	342	#005fff
OX374649.1-23227522-23231827	415.4	93.003	343	#5f00c3
KI519611.1-3398267-3399658	522.7	89.577	355	#41ff00
KI519790.1-939769-941574	562.7	96.629	354	#cbff00
KI519612.1-5729328-5730808	517.3	99.128	344	#2aff00
KI519612.1-5743094-5747756	474.4	97.965	344	#00bdff
KI519791.1-12351-13930	438.6	96.491	342	#0c00fc
KI519791.1-8644-10450	407.5	98.251	345	#6b00ae
KQ546212.1-242439-244233	564.1	97.472	354	#d0ff00
KQ546265.1-181555-182946	522.5	89.577	355	#40ff00
KQ545903.1-23593-25072	517.3	99.128	344	#2aff00
KQ545903.1-46295-54142	475.3	97.384	344	#00c1ff
KQ547048.1-12332-13911	438.6	96.199	342	#0c00fc
KQ547048.1-8651-10456	407.8	97.959	345	#6a00af
KQ551879.1-182111-183502	522.7	89.045	355	#41ff00
KQ552994.1-112647-114452	559.2	96.348	354	#c0ff00
KQ551285.1-549304-550783	517.3	99.128	344	#2aff00
KQ551285.1-562921-570809	474.4	98.256	344	#00bdff
KQ553141.1-12228-13807	438.6	96.784	342	#0c00fc
KQ553141.1-8522-10327	407.5	98.542	345	#6b00ae
CM002710.1-30924401-30926197	544.1	98.034	354	#8fff00
CM002710.1-30930294-30939848	517.3	99.16	355	#2aff00
CM002710.1-30945515-30947312	527.9	98.876	354	#56ff00
CM002726.1-11303785-11305175	560.4	91.292	355	#c4ff00
CM002710.1-3901715-3905940	472.7	99.419	344	#00b6ff
CM002710.1-3918624-3920116	517.3	100.0	344	#2aff00
KK215283.1-1382952-1384348	356.1	99.701	337	#610061
CM002710.1-30956174-30957974	407.5	99.125	345	#6b00ae
CM002710.1-30960072-30962694	438.6	98.538	342	#0c00fc
OX465135.1-16177561-16179219	514.7	82.799	347	#1dff00
OX465135.1-16181274-16183338	515.2	84.84	344	#20ff00
OX465135.1-16186916-16188595	514.2	83.09	347	#1bff00
OX465135.1-5200197-5203297	432.9	82.164	342	#2b00ee
OX465135.1-5204311-5206301	444.5	79.24	343	#0025ff
CM030265.1-20436571-20440318	554.5	84.848	360	#b1ff00
CM030256.1-12525120-12527848	385.9	82.37	346	#6a0073
JH419383.1-22476-24683	555.8	93.557	355	#b6ff00
JH419217.1-2922484-2925539	482.6	99.128	344	#00e0ff
JH419217.1-2934487-2936035	526.9	99.709	344	#52ff00
JH419217.1-2946472-2947988	517.5	96.802	344	#2bff00
JH419383.1-30686-33089	428.6	98.538	342	#3c00e3
JH419383.1-37195-39273	452.9	96.784	342	#0056ff
CABVRH030000017.1-8996933-8999001	554.5	91.597	355	#b1ff00
CABVRH030000017.1-752938-754475	511.9	88.338	344	#0eff00
CABVRH030000017.1-759777-761272	515.2	88.047	344	#20ff00
CABVRH030000004.1-18080-19868	360.6	84.32	340	#610061
CABVRH030000017.1-8986457-8987953	446.1	77.778	342	#002fff
CM032078.1-21064334-21066112	564.0	93.557	355	#cfff00
CM032073.1-20148100-20149638	490.6	92.837	349	#00fff9
CM032073.1-20153521-20155155	509.2	93.983	349	#00ff13
CM032071.1-6756015-6758188	375.9	91.071	336	#610061
CM032078.1-21059599-21061522	442.7	94.477	344	#0019ff
HG993266.1-61384831-61390305	562.0	86.55	351	#c9ff00
HG993271.1-79295027-79304434	547.8	86.257	351	#9cff00
HG993271.1-79305859-79307889	555.5	85.434	355	#b5ff00
HG993281.1-16262629-16264600	553.8	84.034	355	#afff00
HG993281.1-38138278-38141425	492.2	79.05	346	#00ffe8
HG993281.1-38181576-38183163	507.1	76.724	345	#00ff36
HG993281.1-38202939-38204611	507.1	81.871	345	#00ff36
HG993271.1-79270569-79272761	424.1	75.516	344	#4b00d8
CAAJIE020001087.1-2394722-2401898	562.0	86.55	351	#c9ff00
CAAJIE020001087.1-2497926-2504571	562.0	86.55	351	#c9ff00
LR584411.1-20296374-20298403	555.5	85.434	355	#b5ff00
LR584411.1-20299788-20303753	548.3	86.842	351	#9dff00
LR584431.1-45419506-45421483	553.6	84.594	355	#afff00
LR584431.1-23775128-23776808	508.2	80.994	345	#00ff25
LR584431.1-23800349-23801928	506.9	76.437	345	#00ff39
LR584431.1-23845115-23848405	492.2	78.771	346	#00ffe8
LR584443.1-21883284-21885051	364.4	82.036	334	#610061
LR584411.1-20324478-20326667	429.2	74.631	344	#3a00e5
CM024495.1-40260334-40262186	549.6	82.353	355	#a2ff00
CM024495.1-40279048-40280846	552.7	82.353	355	#acff00
CM024495.1-40297288-40298944	549.0	82.073	355	#a0ff00
CM024495.1-40320164-40321803	552.7	81.513	355	#acff00
CM024495.1-4333982-4338021	484.6	84.226	342	#00e9ff
CM024495.1-4843473-4845074	510.2	84.548	344	#02ff00
CM024496.1-36219198-36224391	487.7	86.905	344	#00f6ff
CM024495.1-40240731-40245402	436.1	81.579	342	#1c00f6
CM044591.1-11577931-11579841	564.8	89.489	351	#d2ff00
CM044577.1-33115225-33116635	466.2	86.819	349	#0098ff
CM044577.1-33117861-33119349	471.2	91.977	348	#00afff
CM044577.1-33121440-33123050	474.2	93.41	348	#00bcff
CM044577.1-33124782-33126439	494.3	91.691	349	#00ffd2
CM044577.1-33131111-33132811	488.8	91.691	349	#00faff
CM044577.1-33151245-33159988	468.2	89.971	349	#00a1ff
CM044571.1-10973345-10975165	358.7	90.179	336	#610061
CM044591.1-11582670-11584627	421.7	86.441	346	#5100d2
CM050005.1-12006017-12007862	560.7	93.539	355	#c5ff00
CM050005.1-20641599-20644444	466.8	89.583	344	#009bff
CM050005.1-20646696-20652680	495.0	84.226	344	#00ffcb
CM050005.1-20662669-20664209	515.7	88.63	344	#22ff00
CM050005.1-11991715-11993446	430.0	85.294	342	#3700e7
CM050005.1-11997520-12000058	427.6	85.088	343	#4000e1
CAKAKW010031955.1-1807-5678	558.7	89.356	355	#bfff00
CAKAKW010019819.1-17688-19236	515.7	88.63	344	#22ff00
CAKAKW010029150.1-2384-5916	474.4	88.393	344	#00bdff
CAKAKW010029150.1-8885-13727	492.8	84.821	344	#00ffe2
CAKAKW010018030.1-6891-9685	367.5	89.941	340	#610061
CAKAKW010031955.1-13246-16680	415.7	87.353	343	#5f00c3
CAKAKW010031955.1-21014-23358	452.2	82.749	342	#0052ff
CAKAKW010031955.1-24824-27416	462.1	84.012	342	#0085ff
CAKAMT010024103.1-8737-12815	558.7	89.076	355	#bfff00
CAKAMT010002343.1-2144-5778	473.2	87.798	344	#00b8ff
CAKAMT010024078.1-17667-19216	515.7	88.63	344	#22ff00
CAKAMT010019793.1-12746-15058	367.5	90.237	340	#610061
CAKAMT010010931.1-10347-12707	452.2	83.041	342	#0052ff
CAKAMT010010931.1-14173-16757	451.6	83.721	342	#004fff
CAKAMT010010931.1-2591-6022	417.0	87.683	343	#5c00c7
CAKAOJ020000194.1-1180731-1184707	561.4	91.036	355	#c7ff00
CAKAOJ020000034.1-2385163-2386710	516.4	88.047	344	#26ff00
CAKAOJ020000034.1-2413328-2421299	497.9	85.417	344	#00ffab
CAKAOJ020000034.1-2424202-2428819	476.1	89.583	344	#00c5ff
CAKAOJ020000438.1-489771-492235	366.3	89.645	340	#610061
CAKAOJ020000194.1-1164032-1166545	446.3	82.849	342	#0031ff
CAKAOJ020000194.1-1168152-1170584	431.6	83.041	342	#3100eb
CAKAOJ020000194.1-1172363-1175972	415.1	88.338	343	#6000c2
OX393528.1-9544021-9545976	546.6	89.045	355	#98ff00
OX393528.1-19453886-19457380	476.8	89.583	344	#00c8ff
OX393528.1-19460007-19462994	489.8	85.417	344	#00feff
OX393528.1-19469223-19470997	517.0	85.423	344	#28ff00
OX393528.1-19478246-19479705	516.3	87.755	344	#25ff00
OX393528.1-9558432-9560798	441.9	81.871	342	#0013ff
CAAKHL010000062.1-1042253-1043942	565.0	90.756	354	#d2ff00
CAAKHL010000020.1-1044475-1046004	516.6	85.423	344	#27ff00
CAAKHL010000062.1-1033860-1035278	455.7	82.267	342	#0065ff
CAAKHL010000062.1-1036126-1038164	422.0	83.883	302	#5100d3
OU342715.1-19466888-19468875	562.4	92.157	355	#caff00
OU342715.1-13544309-13545898	516.0	88.338	344	#24ff00
OU342715.1-13552739-13554338	516.9	88.921	344	#28ff00
OU342715.1-19454260-19455737	466.6	89.706	342	#009aff
OU342715.1-19458561-19460839	420.2	86.297	343	#5500cf
OU607595.1-29501964-29504079	562.7	91.877	355	#cbff00
OU607595.1-18571586-18573345	515.9	87.464	346	#23ff00
OU607595.1-18579780-18583441	502.4	84.57	346	#00ff76
OU607595.1-18591682-18593282	501.3	85.044	343	#00ff83
OU607595.1-18600671-18603170	492.9	87.5	344	#00ffe1
OU607595.1-18611848-18615118	463.7	89.826	344	#008cff
OU607614.1-72295-73639	369.2	90.237	338	#610061
OU607595.1-29481707-29483873	431.0	83.626	342	#3300e9
OU607595.1-29487805-29490652	419.2	90.351	343	#5700cc
CM028883.1-13240801-13242383	515.7	89.244	344	#22ff00
CM028883.1-13250366-13252020	520.0	88.953	344	#36ff00
CM028883.1-13256982-13259330	491.0	87.202	344	#00fff5
CM028883.1-13262035-13265704	471.3	89.535	344	#00afff
CM028894.1-399-1817	368.1	90.164	315	#610061
CADEHM010000786.1-3921957-3923754	547.7	91.036	354	#9bff00
CADEHM010000386.1-2569896-2571764	483.0	94.752	344	#00e2ff
CADEHM010000685.1-7764-19876	368.1	95.833	338	#610061
CADEHM010000786.1-3908739-3912283	424.4	77.778	343	#4a00d9
JAAOOA010000399.1-5425024-5426817	551.6	90.196	354	#a8ff00
JAAOOA010000399.1-15676569-15678434	483.0	94.752	344	#00e2ff
JAAOOA010000399.1-5437502-5441006	430.2	78.363	343	#3600e7
Apis_mellifera_Lop2_LW2_ocellar	508.7	71.739	323	#00ff1d
Bombus_impatiens_LWRh2	527.8	71.429	323	#55ff00
Bombus_terrestris_LW2	527.8	71.827	323	#55ff00
Melipona_quadrifasciata_LW2	525.0	71.914	324	#4aff00
Lasioglossum_albipes_LW1	504.5	71.118	323	#00ff5b
Cataglyphis_bombycinus_LW	535.7	83.282	323	#72ff00
Amyelois_transitella_LW	540.6	92.57	323	#84ff00
Spodoptera_exigua_LW2	540.0	94.118	323	#81ff00
Macroglossum_stellatarum_LW	533.0	100.0	323	#69ff00
Manduca_sexta_LW	535.1	95.046	323	#70ff00
Papilio_xuthus_LW2	540.9	90.373	323	#85ff00
Danaus_plexippus_LW	557.4	84.211	323	#bbff00
Heliconius_erato_LW	534.3	82.919	323	#6dff00
Heliconius_sara_LW_partial	534.3	82.663	323	#6dff00
Heliconius_melpomene_LW	457.3	82.043	322	#006dff
Heliconius_numata_LW	532.8	82.043	323	#68ff00
Nymphalis_antiopa_LW	540.4	87.267	323	#83ff00
Vanessa_cardui_LW	534.6	87.888	323	#6eff00
Papilio_xuthus_LW1	540.6	100.0	323	#84ff00
Papilio_xuthus_LW3	566.5	100.0	323	#d7ff00
Pieris_rapae_LW	536.4	86.997	323	#75ff00
Cimex_lectularius_LW	542.7	81.677	323	#8bff00
Locusta_migratoria_LW	532.2	81.424	323	#66ff00
Schistocerca_gregaria_LW	542.0	82.298	323	#88ff00
Euroleon_nostras_LW	526.0	82.919	323	#4eff00
Gryllus_bimaculatus_green2	517.5	82.919	323	#2bff00
Periplaneta_americana_LW1	537.5	84.52	323	#79ff00
Gryllus_bimaculatus_green1_ocellar	536.5	81.056	323	#75ff00
Periplaneta_americana_LW2	538.4	80.745	323	#7cff00
Aedes_aegypti_GPROP1_LW	524.8	79.876	323	#4aff00
Aedes_aegypti_GPROP2_LW	534.8	79.567	323	#6fff00
Aedes_aegypti_GPROP3_LW	523.6	81.734	323	#45ff00
Aedes_aegypti_GPROP4_LW	521.2	79.876	323	#3bff00
Bicellonycha_wickershamorum_LW	535.7	81.62	323	#72ff00
Photinus_marginellus_LW	537.8	78.37	322	#7aff00
Photinus_pyralis_LW	532.3	80.564	322	#66ff00
Nephotettix_cincticeps_LW	539.0	78.882	323	#7eff00
Apis_mellifera_Lop1_Rh1LW1	540.0	77.329	323	#81ff00
Bombus_impatiens_LWRh1	541.9	80.745	323	#88ff00
Bombus_terrestris_LW1	541.7	80.124	323	#87ff00
Melipona_quadrifasciata_LW1	558.2	78.571	323	#bdff00
Lasioglossum_albipes_LW2	560.1	78.328	323	#c3ff00
Xenos_peckii_LW_partial	545.1	66.873	323	#93ff00
Frankliniella_occidentalis_LW1	566.2	72.136	324	#d6ff00
Frankliniella_occidentalis_LW2	543.4	68.323	322	#8dff00
Frankliniella_occidentalis_LW3	528.2	75.786	323	#57ff00
Acyrthosiphon_pisum_LW	522.6	70.497	322	#41ff00
Aedes_aegypti_GPROP7_LW	538.3	66.77	322	#7cff00
Drosophila_melanogaster_LW_Rh6	521.7	100.0	324	#3dff00
Musca_domestica_Rh6	524.6	86.42	323	#49ff00
Musca_domestica_Rh2	513.6	71.207	323	#18ff00
Drosophila_melanogaster_Rh2_LW3_ocellar	515.8	72.446	323	#23ff00
Drosophila_melanogaster_LW_Rh1	501.0	100.0	323	#00ff87
Musca_domestica_Rh1	504.8	84.83	323	#00ff57
Aedes_aegypti_GPROP8_UV	364.1	70.679	324	#610061
Euroleon_nostras_UV	360.2	76.471	324	#610061
Photinus_marginellus_UV	377.1	71.605	324	#610061
Photinus_pyralis_UV	377.1	72.84	324	#610061
Bicellonycha_wickershamorum_UV	379.5	73.765	324	#610061
Xenos_peckii_UV_partial	394.3	67.284	324	#70008b
Cataglyphis_bombycinus_UV	374.4	88.272	324	#610061
Apis_mellifera_UV	354.3	99.383	324	#610061
Melipona_quadrifasciata_UV	353.4	95.062	324	#610061
Bombus_impatiens_UV	353.4	95.679	324	#610061
Lasioglossum_albipes_UV	353.4	91.824	318	#610061
Periplaneta_americana_UV	355.9	74.074	324	#610061
Gryllus_bimaculatus_UV	363.4	73.684	324	#610061
Locusta_migratoria_UV	362.3	76.471	324	#610061
Schistocerca_gregaria_UV	362.3	76.471	324	#610061
Nephotettix_cincticeps_UV	359.5	70.588	324	#610061
Cimex_lectularius_UV	360.0	69.444	324	#610061
Amyelois_transitella_UV	357.4	93.21	324	#610061
Spodoptera_exigua_UV	354.7	92.593	324	#610061
Macroglossum_stellatarum_UV	358.2	91.049	322	#610061
Manduca_sexta_UV	354.6	87.963	320	#610061
Danaus_plexippus_UV	368.4	90.123	322	#610061
Heliconius_erato_UV1	370.8	89.506	322	#610061
Heliconius_sara_UV1	367.4	89.506	324	#610061
Heliconius_melpomene_UV1	372.4	91.358	320	#610061
Heliconius_numata_UV2	372.4	92.284	324	#610061
Nymphalis_antiopa_UV	370.4	92.593	324	#610061
Vanessa_cardui_UV	370.4	92.284	322	#610061
Pieris_rapae_UV	375.3	87.654	322	#610061
Heliconius_erato_UV2	378.4	84.568	322	#610061
Heliconius_sara_UV2	378.3	85.185	324	#610061
Heliconius_melpomene_UV2	376.4	85.185	322	#610061
Heliconius_numata_UV1	380.2	85.494	324	#620062
Papilio_xuthus_UV_partial	373.0	83.642	324	#610061
Drosophila_melanogaster_UV_Rh4	378.2	75.926	324	#610061
Drosophila_melanogaster_UV_Rh3	359.8	99.383	322	#610061
Musca_domestica_UV_Rh3	363.7	86.728	324	#610061
Acyrthosiphon_pisum_UV1	456.7	63.58	323	#006aff
Acyrthosiphon_pisum_UV2	425.9	64.706	323	#4500dd
Frankliniella_occidentalis_UV	394.0	64.198	324	#6f008a
Apis_mellifera_SW	430.6	97.523	323	#3500e8
Bombus_impatiens_SW	430.0	90.093	323	#3700e7
Bombus_terrestris_SW	430.6	90.093	323	#3500e8
Melipona_quadrifasciata_SW	430.0	87.702	310	#3700e7
Lasioglossum_albipes_SW	431.0	83.282	323	#3300e9
Aedes_aegypti_GPROP9_2_SW	474.2	83.642	324	#00bcff
Amyelois_transitella_SW	431.6	84.568	324	#3100eb
Macroglossum_stellatarum_SW	442.1	83.025	324	#0014ff
Manduca_sexta_SW	443.6	83.951	324	#001fff
Spodoptera_exigua_SW	440.5	82.716	324	#0006ff
Papilio_xuthus_SW	442.4	79.321	324	#0016ff
Heliconius_erato_SW	441.8	86.728	324	#0012ff
Heliconius_sara_SW	441.6	87.037	324	#0010ff
Heliconius_melpomene_SW	442.8	85.185	323	#0019ff
Heliconius_numata_SW	442.8	85.802	324	#0019ff
Nymphalis_antiopa_SW	442.5	85.494	324	#0017ff
Vanessa_cardui_SW	433.5	85.494	324	#2800ef
Danaus_plexippus_SW	435.2	100.0	324	#2000f4
Pieris_rapae_SW1	459.9	100.0	324	#007aff
Gryllus_bimaculatus_SW	435.2	68.0	325	#2000f4
Locusta_migratoria_SW	426.7	65.123	325	#4300df
Schistocerca_gregaria_lo2_SW	441.4	67.284	325	#000fff
Nephotettix_cincticeps_SW	386.2	65.741	324	#6a0074
Drosophila_melanogaster_SW_Rh5	433.6	100.0	324	#2800f0
Musca_domestica_SW_Rh5	443.5	69.04	322	#001eff
Frankliniella_occidentalis_SW	428.1	56.832	325	#3e00e2
