,R2,MAE,MSE,RMSE,MAPE,SD,ASD
xgb,0.9756262991939559,6.0507955484587335,92.42920392829281,9.457047524325839,0.013623491017081477,9.61060780937178,7.467231086426582
