,R2,MAE,MSE,RMSE,MAPE,SD,ASD
BayesianRidge,0.8080180056705405,14.974713703793942,615.6068653286142,23.368896554145053,0.03272164283108014,24.873567158958075,19.85124097767494
