,R2,MAE,MSE,RMSE,MAPE
gbr,0.9753280424379598,5.028383968625397,63.96662390281365,7.685920165815736,0.010900276405092946
xgb,0.9716973999548701,5.32773154843238,74.52671127570162,8.434655320689851,0.011602690201026718
rf,0.9685309363150034,5.466620338901689,83.67738329830367,8.768487629263358,0.011825407693704413
BayesianRidge,0.9533104524222791,7.050579138753077,120.04305282993047,10.578169938621986,0.015527187211743499
