,R2,MAE,MSE,RMSE,MAPE
xgb,0.9807715673812787,4.785417036803949,71.41742798546079,8.271238440869281,0.010664621281443673
rf,0.980205725956527,4.960400262162607,73.98930916115027,8.395126724704697,0.011019871044914326
gbr,0.979378827169224,5.724890729209397,76.70444856909553,8.657994109266834,0.012800363191313575
