,R2,MAE,MSE,RMSE,MAPE
xgb,0.9831941294195602,4.360198169464761,61.83182760577046,7.71051739406478,0.009651777944655104
rf,0.9822606126956867,4.52932724240834,65.59922633819997,7.928773519953691,0.009998779810510125
gbr,0.9793017335914758,5.665171358977236,76.87581232832315,8.664520245105841,0.012659185336907158
