feature,p_value,score,rf,BayesianRidge,xgb,gbr,mean
p1_M,0.3518290801592281,0.8673192090497066,0.0,0.0,0.0,0.0,0.0
p1_P,1.771977617335668e-05,18.524170933869122,1.5484606815544207e-05,0.0010160585509998486,4.7609242e-07,0.0,0.00025800481255988596
p1_QEATVLYDHS,5.53847267258395e-05,16.335983497529966,3.064717072916958e-06,0.08089971380570297,2.4853193e-06,0.0,0.020226315960526
p2_GAP,1.1202696348447397e-14,60.736426546199134,4.2650360332735444e-05,0.11891285364440891,4.7929507e-06,0.0,0.0297400742388545
p2_K,0.0006658062259249244,11.624777378703337,5.186094556075918e-06,0.019556507810888024,1.1368583e-06,0.0,0.004890707690925797
p2_MRLQTYDCEPFHIV,1.8735029360509526e-12,50.34853373199856,0.00014216608629713645,0.0800134001647753,7.978034e-06,0.0002571274741013925,0.0201051679397594
p2_N,2.127889012351716e-16,68.84036941351721,0.00013540414958806128,0.1146897786570987,1.9001883e-06,1.662149707317675e-05,0.028710926123013663
p2_S,1.2368931236884436e-218,1349.381300719618,1.4060955942791474e-05,0.014109396676996204,3.5721466e-06,0.0,0.0035317574448909287
p3_E,7.397232452337392e-56,266.7309855385816,0.00016065205326585213,0.18338015170425076,3.264188e-05,0.0004473124142615655,0.046005189513260034
p3_G,3.5147256375511305e-09,35.241398075566266,0.00018757820014238328,0.0484830905771619,2.5903499e-05,0.0004241962235884745,0.012280192124893476
p3_GAP,1.1687493923842833e-09,37.43259664637562,0.00011394798789906993,0.005961736068103375,2.796009e-06,0.0,0.0015196200162717875
p3_KQDHLYSFTRVPWN,3.487320274151283e-30,135.41883795018234,0.00016280413921908066,0.09406536136936498,5.3810268e-06,6.646060411177513e-06,0.02356004814894063
p4_GAP,1.3846441470936305e-90,459.710254739551,0.0001203281261710256,0.04615642148525985,4.8599263e-06,0.0,0.011570402384437952
p4_T,1.8135806842511873e-26,117.19295262070831,3.9042043886513e-05,0.14345362128911532,8.772167e-07,0.0,0.03587338513741995
p4_Y,2.405887615765842e-41,191.34935512498438,4.648289681797512e-06,0.04770622100800288,1.9883764e-05,0.0,0.01193268826548439
p5_E,7.570127289213915e-116,611.9029890455996,0.00020744229353733995,0.03215049052852777,1.4610791e-06,0.0,0.008089848475300475
p5_GAP,2.1133268495256e-96,493.8398514384846,0.00020255356868917568,0.06291182010148447,4.445599e-06,0.0,0.015779704817340492
p5_SNVAITWFQLMR,1.500268121791264e-17,74.29082476216577,0.00026587221269368613,0.051012867181579345,7.104804e-06,0.0,0.012821461049543004
p6_G,2.559753377074747e-41,191.21230725200732,4.624900616142098e-05,0.08175667634761988,1.0784644e-05,0.0,0.020453427499336315
p6_GAP,8.034354023768347e-28,123.80866167623734,0.0021460482225429778,0.18331020349478425,9.2157024e-05,0.0006145632433263865,0.046540742996284086
p6_L,0.009680932371294306,6.7076576218122375,5.89162877333614e-05,0.08762902018889848,4.5616807e-06,0.0,0.02192312453933936
p7_E,3.164196193932899e-113,595.6267315848058,5.031500747812783e-05,0.029786351161318548,8.111735e-06,0.0,0.007461194475959642
p7_GAP,1.706135612159567e-53,254.25066369277985,2.70466220281724e-05,0.04209524459434707,1.9739104e-05,0.0,0.01053550758000971
p7_I,0.0017955023887465077,9.77815585007177,6.613204791693975e-06,0.04170573314710324,1.6546528e-06,4.792158990975893e-06,0.010429698290922948
p7_K,0.11299540890787248,2.514382658285388,0.0,0.0,0.0,0.0,0.0
p7_P,4.359807923621985e-14,57.97015046719779,7.464996171141283e-05,0.04665764016910542,6.1075234e-06,0.0,0.011684599413555296
p7_Q,1.8707146168875586e-22,97.73512274838457,1.964044845404261e-05,0.04327571609727253,4.4736375e-06,0.0,0.01082495754581808
p8_E,3.309121111070767e-165,940.7833408069946,0.0001326803953171326,0.04123040659176239,5.2714786e-05,0.0,0.010353950443232882
p8_FVHQSALMIKTRC,0.4284812333896655,0.6272328296751108,0.0,0.0,0.0,0.0,0.0
p8_G,5.45030209150433e-18,76.37755421997767,8.480627096019208e-06,0.011731810887771124,7.1469976e-06,0.0,0.0029368596281247696
p8_GAP,0.31644947031823667,1.0041488632323392,0.0,0.0,0.0,0.0,0.0
p8_N,2.448915622397038e-24,106.83461902069836,0.00019617528370138146,0.08905851387949534,5.7171892e-05,0.0,0.022327965263791005
p8_Y,0.003879642152874573,8.361963656553995,9.288592903727484e-06,0.00020065553571352855,1.494938e-06,0.0,5.285976666254398e-05
p9_F,4.6809919644850584e-54,257.2099368204152,4.097547581469345e-06,0.009179965312390318,8.084187e-06,0.0,0.002298036761832165
p9_GAP,0.0554950089906169,3.672124320823978,0.00056509354803969,0.15753151679087604,7.199361e-06,0.0,0.039525952424948906
p9_I,4.531620183612148e-53,252.0185124009073,1.0862484229839945e-05,0.022694720571927365,2.3906853e-06,0.0,0.005676993435356183
p9_VLYMTSGNP,7.239990656689293e-13,52.27065178542794,0.00028100147923587344,0.008450311261219371,6.775859e-06,0.0,0.002184522149918683
p10_GAP,0.00019709632524059356,13.918536052460878,0.0003829884882258767,0.07710283199354577,1.2183825e-06,0.0,0.019371759716073408
p10_HALSV,1.3670154091043132e-09,37.12039001923473,0.00017114160352032349,0.05164745227354317,0.00024527885,0.0001533037905668427,0.013054294128583917
p10_W,3.704917201424201e-10,39.72515164269428,1.2616066774824688e-05,0.09955362397680291,1.2096208e-05,0.0,0.02489458406281531
p10_Y,1.0451117956836526e-29,133.06978521431122,0.00022784355791181777,0.00977225125678241,0.0,0.0,0.002500023703673557
p11_I,0.04520561794405556,4.016794174021884,0.0008822473731670256,0.03998270940318202,0.0005717071,0.0,0.010359165966328743
p11_L,3.282666805801097e-290,1996.9009992114804,1.3841699706339158e-06,0.060270534556696675,7.21487e-06,0.0,0.015069783399176402
p11_MRAQSNEDP,0.34748843746241165,0.8830903868171625,0.0,0.0,0.0,0.0,0.0
p11_T,3.4773026132286516e-70,344.1542006656289,6.046178236184714e-06,0.022284249402480867,8.442907e-06,0.0,0.005574684621834055
p11_V,1.9108649417311534e-31,141.65012484792675,2.261280283841421e-05,0.04272558199229143,3.1141662e-06,0.0,0.010687827240344346
p12_GAP,0.18764556681230332,1.7373869310832513,0.0,0.0,0.0,0.0,0.0
p12_P,1.1437477075694212e-25,113.29648651895165,0.0001023616476394145,0.05945511647989505,0.0,0.0,0.014889369531883617
p12_Y,4.584977752167088e-60,289.15564465194984,0.00035556703719183966,0.07105410602151585,5.628337e-07,0.00026926486929063884,0.017919875190422273
p13_F,1.6760066491945788e-08,32.143329501707676,4.533267519440831e-06,0.008037285763770491,1.9061474e-05,1.7074292614866046e-05,0.0020194886994067255
p13_GAP,0.3496438599624455,0.8752256224572909,0.0,0.0,0.0,0.0,0.0
p13_I,1.979339359259299e-06,22.770793402188346,9.75108345157215e-06,0.005466522658112613,1.131953e-06,0.0,0.0013693514236443212
p13_K,4.2982580848109243e-85,427.9717956826061,7.677223820106489e-05,0.02935665024445919,2.0024113e-06,0.0004237881871949249,0.00746480327028699
p13_L,0.010098736700690171,6.632055895449866,1.5168238096160846e-05,0.0737240498996128,4.5405045e-06,0.0,0.01843593966055367
p13_M,8.738629024170396e-21,89.71248295460867,8.687524752930223e-05,0.058973856059346554,2.5288068e-06,0.0,0.014765815028423284
p13_Q,3.43164211597482e-28,125.61898093059098,3.1760320535091044e-05,0.03178050962629842,1.786091e-05,0.0,0.007957532714156614
p13_T,3.84625380871196e-85,428.2486199052956,3.225649567432957e-06,0.029089820957318095,4.5289735e-06,0.0,0.007274393895090666
p13_VPGASRWN,1.7431726726466558e-05,18.55574843954837,5.1933042345995063e-05,0.06989564475696851,3.8084204e-06,0.0,0.01748784655492561
p14_GAP,0.16841234119788123,1.8986159882161682,0.0,0.0,0.0,0.0,0.0
p14_N,1.4180405988539163e-33,152.22285017643017,6.2501661139270175e-06,0.09013377831057107,4.2801794e-06,0.0,0.022536077164016868
p14_P,2.3065544064758686e-05,18.016582765676404,2.463345461426191e-05,0.025248554045567743,8.756121e-06,0.0,0.006320485905328763
p14_S,8.956157832666713e-32,143.2798416082223,2.3390603406398674e-05,0.048948053101752376,1.8795511e-06,0.0,0.012243330814055724
p14_V,0.021855038955152874,5.266853255826012,3.150599875084671e-05,0.06736041781827712,1.0556633e-05,0.0,0.01685062011256755
p15_E,0.08464843133297248,2.976744432799698,0.0,0.0,0.0,0.0,0.0
p15_GAP,7.1280269565958196e-217,1334.964388555995,0.00026749570617949886,0.03429877289278708,3.9497427e-06,0.0,0.008642554585410874
p15_HARGPKSQVLWMFYI,0.28307429135301115,1.152991253497698,0.0,0.0,0.0,0.0,0.0
p15_N,1.1271324762452067e-198,1189.8569362625624,1.906288670010946e-05,0.03644168446619734,5.313029e-06,0.0,0.009116515095437025
p16_GAP,4.725152871750992e-239,1521.6309026016067,0.00022317394653227109,0.12227377914935002,2.411523e-06,0.0,0.030624841154702577
p16_K,2.2366254719191634e-16,68.73815594368615,3.172451741991006e-05,0.0008031841653240694,1.833245e-05,0.0,0.00021331028319949584
p16_M,1.966059389501635e-05,18.323986837402373,9.417938962864922e-05,0.12157125338916323,1.1530726e-06,0.0003133847551011011,0.030494992651627483
p16_N,1.7909417245575992e-20,88.21959546243409,3.4387546767973983e-05,0.09620268912133417,3.227711e-05,0.0,0.024067338444126268
p16_R,2.694607268804666e-07,26.669150183495667,8.405026866091835e-06,0.06025250885199304,3.5617563e-07,0.0,0.01506531751362303
p16_S,6.02574602654682e-44,204.63952158156872,0.00038037454515770294,0.052049037341147034,0.00017443058,0.0002965498224326335,0.013225098071513655
p16_T,0.09762106242396407,2.7469701994899283,0.0,0.0,0.0,0.0,0.0
p16_VLHPIGFYQDE,0.4913561466429881,0.47375786419935617,0.0,0.0,0.0,0.0,0.0
p17_GAP,2.877998850473709e-223,1387.646696865409,7.768641288067584e-05,0.08781538613574996,6.784586e-08,0.0,0.021973285098622782
p17_L,2.927176533290653e-14,58.78051207238003,2.7349557925943945e-05,0.11791899595518035,1.7318825e-06,0.0,0.029487019348913693
p17_N,0.0008668348908615548,11.131416312256984,5.7245366841585034e-05,0.06150635419972242,2.7609562e-05,0.0,0.015397802282037135
p17_T,1.5848725462539107e-184,1081.8345478620195,1.7630476080611686e-05,0.057015538061395296,2.438411e-06,0.0,0.014258901737119477
p17_Y,9.745961503757163e-18,75.17944130490028,6.972969053734123e-05,0.19427806695272754,0.00025198006,0.0002824084504982892,0.048720546288909705
p18_GAP,3.260023013266199e-29,130.6385000885166,0.00020625940090905482,0.15058335312497695,4.2708593e-06,0.0,0.03769847084630538
p18_N,1.018481196489298e-07,28.581356144424433,1.7227492543787736e-06,0.007922760755780111,0.0,0.0,0.0019811208762586224
p19_GFHDMESKACP,0.01524012641918868,5.9002891408506315,4.404739796964642e-05,0.016982105366619895,6.6247576e-06,0.0,0.004258194380544566
p19_I,0.004840241592500925,7.958822967546347,5.356482216588915e-05,0.05146742221363859,1.6242193e-06,0.0,0.012880652813774663
p19_L,0.1149106513604665,2.487868920434796,0.0,0.0,0.0,0.0,0.0
p19_V,9.20800593449373e-19,80.04967164385857,2.4819393850243665e-05,0.022570744043448433,7.42624e-06,0.0,0.005650747419272224
p19_W,8.455327913366815e-14,56.62404779516944,5.5842266254596765e-05,0.050195102420608186,0.0004968004,0.0,0.012686936273424688
p20_K,3.409768347484869e-21,91.67269248883373,2.9534108414585983e-05,0.05800172321815242,2.5535012e-06,0.00012770292347772118,0.014540378437808693
p20_L,0.004426076135705809,8.121627931724271,1.2874209998053263e-06,0.04444026625745322,1.0471773e-07,0.0,0.011110414599045212
p20_N,1.134526030158322e-15,65.41215526954282,0.003813316470175478,0.22817957193475769,0.006971203,0.0,0.059741022798917576
p20_R,2.885287594218514e-171,984.2400871055224,0.00016435467230977786,0.05134875999848206,1.992671e-06,0.0,0.012878776835462777
p20_V,5.64537428462994e-270,1801.09774845303,7.607206008601663e-06,0.0557705675324616,7.202435e-06,0.0,0.013946344293360547
p21_G,1.5235854448454035e-36,167.07038804664484,2.4547831070248458e-05,0.06033679656175004,4.6721893e-06,0.0,0.015091504145538594
p21_ILNAYMKRTQ,0.0011451221615738662,10.612494474497588,4.1467629969206345e-05,0.06228242159536068,2.141678e-05,0.0,0.015586326501187062
p21_S,4.199493522400413e-14,58.046332560364256,6.043908436445458e-05,0.0627547450036361,7.836213e-06,0.0,0.015705755075179375
p21_V,0.00048233906645950243,12.2294912903077,0.0005805032905844455,0.02926299605408134,1.4854446e-05,0.0012042747115443336,0.007765657125529526
p22_P,0.0004199359359768704,12.490022444503465,0.0003649897605828416,0.05612645428032403,5.2416904e-06,0.0001151055864411194,0.014152947829426993
p22_TEDSRACN,0.0013107441696490613,10.361379382402088,0.00012686021517246157,0.0631697290173809,6.560664e-08,0.0,0.015824163709798812
p23_E,0.008861368108028993,6.8661976155038245,6.592705571724287e-06,0.05952243076446093,4.401618e-08,0.0003944053111841846,0.014980868199348997
p23_F,6.85802413262442e-67,326.0810756470245,2.6948583485023095e-05,0.02655720579471621,2.0074256e-06,0.0,0.006646540450941419
p23_P,3.141881476595616e-09,35.46429764612192,0.0002965178973132438,0.06096797903354502,7.476818e-08,0.0,0.01531614292475981
p23_TGSDKNLQMC,0.0845556122135976,2.978523235553015,0.0,0.0,0.0,0.0,0.0
p23_W,6.4923534341178215e-224,1393.0254620086305,4.879324122293188e-05,0.029179330624970492,9.480757e-06,0.0,0.007309401155898032
p23_Y,1.5633637592952758e-06,23.230424045251304,3.55284345914216e-05,0.11102570893724316,3.9409344e-05,7.687405097131545e-05,0.027794380191708063
p24_E,1.6518256744859405e-124,666.5071021807055,0.00012326857942172937,0.043007382566430934,1.6061738e-05,0.0,0.010786678221032903
p24_GAP,0.3436389208340751,0.8973025991838618,0.0,0.0,0.0,0.0,0.0
p24_L,2.039531440483289e-07,27.21593900817028,3.0289589381622294e-07,0.016313405674727315,0.0,0.0,0.0040784271426552825
p25_G,6.522350019560038e-29,129.15808660050294,7.653089786928459e-05,0.01641265283520385,2.6378323e-06,0.0007281768402850069,0.004304999601406356
p25_GAP,0.3436389208340751,0.8973025991838618,0.0,0.0,0.0,0.0,0.0
p25_V,3.275978004858621e-08,30.818152730672843,1.7227492543787736e-06,0.007922760755780111,0.0,0.0,0.0019811208762586224
p25_Y,1.3501573841371615e-28,127.60634907225659,2.0157941968881087e-05,0.021255006932822038,6.4788637e-06,2.2718718097438038e-05,0.005326090614153245
p26_P,0.012144047274314246,6.3030499960917945,1.6971465925831568e-05,0.0103687091261397,4.736501e-06,0.0,0.002597604273283556
p26_TAQSGENL,0.001575862475364514,10.019672682105552,2.0641813718958142e-05,0.02283017900387607,2.7623007e-06,0.0,0.005713395779576243
p27_E,0.5033888533918606,0.44797297997835134,0.0,0.0,0.0,0.0,0.0
p27_N,3.177367077953551e-88,446.00977343034816,1.6224476825779787e-05,0.037199036755738595,0.0,0.0,0.009303815308141094
p27_Q,4.248907743157917e-65,316.31906528932865,7.579219598399375e-05,0.10089283550788698,3.1944646e-06,0.0,0.025242955542124062
p28_ETIVFLSQK,9.457097760287118e-09,33.27676763460988,0.00024894094635721683,0.16385044445769642,1.4097343e-05,3.985150842608262e-05,0.04103833356397242
p28_H,0.8671073363198054,0.028008991396346616,0.0,0.0,0.0,0.0,0.0
p28_M,5.665507235721483e-26,114.78173915490794,6.512813372947947e-05,0.09227990003407378,8.513438e-05,0.0,0.023107540636784038
p28_Y,0.07505986708148613,3.172589178248073,9.177424895853577e-05,0.1665775076036627,1.8597967e-06,0.0,0.041667785412336684
p29_H,1.0473174512835363e-15,65.57578046447094,0.01594725757538676,0.017113043853696244,2.8957456e-05,0.0,0.008272314721365609
p29_Y,2.1020806238044474e-38,176.43755527519392,0.03379796540782591,0.07527656106830109,9.167988e-07,0.028954259053527585,0.034507425582112866
p30_L,0.03308286933531367,4.548801570532906,0.00012394921959733426,0.08767870007891135,1.0666611e-05,0.0,0.02195332897741731
p30_M,4.420890360206893e-07,25.698550158995367,4.049717514614682e-06,0.02127877131436522,8.173217e-07,0.0,0.00532090958838921
p30_V,0.4392121893235169,0.5986175268893694,0.0,0.0,0.0,0.0,0.0
p31_D,2.4059778125857766e-25,111.72572668039409,4.870321248049981e-05,0.004593036669649192,5.669525e-07,0.0,0.001160576708659436
p31_FSNYMQTL,0.18746823318743683,1.7387846791890003,0.0,0.0,0.0,0.0,0.0
p31_G,1.2454294012719876e-09,37.30597064522886,0.00011233493591353143,0.020959314074948113,3.8576582e-07,0.0,0.0052680086941693455
p31_H,0.17920082578333776,1.8057093099071984,0.0,0.0,0.0,0.0,0.0
p31_P,9.027448547418109e-38,173.2449695909608,0.000811769069030133,0.029918889987911527,5.897075e-05,0.0,0.007697407451434447
p31_V,4.988567160491792e-13,53.02456274222051,4.3195582497485685e-06,0.00413320431587816,5.4719294e-06,0.0,0.0010357489508815976
p32_D,2.0676771595808325e-06,22.685778866831498,2.943221502387447e-05,0.025184831721652978,5.098771e-06,0.0,0.006304840676918788
p32_E,0.0010637004854721765,10.749790853776192,7.542819439229978e-05,0.02081879059114019,7.874662e-07,0.0,0.005223751562934627
p32_N,0.11437767663607416,2.495197924186284,0.0,0.0,0.0,0.0,0.0
p32_P,1.7617207666843308e-16,69.22773568309273,0.002051335329037777,0.060261067015351014,3.9760744e-06,0.0,0.01557909460468908
p32_S,0.03567709230737546,4.419415147582701,0.0005061895516108936,0.030786455121814035,6.3894455e-05,0.0,0.007839134782055548
p33_H,0.9126507582652797,0.012036669965422851,0.0,0.0,0.0,0.0,0.0
p33_K,7.111594049311665e-43,199.15109483694195,4.104940772041225e-05,0.09063808343315927,1.8079696e-05,0.0,0.022674303134224773
p33_M,1.751301209374415e-30,136.8946349096455,6.224926909327818e-05,0.01521464493492334,2.615461e-05,0.0,0.0038257622035462306
p33_P,1.3079814802312811e-27,122.77245385217579,1.5449092035527153e-05,0.009402623526764691,8.35192e-06,0.0,0.0023566061346649812
p33_R,1.46241786815294e-88,447.9601952697727,1.2610637527667615e-05,0.01420970520141764,2.988454e-09,0.0,0.0035555797068498093
p33_S,0.0033414422044085834,8.635048354409498,4.743359436379356e-05,0.01384073718038514,6.698581e-06,1.5966761785621643e-05,0.003477709029338369
p33_V,2.580779255214121e-90,458.1364899276355,3.244741285434029e-05,0.04447283062956918,7.3547075e-05,0.0,0.011144706279321452
p34_G,2.3300176063523753e-06,22.453281789345297,1.6089632670602852e-05,0.004681468696403187,0.0,0.0,0.0011743895822684475
p34_I,4.722072949397252e-08,30.096286556660274,7.60119176027189e-06,0.1518656540314859,2.2950994e-06,0.0,0.03796888758066673
p34_SMVFTELRY,0.8903978555364791,0.018994678496577485,0.0,0.0,0.0,0.0,0.0
p34_W,0.0011665398377848598,10.578020734516178,0.0001262221191621687,0.028056093049110165,1.5900746e-07,0.0,0.007045618543932106
p35_I,0.8566989220189952,0.03261814809644056,0.0,0.0,0.0,0.0,0.0
p35_K,1.714533066511806e-05,18.587669253405544,2.3744471894595646e-05,0.05398645362554144,2.6061733e-07,0.0,0.013502614678690718
p35_L,1.0558573622684258e-36,167.87042642767693,0.00252344208930306,0.1622089371316768,5.05991e-07,7.683631002775311e-05,0.04120243038050462
p35_M,2.7467419998690296e-05,17.680758883340705,6.681693813854187e-05,0.01716125134060227,0.00025617005,0.0,0.004371059582943959
p35_Q,1.0749365182815317e-09,37.59935754188169,2.5744636152546035e-05,0.04418921070932994,4.1964117e-06,0.0,0.011054787939304925
p35_R,0.12958829784660358,2.2996307825542663,0.0,0.0,0.0,0.0,0.0
p35_TEFNSHGWC,0.07645487590774701,3.142471963792382,0.00032728882998326166,0.032004506208425335,2.2767643e-05,0.00026488710861283845,0.008154862447456349
p35_V,6.935073543825235e-66,320.6014769124693,0.00012744989819577613,0.09466251853236296,2.9111412e-05,0.0,0.023704769960640824
p35_Y,4.778987418413991e-31,139.68081107019964,0.0053773981283268355,0.09126609722255627,0.0075019193,0.0,0.026036353659767832
p36_H,0.8759628007295187,0.024371050637832993,0.0,0.0,0.0,0.0,0.0
p36_Y,1.0442357361601058e-122,655.0489389998031,0.00018996861404269833,0.020367863279453863,6.081471e-05,0.0,0.005154661650695691
p37_G,7.2012998695079705e-25,109.41286297105414,0.00030873256822240986,0.0774529707704766,2.1037436e-05,0.0008010979791349804,0.019645959688572048
p37_H,0.750049521558948,0.10152190093358898,0.0,0.0,0.0,0.0,0.0
p37_K,3.8906052781496944e-08,30.478577607032136,5.177132731362854e-05,0.05069643193606205,4.847832e-07,0.00014235254478294726,0.012722760147836165
p37_M,8.25779380961074e-05,15.572827258894657,5.5572961223717344e-05,0.10668744116753372,4.036359e-08,0.0,0.026685763623087253
p37_N,1.0698364016456401e-27,123.19970480451863,2.551875162721765e-06,0.021796368217741766,1.0791685e-05,0.0,0.005452427944444109
p37_R,3.253343820325228e-11,44.598727008749236,0.0004138957404452262,0.006842360317523456,1.7477875e-06,0.0,0.0018145009613548624
p37_S,5.2518152880713364e-17,71.71310191607745,0.00034107525610260655,0.03332284488282829,0.0005362808,9.968742874436588e-05,0.008574972092065923
p37_TFILPQDV,1.913366166442439e-11,45.66552306095676,0.0002042527445889078,0.004077405006478964,5.3986887e-06,9.924128881223898e-06,0.0010742451421621847
p37_Y,4.962012716125384e-85,427.6140745532242,0.00044570286604396774,0.05249169495771751,2.2025977e-05,0.0,0.013239855950230243
p38_CSFT,0.0021740525867132254,9.424882187508107,0.00011356275098651094,0.10288085163263343,0.00077443797,0.001086216358852583,0.026213767177889338
p38_G,0.0021707676209808935,9.427670536935365,0.0003030185032098792,0.09866967710102542,4.239878e-07,0.0,0.024743279898012262
p38_I,5.348907222265269e-14,57.55446397789134,8.674812678263812e-05,0.026210685180666778,9.038752e-06,0.0,0.0065766180148795015
p38_L,1.0417558399887205e-18,79.79449067136923,0.00016212829678566778,0.04593441582088958,3.7763261e-06,2.143930862069015e-06,0.011525616093669056
p38_M,3.1834293334806505e-05,17.39734715980674,4.259994876398257e-05,0.031993533717254836,2.6372913e-06,0.0,0.008009692739341032
p38_V,5.956277523404051e-07,25.114964848873573,0.00018735643197441304,0.01760602696687342,1.2255789e-05,0.0,0.004451409797072673
p39_L,9.678580749252745e-39,178.13897217765077,4.766296494872224e-05,0.02746579627676676,3.9092183e-06,0.0,0.006879342115009244
p39_M,1.2886477659280693e-08,32.66368388271402,2.7129545468022456e-05,0.09085981323755438,2.2559026e-07,0.0,0.02272179209331955
p39_Q,7.856543264576774e-296,2053.1990175391547,1.6409462276384084e-06,0.031543552330244404,0.0,0.0,0.00788629831911801
p39_T,1.3413927525081436e-68,335.43295320302786,2.141223897753544e-06,0.07145406179414891,0.0,0.0,0.017864050754511668
p39_V,0.00031389512231206593,13.038486400236058,3.571976327722923e-06,0.028522767403872457,5.4675434e-07,0.0,0.0071317215336340525
p40_C,0.016675513436788074,5.741421149986692,7.396537800521556e-06,0.0140518638665075,2.1443047e-07,0.0,0.0035148687086949057
p40_G,4.451835407317189e-17,72.05281577638742,0.00010067707284724484,0.07020237189135484,1.2123437e-05,0.0,0.017578793100311865
p40_S,4.0208980438616337e-38,175.01601878353904,3.307310468959769e-05,0.04807221666489466,5.041126e-05,0.00041311915039012883,0.012142205045325372
p40_T,2.120704207128395e-10,40.84064390543079,0.0002065217690112205,0.0561297176084555,2.2199903e-05,0.0,0.014089609820234005
p41_C,9.047539476397572e-05,15.398627109030619,3.708972633666179e-05,0.08829423870354607,2.028262e-05,0.0,0.022087902762349773
p41_F,4.45646399405971e-33,149.7480524997927,0.00239467718617818,0.12249409288574196,7.980637e-06,0.0,0.031224187677189437
p41_I,3.969290307071741e-06,21.417895413269427,0.00014770433249960084,0.04509126445262035,3.8368617e-06,0.0,0.011310701411692865
p41_L,0.00374364281939878,8.427148426037522,0.0001423376485169321,0.1329836767599077,5.018825e-05,3.7002338187027735e-05,0.03330330124904997
p41_TMGS,0.4163630957370724,0.6608763837726214,0.0,0.0,0.0,0.0,0.0
p41_V,3.604012309062897e-21,91.55722336507387,5.865785585314274e-05,0.1076384341591133,1.3948856e-05,0.0,0.02692776021765835
p42_F,4.164029194555813e-277,1868.9039582654586,4.379234980536331e-05,0.06487844236056971,5.117186e-07,0.0,0.016230686607246417
p42_I,0.9134670388815975,0.011811870987220741,0.0,0.0,0.0,0.0,0.0
p42_L,2.98914382265677e-26,116.13478986368298,0.004096652287933256,0.31808784781866273,0.000100730955,0.0038202088531015008,0.08152635997860629
p42_T,1.618416324726844e-14,59.9869019449851,4.692625905187586e-05,0.03750714062318122,8.082546e-06,0.0,0.009390537356988008
p42_V,2.538103180196514e-06,22.286858213722944,3.58079116024607e-05,0.07280949793081053,6.290482e-06,0.0,0.018212899081079755
p42_W,9.30414754891248e-93,472.39656739529886,0.0,0.024873214768994296,0.0,0.0,0.006218303692248574
p42_Y,1.1554731394337635e-41,192.9715107273747,0.012075488708243858,0.049219392333862716,3.0557173e-06,0.0,0.015324484189862434
p43_I,1.0824079159652647e-28,128.07760767890696,3.522114689563018e-05,0.10719886465891351,7.514979e-05,0.0015731228239834654,0.02722058960405459
p43_M,0.14723319792938117,2.1025772254971065,0.0,0.0,0.0,0.0,0.0
p43_Y,1.6547318170060032e-19,83.60327641737253,7.17460472509181e-05,0.10087242910657676,0.0,0.0,0.02523604378845692
p44_F,1.6360493957834537e-39,182.04462290202778,0.0002569508711196336,0.040589339277179344,2.0518798e-06,0.0,0.010212085507036364
p44_G,7.81310890695198e-198,1183.321901104478,5.84491221630739e-06,0.05093957623133792,2.3262513e-05,0.0,0.012742170914244334
p44_I,4.066238629193245e-18,76.98187015116231,0.0001082458460741233,0.06745740354604395,2.622306e-05,0.0,0.016897968113169154
p44_L,0.45333960657964356,0.5625437295918023,0.0,0.0,0.0,0.0,0.0
p44_T,4.2412250864367196e-05,16.847002473682306,2.044312651460397e-05,0.10653322858662106,1.0080252e-06,0.0,0.026638669934571754
p44_V,4.0209237058520335e-07,25.88432663945627,1.4002958567327104e-05,0.027086600519145566,3.2638188e-06,0.0,0.0067759668241346915
p45_F,2.280987930678334e-06,22.494667421407872,0.00024328373869688836,0.04582035555729732,6.6495286e-06,0.00021230107460617763,0.011570647474796702
p45_I,0.00015754747702892514,14.343339248631555,0.00014640734652712157,0.02700834821920504,2.770167e-06,0.0,0.006789381433165446
p45_L,0.0025747429555016705,9.11337359175371,0.00029623183911404414,0.013334011770577452,3.3476426e-06,0.0,0.003408397813080983
p45_M,0.5148321997563997,0.4244088540185891,0.0,0.0,0.0,0.0,0.0
p45_T,4.015541192049365e-18,77.0077570009897,6.601556182118738e-05,0.014322213158144052,3.5616192e-06,0.0,0.0035979475847971966
p45_V,2.0185835603135332e-08,31.77533714180657,6.380356702208209e-05,0.06860214335430702,1.9831887e-06,0.0,0.017166982527499153
p46_I,0.6873526765838394,0.16202088039996634,0.0,0.0,0.0,0.0,0.0
p46_L,3.021012275052128e-54,258.2129909125663,0.006048694850822992,0.1104395070928806,0.00023216699,0.0,0.029180092233177888
p46_V,1.37084425730985e-34,157.2834004015049,9.84136630925905e-06,0.1398669189775939,9.59386e-07,0.0,0.03496942993249
p47_G,1.0016056228541238e-21,94.22812059249932,9.993501073212677e-05,0.0540877078978257,0.00057810295,0.0,0.01369143646382623
p47_I,6.459074578947292e-38,173.97787304849416,0.0004191261040656375,0.02876458508552599,3.182043e-05,0.0,0.0073038829047192295
p47_M,0.20224671796262964,1.627316146285907,0.0,0.0,0.0,0.0,0.0
p47_TALCWS,8.972352015627818e-07,24.313974094754474,0.00016636685115406467,0.11535459891650124,5.798219e-05,0.0,0.02889473698938906
p47_V,1.7195000379529848e-84,424.5206737196889,5.317914830638394e-06,0.056757339651334865,2.4305539e-06,0.0,0.014191272030010695
p48_C,4.673192081440024e-09,34.67542783053009,1.3076708442575513e-05,0.05049750989681282,1.6629743e-06,0.0,0.012628062394899185
p48_F,2.0576129401245224e-92,470.37895601347344,0.0006117594813901696,0.1613347478373603,2.3215849e-05,7.634829977249885e-06,0.04049433949944917
p48_I,3.974885032081136e-32,145.02858559983133,0.00023281976158684567,0.015056218034170957,2.270327e-06,3.195004873795768e-05,0.003830814542888639
p48_L,0.4680536016900413,0.5268008290376539,0.0,0.0,0.0,0.0,0.0
p48_M,1.17901664777303e-05,19.30998438966893,8.653473702284836e-06,0.015122005827596957,8.2272703e-07,0.0,0.0037828705070826582
p48_TSGN,2.4811170301425255e-08,31.367344407954825,0.00012420579720666495,0.05461342883349252,1.2654912e-06,2.617227041789079e-05,0.013691268098070343
p48_V,0.27937264077114227,1.1708768799683056,0.0,0.0,0.0,0.0,0.0
p49_F,0.7028168144082966,0.14560657300189872,0.0,0.0,0.0,0.0,0.0
p49_I,0.001972506961805241,9.604409902671312,9.771947083939757e-05,0.0013049177684879402,8.1569334e-07,5.0293826568332925e-05,0.0003634366898090247
p49_L,1.4233164401662364e-12,50.90377289978934,0.00013727922500302874,0.040196118700916654,1.4039313e-05,8.919274621035281e-05,0.010109157496307636
p49_MGSCWQPE,5.906940311348057e-06,20.6468708546434,3.3456740806337734e-05,0.09825333975681949,2.8968573e-06,0.0,0.024572423338723417
p49_T,5.964963171016492e-15,62.02157486847635,9.391090549690817e-05,0.08422359115176614,3.3958693e-06,0.00011927705955958889,0.02111004374652344
p49_V,1.1438864991378701e-87,442.7938777356248,0.00018089705593423664,0.024338940820871034,5.54534e-06,0.0,0.006131345804244525
p50_G,2.675994816035851e-54,258.49085483426745,1.5329120284425983e-05,0.07162939061864029,0.0,0.0,0.01791117993473118
p50_S,3.5598037565826825e-86,434.1868561400957,0.0005740752366261709,0.09644081538622104,0.00017337671,0.0,0.024297066833977927
p51_F,4.852593919557332e-17,71.87561304729434,0.00035032404433906633,0.15486942300264053,6.905599e-05,0.0,0.038822200759251135
p51_I,9.55341839869744e-06,19.716405357232073,1.2242904972347364e-05,0.08687861422617478,0.0001701324,9.339117875792991e-05,0.02178859517928128
p51_L,0.0026205207822143895,9.080967597242115,0.0006256311040633097,0.016405530662799973,8.0891675e-07,0.0014337668369941677,0.004616434380152424
p51_T,2.676630058811362e-153,857.4129401068757,0.0003296477800010151,0.10762922316259219,9.484185e-06,0.0,0.026992088781969358
p51_V,5.7081302842859006e-67,326.51635963879517,6.589472687140668e-05,0.025480201116349608,6.1998444e-06,0.0,0.006388073921903389
p52_F,2.6597679870900357e-73,361.3972015915321,0.0002524974195979462,0.015397305011938145,0.00032691887,0.0,0.0039941803265426306
p52_L,0.03325355446068018,4.539967543911047,7.04679384051508e-06,0.033594715593679506,6.6664876e-07,0.0,0.008400607259069832
p52_P,1.0035633547074068e-38,178.05946595640796,7.981783595704261e-07,0.005933846263093839,0.0,0.0,0.0014836611103633524
p52_S,0.5561245622466462,0.3465943443563619,0.0,0.0,0.0,0.0,0.0
p52_T,1.2488525836362502e-09,37.300501565180355,2.749007533530288e-05,0.0979233440806946,5.6699435e-05,0.0,0.02450188339774137
p53_I,1.1491001437360761e-18,79.59175128637179,0.00018519097070914185,0.05368152248261867,2.3086806e-05,0.0,0.013472450064912623
p53_L,1.3166175635687086e-274,1844.9893398174684,1.0105186455723337e-05,0.04641035182704824,0.0,0.0,0.01160511425337599
p53_T,1.2228834883971527e-91,465.8550781103976,0.0,0.024873214768994296,0.0,0.0,0.006218303692248574
p53_V,9.212297305605698e-05,15.364221653329162,1.1074080643266175e-05,0.06458973583021398,1.4534801e-06,0.0,0.016150565847734607
p55_F,6.861836697372754e-18,75.90265623676461,0.0004387169437879551,0.007936824380900287,4.9829623e-06,0.0,0.0020951310717494207
p55_G,4.37659370359783e-53,252.09800773109632,8.202841367357929e-05,0.0648867326539702,5.673466e-07,0.0,0.016242332103561814
p55_I,0.047819175647486535,3.921926085581866,1.2555530983785001e-05,0.08067058744788039,8.905314e-07,0.0,0.020171008377565088
p55_LTSCN,0.20456083453254434,1.610729228752525,0.0,0.0,0.0,0.0,0.0
p55_V,0.001656102142731397,9.927693988046,6.110245513642464e-05,0.016085844203515613,1.4774645e-06,0.0,0.004037106030782922
p56_L,2.4503252061832826e-84,423.63991146455595,1.3858065962836527e-05,0.021102558530240244,1.2633313e-05,7.409306695726284e-05,0.005300785744144489
p56_M,1.9854743454894583e-13,54.891491112213785,9.0964116842685e-05,0.026206707136548407,2.5642423e-06,0.0,0.006575058873928392
p56_TFCPWG,0.06649412198173818,3.371786098947782,0.00018520743404964326,0.013289131455688647,0.0,0.0,0.0033685847224345727
p56_V,0.9317006439491495,0.007347556925737014,0.0,0.0,0.0,0.0,0.0
p57_V,2.0033956391579985e-28,126.76531643316166,1.7368908896738356e-05,0.043405674581707215,0.0,0.0,0.010855760872650989
p58_L,0.08963871561434088,2.884098612403875,0.0,0.0,0.0,0.0,0.0
p58_V,0.011238455104303121,6.441099110406064,6.172726479960053e-05,0.01720983815054082,2.579412e-05,0.0,0.004324339883637688
p59_F,9.750584494129045e-05,15.255985306256333,3.1493191266248396e-05,0.08904120401914166,5.6493104e-07,0.0,0.022268315535362574
p59_I,2.0265831756027707e-55,264.4131172733078,0.00010774167786040458,0.025281315282057005,2.3839918e-06,0.0,0.00634786023793967
p59_L,0.35499447876549173,0.8559845050748639,0.0,0.0,0.0,0.0,0.0
p59_V,2.2817190508458253e-22,97.31958161660576,0.00016416772327464704,0.0945437489925409,1.1449554e-05,0.0,0.023679841567509397
p59_W,2.0417908844203686e-12,50.17480497436822,1.2377489711523057e-05,0.07301135466703945,0.0,0.0,0.018255933039187745
p59_Y,5.184501854690826e-57,272.8573866438412,0.00010265476626547355,0.07639576403136346,0.0010617271,0.0,0.0193900364644085
p60_C,7.772358764402981e-08,29.113724512699335,8.391679827768578e-05,0.01351814418349358,9.849443e-07,0.0,0.0034007614815267837
p60_I,0.9480699392377765,0.0042432448737720905,0.0,0.0,0.0,0.0,0.0
p60_L,0.00305337642272023,8.800253514852162,0.00012479500896768955,0.24107084236034065,1.1726573e-05,9.749065921477316e-05,0.06032621365029723
p60_V,0.044397942281729,4.047285482937436,0.0008330488653612338,0.11877804590596684,0.0003152054,0.0,0.02998157504227773
p61_T,0.44373187025940986,0.5868832766396735,0.0,0.0,0.0,0.0,0.0
p62_CWGYNKE,0.4764859633604871,0.5071171359368182,0.0,0.0,0.0,0.0,0.0
p62_F,0.36781565016441153,0.8114575136765034,0.0,0.0,0.0,0.0,0.0
p62_I,0.9447246077444141,0.004808459042742936,0.0,0.0,0.0,0.0,0.0
p62_L,1.0242181246154572e-66,325.1301020830382,7.73765146647366e-05,0.01706891269311221,1.6530556e-05,0.0,0.004290704940822454
p62_M,1.2354920729839812e-48,228.83577898948462,7.42054135268492e-05,0.06328963254106858,4.2934587e-07,0.0,0.015841066825117458
p62_S,0.0003310737980731719,12.937962282547776,3.88275337840687e-05,0.07471563576185418,8.1755636e-05,2.8295213349022145e-06,0.018709762113148194
p62_T,1.2285710037811165e-11,46.556724795610634,4.843597968813522e-05,0.02031868284416418,0.00016796296,0.0002662797603444145,0.005200340387059705
p62_V,2.760509166196854e-06,22.123497113858807,0.0002309217226184945,0.03548541473699506,1.1875105e-05,0.0,0.008932052891146895
p63_H,2.890078135588345e-30,135.82120583301844,2.2809234763460927e-05,0.0016917081192177337,3.6755368e-06,0.0,0.00042954822270668586
p63_K,0.9215268136446917,0.009707194175821821,0.0,0.0,0.0,0.0,0.0
p63_NALCGMV,0.18291627756765247,1.775198819407053,0.0,0.0,0.0,0.0,0.0
p63_Q,3.0388174696860297e-09,35.53060620661223,1.8792647841004386e-05,0.06044477774197425,3.1535787e-05,0.0,0.01512377654409068
p63_R,2.2635022812032536e-28,126.50524326582207,0.0002458450686850144,0.027406365551247692,3.609472e-05,0.0,0.0069220763349055695
p63_S,0.6740356724921949,0.1769781009981103,0.0,0.0,0.0,0.0,0.0
p63_T,0.0011294373877095486,10.638157367319637,0.00011640225551040305,0.06480854802875682,1.5352576e-05,0.0,0.016235075715105844
p64_F,1.4919810554359638e-79,396.42614323191765,3.6389013994786966e-07,0.018889393962368776,3.3531268e-07,0.0,0.004722523291296476
p64_H,1.9314756223035252e-27,121.94411638628453,1.9987850283519328e-05,0.03733215585477805,0.0,0.0003175944042677704,0.009417434527332335
p64_N,1.5138169238085722e-06,23.29320249075605,2.6705854873137153e-05,0.029410937304675575,0.0,0.0,0.007359410789887178
p64_S,0.0011379816116869651,10.624133169865516,8.107241521369693e-05,0.052038385804636586,1.3703827e-06,0.0,0.013030207150645949
p64_T,7.03457756526571e-17,71.1125140133785,6.295359502296576e-06,0.06077886487466814,0.0,0.0,0.01519629005854261
p64_Y,6.734750105185e-312,2218.867975584369,1.0003891102493785e-05,0.08234667742578497,0.0,0.0061827892466363435,0.02213486764088095
p65_RSPAMQD,0.4651762790967595,0.5336486789945849,0.0,0.0,0.0,0.0,0.0
p66_S,0.005100700262047774,7.863562096910167,0.00029476785028015854,0.1530928157996859,5.572075e-05,0.0,0.03836082609987023
p66_TNPARCGQYI,5.4447691382924686e-08,29.815345178938028,0.0007554611887442646,0.1729878451668723,6.611704e-05,0.0005622697425085974,0.0435929232849237
p68_Q,0.00010486498126342062,15.11737093847465,7.626022718854227e-06,0.008478012780342206,1.0153037e-06,0.0,0.0021216635266962055
p68_R,3.934182208467322e-18,77.04999212191296,4.919381427428138e-05,0.00791008082286788,1.5458383e-07,0.0,0.0019898573052430854
p69_Q,6.85234342223194e-109,568.9550867130063,1.734382430596974e-05,0.027758613728317037,6.5221234e-06,0.0,0.006945619919002093
p69_S,0.013904889279463449,6.062582380854844,0.06941354132342824,0.08071626590507466,0.035564482,0.09815559329224562,0.07096247068320378
p69_T,1.5775364115718276e-14,60.03901193734363,1.615368052584047e-05,0.04673632105061133,0.0,0.0,0.011688118682784293
p70_H,3.275978004858621e-08,30.818152730672843,1.7227492543787736e-06,0.007922760755780111,0.0,0.0,0.0019811208762586224
p70_P,2.8027445537522817e-08,31.12641444100141,0.0027869029891721153,0.10195920041175352,6.129837e-05,0.0,0.02620185044305457
p71_L,0.16315350549921318,1.9464158390089423,0.0,0.0,0.0,0.0,0.0
p71_RNGFTIM,0.00373318836668486,8.432258671273724,8.826204862835515e-06,0.02360664121929349,0.0,0.0,0.0059038668560390814
p71_S,0.22251045001806435,1.4891823587190465,0.0,0.0,0.0,0.0,0.0
p73_ITVKH,0.1371099141274892,2.212159979319445,0.0,0.0,0.0,0.0,0.0
p73_L,7.164574812118027e-08,29.27416921616595,3.8303365585342085e-05,0.03275138509676703,6.9373227e-06,0.0,0.008199156446268941
p73_M,1.8399556581277926e-07,27.418228289497783,0.00016764471037122449,0.11219169059695684,2.3259805e-07,0.0,0.028089891976345666
p73_W,2.7508340916015506e-93,475.49793823858687,0.0,0.024873214768994296,0.0,0.0,0.006218303692248574
p73_Y,7.584919897215959e-63,304.1207481814346,3.939930608623164e-05,0.010258433146425036,1.310546e-07,0.00011245241827228074,0.0026026039813472346
p74_I,0.22102043418551792,1.4988202881212656,0.0,0.0,0.0,0.0,0.0
p74_L,1.1797485935272234e-08,32.83857672546482,0.00011783920348448699,0.12377711400892893,0.0,0.00011415355708157288,0.031002276692373747
p75_L,0.3043790466178247,1.0555393902873593,0.0,0.0,0.0,0.0,0.0
p75_V,2.4041067195627977e-05,17.93690540302713,0.0008919060861689001,0.030006457236577373,3.4110744e-06,0.0,0.007725443599294297
p76_L,6.973701488883116e-22,94.98416599289918,4.0521402822205524e-05,0.08061500624044164,3.2156488e-06,0.0,0.02016468582301677
p76_V,8.012560010230716e-23,99.51040102867634,0.00025183421621416375,0.18464318975900804,1.05413355e-05,0.0009710093900456206,0.046469143675202294
p78_L,7.54105027365302e-304,2134.9819795970257,4.852227944858325e-07,0.0955817549018595,0.0,0.0,0.023895560031163495
p78_V,4.172590146274524e-87,439.5498867624599,9.392974835290176e-05,0.14344285230666365,8.526621e-06,0.0,0.035886327169018885
p79_S,3.389902512805156e-278,1879.3746572387863,3.824216531603097e-05,0.10276788858989636,1.8713383e-06,0.0,0.025702000523384838
p80_I,0.025520796341000858,4.996880551216006,0.00014533485615303446,0.11679528013363306,0.00042580313,0.0,0.029341604528905513
p80_L,5.633561259671767e-119,631.4791042519073,0.00033858513536354207,0.0691197791479953,1.675305e-05,0.00018973125364147325,0.017416212146914762
p80_V,6.063121139976615e-86,432.8567396825891,0.00028750711539534665,0.0045616055454061185,0.00011511341,0.0,0.0012410565184261552
p81_C,2.053700701903777e-29,131.62565021665517,2.0234282123384922e-05,0.10112726859505318,1.3214681e-06,0.0,0.025287206086309664
p81_F,0.0012865948382276562,10.395922202509817,6.296146491234776e-05,0.08465176145533237,9.558862e-07,0.0,0.02117891970161306
p81_G,1.3969986275582397e-145,804.7837393869886,0.00012668661175104217,0.038070492413090934,2.2537095e-05,0.0,0.009554929029958494
p81_S,0.0018635681305285354,9.709368071584295,0.00014661208534454172,0.058700127277985015,1.7196377e-05,0.0,0.014715983934976178
p82_G,1.4722703074582957e-151,845.449249772262,3.9372861221104605e-05,0.001085343914963145,4.0696773e-06,0.0,0.00028219661336818704
p82_N,0.5171345263287613,0.41977736972477026,0.0,0.0,0.0,0.0,0.0
p83_L,6.3918600780057e-116,612.3608959527552,0.004025645952482524,0.07606027459001449,1.0667391e-05,0.0,0.020024146983273632
p83_STMIHVCAYWG,0.6843695037688269,0.16530453911090634,0.0,0.0,0.0,0.0,0.0
p84_F,1.7087797595374134e-18,78.77175729224402,4.083054557715725e-05,0.06229461556438148,1.2396295e-06,0.0,0.01558417143485343
p84_G,3.209671318934233e-30,135.59653426307602,9.250577714899843e-05,0.12391911821341185,0.0,0.0,0.031002905997640214
p84_I,1.2772094987023613e-09,37.25576634490633,0.007889631607360269,0.05057866840981535,4.660501e-06,0.0,0.014618240129534636
p84_L,1.6591197557434192e-62,302.2857006230422,0.00017761744469100212,0.047888114044581806,1.5224254e-05,1.5522083991895807e-05,0.012024119456748597
p84_M,1.3449273719457497e-06,23.523865314159707,2.145015139669113e-05,0.11954272949268227,9.608421e-08,0.0,0.029891068932071555
p84_VCTWS,0.04942372896181203,3.86635777987932,0.0001347368275636929,0.03968471836876738,3.076642e-06,0.0,0.009955632959604709
p85_F,9.37956795746611e-166,944.6810989205286,0.03551495343596194,1.0,0.00088290236,0.03845360862697472,0.2687128661050496
p85_L,1.1286529281237692e-19,84.39661099401495,0.0016005868771219517,0.10834055362184872,8.579988e-05,0.002740400321964128,0.028191835175751703
p85_M,2.8468919401896477e-33,150.71614607067346,0.00042957251153216024,0.1643363615008797,2.4856847e-05,0.0012151479518568813,0.04150148470274753
p85_SIYCATRQ,2.30489068433004e-16,68.67649880015065,0.0024276961507876333,0.6110541513002015,0.0002167512,0.0010971509401949866,0.15369893739762905
p85_V,2.9557677488354003e-05,17.53984503982923,0.003972068630277844,0.050700455304094276,0.0,0.0,0.01366813098359303
p86_C,1.8936398489928044e-151,844.6997035594567,1.0261949907697486e-05,0.04547819854234204,0.0,0.0,0.011372115123062434
p86_GAP,0.16354156728581276,1.9428287056776954,0.0,0.0,0.0,0.0,0.0
p86_S,9.024108928627678e-05,15.40357117337221,2.0112284765475282e-05,0.005245337154088561,0.00011200544,0.0,0.0013443637188826475
p86_T,8.833405100046699e-93,472.5286190642035,0.0,0.024873214768994296,0.0,0.0,0.006218303692248574
p86_V,6.698884096139892e-13,52.42783813388751,0.00031852431616589207,0.13072175295010977,0.00030019443,0.0,0.032835117923528084
p87_C,0.11410319561514524,2.498987068145243,0.0,0.0,0.0,0.0,0.0
p87_F,1.888663752362166e-18,78.56499465995066,2.8549168754342982e-05,0.05210705251879349,7.167296e-07,0.0,0.013034079604280324
p87_I,4.054821859402073e-108,564.2375940671456,2.8728008887955296e-05,0.10329001317487346,2.8414788e-06,0.0,0.025830395665644747
p87_L,6.566138528709134e-08,29.446083324489038,0.0002756420986838439,0.006301042727378268,2.067846e-05,0.00020879850966998086,0.001701540449111625
p87_M,0.41983411395423376,0.6510915734525187,0.0,0.0,0.0,0.0,0.0
p87_TSGYQ,2.0274214931426736e-19,83.18227941483116,1.6419012351431686e-05,0.02588948469618906,6.645431e-08,0.0,0.006476492540713192
p87_V,1.5473478136891578e-29,132.23071660916014,0.00011352687950923928,0.008478719858003907,3.5710497e-07,0.0,0.002148150960619797
p88_F,3.965286067180316e-65,316.4821086636064,0.000233806833753916,0.017767441449484292,3.622028e-06,0.0,0.004501217577831805
p88_G,5.693259867542576e-23,100.22646756406128,4.583433516131023e-06,0.030893292546163884,0.0,0.0,0.007724468994920004
p88_I,1.5196116449779212e-42,197.4659845677689,7.521319240463392e-05,0.07248612150130108,9.067164e-06,0.0,0.018142600464369826
p88_L,0.019079697203365126,5.504570560670336,3.9675705679091424e-05,0.09560626294400304,4.5355299e-07,0.0,0.02391159805066688
p88_TCMSH,0.12301248006763046,2.3808748743703454,0.0,0.0,0.0,0.0,0.0
p88_V,0.0010360497350818795,10.798850142156775,3.6896659377385755e-05,0.15585318076091254,7.2411735e-06,0.0,0.038974329648456124
p89_C,0.07081322680766187,3.268113593476578,0.001514907745027911,0.28227867529503414,5.9695234e-05,0.0010493962086856245,0.07122566862070834
p89_E,0.3196233831122016,0.9910596810498564,0.0,0.0,0.0,0.0,0.0
p89_G,1.5037669989641144e-26,117.58983167872903,0.0009039560869166297,0.24876165555989901,9.3465365e-05,0.00042556553633361726,0.06254616063712558
p89_K,2.830540916215723e-44,206.3228838431829,0.04810187400569944,0.5182805888167931,0.001802092,0.017925376888718304,0.14652748291590603
p89_NFVMDIL,0.0001798270053439172,14.092365569418732,8.549746424681319e-05,0.0624610537418224,1.5144653e-06,0.0,0.01563701641785203
p89_S,1.5298429065944995e-218,1348.6236964438733,0.008188555909010475,0.3530276069014127,0.0009376937,0.0025979711209227424,0.09118795690637167
p89_T,5.408767167142153e-07,25.303660379497803,1.9629230445597732e-05,0.039274622115666055,1.0133249e-05,0.0,0.009826096148754574
p90_ITANQPGCEDL,7.453958341575164e-33,148.63747977278567,0.006321609211613157,0.142691950540094,7.687446e-06,0.010534442705970072,0.039888922475859075
p90_M,3.895188007400997e-16,67.60089310360695,0.0010026502170694552,0.01702159995378763,0.00016139423,0.0,0.004546411100091272
p90_S,2.2300835297138877e-41,191.5171193979155,0.00020406315002331898,0.052430250646131334,4.2693505e-06,0.00017740465546338253,0.013203996950525461
p90_V,1.181642603311855e-254,1659.7443241275032,4.679481406215649e-05,0.11203528848496866,1.3357449e-06,0.0,0.028020854760971495
p91_CPMLVIYNHG,0.0010492862538441377,10.775201976505286,5.093394045444258e-05,0.0960569428032273,9.3729335e-07,0.00013642222183441144,0.02406130906471666
p91_F,1.2573436109519183e-192,1143.1822262643805,0.00020011987502561546,0.005548165800124136,1.19401165e-08,0.00017290767068966,0.0014803013214889657
p91_GAP,2.241328161339145e-30,136.36587701977376,0.0053307246590258515,0.17121568066683293,0.0013296213,0.0,0.044469006656490014
p91_S,0.00010360599552784058,15.140375801457028,0.00016951459924653844,0.11185688222726148,0.00024055486,0.00029507981300781625,0.028140507874495145
p91_T,1.9615537296403614e-181,1058.762184463929,3.379342589312201e-05,0.03352058181658782,2.2640293e-07,0.00019768456968167775,0.008438071553773645
p92_P,2.7377279616636375e-09,35.73807670132865,0.0011447796077269006,0.1215867552684879,7.893478e-06,0.0,0.030684857088589035
p92_QLAFNS,1.2671635706802035e-07,28.15144561545756,0.0008591707296494414,0.2889993865070163,0.00010357373,0.0005379728657691599,0.0726250259580025
p92_T,3.433464438987625e-17,72.5869402182756,0.006522709060873797,0.44200448497691464,0.00015801979,0.0023730867075274897,0.11276457513280042
p92_V,0.4675264435264428,0.528050375452726,0.0,0.0,0.0,0.0,0.0
p93_HLCFGEDKWRY,0.0001887649362258681,14.000394246059807,0.0010840772566960237,0.1328943352424045,9.425191e-05,0.00012305649357860276,0.03354893022590054
p93_I,3.0134996920405756e-37,170.60857842792632,0.0006069344443723851,0.23893965750473142,5.4534866e-08,0.0,0.05988666162099233
p93_M,0.43523773056236437,0.6090904788284351,0.0,0.0,0.0,0.0,0.0
p93_P,3.69971060754131e-27,120.56383157081103,1.257622693035873e-05,0.0747248735990585,1.0241171e-06,0.0,0.018684618485764335
p93_S,2.6215129275911313e-78,389.4034531396398,0.0001925165979325297,0.1546589924921831,5.5662085e-06,0.0,0.0387142688246611
p93_T,7.844066765055166e-46,214.33291226022632,0.004926192916482755,0.25510207748124886,0.0011728993,0.016719531192838432,0.0694801752147844
p93_V,3.346983167356821e-299,2087.3659011371014,0.002173765415362402,0.07123850039018323,0.0015387568,0.007574642017426624,0.020631416148030688
p94_I,8.180777253658522e-18,75.54023263766133,0.00013283100137874882,0.11946840213568735,1.0938593e-05,0.0,0.029903042932472184
p94_L,1.982345065254071e-14,59.57384269673416,0.00011942317930917749,0.00372811465684896,5.456132e-07,0.0,0.000962020862340633
p94_M,2.180586089420802e-25,111.93340452779763,3.0305820396057622e-05,0.15315875218203423,0.00012335228,0.0,0.03832810257011356
p94_V,1.3654578129324358e-78,390.9995139955296,0.00022741681496453323,0.1831925776747315,1.50997075e-05,0.0005097329651669827,0.045986206790597055
p94_YCTASK,0.0757988144930031,3.1565615652612484,1.0176501165639127e-05,0.0025090535797261193,1.3098853e-06,0.0010329002047967768,0.0008883600427486338
p95_FLNMWASGH,0.049775692014508405,3.8544237853749372,7.361854813263982e-05,0.005902121438203688,2.9499619e-05,0.0,0.0015013099013101029
p95_I,3.717607843338047e-26,115.6731568834847,0.00010469990779579456,0.04313095975381853,1.3383853e-06,0.0,0.010809249511739998
p95_T,9.674490619871124e-11,42.41217781695456,0.008269635556843916,0.15725378304350998,0.00089439156,0.0027049208683088775,0.04228068275716462
p95_V,0.025660407768690774,4.987411466023551,0.00014713800830853252,0.03696868057473475,1.1180832e-05,0.0,0.009281749853808067
p95_Y,0.014523129325337131,5.985527662963261,0.0003255801322989603,0.10856736165685182,7.4134077e-06,0.0,0.027225088799220063
p96_N,3.54714544631747e-51,242.086796320414,4.835953719024394e-05,0.14242676894760237,0.0,0.0,0.03561878212119815
p96_S,6.633636740543269e-19,80.72789880933588,0.0006280617978818955,0.05809362402592203,2.7138425e-05,0.0001496003869332008,0.014724606158969065
p96_T,9.82428274653348e-21,89.46875013046001,0.0009721620411565521,0.2066178134817475,2.736455e-05,0.0005461802143220984,0.052040880071598745
p97_C,7.271946674994764e-15,61.6174418691848,8.851269522247857e-05,0.0565511025483352,0.00022369943,0.0,0.014215828669205267
p97_F,4.755516907826522e-08,30.082360656440045,1.68139803891306e-05,0.041860294594570045,0.0,0.0,0.010469277143739793
p97_Q,2.7508340916015506e-93,475.49793823858687,0.0,0.024873214768994296,0.0,0.0,0.006218303692248574
p97_S,1.110952066373194e-75,374.65934823338483,0.00023798915523475645,0.13533818592535177,9.079131e-06,0.0,0.03389631355287285
p98_C,4.2499670482431086e-100,515.810360177845,0.0001582690347072001,0.003844129717010475,4.953588e-06,0.0,0.0010018380849054964
p98_F,0.312257012022848,1.021704630156046,0.0,0.0,0.0,0.0,0.0
p98_I,3.009813484101913e-23,101.56298837227605,2.0117053252954635e-05,0.016683086643209204,1.8611227e-06,0.0,0.004176266204779315
p98_L,4.932381177595577e-06,20.99639301344044,1.9531093567318163e-05,0.017529323353713266,2.803338e-06,0.0,0.004387914446325242
p98_M,1.2493932505456303e-10,41.899779420122606,3.0036644743176157e-05,0.01012416714542768,2.7772989e-05,0.0,0.0025454941947145896
p98_S,2.819824192831735e-63,306.4430128910985,0.00010747200202048098,0.018669721544441676,0.000119150296,0.00010956839894065825,0.004751478060372316
p98_V,9.85012938878854e-34,153.01109744765625,2.3291770873146313e-05,0.0029540573176412522,1.5131993e-05,0.0,0.0007481202703206364
p98_WTEGH,0.5787270855015132,0.30841416642182695,0.0,0.0,0.0,0.0,0.0
p98_Y,1.2750021323466853e-21,93.7243379642529,3.160117175073404e-05,0.07784246386707644,1.8460838e-07,0.0,0.01946856241180227
p99_H,0.1536078927544594,2.0378478869582297,0.0,0.0,0.0,0.0,0.0
p99_KVMADTLWIGC,1.7915723678673733e-05,18.502983768753598,0.003827752388061921,0.017513457768557297,0.00065264624,0.0,0.0054984640987672945
p99_N,0.006095582767789357,7.540471976866174,0.000282314505274513,0.07292362710413344,2.0879505e-05,0.0001901279054379778,0.01835423725484104
p99_Q,4.0259591060601824e-78,388.35434385361344,2.2275305732772154e-05,0.03677982430786718,1.8310278e-05,0.0,0.00920510247299803
p99_R,2.4770704319436675e-21,92.33889319403075,1.506399446785429e-05,0.14136984769039176,6.490601e-06,0.0,0.03534785057151703
p99_S,2.335523403659512e-13,54.562221970120405,0.00011055428867939141,0.054652743643196104,9.63944e-06,0.0,0.013693234342885826
p99_Y,1.338394758586631e-37,172.3832834746931,0.0009312700177171692,0.032379164251228026,0.00069423724,0.0019858663054625734,0.008997634454098727
p100_G,0.01241349018542656,6.264013466660491,5.072690354035234e-05,0.051382717457595296,0.0,0.0,0.012858361090283913
p100_KMATHLV,3.538375934473147e-08,30.665965138365753,3.363136008358301e-05,0.01605181759962657,1.9316929e-06,0.0,0.004021845163140069
p100_Q,0.16126062277360892,1.964053932195784,0.0,0.0,0.0,0.0,0.0
p100_R,2.10697081553312e-16,68.86063167115316,0.00029121156992468426,0.03774322441809644,0.00026089008,0.0,0.009573831517793946
p101_KRFQVAH,0.1164182034865022,2.4673399374333456,0.0,0.0,0.0,0.0,0.0
p101_T,7.165311902379263e-31,138.8114126401582,0.0003034788407378113,0.052824827591456916,6.4270844e-06,0.0,0.013283683379141747
p101_Y,0.03432035503521417,4.485806154801968,0.00027262608747982144,0.07369080209306951,0.0013786847,0.0,0.018835528208612475
p102_M,0.2054247306706229,1.6045937243744168,0.0,0.0,0.0,0.0,0.0
p102_W,6.332229268437574e-33,148.9895218767253,0.0004287006846174018,0.18081830289202316,0.0,0.0,0.04531175089416014
p102_YILP,3.684264760793568e-20,86.72040627367433,0.0007561036269951579,0.08751258284773139,0.00013290891,0.0,0.02210039884709567
p103_F,2.3459680719846996e-24,106.92501489851159,4.486246231990042e-05,0.028474303837116993,5.5699043e-06,0.0,0.007131184050924344
p103_I,1.6670828810681386e-10,41.322272427800165,0.00023366625912787538,0.030530005061652606,3.1203722e-06,0.0,0.00769169792324128
p103_L,8.337628805493655e-12,47.33721255519372,9.601320785654895e-05,0.02562341925643047,2.733366e-06,0.0,0.006430541457583131
p103_STMQWHYRPK,0.8866415238608619,0.020327991179955953,0.0,0.0,0.0,0.0,0.0
p103_V,8.873173742818626e-15,61.211631046106255,0.0006309274993492987,0.002103951865647385,8.360724e-05,0.0,0.0007046216520344608
p104_G,0.039151469011666135,4.260780921626485,7.725499855264664e-06,0.0675431602688365,1.2576596e-07,0.0,0.01688775288366413
p104_L,1.1166447196878196e-51,244.71447218137357,0.00016059528302810044,0.143882448748904,1.21596795e-05,0.00018464181089835948,0.036059961380582546
p104_MITWASHVP,2.326912036333378e-05,17.999679033738175,0.00020806383103856308,0.04309840436978006,2.7753433e-05,0.0,0.010833555408387763
p105_YWSNTEPF,0.5814993349763866,0.3039320558407646,0.0,0.0,0.0,0.0,0.0
p106_H,7.319712439251355e-47,219.64993542629134,4.2548232730740393e-05,0.18650689456246375,1.1971698e-06,0.0,0.046637659991250774
p106_K,4.2089018132072444e-24,105.69518518083491,2.146963867543627e-05,0.11997619177215844,3.224177e-07,0.0,0.029999495957131164
p106_P,2.426662958297241e-32,146.09177141276066,7.302499675069161e-05,0.03977420283249328,7.4269246e-06,0.0,0.009963663688470925
p106_Q,0.4660467771550981,0.5315698022635974,0.0,0.0,0.0,0.0,0.0
p106_R,2.743083744007953e-79,394.9320797659087,0.00039348088953162054,0.012365341282653848,1.0537162e-06,0.0,0.00318996897210449
p106_TDESYNFMGIW,5.2756459370966255e-08,29.877584902209417,0.00013521891068459015,0.061800637522616574,8.118923e-05,0.0,0.01550426141618109
p106_V,0.018189398981911756,5.588483429200432,3.2211848329025024e-06,0.0009809503389422711,5.5484193e-08,0.00019362304665192348,0.00029446251365508423
p107_H,1.1282004671959918e-145,805.4101955461061,5.3813794107954884e-05,0.1416477346150935,3.380302e-06,0.0,0.03542623217777663
p107_I,0.00017905845500310134,14.100488059432188,0.0017070527702616094,0.03271946979598554,0.00017771259,0.0004337884797450429,0.008759505908291556
p107_L,0.028423248322982507,4.810310796253566,0.00013801285710117797,0.01970294413642627,1.5813272e-05,0.0,0.004964192566282458
p107_MARYDQSWNGE,0.010574726024234506,6.549741890344673,0.0001197315531335959,0.023697486549880492,2.2197596e-06,0.0,0.005954859465655553
p107_P,2.7508340916015506e-93,475.49793823858687,0.0,0.024873214768994296,0.0,0.0,0.006218303692248574
p107_T,0.06254793942811038,3.4730064010522095,0.0002666264253872179,0.04433274948962066,1.6528782e-05,0.0,0.01115397617425152
p107_V,0.6210814930978572,0.24443876214921456,0.0,0.0,0.0,0.0,0.0
p108_F,1.2648684353571614e-14,60.48903539500425,2.1313701321134387e-05,0.03896148118309577,2.9653202e-06,0.0,0.009746440051145135
p108_G,5.642465644658356e-06,20.735638543429364,0.005094548623385667,0.0984988914651472,0.0023576352,0.023073921774257312,0.032256249261046845
p108_L,0.10391536055504057,2.647200864185755,0.0,0.0,0.0,0.0,0.0
p108_M,3.8499731514367396e-47,221.0929106160033,7.710191987076672e-05,0.09423743470326673,1.7523513e-05,0.0,0.023583015033965486
p108_V,4.988381076915153e-187,1100.6413123088207,0.0013350929545714336,0.3808146497016063,7.727047e-05,0.000516692357185151,0.09568592637169367
p110_D,0.7448558996062402,0.10593848642861602,0.0,0.0,0.0,0.0,0.0
p110_E,1.1664900274631603e-06,23.801563469530663,0.00028274877021890687,0.06434960318357735,0.0012208935,0.0,0.01646331135446186
p110_K,6.655177793090478e-07,24.897929244963564,3.272618936062099e-05,0.1268969894961654,0.00042464645,0.0,0.031838590534457034
p110_N,5.183542423849193e-21,90.79997691655853,1.0240891778345657e-05,0.10539236111434645,1.7948271e-06,0.0,0.026351099208302493
p110_Q,7.251259719787124e-08,29.25046892896357,3.788631557142531e-05,0.05906527987767991,1.3903458e-06,0.0,0.014776139134763123
p110_V,5.565102572954418e-75,370.7496868195826,3.7098879865265976e-05,0.020996678652238015,4.9512887e-06,0.0,0.0052596822052012465
p110_YSIRTMGL,0.40712875724045094,0.6875064115157569,0.0,0.0,0.0,0.0,0.0
p111_I,0.3227418552475323,0.9783645970084286,0.0,0.0,0.0,0.0,0.0
p111_L,2.0557308794683522e-05,18.238120803444765,0.0003863243176202072,0.06024132858937566,7.0147503e-06,0.0,0.01515866691431924
p111_M,1.0054127994018239e-05,19.617671516653242,4.680072520226654e-05,0.0010951142865292822,5.5333413e-07,0.0,0.0002856170864659601
p111_V,2.136721111426239e-12,50.08303098672344,0.0005385340683041445,0.03029145145314848,1.0668737e-05,0.0,0.0077101635645255755
p112_F,5.415895003304558e-38,174.36361409454062,0.0003381908939585774,0.053304042459573805,1.11017425e-05,0.0,0.013413333774015525
p112_GDQAHNCM,5.04269289291912e-19,81.29529213954987,0.0031299758350668426,0.0408042146724803,3.064982e-05,0.00017827914874589304,0.011035779868736918
p112_Y,9.412993254815667e-18,75.25107446756687,8.957056788494028e-05,0.01985503105319815,3.1750537e-06,0.0,0.004986944168704421
p113_G,5.484392617258477e-131,708.1910957436604,0.0015391514220040932,0.03062061592736328,1.6887372e-05,0.00032713845172415725,0.008125948293300945
p114_C,9.383181828684821e-08,28.742754552461953,4.431542601239283e-05,0.10889171913174532,2.648953e-05,0.0,0.02724063102188274
p114_F,1.0618357392924363e-35,162.84069876224171,5.962178509607494e-05,0.037075554105746734,2.736406e-05,0.0,0.009290634987675878
p114_MLTSGI,0.5481392438187992,0.36080374170653445,0.0,0.0,0.0,0.0,0.0
p114_V,1.7261442602165568e-11,45.8726038980757,1.1537481215077195e-05,0.01981816685347083,0.0,0.0,0.004957426083671477
p114_Y,8.275493769803166e-79,392.22572506550375,3.648340213330273e-05,0.08410712216045217,3.7079535e-06,0.0,0.021036828379023983
p115_F,4.419287459326118e-26,115.30728100306116,0.0018087519656465284,0.014178031080714847,0.0030570666,0.004682020528710884,0.005931467539769553
p115_I,0.0667725351971702,3.364888700545678,0.00022947265045223573,0.030498219686566984,4.445143e-06,1.8924801551652435e-05,0.007687765570411902
p115_L,6.53901696696903e-106,550.8041027761739,0.0010009828279553877,0.18068584404672086,7.786089e-06,0.0004537340802548173,0.045537086760894
p115_M,0.020284746059949017,5.397226062493332,4.7688627350050945e-05,0.0413033388513262,9.470911e-06,0.0,0.010340124597471329
p115_SCEGNW,0.00018417678014398653,14.047044256745068,0.000459612307088855,0.09937220153141056,3.1955416e-05,0.00017507472589380795,0.02500971099522054
p115_T,5.035699732851633e-49,230.8616468015367,0.001997140727798374,0.08086428058969429,2.2084714e-05,0.0,0.020720876507909748
p115_V,2.0610455567832608e-19,83.14819348444603,0.0013299783733327474,0.019784200192593977,2.1057685e-05,9.401954026681953e-05,0.005307313947909448
p116_G,2.1451648376224282e-138,756.7475511869249,0.0008127695164507987,0.2197777026931485,3.5577774e-05,0.0,0.05515651249585358
p116_TSCMFEDR,6.557717684253576e-07,24.92678244521075,0.0005359531205710402,0.054942991970046796,2.100259e-05,0.0,0.01387498692017301
p116_V,3.166556130704895e-84,423.00248686173006,2.9527551721472596e-05,0.06882322101546472,4.6620684e-07,0.0,0.017213303693507053
p117_GFNYCIDV,0.8415713065717082,0.03996567854775919,0.0,0.0,0.0,0.0,0.0
p117_S,0.019018827277322684,5.510177475417429,0.002471135430025133,0.09626549404484012,1.5919484e-05,0.0,0.024688137239769474
p117_T,2.221729191424274e-11,45.36511177263762,0.0011729074747713517,0.30241075797937333,7.790991e-05,0.0016763021754050947,0.07633446938398614
p118_I,1.2070663889153652e-08,32.79322799491068,0.0006241893025310412,0.06814438969180682,0.00037619736,0.0001908688551546559,0.01733391130336024
p118_L,3.39355403359112e-121,645.4721428402217,0.0004308165553466918,0.09185239260137118,3.9965547e-05,0.0035340153237676496,0.023964297506953933
p118_T,0.11418824012244463,2.49781197474232,0.0,0.0,0.0,0.0,0.0
p118_V,7.007373882600601e-126,675.2765942611529,8.537426087627016e-05,0.05174505132717338,1.3675681e-06,0.0,0.012957948289031108
p119_C,6.820402262180042e-92,467.336094461525,4.659313107094996e-06,0.08156428370868757,5.5107157e-05,0.0,0.0204060125447225
p119_F,2.306152222166213e-19,82.91536049323837,5.232487901521737e-05,0.04563236074123768,1.121454e-05,0.0,0.011423975040033629
p119_G,9.212260571503985e-22,94.40278001239328,0.00013441225299281698,0.09057812703960373,4.8641673e-06,0.0,0.02267935086497282
p119_S,6.621604646785693e-23,99.90990180658922,3.509923648643786e-05,0.007740060920280183,0.0,0.0,0.001943790039191655
p119_T,4.02595878704319e-09,34.97155073871886,0.001090132351786761,0.14165596633759067,1.3499714e-05,0.0004783712782630611,0.03580949242052048
p121_E,1.448159732057593e-36,167.18113477217236,0.002483853491878687,0.31884180907523024,0.00016076921,0.004058198929481566,0.08138615767669688
p121_I,4.873679273586029e-23,100.55227797000252,0.0013964689468536642,0.08426526130133456,1.7828397e-05,0.0,0.021419889661341143
p121_L,2.6671134597094506e-279,1890.018988700348,0.0007832774515374121,0.023588871503073865,0.0,0.0,0.006093037238652819
p121_M,3.6924399580382515e-06,21.558273431665093,0.0013672611665833385,0.0031431852944134504,9.1158927e-07,0.0,0.001127839512566215
p121_Q,0.032243486550583955,4.59294972122229,0.0010384853210880546,0.3157960990893164,5.4265434e-05,0.002098568732168047,0.07974685464421832
p121_TSFDVAYP,2.0612673040002046e-10,40.89751845790301,0.0015634067594944272,0.026351683531295172,3.6293884e-05,0.0003647873312602832,0.007079042876631806
p122_G,8.236716675462118e-18,75.52618666522187,6.500387579907679e-05,0.03853122582839001,1.30391955e-08,0.0,0.009649060685846148
p122_I,4.9019057364863675e-30,134.68976388951114,4.056061042373145e-05,0.010503410502196161,1.2579216e-06,0.0,0.00263630725854337
p122_SMCNL,0.07362787114850057,3.2041374699405547,0.00014438227733502916,0.03989972549720608,3.583065e-06,4.116737577830815e-06,0.010012951894306888
p122_T,1.3974096137834945e-73,362.95091111376604,0.0001341740283473757,0.0074704611420925784,1.8400291e-05,0.0,0.0019057588653806881
p122_V,9.760606975273384e-123,655.2350609367279,0.00012637624618412282,0.023132584123247653,2.8082002e-05,0.0001926483434197653,0.005869922678774224
p123_G,4.858900697957159e-44,205.11887976537562,0.00023965742718659068,0.10824610319605037,5.7451776e-05,5.4592533201132e-05,0.027149451233166734
p123_S,2.082106649331055e-09,36.28265639213937,0.00013476845335951433,0.022629760581751493,3.474844e-05,0.0,0.0056998193683623225
p123_T,2.1309128351172727e-300,2099.5646638406834,7.584580971458377e-07,0.0478151455510907,7.9101454e-08,0.0,0.01195399577766053
p124_G,0.0,2524.952414348825,1.0,0.15608717086533133,1.0,0.27121264115450916,0.6068249530049601
p124_I,4.824335432216325e-27,120.00051901028027,6.455825912663592e-05,0.0939171846374655,0.0,0.0,0.023495435724148032
p124_L,2.1587354998653176e-149,830.6362380888037,0.00010291108818069134,0.004455188515662396,0.00079667545,0.0,0.0013386937632700788
p125_M,1.4215999162862481e-16,69.66789333254913,0.002415420096570265,0.008276812016615233,2.84868e-07,0.00162218664948868,0.003078675907670618
p125_TLAFGVYCN,0.3660379344942717,0.8175022460194042,0.0,0.0,0.0,0.0,0.0
p125_W,1.2618414513097343e-13,55.81115714275153,0.00011303826277149354,0.05956152079302502,9.877521e-06,0.0,0.014921109144155223
p126_S,0.18073672182784567,1.7930088293809812,0.0,0.0,0.0,0.0,0.0
p126_T,0.7169193509944489,0.13150677694887086,0.0,0.0,0.0,0.0,0.0
p127_M,4.008999356771277e-30,135.12029288879077,1.6237988058168913e-06,0.06863452500626187,0.0,0.0,0.017159037201266922
p127_N,2.7253905431348036e-29,131.0210849777513,7.516176049874809e-05,0.1217527743026023,0.00079506036,0.0,0.030655749106092728
p128_CSPLMIF,0.06540308259665974,3.399116223541576,7.379359210212504e-05,0.048812303345773245,0.00082729204,0.0,0.012428347244117203
p128_T,1.1318331174516576e-40,187.92911172295535,2.1144810761698974e-05,0.17636378866840427,0.00044640366,0.0,0.04420783428505257
p128_V,1.3903082621752835e-50,238.986025380876,0.06017610190813761,0.018621191128187345,0.38214555,0.03237442638096891,0.12332931831114491
p129_CLWT,6.518888961213726e-07,24.938397827165268,9.926690951046093e-05,0.011026472698721354,4.6511873e-06,0.0,0.002782597698878562
p129_F,7.13683687266337e-225,1401.0181421085651,7.416962533749652e-05,0.024658866443602864,2.7859649e-08,0.0,0.006183265982147293
p129_I,2.993583496129143e-81,406.04145201756785,1.9603349521461993e-05,0.05051273456251999,1.0668207e-05,0.0,0.012635751529841303
p129_M,6.203021690141653e-16,66.64781844354404,5.828567423554476e-05,0.046177489146881225,1.5248082e-05,0.0,0.011562755725674537
p129_V,7.784551763521209e-16,66.1828873226603,0.007203397315205295,0.10388098364732845,0.008717223,0.013219836263337004,0.03325536007410816
p130_L,1.531653913029524e-34,157.04282079948862,0.0001856578542587293,0.0621425260141099,0.0,0.0,0.015582045967092157
p130_V,0.0018144272123865632,9.758768211394974,9.320208841004879e-05,0.07331746438692734,2.911529e-07,0.0,0.01835273940705957
p131_S,7.767318116541632e-64,309.47307903440054,0.0005429297737909403,0.056748294893132045,2.9825133e-06,0.0,0.014323551795043616
p131_TCG,1.889337386772239e-06,22.861421636437917,1.2099885024981595e-05,0.021155382636795405,1.8402066e-08,0.0,0.005291875230971509
p132_I,2.8920603357644314e-24,106.48458670323868,4.242216250940709e-05,0.004544342785904118,4.873388e-06,0.0,0.0011479095841550714
p132_L,0.6361848628604982,0.22384607789443012,0.0,0.0,0.0,0.0,0.0
p132_V,3.607033395028477e-11,44.391453576291525,3.542160553383531e-05,0.0016789898604000681,7.929354e-06,0.0,0.0004305852050008126
p132_W,7.833947356807562e-95,484.5803745096404,0.003472074082620091,0.1508864522413776,0.0,0.0,0.03858963158099942
p132_Y,1.2072853374706798e-25,113.18223873909558,4.9501171440070506e-05,0.02633722190185941,3.110706e-07,0.0,0.006596758535976744
p133_E,0.40249758805479185,0.701198157409608,0.0,0.0,0.0,0.0,0.0
p135_W,1.0901637521384355e-62,303.27007503919936,2.758867121541864e-05,0.018980847630220364,3.184285e-07,0.0,0.00475218868248517
p135_Y,1.5415212867190107e-38,177.11775044219905,1.458294279220226e-05,0.0032593606319623364,2.5509513e-07,0.0,0.0008185496674713339
p136_K,0.12561119689152572,2.3482031112065442,0.0,0.0,0.0,0.0,0.0
p136_L,0.0006591043231110567,11.643723919892896,8.415321597822835e-05,0.06106767225332691,7.086343e-07,0.0,0.015288133525894988
p136_M,1.1001922568209587e-17,74.92968145054081,7.768703432463351e-05,0.11533951757610943,1.2329899e-06,0.0,0.028854609400087612
p136_N,3.375646872778433e-22,96.50046003555398,1.1314629782534205e-05,0.03357503215750545,0.0,0.0,0.008396586696821997
p136_SRFQCTHAYW,9.61080321653626e-11,42.425414287140846,0.00016160830172638223,0.0712212009878458,7.29813e-08,0.0,0.0178457205677183
p136_V,4.5916330608671105e-06,21.135245111618783,6.739811728838649e-05,0.09590480096198177,2.5908496e-06,0.0,0.023993697482215033
p137_V,2.2665051507346063e-22,97.33357715390923,4.2733581669529646e-05,0.0439659603116873,0.0,0.0,0.011002173473339207
p138_V,5.244249249234709e-195,1161.459261899301,0.00010005843520016301,0.055113685471373186,0.0,0.0,0.013803435976643337
p139_S,0.0361013111292228,4.399197743656919,2.8791992026379797e-05,0.09398402432984916,0.0,0.0,0.023503204080468885
p139_TALGRYI,8.79938501533335e-31,138.37061774819824,1.9560128366037235e-06,0.059999127461604504,0.0,0.0,0.015000270868610277
p139_V,6.65415327939837e-29,129.1153982697017,1.6578439406395143e-05,0.00017549305083708845,0.0,0.0,4.80178725608709e-05
p140_K,1.795557230217318e-15,64.4733523539009,0.000329016702216653,0.003867323388583979,1.2889951e-06,0.0,0.0010494072714807069
p140_R,1.0904262794008238e-15,65.49325912880722,0.0001352172586671112,0.060234888539304025,6.442767e-06,0.0,0.015094137141190135
p141_P,1.3228837226517052e-31,142.4407935000894,6.575180990899436e-05,0.017139530773521504,0.0,0.0,0.004301320645857624
p142_I,1.0675197609188385e-14,60.834728272320724,0.00035074173223021343,0.03206396765158616,4.51766e-06,0.0,0.008104806760908542
p142_L,7.61415926261957e-16,66.22818815013156,0.00045882068912673563,0.0036913620352643528,1.2603738e-06,0.0010606944563620595,0.0013030343886329563
p142_M,1.967683478672528e-14,59.58895799751049,0.0005025465613256451,0.041116851819993715,8.43294e-05,0.0,0.01042593194445141
p143_D,3.4048449802459175e-16,67.87660940035214,2.6817612170966968e-05,0.04425581263467597,0.0,0.0,0.011070657561711734
p143_ENTQKV,0.001163939383364918,10.582172059537513,1.108432156970516e-05,0.0286739279031305,0.0,0.0,0.007171253056175051
p143_G,2.7329990328234718e-22,96.9420876494909,0.0001248596466197614,0.02448353329889139,0.0010145922,0.0,0.0064057462969845805
p143_S,5.70928064075768e-30,134.36339208688963,0.00037007426842885333,0.013867048000210934,3.7916718e-07,0.0,0.0035593753589539165
p144_G,7.803730430242858e-09,33.657786900994715,9.92319202525324e-05,0.08256222615335587,2.782894e-07,0.0,0.020665434090753537
p144_N,0.1935732470407547,1.6915313751946572,0.0,0.0,0.0,0.0,0.0
p144_S,0.3601615792707129,0.8377766410031902,0.0,0.0,0.0,0.0,0.0
p145_GAP,0.09323225797897944,2.8207855168703313,0.0,0.0,0.0,0.0,0.0
p145_I,2.53088308569101e-12,49.741216249201095,7.712443786251425e-06,0.03439390668464165,5.3235394e-06,0.0,0.008601735666963518
p145_V,2.4742847650144973e-72,356.02230788112234,1.914582936018285e-05,0.005559077816608736,2.4847086e-05,0.0,0.0014007676829982892
p146_K,9.62461767577091e-18,75.2052587323654,0.009130589979517578,0.00019965703996559664,6.8469e-07,0.0,0.0023327329273727443
p146_R,7.428360478280225e-08,29.202919322428418,0.0004987459298569768,0.10167389508683279,0.0,0.0,0.025543160254172442
p146_T,0.006804572570343395,7.3415755704384225,0.0001824414093467969,0.15226827352689126,0.00015807043,0.0,0.038152196340697185
p147_GAP,3.4615997826243773e-28,125.60047389663467,3.991489521598458e-05,0.13631057565567684,0.0,0.0,0.034087622637723206
p147_P,3.2402733786829296e-32,145.4687465197932,1.4980193771006222e-06,0.06638175090557351,0.0,0.0,0.016595812231237652
p148_G,2.936857038661439e-09,35.59846149711793,2.170802871365433e-05,0.04792050896103098,5.8614143e-05,0.0,0.012000207783236037
p148_K,1.2849890052500338e-06,23.612790988328324,2.7539722388307703e-07,0.020400315195220446,0.0,8.74860574048738e-05,0.005122019162462301
p148_N,9.057254527777093e-58,276.8892153416285,0.00035231176026786956,0.008183403012577395,2.0111368e-06,0.0,0.0021344314774007092
p148_RAQY,0.1183587509465307,2.4413430712122315,0.0,0.0,0.0,0.0,0.0
p148_S,4.6737648378739175e-70,343.44675087600467,0.00025366868236990507,0.02871732847529115,2.360355e-05,3.7238812880268554e-05,0.007257959880207683
p148_T,2.52987908602427e-17,73.21520761531133,0.005162904119876769,0.04864312419786264,0.00013540612,0.008301800886967007,0.015560808832219787
p149_E,6.616143068462104e-17,71.23851183919794,8.16849161724094e-05,0.11282993407340826,6.5863783e-06,0.0,0.028229551341964306
p149_G,0.6999157622128436,0.148609061803878,0.0,0.0,0.0,0.0,0.0
p149_K,2.3146149103379506e-05,18.00987193811276,2.452557768312682e-05,0.04877685355522049,2.1842438e-07,0.0,0.012200399389319773
p149_N,2.5644388806289764e-16,68.45768904423112,0.000299088838278532,0.06154790839955903,3.845708e-07,7.61471526714307e-05,0.015480882240326383
p149_P,0.11118482215319794,2.5399072888861927,0.0,0.0,0.0,0.0,0.0
p149_S,1.0308632011940607e-187,1105.8103625554145,0.0004325549951955666,0.0365106676568132,4.3122895e-06,0.0,0.009236883735389109
p149_T,5.361236940527356e-06,20.83473793048609,1.0087010259004946e-05,0.00625333102713225,0.0,0.0,0.001565854509347814
p149_V,0.6629022324590231,0.19008295545937226,0.0,0.0,0.0,0.0,0.0
p150_G,3.4385591819162444e-25,110.97199816675942,3.576268265265796e-05,0.07103639185181748,6.26708e-07,0.0,0.01776819531062135
p150_K,2.819248626844626e-22,96.87710541876301,2.3131140680244485e-05,0.08563936304391044,8.172381e-08,0.0,0.0214156439771006
p150_N,1.1591220470502678e-14,60.66694450467016,3.91813326387319e-05,0.032104062379997814,5.0981866e-06,0.0,0.008037085474821126
p150_PALEHV,0.33791898892261363,0.9188221446609512,0.0,0.0,0.0,0.0,0.0
p150_Q,0.00020488723090270267,13.84508614687501,6.03282947317118e-06,0.04604157173960205,1.5515222e-07,0.0,0.01151193993032424
p150_R,1.259532562151563e-06,23.651825853273138,9.920423784794454e-06,0.05089950624566007,0.0,0.0,0.012727356667361217
p150_S,0.0007128154353710974,11.497065729459262,5.466494270116198e-05,0.0866141894318958,8.6675784e-05,0.0,0.021688882539568615
p150_T,8.19266709086373e-06,20.013548791046116,0.00015818710710546705,0.04114825203996808,1.5032136e-06,3.107996367118399e-05,0.010334755581095907
p151_H,4.879873179835432e-48,225.73935343580118,0.00017444538551989461,0.04197004278403305,0.0,0.0,0.010536122042388237
p151_L,7.818011224466295e-64,309.4577794327434,6.349263592076984e-06,0.031658838444692125,0.0,0.0,0.00791629692707105
p151_MTQFIGYSR,0.5257745702017135,0.40271532529296405,0.0,0.0,0.0,0.0,0.0
p151_W,1.0955971607814072e-18,79.69031376675437,1.9911488348513877e-06,0.04096714009143056,7.997826e-06,0.0,0.010244282266638219
p152_VSWIGMTY,1.248909299370447e-07,28.17999028835695,0.0015353377541352247,0.1416482513415467,0.0003101902,0.0030155613545662856,0.036627335161715735
p153_FSWYRQ,0.04481247620167599,4.031563677083235,2.6699584471448598e-05,0.10181826725970451,8.570392e-06,0.0,0.025463384309121616
p153_G,1.5859579204400406e-05,18.73791341719683,7.69662681683291e-06,0.025475929180504644,2.8390681e-07,0.0,0.006370977428533995
p153_I,4.876841396981782e-46,215.39713163045744,0.00011333869509128731,0.07399626298109808,4.3510227e-06,0.0,0.018528488174710662
p153_L,8.605292061702619e-125,668.3140551380211,0.0006109587934696974,0.03599825742997304,0.00016491696,0.0,0.009193533295147306
p153_M,0.01134427508235759,6.424389097910685,5.0613167930162273e-05,0.08144086106663408,0.00012608845,0.0,0.02040439067002619
p153_T,4.4859698606554686e-10,39.34300075184096,3.158625797907038e-05,0.08723849605271007,2.7133547e-06,0.0,0.021818198916337524
p153_V,0.918273440935292,0.010531660055878049,0.0,0.0,0.0,0.0,0.0
p154_G,0.009889618035817805,6.669486345889368,5.496034119277601e-05,0.1053436793440802,1.5268697e-05,8.93402698581946e-05,0.02637581216305724
p154_I,0.46161121040682684,0.5422278132315176,0.0,0.0,0.0,0.0,0.0
p154_L,0.00015745538995973424,14.344449247584334,8.781687830980026e-05,0.03702286895077006,8.622661e-06,0.0,0.009279827122512718
p154_M,2.1730328485309726e-10,40.79187827497557,0.00013034075021621974,0.03371684488291088,1.7159721e-06,0.0,0.008462225401300661
p154_TFCSK,0.8005485682305018,0.0638452816335046,0.0,0.0,0.0,0.0,0.0
p154_V,3.275092202216176e-21,91.75668591879138,0.00015540500417632398,0.05320643720616694,4.277106e-05,0.0,0.013351153317176019
p155_CFIKQWENS,0.0007728870179998108,11.345733626074374,0.00012441177707800903,0.05122611859173659,5.5646325e-08,0.0,0.012837646503784871
p155_G,1.2798380302726046e-167,958.0008623303606,4.591868812508059e-05,0.11324336847101019,0.0,0.0004013615945466323,0.028422662188420475
p155_L,0.03244720772437871,4.582125357000261,0.00010315014120354048,0.06921914819645716,0.00018399757,0.0,0.017376573977893446
p155_M,4.5311009988276424e-17,72.01653230360625,1.4373387630722518e-05,0.0390184112209746,1.3668431e-06,0.0,0.009758537862924787
p155_R,4.406040122070435e-27,120.19298790566359,0.00015631759595426437,0.005993684248091713,0.0,0.0,0.0015375004610114944
p155_V,1.927967932896194e-201,1211.4651074100993,2.583122312036954e-05,0.07267071184420568,5.078066e-06,0.0,0.01817540528330568
p156_I,9.39131320863859e-55,260.8917602928828,0.00016589352861742343,0.06971690925731595,0.00017941807,0.0,0.017515555214393044
p156_L,4.912173395981504e-06,21.00435475063496,1.749465169319578e-05,0.10513047589780367,8.300465e-06,0.00021785237810492987,0.026343530848199685
p156_MANS,0.006431130248187639,7.443547502574435,5.268900473605393e-05,0.03234821268922359,0.0,0.0,0.00810022542348991
p156_V,8.723697894958878e-53,250.523340310116,0.0003977362121783112,0.03672211398388036,1.165907e-05,0.0,0.009282877316506925
p157_G,0.37302916181623447,0.7939623424079556,0.0,0.0,0.0,0.0,0.0
p157_I,0.009930662651879328,6.662076059302891,0.00035272003512175213,0.07846842381989647,1.5942802e-06,0.0006291769033167263,0.019862978759635365
p157_L,3.7273698019438655e-14,58.28887875494838,0.0003932972905598182,0.09249495158314762,0.0001661273,0.00017797146300543477,0.02330808690871414
p157_SFMTC,5.713169711553069e-07,25.196504971410107,0.00020368014884019362,0.00877234267288569,5.0772618e-05,0.00013180995482386484,0.002289651348668444
p157_V,1.0107353002525382e-16,70.36811927629104,0.00014417164631937534,0.03496507875869171,8.161056e-06,0.0,0.008779352865260291
p158_C,1.5309414490097303e-05,18.805982584056103,4.2888426304178305e-05,0.09300958166036884,7.982715e-07,8.793781235488912e-05,0.023285301542635643
p158_F,3.193969202768423e-125,671.0630835489399,0.0003740863454633659,0.022950442637307826,0.00029823184,0.0,0.005905690205726215
p158_GIYMSTQW,0.0022594114573933,9.353889506258376,0.00015968976522365402,0.07315119904498968,4.337075e-06,0.0,0.018328806471327654
p158_L,1.4064647226524077e-05,18.969537140165006,0.0005619337500086485,0.024860706343268323,1.7070965e-07,0.0008061104886086024,0.006557230322884997
p158_V,0.03240249531393755,4.5844949778257105,7.628432777502144e-05,0.00018863526847111886,3.0396006e-05,0.0,7.382890055358858e-05
p159_I,0.013446850177733812,6.121981159339133,3.778062276368988e-05,0.048240596789094405,9.911537e-07,0.0,0.012069842141385416
p159_S,4.213418926958205e-93,474.4122720190125,2.291045775681832e-05,0.040448152290699355,7.711265e-06,0.0,0.010119693503470372
p159_T,2.736416531987933e-64,311.92826379664075,0.0007603968036112728,0.039292089525826246,3.580309e-06,0.0,0.010014016659637453
p159_V,0.6353934158813022,0.22489756865789873,0.0,0.0,0.0,0.0,0.0
p161_F,0.002256675448297609,9.356122485542505,0.00043498856959307234,0.12582631864741983,3.1166524e-05,0.00047621660341922405,0.03169217258621368
p161_I,0.7937621191987515,0.06836603934400967,0.0,0.0,0.0,0.0,0.0
p161_L,7.702822583247946e-05,15.705593399258813,0.00029725496251769044,0.21184372498225035,0.00016093094,9.765358314436204e-05,0.053099891117023824
p161_M,0.04264979457318453,4.115332066439069,0.0001601641516639426,0.09645926632568046,1.6206639e-05,0.0,0.024158909279079807
p161_T,3.1984649035885877e-59,284.6390637275084,0.0001483995958319549,0.058074142160712244,4.2311885e-06,0.0,0.014556693236271267
p161_V,1.1571357100439296e-22,98.74065143458621,0.00037859123767355993,0.030637577021721565,2.166606e-06,0.0,0.007754583716351098
p162_F,0.0029534568568761114,8.861287212512707,2.1530859843212638e-05,0.04808512358407829,1.3469213e-06,0.0,0.012027000341304
p162_I,3.7299206747115013e-255,1664.2736755731626,0.00017414045785892683,0.020701496389161123,1.7325063e-05,0.0,0.005223240477454888
p162_LCGVTHNE,0.46560345445399276,0.532627744675466,0.0,0.0,0.0,0.0,0.0
p162_M,9.991669542314804e-24,103.87787515970922,0.0002453157382166394,0.1299262630919461,0.0,0.0004635289435713299,0.03265877694343352
p162_S,6.735654346260512e-07,24.874421969574854,8.227294460346873e-07,0.11532556627397898,0.0,0.0,0.028831597250856253
p162_W,1.0939277385222583e-69,341.41364538312,0.0004935491535306833,0.03257326783372437,3.6658898e-07,0.0,0.008266795894058224
p162_Y,1.0185450398635738e-20,89.39361531869851,8.265807450321239e-05,0.0007667505623630658,0.0,0.0,0.00021235215921656955
p163_G,1.3098539752371528e-279,1893.001734513633,1.587427559152603e-05,0.07642528966093858,6.0306604e-05,0.0,0.019125367635057563
p163_S,2.0664656296710797e-71,350.92034941740064,0.023891555281044623,0.2128593639500497,0.0018041537,0.002337047273571737,0.06022303004310723
p163_T,1.5692057187334257e-16,69.46517102714455,6.3698289066766015e-06,0.06490777123701831,0.0,0.0,0.016228535266481246
p164_C,0.0022312205491381485,9.377030117536338,0.00015119773045760474,0.08583249669807338,1.1323322e-05,0.0,0.02149875443758635
p164_F,0.09103277923892851,2.8592151443437235,0.0,0.0,0.0,0.0,0.0
p164_I,2.8607145885251446e-187,1102.4631335456752,0.00017545061515201094,0.04981090551837636,0.00012820365,0.0,0.012528639946814706
p164_L,5.336390513058996e-19,81.17813954581543,0.00035948664015425145,0.04415477512641667,3.7002035e-06,0.0,0.011129490492512412
p164_M,1.8649642703639636e-06,22.886711011913647,0.0002472113036865972,0.06946750624708989,3.1356763e-06,0.00034198863326192634,0.0175149604650726
p164_S,0.006607875071465413,7.394551720491773,5.125686253240132e-05,0.09458290830468785,6.0256953e-06,6.370571527492009e-05,0.02367597414443793
p164_T,9.097674157042536e-15,61.160689385306334,3.847899672832374e-05,0.17142522308766428,1.5493505e-06,0.0,0.04286631285871968
p164_V,1.6306762665680297e-17,74.1191912270354,0.00013390867038147225,0.005851380320890682,1.9592517e-07,0.0,0.0014963712291099498
p165_G,9.414299855799032e-208,1261.3570240403965,1.8612451887475736e-05,0.06389863708899933,2.0903037e-06,0.0,0.015979834961152673
p165_I,0.003059102222211866,8.796817822949306,2.330956139815989e-05,0.0038704634147620006,6.8156317e-07,0.0,0.0009736136348312943
p165_P,2.7253905431348036e-29,131.0210849777513,7.516176049874809e-05,0.1217527743026023,0.00079506036,0.0,0.030655749106092728
p165_S,0.002454631637340444,9.201265192335129,3.582585144279431e-05,0.0043504645554640845,2.9947958e-07,0.0,0.0010966474716218922
p165_TLFCM,0.0022343307144281296,9.374462599752258,0.0008113304643783368,0.07680602039804463,5.0536044e-05,0.00021120590317144137,0.01946977320239865
p165_V,8.257614109522989e-47,219.3792883491334,1.9281103070913553e-05,0.13012538046899183,5.72845e-07,0.0,0.03253630860426832
p166_C,5.526754478472251e-26,114.83418812524427,0.022587152024273655,0.060578112891736154,0.0,0.022165970155177517,0.026332808767796832
p166_F,0.034374963325402685,4.483081262339727,6.350232800602448e-07,0.07273452202398088,1.899383e-07,0.0,0.018183836746391506
p166_V,2.1582101300345215e-239,1524.5824335540838,9.314447868630515e-07,0.00894362309888416,0.0,0.0,0.002236138635917756
p166_W,2.0334395896754328e-71,350.95902867854915,0.0669025608453026,0.06784095356669684,1.6761085e-07,0.05688727356996585,0.04790773889820373
p167_C,2.395338441357866e-21,92.40885599426957,1.778571520370293e-05,0.05363677526785828,4.6203018e-06,0.0,0.01341479532120346
p167_S,1.695555364193273e-162,921.5781811197534,0.00046554038112687124,0.21035006119458788,2.2092047e-07,0.0,0.052703955624046055
p167_T,1.9447479126574703e-86,435.6979535816104,0.0011526567873337114,0.1304158587480232,1.8292343e-06,0.0,0.032892586192412455
p168_G,0.14582204584231068,2.1173348856333054,0.0,0.0,0.0,0.0,0.0
p168_I,9.289873733319967e-132,713.2008130057619,0.00044607409883696663,0.05606243696018841,0.00028337934,0.0,0.014197972599892429
p168_L,1.7044567080048626e-06,23.06203230211024,0.00019819481790741262,0.11726734462518774,8.437184e-06,0.0,0.029368494156793414
p168_TFSMCW,1.2045016228518662e-05,19.268694187051945,9.169222408159149e-05,0.059992333626596596,5.339376e-06,0.0,0.015022341306670213
p168_V,0.1087618872470297,2.5747898898441686,0.0,0.0,0.0,0.0,0.0
p169_L,0.005329709144723776,7.783817168579415,8.383516310415253e-05,0.010727008258103564,2.0716843e-06,0.0,0.0027032287763821745
p169_MFGWTCVI,2.6548499376243255e-05,17.746156731097606,0.00019445924961274374,0.20226599333268533,2.9614395e-05,0.00044969400935738915,0.05073494024674298
p169_P,0.1035297540833843,2.6531205642794604,0.0,0.0,0.0,0.0,0.0
p171_F,1.6599697499767066e-197,1180.7823014797016,1.632795283784085e-05,0.005028771615665073,3.7044185e-05,1.545917098772141e-05,0.0012744007310887834
p171_I,3.570917350533826e-85,428.4336968599229,6.709812756781092e-05,0.1022539429336151,3.182546e-05,0.0,0.025588216630448222
p171_L,3.0029572952723245e-14,58.72850579092396,0.0015218309373210474,0.0061374230863282505,1.9270707e-05,0.0,0.0019196311825663808
p171_M,1.2603778478057141e-10,41.882246655356475,1.1716940080113158e-05,0.11355636839285103,8.745068e-09,0.0,0.028392023519499734
p172_L,0.047554038060082036,3.93129759294162,0.0003429229801658585,0.013544724492807615,5.5543205e-06,0.0,0.0034733004483742474
p172_MTIAYWCGSN,2.847599851910064e-06,22.063103707915257,0.00041685980033045507,0.11482271301532739,3.8179987e-06,0.0,0.02881084770359731
p172_V,5.932857653375913e-13,52.67361081682338,0.00014224234063744175,0.06444881431093598,1.597886e-05,0.0,0.016151758877809543
p173_KEQRDNHF,1.739241563341743e-21,93.07644068446932,0.001060962365987436,0.13707327776319786,0.0,0.0,0.03453356003229632
p175_N,3.117939598812727e-22,96.66651405756103,3.061157626516326e-05,0.09354814226893078,4.469113e-07,0.0025613113069635576,0.024035128015861537
p175_S,0.5759160921541988,0.3130028519337461,0.0,0.0,0.0,0.0,0.0
p176_R,0.5314542869917582,0.391768361324084,0.0,0.0,0.0,0.0,0.0
p177_Y,3.5105905396645363e-115,607.7548292846129,0.0015900502089105848,0.09658346393487596,4.1705236e-05,0.00029949184801319014,0.024628677806967862
p178_L,0.9722398732341002,0.0012113351373451479,0.0,0.0,0.0,0.0,0.0
p178_MDQTAGSH,0.019300396202431673,5.484395343083053,0.0002326138137250203,0.013378822940165725,4.7326733e-07,0.00034419886050339644,0.0034890272204321994
p178_V,0.27506495331440906,1.192070940037171,0.0,0.0,0.0,0.0,0.0
p178_W,2.7508340916015506e-93,475.49793823858687,0.0,0.024873214768994296,0.0,0.0,0.006218303692248574
p180_H,5.32850580032264e-88,444.71120452896525,0.003813837971794286,0.6940776263218799,1.6294878e-05,0.007944604845571862,0.1764630910043492
p180_YADQNGILCMFTSWVKR,5.734078828769314e-06,20.70442503466776,0.008110604577579212,0.0752650947852091,0.00037902477,0.0037804254763155526,0.021883787402769337
p182_I,0.518261798920012,0.4175228322540381,0.0,0.0,0.0,0.0,0.0
p182_L,1.5646359216463792e-38,177.085104380001,0.00014762307423335673,0.016198861818584116,3.268752e-05,0.0002860382888524455,0.0041663026753440005
p182_M,1.5796938498558296e-34,156.9758440757492,0.00023251380586309422,0.06758105860774628,1.5411724e-05,0.0,0.01695724603446099
p182_N,2.266362112295195e-30,136.34207521390545,8.062332131066737e-05,0.0878591398086046,4.806408e-05,0.0,0.021996956802742943
p182_YSVAED,8.274008543509686e-06,19.994436858896947,0.00014003965746452106,0.2282807220775803,7.0769797e-06,0.0,0.057106959678693094
p183_K,7.3990969520640895e-93,472.9793226281011,0.0,0.024873214768994296,0.0,0.0,0.006218303692248574
p183_L,5.489510680684105e-16,66.8980511202102,0.001736549751812124,0.0953498536862087,0.0,0.0,0.024271600859505207
p183_M,8.538904499032182e-32,143.3824951449619,0.002470990811022158,0.17179310524235553,0.015430401,8.139188815289087e-05,0.04744397225522181
p183_Q,9.293491536209918e-39,178.22808234908774,0.00016892802441259927,0.1817391032167025,5.720907e-05,0.0,0.04549131007739696
p184_T,2.733763157642621e-47,221.86231861013178,2.113786746441503e-05,0.020277833093826067,0.0,0.0,0.00507474274032262
p184_VISDGQAL,0.03820322628219969,4.30256444619626,7.30675820932432e-05,0.054132905674040506,4.695115e-07,0.0,0.013551610691906192
p185_S,7.281207724863239e-08,29.242346930064222,0.00028888114002125864,0.014071202636364001,4.263366e-06,0.0,0.003591086785598483
p185_T,0.020010198627431825,5.421090727695708,0.0010750767234957233,0.04000834741950613,2.9192422e-06,0.0,0.01027158584630201
p187_S,1.1819853498598613e-08,32.83482423510845,0.000617732107981328,0.09387686498474429,7.855074e-06,0.0,0.02362561304163592
p187_T,2.7600116822906805e-08,31.1567789018167,3.441397188437375e-05,0.026293040269236224,3.201695e-06,0.0,0.0065826639840571854
p188_I,1.634934644315597e-17,74.11382123680664,6.490097183084649e-05,0.03747842210721065,1.9829777e-06,0.0,0.009386326514176558
p188_P,7.020633752295936e-25,109.4664282834338,0.00011476622572562318,0.10318835146079419,7.328599e-08,0.0,0.02582579774312716
p188_T,3.644308792829558e-32,145.21560879474677,6.336543183216245e-05,0.09355970886450006,0.00071651017,0.00246091123258866,0.02420012392488148
p188_V,5.4848074035763226e-08,29.8008945008926,2.1023626604941896e-05,0.007345107301296187,1.2804353e-06,0.0,0.0018418528408000628
p190_W,1.404230008702015e-280,1902.384504171332,0.004147087811817685,0.08132941929240678,0.0,0.0,0.021369126776056117
p190_Y,2.0964568911440262e-46,217.28910720678365,1.73169236516413e-05,0.03931077530866991,0.0,0.0,0.009832023058080388
p191_L,0.7650926054488318,0.08930971894749885,0.0,0.0,0.0,0.0,0.0
p191_Y,1.3763973252841968e-55,265.3025624902916,3.543557550010546e-05,0.08517719703349193,0.0006828399,0.0,0.021473868124983503
p192_S,2.840292306130651e-82,411.85623712126596,1.9942085650542604e-05,0.004401733040757537,6.854987e-06,0.0,0.0011071325283714027
p192_T,1.0313145945516085e-116,617.3039101559544,0.006919322887599973,0.07621047237039771,0.0,0.0,0.02078244881449942
p193_G,5.9275950956450334e-95,485.2936613934708,0.0,0.024873214768994296,0.0,0.0,0.006218303692248574
p193_K,9.603776250979526e-14,56.36539607541033,1.468224907703054e-05,0.15138440617280163,0.0,0.0,0.037849772105469665
p193_L,4.2001481081795367e-16,67.44644758932714,1.686526702678858e-05,0.029140012418269762,1.3669131e-07,0.0,0.00728925359415226
p193_NEHQASMI,2.0257054475992965e-07,27.229298731537003,0.0002445692629849539,0.03569883031690753,4.1841517e-07,0.0,0.008985954498765415
p193_P,9.8605056448149e-07,24.12961617794874,6.917921201932532e-05,0.0804450447317766,2.8023871e-06,0.0,0.0201292565827349
p193_R,1.6167522639821223e-07,27.672365161584672,0.00011925682179856344,0.010993978220562016,9.5161795e-06,0.0,0.0027806878054623587
p193_T,5.497801797679778e-05,16.350084923602356,1.143062654667994e-05,0.005953499924569329,0.0,0.0,0.0014912326377790022
p193_V,1.190362162292916e-249,1614.8247589269015,1.92587900841217e-05,0.04267090352414909,0.0,0.0,0.010672540578558303
p194_G,5.4386719972394675e-248,1600.055016808404,3.346645415442594e-06,0.038280511130787606,4.9206966e-07,0.0,0.009571087461465684
p194_GAP,0.1347615433821387,2.2388815213556845,0.0,0.0,0.0,0.0,0.0
p194_H,7.6058699827321965e-06,20.1573484530347,1.7628352384246543e-05,0.019852936851546654,1.2491009e-06,0.0,0.004967953576215952
p194_K,5.986449094258603e-07,25.10507892223763,6.125166334519593e-06,0.004132769134132244,5.2990976e-07,0.0,0.0010348560525554878
p194_N,0.002037272339063051,9.544764550465294,0.00016023105996817598,0.07522108800621327,1.0119058e-05,0.0,0.018847859531060565
p194_S,4.7111995386968855e-77,382.3494047912646,2.8393153301524457e-05,0.04052549997459478,2.5768826e-05,0.0,0.010144915488514745
p194_TEDRPCQ,0.6107992538813848,0.25910741150674316,0.0,0.0,0.0,0.0,0.0
p195_GAP,0.14770583324187714,2.0976701338396144,0.0,0.0,0.0,0.0,0.0
p195_N,3.275978004858621e-08,30.818152730672843,1.7227492543787736e-06,0.007922760755780111,0.0,0.0,0.0019811208762586224
p195_P,6.923233454491169e-23,99.81656067760072,3.31589234640167e-05,0.05933741628288534,6.859995e-06,0.0,0.014844358800389866
p195_S,1.9896424909137907e-60,291.0999659491461,3.804519753988545e-06,0.02635156626692974,8.7589154e-07,0.0,0.006589061669556978
p195_T,4.930377818136745e-230,1444.3875215097237,2.6670876826891168e-05,0.05456086448353381,3.782664e-07,0.0,0.013646978406691835
p196_E,5.13724206030861e-05,16.47989656295776,2.3250546697092062e-05,0.09033826873415338,4.921335e-06,2.5558139536525673e-05,0.022597999688833862
p196_G,2.8597212456602277e-16,68.2342454816933,7.795321400297416e-06,0.08412615069842382,9.46703e-08,0.0,0.021033510172530596
p196_K,2.5952459969996156e-231,1455.2265263169472,0.014205479137588557,0.12053613302758742,0.03224887,0.0,0.04174762042587079
p196_SHNAQMRLVF,0.07316193081868148,3.2145449503723205,0.00015290693570435267,0.12486082776186769,5.6456614e-05,0.0012167714443471886,0.031571740689080335
p196_T,4.440076853451191e-26,115.29735067884897,0.00012319041029039323,0.10451083161603536,0.0002173355,0.0013329847924625805,0.02654608558029314
p196_Y,4.419889952200712e-50,236.36450239321982,1.8163358413115141e-06,0.02479652274275337,1.4915772e-06,0.0,0.006199957663954326
p197_I,1.8628435483168847e-06,22.88892713205065,2.1689142090072634e-05,0.026836093020051795,9.506477e-06,0.0002844704617437648,0.006787939775221252
p197_P,2.0298331651344837e-84,424.10803250206266,2.060356116439992e-05,0.0040453088546380635,0.0,0.0,0.0010164781039506158
p197_QSALDENMG,0.0029977292747575997,8.833989269316517,0.00019764842911835308,0.001678451319241708,0.0072308667,0.0007179419428080107,0.0024562270978947284
p197_T,2.0453086775464495e-06,22.706955939448704,3.986743070231923e-06,0.08634796162404332,1.9647373e-06,0.0,0.021588478276101823
p197_V,4.528418698812871e-07,25.651480800784654,9.282688414292297e-06,0.11573671547707852,4.449385e-06,0.0,0.02893761188761321
p197_W,4.5864659777373585e-11,43.9091536609054,0.00019490754556998223,0.04966777929880369,0.0,0.0,0.012465671711093418
p197_Y,3.686269702967291e-182,1064.16144654364,0.0004057274812017028,0.03087757304928233,1.0263726e-06,0.0,0.007821081725774844
p198_F,5.462287040033482e-16,66.90823274467341,8.584360757790004e-05,0.1569915791695434,7.784905e-06,0.0,0.03927130192062841
p198_G,5.987912453158003e-84,421.41960196293616,6.264662214365816e-05,0.001925406974701256,0.0,0.0,0.0004970133992112286
p198_H,0.2922480464571601,1.1099158313986779,0.0,0.0,0.0,0.0,0.0
p198_K,2.97657947848307e-62,300.91648936208327,0.0001624167950849848,0.025166749294891693,5.417869e-06,0.0,0.006333645989752522
p198_N,4.006716616972768e-15,62.83368028318663,0.000658957025692491,0.0915597984911732,0.0005058276,0.0,0.023181145779250522
p198_R,2.023400544720215e-120,640.5752924497378,0.00014958145165444716,0.05223210600288002,8.000317e-06,0.0,0.01309742194298198
p198_SELYVTAPWQIM,0.17422999841038725,1.8476924145058462,0.0,0.0,0.0,0.0,0.0
p199_PHICDARK,0.15802287998387476,1.9947780448939978,0.0,0.0,0.0,0.0,0.0
p199_S,5.280775960990347e-119,631.6555997959971,0.00015737549882353396,0.06239795430620661,0.0,0.0,0.015638832451257537
p199_T,1.0051324130088066e-14,60.95747255891428,0.00020036986236397907,0.047120123560951944,0.00011434632,0.0002666397239578535,0.011925369867629395
p199_V,5.716215367071538e-91,461.94839242090103,2.2505513583485173e-05,0.02481730667448767,0.0,0.0,0.006209953047017789
p200_K,0.023846483943278256,5.114826917727324,0.00011492364344851896,0.010453966722861079,2.554886e-07,0.0,0.002642286463727635
p200_Q,1.566555491269204e-81,407.63873364183223,1.6538060892820595e-05,0.11808249107356905,0.0006675835,0.00040228912272707493,0.02979222543639563
p200_R,0.003525158588721564,8.537092156249964,6.173570403762277e-05,0.08652147266354426,0.0,0.0,0.021645802091895473
p200_TMILAVHDSFN,0.7117827453567109,0.136547864895492,0.0,0.0,0.0,0.0,0.0
p201_S,1.632004596608568e-256,1676.5955488679494,0.00018685442344713364,0.03164489831338236,2.1852268e-06,0.03957456620283901,0.01785212604161123
p201_TVIMPAFHCG,4.865356387219974e-06,21.022927513169336,0.0007792267806873257,0.05283332965754385,1.1737751e-05,0.0,0.013406073547374088
p201_Y,1.7482719009271356e-227,1422.8849839649847,2.426289904851476e-05,0.009595739887767414,0.0,0.0,0.0024050006967039823
p202_Y,0.0018959269024462105,9.677555125261867,0.0003541695038331139,0.12853875412179705,4.9221315e-05,0.0,0.03223553623511731
p203_L,4.631802068749844e-06,21.118347751969957,8.260607656003467e-05,0.0015414430267248753,4.768107e-06,2.872590822023847e-05,0.00041438577960605536
p203_M,2.6937663363780607e-78,389.3369498387604,3.847799179613347e-05,0.0024992340146159546,5.906077e-06,0.0,0.0006359045208903021
p203_T,1.4834869846459554e-273,1834.9752453753892,3.097420055071252e-05,0.005272295918733744,9.5439216e-05,0.0,0.0013496773338807259
p203_V,2.1047899275157746e-06,22.651145260522313,0.00013277130471109282,0.0025614794021338494,0.0,0.0,0.0006735626767112356
p204_I,1.0817307543664769e-131,712.7709147609448,8.327760621330865e-05,0.08392146919914821,1.431048e-05,0.0,0.021004764321304215
p204_L,1.399150151625771e-06,23.446782797410677,3.076887978593953e-05,0.09135360937080558,4.6912724e-06,0.0,0.02284726738073586
p204_M,0.6319363637303292,0.2295259757770635,0.0,0.0,0.0,0.0,0.0
p204_V,3.996554799908284e-11,44.185539812210436,8.144032788439366e-05,0.06548936107008238,8.673872e-07,0.0,0.016392917196291764
p204_W,8.97738002770942e-245,1571.6091022349897,3.772516761386895e-05,0.1374115698486322,2.8799992e-08,0.0,0.034362330954059446
p204_YGFQRKTHSNP,3.687487640556949e-08,30.584450289130384,9.821676934326459e-05,0.14536119192008423,2.4488358e-07,0.00014784827267591677,0.036401875461420874
p205_C,1.0801652448434874e-06,23.951627811931353,5.2170816520992235e-05,0.0052859337344698405,3.8021158e-06,0.0,0.0013354766666903752
p205_F,1.851449957008804e-273,1834.060492208162,0.0018426811283895812,0.030853055053811817,0.0,0.015036846447495462,0.011933145657424215
p205_ILSMDG,2.3666147069298526e-05,17.967136095616336,0.00037106851944990416,0.2062829659423001,0.0010852353,0.00021215204976429556,0.051987855445779295
p205_T,0.003663791587875387,8.466554409164095,0.00028975378777033124,0.13929313241088487,2.0427355e-05,0.0,0.03490082838833485
p205_V,1.635564199352896e-72,357.0188712826548,7.147487896626949e-05,0.03903362781219603,1.6315829e-06,0.0,0.009776683568516659
p205_Y,4.1959084402853947e-41,190.12013352959667,0.0,0.008277305004339567,4.4773205e-06,0.0,0.0020704455812210264
p206_L,3.3792594892332656e-47,221.38592809910747,0.0013254819353535952,0.16502198335043738,4.3946948e-05,8.259626007263778e-05,0.041618502123390584
p206_M,1.6238542606099158e-44,207.5618455087971,0.00018124515551064127,0.21015659661420014,0.0011274462,0.0,0.052866321989109885
p206_Y,1.4351141309507012e-32,147.2241777337413,0.0002911029262640491,0.09593672145687857,0.0,0.0005454819584644142,0.02419332658540176
p207_F,1.0338559573423206e-110,580.122021067895,0.12616236977035744,0.5577367744435875,0.016056145,0.07650233164499641,0.19411440511724717
p207_M,8.826495113364943e-75,369.63188834555143,1.823678126156604e-05,0.017962415366345956,0.0,4.272673522552993e-05,0.004505844720708263
p207_S,2.6106699767934855e-14,59.01337709571553,1.6949947899948444e-05,0.06330622954158509,3.5468574e-06,0.0,0.015831681586731865
p207_VLCTIGYW,0.2540901229349732,1.301543450341116,0.0,0.0,0.0,0.0,0.0
p208_FGAMW,0.7532756295226894,0.09883055990316345,0.0,0.0,0.0,0.0,0.0
p208_I,1.1827620147880201e-48,228.93418206150608,0.00017493998314081183,0.021263270665744023,3.028071e-06,8.592187268783348e-05,0.0053817901481376575
p208_L,0.03359232488467662,4.52257362107693,2.2035293591031916e-05,0.08476338344257695,2.2731108e-05,0.0,0.02120203746114244
p208_S,0.37299676117375924,0.7940700137358063,0.0,0.0,0.0,0.0,0.0
p208_T,0.034762694092174584,4.463863230550165,6.388481434144768e-05,0.0616973090330233,5.586244e-06,0.0,0.015441695022788074
p208_V,2.3114153609468084e-58,280.0510705241763,0.0002631312865121539,0.020857415208340828,4.7756967e-06,0.00010208945273627117,0.005306852911060403
p209_F,2.5493728710699847e-165,941.5892849926252,0.00018609742901871414,0.07929398760766135,7.4733915e-05,0.0,0.019888704737799117
p209_LAISMGY,0.09352388679975628,2.815764284310248,0.0,0.0,0.0,0.0,0.0
p209_T,3.401952414055478e-61,295.21976854896457,2.7668478357195065e-05,0.055703665675750795,0.0,0.0,0.013932833538526998
p209_V,4.120635068830327e-26,115.45533962607863,4.650386193300699e-05,0.02659257474943875,3.4167334e-07,0.0,0.006659855071178456
p209_W,0.24867912618011734,1.331610006822806,0.0,0.0,0.0,0.0,0.0
p210_C,6.614700267926948e-28,124.22225164438548,0.048038263789155905,0.08071364205980443,0.009639429,0.02576995401050954,0.04104032219699109
p210_H,7.124944666331639e-41,188.9506898646581,0.0,0.008277305004339567,4.4773205e-06,0.0,0.0020704455812210264
p210_S,1.302867290084214e-25,113.02124147666808,0.00010385555951506116,0.022546385999113523,6.555387e-08,0.0,0.0056625767781246185
p210_V,9.90706821978974e-13,51.63623855297974,0.00010934201482740564,0.12714705908367185,5.5489327e-06,0.0,0.03181548750779404
p211_F,1.4531331913441914e-54,259.890511360495,0.00015835441238029903,0.01142003143520834,0.00012940174,0.0,0.0029269468974009185
p211_Y,0.302977841554579,1.0616764155066163,0.0,0.0,0.0,0.0,0.0
p212_C,0.016706550643821646,5.738143887820207,0.00023115759637703197,0.001751680457797624,1.753025e-06,0.00036295204137076374,0.0005868857801372003
p212_F,1.2976034970861903e-48,228.7251251860989,0.0010552420158819198,0.03149366175648782,0.00016677081,0.0020560515838601245,0.008692931542292196
p212_G,0.04389582689763709,4.066537377767154,3.102192549500738e-05,0.03424631630031197,0.0,0.0,0.008569334556451744
p212_I,6.924223470245661e-11,43.08270687914988,6.085608620287292e-05,0.03710762895329527,2.0766156e-05,0.00015652343885859076,0.009336443658592321
p212_L,0.040531018496216875,4.201852211505897,3.132635474126642e-05,0.043210487747189885,3.0715175e-06,0.0,0.010811221404867755
p212_M,0.07614270715990946,3.149159821689563,4.7218670034631525e-05,0.06427546376821837,8.08066e-06,0.0,0.016082690774647353
p212_S,0.21518212592855285,1.5373465863432572,0.0,0.0,0.0,0.0,0.0
p212_T,1.546204737660142e-05,18.786854596810826,2.1970396700336207e-05,0.03095629074411032,1.6569858e-06,0.0,0.0077449795316460335
p212_V,5.7371256374211364e-12,48.090401104187336,0.00011252503634130235,0.014542030623654147,5.9157236e-07,0.0,0.003663786808088637
p213_I,2.315169030175175e-08,31.504215440975855,0.0003651401936861428,0.014730961946087334,1.116949e-06,0.0,0.003774304772184699
p213_L,6.113331598187546e-20,85.66882788398144,5.4906270665750764e-05,0.1847929696106866,5.658026e-05,0.0,0.046226114034935054
p213_MACGS,0.04420613787641332,4.054612363244601,4.646720968665429e-05,0.049819360388025466,4.3812318e-07,5.633589805440495e-05,0.012480650404736731
p213_T,7.667350552755477e-21,89.98473210269934,0.00011282829877684995,0.017040920200407587,5.4930464e-05,0.0001258959306229192,0.004333643723477503
p213_V,1.1297050542311865e-67,330.3625461821995,0.00010884402998204157,0.12838844723895942,3.035041e-05,0.0,0.032131910419575575
p215_L,0.08267470427036469,3.0150313677475995,0.00017812524539357867,0.016179663664080444,1.3924132e-06,0.0,0.00408979533066758
p215_M,2.919709570154507e-12,49.45274844472268,0.00025450334115633696,0.012095394057454597,1.0693289e-05,0.0,0.003090147671994895
p215_V,4.0380870228151816e-10,39.55310734066628,5.999475104475241e-05,0.0362296497829395,9.099486e-06,0.0,0.00907468600507251
p216_F,5.024060836189403e-14,57.68182689462366,7.06691328869404e-05,0.0721794466973087,2.23521e-06,0.0,0.018063087760074942
p216_G,0.0018315740494872555,9.74137837555357,0.00013045159965279645,0.057669078400788124,4.31468e-06,0.0001855494557982081,0.014497348534098405
p216_I,3.2280004085565716e-07,26.314874089988052,7.37771279801811e-05,0.01934606386849846,2.629476e-06,0.0,0.004855617618133995
p216_L,0.03583583164414524,4.411820616460916,0.00022605923192679228,0.05119814318332949,3.2856549e-06,0.000663420810214936,0.013022727220088846
p216_MCN,0.6399333160408894,0.21890685019912187,0.0,0.0,0.0,0.0,0.0
p216_S,1.5347542734031273e-103,536.4673237655362,0.00022569946813632698,0.11806648613430581,3.2699252e-06,0.00023589804046459875,0.029632838392020012
p216_T,0.7287592629064732,0.12029303673506264,0.0,0.0,0.0,0.0,0.0
p216_V,3.025794820089204e-06,21.945112188064186,3.879366020633825e-05,0.1709062944112592,6.3215502e-06,0.00032774367167055725,0.042819788323345286
p217_I,2.313245868899788e-46,217.06848568964003,0.001022155320571565,0.017325860937582677,1.1771967e-05,0.0,0.004589947056379898
p217_L,3.6244163295124903e-110,576.7762365021729,0.00023829195021278507,0.03234185969583221,9.689492e-05,0.0,0.008169261640780828
p217_T,0.2375172292692414,1.3962403483718349,0.0,0.0,0.0,0.0,0.0
p217_V,2.971792454444532e-25,111.27988197002655,4.9975999876427614e-05,0.040910619636621466,5.852492e-06,0.0,0.01024161203212323
p218_LFMTASP,0.0005949599460798146,11.835591739630908,0.0006249331354319169,0.12577729204689844,0.0,0.0,0.03160055629558259
p218_V,3.240812181356268e-05,17.36304823181382,5.059419606839093e-06,0.13231730344403736,8.74586e-07,0.0,0.0330808093624164
p219_F,7.793221788462438e-34,153.51799085328204,0.0001929530285894017,0.08140035847308262,1.4936355e-06,0.0,0.02039870128429871
p219_I,0.5136563856399577,0.4267881634096611,0.0,0.0,0.0,0.0,0.0
p219_SMLTYAG,0.0018275554009149024,9.745439111198843,0.0003041093127555103,0.04233506478373333,0.00012748207,0.0,0.010691664041099716
p219_V,3.60110474535497e-08,30.631261110188035,0.00016841859144625489,0.0044900101135837475,5.7183394e-07,0.0,0.0011647501347416623
p220_L,1.724090305012397e-80,401.72915260862067,6.666688024472858e-06,0.008730183971359343,0.0,0.0,0.002184212664845954
p220_VGITWSCRA,0.07491920926422531,3.1756592355476982,0.00012202545207533437,0.052256138411951134,5.8979083e-05,0.0,0.01310928573685801
p220_Y,0.31075179064962016,1.028082968980892,0.0,0.0,0.0,0.0,0.0
p221_F,5.091911343709423e-10,39.08998471936921,1.5527162923446776e-05,0.061893660411302155,0.0,0.0,0.0154772968935564
p221_S,6.760758921727096e-111,581.2560312954205,4.689708621875559e-05,0.005549321465202385,0.0002514239,0.0,0.0014619106097741922
p221_T,3.5339577442527835e-08,30.66843266614721,8.615923450303626e-06,0.05232431517518777,2.5646053e-05,0.0,0.01308964428802774
p221_YLAV,0.0001654538396858598,14.250397705794091,0.00029786809137325636,0.07867722807947898,3.6143965e-06,0.0,0.019744677641842803
p223_F,3.242244263862611e-14,58.572519846277444,0.0001158849320314525,0.14234203514553687,3.9665294e-05,0.0,0.035624396342898414
p223_G,7.983913195577566e-27,118.93190148932374,0.00014850866086349137,0.03245288197121335,9.433644e-08,0.0,0.008150371242129875
p223_L,1.644938040176794e-78,390.5437330190093,6.01519877866717e-05,0.0693972742437321,6.921375e-07,0.0,0.017364529592259405
p223_S,0.0,2520.0844825560753,0.7960685164024632,0.29496089325858477,0.29965153,1.0,0.5976702357565744
p223_W,1.2588905475732123e-08,32.70995745588965,6.543716351304396e-05,0.05289230527601097,1.7640615e-06,0.00014421124722153544,0.013275929437059941
p224_F,4.9511869418106366e-29,129.74626826108917,1.7204629744714224e-05,0.03262852012868881,0.0,0.0,0.008161431189608381
p224_K,0.10761760879594495,2.591562228671803,0.0,0.0,0.0,0.0,0.0
p224_N,0.018479735554140977,5.560660361978997,1.0513574118359584e-05,0.06336820654236085,3.384541e-05,0.0,0.015853141381201013
p224_Q,1.9386639132488606e-56,269.8150428020434,0.00011579820382086587,0.024701134698977344,7.622821e-05,0.0,0.006223290277458417
p224_R,8.731116404530228e-07,24.36721931577697,5.930742476850681e-05,0.029922546276112807,5.5517383e-05,0.0,0.007509342770935724
p224_S,1.2638193506220002e-08,32.70221768708371,3.909357796541532e-05,0.057675536275282324,1.2934726e-07,0.0,0.01442868980012605
p225_L,1.2935080031281805e-64,313.6934710415356,0.00010253478665643603,0.04360080107843099,0.0,0.0,0.010925833966271857
p225_V,9.886393774669081e-90,454.74574311820976,2.294119729777124e-08,0.007570588856048566,0.0,0.0,0.001892652949311466
p226_I,7.13187418112079e-12,47.651873702643336,0.00018884484613561497,0.035185733399026385,2.0724188e-07,0.0,0.00884369637176108
p226_L,3.950823321632874e-176,1019.6333460708596,4.1083746680018365e-05,0.07265322664534386,8.5774694e-08,0.0,0.018173599041679474
p226_V,9.368144163655742e-18,75.26091649893905,0.0021293196060941095,0.04643684982361862,4.939726e-06,0.0003690901701302448,0.012235049831420947
p226_W,1.401692917394233e-90,459.67931283226653,6.693827014916356e-07,0.02723332366968529,3.8187048e-07,0.0,0.0068085937307162826
p227_C,2.8427728372565433e-16,68.2464315563295,0.00010731975624417268,0.001269387246226248,1.7178897e-07,0.0,0.00034421969785981214
p227_F,9.764214117178724e-05,15.253323520340928,0.00014263834003526812,0.016461651304535987,0.0,0.0,0.004151072411142814
p227_G,1.401913887735141e-97,500.8189888828275,0.0005252036009626736,0.08029947615318127,9.015157e-06,0.00044664825319598134,0.020320085791096867
p227_I,0.001185059453759348,10.548724626749285,6.502312898698063e-05,0.021406416442828192,5.856475e-06,0.0,0.005369324011735562
p227_K,0.0002716654584735057,13.311331981954615,3.947468904834709e-05,0.16051658176710162,3.8991907e-08,0.0,0.04013902386201414
p227_L,1.9462849261911983e-69,340.0373610091117,5.193574547377208e-05,0.07720964526115758,2.8877046e-06,0.0,0.019316117177799814
p227_M,3.259516028376145e-08,30.828104161693552,0.0003425376598193572,0.09107827347262118,2.1531692e-07,0.0,0.022855256612339208
p227_Q,2.83441394190354e-23,101.68894641454388,6.568229165597845e-05,0.046298165206051296,1.6582617e-07,0.0,0.01159100333096813
p227_R,4.5425939883999054e-79,393.69535790800325,4.9038687081180064e-05,0.039663241093592976,7.1144865e-07,0.0,0.00992824780733087
p227_S,1.4878430816210862e-25,112.74075585347792,0.00011941739741949317,0.08230491382675593,1.7484055e-06,0.0002867115397329825,0.02067819779234021
p228_H,4.158904135667591e-25,110.57068639171266,0.00030876063075002425,0.15013558775273828,2.6371097e-05,0.0010767244599581781,0.037886860985159664
p228_K,0.06448943838339746,3.4223801021449884,5.3026584502647966e-05,0.049357480767706324,9.623775e-06,0.0,0.012355032781912382
p228_SQMVEYPRD,0.0009652154376225626,10.930839552770614,2.1699050597369315e-05,0.09928448271898715,3.4773122e-05,0.00011572963247258548,0.0248641711310204
p228_T,0.021502628433083214,5.29524762330695,0.0004679155475418058,0.022055779365385348,0.0,0.0,0.005630923728231789
p229_L,3.7537336782456e-310,2200.5163426861964,0.0404271108943819,0.09998214992563889,0.02395403,0.02172063540516194,0.04652098158787899
p229_V,1.3298872659109899e-47,223.48264198170293,5.445125982629814e-06,0.014347490340172218,3.4906172e-08,0.0,0.0035882425930817557
p230_FSVHQIMCYGWT,2.7381207034034934e-08,31.172516988566667,0.00019050589336046099,0.0758322626313356,9.435609e-06,0.0,0.01900805103346707
p230_K,8.940809987824419e-22,94.46523129461222,1.6618398626004644e-05,0.0413355436856826,1.233871e-07,0.0,0.010338071367851176
p230_R,3.3435207259089016e-32,145.40117287010958,0.0003845951323912787,0.08806741606724873,2.3645165e-07,4.951787689362442e-05,0.022125441382047084
p231_E,2.257665667550727e-26,116.72903964369404,6.9362596944873104e-06,0.14124736411074634,0.0,0.0,0.03531357509261021
p231_L,3.0910168359055654e-05,17.453913550698452,3.095140075553897e-07,0.06390185529428227,1.4386625e-07,0.0,0.01597557716863374
p231_M,0.8302108569801078,0.045994682671976594,0.0,0.0,0.0,0.0,0.0
p231_SNTVDKQHRCIG,1.205710968232056e-05,19.26675672155378,0.0002397517714101875,0.019466493970200564,3.189383e-05,0.0,0.004934534892689114
p232_H,0.2235062020427148,1.4827844824361944,0.0,0.0,0.0,0.0,0.0
p232_V,2.3607647543571344e-37,171.14217538533342,1.2463328279341401e-05,0.040418859125165775,3.0053948e-07,0.0,0.010107905748232048
p233_E,0.2823663377351775,1.1563889889395504,0.0,0.0,0.0,0.0,0.0
p234_K,8.225543888923949e-20,85.05290817828967,8.325517389624447e-05,0.002991482507403726,5.9809844e-07,0.0,0.0007688339449345755
p234_MQDSTNLEH,4.272729475516114e-14,58.011175454452065,7.781512257243255e-05,0.056385382322407,0.0011091742,0.0,0.014393092916217716
p234_R,0.6749325964699349,0.17594635557911384,0.0,0.0,0.0,0.0,0.0
p235_M,0.0538877840144557,3.7212659658262646,0.00017959384781188079,0.1058981264687209,0.00079228176,0.0,0.02671750051922532
p235_Q,0.10620279669923825,2.612572894554643,0.0,0.0,0.0,0.0,0.0
p235_SPTNGERIVLY,3.2729268542032187e-06,21.79253967462418,0.0006563814130982544,0.030545384650975446,0.0037590056,0.0,0.008740192909180138
p236_M,1.5661457062165113e-27,122.38961393498447,2.7433053323818295e-05,0.013286756400296503,0.0,0.0,0.00332854736340508
p236_Q,0.26145321548595735,1.2618741750732925,0.0,0.0,0.0,0.0,0.0
p237_EGPSLTVM,0.28351439079795715,1.1508844698229814,0.0,0.0,0.0,0.0,0.0
p237_K,9.172791148380909e-76,375.1246451028422,3.4706777580453005e-05,0.08641099011442925,1.6645452e-05,0.0,0.021615585585997063
p237_Q,2.9612426955825427e-22,96.77434152396937,4.303235416657481e-05,0.10044404299403935,0.0,0.0,0.02512176883705148
p237_R,0.019432710477140853,5.472413940899894,0.000202261822327491,0.03652439147151183,0.00046200393,0.0,0.009297164304797222
p238_E,0.03170331076356713,4.622000530215421,0.00017496288422175026,0.12299846419155669,0.00045995435,0.0,0.030908345355518937
p238_QASRKNG,0.05737705139685992,3.6164652768613563,0.0003562970972992215,0.05332797508107869,0.0,0.0,0.013421068044594479
p239_N,2.7073405587204708e-17,73.07571367905327,2.6863066877280488e-05,0.021760172668408323,0.0,0.0,0.005446758933821401
p239_S,2.4530581869767964e-07,26.85346087371656,3.258507794904793e-05,0.0902676423547507,0.0,0.0002208416909097885,0.022630267280902384
p240_DVSRNGTH,0.7833314178314705,0.07563775314888901,0.0,0.0,0.0,0.0,0.0
p240_E,1.2844928669892462e-147,818.5655502442726,5.238781004634911e-05,0.07221859740461105,0.00011092205,7.99765894894573e-05,0.018115470962683664
p240_K,0.5510411225151293,0.35559527174635025,0.0,0.0,0.0,0.0,0.0
p240_Q,1.471738410104451e-23,103.06448589744922,1.5710455980485517e-07,0.07313123613255353,0.0,0.0,0.018282848309278333
p241_D,0.8697279809718453,0.02690533904047557,0.0,0.0,0.0,0.0,0.0
p241_QNKGEMVHL,0.04618231788505745,3.980680023369686,6.484712613679156e-05,0.014150221659346414,6.422117e-05,0.0,0.003569822488151305
p241_S,3.1666168366096217e-32,145.51828435988145,9.452711374455024e-05,0.0462651452804031,0.0005530957,0.0,0.01172819202685136
p241_T,2.6723794314066577e-39,180.96568730243314,9.825133559115476e-05,0.01529979562279425,6.431163e-07,0.0,0.0038496725186770667
p242_KQNSDGCVEMLR,0.0010387535025493375,10.793994866638123,3.7141481867141074e-05,0.019024434444577524,8.386678e-07,0.0,0.004765603648561634
p242_T,0.14183226194199228,2.159946829701103,0.0,0.0,0.0,0.0,0.0
p243_G,0.6246509309418943,0.23947078285116571,0.0,0.0,0.0,0.0,0.0
p243_K,0.11395364157029919,2.501055861303121,0.0,0.0,0.0,0.0,0.0
p243_N,5.83909379309439e-12,48.054892832525766,0.00012362287466409573,0.1272179963195519,0.0,9.63362906615498e-05,0.031859488871219394
p243_Q,0.09308951223471641,2.8232495313979986,0.0,0.0,0.0,0.0,0.0
p244_R,2.8887861888660802e-09,35.63127648652732,4.412028157622879e-07,0.05114144129397638,0.0,0.0,0.012785470624198035
p244_S,0.05404783738332278,3.716303018713587,5.857761430223927e-05,0.09719045844419526,0.0,0.0,0.024312259014624374
p245_V,0.07244035743517971,3.2308036665640074,6.394783740387704e-05,0.0216087506183907,2.732178e-05,0.0,0.0054250050587663955
p247_I,3.8304167605817453e-17,72.36194443794712,2.2911845161036108e-05,0.018027883528757522,0.00016934378,0.0,0.004555034788661188
p247_K,4.069062720671447e-68,332.7907757811465,2.813819355859598e-05,0.006416220926938823,1.2293796e-05,0.0,0.001614163229203593
p247_R,3.2096851434277483e-72,355.3961070080017,8.59600896354361e-05,0.023612008924896885,1.6054791e-07,0.0,0.005924532390611266
p247_VLGFMAQTHE,0.20535527474933044,1.6050858824637568,0.0,0.0,0.0,0.0,0.0
p248_K,7.90188918408503e-21,89.92200457000074,1.0543721046305683e-05,0.040226581976468584,8.578253e-08,0.0,0.010059302870011548
p248_R,5.586062215669027e-12,48.14418539302819,3.248797529948911e-06,0.08419673722375254,0.0,0.0,0.02104999650532062
p249_L,4.463724369430167e-29,129.96751106156617,1.8613540740651647e-06,0.11163127421314577,0.0,0.0,0.02790828389180496
p249_V,0.3464463572237979,0.8869165583016829,0.0,0.0,0.0,0.0,0.0
p250_S,1.9209260235672344e-121,647.0350110294567,6.507965749907182e-05,0.04681848308562629,0.0,0.0,0.011720890685781341
p250_T,4.864125369509722e-79,393.5277393923176,6.553084575512233e-05,0.0286291020009539,0.0,0.0,0.007173658211677256
p251_K,0.4297703371686469,0.6237380046506109,0.0,0.0,0.0,0.0,0.0
p251_R,2.1055399225008988e-07,27.15338410762887,9.817493862197047e-05,0.09812648966266166,2.7096064e-07,0.0,0.024556233890481054
p252_ILTSC,0.00039395002190395647,12.610266130374683,6.523203250821005e-05,0.16824423706454994,7.687789e-06,0.00016341242953316686,0.042120142328807474
p252_M,0.08822791992895201,2.909712155963133,0.0,0.0,0.0,0.0,0.0
p252_V,3.751066755479795e-12,48.9472030031906,8.689771189499746e-06,0.039684107542982766,0.0,0.0,0.009923199328543067
p253_C,4.708019935300326e-09,34.66068207806879,0.00011675695449351024,0.011152208376130578,0.0,0.0,0.002817241332656022
p253_V,2.2635464135689196e-06,22.509605471745356,1.0789112652897091e-05,0.014650848461871056,2.2997947e-06,0.0,0.0036659843423027714
p254_I,0.8552427137977376,0.03329188698534323,0.0,0.0,0.0,0.0,0.0
p254_L,3.663749809701602e-13,53.64970140389607,5.562986112027958e-05,0.17072095787703737,1.0501506e-05,0.0,0.04269677231104938
p254_V,7.87148142624873e-07,24.56975768966102,0.00026685356009962044,0.04851505912166474,1.8873023e-06,0.0,0.012195949996027692
p255_I,6.252891115374743e-14,57.23709728353869,2.5883097738310503e-05,0.019646135772769878,5.8500427e-06,0.0,0.0049194672283084965
p255_L,5.573132998660774e-10,38.90969305268363,3.9563841856415634e-05,0.03881448055891996,5.9789895e-06,0.0,0.009715005847574187
p255_M,3.245976653334335e-21,91.77529873552731,3.748865990080923e-05,0.10762858998145966,3.4295272e-06,0.0,0.026917377042132345
p255_T,1.0360317073639228e-15,65.59794643802445,7.173824659352435e-06,0.006479586845979531,0.0,0.0,0.0016216901676597208
p255_V,6.872156614786185e-33,148.8128892171159,5.969478914283102e-05,0.016951306455923406,6.30021e-06,0.0,0.0042543253637319
p256_M,0.03447735099102334,4.4779844185971065,9.978282560785205e-05,0.10371728899565653,1.942664e-06,0.0,0.025954753621337274
p256_T,3.3252400743230083e-31,140.4597098151768,5.3025964208769625e-05,0.028390477201791598,5.823871e-07,0.0,0.007111021388272064
p256_VNFLSADCEGKHPQWY,0.028833873326587208,4.7855290955348035,0.00022539378351282081,0.10584192189656502,1.0296582e-05,1.8973022732089048e-05,0.026524146321285393
p257_F,0.4788971785581476,0.5015922735024729,0.0,0.0,0.0,0.0,0.0
p257_I,3.3465552570849023e-93,474.9987266442955,0.0012056360112949682,0.09997536548283688,7.6765464e-05,0.003235607177909185,0.026123343533946682
p257_V,8.268441064357613e-29,128.6520128632098,9.677273060279839e-06,0.1130209311879399,2.8959758e-07,0.0,0.02825772451464497
p258_F,0.664432190858801,0.18824915851097615,0.0,0.0,0.0,0.0,0.0
p258_G,1.8847737133699944e-234,1481.991625168906,0.0012963455698132484,0.0474393667105841,0.00018319777,0.0,0.012229727512986411
p258_I,2.957804671739809e-24,106.43728683024231,6.072915753550843e-05,0.013982892071579461,9.724424e-06,0.0,0.0035133364132193014
p258_L,3.162627501904322e-12,49.29147025757152,0.00037654971697729877,0.009695614994863454,2.3537774e-05,0.0,0.002523925621413585
p258_M,0.2700708514802019,1.2171702910385054,0.0,0.0,0.0,0.0,0.0
p258_S,1.3306392056511688e-25,112.97667661491178,0.00041508014231295896,0.1932379822681124,0.0,0.002331749993815098,0.048996203101060114
p258_V,4.814501475992065e-09,34.61626797140676,6.334755525697536e-05,0.05164069984974194,2.340812e-05,0.0,0.01293186388122145
p259_G,0.005585547013637447,7.698764358307375,0.0017168527122779676,0.024601872516536318,1.4472731e-07,0.0,0.006579717489030883
p259_ITFCQMVN,0.0005018304930048571,12.155063939301908,0.00037521232614393053,0.1096345843587519,1.9157744e-06,0.0,0.027502928114828733
p259_L,0.5533567729680693,0.3514757564801499,0.0,0.0,0.0,0.0,0.0
p259_S,8.142453564755512e-170,973.7728228466535,0.0014678398007500941,0.0493745569064592,1.3412035e-06,0.0,0.012710934477684495
p260_W,8.33758863323824e-29,128.63424831822508,0.0002129017370072298,0.07651992918182529,0.0,0.0,0.01918320772970813
p260_Y,5.331690111636768e-51,241.1611770658636,0.00378739883706832,0.4155107176007096,0.0002044909,0.004853386537097084,0.10608899847000924
p261_F,1.6972384752184751e-22,97.93877837140917,0.00021465239048729174,0.11623207527215768,0.0,0.0,0.02911168191566124
p261_IMTA,0.38983510257951204,0.7398299074365162,0.0,0.0,0.0,0.0,0.0
p261_L,1.1237605677470692e-21,93.98788829406635,0.005819876543430447,0.04051696300104642,0.007070442,0.0040095776099028655,0.01435421483759037
p261_V,3.638367905690866e-31,140.26640881643175,0.001964086290713731,0.05162659092550236,0.0,0.0,0.013397669304054022
p262_C,0.10571062581866289,2.619954010269112,0.0,0.0,0.0,0.0,0.0
p262_F,7.644327514601001e-29,128.8194320540451,2.947143191627363e-05,0.041408963526308615,1.8154773e-06,0.00048093438086924323,0.01048029620409255
p262_I,3.6595228303782945e-15,63.01873244855575,0.00016952053296566278,0.025308513097983817,0.00026192167,0.0,0.006434988824843671
p262_L,6.9459193138528685e-102,526.5079083713708,0.0006205605762343489,0.09967319121229112,5.763935e-05,0.0004924334571400556,0.025210956149020417
p262_M,1.3162087133579173e-19,84.07780496453319,0.0003691441703308496,0.014631368317103028,2.6594927e-07,0.0,0.003750194609175455
p262_V,7.909690019913208e-11,42.81588970359394,0.00022281952961597683,0.06772153698520995,0.00010414629,0.0,0.017012125701014413
p263_C,7.031867373826335e-07,24.79026202878185,0.00023520800810379136,0.01508780872748568,1.2957939e-07,0.0,0.003830786578745061
p263_S,3.356995297359021e-20,86.91366049718128,0.000727016091375512,0.06666557395320616,0.0,0.0,0.01684814751114542
p264_Y,4.19158453227e-313,2231.592359415048,0.005737045269826532,0.17799797459721303,0.0002451546,0.02646031890019731,0.052610123342422495
p265_L,4.6565250751317e-07,25.59684650878138,0.00014021371523572067,0.014781621665212612,1.4786731e-05,0.0,0.003734155527936822
p265_MASCI,0.032847797437217434,4.561046326975735,2.1534093154929338e-05,0.004892980720098796,5.9794602e-05,0.0,0.001243577353773132
p265_T,0.0011976172848324974,10.529122095468422,0.00018996217776552098,0.0528999817968516,2.2434947e-06,0.0,0.013273046867327118
p265_V,2.4501242016845474e-80,400.8646159995629,7.389145723694338e-05,0.03929041544471864,8.644444e-06,0.0,0.00984323783655855
p268_G,3.840100086727459e-18,77.09993658813968,7.907811740206096e-06,0.027570312831931704,0.0,0.0,0.006894555160917978
p268_L,1.0396272446390197e-28,128.16359975877222,4.238790106983943e-05,0.039117558144683894,0.0,0.0,0.009789986511438434
p268_T,5.508735662664227e-65,315.70633576860246,0.007659967802526423,0.4615616462302671,0.00021548243,0.01083457036995851,0.1200679167087868
p269_F,9.380812627964946e-64,309.02922908527626,6.665006172781847e-05,0.06652938237308618,1.7296761e-05,0.0,0.016653332298989344
p269_G,7.850714771997116e-11,42.83089464343996,9.101078066597152e-06,0.03865650099112465,2.0397449e-05,0.0,0.00967149987946767
p269_I,0.038248002680895496,4.300567043782261,0.000540875959722816,0.15875636181422548,0.00020011683,0.0004694025053088267,0.03999168927788302
p269_LMYCK,0.4509680891198379,0.5684763606862231,0.0,0.0,0.0,0.0,0.0
p269_S,2.7881605286904572e-08,31.136724825661776,0.00032022816324149523,0.004815085112017716,6.7911984e-05,0.00042509567305990914,0.001407080233063105
p269_T,0.000356131135765323,12.80040055596748,0.00011017768184972661,0.061334690205059994,1.8218223e-05,0.0,0.015365771527471537
p269_V,0.7805073862431579,0.0776745178957336,0.0,0.0,0.0,0.0,0.0
p270_I,9.859714349935808e-25,108.75062352751557,0.00013625122338388368,0.06210782717987915,0.0,0.0,0.015561019600815759
p270_L,7.596838809546771e-144,793.0983819361821,6.106536657513365e-05,0.00473249978904947,0.0,1.4297589238813731e-05,0.0012019656862158545
p270_M,4.7072060921556584e-63,305.2400562991622,3.411923056867617e-05,0.18838390127963808,7.507809e-07,0.0,0.04710469282277283
p270_T,0.4526779985821918,0.5641939234800798,0.0,0.0,0.0,0.0,0.0
p270_V,4.379866120587751e-16,67.36060775290387,0.0009633550629521279,0.13015260049548055,0.0002339313,0.0,0.032837471716324666
p271_GCVRID,0.6678086812348467,0.18423941524907067,0.0,0.0,0.0,0.0,0.0
p271_N,3.0066320985837838e-30,135.7365110794519,6.455704506506001e-08,0.08728524352734594,1.19152126e-07,0.0,0.02182135680912935
p271_S,8.499196295104042e-07,24.419819568878562,9.792599204054923e-05,0.0392331404183866,1.6816696e-06,0.0,0.009833187020000132
p271_T,0.4890861528856898,0.47874160003220734,0.0,0.0,0.0,0.0,0.0
p272_C,1.9421594036380278e-88,447.246870984828,2.0085225607016215e-08,0.036613927416903176,8.186523e-05,0.0,0.009173953183874489
p272_F,4.283964191062591e-27,120.2526188035057,2.2077967949520137e-05,0.10822703998927498,3.4864445e-07,0.0,0.02706236665041823
p272_G,7.510687561387706e-07,24.661470031515744,1.3690683707748285e-05,0.058134397203962324,8.837295e-08,0.0,0.01453704406515498
p272_IVQT,0.4316406248193204,0.6186956760919602,0.0,0.0,0.0,0.0,0.0
p272_L,2.3288959847854504e-36,166.1451054013097,0.04802321164415608,0.13033259783563889,3.171848e-08,0.0,0.04458896029956837
p272_M,1.2262524696424092e-238,1518.042583476768,5.22541858651821e-05,0.1057313450879539,0.0007864064,0.0,0.026642501417327574
p272_W,6.5259724189633786e-12,47.830764238830554,2.183737876172814e-05,0.018921444025767623,0.0,0.0,0.004735820351132338
p272_Y,1.5483544103151835e-09,36.872290035166884,1.1030707897745803e-05,0.16605707082658294,0.00013596207,0.00045076535319822826,0.04166370723830526
p273_F,9.170775469059829e-90,454.93529679629955,1.1218313792893244e-05,0.019271552463608115,3.2744472e-06,0.0,0.0048215113061454914
p273_I,3.676140093200631e-35,160.14054599044806,9.358475395248793e-05,0.1474037845897984,8.728036e-06,0.0009376945798603335,0.03711094798988697
p273_T,1.7575375611733517e-10,41.216511765603784,5.300409148792085e-06,0.07131177137536303,0.0,0.0,0.017829267946127957
p273_W,0.2042009691319384,1.6132940694064628,0.0,0.0,0.0,0.0,0.0
p273_Y,3.3204237393347346e-59,284.55215448175875,1.2909676719679194e-05,0.015250221378921062,6.543951e-06,0.0,0.0038174187516110507
p274_FLSYETNC,3.61946614895492e-10,39.771778463768,0.0002554425021549838,0.1485167624610211,3.0398822e-05,0.0,0.037200650946234974
p274_G,0.24302824884169388,1.3638776565177189,0.0,0.0,0.0,0.0,0.0
p274_I,4.147534132536182e-34,154.8836984525648,0.0014314936853205274,0.07999208202053983,4.6663024e-07,0.0,0.020356010584025145
p274_M,6.741728560405975e-246,1581.5214161644337,0.002339235206611513,0.03270288851115182,0.0,0.0,0.008760530929440834
p274_V,2.269974448623675e-06,22.504086675639478,3.6663568277653632e-06,0.007558936548526581,1.3776574e-06,0.0,0.0018909951406987295
p275_F,3.892155517651039e-42,195.38090414890107,0.005997137529263584,0.06241163974978202,0.0,0.0,0.0171021943197614
p275_I,9.582049214683238e-21,89.52070883902559,4.131050553643235e-05,0.08601535326810622,4.7490303e-07,0.0,0.021514284669168778
p275_TLMSCQNGW,0.07779599551532959,3.1140706169255497,0.00021819960694783507,0.0373887653743632,2.6263333e-05,0.0,0.009408307078573744
p275_V,2.8919501948246015e-218,1346.35528654772,0.0026372541725195025,0.04570190863769908,1.681823e-05,0.0,0.012088995260181154
p276_C,0.00410371574199845,8.259479369898843,2.8437553522580336e-05,0.05776320231572124,9.645748e-08,0.0,0.014447934081680124
p276_F,0.37600967664430474,0.7841134549715945,0.0,0.0,0.0,0.0,0.0
p276_L,1.1646562343288368e-08,32.864084410356966,7.101526656910645e-05,0.019000545814051095,1.4634526e-06,0.0,0.0047682561332992755
p276_MYVQIWH,0.7954736669110495,0.0672103445190692,0.0,0.0,0.0,0.0,0.0
p276_N,5.330461931484379e-250,1617.9379029910458,0.00020796153792038502,0.011766173889079742,0.0,0.0,0.0029935338567500316
p276_S,0.048518073819573855,3.8974835633779277,4.3823995513793305e-07,0.007838926980275407,1.728185e-06,0.0,0.0019602733513070796
p276_T,3.333855023164936e-13,53.84087525967088,0.00016159614243467185,0.00044637729323467897,2.9866763e-07,0.0,0.00015206802582466141
p277_GAP,7.666739291764995e-27,119.01786745409876,0.00024517296124901153,0.0018764101303295427,0.0,0.0,0.0005303957728946386
p277_H,1.749730967522649e-14,59.82801344099267,6.937827507311028e-05,0.019292534664794386,5.344695e-05,0.0,0.0048538399726955755
p277_N,8.888492241556452e-09,33.39969494222601,6.304224482787429e-05,0.04015810491135407,2.7858547e-07,0.0,0.010055356435414158
p277_STADFRYE,0.004402693229364563,8.131277542662794,5.022326534941849e-05,0.008262107188696721,0.0,0.0,0.0020780826135115347
p278_E,3.591547609277368e-07,26.10564277577716,5.425924543817906e-05,0.015535308316515072,1.3067192e-05,0.0,0.003900658688591454
p278_K,8.683992881477028e-14,56.56984980508348,0.00019712462187729471,0.024080546076479303,5.8746402e-05,0.0,0.006084104275068913
p278_NTSAYGHLMWF,2.3805903519909544e-06,22.411500094528222,0.0010745279867836787,0.19776166334221096,1.7165587e-05,0.0,0.04971333922888404
p278_P,7.824365435302034e-80,398.0108467587173,9.307882112312197e-06,0.08823147967009085,0.0,0.0,0.02206019688805079
p278_Q,3.79845227472029e-24,105.9110094261397,2.7976090442567302e-05,0.016734143189523383,0.0,0.0002150208767748403,0.004244285039185197
p278_R,7.542370668021989e-226,1409.17446194481,0.01497074111538475,0.07476226211276328,0.0063290424,0.04790439788662635,0.035991610871534206
p279_G,2.4082952411851168e-164,934.6585279322411,1.1060329244865625e-05,0.04503217389097786,1.8886274e-07,0.0,0.011260855770741266
p279_N,3.9174093190982415e-174,1005.0497347644506,0.00018107479729336618,0.024201997808656187,1.854516e-05,0.0,0.0061004044417013546
p279_Q,9.416506220930809e-20,84.77236008167762,1.1862558281404456e-05,0.1502090750474738,0.0,0.0,0.0375552344014388
p279_R,0.7739672839012687,0.08250369320052614,0.0,0.0,0.0,0.0,0.0
p279_SKEFLPIAHVMW,0.0017913558247740291,9.782431503282755,5.392414956864392e-05,0.03786534957124891,0.00011749543,0.0,0.00950919228781909
p279_T,1.131028639522657e-16,70.13724058718857,1.857879277292157e-05,0.14382463285142477,3.3330032e-06,0.00013711992776792116,0.035995916143785986
p280_E,0.0024780257616156287,9.183808706633743,8.370675461432586e-05,0.056344741433867564,0.0,0.0,0.014107112047120472
p280_H,7.77949139107617e-253,1643.3482055855561,2.976061693967013e-06,0.07468495864584564,7.940466e-07,0.0,0.018672182188541792
p280_Q,9.109712870706937e-09,33.35095668226959,3.329995640491119e-05,0.14766561763133845,0.0,2.069985716314079e-05,0.036929904361226625
p280_S,4.432409849300538e-15,62.62756610093044,0.00010026540427000413,0.1191746048401965,1.2627495e-07,0.0,0.02981874912985536
p280_T,0.018547714490620922,5.5542112090832205,6.69715796722056e-05,0.012419780549590526,3.475148e-07,0.0,0.0031217749110154726
p280_VMDRGNIPFLK,0.747251514775267,0.10388839025755373,0.0,0.0,0.0,0.0,0.0
p280_Y,1.5667750809020992e-93,476.9320410610286,0.0,0.024873214768994296,0.0,0.0,0.006218303692248574
p281_D,7.909488148480921e-13,52.091710694566984,6.58909359556251e-05,0.028647735472297983,2.3188904e-06,0.0,0.007178986324672875
p281_E,1.3180216425843757e-06,23.563280479899245,5.6599905890343694e-05,0.03155790309168349,1.4599592e-06,0.0001771239176249372,0.007948271718601631
p281_G,2.201096592560903e-230,1447.3526770025476,0.00016997081862867467,0.08051893262993172,0.0,0.0,0.020172225862140097
p281_IKMWCRYHVFQ,1.5047796228560066e-06,23.304875402819675,0.0006685101224743391,0.02968714065502185,0.000101507656,1.6310904071644162e-05,0.007618367334373703
p281_L,3.1403382169610465e-29,130.71838294300497,0.0010835501816907431,0.03372042886207534,0.00020807366,7.184736682798185e-05,0.008770975017511203
p281_N,0.0003580747532205377,12.79014210924859,0.0001482031384060012,0.013147340316656137,2.9177577e-06,0.0,0.0033246153031864004
p281_P,0.00012141972916242176,14.838359594889964,1.7358476887826272e-05,0.08087542243295391,2.1551937e-06,0.0,0.020223734025877873
p281_S,1.0375310647126779e-07,28.54487760006884,4.208836645581262e-05,0.051466037172988116,0.00020912469,0.0,0.01292931255638099
p281_T,1.8660176574684385e-08,31.93081426158433,4.8532158536013956e-05,0.049452971752158556,3.1138093e-06,0.0,0.01237615442999136
p282_I,0.0001449888576219388,14.501099365390562,7.541147678773482e-05,0.07286933223441606,1.276668e-07,0.0,0.018236217844499567
p282_L,3.3208499136770794e-214,1313.244386600157,8.914128625867401e-05,0.04685003927574035,2.7099244e-07,0.0,0.011734862888610878
p282_V,0.01741864250748288,5.6646320001257315,7.765941125645102e-05,0.17235652921010988,4.839037e-07,0.00016851957895767594,0.043150798026007166
p283_G,4.358532430540188e-24,105.6217130208559,1.3743500777928928e-05,0.031688255850174735,1.3383836e-05,0.0,0.007928845796668534
p283_H,4.656717668011542e-90,456.6457487908847,5.212926283338114e-06,0.02870465004877312,0.0,0.0,0.007177465743764115
p283_S,3.8426904111584983e-22,96.22953779767342,0.0002956209155253938,0.016739599112046432,1.24518365e-05,0.0,0.004261917966013656
p283_T,0.04492650351028599,4.0272658947025635,0.0001677771624431643,0.04066642873839095,0.0,0.0,0.010208551475208529
p284_L,1.1132099126313875e-258,1696.3288775756964,3.040223575044911e-06,0.06404703474790413,0.0,0.0,0.016012518742869793
p284_P,7.804939222598508e-147,813.2533572799651,2.1549258247885038e-05,0.0397302655969649,0.0,0.0,0.009937953713803196
p284_YVTM,7.223257552886804e-09,33.81110310076327,1.4944151715766483e-06,0.013172041259402238,9.342355e-06,0.0,0.0032957195074040696
p285_I,2.4589813683340904e-15,63.830776499042805,1.2606046976883188e-05,0.053495836882979944,6.919527e-06,0.0,0.013378840614263034
p285_L,1.377682478198093e-147,818.3591455690495,0.09877977604650318,0.09239552972499773,0.5581483,0.047339679472841734,0.19916582743348404
p285_QMFWHYKA,0.1723746052020933,1.8637181592204386,0.0,0.0,0.0,0.0,0.0
p285_R,3.85968954e-316,2263.8068947163238,0.12494357835457286,0.14787526130952547,0.29008618,0.05959442023164246,0.1556248599668589
p285_T,0.013277808427178399,6.144430426810908,0.000122874391216119,0.0759649426723221,0.00022021946,0.00016540956591904976,0.01911836152215228
p285_V,3.873349389210326e-07,25.95759731094684,6.422543036913421e-05,0.005756268270462104,9.161352e-06,0.0,0.001457413763196407
p286_F,1.1584960680478118e-22,98.73819123177583,7.350759644626961e-05,0.03745191939671274,0.00011455876,5.602101704429422e-05,0.009424001692395392
p286_GNYICR,7.029646412438215e-06,20.309845110527778,9.900947902841257e-05,0.06700082778898728,3.5639896e-05,0.00020060870870497414,0.01683402146816545
p286_L,2.095799010743497e-232,1464.5194120791657,4.9386319911208396e-05,0.022513526878668207,2.4191693e-06,0.0,0.00564133309196419
p286_M,5.245142808624653e-21,90.77536874982758,9.460503304595997e-06,0.005581440548565217,4.691713e-06,0.00010421634300652728,0.0014249522769696108
p286_S,0.02296552681155455,5.180388733544176,3.6777174553297045e-05,0.032179369858363026,2.1432213e-06,0.0,0.008054572563556298
p286_T,4.906569404598429e-12,48.405650140312666,1.1508308175100065e-05,0.022900273933663912,0.0,3.995093526978649e-05,0.0057379332942772
p286_V,0.047339943786925694,3.9389052823586383,0.00027138691012640017,0.1632801166650317,2.055695e-06,0.0012673824528299609,0.04120523543073436
p287_M,2.281849229357036e-31,141.26876932412705,0.00028893378186212876,0.07760552229811898,0.0,0.0,0.019473614019995276
p287_S,0.60960266604479,0.26084940928539585,0.0,0.0,0.0,0.0,0.0
p287_T,0.1921939357929428,1.7020537629938342,0.0,0.0,0.0,0.0,0.0
p287_V,7.98239865490599e-299,2083.5241237671817,2.5220481043662432e-06,0.02305491638103481,0.0,0.0,0.005764359607284794
p288_I,3.266260789820159e-30,135.55909946356965,1.0695461405623954e-05,0.03887382613266551,0.0,0.0,0.009721130398517784
p288_M,7.524277240591882e-29,128.85320098133286,0.00039663838184106706,0.1352783724716469,0.0,0.0,0.03391875271337199
p288_S,0.004589361785295428,8.055658103676079,4.4711911846831406e-05,0.06823179099559289,1.1714479e-06,0.0,0.017069418588843484
p288_T,7.85088125987646e-63,304.0399129270256,0.00010061329705406327,0.03545083130532773,8.3051034e-08,0.0,0.008887881913354071
p289_L,5.842742266350573e-64,310.1428333759469,0.00014719471512417387,0.062210049467235115,9.0775146e-05,0.0,0.015612004831967025
p289_MACFS,8.575005650413674e-13,51.928281786478074,1.4005124195784991e-05,0.02623765813308019,0.0001580704,0.0,0.00660243341368071
p289_V,0.0052230548397917504,7.820511973707247,5.313059502592195e-05,0.05594464441946872,2.2655313e-06,0.0,0.014000010136446969
p289_W,7.681930218559839e-32,143.6100825294131,0.000357355063636228,0.1436263533939569,0.0,0.0,0.035995927114398286
p290_P,1.3508634394163365e-28,127.60523456898008,0.00019612181028813021,0.11186593181284554,0.0,0.0,0.02801551340578342
p291_S,2.1993788975668554e-05,18.10812523459933,0.007491639815590418,0.47217380404619064,0.0001841638,0.004194282880308296,0.12101097263563253
p292_F,6.867312288087232e-17,71.16195596907325,0.0001520587615702752,0.021095756039193475,1.1040611e-06,0.0,0.005312229715462021
p292_IMTK,0.21271857797063676,1.5539787051570975,0.0,0.0,0.0,0.0,0.0
p292_L,0.3635529057743757,0.8260206643497009,0.0,0.0,0.0,0.0,0.0
p292_V,0.00777183254961206,7.101973043769551,0.0006547849802306586,0.20855952773989408,0.0027940709,0.0007609449674577654,0.05319233213885102
p292_Y,9.200378938902817e-70,341.8273600257779,0.0005499441301962426,0.027064277941697135,7.267402e-07,0.0,0.006903737203026125
p293_CTIVMYS,8.687917541530447e-07,24.376909834104936,2.27710932097367e-05,0.02946023218558387,4.948106e-07,0.0,0.007370874522346527
p293_F,5.820584731696932e-20,85.77069480770837,0.0009498278659409162,0.22800410873179125,1.8213834e-07,0.0,0.057238529684017145
p293_L,0.0015608871175407024,10.037363840871766,4.0845957291063645e-05,0.022789929759385385,2.4015214e-06,0.0,0.00570829430952965
p294_C,2.689195319945066e-32,145.87039930356903,0.006634481027964937,0.32550827653669434,8.08863e-06,0.015361832302287,0.08687816962429619
p294_S,3.906207056630754e-208,1264.4041980857683,0.00605212670893977,0.10658937436327598,6.780599e-05,0.0,0.028177326764999632
p296_IGLFVMC,7.530409776015191e-08,29.176033979779724,9.41500957476921e-05,0.060165718236719,1.9996869e-05,0.00017175422227027172,0.015112904855937739
p296_S,0.0030356678591871547,8.810920927974768,0.0005508184332437116,0.03792517105495992,9.976705e-05,0.0,0.009643939134654611
p296_T,0.0002991183767606452,13.12950206887887,6.386614139186088e-05,0.007658300965024554,6.9922676e-06,0.0016253247373864898,0.002338621027843741
p297_N,1.072697673614454e-31,142.89169052234487,0.0005290681493343752,0.056991274849358044,0.0,0.0,0.014380085749673104
p297_S,1.8015870326242796e-30,136.83395375592966,0.000650283548889978,0.049046655409348425,3.4100233e-06,0.0,0.012425087245380204
p297_V,2.5288886064361298e-27,121.37167167121062,1.2620028591521296e-05,0.023634373934583085,4.8429814e-07,0.0,0.005911869565328938
p298_C,6.237980924887478e-296,2054.210161421521,0.0005622521614773791,0.004623681032348513,1.7994658e-06,0.0,0.0012969331649187773
p298_S,1.1443634184000861e-06,23.83893753518863,0.0016529163490485122,0.1005589010273122,0.00011526855,0.006295356207316768,0.02715561053363722
p298_T,8.363342973994571e-45,209.04239901741786,2.7681633228583912e-05,0.021080812279659075,0.0,0.0,0.005277123478221914
p299_I,1.18238237448154e-97,501.2578375665509,3.9361002053936216e-05,0.08959665857627255,3.841845e-07,0.0,0.02240910094070379
p299_L,2.639046503075686e-13,54.31452523840747,2.096538574194732e-05,0.055504526033603646,0.0,0.0,0.013881372854836399
p299_V,2.2266883686594087e-81,406.7712744665733,0.00034360707436509183,0.0013652365795637199,1.7300186e-05,0.0,0.0004315359600573073
p300_I,2.0031472792810692e-13,54.873518931693646,4.8609389451722175e-05,0.017918063661338,0.0,0.0,0.0044916682626974305
p300_L,6.130394627801631e-09,34.13659386210909,3.133926919040332e-07,0.0578497913413615,5.0357452e-05,0.0,0.014475115546508991
p300_Y,2.591875430420704e-13,54.3510858559748,0.00011855874143344011,0.038477521284016436,0.0,0.0,0.009649020006362469
p301_N,9.311377882332039e-29,128.39863787922923,0.002278651681881059,0.13020386706181164,3.8122328e-06,0.0,0.03312158274411377
p303_L,0.1259309263094172,2.344235367251976,0.0,0.0,0.0,0.0,0.0
p303_M,0.0027137076868133107,9.016741931609687,1.0806377943328973e-05,0.004625016462492246,2.775237e-06,0.0,0.001159649519335853
p303_V,3.4749641945929674e-40,185.45548737071914,0.00026730964909150274,0.015520560464608316,5.6067993e-06,0.0016284121672733986,0.00435547227006263
p303_W,5.9332450407227794e-08,29.64590904168936,6.052658361394667e-05,0.0259828159816247,1.9427682e-05,0.0,0.006515692561750605
p303_YFCA,1.387673812664219e-20,88.75017747824809,0.0004458921300615701,0.013877077922682371,2.4624644e-06,0.0,0.003581358129288081
p304_V,0.35968768820999797,0.8394315413877733,0.0,0.0,0.0,0.0,0.0
p306_C,5.869217335562266e-174,1003.770792236902,6.4886705663407e-05,0.00805324041868842,6.114345e-05,0.0,0.002044817643988739
p306_G,2.8346847096076603e-24,106.52675398175859,0.00023525795592110023,0.059190761203849286,0.0,0.0,0.014856504789942597
p306_I,4.973380576538658e-22,95.69043773645444,2.8681647467711324e-05,0.020947536170276147,5.7110316e-07,0.0,0.005244197230225378
p306_S,3.7076430874110774e-28,125.45427741015142,3.6482477244241e-05,0.020466071230484717,1.3322226e-05,0.0,0.005128968983342459
p306_V,9.674419221565601e-61,292.780852240472,3.896917139949891e-05,0.04360651833360391,1.5930496e-05,0.0,0.010915354500344476
p307_F,3.0649979105843298e-37,170.5715459301092,0.00019028815872898912,0.11516982131507779,1.7655784e-06,0.0,0.028840468763056116
p307_I,0.053806155214293355,3.7238031399845846,8.068061805321526e-05,0.05398371955685987,9.5942504e-08,0.0,0.0135161240293542
p307_L,0.004983195283567031,7.905909331069992,7.95329395027188e-05,0.03366174276693335,0.0,0.0,0.008435318926609018
p307_M,3.0818107853549644e-08,30.938856705881662,3.0498323928322447e-05,0.03191572352270702,1.5760419e-06,1.7388060250177853e-06,0.007987384173635563
p307_V,0.0005575135796701395,11.957521882790779,6.9195406285166155e-06,0.03998429497160532,9.1657476e-08,0.0,0.009997826542427528
p308_L,0.04549729662350791,4.005923653883693,3.1141763571475375e-05,0.08488204668806971,2.0569985e-05,9.687595458080037e-06,0.02123586150809515
p308_M,0.007982663884987425,7.053810276458379,2.4562889614463817e-05,0.01252824361536082,3.678684e-05,0.0,0.0031473983366237315
p309_N,0.7917582063096018,0.06973253458201636,0.0,0.0,0.0,0.0,0.0
p310_P,0.7460380809017715,0.10492404463986425,0.0,0.0,0.0,0.0,0.0
p310_R,4.92114959142813e-86,433.3778840377996,6.172640461234727e-06,0.10719953551198327,7.598093e-07,0.0,0.026801616990442326
p311_Q,0.3185720168465773,0.995376525824949,0.0,0.0,0.0,0.0,0.0
p311_R,3.1909959631455926e-06,21.84180028982301,1.5170317418591737e-05,0.07676500528576422,4.517761e-06,0.0,0.019196173341102313
p312_Y,0.49873581730013716,0.4578191925353293,0.0,0.0,0.0,0.0,0.0
p313_R,9.957211444540464e-08,28.625847532832193,0.000979248278085862,0.01777063822151538,3.604258e-05,0.0,0.004696482269944638
p314_G,3.5943687073402027e-11,44.39851703764717,4.437232788408862e-05,0.05044277603071492,1.6790313e-05,0.0,0.012625984667813919
p314_GAP,0.15269681118765902,2.0469108266242015,0.0,0.0,0.0,0.0,0.0
p314_H,1.3679715465002765e-07,28.000883478837114,1.2724184632641939e-06,0.07607717688271091,8.764684e-07,0.0,0.019019831442391343
p314_N,6.366875593871088e-112,587.5741416346427,4.679722615907903e-05,0.04276716031114119,3.5175908e-05,0.0001093477566145625,0.010739620300509727
p314_S,1.5028805732331496e-05,18.841654227616694,9.533047323173072e-06,0.08446272942517666,3.1056284e-06,0.0,0.021118842025216467
p314_T,1.8766490300422495e-10,41.08527662304788,2.8676245177581804e-05,0.02446951308090554,0.00010988577,0.0,0.006152018773601931
p315_GAP,0.15269681118767758,2.0469108266241425,0.0,0.0,0.0,0.0,0.0
p316_E,4.6095372622998383e-29,129.89889192451756,0.002090557637293933,0.12880773206413268,8.46642e-07,0.00044315373497725446,0.032835572519606976
p316_I,5.603565591943445e-35,159.2249446763559,0.00033130080917906097,0.0013948525457660808,2.9328996e-05,0.0,0.00043887058770604567
p316_M,1.1887643204405037e-31,142.67070297438673,0.00021524075898012048,0.02119397597671449,0.0,1.6512034908834467e-05,0.005356432192650862
p317_L,0.01804979215641578,5.6020258792259545,0.0002861490208315366,0.04764163190405543,0.00011834582,0.0,0.012011531686860961
p317_M,1.8060210397226104e-50,238.3927646272013,0.0001521901023098041,0.050746733661646684,1.7574615e-07,0.0,0.012724774877527085
p317_V,5.2277049483470145e-05,16.44648502337587,0.0003998699053571535,0.03302510050828404,0.00019143448,0.00028595533298003944,0.00847559005558273
p318_E,2.246306690858984e-252,1639.208610467808,0.00017243383432509785,0.01708492346748631,0.0,0.0,0.004314339325452852
p318_K,2.0670246189500156e-06,22.68639338673876,1.865513187177508e-05,0.007562127890360408,0.0,0.0,0.0018951957555580457
p318_NGHVFMRID,0.0001422186892848015,14.537750337591048,1.8250316097220745e-05,0.05429010046898242,1.696912e-05,0.0,0.01358132997609867
p318_Q,1.2418305128548611e-21,93.77935673462885,4.5459025548104566e-05,0.12702240399863754,3.9881834e-06,0.0,0.03176796280189141
p318_S,2.9239420675548337e-05,17.560640541263822,1.3065497348243004e-05,0.0010227614183627328,5.758648e-07,0.0,0.00025910069513203517
p318_T,1.7510476326082303e-32,146.79514205272443,7.371493860112254e-05,0.10588706445417467,0.0005218749,0.0,0.02662066358028927
p318_Y,7.186114319306451e-23,99.73847335135687,8.420183536247712e-05,0.06507626784958609,0.0015506012,0.0,0.016677767724546926
p319_CFGIYKDVR,7.577421300278321e-05,15.736926693279456,0.00019977197160409032,0.010327564791800579,0.0,0.0,0.0026318341908511673
p319_L,1.3958918945858e-60,291.9259956718681,3.0384031006657697e-05,0.015198910111718712,3.437984e-06,0.0,0.003808183031707693
p319_M,4.622798286243396e-57,273.12213056974593,0.00044059922921286723,0.041842878148426264,5.0960853e-08,0.0,0.01057088208462311
p319_S,4.841331377642111e-19,81.37963101220569,8.780997282833533e-06,0.06856781606038215,5.243732e-08,0.0,0.01714416237374587
p319_T,0.000319199141893919,13.006868119775797,0.00021639300786855764,0.06118212320107426,3.2174075e-08,0.0,0.015349637095754444
p319_W,2.1119705075464572e-20,87.87678028055545,8.449565299429447e-05,0.036256291184634415,0.0,0.0,0.009085196709407177
p320_I,7.778129726616349e-08,29.112262179618302,2.5468922264834524e-05,0.04664617816148577,2.85017e-07,0.0,0.011667983025186375
p320_L,2.2889130396141223e-21,92.50362833809199,5.0910743888717944e-05,0.0663250938791468,3.3481158e-06,0.0,0.016594838184708142
p320_M,0.009902497560243795,6.667157656246882,0.00031370860731510673,0.03762934962164981,4.6180458e-07,0.0,0.009485880008384984
p320_V,6.237401829015794e-260,1707.7828144133175,3.139173905281838e-05,0.026709947497895545,2.1221547e-06,0.0,0.006685865347907864
p321_C,2.151945773510755e-22,97.44208583975116,3.867204620370788e-05,0.0005028087775010986,0.0,0.0,0.00013537020592620163
p321_F,0.165537445313494,1.9245318491320211,0.0,0.0,0.0,0.0,0.0
p321_G,0.0002512154016748389,13.459267127512566,7.824252094791118e-06,0.10778659246068437,1.4559635e-07,0.0,0.0269486405772812
p321_GAP,4.418337216052955e-14,57.94303443810034,5.429593949455693e-06,0.006032899121714962,2.2682092e-05,0.0,0.0015152527019396866
p321_QVSEKLTIRNDH,0.0806331343520464,3.0556878361496453,0.0004099465145012399,0.04491502040179018,7.076377e-05,0.0001867576082477854,0.011395622072738889
p322_FLGNTRDK,7.395947761118182e-24,104.50996901704626,0.0038252559069060768,0.1937748898236284,0.0048124124,0.006522225235265182,0.052233695848850153
p322_GAP,4.884106073433754e-97,497.60541550320175,8.625306211167251e-05,0.18594613062371762,0.00084240315,0.0,0.04671869671016238
p322_I,5.2460405727999885e-18,76.45633476256045,1.5430499257381723e-05,0.13037866581785387,6.060674e-05,0.0,0.03261367576442524
p322_M,0.0020000600996306966,9.578795569120054,2.940230586481339e-05,0.017205119249368857,0.0,0.0,0.004308630388808418
p322_V,0.7338107143913228,0.11567883978962493,0.0,0.0,0.0,0.0,0.0
p323_GAP,0.005087001480891189,7.86844742113713,1.8099644715298577e-05,0.13262002972089693,8.2787494e-07,0.0,0.03315973931013854
p323_K,0.007580251176083948,7.146912484643576,2.546600184749905e-06,0.11519702410878481,1.0661712e-07,0.0,0.02879991933152295
p323_Q,2.4356418916454925e-06,22.36701965104656,2.6111804804137336e-05,0.013466822669829041,3.4500136e-08,0.0,0.003373242243692315
p323_R,2.428738220954465e-32,146.0899291458525,0.00015838453236719988,0.0457643451621102,2.7294545e-08,0.0,0.011480689247255671
p323_SNHAVCTDP,0.0004989309138851447,12.165949015805959,0.0005032266848288271,0.008404248483838334,0.0023021358,6.252901145960311e-05,0.002818034996664369
p324_G,0.10377869641427871,2.6492961279087925,0.0,0.0,0.0,0.0,0.0
p324_GAP,0.006164196940657569,7.520216252282428,1.9589551265105143e-05,0.05630951886889037,7.168845e-05,0.0,0.014100199218368274
p324_K,0.7185404169158183,0.1299381197853772,0.0,0.0,0.0,0.0,0.0
p324_M,1.9224238235896506e-07,27.332090772646325,6.593046481135659e-06,0.04566876696412116,0.0,0.0,0.011418840002650574
p324_PSNTVCDAQIY,6.244787523768315e-09,34.09990420087994,8.845553942557256e-05,0.06135437140492572,0.000114749986,0.0,0.015389394232611896
p324_R,4.0502505075564524e-08,30.399185213583625,0.00019129436304675146,0.16459604562294722,1.3515811e-05,0.0006451162436668231,0.041361493010084856
p325_GAP,6.809567093601355e-21,90.23175313065589,0.0002895366885533252,0.18261953992997165,8.06572e-08,0.003277132750909383,0.04654657250665904
p325_KEDAQVTRL,0.03594798319516378,4.40647618560062,0.00037286789779992087,0.18934720863060328,8.259098e-05,0.0011916356159250348,0.047748575781341396
p325_N,1.1330748134000418e-26,118.1896627438152,4.587495405741842e-06,0.02262542340944645,0.0,0.0,0.005657502726213048
p325_P,3.764771956677193e-05,17.07547497018573,1.4767499183907048e-05,0.0002123223979596875,1.16717065e-05,0.0,5.969040090800219e-05
p325_S,0.35335552994440034,0.8618359468545604,0.0,0.0,0.0,0.0,0.0
p326_GAP,4.199264949768948e-43,200.32114625337235,0.00018153468739415252,0.0017789230512007793,0.0,0.0,0.000490114434648733
p326_KASDTLQNRH,1.9667815101235215e-15,64.28718078745733,1.4664013824813567e-05,0.030619334842802198,1.07591095e-05,0.0,0.007661189491531806
p326_P,1.039324210871969e-34,157.88402358844797,0.00020002557826046357,0.03720838631741823,0.0,0.0,0.009352102973919673
p327_GAP,3.8686642615495276e-33,150.0535615932312,2.450594376396007e-05,0.007957171612151696,2.7119488e-06,0.0,0.001996097376181294
p327_L,1.4169418278311288e-10,41.64775580317713,4.099822386878481e-05,0.009731485364446638,1.4176622e-06,0.0,0.002443475312640643
p327_M,2.61062095621109e-172,991.794767051796,2.703147606035678e-05,0.11588326117559769,3.8463663e-06,0.0,0.028978534754495983
p328_E,6.451059514907437e-10,38.6177116021102,0.00015738823480505315,0.04009783907594722,9.0547263e-07,0.0,0.010064033195846063
p328_G,1.2282707753145804e-08,32.75873166423206,6.601819307670438e-06,0.009035763062017746,8.244339e-07,0.0,0.002260797328812747
p328_GAP,1.2746583358739755e-148,825.3833790293525,0.00033048284256822623,0.15150888925655392,4.3856644e-06,0.0,0.03796093944087978
p328_K,9.215706338490075e-72,352.8599367571851,6.576837069228359e-06,0.052845114902681026,0.0,0.0,0.013212922934937563
p328_V,1.1707105067786963e-06,23.794515546967975,4.288112825623844e-06,0.016533532845832748,4.320709e-07,0.0,0.00413456325738736
p329_D,3.9654268310999233e-07,25.91155928048077,5.987122846670864e-05,0.028951153796843394,3.195518e-06,0.0,0.007253555135839402
p329_E,1.240386293769337e-07,28.193461579701612,3.53893491595152e-05,0.05657256859159943,8.7979515e-06,0.0,0.014154188973070454
p329_GAP,0.2790596636826042,1.1724028362576269,0.0,0.0,0.0,0.0,0.0
p329_S,1.7409015817036616e-86,435.9748312771221,0.00022869068001363214,0.05363255872276124,1.2091168e-05,0.0,0.013468335142737056
p329_T,3.1603285891293757e-58,279.32639281475144,9.480196177755974e-05,0.007909124162513307,2.9448063e-05,0.0,0.002008343546894571
p329_V,1.1243296607970661e-83,419.8554425269031,5.455717050077875e-06,0.08858503724742907,0.0,0.0,0.022147623241119786
p330_E,0.0002501825463647776,13.467057823077564,7.150414248339032e-05,0.0366174649525889,4.4234358e-07,0.0,0.009172352859662293
p330_P,0.038296817005457444,4.298392309311921,4.7367883591417755e-05,0.07303724973761477,0.0,0.0,0.018271154405301547
p330_SAQNTVKGYR,2.455634051997298e-07,26.851400892342,8.17080284914704e-05,0.11557611363914141,2.8250723e-08,6.374525735694106e-05,0.02893039879392812
p331_E,0.0024012138799511863,9.241767013471252,0.00025750571717944945,0.03653423581555057,2.8275274e-05,0.0,0.009205004201559371
p331_SATNVLGH,0.00030304596981380077,13.10487504012748,4.922524615084438e-05,0.1037432338533092,3.135454e-06,0.0,0.02594889863839199
p332_D,0.22244872062215773,1.4895801093928052,0.0,0.0,0.0,0.0,0.0
p332_E,0.00011282986675284139,14.977983180268904,5.749105110112612e-05,0.0354060767601483,7.837522e-07,0.0,0.008866087890869246
p332_G,8.413076295494426e-72,353.0789203525753,0.00013909679978313535,0.08148912771484552,2.6640794e-06,7.583392141938082e-05,0.02042668062885573
p332_GAP,7.525086156979839e-08,29.17742745058638,3.783066007688125e-05,0.02256127705606025,8.2765655e-06,0.0,0.005651846070408078
p332_N,1.1651675642637653e-05,19.332800272315804,4.715160798398373e-05,0.08625044261662941,1.4299118e-07,0.0,0.021574434303949182
p332_S,1.4488426596554311e-161,915.0065432393222,0.0003550849903647318,0.09610970376076915,5.234833e-05,0.00015036858912041823,0.02416687641721577
p332_T,0.4017209409254122,0.7035167691282832,0.0,0.0,0.0,0.0,0.0
p332_V,0.00499536386809505,7.901476911771167,0.0003379757290346415,0.07578065734345711,1.7448976e-06,0.00011771508827167246,0.019059523264602116
p333_D,1.5345146595802959e-156,879.8454990659252,6.899524623021439e-05,0.007804697416416211,1.1925054e-05,0.0,0.0019714044292673677
p333_E,5.359075099927254e-21,90.73060822179755,0.00014059580906309775,0.09073450102793966,4.3317472e-05,0.0,0.022729603577216616
p333_GAP,5.989178631447699e-08,29.62740739267408,8.809175324829334e-05,0.04330835373871261,8.349571e-05,0.0,0.01086998530048695
p333_KGQNLMYIR,0.1904529483704532,1.7154619397113418,0.0,0.0,0.0,0.0,0.0
p333_S,3.454291554279692e-57,273.7950009430696,0.000518985611347028,0.028443316489434805,0.00011200865,0.0,0.007268577688357913
p333_T,1.2301872441088094e-05,19.2279581796286,2.308173770708873e-05,0.02857369807895935,5.547698e-07,0.0,0.00714933364662324
p333_V,0.11016075512026353,2.554547547115184,0.0,0.0,0.0,0.0,0.0
p334_E,6.96248510009716e-91,461.4492471173979,2.0936167007609864e-06,0.009533068447098749,9.575599e-08,0.0,0.002383814454948217
p334_GAP,0.005328474212201148,7.784237748949054,9.492305210061423e-05,0.05208646977990525,1.3407529e-05,1.2856045176801265e-05,0.013051914101537651
p334_MLIRDQNPKG,1.550526949936301e-09,36.869497718539044,0.00011508554855929438,0.01889472156876547,1.8219187e-05,0.0,0.0047570065760913945
p334_S,0.0084183342464605,6.958282203004881,0.00018579711086941353,0.05191015116732128,1.1231673e-06,0.0,0.013024267861371244
p334_T,1.436864833752718e-07,27.904260754352794,5.3679408768151705e-05,0.03706089015088117,5.0034436e-07,0.0,0.009278767476001372
p334_V,1.8273611768611438e-211,1291.09681607076,0.0008734930051108766,0.1616030490772631,0.00046063153,9.520676418464937e-05,0.040758095095195755
p335_G,0.4161567214967571,0.6614619710348663,0.0,0.0,0.0,0.0,0.0
p335_GAP,3.639368117412219e-13,53.66322846859591,0.0001355250634991146,0.05523240685671581,1.03055164e-07,0.0,0.01384200874384483
p335_L,7.399222745587813e-54,256.1617536249673,2.244321741174826e-06,0.042983142995732686,0.0,0.0,0.010746346829368465
p335_S,1.0399999507384425e-126,680.5863885148597,0.0008317621142641438,0.03464140009179286,0.00014940524,0.0009626533215461707,0.009146305192212146
p335_T,0.15588549356857545,2.015455905454571,0.0,0.0,0.0,0.0,0.0
p335_V,3.2133543028299226e-25,111.11494495523189,1.314362693698787e-05,0.014673906677859418,7.3274487e-07,0.0,0.00367194576241552
p336_GAP,1.8232573897748228e-43,202.17560464997263,0.00015419056072224222,0.052037368162344645,1.7225764e-06,0.0,0.013048320324859553
p336_QANPMEDIL,0.0013317456146824255,10.33185950998047,0.00017972097915312728,0.07074237373002382,4.2976193e-05,0.0,0.017741267725562188
p336_S,2.6533136281069663e-35,160.8490758012095,6.726333998571998e-05,0.04294131711258922,5.8028887e-05,0.0,0.010766652334892962
p336_T,4.041095082380958e-14,58.124520913209636,0.0005973157783322205,0.06245743635509237,0.0003167637,0.0004996518115383358,0.015967791912284982
p336_V,2.394162820744744e-13,54.51194591089759,2.135873795751154e-05,0.049802850009904615,1.09413595e-05,0.00040593121127601074,0.012560270329660915
p337_G,0.003454050467036356,8.57437620209117,4.613382851720289e-06,0.03176895087835937,1.0885688e-06,0.0,0.007943663207490669
p337_GAP,0.11152304449591699,2.5351045922265265,0.0,0.0,0.0,0.0,0.0
p337_S,7.225590542711496e-08,29.25745732112158,0.00019539116693626765,0.035055347001474,4.1367616e-06,0.0,0.008813718732506992
p337_T,3.169342850454739e-05,17.4058620389403,4.995638232846315e-05,0.00044873306255623324,2.4378382e-06,0.0,0.00012528182078310292
p337_VQNKRHEIDP,0.003091396083213334,8.777561950581017,0.00011670993263292981,0.10056194925981327,7.979513e-06,0.0003582035202679096,0.025261210556354066
p338_GAP,3.1176667990224006e-17,72.7853982959877,0.0014348568324070565,0.0545309614160136,5.919153e-05,0.0,0.014006252444718658
p338_GNDRPK,0.46124014062488017,0.5431268347729451,0.0,0.0,0.0,0.0,0.0
p338_Q,0.08550181509693584,2.9604882767384564,0.0,0.0,0.0,0.0,0.0
p338_S,0.20810793798162242,1.5857298989407613,0.0,0.0,0.0,0.0,0.0
p338_T,4.482710022146983e-09,34.75807733895672,0.0002724875664816268,0.004188637049025554,1.5368648e-06,0.0,0.0011156653700840893
p338_V,2.1108135296614049e-07,27.148471607409043,6.744082908808125e-05,0.033849410704519405,1.476101e-06,0.0,0.008479581908660222
p339_G,6.343759885922759e-11,43.258311496300536,3.8611370881912665e-05,0.07621369865472112,1.2785232e-06,0.0,0.01906339713720081
p339_GAP,0.012927150429617848,6.191951948874076,0.000999145218517154,0.053100066166209874,0.0017074173,0.0,0.01395165717326998
p339_Q,4.81291481422077e-242,1547.6721631694138,1.272648482343952e-06,0.036710027219415804,6.3220054e-06,0.0,0.009179405468336323
p339_S,1.1102121745296213e-124,667.6079490559463,3.9352937861984903e-05,0.011882322319936394,5.791445e-06,0.0,0.002981866675672509
p339_T,0.09338516909847444,2.818150582133021,0.0,0.0,0.0,0.0,0.0
p340_GAP,0.00013812672659254543,14.593227546763561,0.00016708670221828717,0.021480470021596847,2.776346e-06,4.154159684270333e-05,0.005422968666673616
p340_K,6.602661966199491e-05,15.99993190459266,0.00011060732785764174,0.12416765813743999,3.1354416e-06,0.0,0.031070350226724996
p340_R,0.0002646801058530501,13.360561315212664,4.638744334371576e-05,0.09512287932289237,8.982824e-05,0.0,0.02381477375101727
p340_SNQEPHGMD,1.1074907546527233e-06,23.902861344736422,0.0002615365762810575,0.0010916818805534474,7.3496262e-06,0.0,0.00034014202076619615
p340_T,0.002219405397730868,9.386817051974852,3.3736539909591146e-05,0.05249140300453384,2.5103204e-06,0.0,0.01313191246621785
p340_V,8.422556257019571e-05,15.535137848958504,2.991234257602582e-06,0.10697723762700262,6.957037e-07,0.0,0.026745231141241162
p341_SVMAKQPGNLIEH,2.27067758679113e-08,31.542585892587226,0.0002837599046134742,0.11761532184129193,9.1454734e-07,0.0,0.02947499907331204
p341_T,0.755272763256726,0.09718437192874668,0.0,0.0,0.0,0.0,0.0
p342_E,6.523994441099071e-05,16.022837071364016,3.778153252699591e-05,0.07869571541923315,1.782911e-05,0.0,0.019687831515495084
p342_GAP,0.32983336203198166,0.9500897268157745,0.0,0.0,0.0,0.0,0.0
p342_Q,0.00045018659142773506,12.359170597130777,1.2745134700900544e-05,0.027604123377554926,5.8111976e-07,6.161034959988351e-05,0.006919764995404894
p343_GAP,2.3872180130257923e-10,40.6038376225957,6.0180597821387e-06,0.07674837958776357,0.00010823171,0.0,0.01921565733946849
p343_T,0.25983800735111556,1.2704569589896524,0.0,0.0,0.0,0.0,0.0
p343_V,8.375473779619245e-28,123.72022517953937,0.00010454667798761344,0.0682184807212622,0.0,0.0,0.017080756849812452
p344_E,5.540437160874588e-20,85.87310060362734,5.2160139169712906e-05,0.02652800366902172,0.00012400433,0.0,0.006676042035746215
p344_GAP,9.360169195131221e-20,84.78480906796462,0.00010371918183422708,0.014394125347847012,1.51477525e-05,0.0,0.0036282480705433946
p344_P,2.1172123563352082e-10,40.84394079334912,2.4390434654021937e-05,0.0024247684618167176,0.0,0.0,0.0006122897241176849
p344_S,1.7003155224958996e-19,83.54694688664655,4.318036473146621e-05,0.05532162196800491,0.0,0.0,0.013841200583184093
p345_GAP,3.7750685316098035e-17,72.39187571085559,0.00012369479280937152,0.06433129536072489,0.00012503596,0.0,0.016145006529313492
p345_K,6.123169443936649e-10,38.72181802150368,4.98179277055067e-05,0.010930198735710684,6.427791e-05,0.0,0.0027610736439329093
p345_S,0.8488720075276786,0.03632322645995828,0.0,0.0,0.0,0.0,0.0
p345_T,3.9202881817547645e-37,170.0337464255793,0.0002474733869324645,0.07072053956668205,1.9302617e-05,2.3334918902561468e-05,0.017752662622416104
p346_GAP,2.320329812274727e-31,141.2328301770642,2.2537554124144337e-05,0.020506750894669842,5.4597017e-06,0.0,0.005133687037622738
p346_V,4.974958126808128e-28,124.82842089901668,0.0002094072513759155,0.05803630598256247,7.814121e-06,0.0,0.014563381838757255
p347_GAP,1.0695619101932812e-68,335.9725718319117,0.0001847507573903349,0.02360620576953078,1.0069172e-05,0.0,0.005950256424799383
p347_P,2.294339751663805e-18,78.16313367906956,3.014322169209337e-05,0.052808867521393986,2.1362516e-06,0.0,0.013210286748677419
p347_S,6.587188268149094e-94,479.1414773933248,8.201619568521519e-05,0.061500710766931754,3.98203e-05,0.0,0.015405636815910827
p348_GAP,1.3706727562653975e-34,157.2836717824681,0.00019884598393597714,0.041141087187964616,1.316026e-06,0.0,0.010335312299471862
p348_NQPGEIDKVRL,7.61263460067553e-10,38.28737217038209,0.0004327495932461504,0.026317792501677567,4.380527e-05,0.0,0.006698586841293942
p348_S,7.664239085475253e-88,443.79870409215437,0.00012818707691148327,0.10015368435737572,1.0231764e-05,0.00010501221948965166,0.02509927885433265
p348_T,1.9665905084234747e-09,36.39625250181855,3.538022320032703e-05,0.11165601003291883,2.0480341e-07,0.0,0.027922898764883124
p349_GAP,0.1116070503949097,2.5339142107038084,0.0,0.0,0.0,0.0,0.0
p349_S,0.8047304030069836,0.06114139730573054,0.0,0.0,0.0,0.0,0.0
p349_TLEKPNGVCQDR,0.13113381116356285,2.281202070881428,0.0,0.0,0.0,0.0,0.0
p350_GAP,0.22578479955964992,1.468271841171223,0.0,0.0,0.0,0.0,0.0
p350_K,4.7108576547170944e-29,129.85247887411612,9.478788205522274e-05,0.15289536313145338,3.9475037e-07,0.0,0.03824763644097036
p350_Q,3.514666641267977e-38,175.3108525960462,5.594637396981489e-05,0.03310294368838996,2.5412388e-07,0.0,0.008289786046558873
p350_S,2.4603725670971664e-83,417.9128039418441,1.230359178568073e-05,0.06267187240625602,3.8107853e-06,0.0,0.01567199669583581
p351_GAP,0.12219503562965678,2.3913107582727036,0.0,0.0,0.0,0.0,0.0
p351_V,0.6425216913309575,0.2155353683256072,0.0,0.0,0.0,0.0,0.0
p352_G,2.4037660436219853e-46,216.98243274270132,0.00031096247166531474,0.050426202261000766,3.8380622e-05,0.0004055137980295053,0.012795264788135181
p352_GAP,0.273857992920857,1.1980842240060878,0.0,0.0,0.0,0.0,0.0
p352_S,0.8249087644694304,0.04896022933808418,0.0,0.0,0.0,0.0,0.0
p353_P,0.03124728877996285,4.6469308275657415,4.273151041631416e-05,0.12617662810123415,3.174417e-06,2.5555379213756007e-05,0.03156202235198813
p354_ENKTQGLV,1.1665628046368983e-14,60.65390429134481,0.00023094467858892045,0.03032710290837109,2.221686e-06,0.0,0.007640067318219478
p354_GAP,0.031247288779981307,4.646930827564847,4.273151041631416e-05,0.12617662810123415,3.174417e-06,2.5555379213756007e-05,0.03156202235198813
p354_H,1.8190633762958691e-31,141.7559604293343,1.5264155655387222e-05,0.0159090430843894,1.7605517e-07,0.0,0.003981120823802919
p354_S,2.4786758032175886e-141,776.2695769687148,8.095729899483362e-05,0.09515313857935111,1.3342342e-05,0.0,0.02381185955504766
