Base Model R^2	MAE	MAPE	SQE	RSQE
0.9742158402355001	6.164303372440945	0.014422721268383865	116.85015293291042	10.80972492401682