Base Model R^2	MAE	MAPE	SQE	RSQE
0.9887193014378844	4.089055664122825	0.009056624872365636	37.00484709308931	6.083160945847916