Base Model R^2	Base Model MAE	Base Model MAPE	Base Model SQE	Base Model RSQE
0.8596074315906694	12.359140654806188	0.029191556933745016	552.9984338876626	23.515918733650672