,R2,MAE,MSE,RMSE,MAPE,SD,ASD
gbr,0.979796780707694,4.610406814170689,54.535838576414676,7.020042909502858,0.009795122191291942,7.381881209225481,5.7703703880196455
