Base Model R^2	MAE	MAPE	SQE	RSQE
0.9599104721211982	5.591976867864778	0.012778647565046118	140.55696662553476	11.85567233966656