Base Model R^2	MAE	MAPE	SQE	RSQE
0.8238733647574824	5.147541379915815	0.010722056140858544	177.88374500635106	13.337306512424128