Base Model R^2	MAE	MAPE	SQE	RSQE
0.9133275001531773	11.966009919197996	0.02584603955075529	392.64043058208176	19.815156587372247