,R2,MAE,MSE,RMSE,MAPE
gbr,0.960337149835983,6.544952808080515,150.6523894600221,12.066744541634716,0.015018435147061979
xgb,0.9587508374024575,6.524957471770958,156.610663218329,12.238023203979228,0.014875482849979613
BayesianRidge,0.9585325576345148,7.341305340528924,157.18063790539978,12.369335357375931,0.016875986504836203
rf,0.9550322667299511,6.596096673007027,171.1019758542096,12.80601586184206,0.015027698716347532
