,R2,MAE,MSE,RMSE,MAPE
BayesianRidge,0.9585736282792535,7.335350153804822,157.00858460477497,12.361901878624161,0.016863812290180545
gbr,0.9558478749213235,7.310517903992969,167.7319199917317,12.722305672712782,0.01662101885284729
rf,0.9538302996031447,6.553612911034915,175.99429993089436,12.962208008533057,0.014963319051525084
xgb,0.9495548627041457,6.559020603815457,190.69109810717742,13.3633135926455,0.014947597394490753
