,R2,MAE,MSE,RMSE,MAPE,SD,ASD
gbr,0.9394174877732265,8.084318515990422,180.40779460610352,13.030762590795195,0.01743418969649008,13.431354452325209,10.725264593643816
