,R2,MAE,MSE,RMSE,MAPE,SD,ASD
xgb,0.9803568700714518,4.754393192543482,73.25696648555802,8.48195679983784,0.01071141875830574,8.559615774170402,7.11766689709076
