,R2,MAE,MSE,RMSE,MAPE,SD,ASD
xgb,0.9810474048971493,4.9455759041538565,72.01922338649669,8.352064329985314,0.010953205470784818,8.485021815743153,6.8950164416470665
