,R2,MAE,MSE,RMSE,MAPE
gbr,0.9729000426566958,5.219172641688852,72.59850471824316,8.084587732479084,0.011438131892357421
rf,0.96658328961203,5.5787309667818725,88.33791777050853,9.053336298390812,0.01206085984803628
BayesianRidge,0.95845731043444,6.660572991769743,106.75689324117134,9.959994169311782,0.014591521936394755
xgb,0.9578739980412413,5.674675498470183,104.54762748670802,9.815182507816514,0.012546910350501147
