Base Model R^2	Base Model MAE	Base Model MAPE	Base Model SQE	Base Model RSQE
0.9313702339435573	9.987687205380798	0.022860210449530217	310.3458798013162	17.61663644971185