,Accuracy,AUC,F1,Recall,Precision
lgbm,0.9987623762376238,0.9990072514424637,0.9987573622703056,0.9987932979291984,0.9987251546101508
Adaboost,0.9985148514851485,0.9992048812259491,0.9985097631847062,0.9985420416477913,0.9984824361635489
gbc,0.9985148514851485,0.9988695804940626,0.9985097631847062,0.9985420416477913,0.9984824361635489
xgb,0.9985148514851485,0.9991630936669335,0.9985097631847062,0.9985420416477913,0.9984824361635489
lg,0.9985148514851485,0.9991924159903439,0.9985096538794906,0.9985529133138137,0.9984713475035518
rf,0.9982673267326734,0.9992845413525024,0.9982619818701159,0.998286939606975,0.9982432017137881
et,0.9982673267326734,0.9993016737956866,0.9982619818701159,0.998286939606975,0.9982432017137881
dt,0.9962871287128712,0.9963484540878884,0.9962732545476076,0.9963484540878884,0.9962192240188326
