feature,gbr,rf,xgb,BayesianRidge,mean
1_H2,0.0,1.6987509228367102e-06,3.0221856377465883e-06,0.13812732542367512,0.03453301159005893
1_P1,8.293976732635922e-05,2.456226506583004e-05,7.493003067793325e-05,0.02923837764725217,0.007355202427580573
1_NCI,0.0,1.0486065954895795e-05,2.090894440698321e-06,0.09772278859990659,0.024433841390075546
1_SASA,0.0,2.5079652891698907e-05,1.7864216772522923e-07,9.062957606089025e-05,2.8971967780078597e-05
1_PKB,0.0,3.101083779881574e-05,6.161019882711116e-06,0.011377672437515014,0.0028537110737991353
2_P1,0.001585973855482849,1.5762455640583216e-05,4.629024988389574e-05,0.004093909970869448,0.001435484132969194
2_NCI,5.360607209557915e-05,4.05550452850768e-05,2.522080649214331e-06,0.04570391444120974,0.011450149409809903
2_SASA,0.0,6.607219622052194e-05,0.0002640008460730314,0.10391960813474452,0.02606242029425952
2_PKB,0.00046085634636061764,6.426125637682771e-05,1.82070452865446e-05,0.029430057464316425,0.007493345528085104
3_H2,0.0,4.28938943596861e-05,1.8077022332363413e-06,0.04245082902669685,0.010623882655822443
3_P1,0.0,6.943428964705356e-05,3.6155420275463257e-06,0.039926852798225804,0.009999975657475102
3_SASA,0.0,2.863556982810323e-05,0.00011816297774203122,0.06984114628266846,0.01749698620755965
3_PKB,0.0,1.2377768098234818e-05,1.9932824216084555e-05,0.004349967723014888,0.001095569578832302
4_P1,0.0,8.857058344132782e-05,3.079790621995926e-05,0.10223101040005166,0.025587594722428237
4_NCI,0.0,2.869994114987632e-05,3.612395448726602e-05,0.04907405403301191,0.012284719482162263
4_MASS,0.0,7.002327468380212e-05,1.7313052012468688e-05,0.0073280918879767955,0.0018538570536682666
5_H2,0.0,0.0003728200342891664,8.445396088063717e-05,0.14186961601666712,0.03558172250295923
5_P1,0.0,9.280790659023228e-05,6.0855063566123135e-06,0.02973635614462266,0.007458812389392376
5_NCI,0.0,1.597761728770529e-05,4.466618065634975e-06,0.0747478376639986,0.018692070474837987
5_MASS,0.0,7.588904865089018e-06,8.034153324842919e-07,0.07668502285953208,0.019173353794932412
5_PKB,0.0,1.3334596628002014e-05,6.9959714892320335e-06,0.05651335213809908,0.014133420676554077
6_H2,0.00026486102797286206,5.255148227524976e-05,2.781118155326112e-06,0.11087333260603689,0.027798381558610082
6_P1,1.1663677381652626e-05,6.350489235369879e-06,8.372679440071806e-05,0.08054718386655696,0.020162231206893675
6_NCI,7.89054143362267e-05,8.272794705237262e-05,5.2898441936122254e-05,0.19790646807606163,0.04953024996984659
6_SASA,2.2737328193883836e-05,0.00012848158477009208,5.202979536989005e-06,0.22522709716397887,0.056345879764119956
6_PKB,0.0,3.4882612040766486e-05,6.509411832666956e-06,0.0008725414678456279,0.00022848337292976533
7_H2,0.0,3.2218294897068627e-05,8.154032002494205e-06,0.10741671206601507,0.026864271098228656
7_P1,0.0,0.00021547369045644084,1.4756940345250769e-06,0.06641490038116518,0.016657962441414036
7_NCI,0.0,5.761435857400844e-05,2.4253022274933755e-06,0.050034390219132974,0.012523607469983619
7_SASA,0.0,0.00015750054990013433,5.485673568728089e-07,0.15995340727584675,0.04002786409827594
7_PKB,0.0,4.749899069169834e-05,3.251236194046214e-05,0.05104691443449495,0.012781731446781778
8_P1,2.3522605350268098e-05,0.0001067184498627424,3.8892089833098e-06,0.1738877231172811,0.04350546334536935
8_PKB,0.0,8.30452928352759e-05,3.067062425543554e-05,0.052124409049638276,0.013059531241682246
9_P1,0.0,1.987848143344826e-05,7.133408416848397e-06,0.07741184319285413,0.019359713770676107
9_NCI,0.0,6.25317902738808e-05,3.1125207897275686e-05,0.28442219864605084,0.0711289639110555
9_PKB,0.0,2.37137240338123e-05,1.4999964150774758e-06,0.008414579306709458,0.002109948256789587
10_H2,0.0,3.485758541252124e-05,3.0582657473132713e-06,0.02145570674273575,0.005373405648473896
11_H2,1.4330412971216777e-07,6.821162023334275e-05,6.342935193970334e-06,0.09869406332812554,0.02469219029692064
11_P1,0.0,4.444125855719779e-05,4.0041510374067e-07,0.05043281724421141,0.012619414729468087
11_NCI,0.0,3.098435118071165e-05,1.3600226793641923e-06,0.3168646726054143,0.07922425424481859
12_P1,0.0005236712037550418,3.859491536906304e-05,0.00197160174138844,0.1113124970889825,0.02846159123737376
12_SASA,0.0,0.0001949516831817815,3.4104414226021618e-06,0.038275142417139967,0.009618376135436087
12_PKB,0.0,0.00033967946221468077,0.0,0.011142133409875426,0.0028704532180225265
13_H2,1.001026760961449e-05,0.00029066550088023465,0.00010076972102979198,0.1028313003940265,0.02580818647088654
13_P1,0.0008850857495358416,0.0005302929896453274,0.0020866570994257927,0.460002384855891,0.1158761051736245
13_NCI,0.0,1.8741057070926834e-05,2.0124452930758707e-05,0.3610311024662838,0.09026749199407137
13_SASA,0.0,0.00013114760691540554,4.258330591255799e-06,0.03849484584188113,0.009657562944846947
14_P1,0.0,1.9285364077335668e-05,3.0851854262436973e-06,0.13660282585868178,0.03415629910204634
14_NCI,0.0001955949820963028,1.4072104085566722e-05,4.5184374357631896e-06,0.02967418090442978,0.007472091607011853
14_MASS,9.10220619578694e-05,0.0001022404946359111,7.441906291205669e-07,0.008177823284349503,0.002092957507893101
14_PKB,0.0,8.167829704584228e-05,0.0003345578152220696,0.10044794436550473,0.025216045119443163
15_H2,0.0,4.8564644732342965e-05,1.2119811799493618e-05,0.219470501411854,0.05488279646709646
15_P1,0.0,1.225286098303555e-05,9.794290463105426e-07,0.015672042527853643,0.003921318704470747
15_NCI,0.00010087857026090368,0.0003360166375677599,0.00046697401558049023,0.14182039626671544,0.03568106637253115
15_SASA,0.0,0.00011102803284235566,7.220866393709002e-08,0.033583400319549296,0.008423625140263897
15_PKB,0.0,0.00010691891072272633,1.5960458767949603e-06,0.00711346224329361,0.001805494299973283
16_H2,0.0,0.00012689371663319012,2.1484875105670653e-05,0.03768555258339111,0.009458482793782494
16_P1,0.0,0.00010176634167149683,0.0001464526285417378,0.028966290889347004,0.00730362746489006
16_NCI,0.0,5.4908243101537846e-05,2.5863479095278308e-05,0.24517564607186343,0.06131410444851506
16_MASS,0.0,0.00018369379890064477,7.607433872180991e-06,0.019123845678794438,0.004828786727891816
16_SASA,0.0,0.000384502386081591,2.0247897225544875e-07,0.06906255203994761,0.017361814226250365
16_PKB,0.0,0.00015424376780435737,8.102673746179789e-05,0.08143569891226103,0.020417742354381797
17_H2,0.0,4.395275898347004e-05,3.6398607335286215e-05,0.025597473946557214,0.006419456328218992
17_P1,0.0,1.6514016376359248e-05,8.308921906063915e-08,0.07329586435696915,0.01832811536564114
17_NCI,0.0,9.298990282089954e-05,0.0,0.06287227253304968,0.015741315608967646
17_MASS,0.0002889989593023099,1.6445206365396067e-05,7.145086419768631e-05,0.15796659438328128,0.03958587235328667
17_PKB,0.0,7.436813254250325e-05,2.3847974262025673e-06,0.02186820263883167,0.005486238892200094
18_H2,0.0,2.243329070724529e-05,1.391983914800221e-06,0.03045323980299166,0.007619266269403426
18_NCI,0.00029848922408404774,5.016128358033332e-05,4.0881900531530846e-07,0.17140302307570043,0.042938020600592534
18_MASS,0.0,4.102653244408988e-06,6.126428075958756e-08,0.09563674240726136,0.023910226581196632
19_H2,6.16917656325799e-05,9.693114453633071e-05,1.0809832929226104e-05,0.2486655546462157,0.06220874684732846
19_P1,0.0,0.0002777814049601251,0.0003348048194311559,0.06767766972310918,0.017072563986875115
19_NCI,0.0,6.724471249941629e-05,2.6446419724379666e-05,0.21136474330777613,0.05286460860999998
19_MASS,0.0,1.2142620815865563e-05,0.0,0.13077159515675413,0.0326959344443925
19_PKB,0.0,0.00013161917934845723,2.9778541374980705e-06,0.00340717021502274,0.0008854418121271737
20_H2,0.00014911497425009317,2.637221984979209e-07,0.00010985478002112359,0.0758833486678449,0.01903564553607865
20_P1,0.0,0.001938952042587821,0.0,0.039320988153544366,0.010314985049033047
20_SASA,0.00017172246650310627,4.593424190710487e-05,0.0,0.05260127214222658,0.013204732212659198
21_H2,0.0,2.1991922637396474e-06,9.320896765530051e-08,0.007473771231015334,0.0018690159080616822
21_P1,0.0,2.2325558491569605e-05,3.4852264434448443e-06,0.027113242146936715,0.006784763232967932
21_NCI,0.0,0.00018689816033223193,9.55001951297163e-07,0.073567287640934,0.018438785200804383
21_MASS,0.0,7.274426399726356e-05,6.264801777433604e-05,0.10299291710020081,0.025782077345493103
21_SASA,0.0,7.993384905714861e-05,0.0010310905054211617,0.14738282983523285,0.03712346354742779
21_PKB,0.0,0.00010736401119824704,3.0205763323465362e-05,0.3851197291073176,0.09631432472045984
22_H2,8.657160191445797e-05,1.1026419010579338e-05,3.5153567523593665e-07,0.1244254868778784,0.03113085910861967
22_P1,0.0,4.0529656600280465e-05,4.464820813154802e-05,0.04454088321214153,0.011156515269218339
22_NCI,0.0,4.526914110115605e-05,0.00010262981231790036,0.2261635907886139,0.056577872435508235
22_SASA,0.0,0.00011238334038791292,4.74729915822536e-07,0.05013707807736987,0.012562484036918401
23_H2,0.0,3.480158323003265e-07,0.00057331717107445,0.1394098459410335,0.03499587778198506
23_P1,0.0,5.581643496844787e-05,2.645790800670511e-06,0.049399237015840945,0.012364424810402517
23_NCI,0.0,3.2036722121322106e-05,1.1856069193072472e-07,0.22234189238225674,0.0555935119162675
23_SASA,0.0,2.294334434108785e-05,1.7361688151140697e-05,0.023014492814690812,0.00576369946179576
23_PKB,0.0,5.9412951674042176e-08,0.0,0.007893390149101294,0.001973362390513242
24_P1,0.0020875559212656255,6.941550184130774e-05,0.00016060948837548494,0.194908036892929,0.049306404451102855
24_MASS,5.005378907272206e-05,1.3584882715082217e-05,5.068988320999779e-05,0.12532668352674517,0.03136025302043574
24_SASA,0.0,1.540502846597663e-05,0.00011965681915171444,0.15900028431872507,0.03978383654158569
24_PKB,7.102927014561486e-07,2.3169932211054296e-05,0.0015418719267472625,0.15257501638435167,0.03853519213400286
25_H2,0.0,1.6449772899174472e-05,0.0,0.2750702070787635,0.06877166421291567
25_P1,0.0,1.4569447602330367e-05,1.1647837709460873e-05,0.06338898096293823,0.015853799562062506
25_NCI,0.0,1.0671020348216911e-05,0.00015573928249068558,0.212251980284901,0.053104597646934974
25_SASA,0.0,2.984420403583176e-05,9.329802423962974e-07,0.1154581764707249,0.02887223841375078
26_H2,0.0,5.974266907510514e-06,3.5555010526877595e-06,0.07224457986220706,0.018063527407541816
26_P1,0.0,6.64925704906002e-06,3.46705928677693e-05,0.030078044915171163,0.007529841191271998
26_NCI,0.0,3.4601912882527102e-06,1.4107539755059406e-05,0.0010089243079011506,0.00025662300973611565
26_MASS,0.0,1.094077758684772e-05,5.389271606759394e-08,0.1493867958827725,0.037349447638268855
27_NCI,0.0,3.6332472987727906e-05,3.1284439501177985e-06,0.09165092512877147,0.02292259651142733
28_H2,0.0,4.790659016865932e-06,0.0013398099690675735,0.10080745718586515,0.025538014453487395
28_P1,0.0,5.985418806415515e-05,1.7563430446898565e-05,0.0013104262478727659,0.0003469609665959549
28_NCI,0.0,0.00010136457820344422,3.728394801782997e-07,0.031064979440248087,0.007791679214482927
28_MASS,0.0,0.00024456597788707055,1.081451657114485e-07,0.011948666836541832,0.0030483352398986536
28_SASA,0.0,0.00013340683454206287,7.933404958748724e-06,0.008314640677266456,0.002113995229191817
28_PKB,1.2360344162127801e-05,6.085766158984344e-05,3.3976107260969e-07,0.02706409671743821,0.0067844136210656976
29_H2,0.0,1.1261139705555917e-06,1.4572858617611928e-06,0.507017442470201,0.1267550064675083
29_P1,0.0,1.1173449285005258e-06,5.403475711318606e-07,0.16302735757515308,0.040757253816913176
29_NCI,0.0,2.7954279977592316e-05,1.415626002199133e-06,0.0461565276476704,0.011546474388412548
29_MASS,0.001808743103352491,8.514622894939909e-07,0.00030265399254858494,0.04189572241979867,0.01100199274449731
29_SASA,2.4294007922666213e-06,1.0611118557345252e-06,0.0,0.06606048822620049,0.016515994684712123
29_PKB,2.3357717233307688e-05,5.6140345361768654e-06,0.00040040462044999003,0.033311267299625864,0.008435160917961334
30_H2,0.0,8.765609409644777e-06,1.0856802873604465e-05,0.05782003123136265,0.014459913410911475
30_MASS,0.0,2.4731700087750088e-05,0.0,0.04097939506718725,0.01025103169181875
30_SASA,8.070924214389099e-06,8.519048323513446e-05,1.5076891941134818e-05,0.06964255829221971,0.017437724147902595
30_PKB,0.0,2.301883441838706e-05,2.228094126621727e-05,0.04911853966196638,0.012290959859412746
31_NCI,0.00905813403219229,0.0008616156605547121,0.0004711475921794772,0.001106239530379514,0.0028742842038264977
31_MASS,0.0,2.2221187764873245e-06,4.775396882905625e-05,0.04965004131875511,0.012425004351590163
31_SASA,0.0,2.8469787073137406e-05,2.330717325094156e-05,0.05177149463724498,0.012955817899392265
31_PKB,4.543466646897879e-05,8.99732069550554e-07,0.0,0.13787886616145228,0.0344813001399977
32_P1,0.0,1.6079216946690704e-05,3.644959724624641e-05,0.055831473173368534,0.013971000496890368
32_NCI,0.00047192457178455376,4.957485600069097e-06,8.41455474187569e-08,0.13011057042835514,0.0326468841578218
32_MASS,0.0,7.408846574978649e-05,6.238143396330997e-05,0.12264880046409861,0.030696317590952926
32_SASA,0.0,7.733435433153671e-06,0.0,0.11981756387124379,0.029956324326669236
32_PKB,0.0,6.38988990124474e-05,0.0,0.14794507505532867,0.03700224348858528
33_H2,0.0,4.4660231378018256e-05,3.0236516977311112e-05,0.036109417312084044,0.009046078515109843
33_P1,0.0,7.35568866766159e-05,7.658957201783778e-07,0.010156388570200674,0.002557677838149367
33_MASS,0.0,2.8588471257984616e-05,1.0111180927196983e-05,0.04932059502594377,0.012339823669532238
33_SASA,4.5672371102719015e-05,4.534871318080047e-05,1.8489149766764967e-08,0.0368627634509772,0.009238450756102622
34_H2,1.2272808137428852e-05,1.3321584568412168e-05,1.5054348295961972e-05,0.169545054296982,0.04239642575949595
34_P1,0.0,0.00023614853412693294,2.9590613848995417e-05,0.08904792926772373,0.022328417103924914
34_NCI,4.873751360755853e-06,8.499798268339872e-05,4.098968702237471e-07,0.18701784573868765,0.04677703184240051
34_MASS,0.0,4.0638899587305844e-05,8.173289097612724e-05,0.14977374862956583,0.037474030105032315
34_PKB,0.0,3.046657115771243e-05,4.612369593814947e-05,0.09886957495785553,0.02473654130623785
35_P1,0.0,1.8211265326851666e-06,3.5346147342352197e-06,0.0013615976708387324,0.0003417383530264132
35_NCI,0.0,3.692092747127999e-06,3.932404524675803e-06,0.009205852899858246,0.002303369349282512
36_NCI,2.2251204774797065e-05,0.00026518291350946467,6.224819117051084e-06,0.23827900895333162,0.05964316697268324
36_MASS,0.0012997900343072568,7.281542539885124e-05,9.086292266147211e-05,0.1586558489402783,0.040029829330661466
36_SASA,0.0,3.5645369315148194e-05,1.234226260748983e-06,0.13474212237883085,0.03369475049360168
36_PKB,0.0023615433716790073,0.00017518216026985163,5.0661026762099937e-05,0.007211739255984632,0.0024497814536738978
37_H2,0.0,5.3792858790146394e-05,8.720522600924596e-06,0.16535702539987626,0.04135488469531683
37_P1,0.0,4.877965991130707e-06,0.0,0.10656372177337806,0.026642149934842298
37_MASS,0.0,0.00012940255937878847,0.0006056723650544882,0.05496728833578448,0.013925590815054439
37_SASA,0.0,8.08248004650535e-05,0.0,0.028277120471430172,0.007089486317973806
38_H2,0.0,5.490541624525838e-05,3.127565378235886e-06,0.023714604273039785,0.00594315931366582
38_P1,0.0,6.767983212077828e-05,3.252145688747987e-06,0.014277473893496777,0.0035871014678265757
38_NCI,1.4828997045496522e-06,1.8226632677718864e-05,5.203733053349424e-06,0.13939672614019255,0.03485540985140704
38_MASS,0.0,3.7696562110639596e-05,2.281561137351673e-05,0.21304224941808017,0.05327569039789108
38_SASA,0.00014420669738971796,8.637011592881858e-05,0.0,0.17894068734600213,0.044792816039830166
39_H2,4.4729599748923625e-05,0.00011358632415931443,4.873444777331315e-05,0.2439188370406623,0.06103147185308597
39_P1,0.0,7.118700685013722e-05,2.0496439901762642e-05,0.10354269220994937,0.025908593914175316
39_NCI,0.0,0.00013629527669796533,1.4812521840212867e-06,0.03490153414583829,0.00875982766868007
39_PKB,9.831892349902599e-05,3.0302299779017977e-05,1.609221362741664e-05,0.16879367228794906,0.04223459643121363
40_H2,0.0,3.5127602538578307e-06,3.3775006158975884e-05,0.017804874000471524,0.004460540441721089
40_P1,0.0,8.408923076063602e-05,0.0,0.050204156472185554,0.012572061425736547
40_NCI,0.0,0.002474208840503308,0.0,0.04067103059245539,0.010786309858239675
40_MASS,0.0,1.627253296026422e-05,0.0,0.009422534966702553,0.002359701874915704
40_SASA,0.0,9.09553028309764e-05,1.7402530261279026e-07,0.007403382418019844,0.0018736279365383583
40_PKB,0.0,6.186903263086806e-05,2.714801212277962e-06,0.07949368423516302,0.01988956701725154
41_H2,0.0,0.00011073974298794889,9.219152730111091e-07,0.11620404275684823,0.029078926103777297
41_P1,1.5861403282834725e-05,0.00011197771481479835,0.0,0.0305549526848641,0.007670697950740433
41_NCI,0.0,5.5641371064930245e-05,1.6508111002622172e-05,0.09983341974895217,0.02497639230775493
41_PKB,0.0010099688376758562,0.00011496918212550168,7.103988991730148e-06,0.09047969869528137,0.022902935176018616
42_H2,0.0,0.00015115691209505947,0.0030414345674216747,0.0041046250158635325,0.0018243041238450667
42_P1,3.718552541127778e-05,0.0008000272765317864,9.495461563346907e-05,0.014388564900726354,0.003830183079575722
42_MASS,0.0,0.0004394103775237217,1.4940251276129857e-06,0.15808516244090112,0.03963151671088811
42_SASA,0.0,0.00013844118565203004,7.810732495272532e-05,0.04080562857219442,0.010255544270699794
42_PKB,6.212505961460778e-05,8.235123156899704e-05,3.8570638025703374e-06,0.03326588828470988,0.008353555409924013
43_H2,0.0,0.00023116978317423912,0.0016747656045481563,0.16610554581701267,0.04200287030118377
43_P1,0.0035682063272632894,0.0002719875882040062,0.00012259883806109428,0.08624727197711092,0.022552516182659826
43_NCI,0.0,0.0001635202184770087,0.0034444492775946856,0.3230383871153121,0.08166158915284594
43_MASS,0.0,8.826056322660248e-06,0.0,0.062427393929075176,0.015609054996349458
43_SASA,0.0,0.00038359806843214956,0.0,0.11266605799878465,0.0282624140168042
44_H2,0.0,1.747512474818468e-05,9.776594197319355e-06,0.2555123477188848,0.06388489985945758
44_P1,0.00013105395832879342,8.660776549963745e-05,0.0013014364521950483,0.11590911241678994,0.029357052648203357
44_NCI,0.0,0.00012725498343864547,0.0003010171349160373,0.2524677119076752,0.06322399600650747
44_MASS,0.0,4.297747097288829e-05,6.093566753406776e-07,0.028035265186275984,0.0070197130034810535
44_SASA,0.0,3.697067304484839e-05,3.3150861327158054e-06,0.02183027757078091,0.005467640832489619
44_PKB,0.0,2.010750476657906e-05,9.124740074639703e-08,0.16617663833471422,0.041549209271720386
45_H2,0.0,1.2131234643280366e-05,0.0005123961018398404,0.13526457303948905,0.03394727509399304
45_P1,9.539518121548681e-05,8.870730224428406e-06,7.528209380325279e-07,0.026079448368625455,0.006546116775250851
45_NCI,0.0,3.863574292988138e-05,9.263814604310028e-07,0.23304414612502963,0.05827092706235499
45_MASS,0.0,1.7557611186540805e-05,0.0,0.04406679038972957,0.011021087000229027
45_PKB,3.3008895945869538e-06,8.567056550370505e-05,1.7868714508040284e-08,0.3493232887452225,0.08735306951725882
46_H2,0.0,0.0003192229387060143,3.2674575777491555e-05,0.048413850763397874,0.012191437069470346
46_NCI,0.0,0.0009252142415295823,3.0266204703366384e-05,0.32924704965015367,0.08255063252409665
46_MASS,0.00013873116615698586,0.00018954174995446744,7.7340575899143e-07,0.01386764508444947,0.0035491728515799786
46_SASA,0.0,0.0003227852588738715,0.00018483179155737162,0.04189503740964152,0.01060066361501819
46_PKB,0.0,0.00015144038175723802,8.922449445947223e-09,0.12782467800519834,0.031994031827351256
47_H2,0.0,3.869448965535947e-05,1.178285288006009e-06,0.007900187283477262,0.001985015014605157
47_NCI,0.0,9.251515763506839e-05,1.4755953543499345e-06,0.2573680946121647,0.06436552134128853
47_MASS,0.0,3.84147247868892e-06,0.0,0.1189854562236326,0.029747324424027822
47_SASA,0.0,8.899013174619432e-05,0.0,0.07932559549733739,0.019853646407270897
47_PKB,0.0,1.8845470657548138e-06,0.0,0.19299470934953314,0.048249148474149725
48_H2,0.0,3.17796712986044e-05,0.0002717958122957498,0.19339440942762984,0.04842449622780605
48_P1,0.0,4.8078276125374515e-05,1.2743076695187483e-05,0.04246824344534973,0.010632266199542573
48_NCI,0.0,0.00018530684315538692,4.523161624092609e-05,0.1249355484489186,0.031291521727078726
48_MASS,0.0,9.495313971219057e-05,2.0248051441740245e-05,0.06024929654638458,0.015091124434384626
48_SASA,0.0,0.00012595592174342784,2.345171924389433e-05,0.028207565087965358,0.00708924318223817
48_PKB,0.04716542823760324,6.907023699473959e-05,0.005120418034493923,0.12380949621927217,0.04404110318209102
49_H2,0.0,5.436010125707353e-05,2.8304475563345477e-05,0.24229895355002137,0.060595404531710445
49_P1,0.00012545448260070551,5.4471974020021276e-05,3.8884871173650026e-05,0.030173479504153635,0.007598072707987003
49_NCI,0.0,0.0002693538168482312,1.6028512618504465e-05,0.02080408494696808,0.005272366819108704
49_MASS,5.345404561292635e-05,0.00010941568420502579,2.8221020187402246e-08,0.09713298208974751,0.024323970010146412
49_SASA,0.0,0.0001598916974884276,2.2004262064001523e-05,0.05500768692474853,0.01379739572107524
49_PKB,2.1806776588211754e-05,5.87202362331398e-05,7.678179514414296e-08,0.17562468354306052,0.04392632183441925
50_MASS,0.0,7.482054864006619e-05,4.673896910389885e-05,0.1309079496005527,0.03275737727957416
50_SASA,0.0,0.00033497743449945137,1.6164423868758604e-05,0.18491448201603325,0.046316405968600365
51_H2,0.0,8.701924285842276e-05,0.003942312207072973,0.010492479136809328,0.0036304526466851813
51_P1,0.0,4.10509889380454e-05,0.0,0.01588688094835046,0.003981982984322127
51_NCI,0.0,1.0248150359343209e-05,0.0,0.0583474327745935,0.01458942023123821
51_SASA,0.0,0.00013122412666131427,0.0,0.010673064363298268,0.0027010721224898955
51_PKB,0.0,2.8293575991370886e-05,0.0,0.056183217309622495,0.014052877721403467
52_H2,0.00015324349065528055,9.053537621313568e-05,1.2667389626130898e-07,0.01209829447943215,0.0030855500050492066
52_P1,0.0,0.00013634268635029958,2.578367457317654e-06,0.008402538755339957,0.0021353649522868933
52_NCI,0.0,3.693522404103966e-05,2.7486716135172173e-05,0.24002150223172777,0.060021481042976
52_MASS,0.0,0.00021934030799524196,2.3330590011028107e-06,0.012910028919423729,0.0032829255716050184
52_SASA,0.0,0.00016747544639676964,0.0,0.0033920656244065704,0.000889885267700835
52_PKB,2.6050432527711638e-05,2.9142734062962383e-05,1.3706669221846823e-07,0.0624863918198311,0.0156354305132785
53_H2,0.0,0.00017517116569632426,0.00038092074100859463,0.1394592094286731,0.0350038253338445
53_P1,0.0,8.949300660080129e-06,1.6819158190628514e-05,0.08411153036171073,0.02103432470514036
53_NCI,1.0525126201223788e-05,1.4927333571612706e-05,3.351394843775779e-05,0.13721266495049772,0.03431790783967708
53_MASS,0.0,0.0003568538037071314,8.220380323109566e-07,0.2153151571813507,0.05391820825577253
53_SASA,0.0,3.5001141766943e-05,0.0,0.1818969047147,0.04548297646411673
53_PKB,0.0,0.00021667865884954574,0.0011259550228714943,0.08115186592245865,0.020623624901044923
54_P1,0.0,1.6685071845099155e-05,8.947142305260058e-06,0.09261317945927491,0.02315970291835632
54_NCI,0.0,1.1517935565333044e-05,4.310285461883723e-09,0.07362714611215779,0.018409667089502146
54_PKB,0.0,4.374401679661048e-06,4.2297480717934377e-07,0.06821609571463068,0.01705522327277938
56_NCI,2.0605198239388064e-05,0.00035435836560687706,0.00016201133257709444,0.04850696170975817,0.012260984151545383
56_PKB,0.0,3.6640577856918974e-05,1.2896811313112266e-05,0.12112072908115207,0.030292566617580525
57_P1,0.0,5.821612185416332e-05,6.703878625557991e-07,0.0026678038414401843,0.0006816725877892258
57_NCI,0.0,2.9071183375857918e-05,1.0859715985134244e-05,0.12385343243357448,0.03097334083323387
57_MASS,0.0,4.508932848704315e-05,0.0,0.04781538835249751,0.011965119420246138
57_SASA,0.0002681953065331817,5.4823087420903544e-05,0.0,0.01400220997938829,0.003581307093335594
57_PKB,0.0,5.078307610867367e-05,0.0,0.1550666152895877,0.038779349591424095
58_P1,0.0,3.662692419999505e-07,6.967656645429088e-06,0.02864937781994233,0.007164177936457439
58_NCI,0.0,7.8669093908942e-07,0.0,0.038072402007648096,0.009518297174646796
58_MASS,0.0,9.095411003927154e-10,0.0,0.05286865375068847,0.013217163665057393
58_SASA,0.0,6.88923411433107e-07,0.0,0.04720219454093628,0.011800720866086929
59_H2,0.0,5.770013526644239e-06,0.0,0.07675979412057926,0.019191391033526475
59_NCI,0.0,2.04449992585697e-05,0.0,0.2144677137708664,0.053622039692531244
59_SASA,2.0277725286410966e-05,8.449235870083219e-06,0.0,0.05427001493761719,0.013574685474693421
60_H2,0.0,4.439137526124779e-05,2.1201176423346624e-06,0.01924756456573037,0.004823519014658488
60_P1,0.0,6.854408816480956e-05,3.1173160550679313e-06,0.17725272154005486,0.044331095736068686
60_SASA,1.6862267006871425e-05,1.583244167368579e-05,5.334900379239116e-06,0.04422739174167765,0.011066355337684361
60_PKB,0.0,5.420677444464339e-05,2.6520347091718577e-06,0.16618412759710754,0.04156024660156534
61_H2,0.0,1.731246161889992e-06,2.103382212226279e-05,0.1219808023123676,0.03050089184516294
61_P1,0.0,5.482482012762642e-06,0.0011913185007870197,0.03591866526957781,0.009278866563094398
61_NCI,0.0,0.007269403411199296,4.2010128709080163e-07,0.04122897429051444,0.012124699450750207
61_MASS,0.0,6.474899255797807e-06,0.0,0.06526312059128947,0.016317398872636318
61_SASA,0.0,6.261564529115935e-06,0.0,0.06460888751597565,0.01615378727012619
61_PKB,0.0,6.838096173405504e-05,0.0035102057736366987,0.18425066606224255,0.04695731319940333
62_H2,0.0,2.1231671726437157e-07,0.0,0.07809478890557636,0.019523750305573406
62_NCI,0.0,1.1544149014637853e-06,0.0,0.05549664302453167,0.013874449359858283
62_MASS,0.0,2.0136726509947122e-08,0.0,0.011196084969634914,0.002799026276590356
62_PKB,0.0,1.4025883832759095e-07,0.0,0.0028946878996928085,0.000723707039632784
63_NCI,0.0,0.0005156474244125299,7.025277682259912e-06,0.3077208877817478,0.07706089012096064
63_MASS,3.000329012130945e-05,6.498422841078291e-05,7.459767221007496e-05,0.04799703506593188,0.01204165506416851
63_SASA,0.0,5.587174419544952e-05,1.8264379377797013e-06,0.02934794905819216,0.007351411810081348
63_PKB,0.0,0.00011364231151413989,0.00011106824240414426,0.33264818660287904,0.08321822428919932
64_H2,0.0,5.7162078651375375e-06,1.2261057236173656e-05,0.15556036297229925,0.03889458505935014
64_P1,0.0,0.0001806803121778167,3.310673264422803e-06,0.2181286607555067,0.054578162935237234
64_MASS,0.0,0.0002716798828666157,0.0005639930604957044,0.2162425868393876,0.05426956494568748
64_SASA,1.8808540649586698e-05,0.00027524592491303133,3.6184912843850725e-09,0.052890501940514055,0.01329614000614199
65_H2,0.0,0.0007295456150307909,1.5397201423184015e-05,0.1399715655314333,0.03517912708697182
65_P1,0.0,2.4010649201693874e-05,0.0,0.0177248358160901,0.004437211616322948
65_PKB,0.0,7.17151305276008e-05,0.0,0.1915190483001819,0.04789769085767737
66_MASS,0.0,5.1918792840511075e-06,0.0,0.09081765640978633,0.022705712072267594
67_H2,0.0,4.2517671134472195e-05,1.805895635698107e-06,0.019944791183066645,0.004997278687459204
67_P1,0.00012806392784853497,1.0416988737664488e-05,1.8795217329170555e-05,0.024546246974135676,0.006175880777012761
67_NCI,0.0,3.9702949090154036e-05,0.00014942111738491803,0.3617267575904216,0.09047897041422417
67_MASS,0.0,5.415997913437258e-05,0.0001535893534310162,0.23492007253275435,0.05878195546632994
67_SASA,0.0,1.861681155802056e-05,0.0,0.19742596793552522,0.04936114618677081
67_PKB,0.0,0.000102529700509914,1.125562903325772e-06,0.012280819574045946,0.0030961187093647966
69_H2,0.0,3.1952889792794028e-06,0.0,0.06009950442050409,0.015025674927370843
69_P1,0.0,6.620168272216541e-08,0.0,0.02229947719577875,0.005574885849365368
69_NCI,0.0,3.438847618302858e-06,0.0,0.15764048648542345,0.03941098133326044
69_MASS,0.0,1.295180192727179e-05,0.0,0.10398758440405818,0.026000134051496364
69_SASA,0.0,7.830132316874594e-06,0.0,0.047321713116807156,0.011832385812281007
70_H2,0.0,9.61571202785488e-06,2.21496890162598e-07,0.04438174948218092,0.011097896672774735
70_P1,0.0,3.008025669631874e-06,0.0,0.011404935773626198,0.0028519859498239574
70_NCI,0.0,3.839657729198046e-07,0.0,0.2201805741902194,0.055045239538998085
70_MASS,0.0,1.6100703014992142e-05,0.0,0.011787154071262991,0.0029508136935694957
70_PKB,0.0,9.875865821198223e-06,0.0,0.06911480906339666,0.017281171232304465
71_H2,0.0,4.6784466780084614e-05,1.1617951400921811e-07,0.043066475409129994,0.010778344013856023
71_P1,0.0,2.945578947724105e-06,0.0,0.0002635168724570642,6.661561285119708e-05
71_NCI,0.0,5.699310958502359e-07,0.0,0.1349798642724682,0.03374510855089101
71_SASA,0.0,1.031742004751638e-07,0.0,0.002397700600490159,0.0005994509436726585
71_PKB,0.0,1.0239665966872192e-06,0.0,0.0487460102219801,0.012186758547144197
72_H2,0.0,2.6089264786958734e-07,0.0,0.09167345701419544,0.022918429476710828
72_NCI,0.0,7.678144990409099e-05,0.0,0.09150469736140922,0.022895369702828326
72_MASS,0.0,3.653187503882862e-06,8.818908936447656e-10,0.01591997202609016,0.003980906523871234
72_SASA,5.5479838545398935e-11,7.32873010726001e-08,0.0,0.01993986421572812,0.004984984389627258
72_PKB,0.0,2.6847803996819046e-06,3.973363163822796e-06,0.04141949653984077,0.01035653867085107
74_H2,0.0,9.619138903256456e-06,6.36440199741628e-06,0.06808444185334678,0.01702510634856186
74_P1,0.0,3.33715686574513e-05,1.940279071277473e-05,0.07213994346720844,0.018048179456644664
74_NCI,0.0,1.1197886021773264e-06,0.00026727872318588197,0.06868385527884886,0.01723806344765923
74_MASS,0.0,4.723180302231111e-05,2.5248700907809507e-08,0.02761995641176903,0.006916803365873062
74_SASA,0.0,1.489275887441035e-05,2.5018721316882875e-07,0.031404963404171496,0.007855026587564769
74_PKB,0.0,3.718872674441604e-06,0.0,0.11150761079087661,0.027877832415887763
75_H2,0.0,3.2132804733556344e-06,2.168325227103196e-05,0.015684679589953534,0.00392739403067448
75_NCI,0.0,2.9759189536686897e-05,1.9315450572321424e-07,0.04674293565616432,0.011693222000051682
75_MASS,0.0006679914118318944,1.4541881306719982e-05,0.0,0.025104106804576646,0.006446660024428815
75_SASA,0.0,2.304314894401771e-07,0.0,0.012718581358903861,0.0031797029475983253
76_NCI,0.0,3.933515127115086e-05,1.2786803381459322e-05,0.05384333065940165,0.013473863153513566
76_SASA,0.0,4.110018972957422e-06,0.0,0.008480966243173947,0.002121269065536726
78_H2,0.0,1.6616307397077796e-08,0.0,0.0014932982231669423,0.00037332870986858484
78_P1,0.0,5.424599196821307e-08,0.0,0.02197831499168792,0.005494592309419973
78_NCI,0.0,0.0,0.0,0.02925291125027129,0.007313227812567822
78_MASS,0.0,2.903293106243801e-08,0.0,0.042524763342668886,0.010631198093899986
78_PKB,0.0,0.0,0.0,0.010544073258742405,0.0026360183146856013
79_H2,0.0,2.0645619429104607e-05,7.890118922659894e-07,0.07485974815430697,0.018720295696407086
79_P1,2.4140779416569053e-08,2.061674058075796e-06,4.6595948788308306e-07,0.0412661637588756,0.010317178883300245
79_NCI,0.0,1.2182398665343677e-05,7.798877987852393e-09,0.2020219406162395,0.050508532703445706
79_MASS,0.0,1.1608769840090694e-05,0.0,0.0628864524323414,0.01572451530054537
79_SASA,0.0,2.3466016780266082e-05,0.0,0.047862076308569285,0.011971385581337387
80_H2,0.0,1.726654089406504e-06,4.974887701791886e-07,0.015719080141740525,0.003930326071150028
80_P1,0.0,2.4274721200980637e-06,0.0,0.004570485040014638,0.0011432281280336842
80_NCI,0.0,4.388628233717937e-06,0.0,0.011997731829619572,0.0030005301144633225
80_MASS,0.0,7.680834243287241e-05,6.173759459215944e-08,0.0037390575210164705,0.0009539819002609837
80_SASA,0.0,9.657203983391577e-05,1.974717633856926e-07,0.003264627639545237,0.0008403492877856346
80_PKB,0.0,8.175594452891605e-07,0.0,0.006745016679629165,0.0016864585597686135
81_H2,7.575758456851277e-06,3.778781320951468e-05,1.6898462490644306e-05,0.1202605189492699,0.030080695245856725
81_P1,0.0,3.302839390740366e-05,1.7503847402622341e-06,0.002496110166952475,0.0006327222364000352
81_NCI,0.000305095320280431,0.0003546044971365871,1.2547783398986212e-06,0.27295747820983973,0.06840460820139917
81_MASS,0.0,0.00014897472691044445,0.0,0.0543290546609142,0.013619507346956161
81_SASA,0.0,0.00014196695183514262,0.0001992894394788891,0.06527298555653306,0.016403560486961774
81_PKB,0.0005019133016247276,9.935746763477508e-05,1.082896005755174e-06,0.16303370272835427,0.04090901409840488
82_H2,0.0,0.00011959579869472079,5.269518442219123e-05,0.2841168202114742,0.07107227779864778
82_P1,0.0,1.8986024286883098e-06,6.976257083124437e-08,0.04224232778365863,0.010561074037164537
82_NCI,0.0,1.54721076770604e-05,2.12469490179501e-06,0.06521042628788756,0.016307005772616606
82_MASS,0.0,1.919655439247051e-06,0.0,0.00487294400527027,0.0012187159151773792
82_SASA,0.0,3.181741648288708e-05,0.0,0.041120451429242914,0.01028806721143145
82_PKB,0.0,3.595054691813516e-05,0.0,0.0762076658459501,0.019060904098217056
83_P1,0.0,6.9459228115340675e-06,3.262709697082755e-06,0.11393410317802259,0.0284860779526328
83_SASA,0.0,5.431896427762062e-05,7.137268198675883e-08,0.055282220651937976,0.013834152747224396
83_PKB,0.0,4.493578199328253e-05,0.001875314163044095,0.30097235927934785,0.0757231523060963
84_H2,0.0,7.528216962295255e-05,0.00020078396482858807,0.19642620857169982,0.04917556867653784
84_NCI,0.0001035546471909541,0.00019891171167651857,0.00031159279751591384,0.19052465623510637,0.047784678847872436
84_MASS,0.0,4.152437311026936e-05,3.2243526675301837e-06,0.09680312130106715,0.024211967506711236
84_SASA,0.0,0.00021503612415823523,0.0,0.09167541953774871,0.02297261391547674
84_PKB,0.0,0.00014655885324302756,0.0003056857967749238,0.08221046656228063,0.020665677803074645
85_H2,0.0,0.00012572901186683853,9.574471278028795e-07,0.024191757992914068,0.0060796111129771775
85_P1,0.0,0.0001270258320433395,0.0004383281047921628,0.08322236301786433,0.020946929238674958
85_NCI,6.674205773691524e-05,6.689132166008483e-05,5.9689118643291295e-06,0.06672400335548467,0.0167159014116865
85_MASS,0.0,0.00011817231755382704,0.0002764882519841194,0.05378005140712575,0.013543677994165925
85_SASA,3.4058550111956327e-06,2.5714997232047436e-05,1.740168227115646e-05,0.1789291615628023,0.04474392102432918
86_H2,0.004309632804312977,0.00011922465328888673,4.2150950321229175e-05,0.8718001152710696,0.21906778091974818
86_P1,0.020432873917036087,0.021157205304851816,0.026003969833254814,0.3698177201848627,0.10935294231000135
86_NCI,0.0,5.442482909699448e-07,3.576222661649808e-05,0.1711088879117378,0.04278629859666132
86_SASA,0.0022491235834595415,4.7058844937384405e-05,0.0002190180675825104,0.1663150218051287,0.042207555575277035
86_PKB,0.00040885064178085864,0.0002144647428401612,0.00021759740775451064,0.19263240466268988,0.04836832936376635
87_P1,0.0,0.00010345539457974223,3.712188481586054e-05,0.13868522674897793,0.03470645100709338
87_NCI,0.043945118576421645,0.0037956463002502203,0.0024625910446047783,0.2347401054025547,0.07123586533095783
87_MASS,0.0,3.957062950276416e-05,0.0,0.17369474473681346,0.04343357884157906
87_PKB,0.0,1.2518225189044955e-05,1.1698116395564284e-05,0.12169387088700943,0.030429521807148512
88_H2,7.288283927001584e-05,5.8396427999251384e-05,8.812010491965339e-06,0.01303814120332628,0.0032945581202718783
88_P1,0.0,0.00011142051824547152,2.3357317331829108e-05,0.05692161643525972,0.014264098567709254
88_NCI,0.0,0.0001698541313217936,3.908532744389959e-05,0.08886519128134046,0.02226853268502654
88_MASS,0.0,9.598140078129198e-05,0.0002148731582565233,0.09553006897452075,0.02396023088338964
88_SASA,0.0,6.986757602814177e-05,1.0440866162753082e-06,0.024475815855055635,0.0061366818794250134
89_H2,0.0,0.00023108355176081391,6.828125606261892e-06,0.06480881685525443,0.016261682133155375
89_P1,0.0,5.242854409413396e-06,6.052193384675775e-06,0.03115762926720514,0.007792231078749807
89_NCI,0.0003487901236036251,1.787007027758946e-05,0.0002514156512916088,0.14878869554719368,0.037351692848091624
89_MASS,0.0,4.703045228572344e-05,0.0,0.13184756997834562,0.032973650107657834
89_SASA,0.006024617804566137,0.0037680928833793417,0.0012245663674548268,0.17414482777200085,0.04629052620685029
89_PKB,6.824923135358493e-05,0.0002318064783271308,3.0415551464102464e-06,0.08858069005854033,0.022220946830841862
90_H2,0.0,8.255094478182695e-05,0.0004129780863877386,0.30521587998045396,0.07642785225290588
90_P1,0.0,5.7112592848147084e-05,0.0,0.14137461020994502,0.035357930700698294
90_NCI,0.0005110174991738389,1.0908233526718416e-05,0.0006506390054710209,0.1374304937798941,0.03465076462951642
90_MASS,0.0007973131848253226,4.8017362194062866e-05,0.0,0.046920126413267225,0.011941364240071653
90_PKB,0.0018805722469523258,0.00029657634185232645,0.0003352162311784923,1.0,0.2506280912049958
91_P1,0.0,0.000144807243057223,1.5955748722262797e-08,0.051677704024859765,0.012955631805916428
91_NCI,0.0,7.087551656955707e-06,0.0,0.19634028588548158,0.049086843359284635
91_MASS,0.0,0.006287048375110493,0.009595347568392754,0.02820469333451049,0.011021772319503435
91_PKB,0.000378775747733045,0.00033678337840921255,4.44229444838129e-05,0.3502217317469038,0.08774542845438246
92_H2,0.0,1.3193619991502501e-05,0.0,0.1826041883772101,0.0456543454993004
92_P1,0.0,2.0003711697312796e-05,1.920916656672489e-05,0.055530845522273276,0.013892514600134328
92_NCI,0.0,4.69972954724777e-05,3.6485805594566045e-06,0.024635257877425754,0.006171475938364422
92_MASS,4.647614886894747e-06,3.4138293027291544e-06,1.3945921182312304e-06,0.08797767453849643,0.02199678264370107
93_H2,0.0,9.756515505024467e-06,6.127164851932321e-06,0.3668929575502448,0.09172721030765044
93_P1,0.0,3.258298168213978e-05,1.3207443316787248e-06,0.1827695029080954,0.0457008516585273
93_NCI,0.0,0.0003125315192779726,0.0037027536891400814,0.06917139211729988,0.018296669331429483
93_MASS,8.601824673198565e-05,0.00010027335243339649,0.0,0.08281362436363443,0.020749978990699955
93_SASA,2.980343137848181e-08,6.994893613437666e-05,0.0,0.1553719523706754,0.03886048277756029
93_PKB,0.001538001542238617,0.0004687273003650322,0.0,0.48203975695048956,0.12101162144827331
94_H2,0.0014136205464202335,3.370955416005689e-05,0.0008214676636271179,0.06302532277352098,0.016323530134432097
94_P1,0.0009507073481742895,0.0022569289926369545,0.0,0.027901094864014563,0.0077771828012064515
94_NCI,0.0008299734929738089,9.037163308922158e-05,3.539795670803869e-06,0.16883583831945193,0.04243993081029644
94_MASS,0.0,2.1732021744943836e-05,9.974009117286187e-06,0.034320960890322175,0.008588166730296101
94_SASA,0.0,0.007122440083787382,0.0,0.03893865161438584,0.011515272924543305
94_PKB,0.015984907328830247,4.265220430072005e-05,0.011401819065213203,0.16323227003142682,0.047665412157442744
95_H2,0.0,8.880595778127146e-06,3.065536702706595e-06,0.050836736489488714,0.012712170655492386
95_P1,0.0,1.2379025403230717e-05,3.238030103602796e-06,0.027273810547010658,0.006822356900629373
95_NCI,0.0,4.603475781786093e-05,3.83760743716266e-06,0.047182027819446755,0.011807975046175445
95_MASS,0.0,0.00010837415238969596,5.039553070673719e-05,0.1124889348818268,0.02816192614123081
95_SASA,0.0,2.25832648000809e-05,1.720978252706118e-05,0.09655600418236841,0.024148949307423888
95_PKB,0.0,2.2099987352790757e-05,1.3626103623209929e-07,0.24508901924144955,0.06127781387245964
96_H2,0.0005175995795570375,0.00020995202932949073,2.2550595701886778e-07,0.15963776576203978,0.04009138571922083
96_P1,0.00042401227210250956,6.742210726681145e-05,1.9524970412021503e-05,0.07738758304901823,0.019474635599699894
96_NCI,0.0002674785623261211,0.0012545601151981458,0.0001232646027347073,0.1124012781863983,0.02851164536666432
96_MASS,3.632936793176245e-05,0.00028706611526805757,4.834923856833484e-07,0.19176186044217536,0.048021434854440215
96_SASA,0.0008018142185668874,0.0039058605892969733,0.002571767894551158,0.12764416892398642,0.03373090290660036
96_PKB,0.0,5.837566985881526e-05,5.110012466502667e-07,0.024956300305199484,0.006253796744076237
97_H2,0.0,6.818838696899577e-05,1.607820934168558e-07,0.5247840335983415,0.13121309569185097
97_P1,0.0,3.1380365155038002e-06,0.0,0.1244694621886011,0.03111815005627915
97_NCI,0.0,0.00015134366098533118,1.8092676157266396e-07,0.18023095613085577,0.045095620179650665
97_MASS,0.0,0.0013032478141012408,0.0020420190412551165,0.29021117189213724,0.0733891096868734
97_SASA,0.0,3.3714055876119896e-05,0.0,0.24384881080515097,0.060970631215256775
97_PKB,0.0,3.46812081365639e-05,1.281668886576881e-07,0.41355416983118254,0.10339724480155194
98_NCI,0.0,4.208294888828989e-06,1.5084414371813182e-05,0.05209258291193173,0.013027968905298093
98_MASS,0.0181384389983126,0.00122197612245818,0.0796041339635849,0.1231906741706406,0.055538805813749065
98_SASA,0.0012511582584123573,0.008867279680014663,0.0,0.09396399682935404,0.026020608691945266
98_PKB,0.02234128509794466,0.017661215402376616,0.23384423553943634,0.04080096213309964,0.07866192454321431
99_H2,0.0,0.00011641147559233416,2.5975241442210972e-05,0.08182224811154859,0.020491158707145785
99_P1,0.0,3.627886296506153e-05,1.857466486399062e-06,0.05515776116448348,0.013798974373483736
99_NCI,0.0,4.7299587707320095e-05,1.5646874089725316e-05,0.07058377674291318,0.017661680801177554
99_MASS,0.0,3.0068156269253045e-05,6.651277362834662e-05,0.0180130055992508,0.0045273966322871
99_SASA,0.0,3.3053315987072225e-05,3.397865611987072e-06,0.0006250711122396338,0.00016538057345967327
99_PKB,0.0,0.00010035503084631367,1.79559374373639e-05,0.17958610398565283,0.04492610373848413
100_H2,0.0,0.00014573704838996077,0.0001375670253764838,0.07348930789355353,0.018443152991829994
100_P1,0.0,0.0005364458706716679,0.00016144756227731705,0.16555545435674224,0.041563336947422806
100_NCI,0.00020683420772117975,7.688350254800099e-05,1.4142561667540576e-05,0.16049236168140002,0.04019755548833419
100_MASS,2.1227862381956134e-06,0.00022042517217876965,4.3343170545995235e-06,0.03447597431663035,0.00867571414802548
100_SASA,0.0,0.00015105032719334592,7.447321695508435e-05,0.018888547691872176,0.004778517809005151
101_H2,3.056165627698906e-07,2.2778689145761526e-06,0.0,0.17867614574718335,0.044669682308165176
101_NCI,0.00027013333613543506,4.645507738098749e-05,1.0640894288371783e-05,0.044642920821811954,0.011242537532404187
101_MASS,0.0,1.0735284140432926e-05,0.00047009886475279927,0.11837258500920252,0.029713354789523937
101_SASA,0.0,1.9329127012803907e-05,1.7865031054498104e-07,0.1414616710268375,0.03537029470104021
101_PKB,4.419131033542261e-05,2.742735640113592e-06,1.0291818597352176e-07,0.3166068310727551,0.07916346700922916
102_H2,0.0,7.629266011128785e-06,0.00033401945256628096,0.049180347445149306,0.01238049904093168
102_P1,0.0,2.1549866571184066e-05,0.001440483029000461,0.025714477776122697,0.006794127667923586
102_NCI,2.9130635968303593e-06,4.642541602721062e-07,7.38082526368089e-05,0.19187460944890894,0.04798794875482571
102_MASS,0.0,4.268274107756238e-07,0.0,0.12340072838849382,0.03085028880397615
102_SASA,0.0,2.248924206823971e-05,0.0,0.021042042967465785,0.0052661330523835065
102_PKB,0.0,4.084768181552206e-06,4.360805405667634e-08,0.07261204626251669,0.018154043659688073
103_H2,0.0,0.00186376771309927,0.026700977236032486,0.15080792395925147,0.044843167227095804
103_P1,0.0008038548783182334,0.0025088812180824615,2.3688587091896807e-08,0.05352589154312703,0.014209662832028704
103_MASS,0.0,0.001415394441335004,0.0,0.05844271666565117,0.014964527776746544
103_SASA,0.0,0.0005458109515898133,0.0,0.06550336420384552,0.016512293788858833
104_H2,0.0,0.00016176388571110097,1.0120199931407114e-06,0.17311156036836162,0.043318584068516464
104_P1,0.0,0.00023333672389509182,2.4263244995381683e-06,0.07725125913095408,0.01937175554483718
104_NCI,0.0,4.867701414426769e-05,4.0373946831095964e-05,0.10959127538978215,0.02742008158768938
104_MASS,0.0,0.00041832411847230133,7.650160682715068e-08,0.13938122380145263,0.03494990610538294
104_SASA,0.0014089215756788844,6.853655200252554e-05,3.0744669743398845e-07,0.08874819216075543,0.022556489433783567
104_PKB,0.0,7.918146062028844e-05,1.1523495686560636e-06,0.2796181002666234,0.0699246085192031
105_H2,0.0,0.0015042885040214686,1.0627107940308633e-06,0.18261949284103055,0.04603121101396151
105_P1,0.0,4.67458421017636e-05,5.855467293258698e-07,0.162841874750066,0.040722301534724274
105_MASS,0.0,7.132326400138685e-05,7.127513867999369e-08,0.025858388844183455,0.006482445845830881
105_SASA,0.0,8.8090875186999e-06,0.0,0.09503129391516735,0.02376002575067151
105_PKB,0.0,0.00018011166793303532,8.062893357418943e-06,0.24599447339469807,0.06154566198899713
106_P1,0.0,4.166737606033324e-06,1.6705729422028526e-07,0.09130956227769704,0.022828474018149324
106_NCI,0.0,2.5868994799173846e-06,0.0,0.12929694526864022,0.03232488304203003
106_MASS,0.0,0.0024690370422808076,0.0,0.005263615511703511,0.0019331631384960797
106_PKB,0.0,0.0009744066408103522,0.0,0.02545230670455383,0.006606678336341046
107_H2,0.0,1.634474661270767e-05,2.0404642782523297e-05,0.0708066707095769,0.01771085502474303
107_P1,0.0,0.00010824002382689303,0.00022207583242561668,0.08321601998584433,0.02088658396052421
107_NCI,4.057200082240414e-06,2.7240378723452745e-05,4.537209406407783e-06,0.04071682279045448,0.010188164394666644
107_MASS,0.0,1.2702989739456007e-05,4.37581689993749e-07,0.1506180241064308,0.03765779116946506
107_SASA,0.0,9.630326924535059e-05,0.00010782980098156258,0.02071870529313742,0.005230709590841084
107_PKB,3.833082063719073e-08,4.573456016337361e-05,1.814447614378878e-06,0.01693360727493512,0.0042452986533833776
108_H2,8.860130611583239e-05,0.0003217292198069095,1.9568421976146055e-06,0.16268388671407763,0.040774043520549495
108_NCI,0.0,8.519502318622592e-05,3.1728545764053706e-06,0.026428809481403803,0.006629294339791609
108_MASS,0.0,2.6158211189693577e-05,2.0447712358873105e-06,0.0013411491897901417,0.0003423380430539307
108_SASA,0.0,2.903756750346835e-05,4.313048407311726e-08,0.0038145713510173815,0.0009609130122512307
108_PKB,0.0,9.115291810476498e-05,1.3539630344894249e-05,0.04945804010060097,0.012390683162262656
109_H2,0.0,0.00042782352486665966,0.0005075178924016654,0.017136343766704427,0.004517921295993188
109_P1,0.0,0.00045286841937662955,1.1031354461010778e-06,0.014894672909000359,0.0038371611159557723
109_NCI,0.0027821970748435065,0.0012098718753740887,0.00327395461499691,0.105067472939122,0.028083374126084127
109_SASA,0.0013964736349138527,0.001124299314280041,0.0013686784077435732,0.01622842693304127,0.005029469572494684
109_PKB,0.0,0.00014568135768021391,4.707277639681706e-06,0.08330931339063204,0.020864925506487983
111_H2,0.002818589208634937,0.0005394972712339859,0.0009595807641744614,0.06264422205294445,0.01674047232424696
111_P1,6.112195974623381e-11,0.00015897528055425846,1.5463713509689114e-07,0.028052117269643653,0.007052811812113742
111_NCI,0.0,0.0002417454058808338,0.0008119441918097436,0.18790157622110953,0.04723881645470003
112_H2,0.0,8.310135299840643e-05,9.450005563849118e-06,0.1115862902674508,0.027919710406503265
112_NCI,0.0,7.978027186389221e-05,1.6014793800422922e-05,0.15675481544202743,0.03921265262692294
112_SASA,0.0,0.00012464167067263693,9.438949746254366e-07,0.09538209912120268,0.023876921171712487
112_PKB,0.0,5.7555972180133956e-05,0.0,0.1392224519751937,0.03482000198684346
113_H2,0.0,9.068792781847796e-08,0.0,0.11214223096384869,0.028035580412944128
113_NCI,6.553016568537624e-07,3.0509155479147464e-07,0.0012437972472980618,0.03554472183380219,0.009197369868577974
113_SASA,0.0,0.0,0.0,0.016670912455041723,0.004167728113760431
113_PKB,0.0,2.830654199329929e-06,0.0,0.015597049277339793,0.003899969982884781
114_H2,0.0,5.891431611243456e-05,1.0353135166951688e-06,0.034735419324100514,0.008698842238432411
114_P1,0.0,3.307203854714348e-05,0.0,0.017479411077346452,0.004378120778973399
114_NCI,0.0,1.2066503094646015e-05,4.1684961615828797e-07,0.19829939881656783,0.04957797054231966
114_MASS,0.0,2.9789115441944065e-05,0.0,0.008639214929704419,0.002167251011286591
114_SASA,0.0,2.135164034499265e-05,0.0,0.016759012355319895,0.004195090998916222
115_H2,0.0,3.2586795697674387e-06,0.0003238733916077763,0.3057348060434161,0.0765154845286484
115_P1,0.0,8.872930811712891e-05,4.466294740268495e-06,0.19440800809187422,0.048625300923682904
115_NCI,5.304905634117945e-05,2.8739607721068066e-05,0.0,0.3772205284140524,0.09432557926952866
115_MASS,0.0,2.570924010815913e-05,1.6094993782189704e-07,0.11049686857438751,0.02763068469110837
115_SASA,0.0,2.2181914837687362e-05,0.0,0.03428833992385185,0.008577630459672385
115_PKB,0.0003148934168621797,0.00010658371434425732,1.750243791320827e-05,0.08656362015856547,0.02175064993192128
116_H2,0.0,0.0006450180125747868,0.0006771688931621611,0.2885134429757113,0.07245890747036206
116_P1,0.0010626046383580506,0.0010079172489056403,0.0005697280284948647,0.22084638515629465,0.0558716587680133
116_NCI,0.00030857822476303994,0.00026198165152157426,2.0397312709974358e-06,0.023733325888301814,0.006076481373964356
116_SASA,3.754864672737617e-05,0.0003379133832320612,4.984808583685663e-06,0.23279306610084308,0.05829337823484655
116_PKB,0.00017303680164401902,0.0011410853556624125,9.46215950534679e-05,0.11242285137698627,0.02845789878233654
117_H2,0.0,4.621707051776147e-06,0.0,0.14859377658640033,0.03714959957336303
117_P1,0.0,2.372755805915819e-05,0.0,0.05260879421800615,0.013158130444016326
117_NCI,0.0,1.0749105201665404e-07,0.0,0.2850567558382301,0.07126421583232052
117_MASS,0.0,1.7043842731538075e-07,0.0,0.037104228301611246,0.00927609968500964
117_SASA,0.0,1.5929062046402608e-07,0.0,0.0575682179420938,0.014392094308178565
117_PKB,0.0,1.301742910551899e-06,0.0,0.13289658695259163,0.033224472173875544
118_H2,5.427710897669802e-05,0.0001787363234287479,2.0716697690659203e-06,0.034010401009219954,0.008561371527848617
118_P1,0.0,8.156060121918242e-05,0.0,0.019716616009496906,0.004949544152679022
118_NCI,0.0,0.0003750918074987925,0.0,0.1934464694070761,0.04845539030364372
118_MASS,0.007893684128893134,0.00044124219023210785,0.005729956086724997,0.13351264537889043,0.03689438194618517
118_SASA,0.008985439285512575,0.0006249285857751569,0.0022676570806652308,0.09738305420852959,0.02731526979012064
118_PKB,0.0,0.00040842288375382064,0.0017718638991937041,0.1929985398692457,0.048794706663048304
119_H2,0.0,8.628758669750243e-05,4.025410362373805e-06,0.4482916224140298,0.11209548385277242
119_NCI,9.461706780698197e-05,8.724847171645506e-05,6.318256055237725e-06,0.12577384740382364,0.031490507799850576
119_MASS,0.0001022471887420731,6.848312772507923e-05,0.0004762879980262369,0.3101522646613756,0.07769982074396724
119_SASA,6.185394288039097e-05,0.00044950968009528126,0.0003964414936490357,0.23444520125990342,0.058838251594132036
119_PKB,0.00020934432048477758,0.00017322099307976108,1.0918749467236921e-05,0.08262937337461773,0.020755714359412376
120_H2,0.0,1.2378999754934491e-05,1.1090353524423335e-07,0.33412464876934367,0.08353428466815846
120_P1,0.0,0.00010151210371116914,0.0,0.17668191530895516,0.044195856853166585
120_MASS,0.0,7.118141002790353e-05,1.2007028999505565e-05,0.09484301302044575,0.02373155036486829
120_PKB,0.00014407847489342993,0.000136861322519745,7.284196908585727e-05,0.28347207664741975,0.0709564646034797
122_H2,0.002681926294369697,0.0003693967870959253,0.0019351826049387455,0.7318466313227905,0.1842082842522987
122_P1,3.153500809408153e-08,0.00025587706310734374,0.0,0.14497460602515527,0.03630762865581768
122_NCI,0.0003015176074743105,0.004134138685605144,0.031046541407704353,0.4637588570511801,0.12481026368799097
122_SASA,0.004036501294124372,9.826033356558073e-05,7.016751624178141e-09,0.04503470011661128,0.012292367190263213
122_PKB,0.00010813911260280177,0.0003895032912679898,7.891221321187913e-05,0.03290846276510255,0.008371254345546305
123_NCI,0.0,7.550240511018091e-05,3.973591901740292e-06,0.0743868255467242,0.01861657538593403
123_MASS,0.0,0.0001314374288240014,9.335075446870178e-06,0.10311224869803058,0.025813255300575363
123_SASA,0.0,0.000138736561969309,0.0,0.07796577431172592,0.019526127718423807
123_PKB,5.831599821917144e-06,0.00013604672683996605,0.0002478176902513951,0.33996564912479865,0.08508883628542799
124_H2,0.0,8.885294572644991e-05,0.000206485201488249,0.035503255489086796,0.008949648409075374
124_NCI,0.0,5.068462051312667e-05,1.955096649908228e-06,0.16898187283475277,0.042258628137978954
124_MASS,0.0,2.787803554873077e-05,5.805556035909376e-09,0.07553175205485331,0.018889908973989518
124_SASA,0.0010076401587542725,3.2047215554341934e-05,0.0,0.06737939871742071,0.01710477152293233
124_PKB,0.0,3.9140995141456e-05,0.0,0.11382231606075978,0.02846536426397531
125_H2,0.0,0.010418100482508933,8.088812286644043e-09,0.16816772085375917,0.0446464573562701
125_NCI,4.580998100923994e-07,5.498465791219002e-06,9.444104216527194e-05,0.10200121597765179,0.025525403396354594
125_SASA,1.0,1.0,1.0,0.028829263501182666,0.7572073158752957
125_PKB,0.0,3.386915013102343e-05,1.3600971726646094e-07,0.15369472949076934,0.038432183662654405
126_H2,0.0,5.1345925257345124e-05,0.0,0.3212053352458115,0.08031417029276722
126_P1,0.0,5.489607585731208e-05,0.00019906170200556517,0.07382313814545152,0.018519273980828598
126_NCI,0.0,3.506898171831136e-07,3.475819099207911e-08,0.33895881115964516,0.08473979915191333
126_SASA,0.00022492605841165227,0.00012014405708801725,2.4064087611463947e-08,0.15340541863477522,0.038437628203590625
127_H2,0.0,6.829705227587349e-06,0.0,0.12993861447058783,0.03248636104395385
127_MASS,0.0,2.467052975888076e-06,0.0,0.009391830156872762,0.0023485743024621625
127_SASA,0.0,4.393100526846744e-06,0.0,0.029832177967371733,0.007459142766974645
128_H2,0.0,9.796949940055695e-08,0.0,0.03536613510467212,0.00884155826854288
128_NCI,0.0,1.8989140788454725e-07,0.0,0.09485791588817645,0.023714526444896085
128_MASS,0.0,7.398106594775298e-07,0.0,0.0020486518404935583,0.000512347912788259
128_SASA,0.0,3.760591341053906e-08,0.0,0.016699907160735144,0.004174986191662139
128_PKB,0.0,3.703770102748489e-09,0.0,0.06562770443839266,0.01640692703554069
129_H2,8.087307306473537e-07,3.1523447517454744e-05,3.44772961398121e-05,0.05635578088372444,0.014105647589528088
129_P1,0.0,8.119845438986798e-05,0.0,0.018220903082846435,0.0045755253843090754
129_NCI,0.0,8.42150330563886e-05,0.0,0.0010213442996968632,0.000276389833188313
129_MASS,0.0,1.5454243759476203e-06,0.0,0.049516998376337835,0.012379635950178446
129_SASA,0.0,5.369339794607791e-06,0.0017908227164298296,0.03974831507490172,0.01038612678278154
129_PKB,0.0008047859831877952,0.00019938078486466895,0.0,0.19788927546758592,0.04972336055890959
130_P1,0.0,5.9641723927971436e-05,8.656325917399954e-06,0.11477680983229573,0.028711276970535275
130_NCI,0.0,3.391283577082384e-05,3.004311838594731e-05,0.103997667017855,0.026015405743002942
131_H2,0.0,1.874986054054796e-06,0.0,0.011585742252984105,0.00289690430975954
131_NCI,0.0,4.915611461846114e-06,0.0,0.003949693779060934,0.0009886523476306949
131_MASS,0.0,3.8661951734851764e-05,0.0,0.0016456938103232477,0.00042108894051452484
132_H2,0.0,1.492563847778154e-06,0.0,0.04534235296845987,0.011335961383076913
132_P1,0.0,2.073570528631595e-06,0.0,0.024064566645210887,0.00601666005393488
132_MASS,0.0,2.8834759558738047e-07,0.0,0.0019037250208528613,0.00047600334211211215
132_SASA,0.0,4.829663666246008e-07,1.0565949537522101e-07,0.016084991806057297,0.004021395107979824
132_PKB,0.0,3.4149386448577833e-07,0.0,0.09082344662510554,0.022705947029742508
133_H2,7.832304014769497e-05,4.668767652495746e-05,3.991823177784681e-06,0.09723923696773909,0.02434205987689738
133_P1,0.0,3.426680916776654e-05,4.117374885481695e-07,0.10894228570641769,0.0272442410632685
133_NCI,0.00010803753378997055,9.749980639759892e-05,3.469926241450594e-06,0.2250919570053718,0.056325241067950206
133_PKB,0.0,3.9650450327870366e-05,1.5190666147191223e-07,0.14231272861831695,0.03558813274382657
134_P1,0.0,5.380753558083142e-05,0.0,0.003974246922471946,0.0010070136145131944
134_NCI,0.0,1.1607926335153743e-06,0.0,0.011309229061658377,0.0028275974635729732
134_MASS,0.0,1.675356523952712e-06,0.0,0.012134586247510402,0.0030340654010085886
134_PKB,0.0,3.905945377386913e-07,0.0,0.001453670265987344,0.00036351521513127067
136_H2,1.532242947087402e-06,8.898592941951169e-07,1.164085716709451e-07,0.05966232750780662,0.014916216504654892
136_P1,0.0,4.027167318063521e-07,2.9267292234180786e-07,0.028657220884571524,0.007164479068556418
136_NCI,0.0,1.3755319761670319e-06,0.0,0.014195565711429992,0.00354923531085154
136_MASS,6.960508374339364e-06,1.0729631664590613e-06,0.0,0.04642095146571844,0.011607246234314809
136_PKB,0.0,1.8290799592311096e-06,0.0,0.08471375739946489,0.02117889661985603
137_NCI,1.1159374411641479e-05,3.1381187277811263e-05,7.399642981908983e-06,0.009399253849092378,0.002362298513440935
137_MASS,0.0,9.56201010787838e-06,4.385603460832499e-06,0.15305055366404594,0.03826612531940366
137_SASA,0.0,0.00015162024046959626,6.9705611167592e-06,0.18503888782937547,0.04629936965774046
138_H2,0.0,4.1632399105128575e-05,5.4729869589209557e-05,0.08337606199484726,0.0208681060658854
138_P1,0.0,1.1358063797078074e-05,0.0,0.022217448013128742,0.005557201519231455
138_NCI,0.0,5.001030997996802e-05,0.0,0.11405353331612801,0.028525885906526993
138_SASA,0.0,1.9605029820037207e-06,0.0,0.03783954830232696,0.009460377201327242
138_PKB,0.0,4.128246716533463e-05,0.0,0.2873879570352102,0.07185730987559388
139_H2,0.0,2.1173470926523229e-07,0.0,0.03891470705709679,0.009728729697951514
139_NCI,0.000215798574542246,2.4756640152147143e-06,0.0,0.10915607243399315,0.027343586668137652
139_MASS,0.0,7.45192881813698e-09,0.0,0.03383527974709237,0.008458821799755297
139_SASA,0.0,4.971982874793793e-07,0.0,0.025490412944526326,0.006372727535703451
139_PKB,0.0,8.199462148281952e-07,0.0,0.007638405189141787,0.0019098062838391538
140_H2,0.0,3.9214224149520383e-07,0.0,0.07824214879443804,0.019560635234169885
140_P1,0.0,1.640697572486761e-05,0.0,0.055974985685529666,0.013997848165313633
140_MASS,0.0,1.5180178298743125e-08,0.0,0.030266841312077762,0.007566714123064015
140_SASA,0.0,7.768197490375795e-07,0.0,0.018860908363844863,0.004715421295898475
140_PKB,0.0,8.840190455321748e-08,0.0,0.3789946519370504,0.09474868508473874
141_H2,0.00013713106034463968,2.9811334213861553e-06,0.0,0.08712179118807473,0.02181547584546019
141_P1,0.0,3.389503526999495e-05,2.0160027816018555e-06,0.017263716091221355,0.004324906782318238
141_NCI,0.0,2.1412112575192354e-06,1.9649932880838605e-07,0.1452555725094549,0.036314477555010306
141_MASS,0.0,1.2522306666498752e-07,0.0,0.04433672590827254,0.011084212782834802
141_SASA,0.0,1.5816375159008828e-05,0.0,0.02981351766540925,0.007457333510142065
141_PKB,0.0,1.1101040234563395e-05,3.939555881515844e-07,0.11068310997412471,0.027673651242486857
142_P1,0.0,0.0,0.0,0.011965651370415284,0.002991412842603821
142_NCI,0.0,8.071296712729684e-08,0.0,0.0568698170664087,0.014217474444843958
142_SASA,0.0,2.766307977205747e-07,0.0,0.015526571998109603,0.003881712157226831
142_PKB,0.0,6.082769882647029e-05,0.0,0.1921661304580397,0.04805673953921655
143_H2,0.0,4.270711924617793e-05,1.6683143257978372e-05,0.06959048715652885,0.01741246935475825
143_P1,0.0,3.5486200704810483e-05,3.296109935035929e-05,0.03942765743646986,0.009874026184131256
143_NCI,0.0,1.260596339478384e-05,2.9078539682814153e-06,0.10320484331336842,0.02580508928268287
143_MASS,0.0,2.311270506612865e-05,1.1981805982941296e-06,0.001972996460820834,0.0004993268366213142
143_PKB,0.0,4.9994551286473275e-05,0.0,0.05975849194643778,0.014952121624431063
144_P1,0.0,3.109704065951125e-05,0.0,0.09754169352593174,0.024393197641647813
144_MASS,0.0,0.00016142468256478498,0.0,0.12773247271236676,0.031973474348732885
144_SASA,0.0,9.65641621329248e-05,0.0,0.13201166355411012,0.03302705692906076
144_PKB,0.0,2.254005910494677e-05,0.0,0.17774088433610655,0.044440856098802876
145_H2,0.0,1.2721728377837871e-05,7.628370894963155e-07,0.057559505287377244,0.014393247463211144
145_P1,0.0,1.4242464332717751e-05,0.0,0.0864331079865636,0.02161183761272408
145_NCI,0.00015742926626800222,6.442554379798714e-07,0.0,0.16578655199504677,0.04148615637918819
145_SASA,0.0,0.00015096283850917042,0.0,0.0832139018285503,0.02084121616676487
145_PKB,0.0,6.770542338057458e-06,0.0,0.168298805147855,0.042076393922548264
146_P1,0.0,1.7907708206821121e-06,1.2487981848607888e-06,0.04402070418175895,0.011005935937691122
146_NCI,0.0,8.618564435988404e-06,1.9467454421828734e-06,0.02934937128326435,0.00733998414828563
146_PKB,0.0,3.7164359563218265e-06,1.4742347502760822e-06,0.049543862975692486,0.01238726341159977
147_H2,0.0,9.990663998455893e-05,6.230476401469787e-07,0.1244114345695879,0.031127991064303154
147_P1,0.0011264858007374022,0.0004544002308104769,2.2412014004657976e-06,0.042064774500316204,0.010911975433316137
147_SASA,0.0,4.8368299159571305e-06,6.664355623797746e-06,0.011722577535351164,0.0029335196802227296
147_PKB,0.0,8.56879279808608e-05,4.4819698814535514e-05,0.03922450813037659,0.009838753939292996
148_H2,0.0,4.447633366537348e-07,0.0,0.0234353676618955,0.005858953106308038
148_NCI,0.0,0.00014934743492832708,0.0,0.08322609699034782,0.020843861106319035
148_MASS,0.0,5.523093089512365e-06,0.0,0.002376339169277359,0.0005954655655917179
148_SASA,0.0,3.662075718658343e-05,0.0,0.012291562556736205,0.003082045828480697
148_PKB,0.0,1.9721031985272828e-06,0.0,0.03180829439105595,0.00795256662356362
149_H2,0.0,0.00018266714467779442,1.1212470099053462e-06,0.09913691969434081,0.024830177021507128
149_P1,0.0,9.020502107008465e-05,7.489909876312595e-06,0.0007491901029336709,0.00021172125847001704
149_SASA,0.0,0.0071889626871740105,3.4100539778592065e-06,0.14128157403444758,0.03711848669389986
149_PKB,0.0,0.00013198160379007998,1.4726822428201558e-06,0.0631413686474019,0.0158187057333587
150_H2,0.0,6.934803826314054e-05,0.00035137866507284343,0.09686298813953782,0.02432092871071845
150_P1,0.0,0.00012877736132206838,2.5314116101071704e-06,0.06025478376378915,0.01509652313418033
150_MASS,0.0,4.512452475374116e-05,5.054058419773355e-05,0.025112950452781595,0.0063021538904332675
150_SASA,0.0,0.00016741168191279502,0.0001602418051334098,0.0743695566527659,0.018674302534953027
150_PKB,9.81661173660069e-07,9.919439385565156e-05,1.1162615919602104e-05,0.008800642300804767,0.0022279952429384202
151_H2,0.0,1.9866743875410853e-05,2.7255426175543107e-05,0.19890923316879017,0.04973908883471028
151_P1,0.0005708352704054757,2.0696935332279733e-05,9.08806669031037e-06,0.15192291995337653,0.03813088505645115
151_NCI,0.000401139243221908,0.00010291160204337768,3.403939990676008e-05,0.47627728123379215,0.11920384286974105
151_MASS,0.0,1.1939237324888298e-05,1.715473899821518e-06,0.19475199663032972,0.04869141283538861
151_SASA,0.0,4.915800448111217e-05,1.7488541459442786e-07,0.04456566910427323,0.011153750498542234
151_PKB,0.0,3.435280585084483e-05,2.648787642556272e-07,0.05887796238320507,0.014728145016955043
152_H2,0.0,5.660534359295856e-06,9.237784842630603e-11,0.37799375421227155,0.09449985370975217
152_P1,0.0,6.753231835638873e-05,1.3471560578182107e-07,0.13959901545543882,0.034916670622350245
152_NCI,0.0,6.722422815984561e-05,0.0,0.009780172438501112,0.0024618491666652397
152_MASS,0.0,5.896788827517207e-05,0.0,0.025161798778686312,0.006305191666740371
152_SASA,0.0,4.937352329592554e-05,0.0,0.12282712142196259,0.03071912373631463
152_PKB,8.169077191917037e-06,8.86209946001213e-06,0.0,0.08173004474098125,0.020436768979408295
153_H2,0.0,0.0002004850457271385,0.0002241523179691285,0.15811806499020065,0.03963567558847423
153_P1,0.0,3.894055598619482e-05,0.0,0.033547599175217976,0.008396634932801043
153_NCI,0.0,0.0002696032977342561,0.0,0.04859891531269112,0.012217129652606344
153_MASS,0.00030947550716711947,1.9081267177986965e-05,2.64057642418436e-09,0.015890684492468228,0.00405481097684744
153_SASA,0.0,5.5806386437777544e-05,0.0,0.03144893166231522,0.00787618451218825
153_PKB,0.0,0.00021038334305401943,1.8619708441747207e-07,0.09823041578191163,0.02461024633051252
154_H2,0.0,7.034579713787125e-05,5.644335760734975e-05,0.0992109680621186,0.024834439304215954
154_P1,0.00011148295840462658,0.00014994627229458283,4.418007392814616e-06,0.06876470822328826,0.01725763886534507
154_MASS,4.189700760558921e-06,4.057623906038255e-05,1.4216452655091416e-06,0.0012886414155124637,0.0003337072501497286
154_SASA,1.628547732911816e-08,0.0003499866014741228,0.0,0.00047632921425442204,0.00020658302530146848
154_PKB,2.540365066620231e-06,9.133427845587562e-05,0.00011109501792816445,0.14594383936298708,0.03653720225610944
155_H2,0.0,0.00016462308483515095,3.1473159651795868e-06,0.16298924381239005,0.04078925355329759
155_P1,4.470189696952045e-05,3.9300698909398786e-05,1.9866370166710112e-06,0.0016499703098108412,0.00043398988567660787
155_MASS,4.7024062540906735e-05,0.00013805065839502654,6.8108934101474006e-06,0.12466892418101573,0.031215202448840452
155_SASA,0.0,7.515546727266126e-05,0.0,0.059623322176195745,0.0149246194108671
156_H2,7.316400664464881e-06,5.891197947609851e-05,7.184971195783874e-08,0.09873570153715991,0.024700500441753107
156_P1,0.0,0.0007726875599298365,0.0,0.01523785162185922,0.004002634795447264
156_NCI,8.131873973323866e-06,0.00010039338529987692,0.0,0.5385127613231747,0.13465532164561198
156_MASS,0.0,2.7555975454607967e-05,0.0,0.10125120205387435,0.025319689507332238
156_SASA,0.00023558843483599307,4.780499107714241e-05,0.0,0.07409640759935777,0.018594950256317726
156_PKB,0.0,3.7210213074321e-05,0.0,0.3061672933167545,0.07655112588245722
157_H2,0.0,0.00020527780001653194,5.07883851241786e-06,0.14505613516086982,0.03631662294984969
157_P1,0.0,2.3564406616617692e-05,2.0322652005688724e-07,0.00983350976035312,0.0024643193483724485
157_MASS,0.0,1.1202114115034713e-05,0.0,0.05304000690020484,0.013262802253579968
157_SASA,0.0,2.0928226741990808e-05,4.2920609644170327e-07,0.01913417378050844,0.004788882803336718
157_PKB,6.720849008457288e-05,0.0021916792834965385,8.379761311516631e-06,0.14325098387457674,0.03637956285236734
158_H2,7.791721440961507e-05,0.00020418361008246397,7.490202551707625e-05,0.035315940409870045,0.0089182358149698
158_MASS,0.00021133677681410426,3.2684208178749786e-05,3.3021173294400796e-05,0.09069919652674492,0.022744059671258043
158_SASA,0.00011608869358596505,8.193933959077419e-05,2.299175093867234e-06,0.05880347819549134,0.014750951350940487
158_PKB,0.0,0.0002882386486838305,3.09972238028422e-05,0.2913624906589609,0.0729204316328619
159_H2,0.0,1.9799098486506085e-05,4.789651575265452e-05,0.11999077413297748,0.030014617436804163
159_P1,0.00104378293256599,0.0004492819688824925,0.0012724569533020258,0.1460795063183174,0.03721125704326698
159_NCI,0.0,2.075401545824954e-05,2.410780689388048e-05,0.03734139826426049,0.009346565021653156
159_MASS,1.5019202290161828e-06,2.4115038859000055e-05,5.163378204997571e-07,0.08496884554111853,0.02124874470950676
159_SASA,0.0,5.8172496037005245e-05,0.0,0.0901724386792782,0.0225576527938288
159_PKB,0.0,1.3933443871227683e-05,9.420110131941328e-07,0.21396709919337564,0.05349549366206502
160_H2,0.0,1.70142768811282e-05,9.816350029723253e-06,0.05808092881822082,0.014526939861282917
160_P1,0.0,3.2156608785927135e-05,0.0,0.002326350962660638,0.0005896268928616413
160_NCI,0.0,1.5656179063496256e-05,1.523528908364824e-06,0.45645040132559794,0.11411689525839246
160_MASS,0.0,5.7393510466232555e-06,1.2117246228626755e-07,0.011092450796430947,0.0027745778299849643
160_SASA,0.0,1.2899428790979199e-05,0.0,0.004184182682123081,0.0010492705277285151
161_P1,0.0,8.582428653799015e-06,0.0,0.03156355852238612,0.00789303523775998
162_P1,2.818930122342462e-05,0.00023462180072883994,3.6311121220933273e-05,0.001509744922463172,0.00045221678640909244
162_NCI,0.0,0.00022393081037713422,4.024536247015931e-05,0.14419456453405838,0.03611468517672642
162_MASS,6.536944194757254e-06,0.0001696901171110393,0.00014130871568340808,0.06915110024030711,0.01736715900432408
162_SASA,0.0002060372289694535,0.00019150380901391756,6.329706957330927e-05,0.0713746677791908,0.01795887647168687
162_PKB,0.0010868336522287612,0.000166381166882048,0.000979654025286436,0.13518939560712204,0.03435556611287982
163_H2,0.0,5.5593219991564375e-05,0.0008715022122487426,0.22830711696055983,0.05730855309820004
163_NCI,0.0,3.903980492306349e-05,1.6519109067303361e-06,0.05107182942786985,0.012778130285924911
163_MASS,0.0,1.8372346579715013e-05,1.685790266492404e-06,0.02323036666270523,0.005812606199887859
163_PKB,0.0,0.00015901515957219322,2.8739175832015462e-05,0.20777778008490747,0.05199138360507792
164_H2,0.0008015780047829305,8.291102562534627e-05,0.00013151852181181312,0.09236642353917429,0.023345607772848595
164_NCI,8.303663434368116e-05,0.00011739839387994132,0.0,0.1457378410210756,0.0364845690123248
164_MASS,0.0,4.654770722005952e-06,6.936303265092647e-08,0.017778675754134148,0.0044458499719722015
164_SASA,0.0,2.7484791733268823e-05,0.0,0.014156050335585849,0.0035458837818297794
164_PKB,5.229626319399674e-05,0.00022369784676844372,0.0,0.2013677242832625,0.05041092959830623
165_H2,0.0,4.587567009011297e-05,2.8066115191904828e-05,0.00431512355284147,0.001097266334530872
165_P1,0.0,0.0001074520192040162,7.454893875546986e-06,0.0631035239869074,0.01580460772499674
165_NCI,0.0,0.00012530954672398912,2.5066836315090768e-05,0.14330995419555773,0.0358650826446492
165_MASS,0.0001728156996518269,3.1487735256217786e-05,5.217357283981983e-06,0.06003591264415423,0.015061358359086563
165_SASA,0.0,9.491161748523039e-05,0.0,0.06343721938636,0.01588303275096131
165_PKB,0.0,0.00011060783561597546,1.5499184883083217e-05,0.18105741988084542,0.04529588172533612
166_H2,0.0,9.989767918852421e-05,3.1655085876991507e-06,0.34817393020114723,0.08706924834723086
166_P1,0.00021441697769699123,4.8355714765145156e-05,1.7234651750186458e-05,0.16880483648892206,0.042271210958283595
166_NCI,0.0,0.00013158185158498216,0.00014279196329880506,0.1157099440204285,0.028996079458828074
166_MASS,4.37208159662931e-06,9.010444211253922e-05,5.644332122756168e-05,0.08568569870739051,0.02145915463808181
166_SASA,0.00014571643177765497,0.00017224526949603304,0.0003249256405979395,0.1638470040990186,0.04112247286022255
166_PKB,0.0002345936913243421,5.057407970252043e-05,8.946757589001209e-06,0.1079886467391149,0.02707069031693269
167_P1,0.0,0.0042915948266440485,1.4360838740401505e-08,0.03869456388264875,0.010746543267532884
167_NCI,0.0,2.311200190956141e-06,2.328364189452259e-06,0.1423071789034945,0.03557795461696873
167_MASS,0.0,0.007210646124756595,0.0,0.1959909944399764,0.05080041014118325
167_PKB,0.0,2.2041390378793572e-06,0.0,0.4308514384502582,0.10771341064732402
168_H2,0.0,0.00026043794112400775,1.6652842532494105e-05,0.18494393509355614,0.04630525646930316
168_P1,0.0,0.0003111797619809589,0.0,0.1113484591104533,0.027914909718108564
168_NCI,0.0,4.350617392416818e-06,0.0,0.07986621680968056,0.019967641856768244
168_MASS,0.00027084218266482216,0.00010712332998356617,1.504925677409119e-07,0.2047975182681984,0.05129390856835363
168_SASA,0.0,5.60156043438486e-06,1.6640478861518204e-07,0.18903588421774045,0.047260413045740864
168_PKB,0.0,0.00015811689870554258,5.784750101156533e-08,0.2322754517539506,0.058108406625039286
169_H2,3.100230496579553e-05,9.060253842648867e-05,2.506542659830302e-05,0.06558405457067201,0.01643268121016565
169_P1,0.0,6.195462139608453e-05,1.3271534953673836e-05,0.1490261846348267,0.03727535269779411
169_NCI,0.0,0.00011790378972845414,3.138992178719491e-05,0.18811400153658514,0.0470658238120252
169_MASS,0.0,9.793443333093766e-05,0.0017538588726893067,0.09329695423235852,0.02378718688459469
169_SASA,0.0007393452162943605,0.00019877518041811395,3.224259126000106e-05,0.11123478711363839,0.028051287525402716
169_PKB,0.0,0.00012818727157783648,2.106077317876043e-06,0.18319095011732686,0.045830310866555646
170_H2,0.0,9.370577065435332e-06,1.009147538866273e-07,0.03340801708385278,0.008354372143918026
170_P1,0.0003257356583558948,2.2960535227481286e-05,2.617236714286264e-05,0.04453979441121671,0.011228665742985736
170_NCI,0.00022951383791850342,2.061424185587458e-05,0.0,0.17708081065969336,0.04433273468486693
170_MASS,0.0,6.705666204779605e-05,1.8740587393040187e-06,0.20738437463485362,0.05186332633891018
170_SASA,0.0,5.944134275084492e-06,0.0,0.15166829002304147,0.037918558539329135
170_PKB,3.6698378147520002e-06,1.514814557789645e-05,1.4175312799125095e-06,0.3622717017606484,0.09057298431883024
171_H2,0.0,1.0115183872505403e-07,0.0,0.0011277956182343795,0.00028197419251827616
171_P1,0.0,0.0,0.0,0.01481870517993654,0.003704676294984135
171_NCI,0.0,0.0,0.0,0.028958174083364215,0.007239543520841054
172_H2,0.0,3.731765626960628e-05,4.608756626112154e-06,0.1084233159195096,0.02711631058310133
172_P1,0.0,5.317322149832911e-05,0.00019368967332411557,0.026963718240821475,0.00680264528391098
172_NCI,0.0,9.986353603680483e-06,2.9628778065671213e-05,0.06616713044542072,0.016551686394272517
172_MASS,0.0,5.266342155155114e-05,2.8030970042891568e-06,0.08605982219733911,0.021528822178973738
172_SASA,0.0,0.0001077934173124703,0.0006926775095053017,0.1087907225119693,0.02739779835969677
172_PKB,0.0,0.0002496760513872374,0.0,0.16069282538218257,0.04023562535839245
173_H2,0.0,9.965980123711777e-05,0.00019091391004621983,0.3380367421806499,0.0845818289729833
173_P1,1.4835395172517558e-05,7.558473037152053e-05,0.001744948560371995,0.0474379011238972,0.01231831745245331
173_NCI,0.0,7.888380295303258e-05,5.039602797296538e-07,0.05087756158700851,0.012739237337560319
174_H2,0.0,0.0,0.0,0.2764174700502806,0.06910436751257015
174_P1,0.0,6.149430255407458e-07,0.0,0.05130035598650066,0.01282524273238155
174_NCI,0.0,1.3575496070383695e-06,0.0,0.11368911335532186,0.028422617726232224
174_MASS,0.0,9.665550934754832e-08,3.740380805083987e-08,0.05772463126287774,0.014431191330548784
174_SASA,0.0,3.620749796505455e-05,3.025612841156544e-06,0.026111851975413665,0.006537771271554969
174_PKB,0.0,5.318152718765984e-07,0.0,0.07228258483247484,0.018070779161936678
176_H2,0.0,1.5175797690664566e-05,0.0,0.1793187978518122,0.04483349341237572
176_P1,0.0,3.488089014564533e-05,0.0,0.0681842925200096,0.01705479335253881
176_NCI,0.0,1.116647244531536e-05,0.0,0.0230491136150822,0.005765070021881879
176_MASS,0.0,2.914773100188861e-05,0.0,0.06568095166276808,0.016427524848442492
176_PKB,0.0,4.716661588068811e-05,0.0,0.11054004119545076,0.027646801952832863
178_H2,0.00012504225641341772,3.269517615927249e-05,4.925585017190315e-05,0.026152033570386493,0.006589756713282772
178_P1,7.965431053801875e-05,3.939153914893941e-05,0.0,0.12148441673080004,0.03040086564512175
178_NCI,0.0,2.993227524157444e-05,0.0,0.20123776176187136,0.05031692350927823
178_MASS,0.0,3.561791039347401e-05,0.0,0.21239200333616817,0.05310690531164041
178_SASA,0.00014271812025503877,2.7618944605669175e-05,0.0,0.13034709581639764,0.03262935822031459
178_PKB,0.0,8.851860057391531e-05,0.0,0.09262118694130157,0.023177426385468873
179_H2,0.0005089521423376518,5.537614827412955e-05,8.666262374390499e-07,0.1097229545371854,0.027572037363508658
179_MASS,0.00022815776090261,8.531119624427575e-05,0.00014258211012929678,0.0364723921273015,0.009232110798644421
179_PKB,0.0013376426582810252,0.00010158754073409508,0.0004696805262938142,0.035787448315405514,0.009424089760178613
181_H2,0.0,0.00021401008298246852,0.003313921857625246,0.5221373318694469,0.13141631595251366
181_P1,0.0,6.464558388767833e-05,3.8085318010416813e-06,0.4193279536842717,0.10484910194999011
181_NCI,0.004574008328263497,0.0026289669186429095,0.002708179410547018,0.4516233727184453,0.11538363184397468
181_MASS,0.0010174106442126759,0.00018262423235202495,0.0,0.2851076759719702,0.07157692771213373
181_SASA,0.0,6.98296687743668e-05,0.0,0.22590195032425545,0.05649294499825745
181_PKB,0.001254160196102778,0.00018975103015982038,0.0,0.30180434846405874,0.07581206492258033
183_H2,0.0,0.00011576734722087678,0.000818656524643302,0.10151209448233535,0.025611629588549883
183_P1,0.0,0.00011297729852549451,0.0,0.027606939645076604,0.006929979235900525
183_NCI,0.0,2.5655181476396177e-05,2.375939445187214e-08,0.2712694739501197,0.06782378822274764
183_MASS,0.0,0.0003011072549013486,6.355725190587691e-07,0.012902150608341777,0.003300973358940546
183_SASA,0.0,0.00023845233252662055,1.4023302128407522e-06,0.014984533864416914,0.003806097131789094
183_PKB,0.0,0.00031239839074216744,0.0032463050447404385,0.45219326916725777,0.11393799315068509
184_H2,0.0,1.558571275356183e-05,0.0,0.05326737920579387,0.013320741229636859
184_P1,0.0,2.9732619482846072e-05,0.0,0.03694021262367268,0.009242486310788882
184_NCI,0.0,0.0018698349581666525,0.0,0.14072332891275707,0.03564829096773093
184_MASS,0.0,5.409317920581142e-05,0.0,0.007068302160502584,0.0017805988349270988
184_SASA,0.12335156930520663,0.1901795092218221,0.560200035572052,0.0032591290742318094,0.21924756079332813
184_PKB,0.0,2.2125171550714015e-08,0.0,0.017249578805836246,0.004312400232751949
185_H2,0.0,5.9053385444656775e-05,0.006585015915334225,0.08072669668068026,0.021842691495364785
185_P1,0.0,2.372238030540799e-05,0.0,0.02128134965707812,0.005326268009345882
185_NCI,0.0,0.00027603792361040634,2.8937082063862363e-08,0.04459672392022168,0.011218197695228537
185_MASS,0.0,2.547971576314372e-06,5.3210633268463425e-06,0.0043454466901970325,0.0010883289312750483
185_PKB,0.0,2.353422164701729e-05,0.0,0.08922664999997885,0.022312546055406467
186_H2,0.0,0.00012344039307564104,2.3228888039739104e-06,0.08072487775209664,0.020212660258494063
186_P1,0.0,2.5351190280112965e-07,0.0,0.06237439846567035,0.015593662994393288
186_NCI,0.0,0.002851671213042035,0.0,0.07297610632380905,0.01895694438421277
186_MASS,1.8596936443083687e-06,0.0009601742987853819,0.0,0.05585185015547548,0.014203471036976292
186_SASA,0.0,2.4118884031913823e-05,0.0,0.03092057836442073,0.007736174312113161
186_PKB,6.148629023424188e-06,4.414301259985823e-05,0.0,0.20107655381970704,0.05028171136533258
188_NCI,0.0,2.713490171975307e-05,1.0432663799520014e-07,0.1691923159828499,0.042304888802801914
188_MASS,0.0,2.2817455828999737e-07,0.0,0.05002134864572277,0.012505394205070264
189_H2,0.0036071747141336163,1.0795849478296937e-05,4.888240141553979e-07,0.03748869085900487,0.010276787561657735
189_P1,0.0,1.437878174065161e-06,0.0,0.0031198410364113765,0.0007803197286463604
189_MASS,0.0,1.2391351636475587e-06,2.398803871983546e-06,0.028168790323737484,0.007043107065693279
189_SASA,0.004666361557166631,3.1796240533276895e-05,0.0,0.009882135745454771,0.0036450733857886696
191_H2,0.0,1.3857346457920944e-07,0.0,0.1155425592358228,0.028885674452321843
191_P1,0.0,1.0347575250848847e-08,0.0,0.031793065585706264,0.007948268983320378
191_NCI,0.0,2.6211708654817793e-06,0.0,0.02901607628596712,0.007254674364208151
191_MASS,0.0,0.0,0.0,0.03928501275117222,0.009821253187793056
191_PKB,2.9597335283828884e-06,1.6510378905667785e-06,0.0,0.03814979570935714,0.009538601620194024
192_H2,0.0,7.751696242483534e-05,0.0,0.01841315452568786,0.004622667872028173
192_P1,0.0,3.8918020142471264e-08,0.0,0.03425751674923479,0.008564388916813732
192_PKB,0.0,2.2566088135473187e-05,0.0,0.014783578222465971,0.003701536077650361
193_H2,0.0,9.353274059885435e-05,2.739549017860554e-06,0.23334074908659774,0.05835925534405362
193_P1,0.0,5.099011258250491e-05,0.0,0.06326424139804955,0.015828807877658013
193_MASS,0.0010008147125122864,0.00020064839426335004,0.0007418406312353909,0.12643077574311937,0.0320935198702826
193_SASA,0.0014102914124407102,7.053962817147181e-05,0.0,0.1552624166386965,0.03918581191982717
193_PKB,0.0,4.9166306462986244e-05,0.0003112886333838105,0.020623248707550865,0.005245925911849416
194_P1,0.0,2.8459543756972252e-05,1.1557474408618873e-06,0.013105110424124539,0.003283681428830593
194_NCI,0.0,4.346206828183103e-05,1.3952853805676568e-07,0.058730947832646915,0.014693637357366701
194_MASS,0.0,1.4751029985548708e-05,2.322787986486219e-05,0.03613211328048752,0.009042523047584483
194_SASA,0.0,2.4747380481380762e-05,0.0006018527201376855,0.0859636587807716,0.021647564720347665
194_PKB,0.0,1.3775869638364671e-05,5.616146154352464e-05,0.05756628932003227,0.01440905666280354
195_P1,0.0,0.0007473369295830484,0.0029040873050689697,0.09977548183810174,0.02585672651818844
195_NCI,0.0016191379322228912,0.0001767523774090464,0.00011271276162005961,0.15779319815007883,0.039925450305332705
195_MASS,0.0,9.934273088408298e-06,1.816404255805537e-05,0.017152423508578426,0.004295130456056223
195_SASA,0.0,0.00013175972396083327,1.2728609135592706e-06,0.043007083368555785,0.010785028988357544
195_PKB,0.0,0.000490600518498172,8.667101383252884e-07,0.08590943934725871,0.0216002266439738
196_H2,3.0610716862629125e-06,3.5368092238994536e-06,1.0010459845943842e-05,0.03617707872462705,0.009048421766345788
196_P1,0.0,1.8929005321703318e-05,2.5019526219693944e-06,0.018879965016132247,0.00472534899351898
196_NCI,0.0,0.0067359725398989665,3.882741452798655e-07,0.0027099701409943563,0.0023615827387596508
196_MASS,0.0,9.46590544703468e-06,5.835639240103774e-05,0.0027177912869727583,0.0006964033962052077
196_PKB,0.0,6.677807386943415e-05,7.496693433495238e-05,0.07919466723074603,0.019834103059737603
197_H2,0.0,4.346350971033851e-05,6.201731821420253e-07,0.036313576334455526,0.009089415004337001
197_NCI,0.0,5.1845817303739825e-05,0.00018924010510090739,0.017170333750033264,0.004352854918109478
197_MASS,0.0,2.8637031645049405e-05,6.907508236508875e-07,0.18853872350941067,0.04714201282296984
197_SASA,0.000151242104657644,4.8549448672142576e-05,3.44042223332508e-06,0.2128556170155389,0.0532647122477755
197_PKB,0.0,4.940496206547299e-05,0.0,0.07601357162269612,0.019015744146190398
198_H2,0.0,4.961612328734171e-05,1.2326679097895976e-05,0.04509719744741903,0.011289785062451067
198_NCI,0.0,3.1745873553013246e-05,1.1989768609055318e-06,0.05175386005933622,0.012946701227437536
198_MASS,0.0,2.4209592556958502e-05,1.2442394563549897e-06,0.2774631858302995,0.0693721599155782
198_SASA,0.0,6.244908892309294e-05,1.0928145002253586e-06,0.2160882388011564,0.05403794517614493
198_PKB,0.0002244069337872932,0.00013469650196437972,7.823339842616406e-07,0.36264860026922324,0.0907521215097398
199_H2,0.0002472966933620179,3.4359072242433804e-05,7.898240710346727e-07,0.20505805509142913,0.05133512517027616
199_P1,5.587577428817418e-05,5.46134932406799e-05,5.908067350901547e-07,0.0809315164327301,0.02026064912674851
199_NCI,1.215845150309514e-05,0.00019349222664156063,6.146203759271884e-06,0.1599198076167521,0.040032901124664004
199_MASS,0.0,0.00013181218342606376,0.00016843409684952348,0.10634470224975062,0.02666123713250655
199_SASA,0.0,9.933126959769493e-05,1.146431895904243e-05,0.19227906128987407,0.0480974642196077
199_PKB,3.2567622539120182e-06,0.00010451784506699357,0.0007632075576111674,0.12719057279468182,0.03201538873990347
200_NCI,0.0003999302984901514,2.8328847195150825e-05,0.0,0.18913670759101534,0.04739124168417516
200_MASS,0.0001443788142084965,6.459721160386035e-05,0.0,0.14476572159247952,0.03624367440457297
200_SASA,0.0,0.0002090285727434205,3.083663102643186e-07,0.18515860676710058,0.04634198592653856
201_H2,0.0016754932883263373,0.0002010186607446084,3.783762804232538e-05,0.19910782564172347,0.05025554380470919
201_P1,0.0,0.00020184971457876146,5.913906306886929e-07,0.09805470478992792,0.024564286473784343
201_NCI,0.0,3.067958585868239e-05,2.842333742592018e-06,0.1399957663703195,0.03500732207248019
202_H2,0.0,5.618960153836816e-06,1.6602807306753675e-07,0.07961951597359125,0.019906325240454537
202_P1,0.0,3.130666291366071e-05,8.793043804189438e-08,0.06556878188631662,0.016400044119917082
202_NCI,0.0,0.0009697538405416153,1.6958777848685713e-07,0.10207623670632446,0.02576154003366114
202_MASS,0.0,8.951919144769566e-05,0.0,0.03167932138373177,0.007942210143794867
202_SASA,0.0,3.023296359470779e-06,0.0,0.04107191710171089,0.01026873509951759
202_PKB,0.0,0.00011588469293134092,6.908624641255301e-07,0.13132359042401043,0.03286004149485147
203_P1,0.0,1.0458502926540424e-05,3.6271765679884993e-07,0.10721898495856338,0.02680745154478668
203_NCI,0.0,0.0006882349372797078,0.0,0.10091048654118508,0.025399680369616196
203_MASS,0.0,4.210474519212117e-06,0.0,0.026225580869665338,0.006557447836046138
203_SASA,0.0,4.376439817291065e-05,0.0,0.04116906951107316,0.010303208477311518
204_H2,0.0,5.861806841805097e-07,2.063226034465515e-08,0.004510062781052185,0.0011276673984991776
204_P1,0.0,1.126299880366771e-05,0.0,0.024321133366835224,0.0060830990914097225
204_MASS,0.0,2.4959505295148977e-05,9.887255146168172e-06,0.019136194346964966,0.00479276027685157
204_SASA,0.0,4.015487426918428e-05,0.0,0.006511218074564936,0.00163784323720853
204_PKB,0.0,0.0003858620514226643,9.242089760164163e-08,0.30524434511457166,0.07640757489672298
205_H2,0.0,0.0001676888446284727,0.00038674191455356777,0.017955444320317922,0.004627468769874991
205_P1,0.0,5.444354570586925e-05,2.0346769247225893e-07,0.09162796224385991,0.022920652314314564
205_NCI,0.0016850844548457812,0.0004635227581588137,1.2906681376989582e-06,0.226367823436217,0.05712943032933982
205_MASS,0.0,0.00013351407103351907,3.840894180484611e-07,0.13482187682836244,0.0337389437472035
205_SASA,5.774811240874059e-05,0.0004751392922865429,8.658616366119531e-07,0.07326003315387818,0.01844844660505252
205_PKB,3.496162314925235e-08,0.00011734527249694016,5.232281523603888e-07,0.11638015031063843,0.02912451344322772
206_H2,0.0,9.745875385183716e-05,2.4513501557521522e-05,0.2764939803621463,0.06915398815438892
206_P1,4.921620934664e-05,0.0004095867623237295,4.4951666495762765e-05,0.0064397322687509365,0.0017358717267292672
206_NCI,0.0,0.0001443414785351474,4.096708835277241e-06,0.1408226733619949,0.03524277788734133
206_MASS,0.0,0.00015499572004247378,0.0,0.022708519473441286,0.00571587879837094
207_P1,0.02716885312001009,0.004490877232365657,1.0288615158060566e-05,0.04227455609999441,0.018486143766882054
207_NCI,0.0,1.6839443634875203e-05,0.009285848587751389,0.266872116989989,0.06904370125534381
207_MASS,0.0,7.534911196066979e-05,4.748582416169711e-09,0.08764169871606853,0.021929263144152902
207_SASA,0.0,0.00011186535144020678,0.0,0.02648208326137534,0.006648487153203887
207_PKB,0.0,2.594930586339192e-06,0.0,0.04490887642839282,0.01122786783974479
208_H2,0.052017911162980233,0.02759852119761212,0.060296572744846344,0.32085755161864055,0.11519263918101981
208_P1,0.0,1.4780205087080062e-05,1.690262081410765e-07,0.09847460553122031,0.024622388690628882
208_NCI,0.0,9.941243523118538e-05,0.0007323626196011901,0.20060459143937306,0.05035909162355136
208_MASS,0.0,2.0041004935480396e-05,4.282794179744087e-05,0.14992304346253327,0.037496478102316544
208_PKB,0.0,4.348285535947962e-05,0.0,0.1765482416223066,0.04414793111941652
209_H2,0.0,4.545199704244769e-05,2.852133320629946e-06,0.1988666375896126,0.04972873542999392
209_P1,9.573401633283763e-05,9.142329574714412e-05,2.5528801415930502e-05,0.10718146406963201,0.02684853754578198
209_NCI,0.0,0.00012281498559716297,4.755173449666472e-06,0.04497880162489695,0.011276592945985946
210_H2,1.4456843911918153e-06,1.4693499497786162e-05,6.232680789253209e-07,0.07043454107038265,0.017612825880587636
210_P1,0.0004224399680023718,0.00015339702162849204,6.877125713344867e-08,0.1756114267543741,0.04404683312881553
210_MASS,0.0,0.00017164212182897755,4.4279303779148904e-07,0.06812045379779139,0.01707313467816454
210_SASA,2.482163897136398e-08,5.764075268809153e-05,0.0,0.020469630174157503,0.005131823937121142
211_H2,0.0,0.0003410989045908664,0.0,0.13248749419601163,0.03320714827515062
211_MASS,0.002410187702400767,0.0005635601451394826,0.012331404723227024,0.009556889280010632,0.006215510462694477
211_SASA,0.0,0.001074500206736102,0.0062872618436813354,0.004852570522117036,0.003053583143133618
212_H2,0.0,2.936063172804957e-05,0.0,0.05723347491687344,0.014315708887150372
212_NCI,0.0,2.131541616480148e-05,0.0,0.06410722762082027,0.01603213575924627
212_MASS,0.0,4.861997918246035e-05,0.0,0.08831661835079103,0.022091309582493373
212_SASA,0.0,1.761544028491657e-05,0.0,0.060605188732514734,0.015155701043199913
212_PKB,0.0,2.4099085145675437e-07,0.0,0.022528373340793283,0.0056321535829111855
213_H2,0.0,0.0014554882878577433,3.9762442611390725e-05,0.15992966455272026,0.04035622882079735
213_P1,0.0,7.674851730663728e-05,2.29154488806671e-06,0.027664163381379565,0.006935800860893567
213_MASS,0.001728912598397114,0.0005791569394576148,0.00013472369755618274,0.08736850446202114,0.022452824424358014
213_SASA,0.0017021988763835274,0.0010661420631359123,5.48899952264037e-05,0.08840964584842753,0.022808219195793344
213_PKB,0.0012937049935776428,0.0003234600177238303,9.958196642401163e-06,0.10866423504021962,0.027572839562040874
216_H2,0.0,6.165264900105674e-06,4.197186953547316e-08,0.0661497009398136,0.01653897704414581
216_P1,0.0,7.1045942009784915e-06,2.493939973646775e-06,0.054097587601154885,0.013526796533832378
216_NCI,0.00011668070398766778,0.00012627652121024376,0.00012100037565687671,0.12167316371182217,0.03050928032816924
216_MASS,0.0,4.3610803083281026e-05,3.6979531614633743e-06,0.0014891608816810027,0.0003841174094814368
216_SASA,0.0,1.0398289779559087e-05,0.0,0.014735898135318537,0.003686574106274524
216_PKB,0.0,2.0793881094018827e-06,0.0,0.031025695339727006,0.007756943681959102
217_H2,2.8136708751227845e-05,0.00012360803306022235,2.1974124138068873e-06,0.046993956986803406,0.011786974785257165
217_P1,0.0,0.000167817375607571,4.393849394546123e-06,0.04774839847669018,0.011980152425423074
217_NCI,0.00029712380438299814,0.0003763442294154125,3.890525476890616e-05,0.058489031326995795,0.014800351153890778
217_MASS,0.0,0.000388711226877148,2.190753184549976e-05,0.2195611742601422,0.05499294825471621
217_SASA,2.347228753596439e-05,0.00017949963231157675,1.7888569345814176e-05,0.17056970081570869,0.04269764032622551
217_PKB,0.0014316395902749669,0.0013778672815224612,0.0003569951222743839,0.252052758782333,0.06380481519410121
218_NCI,0.0,0.00010575691370826501,7.692365215916652e-06,0.03422308668608858,0.008584133991253191
218_MASS,0.0,4.588966982657403e-05,9.99388430500403e-06,0.03908785349079015,0.009785934261230433
218_SASA,0.0,0.0004660341178448486,0.0,0.03206049528362764,0.008131632350368121
218_PKB,0.0,0.000144445057387112,2.0402595168889093e-07,0.04319812154851746,0.010835692657964064
219_H2,0.0,2.2528539012219955e-06,1.3172366379876621e-06,0.01025321338295628,0.0025641958683738724
219_P1,0.0,1.4904882188325891e-06,1.177896137960488e-06,0.017947612945605228,0.004487570332490505
219_NCI,0.0,0.00016000234405108896,1.1123834156023804e-06,0.1616542454952977,0.040453840055691095
219_MASS,8.334532770537444e-07,2.6920499400788134e-07,0.0,0.04259835402657467,0.010649864171211432
219_SASA,0.0,7.15586116412202e-05,0.0,0.01938293880981458,0.00486362435536395
220_H2,0.0,6.944827725367789e-05,1.8631337297847494e-05,0.09253687887770289,0.023156239623063603
220_NCI,5.870873024314836e-06,1.6660304800775043e-05,1.5477918395845336e-06,0.038324430695513,0.009587127416294418
220_MASS,0.0,7.057835603238561e-05,2.2081261704443023e-05,0.14823471576200534,0.03708184384493554
220_SASA,0.0,0.0001787197182585653,7.877412713241938e-07,0.13515918653835224,0.03383467349947053
220_PKB,0.0,2.9820566228095934e-05,4.5462584807864914e-08,0.13975424284391785,0.03494602721818269
221_H2,0.0,1.3512769433741936e-05,1.805872784643725e-06,0.01920273123983579,0.004804512470513544
221_P1,0.0,8.896039886053608e-06,2.840045976171268e-09,0.04703707370575625,0.01176149314642207
221_NCI,0.0,0.00033900847772758375,0.002158234128728509,0.14100286341529017,0.035875026505436565
221_MASS,0.0,8.981161441971553e-05,0.0,0.10878330256314067,0.027218278544390098
221_SASA,0.0,1.269139033460107e-05,0.0,0.056447281838544944,0.014114993307219886
221_PKB,0.0,4.758229167375807e-05,0.0,0.008901368369505482,0.00223723766529481
222_H2,0.0,4.9813111388277066e-05,0.0,0.11256866125359621,0.028154618591246124
222_P1,0.0,2.2849908039071337e-06,0.0,0.020655499032561732,0.0051644460058414094
222_NCI,0.0,5.263905400322046e-06,0.00021596445003524423,0.059209608837947875,0.01485770929834586
222_MASS,0.0,0.00013460360314235866,1.5658656593586784e-06,0.15879246443549774,0.039732158476074864
222_SASA,0.0,0.00013710086751453642,0.0,0.12479257477450245,0.031232418910504246
222_PKB,0.0,0.000288505267123845,0.0,0.14715833949726845,0.03686171119109807
224_H2,0.044337457885346286,0.019570932210227113,0.00032383162761107087,0.24313630786917612,0.07684213239809015
224_P1,0.0,3.853621754453309e-05,3.1486697480431758e-06,0.08625553426648215,0.02157430478844368
224_NCI,0.0,0.010592487585844192,0.0012610899284482002,0.1873765572594543,0.04980753369343667
224_MASS,0.0,0.00023732736259801762,0.00048377018538303673,0.011550302991146334,0.003067850134781847
224_SASA,0.0,5.378295797232379e-05,0.0,0.03015486040359282,0.0075521608403912865
224_PKB,0.00011218797899620302,4.682892368787299e-05,0.00024260490317828953,0.40305879109763804,0.1008651032258751
225_H2,0.0,8.326781879413334e-06,0.0,0.09834014686973208,0.024587118412902873
225_P1,0.0,4.443571425573057e-05,4.3886072376153606e-07,0.0445397750115975,0.011146162396644248
225_NCI,0.0,3.2241918665285967e-06,4.0158840874937596e-07,0.047111909744182806,0.01177888388111452
226_H2,0.0,7.432046325716298e-06,0.0,0.02481023753194735,0.006204417394568266
226_P1,0.0,6.542697869086112e-07,0.0,0.0026861488219024716,0.0006717007729223451
226_NCI,0.0,5.90077115789709e-06,0.0,0.00012460021516596455,3.262524658096541e-05
226_MASS,0.0,2.048890219023673e-08,0.0,0.01737662692955417,0.00434416185461409
226_SASA,0.0,2.0945057659839584e-06,0.0,0.02006215315897063,0.005016061916184153
226_PKB,0.0,0.0,0.0,0.06340882166643622,0.015852205416609054
227_H2,0.0,3.838070999608203e-05,0.00019071990391239524,0.09663797182297808,0.02421676810922164
227_P1,0.0,1.4802926207251987e-05,0.0,0.0648825184727978,0.016224330349751265
227_NCI,0.0,7.051394741153758e-05,0.0002932822098955512,0.07072212559458117,0.017771480437972064
227_MASS,4.643187802652441e-05,2.037356197926728e-05,9.52811962662281e-09,0.10008608030415338,0.025038223818069697
227_PKB,0.0,1.0866529799751015e-05,0.0,0.17970962180649827,0.04493012208407451
228_H2,0.0,7.167932542034759e-05,7.956731678859796e-06,0.03422330991256066,0.008575736492414967
228_P1,2.6453683471259756e-06,0.00013095141567118928,3.1571253202855587e-06,0.15455367631177763,0.03867260755527906
228_NCI,4.690710783400706e-06,0.00012848076043650637,4.2972555093001574e-05,0.07450155085972145,0.01866942372150859
228_MASS,0.0,5.1189413759547126e-05,5.705225248675561e-06,0.057144117330452014,0.01430025299236506
228_SASA,0.0,3.669466158027469e-05,0.0,0.11577149398650681,0.028952047162021773
228_PKB,0.0,0.0002912653833391742,0.0,0.1063659982412761,0.02666431590615382
229_P1,0.0,2.711114606429909e-06,2.2656326592596088e-08,0.005894547749179476,0.0014743203800281247
229_NCI,0.0,8.284685280454179e-05,3.531711456616904e-08,0.035644089038991265,0.008931742802227593
229_MASS,0.0,3.263417610122986e-06,2.096727621392347e-05,0.09025138865328872,0.02256890483677819
229_SASA,0.0,2.587213642170533e-05,0.0,0.07082992932366382,0.01771395036502138
229_PKB,0.0,5.7896822776796966e-05,0.0,0.13052146770164205,0.03264484113110471
230_P1,0.0,2.4180157104514116e-05,6.228653091966407e-06,0.007565836436629441,0.0018990613117064804
230_NCI,0.0,4.814643829076919e-07,2.0704286285422313e-08,0.06598148722497267,0.016495497348410465
230_MASS,0.0,1.1808705400027138e-07,0.0,0.00120196289733581,0.00030052024609745256
230_SASA,0.0,1.0689991126399707e-06,0.0,0.002587553612506855,0.0006471556529048738
231_H2,0.0,2.780572430252015e-05,0.0001686062169028446,0.11497933934495441,0.028793937821539946
231_P1,0.0,5.9701943952843926e-05,6.176341571517696e-08,0.0461609193828227,0.011555170772547814
231_NCI,0.00020329238999968843,0.0001502580264134718,1.2792579582310282e-05,0.08951950179675973,0.0224714611981888
231_MASS,0.0,0.00020965658623044425,0.0,0.10330870137769006,0.025879589490980126
231_SASA,0.0,0.00011129783987221794,0.0,0.08466900688103654,0.02119507618022719
232_H2,0.0,1.6399596523950282e-05,1.1429244750615908e-06,0.04607404258664073,0.011522896276909935
232_P1,0.0,5.717662620020509e-05,0.0,0.030104091214271603,0.007540316960117952
232_PKB,0.0,0.00027801962807600663,4.0259715206047986e-06,0.3246353901041369,0.08122935892593337
233_P1,0.0,8.990820183495517e-07,9.513821169093717e-06,0.011521024551194563,0.0028828593635955016
233_MASS,0.0,3.546409991961986e-07,5.302039198795683e-07,0.020539327768658324,0.00513505315339435
233_SASA,0.0,4.107949970817361e-07,0.0,0.0161427275728342,0.00403578459195782
233_PKB,0.0017746889435856766,1.9670856482677007e-06,0.0,0.02402509589149479,0.0064504379801821835
234_H2,0.0,3.77566116668532e-08,0.0,0.0957686548534025,0.02394217315250354
234_SASA,0.0,0.0,0.0,0.002370323437129192,0.000592580859282298
234_PKB,0.0,3.918885960442561e-07,0.0,0.018095898396927653,0.004524072571380924
235_MASS,0.0,3.119978229381194e-05,1.6500955098308623e-05,0.0951280495015276,0.02379393755972993
235_SASA,0.0,1.2270459817660664e-06,0.0,0.2016287995289846,0.05040750664374159
235_PKB,6.323451940847976e-07,7.178001936631532e-05,0.0,0.037600116129265615,0.009418132123456505
236_H2,0.0,2.7627604519742392e-05,0.0,0.3152484013113579,0.07881900722896941
236_P1,0.0,0.000796803950219405,0.0,0.14285023714714823,0.03591176027434191
236_NCI,0.05996529998450421,0.040749312960681065,0.1754264384508133,0.001578000007371723,0.06942976285084257
236_SASA,0.0,9.042492018086906e-06,4.900411568087293e-06,0.1140155452369173,0.02850737203512587
236_PKB,2.3633962783043295e-05,6.033312738745184e-05,0.0,0.04482636741475328,0.011227583626230943
237_H2,0.0,1.5949780306482944e-06,0.0,0.07587802186579268,0.018969904210955832
237_P1,0.0,1.3206895778306803e-05,0.0,0.06704875349409462,0.01676549009746823
237_NCI,0.0,6.746638451447041e-07,0.0,0.011062664302650455,0.0027658347416239
237_MASS,0.0,1.4866538953073972e-05,0.0,0.04179116801019652,0.010451508637287398
237_SASA,0.0,1.5464881496377382e-08,0.0,0.0449650609823338,0.011241269111803823
237_PKB,0.0,0.0,2.1676309188478626e-05,0.05189032093626327,0.012977999311362938
238_H2,0.0,3.460578560622349e-05,0.0,0.07826570520426034,0.01957507774746664
238_P1,0.0,6.028192070312628e-08,0.0,0.033760286499541346,0.008440086695365513
238_MASS,0.0,1.3898735442423447e-05,0.0,0.10126632526039611,0.025320055998959635
238_SASA,0.013071373787074295,0.020909932337606837,0.0775374099612236,0.05336804333853985,0.041221689856111146
238_PKB,0.0,0.0009821137826414347,0.0,0.13767358488983228,0.03466392466811843
239_NCI,0.0,6.515272293670115e-06,0.0,0.07395000576695837,0.01848913025981301
239_SASA,0.0,0.00014215862696540847,0.0,0.06939277354587894,0.01738373304321109
239_PKB,0.0,0.0001221695450567175,2.927194509538822e-05,0.18034161706465673,0.04512326463870221
240_P1,0.0,5.379585219038628e-05,0.0005171903758309782,0.07705929334995285,0.01940756989449355
240_MASS,5.167710730128119e-06,4.056498145038887e-07,0.0,0.09122152393852435,0.022806774324767246
240_SASA,0.0,3.97817860308826e-07,0.0,0.098414829677867,0.024603806873931825
240_PKB,0.0,3.5408027822407473e-06,0.0,0.14738079333055965,0.036846083533335475
241_H2,0.0,1.479660669914959e-06,0.0,0.050437464717889305,0.012609736094639805
241_P1,0.0,0.00012348057012728618,7.457631909346674e-06,0.0801145589043168,0.02006137427658836
241_NCI,0.0,4.657980115772997e-06,4.351369170763064e-06,0.10204692068722132,0.025513982509126964
241_MASS,0.0,6.21061681751005e-06,2.8330744044069434e-06,0.09950527673173742,0.024878580105739834
241_SASA,0.0,5.7766464082047885e-05,0.0,0.058061217223794155,0.014529745921969052
241_PKB,0.0,5.836121764014743e-05,0.0,0.2708478584584008,0.06772655491901024
242_NCI,6.673983960171691e-05,8.028732019106963e-05,4.665830601879861e-06,0.3747639884200054,0.09372892035260003
242_MASS,0.0,2.3263758253060462e-05,5.12006727149128e-06,0.1076560404381251,0.026921106065912415
242_SASA,0.0,0.00010615037259207772,0.00017995525558944792,0.10031170448553706,0.025149452528429646
243_H2,0.0,2.360863108728023e-05,0.0,0.20247916758536527,0.050625694054113136
243_P1,0.0,6.914088899361461e-05,3.241647661411662e-08,0.09852158030860485,0.024647688403518768
243_PKB,0.0,1.0970697310369152e-05,0.0,0.13891628768896808,0.03473181459656961
244_H2,0.0,4.147012963751409e-05,5.00913338328246e-05,0.16372230001548743,0.04095346536973944
244_P1,0.0,1.7492096019573533e-05,0.0,0.010287116437391823,0.002576152133352849
244_MASS,0.0001679259537952289,4.645925302717572e-06,2.1180032490519807e-05,0.1868108338716416,0.046751146445807516
244_SASA,0.0,1.4215914421509408e-05,0.0,0.15819487701323948,0.03955227323191525
244_PKB,0.0,0.000277265404648739,0.0,0.10945755072281256,0.027433704031865326
245_H2,0.0,3.316282769529025e-07,0.0,0.3152884649200144,0.07882219913707283
245_P1,0.0,1.2459778119900986e-06,0.0,0.06208766591299142,0.015522227972700852
245_NCI,0.0,3.4784571383356554e-06,0.0,0.12164790905287669,0.030412846877503757
245_MASS,0.0,3.9565587987137635e-06,0.0,0.13907160390861492,0.034768890116853406
245_SASA,0.0,8.687050954115279e-05,0.0,0.04730799398880942,0.011848716124587644
245_PKB,0.0,2.4133269901814604e-06,0.0,0.20505561426758004,0.05126450689864256
246_H2,0.0,1.883758664139778e-05,0.0,0.15412027243400517,0.03853477750516164
246_P1,0.0,4.835826468446883e-05,0.0,0.10508363158957221,0.02628299746356417
246_NCI,0.0,2.612262355635232e-07,0.0,0.02311335708399691,0.0057784045775581185
246_SASA,0.0,9.237927582558628e-06,0.0,0.1467980316756403,0.03670181740080571
248_H2,0.0,2.099367023956099e-06,0.0,0.24642129237310667,0.061605847935032654
248_P1,0.0,0.00014364476042876085,2.9151319722586777e-06,0.20915478039116742,0.05232533507089211
248_NCI,5.460915251956493e-05,0.00020737277411734688,1.299682367061905e-06,0.22150555340994088,0.05544220875473621
248_SASA,0.0,1.529301391764934e-05,0.0,0.0043242158763669505,0.00108487722257115
249_P1,0.0,1.8694315637643336e-06,1.3712933899512336e-08,0.049638571266138395,0.012410113602659015
249_NCI,0.0,1.0631377990376547e-06,0.0,0.12059813200198574,0.030149798784946193
249_MASS,0.0,3.360575382887098e-05,0.0,0.07646324487087999,0.019124212656177215
249_SASA,0.0,2.8311117573060094e-07,0.0,0.010272961725856488,0.0025683112092580547
249_PKB,0.0,8.276937927980691e-05,0.0,0.010289195139708222,0.002592991129747007
250_H2,0.0,4.7491615880630883e-07,0.0,0.1489921103501002,0.037248146316564756
250_NCI,0.0,3.891293322645498e-07,0.0,0.0820584848782314,0.02051471850189092
250_MASS,0.0,1.7537998869924355e-07,0.0,0.05645108103030114,0.014112814102572459
251_H2,0.0,1.4715282646122981e-06,0.0,0.024570461105512736,0.006142983158444337
251_MASS,0.0,5.986043732131361e-05,0.0,0.02915505680859311,0.007303729311478606
251_SASA,0.0,1.744216298912059e-06,0.0,0.03371204665389957,0.00842844771754962
251_PKB,0.0,6.024162666128223e-07,0.0,0.06485259775738607,0.01621330004341317
252_H2,0.0,0.00014477376830694858,3.5240602755948203e-06,0.07939560584028298,0.01988597591721638
252_NCI,0.0,1.1255342410047524e-06,0.0,0.07741064315842339,0.019352942173166097
252_MASS,0.0,7.19785163464919e-05,0.0,0.033116420076677734,0.008297099648256057
252_SASA,0.0,8.839661517498345e-08,0.0,0.002431830821194153,0.0006079798044523319
253_H2,0.0,1.1966327731710218e-06,0.0,0.02203404035652185,0.005508809247323756
253_P1,0.0,7.801999257685044e-06,0.0,0.02518515791002273,0.006298239977320104
253_NCI,0.0,3.374867607366049e-06,0.0,0.08530819085014377,0.021327891429437782
253_MASS,0.0,2.124667433735713e-06,0.0,0.022513222735545697,0.005628836850744858
253_PKB,0.0,8.271306652804703e-07,0.0,0.02086650191609343,0.005216832261689677
254_H2,0.0,1.9183825677847422e-05,6.333113560685888e-05,0.11365837664559844,0.028435222901720788
254_P1,0.0,4.6608780564466893e-07,0.0,0.05539436696809443,0.013848708263975018
254_MASS,0.0,2.9430578065516097e-05,0.0,0.010209976307229298,0.0025598517213237036
254_SASA,0.0,0.0002309153421099735,0.0,0.024284093239472487,0.006128752145395615
254_PKB,0.0,1.4536129981594595e-06,0.007340556010603905,0.0641210354755817,0.017865761274795944
255_H2,0.0,0.00019701839225518455,1.7506595213490073e-06,0.0943313798378972,0.023632537222418433
255_NCI,0.0,2.0760889915427737e-05,4.954698624715093e-07,0.1366245642247086,0.03416145514612162
256_H2,0.0,1.5201098944335568e-05,6.136467050055217e-07,0.16920503802001358,0.04230521319141573
256_P1,0.0,5.877092670195183e-05,8.93258948053699e-06,0.05455453368208892,0.013655559299567853
256_MASS,4.85161054467298e-05,4.0900219835613416e-05,0.0,0.2183792979688587,0.054617178573535256
256_SASA,5.94639861410222e-05,1.1142369156176357e-05,3.710494183906121e-06,0.2098823404931339,0.05248916433565375
256_PKB,0.0,1.5150025840525627e-05,0.0,0.3407097138672868,0.08518121597328183
257_H2,2.23960461356801e-07,6.166883083578208e-06,0.0,0.08495191518738121,0.021239576507731537
257_P1,0.0,1.931053320291367e-06,4.916927309750463e-08,0.07404603934678002,0.01851200489234335
257_NCI,0.0,7.065012864029999e-06,1.2288471225474495e-05,0.12407733774447895,0.031024172807142113
257_MASS,0.0,4.624084055778173e-09,0.0,0.09250271416773115,0.023125679697953802
257_PKB,0.0,6.532157862058479e-05,0.0,0.03367474827317434,0.008435017462948731
258_H2,0.0,0.00011332082350300978,1.1275344036221213e-07,0.012745204803647282,0.0032146595951476633
258_P1,0.0,7.517957926611786e-07,0.0,0.04403906555368226,0.01100995433736873
258_NCI,0.0,3.7634166528427903e-06,0.0,0.14228670852121572,0.03557261798446714
258_MASS,0.0,2.4227236359739147e-06,0.0,0.0835629464355099,0.02089134228978647
258_SASA,0.0,0.00106308157825208,0.0,0.07957973419802794,0.020160703944070005
258_PKB,0.0,0.004223033948352024,0.0,0.48874347830777853,0.12324162806403265
259_P1,0.0001033704354045144,0.00012877430399104478,2.1992814254190307e-06,0.12470359900228663,0.031234485755776902
259_NCI,0.0,0.00020272079832567755,2.8357655537547544e-05,0.0351053441722944,0.008834105656539406
259_MASS,0.0,2.113294008485044e-05,3.7569989785879443e-07,0.005580593648986547,0.001400525572242314
259_SASA,0.0,0.0006693404613141684,1.1720479733412503e-06,0.06963277441226565,0.01757582173038829
260_MASS,0.0,7.347908644406452e-06,4.909053586743539e-06,0.01921474942476109,0.00480675159674806
260_SASA,0.0,6.5366045496516755e-06,0.0,0.04012917544516392,0.010033928012428394
260_PKB,0.0,1.2385019788094375e-05,8.190253538487013e-06,0.033359847054262703,0.00834510558189732
261_H2,0.00030465803603109583,0.00017748300375937007,0.0002316148456884548,0.22600893163180663,0.05668067187932139
261_P1,0.004876897535393808,0.000289855979107071,0.0016141438391059637,0.2914660010596617,0.07456172460331713
261_NCI,5.622911199792242e-05,0.000175813379928727,0.0,0.37202481119107456,0.0930642134207503
261_MASS,0.0,0.000406927802975744,0.0,0.3318428774042802,0.08306245130181399
261_PKB,0.0,0.00018637416258979094,1.62395754159661e-05,0.10661015188202556,0.02670319140500783
262_H2,0.0,3.365524195810632e-05,7.761708729958627e-06,0.13759861314154043,0.034410007523057125
262_P1,0.0001864836021712284,3.640336361901212e-05,0.0,0.04291635938121228,0.010784811586750629
262_NCI,0.0,3.0324427568825187e-05,3.100929825450294e-05,0.06928558717328262,0.017336730224776487
262_MASS,8.132886428431108e-05,1.705633560527698e-05,0.0,0.09372249156076373,0.02345521919016333
262_SASA,0.0,3.3929792131947824e-05,0.0,0.0795802226282857,0.01990353810510441
262_PKB,0.0,1.5519553008626445e-05,0.0,0.08054883626301278,0.020141088954005352
263_H2,7.317960116472425e-07,7.210111762514062e-05,4.940499820804689e-06,0.09852941637610156,0.024651797447389788
263_P1,0.0,0.00012485824698308155,4.52345966550638e-06,0.006812553777525219,0.001735483871043452
263_NCI,2.9831961978640507e-05,7.275856975723576e-05,2.731138010858558e-06,0.1367716246587018,0.03421923658211213
263_MASS,0.0,3.656300640656852e-05,4.959592203590546e-08,0.032290826451903655,0.008081859763558064
263_SASA,0.0,3.381449144604889e-05,4.356687668405357e-07,0.010465967630707002,0.002625054447729973
263_PKB,0.0,2.1095005067886615e-05,0.00010003985516959801,0.018242681359584935,0.004590954054955605
264_H2,0.0,4.678682620976924e-05,0.002364923944696784,0.08035801895364166,0.020692432431137053
264_P1,0.0,0.00018109404142704083,0.0,0.03204786906423304,0.008057240776415021
264_SASA,0.0,7.653285461716578e-05,0.0,0.01696789794787467,0.004261107700622959
264_PKB,0.0,2.990078357530126e-05,0.0,0.17129869875044887,0.042832149883506046
265_H2,0.0,1.8044967053238786e-05,0.0,0.1666811461299422,0.04167479777424886
265_P1,0.0,1.4228841042000043e-05,0.0,0.04608735810282437,0.011525396735966592
265_NCI,0.0007383240735321391,2.7863940815445682e-06,0.0,0.06626369768929406,0.016751202039226937
265_MASS,0.0,1.0699892393864683e-05,0.0,0.04984177529588915,0.012463118797070754
265_PKB,0.0,4.921686746373134e-05,0.0,0.1659555756684045,0.041501198133967056
266_H2,0.0001295231363213204,2.3268942353197074e-05,0.00011184006871189922,0.08912116354676713,0.02234644892353839
266_P1,0.0,0.00017319402315727332,1.5184731637418736e-05,0.08970092170952,0.022472325116078672
266_NCI,0.0,3.614127020339935e-05,7.821471808711067e-05,0.2754672046816563,0.0688953901674867
266_MASS,0.0,2.7950389623998553e-05,0.0007965088589116931,0.044044382353683825,0.01121721040055488
266_SASA,0.0,9.913457029178147e-05,0.0,0.0523017296555535,0.01310021605646132
266_PKB,0.0,9.486928703786649e-05,1.9096746655122843e-06,0.02504710742609396,0.006285971596949335
269_H2,8.96635862649666e-06,0.00042938783892022744,0.001303439843468368,0.10692939752286473,0.027167797890969958
269_P1,0.0,0.0004195845129707056,0.0,0.06662615897704259,0.016761435872503325
269_NCI,3.2822136962056286e-07,0.00017040692908296313,0.0004554238694254309,0.08505901363076604,0.021421293162661014
269_MASS,0.0,0.0002677213057700733,0.0004623029089998454,0.16424104740230402,0.041242767904268486
269_SASA,0.002793788112101946,0.0004288191481328905,0.004530086647719145,0.102929174367335,0.027670467068822244
269_PKB,0.004929832207156385,0.0008950743090337652,0.00015046881162561476,0.5835635217388261,0.14738472426666047
270_H2,0.00023530180028875306,4.5141436789589456e-05,2.4395340005867183e-06,0.04414866964681771,0.01110788810447416
270_P1,0.0,5.621661308460505e-05,0.00024194447905756533,0.07510957370038869,0.018851933698132716
270_NCI,0.0,0.00018174041880661063,0.00047354979324154556,0.14004249136919897,0.03517444539531178
270_MASS,0.0008489671537356942,0.00018271779816460477,0.00015563232591375709,0.20199334830085766,0.050795166394667926
270_SASA,0.0005087376134814129,9.51823276844646e-05,9.089652053262398e-07,0.14264898847391863,0.03581345434507246
270_PKB,0.0,3.059599577795442e-05,1.5352705986515502e-06,0.3262866536227303,0.08157969622227672
271_H2,0.0,0.00022222550187493955,2.483902790118009e-07,0.40924548085912366,0.1023669886878194
271_P1,0.0,0.0001264445447576878,0.0,0.08946446518243345,0.022397727431797784
271_NCI,0.0,9.403198623182343e-05,0.0014250471722334623,0.3786789336608179,0.09504950320482079
271_MASS,0.0,0.00013151263243282144,3.2212795986197307e-07,0.015718888170361985,0.003962680732688667
271_SASA,0.0,2.9840970776528983e-05,0.0,0.0050185187892008345,0.001262089939994341
271_PKB,0.0005441966751253897,0.0001807049219082164,0.003067074343562126,0.2528289365515501,0.06415522812303645
272_H2,0.0,4.796784602941583e-07,0.0,0.03651683223038212,0.009129327977210604
272_P1,0.0,4.889563193214794e-05,0.0,0.035016218394382514,0.008766278506578665
272_NCI,0.0,1.0298456852193171e-05,1.6645433788653463e-05,0.2767931549369913,0.06920502470690804
272_MASS,0.0,8.324521651686325e-06,0.0,0.07461410639176412,0.01865560772835395
272_SASA,0.0,6.299665539137075e-05,0.0,0.09337455498394254,0.023359387909833478
272_PKB,0.0,9.847385061452607e-06,0.0,0.1931449101816302,0.04828868939167292
273_H2,0.0,7.313962091743945e-05,3.137526221053122e-07,0.22222463211334367,0.0555745213717208
273_P1,0.0,8.847071882535215e-05,1.0924440019266513e-08,0.05458652955182412,0.013668752798772374
273_NCI,0.0,1.776953114663575e-05,1.0759372344182339e-05,0.22900170792117042,0.05725755920616531
273_SASA,0.0,3.494421777108241e-05,1.3153612599126063e-06,0.015606702055871982,0.0039107404087257444
273_PKB,0.0,0.00023785536315442358,2.0075389329576865e-05,0.07031052187415218,0.017642113156659044
274_H2,0.0,1.159687723799824e-05,1.676884266998968e-06,0.07270029828772213,0.01817839301230678
274_P1,0.0,1.2994216482165737e-05,7.279838428075891e-06,0.1585060720647123,0.03963158652990563
274_NCI,0.0,2.6384277222496115e-05,0.00013060258061159402,0.15706312049598617,0.03930502683845506
274_MASS,0.0,0.0002691071724834658,0.0,0.18951783504082492,0.047446735553327096
274_PKB,0.0,0.00024183724643369467,0.0,0.20790827193564618,0.05203752729551997
275_H2,1.1435490497895148e-05,0.00012823535832712533,0.0,0.02125609708517055,0.005348941983498893
275_P1,0.0,0.00022953081564000387,1.4028796613274608e-07,0.04249131307712651,0.010680246045183162
275_NCI,0.00024380416928471661,0.0003787490944646019,3.763080371754768e-07,0.03734546279213001,0.009492098090979126
275_MASS,0.0,4.752821612899063e-06,0.0,0.06608172594783107,0.016521619692360993
275_PKB,7.299257865587282e-05,7.018474318078864e-05,1.2917114489141568e-08,0.13299364003118497,0.03328420756753403
276_H2,0.0,3.813328238730604e-05,0.0,0.10208537501779094,0.02553087707504456
276_P1,0.0,1.311916857929157e-05,0.0,0.022603439607510628,0.00565413969402248
276_NCI,0.0,0.00043134694558060865,9.124313510255888e-05,0.30835748665874874,0.07722001918485798
276_MASS,0.0,0.0007579403036998918,0.00014898180961608887,0.07568154172982418,0.01914711596078504
276_PKB,0.0002083437709100683,0.0010934968063657225,0.0,0.5017760912903864,0.12576948296691554
277_H2,0.0,0.00019926681398359767,6.923497153366043e-07,0.2970623910396925,0.07431558755084786
277_P1,0.0,2.2888701682563746e-05,2.7885782856174046e-06,0.10529368758206471,0.026329841215508222
277_NCI,1.0145733420357668e-05,0.00010808240266154412,3.7621369131102256e-08,0.0488755860675542,0.012248462956251307
277_MASS,0.0,0.0007495047767349633,8.93089193709784e-08,0.002701303423937325,0.0008627243773979148
277_SASA,0.0,0.00039326069968411505,1.3578255675383843e-06,0.026779713847767846,0.006793583093254875
277_PKB,0.0,5.5946845446654216e-05,4.191999323666096e-06,0.0581300219183593,0.014547540190782405
278_P1,0.0,5.0268495010978e-05,2.2363330572261475e-05,0.09895657573500535,0.02475730189014715
278_NCI,0.0,0.00010544187419873694,8.38652454149269e-08,0.1416220090904837,0.03543188370748196
278_PKB,0.00026097619920279,1.0701284311658492e-05,0.000143341239891015,0.01015715135913912,0.0026430425206361457
279_H2,0.0,7.532489633591749e-05,0.0,0.2532046186631206,0.06331998588986414
279_P1,0.0,2.2467469500394847e-05,0.0,0.059851637441296075,0.014968526227699118
279_NCI,5.583102382781133e-05,5.451418034520023e-05,2.341282379347831e-05,0.27942865479184437,0.06989060320495272
279_MASS,0.015815206024567006,0.011165699838106677,0.011493304744362831,0.03009259729286397,0.01714170197497512
279_PKB,0.001135402159887767,0.0006822089281553114,0.00017120150732807815,0.08008821289549996,0.02051925637271778
280_H2,0.0,0.0001280526315475524,5.128862540004775e-05,0.1720589227805476,0.0430595660093738
280_P1,0.0006260670689838422,0.0001847026205748186,4.003627327620052e-05,0.01415242029658294,0.0037508065648544503
280_NCI,0.0,8.141209851999651e-05,0.00012293165491428226,0.13375790947323432,0.03349056330666715
280_MASS,0.0,1.3444951454294471e-05,0.0,0.12491849170705012,0.031232984164626103
280_SASA,0.0,0.00017350026105070014,2.2966366941545857e-06,0.04358728244057314,0.010940769834579499
280_PKB,0.0,2.5223408395983073e-05,1.399106110966386e-07,0.003935393309186406,0.0009901891570483715
281_H2,0.0,7.10377197148934e-05,9.071897011381225e-07,0.010757946097285007,0.0027074727516752596
281_P1,0.0,0.00013584594588447586,4.63971502995264e-07,0.058733477865259474,0.014717446945661737
281_SASA,0.00010066311511527439,0.00013946710787277262,2.4090959414024837e-05,0.1175630210325612,0.029456810553740817
282_H2,0.0,0.0003553515673889476,0.00014866847777739167,0.05400289316530076,0.013626728302616775
282_P1,0.0,0.00022262102024911106,6.561861027876148e-06,0.12043430313710941,0.0301658715045966
282_NCI,0.0,0.0001606575541820214,0.00011984287993982434,0.05103317890434193,0.012828419834615945
283_H2,0.0,3.189352925044289e-07,0.0,0.097708530549775,0.02442721237126688
283_P1,0.0,2.950873857687093e-05,0.0,0.018068726299480236,0.004524558759514277
283_NCI,0.000299273653538701,3.75595300618093e-05,0.0,0.23272752434466448,0.05826608938206625
283_MASS,7.715332569323722e-05,1.3163479691131781e-05,0.0,0.10142568771896274,0.025379001131086775
283_SASA,0.0,1.8525336764443302e-06,0.0,0.15162377135959185,0.03790640597331707
283_PKB,6.0095260447147024e-05,4.0157036736028745e-07,0.0,0.2588554354034948,0.06472898305857733
284_H2,0.0,6.944450162233539e-05,0.00039761795778758824,0.1070454274800894,0.02687812248487483
284_P1,0.0,0.00011297476518780981,7.214486004158971e-07,0.07386227196520743,0.018493992044748914
284_NCI,0.0,5.635397415502843e-05,1.125447033700766e-05,0.04719622250397745,0.011815957737117373
284_PKB,0.0,1.80878239049268e-05,0.00224106153473258,0.009094532576759417,0.002838420483849231
285_H2,0.0,2.6426348245148136e-05,0.0,0.11889039236182207,0.029729204677516805
285_P1,0.0,2.0706730881889568e-05,0.0,0.0645687002837756,0.016147351753664375
285_NCI,0.0,1.3913697027157053e-06,0.0,0.02287814879877843,0.0057198850421202865
285_MASS,0.0,3.018517359552474e-07,3.041790819224843e-08,0.07206711112515651,0.018016860848700165
285_SASA,0.0,5.442247692077562e-06,0.0,0.08259557007382602,0.020650253080379526
285_PKB,0.0,4.810205709527299e-06,0.0,0.11689328705247268,0.02922452431454555
286_H2,0.027642504313855003,0.0279065346404411,0.007560796570032835,0.5433636705705914,0.1516183765237301
286_P1,0.0,0.010287182325599208,1.8572956506091032e-08,0.1390699580792002,0.03733928974443898
286_NCI,0.0,0.0002199704264933293,5.811155915580457e-06,0.41796601285387935,0.10454794860907207
286_MASS,0.0,0.00015672421116087897,7.432620623148978e-05,0.020037002405360334,0.005067013205688175
286_SASA,0.0,4.6012846339050884e-05,5.360173418011982e-06,0.09490537235848118,0.02373918634455956
286_PKB,0.0,1.4183497775640829e-05,1.035776858770987e-05,0.09451955041429393,0.02363602292016432
287_H2,0.0,5.3294191933878514e-05,4.890147920377785e-06,0.33652382714168955,0.08414550287038595
287_P1,0.0,6.855560139198326e-05,9.51421668560215e-07,0.14939188487555233,0.03736534797465322
287_NCI,0.0,4.265458066332672e-05,4.877098831457261e-07,0.3329663926201884,0.08325238372768372
287_SASA,0.0,2.6887633434191596e-05,1.803888335416559e-05,0.04009897696945546,0.010035975871560954
287_PKB,0.0,7.388813402679298e-05,1.8461592844687402e-05,0.14442120024402225,0.03612838749272343
288_H2,0.0,9.299488938352337e-06,1.7042919964183056e-08,0.21922431734919284,0.05480840847026279
288_P1,0.0,1.6433030209551518e-05,0.0,0.08984307702512845,0.0224648775138345
288_NCI,0.0,2.0821497166079467e-06,0.0,0.16302666119822645,0.04075718583698577
288_SASA,0.0,4.8571007238043796e-06,0.0,0.06168186635288671,0.015421680863402627
289_NCI,0.001181287488419983,1.2290189207997515e-05,0.0004584991838783026,0.26067361204681055,0.0655814222270792
289_MASS,0.0,1.4134329805657472e-05,7.822409884283843e-07,0.0846082462432915,0.021155790703521395
289_SASA,0.0,7.034819037628716e-05,0.0,0.06415138697643828,0.01605543379170364
289_PKB,2.3981988848272088e-05,9.527035114177511e-05,6.923866635588638e-07,0.3531869306912838,0.08832671885448436
290_H2,0.0,5.6970635106300774e-05,9.658888302510604e-05,0.17029103848485622,0.0426111495007469
290_NCI,9.235460429943046e-05,9.983736453500365e-05,6.891880730108824e-06,0.23667790866312707,0.059219248128172905
290_MASS,0.0,4.130961820766025e-06,2.5404258252592626e-08,0.07264031500761872,0.018161117843424435
290_SASA,0.0,0.00010175719409128011,2.1757927015642053e-07,0.08038468675298725,0.020121665381587172
290_PKB,0.0,5.8741689689424365e-06,6.354414381348761e-07,0.013480585512201857,0.0033717737806522336
291_P1,0.0,1.4587617511278139e-06,0.0,0.07265146319901887,0.0181632304901925
291_NCI,0.0,3.4588866228044356e-07,0.0,0.18741015017111523,0.046852624014944375
291_MASS,0.0,2.105796569513511e-06,0.0,0.07039174933972414,0.017598463784073412
291_PKB,0.0,0.00012134996966286321,0.0,0.47667731949728853,0.11919966736673784
292_MASS,0.00010844797985757943,0.0007433737872147483,2.97775636681763e-06,0.07952934472072065,0.02009603606103995
292_SASA,0.0,0.0009204214604804146,0.0,0.012709422809207211,0.0034074610674219067
292_PKB,0.0038542565251779887,0.004663908517359938,0.005698694847524166,0.8255481249353291,0.2099412462063478
293_H2,0.0,7.097039532416217e-05,1.210343647528589e-08,0.08858923925814927,0.022165055439227477
293_P1,0.0011065763201955185,0.000985994164264578,0.0015549510717391968,0.023288213513070106,0.0067339337673173495
293_NCI,0.0,1.6570453098808648e-06,9.794858669920359e-06,0.1437410964734234,0.0359381370943508
293_MASS,0.0,7.741524531690858e-06,0.0,0.03432814808114122,0.008583972401418227
293_SASA,0.0,4.492837118833781e-05,0.005330151878297329,0.05624734436300718,0.01540560615312321
293_PKB,0.0,1.8617655515220177e-05,0.0,0.12748997035593004,0.03187714700286132
294_H2,0.0,3.36880328598848e-05,1.859916523017091e-07,0.2191057645659728,0.05478490964762125
294_P1,0.0,3.1754804376028147e-06,0.0,0.07399553451242631,0.018499677498215978
294_NCI,0.0,9.069954191502823e-06,2.5184061769323307e-07,0.057297528557034225,0.014326712587960855
294_MASS,0.0,4.435727417992958e-05,0.0,0.1264461573829651,0.03162262866428626
294_PKB,0.0,4.561369699930696e-05,0.0002697354066185653,0.012317356739874358,0.0031581764608730576
295_H2,0.0,6.795984932548306e-06,0.0,0.09497976275038081,0.023746639683828338
295_P1,1.907211165187123e-06,1.1234056895220742e-06,0.0,0.10910138908286705,0.02727610492493044
295_NCI,0.0474170518391521,1.2512504401066458e-05,0.0044366298243403435,0.2643105020369351,0.07904417405120716
295_MASS,0.0,1.2508377781943712e-06,0.0,0.10186240524972497,0.02546591402187579
295_SASA,0.0,5.251108246822118e-05,0.0,0.04900957113874212,0.012265520555302584
295_PKB,0.0,1.1044262856761817e-06,0.0,0.17684745624442635,0.04421214016767801
297_H2,0.0,1.3755851895697112e-05,0.0004645510925911367,0.15878777804071573,0.03981652124630064
297_P1,0.0,1.1350914445966504e-05,0.0,0.005860091729860012,0.0014678606610764946
297_NCI,0.0,0.00015207805515752757,5.254468760540476e-06,0.1507574655051743,0.03772869950727309
297_MASS,0.0,8.20012778672473e-05,0.0,0.0010508198967459155,0.0002832052936532907
297_SASA,0.0,6.629047852209313e-05,0.0,0.03834828788084068,0.009603644589840693
297_PKB,0.0,0.00014281991483050898,1.2228606465214398e-06,0.1970214351961058,0.049291369492895705
298_H2,0.0,0.00016488765237027324,0.0003368496254552156,0.1616065740095754,0.04052707782185022
298_P1,0.0,0.00032135916829344776,0.0,0.041167719489600844,0.010372269664473573
298_NCI,0.0,2.7855383473347813e-05,0.0,0.04519644398952198,0.011306074843248833
298_MASS,6.103138359807077e-05,1.3812321697966625e-05,0.0001604974240763113,0.021913369856578067,0.005537177746487604
298_SASA,2.676086856055355e-06,7.160875981261527e-05,0.0,0.007671193223470442,0.0019363695175347783
298_PKB,0.0,8.073556997366106e-05,5.034484274801798e-05,0.06767656192889049,0.016951910585403043
299_H2,3.457966777018482e-06,0.0020373189330116642,2.5142686354229227e-05,0.04987190517028715,0.012984456189107514
299_P1,0.0,0.002274124595066453,0.0,0.03677695906276774,0.009762770914458548
299_NCI,0.0,4.97927457880678e-05,7.35640099946977e-08,0.052198668812712394,0.013062133780627615
299_MASS,0.0,6.207765050536765e-06,2.259799316561839e-07,0.006411207259566603,0.001604410251137199
299_PKB,0.0,9.884024732820364e-06,0.00010334762919228524,0.1641913940969184,0.04107615643771088
300_H2,0.0,1.9823893142375117e-06,1.4565482331363455e-07,0.012952087083296964,0.003238553781858629
300_P1,0.0,6.166505251858292e-05,3.2729738450143486e-05,0.020508114660611095,0.005150627362894955
300_NCI,0.0,7.519704410017327e-06,1.6820367818581872e-06,0.10376802550231672,0.025944306810877147
300_MASS,0.0,4.621940904425864e-05,0.0,0.033515864305350855,0.008390520928598778
300_SASA,0.0,2.2300713328002793e-05,0.0,0.05359577850260851,0.013404519803984128
300_PKB,0.0,1.07018426894287e-05,0.0,0.3168874484674188,0.07922453757752705
301_H2,0.0,6.029701532930798e-05,2.066940218981017e-08,0.07063124445268454,0.01767289053435401
301_P1,0.0,6.7066437429309374e-06,0.0,0.0013217026755629677,0.00033210232982647464
301_NCI,0.0,1.4919451289954075e-05,0.0,0.005773170369985045,0.0014470224553187498
301_MASS,0.0,4.584455009179185e-06,4.2172701796516776e-05,0.04959056584134944,0.012409330749538783
301_SASA,0.0,1.2437783556128675e-05,0.0,0.04676320415396204,0.011693910484379542
301_PKB,0.0,7.603972701548286e-05,0.0,0.12358166860469202,0.03091442708292688
302_P1,0.0,3.3081038429107555e-08,7.376019794946842e-08,0.03433905541743416,0.008584790564667634
302_NCI,0.0,1.7726711318197007e-06,0.0,0.037863501821313296,0.00946631862311128
302_MASS,0.0,7.163449694465421e-07,2.6413997034069325e-07,0.01609398604381577,0.00402374163218889
302_SASA,0.0,2.1769383227868823e-05,0.0,0.010166355445898525,0.0025470312072815985
302_PKB,0.0,6.335961043604598e-07,0.0,0.12066485565844923,0.030166372313638397
304_H2,0.0,3.586756827988643e-05,2.573252459114883e-06,0.2040844725973381,0.05103072835451928
304_MASS,0.0,3.1592864370598716e-05,1.5957966752466746e-06,0.0017858033526368384,0.00045474800342067096
304_PKB,0.0,4.613171470674826e-05,0.0,0.03841334200068751,0.009614868428848565
305_H2,0.0,1.216862330398079e-05,0.0,0.05334395388595821,0.013339030627315547
305_P1,0.0,3.5623708430395876e-05,3.9786220440873876e-05,0.031291828933065056,0.007841809715484082
305_NCI,6.746630184566243e-06,2.6890156286791358e-05,0.0,0.19070323464218716,0.04768421785716463
305_MASS,0.00010051096266862263,4.965764160865867e-06,0.0,0.02012214731489971,0.0050569060104323
307_H2,0.0,0.00013676943037628975,4.470060048333835e-06,0.09510295472146162,0.02381104855297156
307_P1,0.0,3.284675331847028e-06,0.0,0.043181122635730144,0.010796101827765497
307_NCI,0.0,4.00772342624311e-05,4.1510620008011756e-07,0.32600787797475317,0.08151209257880392
307_MASS,0.0,1.9781709169342437e-05,0.0,0.050077600816380706,0.012524345631387513
307_SASA,0.0,6.017614695152816e-05,0.0,0.034289831619518325,0.008587501941617464
307_PKB,0.00015050618082770517,1.6577056111563574e-05,0.0,0.12447052301644372,0.03115940156334575
308_H2,0.0,3.197892828494446e-05,8.019534288905561e-05,0.032098559993890205,0.008052683566266051
308_NCI,0.0,5.545427613016004e-06,7.900832315499429e-06,0.06915551051271987,0.017292239193162095
308_PKB,0.0,1.8403788953926417e-06,7.347364316956373e-08,0.04498097442245553,0.011245722068748522
309_H2,0.0,7.778031666103837e-06,1.551032801216934e-05,0.10138396428862775,0.025351813162076506
309_P1,0.0,6.483014032156138e-06,0.0,0.052503135733895125,0.013127404686981821
309_MASS,3.8129651677701284e-05,1.1320056012000825e-05,6.282554750214331e-06,0.022238229762302816,0.005573490506185683
309_SASA,0.0,3.1905689514529938e-06,0.0,0.03384390101993891,0.00846177289722259
310_H2,0.0,4.7645426792859367e-07,0.0,0.2037100336170159,0.050927627517820956
310_P1,0.0,7.222186349097546e-07,0.0,0.08424795572706123,0.021062169486424035
310_NCI,0.0,0.0,0.0,0.0424592091875649,0.010614802296891225
310_MASS,0.0,1.925078217135342e-06,0.0,0.004227351175349017,0.0010573190633915383
311_H2,0.0,9.355313890527249e-07,0.0,0.10503912187314488,0.02626001435113348
311_P1,0.0,4.852472688853613e-06,0.0,0.03964714808777874,0.009913000140116899
311_MASS,0.0,4.84778147617481e-07,0.0,0.014792593442508955,0.003698269555164143
311_PKB,0.0,1.2239609420885469e-05,0.0,0.06701422329658871,0.0167566157265024
312_H2,0.0,1.7823587028945275e-05,0.0,0.1486858528691576,0.037175919114046635
312_MASS,0.0,2.086864923447638e-05,0.0,0.0853100884244775,0.021332739268427995
313_H2,0.0,2.9843526328545236e-06,8.69359695343519e-08,0.01001225664859625,0.0025038319842996598
313_P1,0.0,2.54281784421177e-06,0.0,0.02592269145298696,0.006481308567707793
313_NCI,0.0,1.097266089467552e-06,0.0,0.09997496683175873,0.024994016024462048
313_MASS,0.0,3.857231345954006e-06,0.0,0.06966075176810142,0.017416152249861844
314_H2,0.0,7.334253697335113e-07,2.543447635616758e-06,0.25458801279021803,0.06364782241580584
314_P1,0.0,1.1276130512000396e-06,0.0,0.007555679690034061,0.0018892018257713153
314_NCI,0.0,2.2425089101437246e-06,0.0,0.009244907243927044,0.002311787438209297
314_MASS,0.0,2.104851859551055e-06,0.0,0.015228958128526449,0.0038077657450965
314_SASA,0.0,7.409880821340858e-07,0.0,0.009492855184952562,0.002373399043258674
314_PKB,0.0,3.7835078992930086e-07,1.2015440233881236e-06,0.0434894222724322,0.01087275054181138
315_H2,0.0,5.8454355488912715e-06,1.9860137854266213e-06,0.20604534864184007,0.051513295022793594
315_P1,0.0,1.0327106301306524e-05,0.0,0.12397784581971293,0.030997043231503558
315_NCI,0.0,2.0799513767197512e-05,4.2975815972567943e-07,0.007799044512956572,0.001955068446220874
315_SASA,0.0,1.727558771092287e-05,0.0,0.11172144085940172,0.02793467911177816
316_H2,0.0,2.398830109427659e-08,0.0,0.020631720827928957,0.005157936204057513
316_SASA,0.0,1.9686521980928318e-06,0.0,0.015885487307090378,0.0039718639898221175
317_H2,0.0,7.437159331627893e-06,5.755009055974369e-07,0.12003066182435071,0.030009668621146984
317_P1,3.3050908817707875e-05,1.0358728256117614e-06,0.0,0.05727880821088643,0.014328223748132437
317_MASS,0.0,8.91166389605092e-06,0.0,0.012085183286082504,0.003023523737494639
317_SASA,0.0,2.4572978366090055e-05,0.0,0.01582028736005283,0.00396121508460473
317_PKB,0.0,3.3963435485024154e-05,0.0,0.00953090238422754,0.002391216454928141
318_H2,0.0,4.0395150576692095e-05,1.1150961654493585e-05,0.19013510158619498,0.04754666192460654
318_P1,0.0,1.1255360883185036e-05,8.364774828351074e-08,0.017903955055884397,0.004478823516128967
318_NCI,0.0,3.2991665167902925e-05,9.53569880834948e-08,0.22037653505946592,0.055102405520405476
318_MASS,0.0,1.4612122600198e-06,5.946301462245174e-05,0.07408985850338891,0.018537695682567846
318_SASA,0.0,3.107771455965463e-06,3.042771083983098e-07,0.03607571512370251,0.009019781793066717
318_PKB,0.0,6.498013524763679e-06,0.0,0.3372529591997012,0.0843148643033065
319_H2,0.0014717947233703484,1.4142112239235451e-05,0.0003000511205755174,0.08882651862564471,0.022653126645457454
319_P1,0.0006744115017962969,0.0006707783761012062,0.0,0.07186266004526091,0.018301962480789604
319_MASS,0.0002026457763519685,2.052322188315187e-05,9.786236660147551e-06,0.09432879918665626,0.023640438605387882
319_SASA,0.0,6.265953569571745e-05,0.0,0.020458381398200085,0.0051302602334739504
319_PKB,0.0006611143898405073,5.141197070621839e-05,3.1197185307973996e-05,0.18343984096086172,0.0460458911266791
320_H2,1.556782104679786e-05,4.850534045562406e-05,7.12647452019155e-05,0.04720809137587066,0.01183585732064375
320_P1,0.0,0.00011200563284712558,8.076970630099822e-07,0.12099240437788461,0.030276304426948685
320_NCI,0.0,1.4272911316250424e-05,3.7152481979774166e-08,0.08339707680425153,0.02085284671701244
320_MASS,0.0,9.770180765829554e-05,0.0,0.09899717338296068,0.024773718797654744
320_SASA,0.0,8.842812496020782e-05,0.0,0.10505231597172306,0.026285186024170817
320_PKB,1.911127222123731e-05,6.949356381088358e-05,2.1200838091317564e-05,0.08868705257965209,0.022199214563443884
321_H2,0.0,8.056474116468012e-05,6.369604079736746e-07,0.09855769977501257,0.024659725369146304
321_P1,0.0,0.00016588758247419516,3.7445101952471305e-07,0.05177165192727062,0.012984478490191086
321_NCI,0.0,3.204784075724218e-05,2.780745376185223e-07,0.14086450991278598,0.03522420895702021
321_MASS,0.0,2.6995201828307615e-05,0.0,0.019157546431975935,0.00479613540845106
321_SASA,0.0,3.080001500188126e-05,0.0,0.007669335573870144,0.0019250338972180063
321_PKB,0.0,2.673480487605162e-06,0.0,0.22906692113250762,0.057267398653248806
322_H2,0.0,0.00011758073220149979,1.230027635301667e-07,0.09732295708243578,0.024360165204350203
322_P1,0.0,0.00029446204908364,3.70876728084113e-06,0.1589293340454661,0.03980687621545765
322_NCI,0.0,1.8914707796469525e-05,2.6734363700597896e-07,0.05209597298839915,0.013028788759958157
323_H2,0.0037461566158714502,0.0005977196915930169,0.006016439758241177,0.043597794367201764,0.013489527608226852
323_P1,0.0051568436983649105,0.0007687490804391331,1.9299311588838464e-06,0.17764429413452607,0.04589295421112225
323_NCI,0.0,3.7048693438579305e-05,5.427596505569454e-08,0.27564990479369145,0.06892175194077377
323_MASS,0.0004594003216032512,0.000876487040594545,0.002825499977916479,0.34459657374845576,0.08718949027214251
323_PKB,0.0,1.0526368040515509e-05,1.5761032727823476e-06,0.1966781859406893,0.049172572103000654
324_H2,0.00030107795826793215,7.33373023959475e-05,0.00025897484738379717,0.13358274558864788,0.03355403392417389
324_P1,0.0002163968603065951,5.689476016313562e-05,7.729203730377776e-07,0.23443393992914066,0.05867700111749586
324_NCI,0.000753304434577916,0.0014678397215725284,1.2487840983510523e-08,0.18123708494609517,0.045864560397521646
324_MASS,0.0,7.026631200664904e-06,0.0,0.06971666257395255,0.017430922301288305
324_SASA,0.0,3.004837170749592e-06,0.0,0.11582616990002989,0.02895729368430016
325_H2,0.0,5.564128007194731e-05,1.3027298564338707e-06,0.1863885249647023,0.04661136724365767
325_P1,0.0,2.426406935273534e-05,3.8277597923297435e-05,0.12797490450526164,0.03200936154313442
325_NCI,0.00024000010709577732,0.0001802635931435664,1.550034539832268e-05,0.026754356481980903,0.006797530131904642
325_MASS,0.0,0.00012510618130713154,3.044551249331562e-06,0.01063675959369414,0.002691227581562651
325_PKB,0.0,9.191604617394389e-05,2.850491728167981e-05,0.10920463767120826,0.02733126465866597
326_H2,0.0006522203690054542,0.00032336406242648616,0.00017494881467428058,0.19975105493217207,0.050225397044569575
326_P1,0.0,1.1142257978331662e-05,0.0007052752771414816,0.015258001031617714,0.003993604641684381
326_NCI,0.0,2.8804038377779857e-05,7.605450264236424e-06,0.02087910789741004,0.005228879346513014
326_PKB,0.0006935032417114954,0.00018967856410879503,1.577040393385687e-06,0.12293732507156037,0.030955520979443513
327_H2,0.0,0.0002400287303474481,0.0,0.23553179933184587,0.05894295701554833
327_P1,0.00014114687249341783,4.763475422736983e-05,0.0,0.06186294958942118,0.015512932804035491
327_NCI,0.0,7.763487020861969e-05,0.00023897038772702217,0.19182774522709883,0.04803608762125862
327_SASA,0.0,2.2571711757148104e-05,7.98939072410576e-06,0.14571086406375267,0.03643535629155848
327_PKB,0.0,4.088862878468298e-05,2.5275621595710618e-08,0.0014770230664965407,0.00037948424272570485
328_H2,0.0,3.937314019736122e-06,0.0,0.012131597552012907,0.0030338837165081608
328_P1,0.0,3.734854912972707e-05,0.00048768988926894963,0.02130332551062884,0.005457090987256879
328_NCI,0.0,7.878064811334838e-05,0.0005635637789964676,0.37013086088228686,0.09269330132734917
328_SASA,0.00012660850089711532,7.647022311908266e-05,0.000831084733363241,0.062344376627162794,0.015844635021135558
329_H2,0.0,1.9556218369708875e-05,4.5540925697196144e-08,0.026758795365078077,0.006694599281093371
329_P1,0.0,2.905151847347292e-05,3.980233032052638e-07,0.03846467808213121,0.009623531905976972
329_NCI,0.0,0.0002049448654936334,2.1956543605483603e-06,0.22038354027814538,0.05514767019949989
329_MASS,5.8336786869162315e-05,2.876612784258222e-05,3.8149224224071077e-07,0.17482281229125748,0.04372757417455287
330_H2,0.00029575262675978083,6.60721428857756e-05,0.000662615813780576,0.18531207775066327,0.04658412958352235
330_P1,0.0,0.0002527513264478079,4.367336003952005e-08,0.08718268989029061,0.021858871222524615
330_NCI,0.001112907515413247,0.0021836458584041855,2.0600824427674524e-05,0.0949819883069402,0.024574785626296326
330_MASS,0.00015189834988364018,0.0003456554674935448,3.5854603197549295e-07,0.01184259530766843,0.0030851269177693975
331_H2,0.0,4.926573408208549e-05,2.7077345293946564e-05,0.1698145742657641,0.042472729336285035
331_P1,0.0,9.230737864903163e-05,5.736302227887791e-06,0.05531519241686735,0.013853309024436067
331_NCI,0.0,0.0002987595815856194,4.42421696789097e-06,0.14691848077245975,0.03680541614275332
331_MASS,0.0,8.972871127481966e-05,1.0772710083983839e-05,0.013750636373237354,0.0034627844486490394
331_SASA,0.000697844440258676,0.00018619778153022566,6.70485824230127e-05,0.06022383788040858,0.015293732171155124
332_H2,0.0,8.417502171905781e-05,5.261163096292876e-06,0.07644542389721373,0.019133715020507272
332_P1,3.8162721369273714e-05,8.962082453637746e-05,7.21359538147226e-05,0.22524840473152022,0.05636208105781015
332_MASS,0.0,1.7732717803162275e-05,3.2192255616791954e-07,0.014012062623221952,0.0035075293158953204
333_H2,0.0,0.00010693598081030368,2.3178041374194436e-05,0.0397024299781431,0.0099581360000819
333_P1,0.0,5.60524600009134e-05,1.2246425285411533e-05,0.11104358057988882,0.027777969866293786
333_NCI,0.0002045679461860414,1.2926886466370403e-05,1.6888105164980516e-05,0.051416190945970656,0.012912643470947012
333_MASS,0.0005241259897030195,9.688013219882992e-06,5.320452487467264e-07,0.140702559655131,0.035309226425825666
333_PKB,0.00018503345181193934,3.51440182694092e-05,4.662103947339347e-06,0.053711535655936025,0.013484093807491179
334_P1,0.0,8.28528078469053e-05,3.077337532886304e-05,0.11088381580298717,0.027749360496540736
334_MASS,0.00032290785052323836,7.49044050000198e-05,1.1892499969690107e-05,0.07148918101280638,0.01797472144207483
334_PKB,4.8056045806714204e-06,0.0001143469401571328,2.782225601549726e-05,0.03309117766903168,0.008309538117446244
335_H2,0.0,3.472830136822244e-05,1.0357107385061681e-06,0.08597608733207318,0.021502962836044977
335_P1,0.0002675834154323421,0.00013972318618215155,0.0001316364505328238,0.016289531658243893,0.004207118677597803
335_NCI,0.0,0.00010126589964105887,3.508580266498029e-05,0.06824058067193473,0.01709423309356019
335_SASA,0.0,0.00010379688151545782,8.709877874935046e-06,0.0761605112850947,0.019068254511121274
335_PKB,0.0001702271491954327,7.653980654635768e-05,8.65842230268754e-05,0.03968952680789109,0.01000571949666494
336_H2,0.00035993652773993584,8.055926356526697e-05,0.0002676305011846125,0.19727943380909163,0.04949689002539536
336_NCI,0.0,0.00022383590766360796,4.844143290938518e-07,0.3832680124515045,0.0958730831933743
336_MASS,0.0003432211294645392,0.00010005866199027465,0.0002721236669458449,0.1031300232778048,0.025961356684051362
336_PKB,0.0,6.742970701584404e-05,0.0005092406645417213,0.022427022185844702,0.0057509231393505665
337_H2,1.9439282987080033e-05,0.00012636401349070135,1.618856913410127e-05,0.005713033255602383,0.0014687562803035665
337_P1,0.00012170318600421193,0.0002272442310759337,0.00016367212811019272,0.12811355705194247,0.0321565441492832
337_SASA,0.0002681129258811193,5.411733999779302e-05,0.001986726885661483,0.2400129702236261,0.060580481843791625
338_NCI,0.00041085656304567267,9.752359475339867e-05,5.619380317511968e-05,0.0996287007516429,0.025048318678154272
339_H2,0.0,1.525235727682046e-08,0.0,0.03769359679730384,0.00942340301241528
339_P1,0.0,1.4319549309287977e-06,0.0,0.19622185542945741,0.04905582184609709
339_NCI,0.0,2.487758585191011e-06,0.0,0.0010638828039119747,0.0002665926406242914
340_P1,0.0,3.2010368713587637e-06,1.5799914763192646e-06,0.11978668828866051,0.02994786732925205
340_NCI,0.0,1.0002495823444663e-05,2.153581817765371e-06,0.0032007085945350055,0.0008032161680440539
340_PKB,0.0,7.468415684966958e-06,1.637007471799734e-07,0.006677054571110397,0.0016711716718856358
341_H2,0.0,0.00014898742704784972,1.793775118130725e-05,0.17190198231522202,0.0430172268733628
341_P1,0.0,5.367154255018679e-05,8.496658119838685e-05,0.04206516064339884,0.010550949691786852
341_NCI,0.0,5.259393443077358e-05,2.0319204850238748e-05,0.012596788495231456,0.003167425408628117
341_MASS,0.0,1.7047735247436564e-05,1.0008971912611742e-05,0.10025229478311166,0.02506983787256793
341_PKB,0.0,0.00014895122719539437,0.0,0.010879351645935644,0.0027570757182827596
342_H2,0.0,1.699501262622367e-05,1.2990447430638596e-05,0.4556847397202413,0.11392868129507454
342_PKB,0.0,8.062557276938243e-05,0.0,0.0037521534048517275,0.0009581947444052774
343_H2,0.00027871413790588474,8.88437302225042e-05,1.2792750567314215e-05,0.06979066099340317,0.01754275290302472
343_NCI,0.0,3.4019048078410116e-05,0.0001849964028224349,0.2337879611179092,0.05850174414220251
344_H2,0.0,3.551341229762029e-05,3.8086162135186896e-07,0.07427354452224579,0.018577359699041188
344_P1,4.7247735536666144e-05,0.0002627995671764283,6.481923628598452e-05,0.21370058717314755,0.053518863428036655
344_NCI,0.0,0.0003368029468349416,4.841352711082436e-05,0.08612381002352539,0.021627256624367788
344_SASA,0.0,0.00018342688786010368,4.919207796660885e-08,0.07112988562445201,0.01782834042609752
344_PKB,4.946419154646397e-05,4.4243790728850544e-05,4.848154276260175e-05,0.07689492281018667,0.019259278083806147
345_H2,0.0,6.161273471251297e-06,7.908374755061232e-06,0.1532608582976524,0.03831873198646968
345_P1,0.0,5.7158040213714876e-05,0.0018392036436125636,0.05277098903176201,0.013666837678897072
345_NCI,0.0,0.00011371431810238977,3.8776363453507656e-07,0.01883538629645245,0.004737372094547343
345_PKB,0.0,7.977157549992036e-05,2.1034511519246735e-06,0.06656205555545372,0.01666098264552639
346_H2,0.0,4.223572182759183e-06,1.86267044455235e-07,0.19848154943877144,0.04962148981949967
346_P1,0.0,1.3500018329851478e-05,0.0,0.05971014094847932,0.014930910241702292
346_NCI,0.0,5.281966645175007e-06,0.0,0.020659592979625444,0.005166218736567655
346_SASA,0.0001363195692568963,0.00023974012188790784,0.0,0.05988340573168779,0.015064866355708148
347_H2,0.0006220368981349546,0.00020990377201034882,0.0007212664349935949,0.017935748160863,0.004872238816500475
347_P1,1.6456253237646903e-05,3.445536659060695e-05,4.673725470638601e-06,0.07877837419783287,0.019708489885782943
347_NCI,0.0006090912084336299,0.00013393304332739677,1.0870393452933058e-05,0.2717250529957807,0.06811973691024867
347_SASA,8.852986531280308e-06,8.719216978401188e-05,0.0,0.020971712839908535,0.005266939499055957
347_PKB,0.00043813810261128364,2.7169668097142672e-05,1.3557928468799219e-05,0.023521666472340077,0.0060001330428793255
348_P1,0.0,2.023509696365283e-05,1.4007721347297775e-06,0.09539909441561993,0.02385518257117958
348_NCI,0.0,0.0001001530168992268,0.00024926356854848564,0.0063509161079997,0.001675083173361853
348_SASA,0.0,1.5321406222881696e-05,0.0,0.001941548622235904,0.0004892175071146964
348_PKB,0.0,3.498407276484361e-05,3.0711003091710154e-06,0.018085454269903354,0.004530877360744342
349_H2,0.0,2.0959194035902143e-05,4.4370017349137925e-06,0.13578125192888754,0.03395166203116459
349_P1,5.65555321101726e-07,3.194127995599873e-05,9.698370604382944e-07,0.16506089177485875,0.041273592111799075
349_SASA,0.0,9.68750753346475e-05,1.977208739845082e-06,0.049567285800505095,0.012416534521144896
1_MASS,0.0,2.5079652891698907e-05,1.7864216772522923e-07,9.062957606089025e-05,2.8971967780078597e-05
2_MASS,0.0,6.607219622052194e-05,0.0002640008460730314,0.10391960813474452,0.02606242029425952
14_SASA,9.10220619578694e-05,0.0001022404946359111,7.441906291205669e-07,0.008177823284349503,0.002092957507893101
15_MASS,0.0,0.00011102803284235566,7.220866393709002e-08,0.033583400319549296,0.008423625140263897
17_SASA,0.0002889989593023099,1.6445206365396067e-05,7.145086419768631e-05,0.15796659438328128,0.03958587235328667
19_SASA,0.0,1.2142620815865563e-05,0.0,0.13077159515675413,0.0326959344443925
20_MASS,0.00017172246650310627,4.593424190710487e-05,0.0,0.05260127214222658,0.013204732212659198
20_PKB,0.00017172246650310627,4.593424190710487e-05,0.0,0.05260127214222658,0.013204732212659198
25_MASS,0.0,2.984420403583176e-05,9.329802423962974e-07,0.1154581764707249,0.02887223841375078
25_PKB,0.0,2.984420403583176e-05,9.329802423962974e-07,0.1154581764707249,0.02887223841375078
26_PKB,0.0,2.984420403583176e-05,9.329802423962974e-07,0.1154581764707249,0.02887223841375078
27_P1,0.0,2.984420403583176e-05,9.329802423962974e-07,0.1154581764707249,0.02887223841375078
27_MASS,0.0,2.984420403583176e-05,9.329802423962974e-07,0.1154581764707249,0.02887223841375078
27_SASA,0.0,2.984420403583176e-05,9.329802423962974e-07,0.1154581764707249,0.02887223841375078
27_PKB,0.0,2.984420403583176e-05,9.329802423962974e-07,0.1154581764707249,0.02887223841375078
26_SASA,0.0,1.094077758684772e-05,5.389271606759394e-08,0.1493867958827725,0.037349447638268855
45_SASA,0.0,1.7557611186540805e-05,0.0,0.04406679038972957,0.011021087000229027
51_MASS,0.0,0.00013122412666131427,0.0,0.010673064363298268,0.0027010721224898955
54_H2,0.0,1.6685071845099155e-05,8.947142305260058e-06,0.09261317945927491,0.02315970291835632
3_MASS,0.0,2.863556982810323e-05,0.00011816297774203122,0.06984114628266846,0.01749698620755965
58_H2,0.0,3.662692419999505e-07,6.967656645429088e-06,0.02864937781994233,0.007164177936457439
58_PKB,0.0,3.662692419999505e-07,6.967656645429088e-06,0.02864937781994233,0.007164177936457439
62_P1,0.0,2.1231671726437157e-07,0.0,0.07809478890557636,0.019523750305573406
62_SASA,0.0,2.0136726509947122e-08,0.0,0.011196084969634914,0.002799026276590356
70_SASA,0.0,1.6100703014992142e-05,0.0,0.011787154071262991,0.0029508136935694957
71_MASS,0.0,1.031742004751638e-07,0.0,0.002397700600490159,0.0005994509436726585
72_P1,0.0,2.6089264786958734e-07,0.0,0.09167345701419544,0.022918429476710828
75_PKB,0.0006679914118318944,1.4541881306719982e-05,0.0,0.025104106804576646,0.006446660024428815
78_SASA,0.0,2.903293106243801e-08,0.0,0.042524763342668886,0.010631198093899986
83_H2,0.0,6.9459228115340675e-06,3.262709697082755e-06,0.11393410317802259,0.0284860779526328
83_NCI,0.0,5.431896427762062e-05,7.137268198675883e-08,0.055282220651937976,0.013834152747224396
83_MASS,0.0,5.431896427762062e-05,7.137268198675883e-08,0.055282220651937976,0.013834152747224396
4_SASA,0.0,7.002327468380212e-05,1.7313052012468688e-05,0.0073280918879767955,0.0018538570536682666
91_SASA,0.0,0.006287048375110493,0.009595347568392754,0.02820469333451049,0.011021772319503435
92_PKB,0.0,4.69972954724777e-05,3.6485805594566045e-06,0.024635257877425754,0.006171475938364422
92_SASA,4.647614886894747e-06,3.4138293027291544e-06,1.3945921182312304e-06,0.08797767453849643,0.02199678264370107
106_H2,0.0,4.166737606033324e-06,1.6705729422028526e-07,0.09130956227769704,0.022828474018149324
106_SASA,0.0,0.0024690370422808076,0.0,0.005263615511703511,0.0019331631384960797
109_MASS,0.0013964736349138527,0.001124299314280041,0.0013686784077435732,0.01622842693304127,0.005029469572494684
113_P1,0.0,9.068792781847796e-08,0.0,0.11214223096384869,0.028035580412944128
120_SASA,0.0,7.118141002790353e-05,1.2007028999505565e-05,0.09484301302044575,0.02373155036486829
125_P1,0.0,0.010418100482508933,8.088812286644043e-09,0.16816772085375917,0.0446464573562701
125_MASS,1.0,1.0,1.0,0.028829263501182666,0.7572073158752957
5_SASA,0.0,7.588904865089018e-06,8.034153324842919e-07,0.07668502285953208,0.019173353794932412
126_MASS,0.00022492605841165227,0.00012014405708801725,2.4064087611463947e-08,0.15340541863477522,0.038437628203590625
128_P1,0.0,9.796949940055695e-08,0.0,0.03536613510467212,0.00884155826854288
134_SASA,0.0,1.675356523952712e-06,0.0,0.012134586247510402,0.0030340654010085886
136_SASA,6.960508374339364e-06,1.0729631664590613e-06,0.0,0.04642095146571844,0.011607246234314809
139_P1,0.0,2.1173470926523229e-07,0.0,0.03891470705709679,0.009728729697951514
142_MASS,0.0,2.766307977205747e-07,0.0,0.015526571998109603,0.003881712157226831
144_H2,0.0,3.109704065951125e-05,0.0,0.09754169352593174,0.024393197641647813
145_MASS,0.0,0.00015096283850917042,0.0,0.0832139018285503,0.02084121616676487
161_H2,0.0,8.582428653799015e-06,0.0,0.03156355852238612,0.00789303523775998
161_NCI,0.0,8.582428653799015e-06,0.0,0.03156355852238612,0.00789303523775998
161_MASS,0.0,8.582428653799015e-06,0.0,0.03156355852238612,0.00789303523775998
161_SASA,0.0,8.582428653799015e-06,0.0,0.03156355852238612,0.00789303523775998
161_PKB,0.0,8.582428653799015e-06,0.0,0.03156355852238612,0.00789303523775998
163_SASA,0.0,1.8372346579715013e-05,1.685790266492404e-06,0.02323036666270523,0.005812606199887859
6_MASS,2.2737328193883836e-05,0.00012848158477009208,5.202979536989005e-06,0.22522709716397887,0.056345879764119956
167_H2,0.0,0.007210646124756595,0.0,0.1959909944399764,0.05080041014118325
167_SASA,0.0,0.007210646124756595,0.0,0.1959909944399764,0.05080041014118325
176_SASA,0.0,2.914773100188861e-05,0.0,0.06568095166276808,0.016427524848442492
179_SASA,0.00022815776090261,8.531119624427575e-05,0.00014258211012929678,0.0364723921273015,0.009232110798644421
188_PKB,0.0,2.713490171975307e-05,1.0432663799520014e-07,0.1691923159828499,0.042304888802801914
188_SASA,0.0,2.2817455828999737e-07,0.0,0.05002134864572277,0.012505394205070264
191_SASA,0.0,0.0,0.0,0.03928501275117222,0.009821253187793056
196_SASA,0.0,9.46590544703468e-06,5.835639240103774e-05,0.0027177912869727583,0.0006964033962052077
208_SASA,0.0,2.0041004935480396e-05,4.282794179744087e-05,0.14992304346253327,0.037496478102316544
227_SASA,4.643187802652441e-05,2.037356197926728e-05,9.52811962662281e-09,0.10008608030415338,0.025038223818069697
234_P1,0.0,3.77566116668532e-08,0.0,0.0957686548534025,0.02394217315250354
7_MASS,0.0,0.00015750054990013433,5.485673568728089e-07,0.15995340727584675,0.04002786409827594
234_MASS,0.0,0.0,0.0,0.002370323437129192,0.000592580859282298
236_MASS,0.0,9.042492018086906e-06,4.900411568087293e-06,0.1140155452369173,0.02850737203512587
240_H2,0.0,5.379585219038628e-05,0.0005171903758309782,0.07705929334995285,0.01940756989449355
253_SASA,0.0,2.124667433735713e-06,0.0,0.022513222735545697,0.005628836850744858
261_SASA,0.0,0.000406927802975744,0.0,0.3318428774042802,0.08306245130181399
264_MASS,0.0,7.653285461716578e-05,0.0,0.01696789794787467,0.004261107700622959
265_SASA,0.0,1.0699892393864683e-05,0.0,0.04984177529588915,0.012463118797070754
274_SASA,0.0,0.0002691071724834658,0.0,0.18951783504082492,0.047446735553327096
275_SASA,0.0,4.752821612899063e-06,0.0,0.06608172594783107,0.016521619692360993
276_SASA,0.0,0.0007579403036998918,0.00014898180961608887,0.07568154172982418,0.01914711596078504
10_MASS,0.0,2.37137240338123e-05,1.4999964150774758e-06,0.008414579306709458,0.002109948256789587
10_SASA,0.0,2.37137240338123e-05,1.4999964150774758e-06,0.008414579306709458,0.002109948256789587
10_PKB,0.0,2.37137240338123e-05,1.4999964150774758e-06,0.008414579306709458,0.002109948256789587
11_PKB,0.0,2.37137240338123e-05,1.4999964150774758e-06,0.008414579306709458,0.002109948256789587
281_MASS,0.00010066311511527439,0.00013946710787277262,2.4090959414024837e-05,0.1175630210325612,0.029456810553740817
291_SASA,0.0,2.105796569513511e-06,0.0,0.07039174933972414,0.017598463784073412
294_SASA,0.0,4.435727417992958e-05,0.0,0.1264461573829651,0.03162262866428626
302_H2,0.0,3.3081038429107555e-08,7.376019794946842e-08,0.03433905541743416,0.008584790564667634
304_SASA,0.0,3.1592864370598716e-05,1.5957966752466746e-06,0.0017858033526368384,0.00045474800342067096
305_SASA,0.00010051096266862263,4.965764160865867e-06,0.0,0.02012214731489971,0.0050569060104323
310_PKB,0.0,4.7645426792859367e-07,0.0,0.2037100336170159,0.050927627517820956
310_SASA,0.0,1.925078217135342e-06,0.0,0.004227351175349017,0.0010573190633915383
311_NCI,0.0,1.2239609420885469e-05,0.0,0.06701422329658871,0.0167566157265024
313_SASA,0.0,1.097266089467552e-06,0.0,0.09997496683175873,0.024994016024462048
12_MASS,0.0,0.0001949516831817815,3.4104414226021618e-06,0.038275142417139967,0.009618376135436087
315_MASS,0.0,1.727558771092287e-05,0.0,0.11172144085940172,0.02793467911177816
315_PKB,0.0,1.9686521980928318e-06,0.0,0.015885487307090378,0.0039718639898221175
316_P1,0.0,1.9686521980928318e-06,0.0,0.015885487307090378,0.0039718639898221175
316_NCI,0.0,1.9686521980928318e-06,0.0,0.015885487307090378,0.0039718639898221175
316_MASS,0.0,1.9686521980928318e-06,0.0,0.015885487307090378,0.0039718639898221175
316_PKB,0.0,1.9686521980928318e-06,0.0,0.015885487307090378,0.0039718639898221175
323_SASA,0.0004594003216032512,0.000876487040594545,0.002825499977916479,0.34459657374845576,0.08718949027214251
328_MASS,0.00012660850089711532,7.647022311908266e-05,0.000831084733363241,0.062344376627162794,0.015844635021135558
329_SASA,5.8336786869162315e-05,2.876612784258222e-05,3.8149224224071077e-07,0.17482281229125748,0.04372757417455287
330_SASA,0.00015189834988364018,0.0003456554674935448,3.5854603197549295e-07,0.01184259530766843,0.0030851269177693975
332_SASA,0.0,1.7732717803162275e-05,3.2192255616791954e-07,0.014012062623221952,0.0035075293158953204
334_SASA,0.00032290785052323836,7.49044050000198e-05,1.1892499969690107e-05,0.07148918101280638,0.01797472144207483
335_MASS,0.0,0.00010379688151545782,8.709877874935046e-06,0.0761605112850947,0.019068254511121274
336_SASA,0.0003432211294645392,0.00010005866199027465,0.0002721236669458449,0.1031300232778048,0.025961356684051362
13_MASS,0.0,0.00013114760691540554,4.258330591255799e-06,0.03849484584188113,0.009657562944846947
339_MASS,0.0,1.4319549309287977e-06,0.0,0.19622185542945741,0.04905582184609709
339_SASA,0.0,1.4319549309287977e-06,0.0,0.19622185542945741,0.04905582184609709
339_PKB,0.0,1.4319549309287977e-06,0.0,0.19622185542945741,0.04905582184609709
341_SASA,0.0,1.7047735247436564e-05,1.0008971912611742e-05,0.10025229478311166,0.02506983787256793
344_MASS,0.0,0.00018342688786010368,4.919207796660885e-08,0.07112988562445201,0.01782834042609752
346_MASS,0.0001363195692568963,0.00023974012188790784,0.0,0.05988340573168779,0.015064866355708148
346_PKB,0.0001363195692568963,0.00023974012188790784,0.0,0.05988340573168779,0.015064866355708148
347_MASS,8.852986531280308e-06,8.719216978401188e-05,0.0,0.020971712839908535,0.005266939499055957
348_MASS,0.0,1.5321406222881696e-05,0.0,0.001941548622235904,0.0004892175071146964
349_MASS,0.0,9.68750753346475e-05,1.977208739845082e-06,0.049567285800505095,0.012416534521144896
