feature,p_value,score,gbr,rf,xgb,BayesianRidge,mean
p1_H2,0.0005767666368485136,11.9369612028656,0.0,1.6987509228367102e-06,3.0221856e-06,0.13812732542367512,0.03453301159005893
p1_P1,8.236218796751664e-15,62.43947614476028,8.293976732635922e-05,2.456226506583004e-05,7.493003e-05,0.02923837764725217,0.007355202427580573
p1_NCI,0.04287765029659752,4.1121948595991995,0.0,1.0486065954895795e-05,2.0908944e-06,0.09772278859990659,0.024433841390075546
p1_MASS,6.160885941725297e-13,53.389929129421944,0.0,2.5079652891698907e-05,1.7864217e-07,9.062957606089025e-05,2.8971967780078597e-05
p1_SASA,5.734631314093957e-13,53.53939121273524,0.0,2.5079652891698907e-05,1.7864217e-07,9.062957606089025e-05,2.8971967780078597e-05
p1_PKB,2.5690351698320435e-16,69.79071682887945,0.0,3.101083779881574e-05,6.16102e-06,0.011377672437515014,0.0028537110737991353
p2_H2,0.411882530445412,0.6740045340792072,0.0,0.0,0.0,0.0,0.0
p2_P1,4.309516004721164e-46,228.80118393319808,0.001585973855482849,1.5762455640583216e-05,4.629025e-05,0.004093909970869448,0.001435484132969194
p2_NCI,1.5254634167644083e-73,399.77160223090317,5.360607209557915e-05,4.05550452850768e-05,2.5220806e-06,0.04570391444120974,0.011450149409809903
p2_MASS,4.2574302440189716e-34,161.6066660158905,0.0,6.607219622052194e-05,0.00026400085,0.10391960813474452,0.02606242029425952
p2_SASA,7.46724047044453e-40,193.31065539396909,0.0,6.607219622052194e-05,0.00026400085,0.10391960813474452,0.02606242029425952
p2_PKB,5.368661303497008e-74,402.8105662487764,0.00046085634636061764,6.426125637682771e-05,1.8207045e-05,0.029430057464316425,0.007493345528085104
p3_H2,8.441396520845146e-23,102.20653552964386,0.0,4.28938943596861e-05,1.8077022e-06,0.04245082902669685,0.010623882655822443
p3_P1,2.2815807748445798e-48,242.04790860828098,0.0,6.943428964705356e-05,3.615542e-06,0.039926852798225804,0.009999975657475102
p3_NCI,0.8661716694413292,0.028416773969973143,0.0,0.0,0.0,0.0,0.0
p3_MASS,4.645472270572821e-40,194.4643862330773,0.0,2.863556982810323e-05,0.00011816298,0.06984114628266846,0.01749698620755965
p3_SASA,1.5250161368039084e-38,186.00767786263097,0.0,2.863556982810323e-05,0.00011816298,0.06984114628266846,0.01749698620755965
p3_PKB,6.747433670408808e-40,193.55694055938022,0.0,1.2377768098234818e-05,1.9932824e-05,0.004349967723014888,0.001095569578832302
p4_H2,0.45120022101783075,0.568143850158819,0.0,0.0,0.0,0.0,0.0
p4_P1,0.015517181239111177,5.879790337873711,0.0,8.857058344132782e-05,3.0797906e-05,0.10223101040005166,0.025587594722428237
p4_NCI,6.839630027615789e-07,25.025033850367773,0.0,2.869994114987632e-05,3.6123954e-05,0.04907405403301191,0.012284719482162263
p4_MASS,0.004964553019969864,7.932555224522324,0.0,7.002327468380212e-05,1.7313052e-05,0.0073280918879767955,0.0018538570536682666
p4_SASA,0.021858264664365717,5.275877313181699,0.0,7.002327468380212e-05,1.7313052e-05,0.0073280918879767955,0.0018538570536682666
p4_PKB,0.972674300854805,0.001174034204423323,0.0,0.0,0.0,0.0,0.0
p5_H2,3.805537849860711e-46,229.1136561945555,0.0,0.0003728200342891664,8.445396e-05,0.14186961601666712,0.03558172250295923
p5_P1,1.190551059057517e-61,322.63563495698924,0.0,9.280790659023228e-05,6.0855064e-06,0.02973635614462266,0.007458812389392376
p5_NCI,5.958873812853587e-26,118.40338760784029,0.0,1.597761728770529e-05,4.466618e-06,0.0747478376639986,0.018692070474837987
p5_MASS,6.625110856163622e-61,317.96058245445545,0.0,7.588904865089018e-06,8.0341533e-07,0.07668502285953208,0.019173353794932412
p5_SASA,2.4608274230281216e-60,314.39898931719193,0.0,7.588904865089018e-06,8.0341533e-07,0.07668502285953208,0.019173353794932412
p5_PKB,1.9211739875170136e-63,333.95123921421623,0.0,1.3334596628002014e-05,6.9959715e-06,0.05651335213809908,0.014133420676554077
p6_H2,0.0013847637836161616,10.291873036237542,0.00026486102797286206,5.255148227524976e-05,2.7811182e-06,0.11087333260603689,0.027798381558610082
p6_P1,3.429427203294811e-05,17.343045308905236,1.1663677381652626e-05,6.350489235369879e-06,8.3726794e-05,0.08054718386655696,0.020162231206893675
p6_NCI,5.404843361583857e-05,16.462801964426315,7.89054143362267e-05,8.272794705237262e-05,5.2898442e-05,0.19790646807606163,0.04953024996984659
p6_MASS,3.0034000383417745e-14,59.71445958105054,2.2737328193883836e-05,0.00012848158477009208,5.2029795e-06,0.22522709716397887,0.056345879764119956
p6_SASA,1.7615567363060884e-13,56.00439909586883,2.2737328193883836e-05,0.00012848158477009208,5.2029795e-06,0.22522709716397887,0.056345879764119956
p6_PKB,3.432136518154635e-05,17.341514631966454,0.0,3.4882612040766486e-05,6.509412e-06,0.0008725414678456279,0.00022848337292976533
p7_H2,1.329191835732544e-14,61.43026464208673,0.0,3.2218294897068627e-05,8.154032e-06,0.10741671206601507,0.026864271098228656
p7_P1,3.595249061145321e-16,69.07521953906307,0.0,0.00021547369045644084,1.475694e-06,0.06641490038116518,0.016657962441414036
p7_NCI,0.0012136016430412107,10.538456904729026,0.0,5.761435857400844e-05,2.4253022e-06,0.050034390219132974,0.012523607469983619
p7_MASS,9.043595691669424e-12,47.81251977229765,0.0,0.00015750054990013433,5.4856736e-07,0.15995340727584675,0.04002786409827594
p7_SASA,2.6778756352705145e-10,40.84378357183979,0.0,0.00015750054990013433,5.4856736e-07,0.15995340727584675,0.04002786409827594
p7_PKB,1.774737671085052e-08,32.3275607054646,0.0,4.749899069169834e-05,3.2512362e-05,0.05104691443449495,0.012781731446781778
p8_H2,0.6826010865157176,0.16732411273198286,0.0,0.0,0.0,0.0,0.0
p8_P1,0.03687431965969755,4.369570153086195,2.3522605350268098e-05,0.0001067184498627424,3.889209e-06,0.1738877231172811,0.04350546334536935
p8_NCI,0.3858155646741718,0.7528427986521374,0.0,0.0,0.0,0.0,0.0
p8_MASS,0.9408521523194386,0.005508635161209107,0.0,0.0,0.0,0.0,0.0
p8_SASA,0.6681988819334229,0.18384049075315262,0.0,0.0,0.0,0.0,0.0
p8_PKB,0.017401004290635565,5.67703867263494,0.0,8.30452928352759e-05,3.0670624e-05,0.052124409049638276,0.013059531241682246
p9_H2,0.2566080130742507,1.2886485402865462,0.0,0.0,0.0,0.0,0.0
p9_P1,7.244618791501164e-08,29.501133930926006,0.0,1.987848143344826e-05,7.1334084e-06,0.07741184319285413,0.019359713770676107
p9_NCI,8.24532404751023e-05,15.648318733658707,0.0,6.25317902738808e-05,3.1125208e-05,0.28442219864605084,0.0711289639110555
p9_MASS,0.4896410675956342,0.4777181060916825,0.0,0.0,0.0,0.0,0.0
p9_SASA,0.24443486233074288,1.356658623315084,0.0,0.0,0.0,0.0,0.0
p9_PKB,9.653501985333652e-06,19.81089986569195,0.0,2.37137240338123e-05,1.4999964e-06,0.008414579306709458,0.002109948256789587
p10_H2,6.543416081021951e-07,25.11285823440227,0.0,3.485758541252124e-05,3.0582657e-06,0.02145570674273575,0.005373405648473896
p10_P1,0.6394522718076192,0.2196122175474827,0.0,0.0,0.0,0.0,0.0
p10_NCI,0.26224571774569205,1.2584854823102456,0.0,0.0,0.0,0.0,0.0
p10_MASS,0.008103988168341396,7.042543585590099,0.0,2.37137240338123e-05,1.4999964e-06,0.008414579306709458,0.002109948256789587
p10_SASA,0.0022621949494214776,9.378845645553573,0.0,2.37137240338123e-05,1.4999964e-06,0.008414579306709458,0.002109948256789587
p10_PKB,0.0009585440026708001,10.980532943772303,0.0,2.37137240338123e-05,1.4999964e-06,0.008414579306709458,0.002109948256789587
p11_H2,2.7978438514195227e-05,17.737862255206377,1.4330412971216777e-07,6.821162023334275e-05,6.342935e-06,0.09869406332812554,0.02469219029692064
p11_P1,6.3148008955437774e-15,63.000192205704316,0.0,4.444125855719779e-05,4.004151e-07,0.05043281724421141,0.012619414729468087
p11_NCI,9.316431107499608e-11,43.007318567497315,0.0,3.098435118071165e-05,1.3600227e-06,0.3168646726054143,0.07922425424481859
p11_MASS,0.13000677242216493,2.2967427369278934,0.0,0.0,0.0,0.0,0.0
p11_SASA,0.3970587360817587,0.7179199709098713,0.0,0.0,0.0,0.0,0.0
p11_PKB,0.0015257013668080303,10.111025221140803,0.0,2.37137240338123e-05,1.4999964e-06,0.008414579306709458,0.002109948256789587
p12_H2,0.6953886661011364,0.1534146770558181,0.0,0.0,0.0,0.0,0.0
p12_P1,9.353313024732489e-09,33.619808581163646,0.0005236712037550418,3.859491536906304e-05,0.0019716017,0.1113124970889825,0.02846159123737376
p12_NCI,0.1803931699470377,1.7972507347414142,0.0,0.0,0.0,0.0,0.0
p12_MASS,9.913792068487633e-05,15.293821436923642,0.0,0.0001949516831817815,3.4104414e-06,0.038275142417139967,0.009618376135436087
p12_SASA,0.000300178276610345,13.174945938256272,0.0,0.0001949516831817815,3.4104414e-06,0.038275142417139967,0.009618376135436087
p12_PKB,5.8661451580863564e-08,29.924206151774893,0.0,0.00033967946221468077,0.0,0.011142133409875426,0.0028704532180225265
p13_H2,1.142610191651647e-28,132.60016467185395,1.001026760961449e-05,0.00029066550088023465,0.00010076972,0.1028313003940265,0.02580818647088654
p13_P1,6.406172322536581e-10,39.06217132073241,0.0008850857495358416,0.0005302929896453274,0.002086657,0.460002384855891,0.1158761051736245
p13_NCI,3.0774721165381326e-06,22.053388577582812,0.0,1.8741057070926834e-05,2.0124453e-05,0.3610311024662838,0.09026749199407137
p13_MASS,0.07378441622639026,3.2044377061867357,0.0,0.00013114760691540554,4.2583306e-06,0.03849484584188113,0.009657562944846947
p13_SASA,0.008312716615245118,6.996636801470356,0.0,0.00013114760691540554,4.2583306e-06,0.03849484584188113,0.009657562944846947
p13_PKB,0.10881275080333726,2.5766360219900575,0.0,0.0,0.0,0.0,0.0
p14_H2,0.6173101425439953,0.24984466888788914,0.0,0.0,0.0,0.0,0.0
p14_P1,1.158271585081542e-10,42.56054013242001,0.0,1.9285364077335668e-05,3.0851854e-06,0.13660282585868178,0.03415629910204634
p14_NCI,3.620772442662887e-13,54.49872050336058,0.0001955949820963028,1.4072104085566722e-05,4.5184374e-06,0.02967418090442978,0.007472091607011853
p14_MASS,2.577783172021162e-11,45.650113047154356,9.10220619578694e-05,0.0001022404946359111,7.4419063e-07,0.008177823284349503,0.002092957507893101
p14_SASA,1.3084788432690417e-11,47.04913202039413,9.10220619578694e-05,0.0001022404946359111,7.4419063e-07,0.008177823284349503,0.002092957507893101
p14_PKB,6.011762626531927e-12,48.65739684983763,0.0,8.167829704584228e-05,0.00033455782,0.10044794436550473,0.025216045119443163
p15_H2,1.2765225457262673e-06,23.78930127156026,0.0,4.8564644732342965e-05,1.2119812e-05,0.219470501411854,0.05488279646709646
p15_P1,1.33786184119694e-38,186.32358153823836,0.0,1.225286098303555e-05,9.79429e-07,0.015672042527853643,0.003921318704470747
p15_NCI,4.933887902410977e-28,129.26183445079982,0.00010087857026090368,0.0003360166375677599,0.00046697402,0.14182039626671544,0.03568106637253115
p15_MASS,1.181750321963231e-25,116.86274348150428,0.0,0.00011102803284235566,7.2208664e-08,0.033583400319549296,0.008423625140263897
p15_SASA,1.1508337599128918e-29,137.86221503685078,0.0,0.00011102803284235566,7.2208664e-08,0.033583400319549296,0.008423625140263897
p15_PKB,7.459311107965729e-42,204.56162914527707,0.0,0.00010691891072272633,1.5960459e-06,0.00711346224329361,0.001805494299973283
p16_H2,2.7726681459284824e-26,120.12789838174784,0.0,0.00012689371663319012,2.1484875e-05,0.03768555258339111,0.009458482793782494
p16_P1,1.069805446959355e-84,476.66667905857804,0.0,0.00010176634167149683,0.00014645263,0.028966290889347004,0.00730362746489006
p16_NCI,1.4493339120300922e-15,66.11419458042202,0.0,5.4908243101537846e-05,2.586348e-05,0.24517564607186343,0.06131410444851506
p16_MASS,1.4394064226570256e-30,142.65272656489455,0.0,0.00018369379890064477,7.607434e-06,0.019123845678794438,0.004828786727891816
p16_SASA,7.569984356819667e-27,123.06142216761131,0.0,0.000384502386081591,2.0247897e-07,0.06906255203994761,0.017361814226250365
p16_PKB,1.6934797941620867e-49,248.68100645748433,0.0,0.00015424376780435737,8.102674e-05,0.08143569891226103,0.020417742354381797
p17_H2,0.0007681400627932273,11.396721633573158,0.0,4.395275898347004e-05,3.6398607e-05,0.025597473946557214,0.006419456328218992
p17_P1,1.3556010587370576e-44,220.1725563375728,0.0,1.6514016376359248e-05,8.308922e-08,0.07329586435696915,0.01832811536564114
p17_NCI,2.039893552412996e-54,278.0408345330025,0.0,9.298990282089954e-05,0.0,0.06287227253304968,0.015741315608967646
p17_MASS,6.367117041395265e-39,188.11688940353082,0.0002889989593023099,1.6445206365396067e-05,7.1450864e-05,0.15796659438328128,0.03958587235328667
p17_SASA,2.227229733454516e-32,152.33064897302316,0.0002889989593023099,1.6445206365396067e-05,7.1450864e-05,0.15796659438328128,0.03958587235328667
p17_PKB,1.6736745066194545e-40,196.95024811718804,0.0,7.436813254250325e-05,2.3847974e-06,0.02186820263883167,0.005486238892200094
p18_H2,0.00020742962164130638,13.8793400665893,0.0,2.243329070724529e-05,1.3919839e-06,0.03045323980299166,0.007619266269403426
p18_P1,0.7924398475567321,0.06928691237157461,0.0,0.0,0.0,0.0,0.0
p18_NCI,1.3287725419664379e-08,32.91103626594128,0.00029848922408404774,5.016128358033332e-05,4.08819e-07,0.17140302307570043,0.042938020600592534
p18_MASS,0.07139886925710533,3.258474009391419,0.0,4.102653244408988e-06,6.126428e-08,0.09563674240726136,0.023910226581196632
p18_SASA,0.07900852759959334,3.0923945200175766,0.0,0.0,0.0,0.0,0.0
p18_PKB,0.26403551075791754,1.2490774847887691,0.0,0.0,0.0,0.0,0.0
p19_H2,0.021047390664277986,5.342146632708114,6.16917656325799e-05,9.693114453633071e-05,1.0809833e-05,0.2486655546462157,0.06220874684732846
p19_P1,6.629996395560881e-05,16.068458688598728,0.0,0.0002777814049601251,0.00033480482,0.06767766972310918,0.017072563986875115
p19_NCI,5.363354368613633e-08,30.10393793859519,0.0,6.724471249941629e-05,2.644642e-05,0.21136474330777613,0.05286460860999998
p19_MASS,2.588224116939613e-10,40.91344291300843,0.0,1.2142620815865563e-05,0.0,0.13077159515675413,0.0326959344443925
p19_SASA,1.1585654874508583e-07,28.561354103186762,0.0,1.2142620815865563e-05,0.0,0.13077159515675413,0.0326959344443925
p19_PKB,0.016100024205781584,5.814459362688216,0.0,0.00013161917934845723,2.9778541e-06,0.00340717021502274,0.0008854418121271737
p20_H2,3.384614827083265e-14,59.46326959846742,0.00014911497425009317,2.637221984979209e-07,0.00010985478,0.0758833486678449,0.01903564553607865
p20_P1,0.02295915851087654,5.189877890477936,0.0,0.001938952042587821,0.0,0.039320988153544366,0.010314985049033047
p20_NCI,0.8370689188271643,0.04231469545632051,0.0,0.0,0.0,0.0,0.0
p20_MASS,2.5225107655727638e-05,17.939024928495673,0.00017172246650310627,4.593424190710487e-05,0.0,0.05260127214222658,0.013204732212659198
p20_SASA,4.478619691806573e-06,21.315749653931423,0.00017172246650310627,4.593424190710487e-05,0.0,0.05260127214222658,0.013204732212659198
p20_PKB,1.2936075698086225e-05,19.239237396562885,0.00017172246650310627,4.593424190710487e-05,0.0,0.05260127214222658,0.013204732212659198
p21_H2,1.5043832729656986e-82,461.5036500893087,0.0,2.1991922637396474e-06,9.320897e-08,0.007473771231015334,0.0018690159080616822
p21_P1,4.469183863901171e-47,234.50915231610793,0.0,2.2325558491569605e-05,3.4852264e-06,0.027113242146936715,0.006784763232967932
p21_NCI,5.100203403504066e-10,39.52733367231917,0.0,0.00018689816033223193,9.55002e-07,0.073567287640934,0.018438785200804383
p21_MASS,1.3891683504518486e-93,541.2569796275343,0.0,7.274426399726356e-05,6.264802e-05,0.10299291710020081,0.025782077345493103
p21_SASA,4.9005638177296715e-71,383.1051730557667,0.0,7.993384905714861e-05,0.0010310905,0.14738282983523285,0.03712346354742779
p21_PKB,6.576620238113025e-47,233.53400240778473,0.0,0.00010736401119824704,3.0205763e-05,0.3851197291073176,0.09631432472045984
p22_H2,7.87697387670498e-15,62.533582765996535,8.657160191445797e-05,1.1026419010579338e-05,3.5153568e-07,0.1244254868778784,0.03113085910861967
p22_P1,9.674996072317269e-16,66.97145728916529,0.0,4.0529656600280465e-05,4.4648208e-05,0.04454088321214153,0.011156515269218339
p22_NCI,6.112764107729505e-05,16.225158160792137,0.0,4.526914110115605e-05,0.00010262981,0.2261635907886139,0.056577872435508235
p22_MASS,0.7453911892310011,0.10551126068297073,0.0,0.0,0.0,0.0,0.0
p22_SASA,0.06766117742907879,3.3471607391171494,0.0,0.00011238334038791292,4.7472992e-07,0.05013707807736987,0.012562484036918401
p22_PKB,0.22161643032247763,1.4960047174713487,0.0,0.0,0.0,0.0,0.0
p23_H2,4.785580275079544e-07,25.733979942394797,0.0,3.480158323003265e-07,0.0005733172,0.1394098459410335,0.03499587778198506
p23_P1,1.3723037002338842e-10,42.21282759365544,0.0,5.581643496844787e-05,2.6457908e-06,0.049399237015840945,0.012364424810402517
p23_NCI,0.034905218931815474,4.463694942193556,0.0,3.2036722121322106e-05,1.1856069e-07,0.22234189238225674,0.0555935119162675
p23_MASS,0.2766222470330081,1.1850885113155134,0.0,0.0,0.0,0.0,0.0
p23_SASA,0.0007136852237855949,11.535176404997909,0.0,2.294334434108785e-05,1.7361688e-05,0.023014492814690812,0.00576369946179576
p23_PKB,0.040343931489081546,4.21588704971576,0.0,5.9412951674042176e-08,0.0,0.007893390149101294,0.001973362390513242
p24_H2,0.9647117643934995,0.0019584466028174244,0.0,0.0,0.0,0.0,0.0
p24_P1,0.0036738276429374088,8.484069648878702,0.0020875559212656255,6.941550184130774e-05,0.00016060949,0.194908036892929,0.049306404451102855
p24_NCI,0.2816534318190989,1.160525793343615,0.0,0.0,0.0,0.0,0.0
p24_MASS,0.016009730490767798,5.824418973515402,5.005378907272206e-05,1.3584882715082217e-05,5.0689883e-05,0.12532668352674517,0.03136025302043574
p24_SASA,0.0004149074231670722,12.560244729345744,0.0,1.540502846597663e-05,0.00011965682,0.15900028431872507,0.03978383654158569
p24_PKB,0.027694246225629233,4.863235059201051,7.102927014561486e-07,2.3169932211054296e-05,0.0015418719,0.15257501638435167,0.03853519213400286
p25_H2,8.233983143029421e-14,57.59708826277062,0.0,1.6449772899174472e-05,0.0,0.2750702070787635,0.06877166421291567
p25_P1,4.270087235731702e-09,35.20601975037246,0.0,1.4569447602330367e-05,1.1647838e-05,0.06338898096293823,0.015853799562062506
p25_NCI,0.00031149029645191075,13.1045882187634,0.0,1.0671020348216911e-05,0.00015573928,0.212251980284901,0.053104597646934974
p25_MASS,3.381410671651338e-08,31.030231101809036,0.0,2.984420403583176e-05,9.3298024e-07,0.1154581764707249,0.02887223841375078
p25_SASA,1.313366509921665e-07,28.310648185033436,0.0,2.984420403583176e-05,9.3298024e-07,0.1154581764707249,0.02887223841375078
p25_PKB,1.0888870288200065e-05,19.575582027975614,0.0,2.984420403583176e-05,9.3298024e-07,0.1154581764707249,0.02887223841375078
p26_H2,2.4138588721448682e-06,22.531704664204728,0.0,5.974266907510514e-06,3.555501e-06,0.07224457986220706,0.018063527407541816
p26_P1,0.00018302175638598063,14.118513786632688,0.0,6.64925704906002e-06,3.4670593e-05,0.030078044915171163,0.007529841191271998
p26_NCI,0.0001460261271027487,14.550659421846659,0.0,3.4601912882527102e-06,1.410754e-05,0.0010089243079011506,0.00025662300973611565
p26_MASS,5.423572909604603e-10,39.40186877237443,0.0,1.094077758684772e-05,5.3892716e-08,0.1493867958827725,0.037349447638268855
p26_SASA,4.730021735264757e-09,34.99881614581618,0.0,1.094077758684772e-05,5.3892716e-08,0.1493867958827725,0.037349447638268855
p26_PKB,7.096201968613346e-05,15.93743726896664,0.0,2.984420403583176e-05,9.3298024e-07,0.1154581764707249,0.02887223841375078
p27_H2,0.5955122048794763,0.282024365554028,0.0,0.0,0.0,0.0,0.0
p27_P1,1.5819328039634453e-05,18.84687715631934,0.0,2.984420403583176e-05,9.3298024e-07,0.1154581764707249,0.02887223841375078
p27_NCI,0.025715805117179986,4.992055569727438,0.0,3.6332472987727906e-05,3.128444e-06,0.09165092512877147,0.02292259651142733
p27_MASS,1.1314605058658523e-05,19.500672149257294,0.0,2.984420403583176e-05,9.3298024e-07,0.1154581764707249,0.02887223841375078
p27_SASA,1.0450364874848534e-05,19.65588540834936,0.0,2.984420403583176e-05,9.3298024e-07,0.1154581764707249,0.02887223841375078
p27_PKB,2.871629411045364e-05,17.687338461114855,0.0,2.984420403583176e-05,9.3298024e-07,0.1154581764707249,0.02887223841375078
p28_H2,8.026693694628012e-07,24.707731794583307,0.0,4.790659016865932e-06,0.00133981,0.10080745718586515,0.025538014453487395
p28_P1,3.7897398508624417e-07,26.197783939685834,0.0,5.985418806415515e-05,1.756343e-05,0.0013104262478727659,0.0003469609665959549
p28_NCI,5.337630700014026e-09,34.7541260757952,0.0,0.00010136457820344422,3.7283948e-07,0.031064979440248087,0.007791679214482927
p28_MASS,1.4628887879554954e-05,18.999371251553956,0.0,0.00024456597788707055,1.08145166e-07,0.011948666836541832,0.0030483352398986536
p28_SASA,8.479078437940337e-10,38.49067708639041,0.0,0.00013340683454206287,7.933405e-06,0.008314640677266456,0.002113995229191817
p28_PKB,2.976081294203211e-21,94.35915723895235,1.2360344162127801e-05,6.085766158984344e-05,3.3976107e-07,0.02706409671743821,0.0067844136210656976
p29_H2,1.447772493103317e-51,260.93054733761477,0.0,1.1261139705555917e-06,1.4572859e-06,0.507017442470201,0.1267550064675083
p29_P1,3.319745274498536e-56,288.9074629087215,0.0,1.1173449285005258e-06,5.4034757e-07,0.16302735757515308,0.040757253816913176
p29_NCI,1.1602161403370977e-18,81.37425273653446,0.0,2.7954279977592316e-05,1.415626e-06,0.0461565276476704,0.011546474388412548
p29_MASS,6.484650006016254e-14,58.09796676625597,0.001808743103352491,8.514622894939909e-07,0.000302654,0.04189572241979867,0.01100199274449731
p29_SASA,4.6095930499777783e-23,103.54606535479427,2.4294007922666213e-06,1.0611118557345252e-06,0.0,0.06606048822620049,0.016515994684712123
p29_PKB,2.697334254960739e-35,168.12531283003122,2.3357717233307688e-05,5.6140345361768654e-06,0.00040040462,0.033311267299625864,0.008435160917961334
p30_H2,0.002137019697845947,9.484376832056212,0.0,8.765609409644777e-06,1.0856803e-05,0.05782003123136265,0.014459913410911475
p30_P1,0.11894670364268344,2.4359092499603565,0.0,0.0,0.0,0.0,0.0
p30_NCI,0.40873497310198315,0.6831339179007374,0.0,0.0,0.0,0.0,0.0
p30_MASS,5.466909928465864e-09,34.70568438228038,0.0,2.4731700087750088e-05,0.0,0.04097939506718725,0.01025103169181875
p30_SASA,5.236726642626037e-09,34.79276086261117,8.070924214389099e-06,8.519048323513446e-05,1.5076892e-05,0.06964255829221971,0.017437724147902595
p30_PKB,1.9489113481583005e-06,22.95357726723862,0.0,2.301883441838706e-05,2.2280941e-05,0.04911853966196638,0.012290959859412746
p31_H2,0.3800456893262577,0.771334292979441,0.0,0.0,0.0,0.0,0.0
p31_P1,0.6536456535199799,0.2014729845042487,0.0,0.0,0.0,0.0,0.0
p31_NCI,0.026665911440869303,4.928950096640739,0.00905813403219229,0.0008616156605547121,0.0004711476,0.001106239530379514,0.0028742842038264977
p31_MASS,0.0016860380514758687,9.924847814736076,0.0,2.2221187764873245e-06,4.775397e-05,0.04965004131875511,0.012425004351590163
p31_SASA,0.03766444812301919,4.333274671012072,0.0,2.8469787073137406e-05,2.3307173e-05,0.05177149463724498,0.012955817899392265
p31_PKB,0.001434600353558009,10.225872519942499,4.543466646897879e-05,8.99732069550554e-07,0.0,0.13787886616145228,0.0344813001399977
p32_H2,0.08701849736479138,2.935268038052059,0.0,0.0,0.0,0.0,0.0
p32_P1,0.04258276008535312,4.123926726902737,0.0,1.6079216946690704e-05,3.6449597e-05,0.055831473173368534,0.013971000496890368
p32_NCI,1.221074388284434e-51,261.37111868403116,0.00047192457178455376,4.957485600069097e-06,8.414555e-08,0.13011057042835514,0.0326468841578218
p32_MASS,0.06013921492510574,3.5427128601032187,0.0,7.408846574978649e-05,6.2381434e-05,0.12264880046409861,0.030696317590952926
p32_SASA,0.008465342564509103,6.963810765518409,0.0,7.733435433153671e-06,0.0,0.11981756387124379,0.029956324326669236
p32_PKB,6.219762355165907e-27,123.50615798520919,0.0,6.38988990124474e-05,0.0,0.14794507505532867,0.03700224348858528
p33_H2,0.024848688370440877,5.051803931924513,0.0,4.4660231378018256e-05,3.0236517e-05,0.036109417312084044,0.009046078515109843
p33_P1,0.06052596636319702,3.53203598313977,0.0,7.35568866766159e-05,7.658957e-07,0.010156388570200674,0.002557677838149367
p33_NCI,0.4899582197122567,0.4770204226646397,0.0,0.0,0.0,0.0,0.0
p33_MASS,0.00701948737687412,7.302430329460402,0.0,2.8588471257984616e-05,1.0111181e-05,0.04932059502594377,0.012339823669532238
p33_SASA,0.00390933539744572,8.369988496714168,4.5672371102719015e-05,4.534871318080047e-05,1.848915e-08,0.0368627634509772,0.009238450756102622
p33_PKB,0.583333783380972,0.30109974309476895,0.0,0.0,0.0,0.0,0.0
p34_H2,4.922007358867212e-41,199.93829062858487,1.2272808137428852e-05,1.3321584568412168e-05,1.5054348e-05,0.169545054296982,0.04239642575949595
p34_P1,6.20350589083141e-10,39.12774129693222,0.0,0.00023614853412693294,2.9590614e-05,0.08904792926772373,0.022328417103924914
p34_NCI,1.7421879052701815e-11,46.458111557781514,4.873751360755853e-06,8.499798268339872e-05,4.0989687e-07,0.18701784573868765,0.04677703184240051
p34_MASS,1.0505016687701627e-08,33.38529192334404,0.0,4.0638899587305844e-05,8.173289e-05,0.14977374862956583,0.037474030105032315
p34_SASA,0.184021185246422,1.7676378975619933,0.0,0.0,0.0,0.0,0.0
p34_PKB,0.0030045938562546777,8.854203424572024,0.0,3.046657115771243e-05,4.6123696e-05,0.09886957495785553,0.02473654130623785
p35_H2,0.8409586827398511,0.0402913337953892,0.0,0.0,0.0,0.0,0.0
p35_P1,0.05536396721618272,3.6809082932696042,0.0,1.8211265326851666e-06,3.5346147e-06,0.0013615976708387324,0.0003417383530264132
p35_NCI,1.2266002502564863e-07,28.44726267493639,0.0,3.692092747127999e-06,3.9324045e-06,0.009205852899858246,0.002303369349282512
p35_MASS,0.914610084983324,0.011503955499902184,0.0,0.0,0.0,0.0,0.0
p35_SASA,0.8119059301651198,0.056662961829672676,0.0,0.0,0.0,0.0,0.0
p35_PKB,0.10683623262368261,2.6057659644106583,0.0,0.0,0.0,0.0,0.0
p36_H2,0.10611446874347143,2.616551288996517,0.0,0.0,0.0,0.0,0.0
p36_P1,0.7321638550327724,0.11720886814454728,0.0,0.0,0.0,0.0,0.0
p36_NCI,0.0016492878377795592,9.965883048579302,2.2251204774797065e-05,0.00026518291350946467,6.224819e-06,0.23827900895333162,0.05964316697268324
p36_MASS,4.0405219062329867e-13,54.269771805742884,0.0012997900343072568,7.281542539885124e-05,9.086292e-05,0.1586558489402783,0.040029829330661466
p36_SASA,3.6295172880656e-13,54.493684576465625,0.0,3.5645369315148194e-05,1.2342263e-06,0.13474212237883085,0.03369475049360168
p36_PKB,1.093484653193339e-09,37.97263757531521,0.0023615433716790073,0.00017518216026985163,5.0661027e-05,0.007211739255984632,0.0024497814536738978
p37_H2,1.4980019144566798e-06,23.473084551296772,0.0,5.3792858790146394e-05,8.720523e-06,0.16535702539987626,0.04135488469531683
p37_P1,0.005828920248289974,7.6399480881651005,0.0,4.877965991130707e-06,0.0,0.10656372177337806,0.026642149934842298
p37_NCI,0.5236389494890155,0.40704724861191005,0.0,0.0,0.0,0.0,0.0
p37_MASS,8.782941285813268e-36,170.78848413742386,0.0,0.00012940255937878847,0.00060567237,0.05496728833578448,0.013925590815054439
p37_SASA,1.3033310384431327e-23,106.34934751144817,0.0,8.08248004650535e-05,0.0,0.028277120471430172,0.007089486317973806
p37_PKB,0.161764983827669,1.9609617807828674,0.0,0.0,0.0,0.0,0.0
p38_H2,6.267492235065101e-50,251.2268031796467,0.0,5.490541624525838e-05,3.1275654e-06,0.023714604273039785,0.00594315931366582
p38_P1,2.106384414720356e-59,308.59466374732307,0.0,6.767983212077828e-05,3.2521457e-06,0.014277473893496777,0.0035871014678265757
p38_NCI,5.089218812199545e-05,16.57906026910269,1.4828997045496522e-06,1.8226632677718864e-05,5.203733e-06,0.13939672614019255,0.03485540985140704
p38_MASS,1.0862875567053205e-46,232.26857085198324,0.0,3.7696562110639596e-05,2.2815611e-05,0.21304224941808017,0.05327569039789108
p38_SASA,2.446808892095464e-40,196.0248174794012,0.00014420669738971796,8.637011592881858e-05,0.0,0.17894068734600213,0.044792816039830166
p38_PKB,0.10116641420006016,2.692728853772855,0.0,0.0,0.0,0.0,0.0
p39_H2,0.0036766568067143676,8.482655427738727,4.4729599748923625e-05,0.00011358632415931443,4.8734448e-05,0.2439188370406623,0.06103147185308597
p39_P1,0.0003039109818645409,13.151437606549301,0.0,7.118700685013722e-05,2.049644e-05,0.10354269220994937,0.025908593914175316
p39_NCI,0.048788922062995246,3.8934559740702763,0.0,0.00013629527669796533,1.4812522e-06,0.03490153414583829,0.00875982766868007
p39_MASS,0.5014962240010195,0.4521436900186133,0.0,0.0,0.0,0.0,0.0
p39_SASA,0.17247905045411488,1.864310418205603,0.0,0.0,0.0,0.0,0.0
p39_PKB,1.1237505893792502e-05,19.514025447815296,9.831892349902599e-05,3.0302299779017977e-05,1.6092214e-05,0.16879367228794906,0.04223459643121363
p40_H2,1.3095021328594628e-05,19.2154093795153,0.0,3.5127602538578307e-06,3.3775006e-05,0.017804874000471524,0.004460540441721089
p40_P1,1.8377533603324824e-08,32.25725817317051,0.0,8.408923076063602e-05,0.0,0.050204156472185554,0.012572061425736547
p40_NCI,4.6224969547155687e-10,39.72810417393821,0.0,0.002474208840503308,0.0,0.04067103059245539,0.010786309858239675
p40_MASS,1.8634488415631066e-68,366.1813093833249,0.0,1.627253296026422e-05,0.0,0.009422534966702553,0.002359701874915704
p40_SASA,8.035046633793493e-41,198.7407294929539,0.0,9.09553028309764e-05,1.740253e-07,0.007403382418019844,0.0018736279365383583
p40_PKB,9.665478288145117e-08,28.923839759744393,0.0,6.186903263086806e-05,2.7148012e-06,0.07949368423516302,0.01988956701725154
p41_H2,2.8550106547865284e-09,36.0221697019984,0.0,0.00011073974298794889,9.219153e-07,0.11620404275684823,0.029078926103777297
p41_P1,6.59786941379646e-05,16.077826880525752,1.5861403282834725e-05,0.00011197771481479835,0.0,0.0305549526848641,0.007670697950740433
p41_NCI,0.00016743948791937832,14.288690699577934,0.0,5.5641371064930245e-05,1.6508111e-05,0.09983341974895217,0.02497639230775493
p41_MASS,0.644477098375711,0.2130820640151591,0.0,0.0,0.0,0.0,0.0
p41_SASA,0.208298719553806,1.5855510606332202,0.0,0.0,0.0,0.0,0.0
p41_PKB,0.00026984981930030307,13.37767837490103,0.0010099688376758562,0.00011496918212550168,7.103989e-06,0.09047969869528137,0.022902935176018616
p42_H2,1.0253307585535053e-06,24.22280879992474,0.0,0.00015115691209505947,0.0030414346,0.0041046250158635325,0.0018243041238450667
p42_P1,0.003425228413495205,8.612877786520883,3.718552541127778e-05,0.0008000272765317864,9.4954616e-05,0.014388564900726354,0.003830183079575722
p42_NCI,0.7359732628273697,0.1137698485397595,0.0,0.0,0.0,0.0,0.0
p42_MASS,2.2103848555738785e-08,31.88542025863241,0.0,0.0004394103775237217,1.4940251e-06,0.15808516244090112,0.03963151671088811
p42_SASA,3.2999609521507625e-06,21.9160430360749,0.0,0.00013844118565203004,7.8107325e-05,0.04080562857219442,0.010255544270699794
p42_PKB,5.8485624988554435e-06,20.792036606797783,6.212505961460778e-05,8.235123156899704e-05,3.857064e-06,0.03326588828470988,0.008353555409924013
p43_H2,1.2407142585551162e-09,37.71553702272987,0.0,0.00023116978317423912,0.0016747656,0.16610554581701267,0.04200287030118377
p43_P1,1.7413169644402466e-30,142.21295345496952,0.0035682063272632894,0.0002719875882040062,0.00012259884,0.08624727197711092,0.022552516182659826
p43_NCI,2.672550609375522e-17,74.62528426014455,0.0,0.0001635202184770087,0.0034444493,0.3230383871153121,0.08166158915284594
p43_MASS,1.6348444163337025e-28,131.7815488523314,0.0,8.826056322660248e-06,0.0,0.062427393929075176,0.015609054996349458
p43_SASA,2.22113534151439e-17,75.02180083409341,0.0,0.00038359806843214956,0.0,0.11266605799878465,0.0282624140168042
p43_PKB,0.43380161510714177,0.6131886936664214,0.0,0.0,0.0,0.0,0.0
p44_H2,1.4742146622533796e-16,70.97453916168897,0.0,1.747512474818468e-05,9.776594e-06,0.2555123477188848,0.06388489985945758
p44_P1,4.5317952216425194e-14,58.85006771538126,0.00013105395832879342,8.660776549963745e-05,0.0013014365,0.11590911241678994,0.029357052648203357
p44_NCI,5.1366176155514806e-05,16.561145024994477,0.0,0.00012725498343864547,0.00030101713,0.2524677119076752,0.06322399600650747
p44_MASS,1.683399498883054e-49,248.69627971502848,0.0,4.297747097288829e-05,6.093567e-07,0.028035265186275984,0.0070197130034810535
p44_SASA,2.7761989087705727e-45,224.13162585595404,0.0,3.697067304484839e-05,3.3150861e-06,0.02183027757078091,0.005467640832489619
p44_PKB,8.152877443481408e-25,112.53072638200493,0.0,2.010750476657906e-05,9.12474e-08,0.16617663833471422,0.041549209271720386
p45_H2,6.664924150194577e-21,92.59286414332418,0.0,1.2131234643280366e-05,0.0005123961,0.13526457303948905,0.03394727509399304
p45_P1,3.544293473267542e-19,83.93973421533478,9.539518121548681e-05,8.870730224428406e-06,7.5282094e-07,0.026079448368625455,0.006546116775250851
p45_NCI,2.8264907297412966e-20,89.43666733741821,0.0,3.863574292988138e-05,9.2638146e-07,0.23304414612502963,0.05827092706235499
p45_MASS,2.3766598476210983e-20,89.81473708881079,0.0,1.7557611186540805e-05,0.0,0.04406679038972957,0.011021087000229027
p45_SASA,5.45465139503815e-22,98.08787025084295,0.0,1.7557611186540805e-05,0.0,0.04406679038972957,0.011021087000229027
p45_PKB,2.537558593585316e-08,31.607587178159765,3.3008895945869538e-06,8.567056550370505e-05,1.7868715e-08,0.3493232887452225,0.08735306951725882
p46_H2,0.023522249521716294,5.14753131602121,0.0,0.0003192229387060143,3.2674576e-05,0.048413850763397874,0.012191437069470346
p46_P1,0.2035121248642622,1.619409943063429,0.0,0.0,0.0,0.0,0.0
p46_NCI,0.05700723108824684,3.6319678474821724,0.0,0.0009252142415295823,3.0266205e-05,0.32924704965015367,0.08255063252409665
p46_MASS,0.002936261562760404,8.89663406632115,0.00013873116615698586,0.00018954174995446744,7.7340576e-07,0.01386764508444947,0.0035491728515799786
p46_SASA,0.001357319800644929,10.329254878616416,0.0,0.0003227852588738715,0.00018483179,0.04189503740964152,0.01060066361501819
p46_PKB,0.005030803663780289,7.908350541878559,0.0,0.00015144038175723802,8.9224494e-09,0.12782467800519834,0.031994031827351256
p47_H2,1.0388245636391009e-17,76.65246025310026,0.0,3.869448965535947e-05,1.1782853e-06,0.007900187283477262,0.001985015014605157
p47_P1,0.16897753955320235,1.89512146248804,0.0,0.0,0.0,0.0,0.0
p47_NCI,0.0012205409508301412,10.52779123502311,0.0,9.251515763506839e-05,1.4755954e-06,0.2573680946121647,0.06436552134128853
p47_MASS,5.882365533536336e-22,97.92163864028483,0.0,3.84147247868892e-06,0.0,0.1189854562236326,0.029747324424027822
p47_SASA,6.726876089155755e-11,43.676159036879405,0.0,8.899013174619432e-05,0.0,0.07932559549733739,0.019853646407270897
p47_PKB,3.5007543084000626e-29,135.30831254319696,0.0,1.8845470657548138e-06,0.0,0.19299470934953314,0.048249148474149725
p48_H2,2.7173870466851383e-21,94.55859990408818,0.0,3.17796712986044e-05,0.0002717958,0.19339440942762984,0.04842449622780605
p48_P1,0.002877137305637579,8.93416607366018,0.0,4.8078276125374515e-05,1.2743077e-05,0.04246824344534973,0.010632266199542573
p48_NCI,1.0011502882186727e-21,96.75153643739003,0.0,0.00018530684315538692,4.5231616e-05,0.1249355484489186,0.031291521727078726
p48_MASS,3.1067184750256853e-72,391.04196618705345,0.0,9.495313971219057e-05,2.0248051e-05,0.06024929654638458,0.015091124434384626
p48_SASA,1.666871134079255e-51,260.566098102738,0.0,0.00012595592174342784,2.345172e-05,0.028207565087965358,0.00708924318223817
p48_PKB,6.064399821552395e-142,951.107187715202,0.04716542823760324,6.907023699473959e-05,0.005120418,0.12380949621927217,0.04404110318209102
p49_H2,2.2907583224460757e-05,18.126293547965574,0.0,5.436010125707353e-05,2.8304476e-05,0.24229895355002137,0.060595404531710445
p49_P1,0.0408275248214306,4.195576182201363,0.00012545448260070551,5.4471974020021276e-05,3.888487e-05,0.030173479504153635,0.007598072707987003
p49_NCI,0.0025577571097882604,9.151533668516679,0.0,0.0002693538168482312,1.6028513e-05,0.02080408494696808,0.005272366819108704
p49_MASS,3.720887846962363e-08,30.837982219689433,5.345404561292635e-05,0.00010941568420502579,2.822102e-08,0.09713298208974751,0.024323970010146412
p49_SASA,7.110792102223426e-07,24.947925394903187,0.0,0.0001598916974884276,2.2004262e-05,0.05500768692474853,0.01379739572107524
p49_PKB,1.0303214126008578e-13,57.12723329160283,2.1806776588211754e-05,5.87202362331398e-05,7.6781795e-08,0.17562468354306052,0.04392632183441925
p50_H2,0.37997645956910664,0.771558575143912,0.0,0.0,0.0,0.0,0.0
p50_P1,0.4143134054003985,0.6670239912172199,0.0,0.0,0.0,0.0,0.0
p50_NCI,0.6103715248872681,0.25982124285544717,0.0,0.0,0.0,0.0,0.0
p50_MASS,0.04843986227096725,3.905575102890856,0.0,7.482054864006619e-05,4.673897e-05,0.1309079496005527,0.03275737727957416
p50_SASA,0.05765161515015101,3.613184610227091,0.0,0.00033497743449945137,1.6164424e-05,0.18491448201603325,0.046316405968600365
p50_PKB,0.1122209066132792,2.5277490340179063,0.0,0.0,0.0,0.0,0.0
p51_H2,3.200608722696644e-26,119.80412898316268,0.0,8.701924285842276e-05,0.003942312,0.010492479136809328,0.0036304526466851813
p51_P1,1.400763219367074e-07,28.18191391502921,0.0,4.10509889380454e-05,0.0,0.01588688094835046,0.003981982984322127
p51_NCI,3.279369180464461e-11,45.15415594479386,0.0,1.0248150359343209e-05,0.0,0.0583474327745935,0.01458942023123821
p51_MASS,4.120285073774575e-23,103.79474150190174,0.0,0.00013122412666131427,0.0,0.010673064363298268,0.0027010721224898955
p51_SASA,2.670390982689751e-17,74.62701638212306,0.0,0.00013122412666131427,0.0,0.010673064363298268,0.0027010721224898955
p51_PKB,4.145510661533117e-26,119.22088495604437,0.0,2.8293575991370886e-05,0.0,0.056183217309622495,0.014052877721403467
p52_H2,7.243856460720414e-20,87.38688697067009,0.00015324349065528055,9.053537621313568e-05,1.266739e-07,0.01209829447943215,0.0030855500050492066
p52_P1,1.4764911710345485e-20,90.8538446518905,0.0,0.00013634268635029958,2.5783675e-06,0.008402538755339957,0.0021353649522868933
p52_NCI,1.2988247417254196e-19,86.11760558068329,0.0,3.693522404103966e-05,2.7486716e-05,0.24002150223172777,0.060021481042976
p52_MASS,0.00018662587811231314,14.081237938908364,0.0,0.00021934030799524196,2.333059e-06,0.012910028919423729,0.0032829255716050184
p52_SASA,6.258095928692417e-07,25.20131487319675,0.0,0.00016747544639676964,0.0,0.0033920656244065704,0.000889885267700835
p52_PKB,4.1333374474689146e-08,30.626822164823796,2.6050432527711638e-05,2.9142734062962383e-05,1.3706669e-07,0.0624863918198311,0.0156354305132785
p53_H2,8.408484234114476e-09,33.83496163144788,0.0,0.00017517116569632426,0.00038092074,0.1394592094286731,0.0350038253338445
p53_P1,0.002973597912968515,8.87332718356074,0.0,8.949300660080129e-06,1.6819158e-05,0.08411153036171073,0.02103432470514036
p53_NCI,0.0011508134428294488,10.637871875524961,1.0525126201223788e-05,1.4927333571612706e-05,3.351395e-05,0.13721266495049772,0.03431790783967708
p53_MASS,8.463160151701758e-21,92.07025694588951,0.0,0.0003568538037071314,8.2203803e-07,0.2153151571813507,0.05391820825577253
p53_SASA,1.2328662690619368e-14,61.58880559807016,0.0,3.5001141766943e-05,0.0,0.1818969047147,0.04548297646411673
p53_PKB,5.867875404280207e-09,34.56244088891281,0.0,0.00021667865884954574,0.001125955,0.08115186592245865,0.020623624901044923
p54_H2,7.4656558185529575e-06,20.31371477561935,0.0,1.6685071845099155e-05,8.947142e-06,0.09261317945927491,0.02315970291835632
p54_P1,6.974846534559354e-10,38.88873553141197,0.0,1.6685071845099155e-05,8.947142e-06,0.09261317945927491,0.02315970291835632
p54_NCI,1.506509754187278e-14,61.166435504859905,0.0,1.1517935565333044e-05,4.3102855e-09,0.07362714611215779,0.018409667089502146
p54_MASS,0.22499733139569505,1.474291997159903,0.0,0.0,0.0,0.0,0.0
p54_SASA,0.3876275558194294,0.7471166077857285,0.0,0.0,0.0,0.0,0.0
p54_PKB,2.2487928383102293e-42,207.510310830628,0.0,4.374401679661048e-06,4.229748e-07,0.06821609571463068,0.01705522327277938
p55_H2,0.6566964743380268,0.19769662996042583,0.0,0.0,0.0,0.0,0.0
p55_P1,0.6566964743482921,0.19769662994780302,0.0,0.0,0.0,0.0,0.0
p55_NCI,0.6566964776087023,0.1976966259349042,0.0,0.0,0.0,0.0,0.0
p55_MASS,0.6566964743237346,0.1976966299780224,0.0,0.0,0.0,0.0,0.0
p55_SASA,0.6566964743092052,0.19769662999585785,0.0,0.0,0.0,0.0,0.0
p55_PKB,0.656696473687524,0.19769663076100433,0.0,0.0,0.0,0.0,0.0
p56_H2,0.44821171341431,0.5756882083738555,0.0,0.0,0.0,0.0,0.0
p56_P1,0.6406778514679314,0.21800841453805847,0.0,0.0,0.0,0.0,0.0
p56_NCI,4.161050347083401e-14,59.02932756222479,2.0605198239388064e-05,0.00035435836560687706,0.00016201133,0.04850696170975817,0.012260984151545383
p56_MASS,0.22274411797415775,1.4887186159111498,0.0,0.0,0.0,0.0,0.0
p56_SASA,0.6556314828441092,0.19901002519758235,0.0,0.0,0.0,0.0,0.0
p56_PKB,1.9931428842797802e-06,22.909304422849626,0.0,3.6640577856918974e-05,1.2896811e-05,0.12112072908115207,0.030292566617580525
p57_H2,0.6258334109071342,0.23792169926756024,0.0,0.0,0.0,0.0,0.0
p57_P1,0.013172098819432926,6.171017906345609,0.0,5.821612185416332e-05,6.7038786e-07,0.0026678038414401843,0.0006816725877892258
p57_NCI,3.6940990274677555e-05,17.198985381748244,0.0,2.9071183375857918e-05,1.0859716e-05,0.12385343243357448,0.03097334083323387
p57_MASS,4.963477673704381e-05,16.627413527457428,0.0,4.508932848704315e-05,0.0,0.04781538835249751,0.011965119420246138
p57_SASA,1.5127010616646423e-12,51.520041936087466,0.0002681953065331817,5.4823087420903544e-05,0.0,0.01400220997938829,0.003581307093335594
p57_PKB,0.0035362410284443782,8.554219273134724,0.0,5.078307610867367e-05,0.0,0.1550666152895877,0.038779349591424095
p58_H2,7.850623055811307e-07,24.751691782934618,0.0,3.662692419999505e-07,6.9676566e-06,0.02864937781994233,0.007164177936457439
p58_P1,1.0000890207652832e-06,24.272152369166616,0.0,3.662692419999505e-07,6.9676566e-06,0.02864937781994233,0.007164177936457439
p58_NCI,0.0003194027612498853,13.056892779092465,0.0,7.8669093908942e-07,0.0,0.038072402007648096,0.009518297174646796
p58_MASS,0.0006855461124751451,11.610974580510023,0.0,9.095411003927154e-10,0.0,0.05286865375068847,0.013217163665057393
p58_SASA,3.4847810641340926e-09,35.617898279052774,0.0,6.88923411433107e-07,0.0,0.04720219454093628,0.011800720866086929
p58_PKB,8.966933164148953e-06,19.955157499893378,0.0,3.662692419999505e-07,6.9676566e-06,0.02864937781994233,0.007164177936457439
p59_H2,0.04650251038293943,3.9745622275464614,0.0,5.770013526644239e-06,0.0,0.07675979412057926,0.019191391033526475
p59_P1,0.18184375102279676,1.7853285170483504,0.0,0.0,0.0,0.0,0.0
p59_NCI,8.664973254912358e-14,57.49013514613077,0.0,2.04449992585697e-05,0.0,0.2144677137708664,0.053622039692531244
p59_MASS,0.25274204440639586,1.3098098952605697,0.0,0.0,0.0,0.0,0.0
p59_SASA,0.0008700310892553547,11.162478412076243,2.0277725286410966e-05,8.449235870083219e-06,0.0,0.05427001493761719,0.013574685474693421
p59_PKB,0.3521897725952715,0.8664750066965814,0.0,0.0,0.0,0.0,0.0
p60_H2,4.1344162541461574e-07,26.02467751298523,0.0,4.439137526124779e-05,2.1201176e-06,0.01924756456573037,0.004823519014658488
p60_P1,2.4897260793276034e-11,45.72175390686799,0.0,6.854408816480956e-05,3.117316e-06,0.17725272154005486,0.044331095736068686
p60_NCI,0.07848589651163883,3.1032387285380207,0.0,0.0,0.0,0.0,0.0
p60_MASS,0.11413279740983638,2.5010362062263236,0.0,0.0,0.0,0.0,0.0
p60_SASA,0.03504619800394721,4.456773149231234,1.6862267006871425e-05,1.583244167368579e-05,5.3349004e-06,0.04422739174167765,0.011066355337684361
p60_PKB,0.0005250399972460968,12.114526253098909,0.0,5.420677444464339e-05,2.6520347e-06,0.16618412759710754,0.04156024660156534
p61_H2,2.4062686745852377e-06,22.53791101207966,0.0,1.731246161889992e-06,2.1033822e-05,0.1219808023123676,0.03050089184516294
p61_P1,5.118662572879597e-12,48.99044089275933,0.0,5.482482012762642e-06,0.0011913185,0.03591866526957781,0.009278866563094398
p61_NCI,0.0010395734344170113,10.828318370531635,0.0,0.007269403411199296,4.201013e-07,0.04122897429051444,0.012124699450750207
p61_MASS,1.1428524159228212e-12,52.10315009340129,0.0,6.474899255797807e-06,0.0,0.06526312059128947,0.016317398872636318
p61_SASA,3.5623225748690566e-07,26.320891383463525,0.0,6.261564529115935e-06,0.0,0.06460888751597565,0.01615378727012619
p61_PKB,2.1439246520654448e-05,18.255092024869136,0.0,6.838096173405504e-05,0.0035102058,0.18425066606224255,0.04695731319940333
p62_H2,1.779398708744847e-06,23.133145662247713,0.0,2.1231671726437157e-07,0.0,0.07809478890557636,0.019523750305573406
p62_P1,3.825103663430328e-06,21.625648189753974,0.0,2.1231671726437157e-07,0.0,0.07809478890557636,0.019523750305573406
p62_NCI,2.0540904195332987e-06,22.849891657347847,0.0,1.1544149014637853e-06,0.0,0.05549664302453167,0.013874449359858283
p62_MASS,8.304182334053313e-06,20.10536537377381,0.0,2.0136726509947122e-08,0.0,0.011196084969634914,0.002799026276590356
p62_SASA,6.4983541297115494e-06,20.585523101179103,0.0,2.0136726509947122e-08,0.0,0.011196084969634914,0.002799026276590356
p62_PKB,0.00497653268561383,7.9281541182164,0.0,1.4025883832759095e-07,0.0,0.0028946878996928085,0.000723707039632784
p63_H2,0.14337831023490163,2.145170764099424,0.0,0.0,0.0,0.0,0.0
p63_P1,0.6463482580316532,0.21068087791644824,0.0,0.0,0.0,0.0,0.0
p63_NCI,0.002978806151732457,8.870099681913727,0.0,0.0005156474244125299,7.0252777e-06,0.3077208877817478,0.07706089012096064
p63_MASS,0.00042446466755005565,12.517076536767346,3.000329012130945e-05,6.498422841078291e-05,7.459767e-05,0.04799703506593188,0.01204165506416851
p63_SASA,0.0024865029084917534,9.203793296026316,0.0,5.587174419544952e-05,1.8264379e-06,0.02934794905819216,0.007351411810081348
p63_PKB,6.1847086903595725e-06,20.682476449906382,0.0,0.00011364231151413989,0.00011106824,0.33264818660287904,0.08321822428919932
p64_H2,0.0009563718038718161,10.98479076856383,0.0,5.7162078651375375e-06,1.2261057e-05,0.15556036297229925,0.03889458505935014
p64_P1,8.031000336182616e-06,20.170823698312628,0.0,0.0001806803121778167,3.3106733e-06,0.2181286607555067,0.054578162935237234
p64_NCI,0.31092957912589914,1.0279131375512944,0.0,0.0,0.0,0.0,0.0
p64_MASS,0.00013931805159970304,14.640764745486138,0.0,0.0002716798828666157,0.00056399306,0.2162425868393876,0.05426956494568748
p64_SASA,0.0005435303832940553,12.049097905781746,1.8808540649586698e-05,0.00027524592491303133,3.6184913e-09,0.052890501940514055,0.01329614000614199
p64_PKB,0.6908382512377185,0.15828413681484238,0.0,0.0,0.0,0.0,0.0
p65_H2,0.016808264935547077,5.738283934417789,0.0,0.0007295456150307909,1.5397201e-05,0.1399715655314333,0.03517912708697182
p65_P1,0.003439838364356582,8.60504818045063,0.0,2.4010649201693874e-05,0.0,0.0177248358160901,0.004437211616322948
p65_NCI,0.7152569134896436,0.13316894639275145,0.0,0.0,0.0,0.0,0.0
p65_MASS,0.7203060543823272,0.12828233058901017,0.0,0.0,0.0,0.0,0.0
p65_SASA,0.14893008245301392,2.0868504276279625,0.0,0.0,0.0,0.0,0.0
p65_PKB,4.633615466427525e-15,63.654115778655544,0.0,7.17151305276008e-05,0.0,0.1915190483001819,0.04789769085767737
p66_H2,0.3387736681501555,0.916068784903497,0.0,0.0,0.0,0.0,0.0
p66_P1,0.4662453356502849,0.5313251163322196,0.0,0.0,0.0,0.0,0.0
p66_NCI,0.5923373260181664,0.28691977446969513,0.0,0.0,0.0,0.0,0.0
p66_MASS,0.06155109792047136,3.5040838137003965,0.0,5.1918792840511075e-06,0.0,0.09081765640978633,0.022705712072267594
p66_SASA,0.6749904326005052,0.17593808944632555,0.0,0.0,0.0,0.0,0.0
p66_PKB,0.298277891805872,1.0831658557592383,0.0,0.0,0.0,0.0,0.0
p67_H2,0.00012686056565869522,14.820358102353621,0.0,4.2517671134472195e-05,1.8058956e-06,0.019944791183066645,0.004997278687459204
p67_P1,0.000258399623962118,13.460269164947556,0.00012806392784853497,1.0416988737664488e-05,1.8795217e-05,0.024546246974135676,0.006175880777012761
p67_NCI,0.0462854517664147,3.98248000414881,0.0,3.9702949090154036e-05,0.00014942112,0.3617267575904216,0.09047897041422417
p67_MASS,1.7076957876377535e-05,18.6978442847395,0.0,5.415997913437258e-05,0.00015358935,0.23492007253275435,0.05878195546632994
p67_SASA,8.447396373590475e-06,20.07190971632605,0.0,1.861681155802056e-05,0.0,0.19742596793552522,0.04936114618677081
p67_PKB,0.035532565140879775,4.433115491810213,0.0,0.000102529700509914,1.1255629e-06,0.012280819574045946,0.0030961187093647966
p68_H2,0.7395217819828044,0.1106175835973245,0.0,0.0,0.0,0.0,0.0
p68_P1,0.7077736901867397,0.14060245448529282,0.0,0.0,0.0,0.0,0.0
p68_NCI,0.6723121483078542,0.17902999344059947,0.0,0.0,0.0,0.0,0.0
p68_MASS,0.9559185202988096,0.0030571965666313853,0.0,0.0,0.0,0.0,0.0
p68_SASA,0.9613630977506743,0.0023480800456676986,0.0,0.0,0.0,0.0,0.0
p68_PKB,0.7557397982064749,0.09683144237744744,0.0,0.0,0.0,0.0,0.0
p69_H2,0.053007245060587765,3.753858963117262,0.0,3.1952889792794028e-06,0.0,0.06009950442050409,0.015025674927370843
p69_P1,0.026000097130588484,4.972921945478879,0.0,6.620168272216541e-08,0.0,0.02229947719577875,0.005574885849365368
p69_NCI,0.0029547257824936524,8.885070476306224,0.0,3.438847618302858e-06,0.0,0.15764048648542345,0.03941098133326044
p69_MASS,3.6044331608466695e-05,17.24659173792038,0.0,1.295180192727179e-05,0.0,0.10398758440405818,0.026000134051496364
p69_SASA,0.0019071046908188604,9.695692646008743,0.0,7.830132316874594e-06,0.0,0.047321713116807156,0.011832385812281007
p69_PKB,0.4485040426471507,0.5749467781196707,0.0,0.0,0.0,0.0,0.0
p70_H2,2.096908782092006e-09,36.64865414170617,0.0,9.61571202785488e-06,2.2149689e-07,0.04438174948218092,0.011097896672774735
p70_P1,1.723912775132335e-06,23.195680401042598,0.0,3.008025669631874e-06,0.0,0.011404935773626198,0.0028519859498239574
p70_NCI,1.1783756824332443e-24,111.70683334220175,0.0,3.839657729198046e-07,0.0,0.2201805741902194,0.055045239538998085
p70_MASS,7.952292487546809e-15,62.513500860337196,0.0,1.6100703014992142e-05,0.0,0.011787154071262991,0.0029508136935694957
p70_SASA,3.390902031822326e-12,49.84394927453541,0.0,1.6100703014992142e-05,0.0,0.011787154071262991,0.0029508136935694957
p70_PKB,7.503134052432901e-06,20.30391039663281,0.0,9.875865821198223e-06,0.0,0.06911480906339666,0.017281171232304465
p71_H2,0.00012543646724365364,14.842012737120513,0.0,4.6784466780084614e-05,1.16179514e-07,0.043066475409129994,0.010778344013856023
p71_P1,1.8378504075598627e-15,65.6108668017862,0.0,2.945578947724105e-06,0.0,0.0002635168724570642,6.661561285119708e-05
p71_NCI,2.8032092401144847e-21,94.49039900389822,0.0,5.699310958502359e-07,0.0,0.1349798642724682,0.03374510855089101
p71_MASS,0.0063842845589630985,7.474499369546768,0.0,1.031742004751638e-07,0.0,0.002397700600490159,0.0005994509436726585
p71_SASA,0.004013515420397433,8.321740938345506,0.0,1.031742004751638e-07,0.0,0.002397700600490159,0.0005994509436726585
p71_PKB,1.1716706902934508e-22,101.48144738766456,0.0,1.0239665966872192e-06,0.0,0.0487460102219801,0.012186758547144197
p72_H2,2.4253267977169236e-06,22.522364697546493,0.0,2.6089264786958734e-07,0.0,0.09167345701419544,0.022918429476710828
p72_P1,2.6879398139467194e-06,22.319827317106363,0.0,2.6089264786958734e-07,0.0,0.09167345701419544,0.022918429476710828
p72_NCI,4.664787942700162e-05,16.74740889206447,0.0,7.678144990409099e-05,0.0,0.09150469736140922,0.022895369702828326
p72_MASS,0.0005767949847902107,11.936868376685133,0.0,3.653187503882862e-06,8.818909e-10,0.01591997202609016,0.003980906523871234
p72_SASA,3.8052114507060166e-05,17.14158193010784,5.5479838545398935e-11,7.32873010726001e-08,0.0,0.01993986421572812,0.004984984389627258
p72_PKB,4.5055915909967e-08,30.453671529673716,0.0,2.6847803996819046e-06,3.973363e-06,0.04141949653984077,0.01035653867085107
p73_H2,0.6559022235186096,0.19867564152715939,0.0,0.0,0.0,0.0,0.0
p73_P1,0.9215466441666191,0.00970502665164511,0.0,0.0,0.0,0.0,0.0
p73_NCI,0.7743188395934534,0.08226512122994198,0.0,0.0,0.0,0.0,0.0
p73_MASS,0.44176619520795746,0.5922289153373994,0.0,0.0,0.0,0.0,0.0
p73_SASA,0.4363170871732449,0.606505664927463,0.0,0.0,0.0,0.0,0.0
p73_PKB,0.8844680538786884,0.021126607885133403,0.0,0.0,0.0,0.0,0.0
p74_H2,3.887351410614932e-32,151.0320421241294,0.0,9.619138903256456e-06,6.364402e-06,0.06808444185334678,0.01702510634856186
p74_P1,7.577686084687621e-07,24.82183421248015,0.0,3.33715686574513e-05,1.940279e-05,0.07213994346720844,0.018048179456644664
p74_NCI,8.749394277527915e-22,97.04789034909759,0.0,1.1197886021773264e-06,0.00026727872,0.06868385527884886,0.01723806344765923
p74_MASS,1.7634821497621715e-12,51.201221086216705,0.0,4.723180302231111e-05,2.5248701e-08,0.02761995641176903,0.006916803365873062
p74_SASA,4.1745696272742686e-16,68.7573674418256,0.0,1.489275887441035e-05,2.501872e-07,0.031404963404171496,0.007855026587564769
p74_PKB,3.1834532261234834e-13,54.767492254352774,0.0,3.718872674441604e-06,0.0,0.11150761079087661,0.027877832415887763
p75_H2,1.7213025190549497e-16,70.64408163439063,0.0,3.2132804733556344e-06,2.1683252e-05,0.015684679589953534,0.00392739403067448
p75_P1,0.7210686648766396,0.12755322827600746,0.0,0.0,0.0,0.0,0.0
p75_NCI,0.03494895791774463,4.461544315291501,0.0,2.9759189536686897e-05,1.931545e-07,0.04674293565616432,0.011693222000051682
p75_MASS,1.6001543719993618e-15,65.90434888503593,0.0006679914118318944,1.4541881306719982e-05,0.0,0.025104106804576646,0.006446660024428815
p75_SASA,4.2310548319042917e-14,58.99428360342626,0.0,2.304314894401771e-07,0.0,0.012718581358903861,0.0031797029475983253
p75_PKB,8.608120879440412e-16,67.21946742964703,0.0006679914118318944,1.4541881306719982e-05,0.0,0.025104106804576646,0.006446660024428815
p76_H2,0.3614126301338383,0.833851813152224,0.0,0.0,0.0,0.0,0.0
p76_P1,0.11505372023252423,2.4883448932449186,0.0,0.0,0.0,0.0,0.0
p76_NCI,0.0001281395595537182,14.801117923052368,0.0,3.933515127115086e-05,1.2786803e-05,0.05384333065940165,0.013473863153513566
p76_MASS,0.3311530891929447,0.9454335455869249,0.0,0.0,0.0,0.0,0.0
p76_SASA,0.013568538609130256,6.118202284330444,0.0,4.110018972957422e-06,0.0,0.008480966243173947,0.002121269065536726
p76_PKB,0.9794305155646688,0.0006651372222541965,0.0,0.0,0.0,0.0,0.0
p77_H2,0.1558815867969123,2.017203123253021,0.0,0.0,0.0,0.0,0.0
p77_P1,0.07895424258210187,3.0935172870930217,0.0,0.0,0.0,0.0,0.0
p77_NCI,0.5808854619426762,0.3050327274015509,0.0,0.0,0.0,0.0,0.0
p77_MASS,0.21693797547512417,1.5267135916532177,0.0,0.0,0.0,0.0,0.0
p77_SASA,0.12133872107029446,2.4046248189424784,0.0,0.0,0.0,0.0,0.0
p77_PKB,0.7681096880307755,0.08698959651454928,0.0,0.0,0.0,0.0,0.0
p78_H2,0.00027022921180923815,13.375002763271471,0.0,1.6616307397077796e-08,0.0,0.0014932982231669423,0.00037332870986858484
p78_P1,0.05030794007113759,3.8417637237272504,0.0,5.424599196821307e-08,0.0,0.02197831499168792,0.005494592309419973
p78_NCI,1.2482731002449468e-07,28.41224986693509,0.0,0.0,0.0,0.02925291125027129,0.007313227812567822
p78_MASS,0.011253858644060321,6.45212653017109,0.0,2.903293106243801e-08,0.0,0.042524763342668886,0.010631198093899986
p78_SASA,0.001860521875845004,9.741652547722266,0.0,2.903293106243801e-08,0.0,0.042524763342668886,0.010631198093899986
p78_PKB,0.0028279541644985846,8.965990478295929,0.0,0.0,0.0,0.010544073258742405,0.0026360183146856013
p79_H2,2.8358460518744646e-07,26.77490150812743,0.0,2.0645619429104607e-05,7.890119e-07,0.07485974815430697,0.018720295696407086
p79_P1,2.9251130659699422e-33,157.0782544843168,2.4140779416569053e-08,2.061674058075796e-06,4.659595e-07,0.0412661637588756,0.010317178883300245
p79_NCI,1.9874547636756924e-32,152.59643322746354,0.0,1.2182398665343677e-05,7.798878e-09,0.2020219406162395,0.050508532703445706
p79_MASS,1.1769171193104796e-06,23.949969604545082,0.0,1.1608769840090694e-05,0.0,0.0628864524323414,0.01572451530054537
p79_SASA,5.925278038674813e-45,222.23697584740745,0.0,2.3466016780266082e-05,0.0,0.047862076308569285,0.011971385581337387
p79_PKB,0.6491117931576802,0.2071646188829109,0.0,0.0,0.0,0.0,0.0
p80_H2,4.868445377947885e-63,331.39215162754476,0.0,1.726654089406504e-06,4.9748877e-07,0.015719080141740525,0.003930326071150028
p80_P1,4.809029032455915e-47,234.3240855287177,0.0,2.4274721200980637e-06,0.0,0.004570485040014638,0.0011432281280336842
p80_NCI,0.0020097856820317844,9.598287428975425,0.0,4.388628233717937e-06,0.0,0.011997731829619572,0.0030005301144633225
p80_MASS,3.08542940859514e-52,264.9363800114961,0.0,7.680834243287241e-05,6.1737595e-08,0.0037390575210164705,0.0009539819002609837
p80_SASA,3.2907145681191254e-34,162.21341191963472,0.0,9.657203983391577e-05,1.9747176e-07,0.003264627639545237,0.0008403492877856346
p80_PKB,4.759880453866675e-60,312.6124413278232,0.0,8.175594452891605e-07,0.0,0.006745016679629165,0.0016864585597686135
p81_H2,0.00036962602115692215,12.7794683166572,7.575758456851277e-06,3.778781320951468e-05,1.6898462e-05,0.1202605189492699,0.030080695245856725
p81_P1,3.868620641635673e-05,17.109575236000627,0.0,3.302839390740366e-05,1.7503847e-06,0.002496110166952475,0.0006327222364000352
p81_NCI,0.01614330478175778,5.809705846576907,0.000305095320280431,0.0003546044971365871,1.2547783e-06,0.27295747820983973,0.06840460820139917
p81_MASS,9.859341272430702e-05,15.30440826926368,0.0,0.00014897472691044445,0.0,0.0543290546609142,0.013619507346956161
p81_SASA,8.66724407634186e-06,20.021646514275837,0.0,0.00014196695183514262,0.00019928944,0.06527298555653306,0.016403560486961774
p81_PKB,0.012772133716625111,6.225989237777468,0.0005019133016247276,9.935746763477508e-05,1.082896e-06,0.16303370272835427,0.04090901409840488
p82_H2,7.139327743617065e-18,77.4584476810182,0.0,0.00011959579869472079,5.2695184e-05,0.2841168202114742,0.07107227779864778
p82_P1,1.426162723014976e-35,169.6370345505976,0.0,1.8986024286883098e-06,6.976257e-08,0.04224232778365863,0.010561074037164537
p82_NCI,2.3200718423396717e-10,41.1372406779775,0.0,1.54721076770604e-05,2.124695e-06,0.06521042628788756,0.016307005772616606
p82_MASS,1.0606968154577923e-18,81.56799550638353,0.0,1.919655439247051e-06,0.0,0.00487294400527027,0.0012187159151773792
p82_SASA,4.012121141403281e-15,63.95853236269544,0.0,3.181741648288708e-05,0.0,0.041120451429242914,0.01028806721143145
p82_PKB,2.5084626540291897e-06,22.455954380072686,0.0,3.595054691813516e-05,0.0,0.0762076658459501,0.019060904098217056
p83_H2,9.496576886983087e-27,122.54839913714643,0.0,6.9459228115340675e-06,3.2627097e-06,0.11393410317802259,0.0284860779526328
p83_P1,5.369577150297122e-27,123.83902824690837,0.0,6.9459228115340675e-06,3.2627097e-06,0.11393410317802259,0.0284860779526328
p83_NCI,1.1380812537745009e-23,106.65073757069459,0.0,5.431896427762062e-05,7.137268e-08,0.055282220651937976,0.013834152747224396
p83_MASS,6.873945480822447e-22,97.57870692235818,0.0,5.431896427762062e-05,7.137268e-08,0.055282220651937976,0.013834152747224396
p83_SASA,1.220645002322296e-19,86.25246874082828,0.0,5.431896427762062e-05,7.137268e-08,0.055282220651937976,0.013834152747224396
p83_PKB,0.005852007461374548,7.632754696747876,0.0,4.493578199328253e-05,0.0018753142,0.30097235927934785,0.0757231523060963
p84_H2,2.59428511105373e-18,79.63778668807143,0.0,7.528216962295255e-05,0.00020078396,0.19642620857169982,0.04917556867653784
p84_P1,0.29324268174298596,1.1060035732743985,0.0,0.0,0.0,0.0,0.0
p84_NCI,8.132905725290132e-05,15.674748814792377,0.0001035546471909541,0.00019891171167651857,0.0003115928,0.19052465623510637,0.047784678847872436
p84_MASS,3.9293835608766027e-28,129.78058094252927,0.0,4.152437311026936e-05,3.2243527e-06,0.09680312130106715,0.024211967506711236
p84_SASA,5.654564719395181e-22,98.008605679871,0.0,0.00021503612415823523,0.0,0.09167541953774871,0.02297261391547674
p84_PKB,7.610432738454203e-29,133.52965633498692,0.0,0.00014655885324302756,0.0003056858,0.08221046656228063,0.020665677803074645
p85_H2,1.851051835848358e-13,55.90073699335099,0.0,0.00012572901186683853,9.574471e-07,0.024191757992914068,0.0060796111129771775
p85_P1,2.785351848966504e-31,146.45438980388315,0.0,0.0001270258320433395,0.0004383281,0.08322236301786433,0.020946929238674958
p85_NCI,3.830721642435402e-22,98.86651474057119,6.674205773691524e-05,6.689132166008483e-05,5.968912e-06,0.06672400335548467,0.0167159014116865
p85_MASS,1.4215350620293419e-11,46.877988072581694,0.0,0.00011817231755382704,0.00027648825,0.05378005140712575,0.013543677994165925
p85_SASA,8.797704080157412e-17,72.0764035923779,3.4058550111956327e-06,2.5714997232047436e-05,1.7401682e-05,0.1789291615628023,0.04474392102432918
p85_PKB,0.9718310913207122,0.0012476388636922468,0.0,0.0,0.0,0.0,0.0
p86_H2,6.143974876733957e-61,318.1655462717073,0.004309632804312977,0.00011922465328888673,4.215095e-05,0.8718001152710696,0.21906778091974818
p86_P1,1.6921356071487913e-43,213.90021023263816,0.020432873917036087,0.021157205304851816,0.02600397,0.3698177201848627,0.10935294231000135
p86_NCI,4.8559463787231675e-30,139.84773978755058,0.0,5.442482909699448e-07,3.5762227e-05,0.1711088879117378,0.04278629859666132
p86_MASS,0.7280557713143445,0.12098176462342239,0.0,0.0,0.0,0.0,0.0
p86_SASA,0.0068341175146660925,7.35094235686358,0.0022491235834595415,4.7058844937384405e-05,0.00021901807,0.1663150218051287,0.042207555575277035
p86_PKB,1.2090265457667417e-13,56.792199587837075,0.00040885064178085864,0.0002144647428401612,0.00021759741,0.19263240466268988,0.04836832936376635
p87_H2,0.3945684663565484,0.7255316282052444,0.0,0.0,0.0,0.0,0.0
p87_P1,3.0401284831483984e-10,40.58430484740988,0.0,0.00010345539457974223,3.7121885e-05,0.13868522674897793,0.03470645100709338
p87_NCI,4.464589045303911e-06,21.321911771838774,0.043945118576421645,0.0037956463002502203,0.002462591,0.2347401054025547,0.07123586533095783
p87_MASS,0.005911115076745055,7.614469657471195,0.0,3.957062950276416e-05,0.0,0.17369474473681346,0.04343357884157906
p87_SASA,0.167501530219325,1.9083299351680783,0.0,0.0,0.0,0.0,0.0
p87_PKB,8.02820166103264e-17,72.27193065733574,0.0,1.2518225189044955e-05,1.1698116e-05,0.12169387088700943,0.030429521807148512
p88_H2,1.504569806552193e-12,51.53124704703604,7.288283927001584e-05,5.8396427999251384e-05,8.8120105e-06,0.01303814120332628,0.0032945581202718783
p88_P1,2.385272588005679e-11,45.81010561684721,0.0,0.00011142051824547152,2.3357317e-05,0.05692161643525972,0.014264098567709254
p88_NCI,0.00014732826925346093,14.533653495155894,0.0,0.0001698541313217936,3.9085327e-05,0.08886519128134046,0.02226853268502654
p88_MASS,1.0658198105871394e-05,19.61741062311816,0.0,9.598140078129198e-05,0.00021487316,0.09553006897452075,0.02396023088338964
p88_SASA,3.00854951534523e-06,22.097967956702373,0.0,6.986757602814177e-05,1.0440866e-06,0.024475815855055635,0.0061366818794250134
p88_PKB,0.34285030548778195,0.9007217401395257,0.0,0.0,0.0,0.0,0.0
p89_H2,5.0118455992942495e-18,78.21950579703432,0.0,0.00023108355176081391,6.8281256e-06,0.06480881685525443,0.016261682133155375
p89_P1,4.556843742906681e-13,54.018844159504425,0.0,5.242854409413396e-06,6.0521934e-06,0.03115762926720514,0.007792231078749807
p89_NCI,0.0008001610732140511,11.319874623052,0.0003487901236036251,1.787007027758946e-05,0.00025141565,0.14878869554719368,0.037351692848091624
p89_MASS,2.1357045168174718e-14,60.43162596642448,0.0,4.703045228572344e-05,0.0,0.13184756997834562,0.032973650107657834
p89_SASA,7.343426872777284e-21,92.38071744078857,0.006024617804566137,0.0037680928833793417,0.0012245664,0.17414482777200085,0.04629052620685029
p89_PKB,2.0768591345203056e-28,131.23508214354513,6.824923135358493e-05,0.0002318064783271308,3.0415551e-06,0.08858069005854033,0.022220946830841862
p90_H2,2.429309392610678e-07,27.08318992745906,0.0,8.255094478182695e-05,0.0004129781,0.30521587998045396,0.07642785225290588
p90_P1,3.369988394710319e-05,17.376936400556033,0.0,5.7112592848147084e-05,0.0,0.14137461020994502,0.035357930700698294
p90_NCI,2.4593718739605693e-06,22.494896287237705,0.0005110174991738389,1.0908233526718416e-05,0.000650639,0.1374304937798941,0.03465076462951642
p90_MASS,0.021858280684086698,5.275876029303891,0.0007973131848253226,4.8017362194062866e-05,0.0,0.046920126413267225,0.011941364240071653
p90_SASA,0.25860401252810167,1.2778764276139838,0.0,0.0,0.0,0.0,0.0
p90_PKB,5.453617792385247e-15,63.309842363747464,0.0018805722469523258,0.00029657634185232645,0.00033521623,1.0,0.2506280912049958
p91_H2,0.3091943792908309,1.0353169805542182,0.0,0.0,0.0,0.0,0.0
p91_P1,9.183036939910366e-60,310.83560525232497,0.0,0.000144807243057223,1.5955749e-08,0.051677704024859765,0.012955631805916428
p91_NCI,1.246929603792213e-92,534.1836589385463,0.0,7.087551656955707e-06,0.0,0.19634028588548158,0.049086843359284635
p91_MASS,2.5199380432566435e-39,190.3599397799453,0.0,0.006287048375110493,0.009595348,0.02820469333451049,0.011021772319503435
p91_SASA,1.6616054639438119e-32,153.01442336624694,0.0,0.006287048375110493,0.009595348,0.02820469333451049,0.011021772319503435
p91_PKB,8.291497564393343e-51,256.42551306813397,0.000378775747733045,0.00033678337840921255,4.4422944e-05,0.3502217317469038,0.08774542845438246
p92_H2,3.805841521577894e-22,98.88087735161996,0.0,1.3193619991502501e-05,0.0,0.1826041883772101,0.0456543454993004
p92_P1,2.816365278770737e-45,224.09569718010874,0.0,2.0003711697312796e-05,1.9209167e-05,0.055530845522273276,0.013892514600134328
p92_NCI,7.437416813278321e-10,38.75782147946463,0.0,4.69972954724777e-05,3.6485806e-06,0.024635257877425754,0.006171475938364422
p92_MASS,3.407694705040912e-28,130.1053257509308,4.647614886894747e-06,3.4138293027291544e-06,1.3945921e-06,0.08797767453849643,0.02199678264370107
p92_SASA,1.6664488909613158e-28,131.7378140885833,4.647614886894747e-06,3.4138293027291544e-06,1.3945921e-06,0.08797767453849643,0.02199678264370107
p92_PKB,6.69201122560009e-07,25.068312964910454,0.0,4.69972954724777e-05,3.6485806e-06,0.024635257877425754,0.006171475938364422
p93_H2,0.00011946393686003555,14.93561545196198,0.0,9.756515505024467e-06,6.127165e-06,0.3668929575502448,0.09172721030765044
p93_P1,3.8685342295352065e-10,40.09177936380993,0.0,3.258298168213978e-05,1.3207443e-06,0.1827695029080954,0.0457008516585273
p93_NCI,4.779215359177863e-09,34.97786307304758,0.0,0.0003125315192779726,0.0037027537,0.06917139211729988,0.018296669331429483
p93_MASS,6.796436610008753e-05,16.020646003091656,8.601824673198565e-05,0.00010027335243339649,0.0,0.08281362436363443,0.020749978990699955
p93_SASA,0.006423053019097769,7.463505284621837,2.980343137848181e-08,6.994893613437666e-05,0.0,0.1553719523706754,0.03886048277756029
p93_PKB,3.210503042544941e-20,89.15891978200872,0.001538001542238617,0.0004687273003650322,0.0,0.48203975695048956,0.12101162144827331
p94_H2,2.77391690406656e-97,569.0535919636842,0.0014136205464202335,3.370955416005689e-05,0.00082146766,0.06302532277352098,0.016323530134432097
p94_P1,4.388012194286073e-74,403.39836775885993,0.0009507073481742895,0.0022569289926369545,0.0,0.027901094864014563,0.0077771828012064515
p94_NCI,4.8671005061171804e-67,356.98477894713085,0.0008299734929738089,9.037163308922158e-05,3.5397957e-06,0.16883583831945193,0.04243993081029644
p94_MASS,4.2610438914909535e-13,54.15887813133062,0.0,2.1732021744943836e-05,9.974009e-06,0.034320960890322175,0.008588166730296101
p94_SASA,2.323960749723522e-24,110.18974403322017,0.0,0.007122440083787382,0.0,0.03893865161438584,0.011515272924543305
p94_PKB,4.399197997710288e-49,246.2415248408453,0.015984907328830247,4.265220430072005e-05,0.011401819,0.16323227003142682,0.047665412157442744
p95_H2,1.8507009102072054e-39,191.10797508689222,0.0,8.880595778127146e-06,3.0655367e-06,0.050836736489488714,0.012712170655492386
p95_P1,4.657893494219016e-13,53.973087885225105,0.0,1.2379025403230717e-05,3.23803e-06,0.027273810547010658,0.006822356900629373
p95_NCI,1.6016488197753556e-08,32.53438387521226,0.0,4.603475781786093e-05,3.8376074e-06,0.047182027819446755,0.011807975046175445
p95_MASS,3.320200095807383e-49,246.9600471843243,0.0,0.00010837415238969596,5.039553e-05,0.1124889348818268,0.02816192614123081
p95_SASA,4.959406296785061e-38,183.166757488718,0.0,2.25832648000809e-05,1.7209783e-05,0.09655600418236841,0.024148949307423888
p95_PKB,9.40253653797321e-18,76.86662685896604,0.0,2.2099987352790757e-05,1.3626104e-07,0.24508901924144955,0.06127781387245964
p96_H2,8.089312690455482e-11,43.297294813903434,0.0005175995795570375,0.00020995202932949073,2.2550596e-07,0.15963776576203978,0.04009138571922083
p96_P1,0.0008023447675291815,11.314747972651965,0.00042401227210250956,6.742210726681145e-05,1.952497e-05,0.07738758304901823,0.019474635599699894
p96_NCI,4.903467288782179e-07,25.68563249399825,0.0002674785623261211,0.0012545601151981458,0.0001232646,0.1124012781863983,0.02851164536666432
p96_MASS,1.456167154355852e-07,28.10441830240368,3.632936793176245e-05,0.00028706611526805757,4.834924e-07,0.19176186044217536,0.048021434854440215
p96_SASA,3.36243065336442e-10,40.378306342798105,0.0008018142185668874,0.0039058605892969733,0.002571768,0.12764416892398642,0.03373090290660036
p96_PKB,8.024909315702398e-05,15.700488498073215,0.0,5.837566985881526e-05,5.1100125e-07,0.024956300305199484,0.006253796744076237
p97_H2,8.626189601886898e-07,24.565002405434736,0.0,6.818838696899577e-05,1.607821e-07,0.5247840335983415,0.13121309569185097
p97_P1,5.361008049101262e-10,39.4255472243196,0.0,3.1380365155038002e-06,0.0,0.1244694621886011,0.03111815005627915
p97_NCI,0.07481662378947904,3.181636039052656,0.0,0.00015134366098533118,1.8092676e-07,0.18023095613085577,0.045095620179650665
p97_MASS,6.652653554524316e-27,123.35381950703078,0.0,0.0013032478141012408,0.002042019,0.29021117189213724,0.0733891096868734
p97_SASA,1.28738127616136e-26,121.86041230131548,0.0,3.3714055876119896e-05,0.0,0.24384881080515097,0.060970631215256775
p97_PKB,8.385388488979586e-26,117.63441321639341,0.0,3.46812081365639e-05,1.2816689e-07,0.41355416983118254,0.10339724480155194
p98_H2,0.7574406501233384,0.0954439738655843,0.0,0.0,0.0,0.0,0.0
p98_P1,0.13564366041879425,2.2308070894543666,0.0,0.0,0.0,0.0,0.0
p98_NCI,0.001503513784088679,10.13834225339963,0.0,4.208294888828989e-06,1.5084414e-05,0.05209258291193173,0.013027968905298093
p98_MASS,4.652103011103522e-07,25.790187187191506,0.0181384389983126,0.00122197612245818,0.079604134,0.1231906741706406,0.055538805813749065
p98_SASA,5.766280028053395e-07,25.36375840337636,0.0012511582584123573,0.008867279680014663,0.0,0.09396399682935404,0.026020608691945266
p98_PKB,9.806320934742814e-15,62.07139945283363,0.02234128509794466,0.017661215402376616,0.23384424,0.04080096213309964,0.07866192454321431
p99_H2,8.99232039699673e-33,154.44897733617324,0.0,0.00011641147559233416,2.5975241e-05,0.08182224811154859,0.020491158707145785
p99_P1,1.355245438651175e-36,175.23979961596947,0.0,3.627886296506153e-05,1.8574665e-06,0.05515776116448348,0.013798974373483736
p99_NCI,1.966691253073227e-12,50.97462886906716,0.0,4.7299587707320095e-05,1.5646874e-05,0.07058377674291318,0.017661680801177554
p99_MASS,1.181655166223746e-28,132.52335173074908,0.0,3.0068156269253045e-05,6.651277e-05,0.0180130055992508,0.0045273966322871
p99_SASA,1.836666545345474e-38,185.559204537498,0.0,3.3053315987072225e-05,3.3978656e-06,0.0006250711122396338,0.00016538057345967327
p99_PKB,0.0009734300149932784,10.951614662134803,0.0,0.00010035503084631367,1.7955937e-05,0.17958610398565283,0.04492610373848413
p100_H2,1.3496925080281249e-17,76.09035159314789,0.0,0.00014573704838996077,0.00013756703,0.07348930789355353,0.018443152991829994
p100_P1,2.4374511760530886e-10,41.03624226976088,0.0,0.0005364458706716679,0.00016144756,0.16555545435674224,0.041563336947422806
p100_NCI,0.00010844308374109395,15.121441361854556,0.00020683420772117975,7.688350254800099e-05,1.4142562e-05,0.16049236168140002,0.04019755548833419
p100_MASS,0.008658939294017426,6.923035246408851,2.1227862381956134e-06,0.00022042517217876965,4.334317e-06,0.03447597431663035,0.00867571414802548
p100_SASA,7.437588377705419e-05,15.846886125152444,0.0,0.00015105032719334592,7.447322e-05,0.018888547691872176,0.004778517809005151
p100_PKB,0.38468969307982925,0.7564200752253271,0.0,0.0,0.0,0.0,0.0
p101_H2,0.0016126754169468566,10.007698034426255,3.056165627698906e-07,2.2778689145761526e-06,0.0,0.17867614574718335,0.044669682308165176
p101_P1,0.19325369358429292,1.6952446190196233,0.0,0.0,0.0,0.0,0.0
p101_NCI,5.791810717992379e-11,43.98376918208163,0.00027013333613543506,4.645507738098749e-05,1.0640894e-05,0.044642920821811954,0.011242537532404187
p101_MASS,4.259844685833547e-17,73.62699529686876,0.0,1.0735284140432926e-05,0.00047009886,0.11837258500920252,0.029713354789523937
p101_SASA,9.978493513233158e-15,62.034693516218596,0.0,1.9329127012803907e-05,1.7865031e-07,0.1414616710268375,0.03537029470104021
p101_PKB,7.219629938112387e-44,216.01253993923578,4.419131033542261e-05,2.742735640113592e-06,1.02918186e-07,0.3166068310727551,0.07916346700922916
p102_H2,3.489403839024989e-07,26.362041775013406,0.0,7.629266011128785e-06,0.00033401945,0.049180347445149306,0.01238049904093168
p102_P1,2.3738500401150852e-07,27.12922042700119,0.0,2.1549866571184066e-05,0.001440483,0.025714477776122697,0.006794127667923586
p102_NCI,1.9549275215508185e-70,379.14301950039805,2.9130635968303593e-06,4.642541602721062e-07,7.380825e-05,0.19187460944890894,0.04798794875482571
p102_MASS,1.0510747535292233e-15,66.7956340228657,0.0,4.268274107756238e-07,0.0,0.12340072838849382,0.03085028880397615
p102_SASA,5.048509993889239e-18,78.20382022669129,0.0,2.248924206823971e-05,0.0,0.021042042967465785,0.0052661330523835065
p102_PKB,9.020709126657072e-48,238.55792762079096,0.0,4.084768181552206e-06,4.3608054e-08,0.07261204626251669,0.018154043659688073
p103_H2,3.324124278610641e-24,109.39118527097331,0.0,0.00186376771309927,0.026700977,0.15080792395925147,0.044843167227095804
p103_P1,1.2871066541839968e-14,61.49806588223286,0.0008038548783182334,0.0025088812180824615,2.3688587e-08,0.05352589154312703,0.014209662832028704
p103_NCI,0.11188569229084479,2.532484346933622,0.0,0.0,0.0,0.0,0.0
p103_MASS,1.5476191441646613e-14,61.10972649772803,0.0,0.001415394441335004,0.0,0.05844271666565117,0.014964527776746544
p103_SASA,1.7636589226126828e-16,70.59225215597179,0.0,0.0005458109515898133,0.0,0.06550336420384552,0.016512293788858833
p103_PKB,0.747329331283078,0.10385438513190128,0.0,0.0,0.0,0.0,0.0
p104_H2,5.375847825513221e-08,30.099270305686158,0.0,0.00016176388571110097,1.01202e-06,0.17311156036836162,0.043318584068516464
p104_P1,6.395720567758265e-20,87.65782540382706,0.0,0.00023333672389509182,2.4263245e-06,0.07725125913095408,0.01937175554483718
p104_NCI,8.15258728714183e-13,52.80629277559166,0.0,4.867701414426769e-05,4.0373947e-05,0.10959127538978215,0.02742008158768938
p104_MASS,0.002202233897078481,9.428635700228616,0.0,0.00041832411847230133,7.650161e-08,0.13938122380145263,0.03494990610538294
p104_SASA,1.808462244543074e-06,23.10116787002063,0.0014089215756788844,6.853655200252554e-05,3.074467e-07,0.08874819216075543,0.022556489433783567
p104_PKB,8.0895410043729e-06,20.156609871506205,0.0,7.918146062028844e-05,1.1523496e-06,0.2796181002666234,0.0699246085192031
p105_H2,4.792352465497545e-07,25.73117031764251,0.0,0.0015042885040214686,1.0627108e-06,0.18261949284103055,0.04603121101396151
p105_P1,1.0744030010894482e-17,76.58013119749253,0.0,4.67458421017636e-05,5.8554673e-07,0.162841874750066,0.040722301534724274
p105_NCI,0.8488400925343824,0.036349343294749814,0.0,0.0,0.0,0.0,0.0
p105_MASS,0.014274171682524593,6.028013601478749,0.0,7.132326400138685e-05,7.127514e-08,0.025858388844183455,0.006482445845830881
p105_SASA,4.726147170246923e-06,21.210119096461536,0.0,8.8090875186999e-06,0.0,0.09503129391516735,0.02376002575067151
p105_PKB,8.578829387043675e-05,15.571996318123592,0.0,0.00018011166793303532,8.062893e-06,0.24599447339469807,0.06154566198899713
p106_H2,0.009400592215234666,6.775039711676589,0.0,4.166737606033324e-06,1.670573e-07,0.09130956227769704,0.022828474018149324
p106_P1,0.013231831741191188,6.162956030732971,0.0,4.166737606033324e-06,1.670573e-07,0.09130956227769704,0.022828474018149324
p106_NCI,0.011042040004466054,6.486150257711857,0.0,2.5868994799173846e-06,0.0,0.12929694526864022,0.03232488304203003
p106_MASS,0.003722913728441268,8.459688865116995,0.0,0.0024690370422808076,0.0,0.005263615511703511,0.0019331631384960797
p106_SASA,0.003848840781342068,8.398609860996558,0.0,0.0024690370422808076,0.0,0.005263615511703511,0.0019331631384960797
p106_PKB,0.007673300248732161,7.141223217879828,0.0,0.0009744066408103522,0.0,0.02545230670455383,0.006606678336341046
p107_H2,6.346901141630322e-10,39.08112985188137,0.0,1.634474661270767e-05,2.0404643e-05,0.0708066707095769,0.01771085502474303
p107_P1,0.0035556899746499895,8.544135968636061,0.0,0.00010824002382689303,0.00022207583,0.08321601998584433,0.02088658396052421
p107_NCI,8.506888554531314e-05,15.588203749645468,4.057200082240414e-06,2.7240378723452745e-05,4.5372094e-06,0.04071682279045448,0.010188164394666644
p107_MASS,0.016415748382232927,5.780082248284716,0.0,1.2702989739456007e-05,4.375817e-07,0.1506180241064308,0.03765779116946506
p107_SASA,0.003883794346687203,8.38201708782662,0.0,9.630326924535059e-05,0.0001078298,0.02071870529313742,0.005230709590841084
p107_PKB,1.0565274964827965e-08,33.37374317800832,3.833082063719073e-08,4.573456016337361e-05,1.8144476e-06,0.01693360727493512,0.0042452986533833776
p108_H2,3.009789856122432e-07,26.656352864866616,8.860130611583239e-05,0.0003217292198069095,1.9568422e-06,0.16268388671407763,0.040774043520549495
p108_P1,0.6895062543729675,0.1597262038644177,0.0,0.0,0.0,0.0,0.0
p108_NCI,1.702595011912344e-45,225.3552613872575,0.0,8.519502318622592e-05,3.1728546e-06,0.026428809481403803,0.006629294339791609
p108_MASS,5.277272360180685e-15,63.37927941992387,0.0,2.6158211189693577e-05,2.0447712e-06,0.0013411491897901417,0.0003423380430539307
p108_SASA,1.747272776279417e-17,75.53636439791718,0.0,2.903756750346835e-05,4.3130484e-08,0.0038145713510173815,0.0009609130122512307
p108_PKB,2.6003563112197656e-32,151.9693420680525,0.0,9.115291810476498e-05,1.353963e-05,0.04945804010060097,0.012390683162262656
p109_H2,0.0002559817479169268,13.478181700024242,0.0,0.00042782352486665966,0.0005075179,0.017136343766704427,0.004517921295993188
p109_P1,2.0555637988401318e-05,18.33695313393101,0.0,0.00045286841937662955,1.1031354e-06,0.014894672909000359,0.0038371611159557723
p109_NCI,2.775427500872584e-06,22.256750609088968,0.0027821970748435065,0.0012098718753740887,0.0032739546,0.105067472939122,0.028083374126084127
p109_MASS,1.3339296184838904e-11,47.00934507151787,0.0013964736349138527,0.001124299314280041,0.0013686784,0.01622842693304127,0.005029469572494684
p109_SASA,7.770140434805799e-10,38.66861334982982,0.0013964736349138527,0.001124299314280041,0.0013686784,0.01622842693304127,0.005029469572494684
p109_PKB,1.1981980812875481e-26,122.0226978538267,0.0,0.00014568135768021391,4.7072776e-06,0.08330931339063204,0.020864925506487983
p110_H2,0.6332082024033634,0.22789510821689776,0.0,0.0,0.0,0.0,0.0
p110_P1,0.4808471694704486,0.4973666615507267,0.0,0.0,0.0,0.0,0.0
p110_NCI,0.8105654718023738,0.0574891883172078,0.0,0.0,0.0,0.0,0.0
p110_MASS,0.23154076436491025,1.433362129706467,0.0,0.0,0.0,0.0,0.0
p110_SASA,0.24985029326526373,1.3259009320463822,0.0,0.0,0.0,0.0,0.0
p110_PKB,0.7879522332697957,0.07238958113490938,0.0,0.0,0.0,0.0,0.0
p111_H2,0.00017342315514515003,14.221522212876428,0.002818589208634937,0.0005394972712339859,0.00095958076,0.06264422205294445,0.01674047232424696
p111_P1,7.95831698066584e-09,33.94616632827312,6.112195974623381e-11,0.00015897528055425846,1.5463714e-07,0.028052117269643653,0.007052811812113742
p111_NCI,0.0016080208128113954,10.013082973244021,0.0,0.0002417454058808338,0.0008119442,0.18790157622110953,0.04723881645470003
p111_MASS,0.15198549917831042,2.05579336477577,0.0,0.0,0.0,0.0,0.0
p111_SASA,0.15114873641780888,2.0642278919209867,0.0,0.0,0.0,0.0,0.0
p111_PKB,0.15754151120511256,2.0010935495713964,0.0,0.0,0.0,0.0,0.0
p112_H2,3.6436411156601626e-05,17.225629909228907,0.0,8.310135299840643e-05,9.450006e-06,0.1115862902674508,0.027919710406503265
p112_P1,0.20569334346141085,1.6038652005334932,0.0,0.0,0.0,0.0,0.0
p112_NCI,7.481359092372827e-08,29.436711000866044,0.0,7.978027186389221e-05,1.6014794e-05,0.15675481544202743,0.03921265262692294
p112_MASS,0.11700316049191156,2.4618460183162303,0.0,0.0,0.0,0.0,0.0
p112_SASA,0.06003281991251723,3.5456628975283464,0.0,0.00012464167067263693,9.43895e-07,0.09538209912120268,0.023876921171712487
p112_PKB,0.00933783991648793,6.787089547093978,0.0,5.7555972180133956e-05,0.0,0.1392224519751937,0.03482000198684346
p113_H2,6.6219352131127975e-06,20.54860898501393,0.0,9.068792781847796e-08,0.0,0.11214223096384869,0.028035580412944128
p113_P1,3.8859046986180356e-08,30.750806845567567,0.0,9.068792781847796e-08,0.0,0.11214223096384869,0.028035580412944128
p113_NCI,3.134283815220731e-17,74.28388810095784,6.553016568537624e-07,3.0509155479147464e-07,0.0012437972,0.03554472183380219,0.009197369868577974
p113_MASS,0.8333875506388779,0.044277289720319316,0.0,0.0,0.0,0.0,0.0
p113_SASA,0.03279988893305024,4.570693460716436,0.0,0.0,0.0,0.016670912455041723,0.004167728113760431
p113_PKB,8.658060111852659e-05,15.554304380774544,0.0,2.830654199329929e-06,0.0,0.015597049277339793,0.003899969982884781
p114_H2,2.143938540743245e-21,95.07865946780281,0.0,5.891431611243456e-05,1.0353135e-06,0.034735419324100514,0.008698842238432411
p114_P1,6.242320686919504e-31,144.58467088564316,0.0,3.307203854714348e-05,0.0,0.017479411077346452,0.004378120778973399
p114_NCI,3.3120353632010124e-46,229.46273177354558,0.0,1.2066503094646015e-05,4.1684962e-07,0.19829939881656783,0.04957797054231966
p114_MASS,1.3193724920860202e-36,175.30383897159487,0.0,2.9789115441944065e-05,0.0,0.008639214929704419,0.002167251011286591
p114_SASA,1.4749608229957948e-44,219.96228091151238,0.0,2.135164034499265e-05,0.0,0.016759012355319895,0.004195090998916222
p114_PKB,0.27808655548539163,1.1778818222336942,0.0,0.0,0.0,0.0,0.0
p115_H2,1.074270592601736e-07,28.712430979521802,0.0,3.2586795697674387e-06,0.0003238734,0.3057348060434161,0.0765154845286484
p115_P1,0.06783053421719733,3.3430298591247776,0.0,8.872930811712891e-05,4.4662947e-06,0.19440800809187422,0.048625300923682904
p115_NCI,8.206906586002065e-07,24.66372991294581,5.304905634117945e-05,2.8739607721068066e-05,0.0,0.3772205284140524,0.09432557926952866
p115_MASS,3.9712089171588495e-31,145.6321381679914,0.0,2.570924010815913e-05,1.6094994e-07,0.11049686857438751,0.02763068469110837
p115_SASA,5.5215173219842736e-21,93.00485724173673,0.0,2.2181914837687362e-05,0.0,0.03428833992385185,0.008577630459672385
p115_PKB,5.123297526271247e-05,16.566162711751836,0.0003148934168621797,0.00010658371434425732,1.7502438e-05,0.08656362015856547,0.02175064993192128
p116_H2,0.007968154964035978,7.073073778786381,0.0,0.0006450180125747868,0.0006771689,0.2885134429757113,0.07245890747036206
p116_P1,1.1048910042094372e-15,66.68968921094336,0.0010626046383580506,0.0010079172489056403,0.000569728,0.22084638515629465,0.0558716587680133
p116_NCI,3.788424702764536e-07,26.198474306446563,0.00030857822476303994,0.00026198165152157426,2.0397313e-06,0.023733325888301814,0.006076481373964356
p116_MASS,0.8802007537541957,0.02272820840928095,0.0,0.0,0.0,0.0,0.0
p116_SASA,0.007689320288043994,7.137452117227029,3.754864672737617e-05,0.0003379133832320612,4.9848086e-06,0.23279306610084308,0.05829337823484655
p116_PKB,3.4667831388787416e-09,35.628396583896794,0.00017303680164401902,0.0011410853556624125,9.4621595e-05,0.11242285137698627,0.02845789878233654
p117_H2,5.760325869045517e-60,312.09633469883454,0.0,4.621707051776147e-06,0.0,0.14859377658640033,0.03714959957336303
p117_P1,2.205304488765879e-58,302.2786550801699,0.0,2.372755805915819e-05,0.0,0.05260879421800615,0.013158130444016326
p117_NCI,7.8386894855293e-37,176.54757172813652,0.0,1.0749105201665404e-07,0.0,0.2850567558382301,0.07126421583232052
p117_MASS,6.492971887847127e-57,293.2418331630979,0.0,1.7043842731538075e-07,0.0,0.037104228301611246,0.00927609968500964
p117_SASA,4.796131510043127e-66,350.5768836528471,0.0,1.5929062046402608e-07,0.0,0.0575682179420938,0.014392094308178565
p117_PKB,0.003514778292137917,8.565412417709195,0.0,1.301742910551899e-06,0.0,0.13289658695259163,0.033224472173875544
p118_H2,0.06729562526975172,3.3561150051466697,5.427710897669802e-05,0.0001787363234287479,2.0716698e-06,0.034010401009219954,0.008561371527848617
p118_P1,0.0013590638472913694,10.326856567043581,0.0,8.156060121918242e-05,0.0,0.019716616009496906,0.004949544152679022
p118_NCI,0.027490177544314116,4.876071468893186,0.0,0.0003750918074987925,0.0,0.1934464694070761,0.04845539030364372
p118_MASS,1.0213645877626497e-07,28.81346004645896,0.007893684128893134,0.00044124219023210785,0.005729956,0.13351264537889043,0.03689438194618517
p118_SASA,5.8265568769929345e-06,20.79942831027462,0.008985439285512575,0.0006249285857751569,0.002267657,0.09738305420852959,0.02731526979012064
p118_PKB,3.2883991078405436e-14,59.5238847503526,0.0,0.00040842288375382064,0.0017718639,0.1929985398692457,0.048794706663048304
p119_H2,4.852347748921295e-06,21.15838664522674,0.0,8.628758669750243e-05,4.0254104e-06,0.4482916224140298,0.11209548385277242
p119_P1,0.9247596117655963,0.008924064362698712,0.0,0.0,0.0,0.0,0.0
p119_NCI,0.025145472186291415,5.031113284170976,9.461706780698197e-05,8.724847171645506e-05,6.318256e-06,0.12577384740382364,0.031490507799850576
p119_MASS,1.2379146772047357e-08,33.0539361074215,0.0001022471887420731,6.848312772507923e-05,0.000476288,0.3101522646613756,0.07769982074396724
p119_SASA,0.0025824474184906617,9.133769971453582,6.185394288039097e-05,0.00044950968009528126,0.0003964415,0.23444520125990342,0.058838251594132036
p119_PKB,0.036860686557146485,4.370203545436068,0.00020934432048477758,0.00017322099307976108,1.09187495e-05,0.08262937337461773,0.020755714359412376
p120_H2,1.6480717335300513e-33,158.42417144980374,0.0,1.2378999754934491e-05,1.10903535e-07,0.33412464876934367,0.08353428466815846
p120_P1,3.857463916804548e-50,252.4720448285941,0.0,0.00010151210371116914,0.0,0.17668191530895516,0.044195856853166585
p120_NCI,0.11510097025506685,2.4876967666960215,0.0,0.0,0.0,0.0,0.0
p120_MASS,1.3084747894931403e-14,61.46336748029361,0.0,7.118141002790353e-05,1.2007029e-05,0.09484301302044575,0.02373155036486829
p120_SASA,1.3044563894969597e-09,37.613599190422626,0.0,7.118141002790353e-05,1.2007029e-05,0.09484301302044575,0.02373155036486829
p120_PKB,4.386034745339713e-31,145.40193910396005,0.00014407847489342993,0.000136861322519745,7.284197e-05,0.28347207664741975,0.0709564646034797
p121_H2,0.1743018448464425,1.8485546216975992,0.0,0.0,0.0,0.0,0.0
p121_P1,0.17647895545641987,1.8299833572263378,0.0,0.0,0.0,0.0,0.0
p121_NCI,0.2851538643534084,1.143761368958709,0.0,0.0,0.0,0.0,0.0
p121_MASS,0.6356292530987003,0.224661246263418,0.0,0.0,0.0,0.0,0.0
p121_SASA,0.46258879300178324,0.540098571356483,0.0,0.0,0.0,0.0,0.0
p121_PKB,0.4515924415764968,0.5671594988353614,0.0,0.0,0.0,0.0,0.0
p122_H2,1.8211983368156865e-18,80.4008414404222,0.002681926294369697,0.0003693967870959253,0.0019351826,0.7318466313227905,0.1842082842522987
p122_P1,6.713041335837563e-17,72.65425154176997,3.153500809408153e-08,0.00025587706310734374,0.0,0.14497460602515527,0.03630762865581768
p122_NCI,5.71813453068116e-39,188.37679114283551,0.0003015176074743105,0.004134138685605144,0.031046541,0.4637588570511801,0.12481026368799097
p122_MASS,0.5814878448306833,0.3040619725641474,0.0,0.0,0.0,0.0,0.0
p122_SASA,1.1260786237835704e-25,116.97123905807527,0.004036501294124372,9.826033356558073e-05,7.0167516e-09,0.04503470011661128,0.012292367190263213
p122_PKB,2.212188823569676e-14,60.35758288346235,0.00010813911260280177,0.0003895032912679898,7.891221e-05,0.03290846276510255,0.008371254345546305
p123_H2,0.8986051832077874,0.016246191008116376,0.0,0.0,0.0,0.0,0.0
p123_P1,0.29337653823858334,1.1053899622765389,0.0,0.0,0.0,0.0,0.0
p123_NCI,7.565683534099005e-67,355.74665980614554,0.0,7.550240511018091e-05,3.973592e-06,0.0743868255467242,0.01861657538593403
p123_MASS,5.487872092439838e-15,63.29661599859181,0.0,0.0001314374288240014,9.335075e-06,0.10311224869803058,0.025813255300575363
p123_SASA,1.3178849667600365e-09,37.59276226784796,0.0,0.000138736561969309,0.0,0.07796577431172592,0.019526127718423807
p123_PKB,1.5640945637790698e-20,90.72796063637246,5.831599821917144e-06,0.00013604672683996605,0.0002478177,0.33996564912479865,0.08508883628542799
p124_H2,1.858730240170406e-05,18.5328252740977,0.0,8.885294572644991e-05,0.0002064852,0.035503255489086796,0.008949648409075374
p124_P1,0.23140532810954634,1.4341951043613788,0.0,0.0,0.0,0.0,0.0
p124_NCI,3.7319428540032956e-10,40.16522479384778,0.0,5.068462051312667e-05,1.9550966e-06,0.16898187283475277,0.042258628137978954
p124_MASS,5.26940427825376e-40,194.15792316125254,0.0,2.787803554873077e-05,5.805556e-09,0.07553175205485331,0.018889908973989518
p124_SASA,5.333577437466801e-42,205.38569545830413,0.0010076401587542725,3.2047215554341934e-05,0.0,0.06737939871742071,0.01710477152293233
p124_PKB,1.4212382759195627e-17,75.9794903128915,0.0,3.9140995141456e-05,0.0,0.11382231606075978,0.02846536426397531
p125_H2,1.0380772265847789e-191,1497.375402286882,0.0,0.010418100482508933,8.088812e-09,0.16816772085375917,0.0446464573562701
p125_P1,6.617560927173118e-186,1426.0449193581169,0.0,0.010418100482508933,8.088812e-09,0.16816772085375917,0.0446464573562701
p125_NCI,2.6261997047639535e-49,247.55914718244833,4.580998100923994e-07,5.498465791219002e-06,9.444104e-05,0.10200121597765179,0.025525403396354594
p125_MASS,1.7582193879921086e-183,1396.8914488839478,1.0,1.0,1.0,0.028829263501182666,0.7572073158752957
p125_SASA,1.890253532089318e-178,1337.5622728927788,1.0,1.0,1.0,0.028829263501182666,0.7572073158752957
p125_PKB,0.01156404467717466,6.4034724538979,0.0,3.386915013102343e-05,1.3600972e-07,0.15369472949076934,0.038432183662654405
p126_H2,5.437188690252644e-35,166.46505012089838,0.0,5.1345925257345124e-05,0.0,0.3212053352458115,0.08031417029276722
p126_P1,6.755997510700375e-09,34.277321176383744,0.0,5.489607585731208e-05,0.0001990617,0.07382313814545152,0.018519273980828598
p126_NCI,4.3330046469531114e-13,54.12393379444092,0.0,3.506898171831136e-07,3.475819e-08,0.33895881115964516,0.08473979915191333
p126_MASS,5.7529629301002225e-33,155.49386030054828,0.00022492605841165227,0.00012014405708801725,2.4064088e-08,0.15340541863477522,0.038437628203590625
p126_SASA,5.681297004243213e-32,150.14830986202702,0.00022492605841165227,0.00012014405708801725,2.4064088e-08,0.15340541863477522,0.038437628203590625
p126_PKB,0.684022227867005,0.16574358749039708,0.0,0.0,0.0,0.0,0.0
p127_H2,0.001172519372526186,10.602895152232437,0.0,6.829705227587349e-06,0.0,0.12993861447058783,0.03248636104395385
p127_P1,0.07894776880445374,3.0936512386322756,0.0,0.0,0.0,0.0,0.0
p127_NCI,0.686538592507544,0.1629664243417413,0.0,0.0,0.0,0.0,0.0
p127_MASS,0.0005114444872337665,12.164138668257952,0.0,2.467052975888076e-06,0.0,0.009391830156872762,0.0023485743024621625
p127_SASA,0.0002796009853990659,13.310087235326392,0.0,4.393100526846744e-06,0.0,0.029832177967371733,0.007459142766974645
p127_PKB,0.24028070217960962,1.3808228319538398,0.0,0.0,0.0,0.0,0.0
p128_H2,1.265236837084446e-45,226.09897284739162,0.0,9.796949940055695e-08,0.0,0.03536613510467212,0.00884155826854288
p128_P1,1.3584774203592905e-46,231.70521186263431,0.0,9.796949940055695e-08,0.0,0.03536613510467212,0.00884155826854288
p128_NCI,7.281895316452826e-05,15.887651752695982,0.0,1.8989140788454725e-07,0.0,0.09485791588817645,0.023714526444896085
p128_MASS,3.7645173317057443e-16,68.97732501826881,0.0,7.398106594775298e-07,0.0,0.0020486518404935583,0.000512347912788259
p128_SASA,3.738265805454439e-59,307.04873004410626,0.0,3.760591341053906e-08,0.0,0.016699907160735144,0.004174986191662139
p128_PKB,5.1107964654881433e-23,103.31739748594347,0.0,3.703770102748489e-09,0.0,0.06562770443839266,0.01640692703554069
p129_H2,2.2596921158071456e-13,55.483622394241685,8.087307306473537e-07,3.1523447517454744e-05,3.4477296e-05,0.05635578088372444,0.014105647589528088
p129_P1,5.170199752967543e-10,39.49951169563953,0.0,8.119845438986798e-05,0.0,0.018220903082846435,0.0045755253843090754
p129_NCI,5.0973469522519e-12,48.99908468882256,0.0,8.42150330563886e-05,0.0,0.0010213442996968632,0.000276389833188313
p129_MASS,4.524387992625805e-64,337.9419127550544,0.0,1.5454243759476203e-06,0.0,0.049516998376337835,0.012379635950178446
p129_SASA,3.5800032699164285e-51,258.5912562554032,0.0,5.369339794607791e-06,0.0017908227,0.03974831507490172,0.01038612678278154
p129_PKB,1.0057864709546932e-25,117.22529005830053,0.0008047859831877952,0.00019938078486466895,0.0,0.19788927546758592,0.04972336055890959
p130_H2,0.5985816629619711,0.27734273885008515,0.0,0.0,0.0,0.0,0.0
p130_P1,1.648297835797007e-05,18.766804876255037,0.0,5.9641723927971436e-05,8.656326e-06,0.11477680983229573,0.028711276970535275
p130_NCI,0.0045979748268749916,8.072744716524227,0.0,3.391283577082384e-05,3.0043118e-05,0.103997667017855,0.026015405743002942
p130_MASS,0.23609826424196934,1.4056708074807378,0.0,0.0,0.0,0.0,0.0
p130_SASA,0.3441546506939456,0.8958632737184846,0.0,0.0,0.0,0.0,0.0
p130_PKB,0.1799100976278918,1.8012457477423809,0.0,0.0,0.0,0.0,0.0
p131_H2,0.000930708742871252,11.035849155221324,0.0,1.874986054054796e-06,0.0,0.011585742252984105,0.00289690430975954
p131_P1,0.6931633317393469,0.15578504972942053,0.0,0.0,0.0,0.0,0.0
p131_NCI,2.6190206483003233e-05,17.866100583853562,0.0,4.915611461846114e-06,0.0,0.003949693779060934,0.0009886523476306949
p131_MASS,0.0017707985139200292,9.833566246101052,0.0,3.8661951734851764e-05,0.0,0.0016456938103232477,0.00042108894051452484
p131_SASA,0.46114857252238006,0.543584638725629,0.0,0.0,0.0,0.0,0.0
p131_PKB,0.9376864472857147,0.006115317381082419,0.0,0.0,0.0,0.0,0.0
p132_H2,3.2834338248435444e-21,94.14365489270014,0.0,1.492563847778154e-06,0.0,0.04534235296845987,0.011335961383076913
p132_P1,1.2559543296569169e-20,91.2072569919571,0.0,2.073570528631595e-06,0.0,0.024064566645210887,0.00601666005393488
p132_NCI,0.13906806673596916,2.19223300979358,0.0,0.0,0.0,0.0,0.0
p132_MASS,2.4359901384124985e-24,110.08466664202837,0.0,2.8834759558738047e-07,0.0,0.0019037250208528613,0.00047600334211211215
p132_SASA,2.0692356372251585e-19,85.1065563385086,0.0,4.829663666246008e-07,1.05659495e-07,0.016084991806057297,0.004021395107979824
p132_PKB,6.072632478587357e-25,113.19014432299595,0.0,3.4149386448577833e-07,0.0,0.09082344662510554,0.022705947029742508
p133_H2,0.000303541997681517,13.153748414161234,7.832304014769497e-05,4.668767652495746e-05,3.991823e-06,0.09723923696773909,0.02434205987689738
p133_P1,9.72022556624856e-07,24.32850933437607,0.0,3.426680916776654e-05,4.117375e-07,0.10894228570641769,0.0272442410632685
p133_NCI,0.001157836198755489,10.626482802565272,0.00010803753378997055,9.749980639759892e-05,3.4699262e-06,0.2250919570053718,0.056325241067950206
p133_MASS,0.9670911676962826,0.0017030986033119758,0.0,0.0,0.0,0.0,0.0
p133_SASA,0.9525929148816613,0.0035364454848904737,0.0,0.0,0.0,0.0,0.0
p133_PKB,5.840394233277301e-46,228.03783970977022,0.0,3.9650450327870366e-05,1.5190666e-07,0.14231272861831695,0.03558813274382657
p134_H2,0.7957608049201368,0.0670375916145699,0.0,0.0,0.0,0.0,0.0
p134_P1,0.0028356005693336997,8.961005995532004,0.0,5.380753558083142e-05,0.0,0.003974246922471946,0.0010070136145131944
p134_NCI,1.4690029503792531e-05,18.99123955952728,0.0,1.1607926335153743e-06,0.0,0.011309229061658377,0.0028275974635729732
p134_MASS,1.5902403266900217e-05,18.836670526173368,0.0,1.675356523952712e-06,0.0,0.012134586247510402,0.0030340654010085886
p134_SASA,1.2445528726683033e-05,19.314679367998878,0.0,1.675356523952712e-06,0.0,0.012134586247510402,0.0030340654010085886
p134_PKB,0.00032401455233548433,13.029641123713128,0.0,3.905945377386913e-07,0.0,0.001453670265987344,0.00036351521513127067
p135_H2,0.27761292414427186,1.1802075872685858,0.0,0.0,0.0,0.0,0.0
p135_P1,0.7317549037720797,0.11758145710250648,0.0,0.0,0.0,0.0,0.0
p135_NCI,0.4684444846378961,0.5261013713134434,0.0,0.0,0.0,0.0,0.0
p135_MASS,0.3365013106695838,0.9247316663603221,0.0,0.0,0.0,0.0,0.0
p135_SASA,0.6535253392243807,0.2016227910905806,0.0,0.0,0.0,0.0,0.0
p135_PKB,0.3729405358032767,0.7946575957909966,0.0,0.0,0.0,0.0,0.0
p136_H2,4.19738801434954e-28,129.63019985088255,1.532242947087402e-06,8.898592941951169e-07,1.1640857e-07,0.05966232750780662,0.014916216504654892
p136_P1,2.3041026860299144e-23,105.08386274487277,0.0,4.027167318063521e-07,2.9267292e-07,0.028657220884571524,0.007164479068556418
p136_NCI,1.9964727921654025e-23,105.40199366758796,0.0,1.3755319761670319e-06,0.0,0.014195565711429992,0.00354923531085154
p136_MASS,1.9839368379147772e-33,157.9888575140168,6.960508374339364e-06,1.0729631664590613e-06,0.0,0.04642095146571844,0.011607246234314809
p136_SASA,1.5327575229139355e-31,147.84062095258975,6.960508374339364e-06,1.0729631664590613e-06,0.0,0.04642095146571844,0.011607246234314809
p136_PKB,4.569359003715193e-17,73.476907203236,0.0,1.8290799592311096e-06,0.0,0.08471375739946489,0.02117889661985603
p137_H2,0.23556102074070176,1.408901294210009,0.0,0.0,0.0,0.0,0.0
p137_P1,0.4146681445813071,0.6660103799705763,0.0,0.0,0.0,0.0,0.0
p137_NCI,0.07599245092032894,3.1560706378976726,1.1159374411641479e-05,3.1381187277811263e-05,7.399643e-06,0.009399253849092378,0.002362298513440935
p137_MASS,0.007092260081900222,7.283742936625632,0.0,9.56201010787838e-06,4.3856035e-06,0.15305055366404594,0.03826612531940366
p137_SASA,0.0012786175945230366,10.440866584244993,0.0,0.00015162024046959626,6.970561e-06,0.18503888782937547,0.04629936965774046
p137_PKB,0.5319440807003298,0.39098701006225123,0.0,0.0,0.0,0.0,0.0
p138_H2,4.8648610590117624e-33,155.88639964298375,0.0,4.1632399105128575e-05,5.472987e-05,0.08337606199484726,0.0208681060658854
p138_P1,3.74192699356979e-39,189.40259134328832,0.0,1.1358063797078074e-05,0.0,0.022217448013128742,0.005557201519231455
p138_NCI,2.261603884546497e-35,168.54303627970828,0.0,5.001030997996802e-05,0.0,0.11405353331612801,0.028525885906526993
p138_MASS,0.11594696158026271,2.476141859538824,0.0,0.0,0.0,0.0,0.0
p138_SASA,2.079766508479961e-18,80.114442287387,0.0,1.9605029820037207e-06,0.0,0.03783954830232696,0.009460377201327242
p138_PKB,2.5245467208751036e-39,190.35551328697278,0.0,4.128246716533463e-05,0.0,0.2873879570352102,0.07185730987559388
p139_H2,1.0816099425302906e-47,238.0979330495931,0.0,2.1173470926523229e-07,0.0,0.03891470705709679,0.009728729697951514
p139_P1,5.446887786459357e-52,263.46198035881724,0.0,2.1173470926523229e-07,0.0,0.03891470705709679,0.009728729697951514
p139_NCI,3.939847568461586e-66,351.1263819409603,0.000215798574542246,2.4756640152147143e-06,0.0,0.10915607243399315,0.027343586668137652
p139_MASS,1.65604791544729e-66,353.5509691643782,0.0,7.45192881813698e-09,0.0,0.03383527974709237,0.008458821799755297
p139_SASA,1.577452049343626e-62,328.16445941765903,0.0,4.971982874793793e-07,0.0,0.025490412944526326,0.006372727535703451
p139_PKB,3.1363092163005556e-09,35.83154534308325,0.0,8.199462148281952e-07,0.0,0.007638405189141787,0.0019098062838391538
p140_H2,5.740633011377146e-30,139.46229963204138,0.0,3.9214224149520383e-07,0.0,0.07824214879443804,0.019560635234169885
p140_P1,4.25907907525659e-34,161.6057541327879,0.0,1.640697572486761e-05,0.0,0.055974985685529666,0.013997848165313633
p140_NCI,0.11368755160209383,2.5072128008887007,0.0,0.0,0.0,0.0,0.0
p140_MASS,2.3774443979033175e-16,69.95580903906213,0.0,1.5180178298743125e-08,0.0,0.030266841312077762,0.007566714123064015
p140_SASA,9.495790651679717e-21,91.818486224123,0.0,7.768197490375795e-07,0.0,0.018860908363844863,0.004715421295898475
p140_PKB,1.0056557527754398e-11,47.593024405117674,0.0,8.840190455321748e-08,0.0,0.3789946519370504,0.09474868508473874
p141_H2,0.0007146226915945715,11.532703527516805,0.00013713106034463968,2.9811334213861553e-06,0.0,0.08712179118807473,0.02181547584546019
p141_P1,1.642356672852309e-06,23.29137002225585,0.0,3.389503526999495e-05,2.0160028e-06,0.017263716091221355,0.004324906782318238
p141_NCI,0.00010050449955644252,15.267507284640047,0.0,2.1412112575192354e-06,1.9649933e-07,0.1452555725094549,0.036314477555010306
p141_MASS,9.958370511621932e-09,33.49320360602797,0.0,1.2522306666498752e-07,0.0,0.04433672590827254,0.011084212782834802
p141_SASA,2.7718349698426222e-18,79.49509739068499,0.0,1.5816375159008828e-05,0.0,0.02981351766540925,0.007457333510142065
p141_PKB,0.0016899014863963856,9.920586767193699,0.0,1.1101040234563395e-05,3.939556e-07,0.11068310997412471,0.027673651242486857
p142_H2,0.5331635892244161,0.3886666158740825,0.0,0.0,0.0,0.0,0.0
p142_P1,5.014561470006205e-15,63.4871624949281,0.0,0.0,0.0,0.011965651370415284,0.002991412842603821
p142_NCI,6.698333226911696e-08,29.65824365932098,0.0,8.071296712729684e-08,0.0,0.0568698170664087,0.014217474444843958
p142_MASS,1.5425868673311548e-16,70.87784328338498,0.0,2.766307977205747e-07,0.0,0.015526571998109603,0.003881712157226831
p142_SASA,5.864773593826784e-16,68.03457358829009,0.0,2.766307977205747e-07,0.0,0.015526571998109603,0.003881712157226831
p142_PKB,2.0152380752782004e-15,65.41567635267263,0.0,6.082769882647029e-05,0.0,0.1921661304580397,0.04805673953921655
p143_H2,0.006127282589398141,7.549154058074369,0.0,4.270711924617793e-05,1.6683143e-05,0.06959048715652885,0.01741246935475825
p143_P1,1.3419212827670047e-07,28.26766446715426,0.0,3.5486200704810483e-05,3.29611e-05,0.03942765743646986,0.009874026184131256
p143_NCI,2.4445533139484302e-14,60.147440823567095,0.0,1.260596339478384e-05,2.907854e-06,0.10320484331336842,0.02580508928268287
p143_MASS,0.022408866628669696,5.232317191156732,0.0,2.311270506612865e-05,1.1981806e-06,0.001972996460820834,0.0004993268366213142
p143_SASA,0.8614121824122063,0.030495009586182113,0.0,0.0,0.0,0.0,0.0
p143_PKB,0.00016228113314252973,14.348568711149639,0.0,4.9994551286473275e-05,0.0,0.05975849194643778,0.014952121624431063
p144_H2,1.1238485241889566e-38,186.74430299824365,0.0,3.109704065951125e-05,0.0,0.09754169352593174,0.024393197641647813
p144_P1,7.825299296013072e-42,204.44401006045294,0.0,3.109704065951125e-05,0.0,0.09754169352593174,0.024393197641647813
p144_NCI,0.6390060798678217,0.22019788835038648,0.0,0.0,0.0,0.0,0.0
p144_MASS,2.8713146453103464e-11,45.42788395917021,0.0,0.00016142468256478498,0.0,0.12773247271236676,0.031973474348732885
p144_SASA,4.4077866211907687e-07,25.897398574181693,0.0,9.65641621329248e-05,0.0,0.13201166355411012,0.03302705692906076
p144_PKB,1.1266826859416734e-08,33.2439525561761,0.0,2.254005910494677e-05,0.0,0.17774088433610655,0.044440856098802876
p145_H2,1.014573693364224e-05,19.71369360430728,0.0,1.2721728377837871e-05,7.628371e-07,0.057559505287377244,0.014393247463211144
p145_P1,4.833502118872688e-05,16.678710172999594,0.0,1.4242464332717751e-05,0.0,0.0864331079865636,0.02161183761272408
p145_NCI,9.289745662363631e-23,101.99469175279238,0.00015742926626800222,6.442554379798714e-07,0.0,0.16578655199504677,0.04148615637918819
p145_MASS,3.978566075400528e-11,44.75623372801661,0.0,0.00015096283850917042,0.0,0.0832139018285503,0.02084121616676487
p145_SASA,5.986301494973799e-13,53.449851891703446,0.0,0.00015096283850917042,0.0,0.0832139018285503,0.02084121616676487
p145_PKB,1.9120716966687593e-09,36.83611161732392,0.0,6.770542338057458e-06,0.0,0.168298805147855,0.042076393922548264
p146_H2,0.8261186404825844,0.04828920222297243,0.0,0.0,0.0,0.0,0.0
p146_P1,7.481714602819877e-07,24.84710292968891,0.0,1.7907708206821121e-06,1.2487982e-06,0.04402070418175895,0.011005935937691122
p146_NCI,0.053832297705296774,3.7279351674973085,0.0,8.618564435988404e-06,1.9467454e-06,0.02934937128326435,0.00733998414828563
p146_MASS,0.34815716005454567,0.8811089417533818,0.0,0.0,0.0,0.0,0.0
p146_SASA,0.11827299086280395,2.444846522607628,0.0,0.0,0.0,0.0,0.0
p146_PKB,7.5754969574257785e-06,20.28511874472477,0.0,3.7164359563218265e-06,1.4742348e-06,0.049543862975692486,0.01238726341159977
p147_H2,0.00013935328581671957,14.640280120907223,0.0,9.990663998455893e-05,6.2304764e-07,0.1244114345695879,0.031127991064303154
p147_P1,1.0182628064875526e-06,24.236501371558074,0.0011264858007374022,0.0004544002308104769,2.2412014e-06,0.042064774500316204,0.010911975433316137
p147_NCI,0.2690559597825777,1.2231058693578025,0.0,0.0,0.0,0.0,0.0
p147_MASS,0.8531561575961262,0.03427964144327864,0.0,0.0,0.0,0.0,0.0
p147_SASA,7.910528815615684e-07,24.736624732213926,0.0,4.8368299159571305e-06,6.6643556e-06,0.011722577535351164,0.0029335196802227296
p147_PKB,0.004609798449755552,8.068047534755786,0.0,8.56879279808608e-05,4.48197e-05,0.03922450813037659,0.009838753939292996
p148_H2,0.0016986803533911542,9.910941063212315,0.0,4.447633366537348e-07,0.0,0.0234353676618955,0.005858953106308038
p148_P1,0.34967031624167155,0.8755909119817799,0.0,0.0,0.0,0.0,0.0
p148_NCI,0.001573772477634807,10.053198413941814,0.0,0.00014934743492832708,0.0,0.08322609699034782,0.020843861106319035
p148_MASS,1.1914235146758774e-08,33.13118407277607,0.0,5.523093089512365e-06,0.0,0.002376339169277359,0.0005954655655917179
p148_SASA,1.735262963570967e-08,32.37288840282259,0.0,3.662075718658343e-05,0.0,0.012291562556736205,0.003082045828480697
p148_PKB,9.418755038082883e-10,38.27656258291859,0.0,1.9721031985272828e-06,0.0,0.03180829439105595,0.00795256662356362
p149_H2,0.003385011592906702,8.634607335403098,0.0,0.00018266714467779442,1.121247e-06,0.09913691969434081,0.024830177021507128
p149_P1,1.79701500771622e-08,32.30242497427158,0.0,9.020502107008465e-05,7.48991e-06,0.0007491901029336709,0.00021172125847001704
p149_NCI,0.3140606857665214,1.014688592052361,0.0,0.0,0.0,0.0,0.0
p149_MASS,0.8625002374386392,0.03001324963671858,0.0,0.0,0.0,0.0,0.0
p149_SASA,0.0635837559627223,3.4500994180241906,0.0,0.0071889626871740105,3.410054e-06,0.14128157403444758,0.03711848669389986
p149_PKB,1.5020722983095553e-33,158.6419508171395,0.0,0.00013198160379007998,1.4726822e-06,0.0631413686474019,0.0158187057333587
p150_H2,2.1831289111293687e-05,18.21985384279992,0.0,6.934803826314054e-05,0.00035137867,0.09686298813953782,0.02432092871071845
p150_P1,0.00958604441161253,6.73990546987955,0.0,0.00012877736132206838,2.5314116e-06,0.06025478376378915,0.01509652313418033
p150_NCI,0.2599023322360978,1.2709246648093782,0.0,0.0,0.0,0.0,0.0
p150_MASS,4.1187691245560618e-16,68.78599251913634,0.0,4.512452475374116e-05,5.0540584e-05,0.025112950452781595,0.0063021538904332675
p150_SASA,3.471087140867428e-07,26.37251424842305,0.0,0.00016741168191279502,0.0001602418,0.0743695566527659,0.018674302534953027
p150_PKB,1.339662797372222e-23,106.28823988726695,9.81661173660069e-07,9.919439385565156e-05,1.1162616e-05,0.008800642300804767,0.0022279952429384202
p151_H2,4.006974729291341e-10,40.01994820510048,0.0,1.9866743875410853e-05,2.7255426e-05,0.19890923316879017,0.04973908883471028
p151_P1,4.3247682317288645e-09,35.18024196055621,0.0005708352704054757,2.0696935332279733e-05,9.088067e-06,0.15192291995337653,0.03813088505645115
p151_NCI,4.501313029208141e-25,113.8608909156964,0.000401139243221908,0.00010291160204337768,3.40394e-05,0.47627728123379215,0.11920384286974105
p151_MASS,5.455925370927247e-19,83.00561946310384,0.0,1.1939237324888298e-05,1.7154739e-06,0.19475199663032972,0.04869141283538861
p151_SASA,3.901641867207873e-21,93.76552751077446,0.0,4.915800448111217e-05,1.7488541e-07,0.04456566910427323,0.011153750498542234
p151_PKB,9.436730573050463e-24,107.06730842350393,0.0,3.435280585084483e-05,2.6487876e-07,0.05887796238320507,0.014728145016955043
p152_H2,4.806669949638595e-38,183.24201421853533,0.0,5.660534359295856e-06,9.237785e-11,0.37799375421227155,0.09449985370975217
p152_P1,4.298633875395694e-58,300.48989602294574,0.0,6.753231835638873e-05,1.347156e-07,0.13959901545543882,0.034916670622350245
p152_NCI,1.2729760723105593e-15,66.38930841076937,0.0,6.722422815984561e-05,0.0,0.009780172438501112,0.0024618491666652397
p152_MASS,0.00018813523377531212,14.065842748211034,0.0,5.896788827517207e-05,0.0,0.025161798778686312,0.006305191666740371
p152_SASA,1.0167783390127492e-05,19.70945166819055,0.0,4.937352329592554e-05,0.0,0.12282712142196259,0.03071912373631463
p152_PKB,4.4251784024935373e-63,331.6546340812274,8.169077191917037e-06,8.86209946001213e-06,0.0,0.08173004474098125,0.020436768979408295
p153_H2,1.2568670004432756e-10,42.39299178087206,0.0,0.0002004850457271385,0.00022415232,0.15811806499020065,0.03963567558847423
p153_P1,1.917380542907952e-15,65.52111848116175,0.0,3.894055598619482e-05,0.0,0.033547599175217976,0.008396634932801043
p153_NCI,1.824042655348967e-11,46.36337141375044,0.0,0.0002696032977342561,0.0,0.04859891531269112,0.012217129652606344
p153_MASS,5.428640929221056e-11,44.116908936547496,0.00030947550716711947,1.9081267177986965e-05,2.6405764e-09,0.015890684492468228,0.00405481097684744
p153_SASA,1.5111622330206766e-13,56.32520649927108,0.0,5.5806386437777544e-05,0.0,0.03144893166231522,0.00787618451218825
p153_PKB,0.000460683744146029,12.361952835749925,0.0,0.00021038334305401943,1.8619708e-07,0.09823041578191163,0.02461024633051252
p154_H2,0.0001885568758392305,14.061564341510717,0.0,7.034579713787125e-05,5.6443358e-05,0.0992109680621186,0.024834439304215954
p154_P1,3.0210925661823e-07,26.64888957341872,0.00011148295840462658,0.00014994627229458283,4.4180074e-06,0.06876470822328826,0.01725763886534507
p154_NCI,0.8027480296013766,0.06243404994426655,0.0,0.0,0.0,0.0,0.0
p154_MASS,0.011676426984665525,6.386175313864516,4.189700760558921e-06,4.057623906038255e-05,1.4216453e-06,0.0012886414155124637,0.0003337072501497286
p154_SASA,4.182118713497772e-05,16.958720943389874,1.628547732911816e-08,0.0003499866014741228,0.0,0.00047632921425442204,0.00020658302530146848
p154_PKB,3.340475428171709e-05,17.393988605709808,2.540365066620231e-06,9.133427845587562e-05,0.00011109502,0.14594383936298708,0.03653720225610944
p155_H2,3.491196366880807e-08,30.966015856656266,0.0,0.00016462308483515095,3.147316e-06,0.16298924381239005,0.04078925355329759
p155_P1,3.020438816811925e-08,31.257182182622017,4.470189696952045e-05,3.9300698909398786e-05,1.986637e-06,0.0016499703098108412,0.00043398988567660787
p155_NCI,0.5889176873339933,0.29225339625174196,0.0,0.0,0.0,0.0,0.0
p155_MASS,0.00025318894635680754,13.499085750092885,4.7024062540906735e-05,0.00013805065839502654,6.8108934e-06,0.12466892418101573,0.031215202448840452
p155_SASA,1.5031077842151335e-05,18.946496801186008,0.0,7.515546727266126e-05,0.0,0.059623322176195745,0.0149246194108671
p155_PKB,0.9821098114735767,0.0005031190878222423,0.0,0.0,0.0,0.0,0.0
p156_H2,1.7737213661628522e-63,334.17127521622143,7.316400664464881e-06,5.891197947609851e-05,7.184971e-08,0.09873570153715991,0.024700500441753107
p156_P1,1.5466426731299894e-105,633.0568590097893,0.0,0.0007726875599298365,0.0,0.01523785162185922,0.004002634795447264
p156_NCI,1.2985330818293946e-69,373.7411232495771,8.131873973323866e-06,0.00010039338529987692,0.0,0.5385127613231747,0.13465532164561198
p156_MASS,3.891797270929363e-15,64.02290922592223,0.0,2.7555975454607967e-05,0.0,0.10125120205387435,0.025319689507332238
p156_SASA,2.089744600852566e-35,168.73046830459387,0.00023558843483599307,4.780499107714241e-05,0.0,0.07409640759935777,0.018594950256317726
p156_PKB,0.015876178348031126,5.839256950797009,0.0,3.7210213074321e-05,0.0,0.3061672933167545,0.07655112588245722
p157_H2,1.9548268502261252e-07,27.5165100934051,0.0,0.00020527780001653194,5.0788385e-06,0.14505613516086982,0.03631662294984969
p157_P1,0.000867468874924285,11.168020605142024,0.0,2.3564406616617692e-05,2.0322652e-07,0.00983350976035312,0.0024643193483724485
p157_NCI,0.33138657828036533,0.9445204546949397,0.0,0.0,0.0,0.0,0.0
p157_MASS,7.833800129282657e-12,48.10953554334336,0.0,1.1202114115034713e-05,0.0,0.05304000690020484,0.013262802253579968
p157_SASA,1.9502594658956345e-13,55.791542729770384,0.0,2.0928226741990808e-05,4.292061e-07,0.01913417378050844,0.004788882803336718
p157_PKB,3.128433753336253e-08,31.186546549800326,6.720849008457288e-05,0.0021916792834965385,8.379761e-06,0.14325098387457674,0.03637956285236734
p158_H2,0.03284073864986149,4.568549716878211,7.791721440961507e-05,0.00020418361008246397,7.4902026e-05,0.035315940409870045,0.0089182358149698
p158_P1,0.12360573831111207,2.375600622497612,0.0,0.0,0.0,0.0,0.0
p158_NCI,0.8515311205840441,0.035051531870303944,0.0,0.0,0.0,0.0,0.0
p158_MASS,0.0016963530224260047,9.913493259003253,0.00021133677681410426,3.2684208178749786e-05,3.3021173e-05,0.09069919652674492,0.022744059671258043
p158_SASA,0.005009328363970995,7.91616071492599,0.00011608869358596505,8.193933959077419e-05,2.299175e-06,0.05880347819549134,0.014750951350940487
p158_PKB,0.00010742732056762163,15.139517781355117,0.0,0.0002882386486838305,3.0997224e-05,0.2913624906589609,0.0729204316328619
p159_H2,4.129986457098834e-13,54.22406807782886,0.0,1.9799098486506085e-05,4.7896516e-05,0.11999077413297748,0.030014617436804163
p159_P1,0.0022189777845469452,9.4145946637251,0.00104378293256599,0.0004492819688824925,0.001272457,0.1460795063183174,0.03721125704326698
p159_NCI,2.2357764929038185e-11,45.943554181957204,0.0,2.075401545824954e-05,2.4107807e-05,0.03734139826426049,0.009346565021653156
p159_MASS,6.468027287984504e-18,77.67078420933656,1.5019202290161828e-06,2.4115038859000055e-05,5.163378e-07,0.08496884554111853,0.02124874470950676
p159_SASA,6.603055672659369e-14,58.060006783627784,0.0,5.8172496037005245e-05,0.0,0.0901724386792782,0.0225576527938288
p159_PKB,4.113409160354818e-30,140.23007621495756,0.0,1.3933443871227683e-05,9.42011e-07,0.21396709919337564,0.05349549366206502
p160_H2,1.0980680999652822e-16,71.60311729764584,0.0,1.70142768811282e-05,9.81635e-06,0.05808092881822082,0.014526939861282917
p160_P1,2.2245658354073423e-07,27.258706520855693,0.0,3.2156608785927135e-05,0.0,0.002326350962660638,0.0005896268928616413
p160_NCI,0.0005994986657015662,11.863968833407812,0.0,1.5656179063496256e-05,1.5235289e-06,0.45645040132559794,0.11411689525839246
p160_MASS,1.7220854538121268e-17,75.5675110024375,0.0,5.7393510466232555e-06,1.2117246e-07,0.011092450796430947,0.0027745778299849643
p160_SASA,4.760255628520298e-20,88.3007352500161,0.0,1.2899428790979199e-05,0.0,0.004184182682123081,0.0010492705277285151
p160_PKB,0.10063312025853319,2.70118204862008,0.0,0.0,0.0,0.0,0.0
p161_H2,0.01934237033942088,5.490574035090926,0.0,8.582428653799015e-06,0.0,0.03156355852238612,0.00789303523775998
p161_P1,0.01934237034000751,5.490574035037485,0.0,8.582428653799015e-06,0.0,0.03156355852238612,0.00789303523775998
p161_NCI,0.019342370339758393,5.490574035060305,0.0,8.582428653799015e-06,0.0,0.03156355852238612,0.00789303523775998
p161_MASS,0.019342370339415643,5.490574035091307,0.0,8.582428653799015e-06,0.0,0.03156355852238612,0.00789303523775998
p161_SASA,0.019342370339293563,5.490574035102411,0.0,8.582428653799015e-06,0.0,0.03156355852238612,0.00789303523775998
p161_PKB,0.019342370368592363,5.4905740324370305,0.0,8.582428653799015e-06,0.0,0.03156355852238612,0.00789303523775998
p162_H2,0.9752774765792961,0.0009609325363798402,0.0,0.0,0.0,0.0,0.0
p162_P1,0.025356786323180242,5.016535505901887,2.818930122342462e-05,0.00023462180072883994,3.631112e-05,0.001509744922463172,0.00045221678640909244
p162_NCI,3.82643924354219e-07,26.178615612433305,0.0,0.00022393081037713422,4.0245362e-05,0.14419456453405838,0.03611468517672642
p162_MASS,7.143962304903281e-08,29.529168118444936,6.536944194757254e-06,0.0001696901171110393,0.00014130872,0.06915110024030711,0.01736715900432408
p162_SASA,0.0006847129251295544,11.613266662167428,0.0002060372289694535,0.00019150380901391756,6.329707e-05,0.0713746677791908,0.01795887647168687
p162_PKB,1.3515714662174874e-13,56.55883200703148,0.0010868336522287612,0.000166381166882048,0.000979654,0.13518939560712204,0.03435556611287982
p163_H2,0.00034443201686408216,12.913521280364444,0.0,5.5593219991564375e-05,0.0008715022,0.22830711696055983,0.05730855309820004
p163_P1,0.7814186107277759,0.0770374521962106,0.0,0.0,0.0,0.0,0.0
p163_NCI,0.02088820265619759,5.355467056555399,0.0,3.903980492306349e-05,1.6519109e-06,0.05107182942786985,0.012778130285924911
p163_MASS,6.096379094778938e-06,20.71067447545123,0.0,1.8372346579715013e-05,1.6857903e-06,0.02323036666270523,0.005812606199887859
p163_SASA,1.3140345442622164e-05,19.208668026439966,0.0,1.8372346579715013e-05,1.6857903e-06,0.02323036666270523,0.005812606199887859
p163_PKB,0.049626464206272265,3.8647471773052087,0.0,0.00015901515957219322,2.8739176e-05,0.20777778008490747,0.05199138360507792
p164_H2,0.00014048426599548737,14.624789522851696,0.0008015780047829305,8.291102562534627e-05,0.00013151852,0.09236642353917429,0.023345607772848595
p164_P1,0.6517020128097564,0.2039012658090286,0.0,0.0,0.0,0.0,0.0
p164_NCI,4.171969033467063e-56,288.30180827834215,8.303663434368116e-05,0.00011739839387994132,0.0,0.1457378410210756,0.0364845690123248
p164_MASS,1.753095928237555e-11,46.44523158191711,0.0,4.654770722005952e-06,6.936303e-08,0.017778675754134148,0.0044458499719722015
p164_SASA,4.2191123618810745e-17,73.64755678786767,0.0,2.7484791733268823e-05,0.0,0.014156050335585849,0.0035458837818297794
p164_PKB,0.03463574784145259,4.477007314078475,5.229626319399674e-05,0.00022369784676844372,0.0,0.2013677242832625,0.05041092959830623
p165_H2,7.416126703135091e-08,29.45425573248785,0.0,4.587567009011297e-05,2.8066115e-05,0.00431512355284147,0.001097266334530872
p165_P1,1.5827736773876144e-05,18.845841607284846,0.0,0.0001074520192040162,7.454894e-06,0.0631035239869074,0.01580460772499674
p165_NCI,0.011959007183048466,6.343428153126292,0.0,0.00012530954672398912,2.5066836e-05,0.14330995419555773,0.0358650826446492
p165_MASS,4.042449087616369e-13,54.2687766354302,0.0001728156996518269,3.1487735256217786e-05,5.2173573e-06,0.06003591264415423,0.015061358359086563
p165_SASA,1.945495475393156e-11,46.23038153238992,0.0,9.491161748523039e-05,0.0,0.06343721938636,0.01588303275096131
p165_PKB,1.3315430007095614e-06,23.705872297089034,0.0,0.00011060783561597546,1.5499185e-05,0.18105741988084542,0.04529588172533612
p166_H2,3.810444860876794e-28,129.8506438542965,0.0,9.989767918852421e-05,3.1655086e-06,0.34817393020114723,0.08706924834723086
p166_P1,2.391074136955132e-14,60.193974475183865,0.00021441697769699123,4.8355714765145156e-05,1.7234652e-05,0.16880483648892206,0.042271210958283595
p166_NCI,8.952210723836343e-102,603.5344189042734,0.0,0.00013158185158498216,0.00014279196,0.1157099440204285,0.028996079458828074
p166_MASS,0.0026476916836727267,9.087648143636505,4.37208159662931e-06,9.010444211253922e-05,5.644332e-05,0.08568569870739051,0.02145915463808181
p166_SASA,8.20130699528621e-10,38.55854963147998,0.00014571643177765497,0.00017224526949603304,0.00032492564,0.1638470040990186,0.04112247286022255
p166_PKB,1.225358646895471e-35,169.99735318564254,0.0002345936913243421,5.057407970252043e-05,8.946758e-06,0.1079886467391149,0.02707069031693269
p167_H2,2.7396290501981384e-09,36.105873656981196,0.0,0.007210646124756595,0.0,0.1959909944399764,0.05080041014118325
p167_P1,1.0511001001395795e-15,66.79558285489871,0.0,0.0042915948266440485,1.4360839e-08,0.03869456388264875,0.010746543267532884
p167_NCI,2.4016338045116314e-06,22.54171053633893,0.0,2.311200190956141e-06,2.3283642e-06,0.1423071789034945,0.03557795461696873
p167_MASS,4.815115657732957e-16,68.45378045379238,0.0,0.007210646124756595,0.0,0.1959909944399764,0.05080041014118325
p167_SASA,2.2579782322483348e-10,41.19276250253397,0.0,0.007210646124756595,0.0,0.1959909944399764,0.05080041014118325
p167_PKB,0.037018150863812896,4.36290270268908,0.0,2.2041390378793572e-06,0.0,0.4308514384502582,0.10771341064732402
p168_H2,3.88341399876012e-23,103.92597488335903,0.0,0.00026043794112400775,1.6652843e-05,0.18494393509355614,0.04630525646930316
p168_P1,3.884839977537476e-16,68.91038534586195,0.0,0.0003111797619809589,0.0,0.1113484591104533,0.027914909718108564
p168_NCI,8.063015224990872e-18,77.19689784623657,0.0,4.350617392416818e-06,0.0,0.07986621680968056,0.019967641856768244
p168_MASS,3.647659460050654e-18,78.90351552540116,0.00027084218266482216,0.00010712332998356617,1.5049257e-07,0.2047975182681984,0.05129390856835363
p168_SASA,2.2207225130272315e-18,79.97301215794697,0.0,5.60156043438486e-06,1.6640479e-07,0.18903588421774045,0.047260413045740864
p168_PKB,0.0006380622477736802,11.74632199549952,0.0,0.00015811689870554258,5.78475e-08,0.2322754517539506,0.058108406625039286
p169_H2,1.368463995534357e-29,137.46415564819932,3.100230496579553e-05,9.060253842648867e-05,2.5065427e-05,0.06558405457067201,0.01643268121016565
p169_P1,3.334565421545839e-34,162.182218569764,0.0,6.195462139608453e-05,1.3271535e-05,0.1490261846348267,0.03727535269779411
p169_NCI,0.009854085676990918,6.690338644012442,0.0,0.00011790378972845414,3.138992e-05,0.18811400153658514,0.0470658238120252
p169_MASS,1.6926205276316583e-41,202.55134534492547,0.0,9.793443333093766e-05,0.0017538589,0.09329695423235852,0.02378718688459469
p169_SASA,7.748973160390459e-38,182.0937159304324,0.0007393452162943605,0.00019877518041811395,3.224259e-05,0.11123478711363839,0.028051287525402716
p169_PKB,3.35001520417882e-05,17.388460106008377,0.0,0.00012818727157783648,2.1060773e-06,0.18319095011732686,0.045830310866555646
p170_H2,1.3039507655496218e-10,42.31757956535046,0.0,9.370577065435332e-06,1.00914754e-07,0.03340801708385278,0.008354372143918026
p170_P1,1.8665769737462336e-18,80.3477406710738,0.0003257356583558948,2.2960535227481286e-05,2.6172367e-05,0.04453979441121671,0.011228665742985736
p170_NCI,0.0005415428340550862,12.056021967764051,0.00022951383791850342,2.061424185587458e-05,0.0,0.17708081065969336,0.04433273468486693
p170_MASS,1.4772562351907658e-15,66.07374052646213,0.0,6.705666204779605e-05,1.8740587e-06,0.20738437463485362,0.05186332633891018
p170_SASA,6.196715780063923e-19,82.73011150480957,0.0,5.944134275084492e-06,0.0,0.15166829002304147,0.037918558539329135
p170_PKB,5.164960482763522e-08,30.179558967268353,3.6698378147520002e-06,1.514814557789645e-05,1.4175313e-06,0.3622717017606484,0.09057298431883024
p171_H2,0.0006059731968409946,11.843691146662332,0.0,1.0115183872505403e-07,0.0,0.0011277956182343795,0.00028197419251827616
p171_P1,0.0014617972572229282,10.190829029687194,0.0,0.0,0.0,0.01481870517993654,0.003704676294984135
p171_NCI,0.0005221249898608783,12.1250533010841,0.0,0.0,0.0,0.028958174083364215,0.007239543520841054
p171_MASS,0.3018731886060986,1.0671602675734757,0.0,0.0,0.0,0.0,0.0
p171_SASA,0.5163780617175969,0.4214634815904153,0.0,0.0,0.0,0.0,0.0
p171_PKB,0.13769311095031886,2.2075916718962736,0.0,0.0,0.0,0.0,0.0
p172_H2,2.5426488521711745e-06,22.429285702776156,0.0,3.731765626960628e-05,4.6087566e-06,0.1084233159195096,0.02711631058310133
p172_P1,4.254406461674749e-07,25.967800439012585,0.0,5.317322149832911e-05,0.00019368967,0.026963718240821475,0.00680264528391098
p172_NCI,0.0012263332874940913,10.518935432197805,0.0,9.986353603680483e-06,2.9628778e-05,0.06616713044542072,0.016551686394272517
p172_MASS,4.2395111637299596e-11,44.62549282044306,0.0,5.266342155155114e-05,2.803097e-06,0.08605982219733911,0.021528822178973738
p172_SASA,3.746423844633416e-09,35.471139280798,0.0,0.0001077934173124703,0.0006926775,0.1087907225119693,0.02739779835969677
p172_PKB,7.518683588025709e-23,102.46267437131696,0.0,0.0002496760513872374,0.0,0.16069282538218257,0.04023562535839245
p173_H2,0.000256309079921534,13.475746723931799,0.0,9.965980123711777e-05,0.00019091391,0.3380367421806499,0.0845818289729833
p173_P1,0.012044650686032714,6.330677496690836,1.4835395172517558e-05,7.558473037152053e-05,0.0017449486,0.0474379011238972,0.01231831745245331
p173_NCI,2.2427701967190613e-05,18.167449744475977,0.0,7.888380295303258e-05,5.039603e-07,0.05087756158700851,0.012739237337560319
p173_MASS,0.42068500977089773,0.6490119916391675,0.0,0.0,0.0,0.0,0.0
p173_SASA,0.4093844578499698,0.6812416549440276,0.0,0.0,0.0,0.0,0.0
p173_PKB,0.6188552773526985,0.24765624918515494,0.0,0.0,0.0,0.0,0.0
p174_H2,2.7844941974897e-34,162.60710770404742,0.0,0.0,0.0,0.2764174700502806,0.06910436751257015
p174_P1,1.2951708583297979e-37,180.86002014079503,0.0,6.149430255407458e-07,0.0,0.05130035598650066,0.01282524273238155
p174_NCI,2.8761581292708762e-39,190.03967830082442,0.0,1.3575496070383695e-06,0.0,0.11368911335532186,0.028422617726232224
p174_MASS,6.760898148139128e-36,171.41053845372565,0.0,9.665550934754832e-08,3.7403808e-08,0.05772463126287774,0.014431191330548784
p174_SASA,1.7769188270934642e-35,169.11515603136357,0.0,3.620749796505455e-05,3.0256128e-06,0.026111851975413665,0.006537771271554969
p174_PKB,1.4675384808448175e-13,56.386514783207446,0.0,5.318152718765984e-07,0.0,0.07228258483247484,0.018070779161936678
p175_H2,0.20833686880972258,1.5852849129437547,0.0,0.0,0.0,0.0,0.0
p175_P1,0.631241062891186,0.23054359253927673,0.0,0.0,0.0,0.0,0.0
p175_NCI,0.18486941155435493,1.7608121475264016,0.0,0.0,0.0,0.0,0.0
p175_MASS,0.1728610359527073,1.8609927871860439,0.0,0.0,0.0,0.0,0.0
p175_SASA,0.22349358990540968,1.4839006201405736,0.0,0.0,0.0,0.0,0.0
p175_PKB,0.30805136032265346,1.0402236893529322,0.0,0.0,0.0,0.0,0.0
p176_H2,5.345141836243061e-14,58.503497288076424,0.0,1.5175797690664566e-05,0.0,0.1793187978518122,0.04483349341237572
p176_P1,2.7432035677044247e-11,45.521933666623276,0.0,3.488089014564533e-05,0.0,0.0681842925200096,0.01705479335253881
p176_NCI,3.3971112370593717e-26,119.66975464004639,0.0,1.116647244531536e-05,0.0,0.0230491136150822,0.005765070021881879
p176_MASS,2.284773306260644e-30,141.5859527678174,0.0,2.914773100188861e-05,0.0,0.06568095166276808,0.016427524848442492
p176_SASA,5.663148886731525e-31,144.81008563552277,0.0,2.914773100188861e-05,0.0,0.06568095166276808,0.016427524848442492
p176_PKB,3.0733082102638147e-31,146.2262565125395,0.0,4.716661588068811e-05,0.0,0.11054004119545076,0.027646801952832863
p177_H2,0.4994195659846251,0.45654942217217676,0.0,0.0,0.0,0.0,0.0
p177_P1,0.5029925741971515,0.4489883124708543,0.0,0.0,0.0,0.0,0.0
p177_NCI,0.991198858883542,0.00012174851123986918,0.0,0.0,0.0,0.0,0.0
p177_MASS,0.8773224626495549,0.023842296899798526,0.0,0.0,0.0,0.0,0.0
p177_SASA,0.4765540235662268,0.5071753617705044,0.0,0.0,0.0,0.0,0.0
p177_PKB,0.9557472086250266,0.003081029297042374,0.0,0.0,0.0,0.0,0.0
p178_H2,0.014875705926145585,5.954687989157032,0.00012504225641341772,3.269517615927249e-05,4.925585e-05,0.026152033570386493,0.006589756713282772
p178_P1,8.047956760932709e-20,87.15792088326408,7.965431053801875e-05,3.939153914893941e-05,0.0,0.12148441673080004,0.03040086564512175
p178_NCI,2.1063663790436917e-15,65.32200334446279,0.0,2.993227524157444e-05,0.0,0.20123776176187136,0.05031692350927823
p178_MASS,4.268314601749793e-27,124.35907924264419,0.0,3.561791039347401e-05,0.0,0.21239200333616817,0.05310690531164041
p178_SASA,2.6276866350485103e-15,64.85379779148792,0.00014271812025503877,2.7618944605669175e-05,0.0,0.13034709581639764,0.03262935822031459
p178_PKB,0.0018374226072404086,9.764878277542646,0.0,8.851860057391531e-05,0.0,0.09262118694130157,0.023177426385468873
p179_H2,4.070102897535905e-34,161.71264162316194,0.0005089521423376518,5.537614827412955e-05,8.6662624e-07,0.1097229545371854,0.027572037363508658
p179_P1,0.09814544115022095,2.7412723706100874,0.0,0.0,0.0,0.0,0.0
p179_NCI,0.6461208284619004,0.210971849474969,0.0,0.0,0.0,0.0,0.0
p179_MASS,4.631311592862976e-45,222.8523469001648,0.00022815776090261,8.531119624427575e-05,0.00014258211,0.0364723921273015,0.009232110798644421
p179_SASA,7.704563609533119e-44,215.85117473918493,0.00022815776090261,8.531119624427575e-05,0.00014258211,0.0364723921273015,0.009232110798644421
p179_PKB,1.1204667677265394e-18,81.44956010996398,0.0013376426582810252,0.00010158754073409508,0.00046968053,0.035787448315405514,0.009424089760178613
p180_H2,0.6908539060875114,0.1582672333661881,0.0,0.0,0.0,0.0,0.0
p180_P1,0.35107655946142824,0.870491834790479,0.0,0.0,0.0,0.0,0.0
p180_NCI,0.260764981836042,1.2663294167746946,0.0,0.0,0.0,0.0,0.0
p180_MASS,0.6114670604491674,0.2582297168258329,0.0,0.0,0.0,0.0,0.0
p180_SASA,0.5731668387687243,0.31765150980564233,0.0,0.0,0.0,0.0,0.0
p180_PKB,0.22062290249198865,1.5024608929637824,0.0,0.0,0.0,0.0,0.0
p181_H2,1.0884571940749341e-43,214.99390351848808,0.0,0.00021401008298246852,0.0033139219,0.5221373318694469,0.13141631595251366
p181_P1,1.27166407212858e-29,137.6327400300917,0.0,6.464558388767833e-05,3.8085318e-06,0.4193279536842717,0.10484910194999011
p181_NCI,5.248305375278145e-31,144.98623418410781,0.004574008328263497,0.0026289669186429095,0.0027081794,0.4516233727184453,0.11538363184397468
p181_MASS,1.5609339493960118e-20,90.73237811073213,0.0010174106442126759,0.00018262423235202495,0.0,0.2851076759719702,0.07157692771213373
p181_SASA,4.625541105930593e-25,113.79988492962026,0.0,6.98296687743668e-05,0.0,0.22590195032425545,0.05649294499825745
p181_PKB,6.296098061544625e-45,222.08542103168827,0.001254160196102778,0.00018975103015982038,0.0,0.30180434846405874,0.07581206492258033
p182_H2,0.5287533004976326,0.39710380784107036,0.0,0.0,0.0,0.0,0.0
p182_P1,0.5105595333115107,0.43327485029233637,0.0,0.0,0.0,0.0,0.0
p182_NCI,0.8509321431898935,0.035338289194236025,0.0,0.0,0.0,0.0,0.0
p182_MASS,0.9761668749119545,0.0008930164262036287,0.0,0.0,0.0,0.0,0.0
p182_SASA,0.9353443408473648,0.006584685415194086,0.0,0.0,0.0,0.0,0.0
p182_PKB,0.7302560467072616,0.1189526961559715,0.0,0.0,0.0,0.0,0.0
p183_H2,5.648611406308719e-35,166.37477891949163,0.0,0.00011576734722087678,0.0008186565,0.10151209448233535,0.025611629588549883
p183_P1,3.671134899565262e-17,73.94534744408995,0.0,0.00011297729852549451,0.0,0.027606939645076604,0.006929979235900525
p183_NCI,2.4697106737054045e-14,60.125902676547014,0.0,2.5655181476396177e-05,2.3759394e-08,0.2712694739501197,0.06782378822274764
p183_MASS,2.6816880988826707e-25,115.022258371731,0.0,0.0003011072549013486,6.355725e-07,0.012902150608341777,0.003300973358940546
p183_SASA,1.2890158735863367e-37,180.871454212542,0.0,0.00023845233252662055,1.4023302e-06,0.014984533864416914,0.003806097131789094
p183_PKB,7.58011232186632e-05,15.810315884893345,0.0,0.00031239839074216744,0.003246305,0.45219326916725777,0.11393799315068509
p184_H2,2.0467714409004923e-43,213.42892202094168,0.0,1.558571275356183e-05,0.0,0.05326737920579387,0.013320741229636859
p184_P1,1.4380721333842837e-14,61.26437679007101,0.0,2.9732619482846072e-05,0.0,0.03694021262367268,0.009242486310788882
p184_NCI,9.923436943375268e-70,374.50689900469916,0.0,0.0018698349581666525,0.0,0.14072332891275707,0.03564829096773093
p184_MASS,1.5991782960348176e-44,219.76083527692822,0.0,5.409317920581142e-05,0.0,0.007068302160502584,0.0017805988349270988
p184_SASA,2.597653762882641e-62,326.79763932308555,0.12335156930520663,0.1901795092218221,0.56020004,0.0032591290742318094,0.21924756079332813
p184_PKB,3.6561173487212974e-67,357.7884485518172,0.0,2.2125171550714015e-08,0.0,0.017249578805836246,0.004312400232751949
p185_H2,0.0015314181145937857,10.104052156627473,0.0,5.9053385444656775e-05,0.006585016,0.08072669668068026,0.021842691495364785
p185_P1,1.1564513839483516e-06,23.984671112211647,0.0,2.372238030540799e-05,0.0,0.02128134965707812,0.005326268009345882
p185_NCI,6.057831920296345e-05,16.242579439337046,0.0,0.00027603792361040634,2.8937082e-08,0.04459672392022168,0.011218197695228537
p185_MASS,0.0410843313115717,4.1848929697340385,0.0,2.547971576314372e-06,5.3210633e-06,0.0043454466901970325,0.0010883289312750483
p185_SASA,0.13573570396876097,2.2297560396018867,0.0,0.0,0.0,0.0,0.0
p185_PKB,1.5918081312549485e-07,27.926538567809782,0.0,2.353422164701729e-05,0.0,0.08922664999997885,0.022312546055406467
p186_H2,0.038657516701423096,4.288774185735949,0.0,0.00012344039307564104,2.3228888e-06,0.08072487775209664,0.020212660258494063
p186_P1,0.0032680983491627843,8.699302718937544,0.0,2.5351190280112965e-07,0.0,0.06237439846567035,0.015593662994393288
p186_NCI,0.03401267716291398,4.508208214901723,0.0,0.002851671213042035,0.0,0.07297610632380905,0.01895694438421277
p186_MASS,1.2657979445733431e-08,33.00899142589339,1.8596936443083687e-06,0.0009601742987853819,0.0,0.05585185015547548,0.014203471036976292
p186_SASA,1.3894873448290924e-06,23.621675514173514,0.0,2.4118884031913823e-05,0.0,0.03092057836442073,0.007736174312113161
p186_PKB,6.534306301757634e-08,29.707937250004232,6.148629023424188e-06,4.414301259985823e-05,0.0,0.20107655381970704,0.05028171136533258
p187_H2,0.33817341969062864,0.9183495036058561,0.0,0.0,0.0,0.0,0.0
p187_P1,0.27701871334833306,1.1831325398269614,0.0,0.0,0.0,0.0,0.0
p187_NCI,0.26196949145792453,1.2599445643408174,0.0,0.0,0.0,0.0,0.0
p187_MASS,0.27882373354859386,1.1742718321105456,0.0,0.0,0.0,0.0,0.0
p187_SASA,0.3143657079899545,1.0134095144161541,0.0,0.0,0.0,0.0,0.0
p187_PKB,0.258327760309946,1.2793611773413172,0.0,0.0,0.0,0.0,0.0
p188_H2,0.10693544695369692,2.6042896654233854,0.0,0.0,0.0,0.0,0.0
p188_P1,0.3948481773116437,0.7246732240680904,0.0,0.0,0.0,0.0,0.0
p188_NCI,1.3987576066840933e-35,169.68309715131934,0.0,2.713490171975307e-05,1.0432664e-07,0.1691923159828499,0.042304888802801914
p188_MASS,7.33381228319349e-34,160.32675695491955,0.0,2.2817455828999737e-07,0.0,0.05002134864572277,0.012505394205070264
p188_SASA,4.1024167098622534e-35,167.13187320348064,0.0,2.2817455828999737e-07,0.0,0.05002134864572277,0.012505394205070264
p188_PKB,9.779253313173826e-36,170.53314146032255,0.0,2.713490171975307e-05,1.0432664e-07,0.1691923159828499,0.042304888802801914
p189_H2,3.042632345211457e-11,45.30848966941896,0.0036071747141336163,1.0795849478296937e-05,4.88824e-07,0.03748869085900487,0.010276787561657735
p189_P1,4.777407515596056e-10,39.66080326907297,0.0,1.437878174065161e-06,0.0,0.0031198410364113765,0.0007803197286463604
p189_NCI,0.13482838694712976,2.240151779542503,0.0,0.0,0.0,0.0,0.0
p189_MASS,1.217372070242406e-30,143.03983341514072,0.0,1.2391351636475587e-06,2.3988039e-06,0.028168790323737484,0.007043107065693279
p189_SASA,1.5444461484846292e-25,116.26115684261654,0.004666361557166631,3.1796240533276895e-05,0.0,0.009882135745454771,0.0036450733857886696
p189_PKB,0.39615261948034475,0.720681575437581,0.0,0.0,0.0,0.0,0.0
p190_H2,0.4320908518393938,0.617767625662919,0.0,0.0,0.0,0.0,0.0
p190_P1,0.429359459876686,0.6251356584695434,0.0,0.0,0.0,0.0,0.0
p190_NCI,0.6939294976921849,0.15496657900978242,0.0,0.0,0.0,0.0,0.0
p190_MASS,0.872040101637025,0.02595800869874762,0.0,0.0,0.0,0.0,0.0
p190_SASA,0.8518245958452944,0.03491147346081118,0.0,0.0,0.0,0.0,0.0
p190_PKB,0.7706739503868488,0.08502113032530748,0.0,0.0,0.0,0.0,0.0
p191_H2,2.7527817848692883e-104,623.1807728568082,0.0,1.3857346457920944e-07,0.0,0.1155425592358228,0.028885674452321843
p191_P1,2.4672792284909987e-26,120.39121342124564,0.0,1.0347575250848847e-08,0.0,0.031793065585706264,0.007948268983320378
p191_NCI,5.479859802944533e-08,30.060828380940592,0.0,2.6211708654817793e-06,0.0,0.02901607628596712,0.007254674364208151
p191_MASS,5.492649511078924e-78,429.86311923039125,0.0,0.0,0.0,0.03928501275117222,0.009821253187793056
p191_SASA,2.5167968014431895e-82,459.9359069900262,0.0,0.0,0.0,0.03928501275117222,0.009821253187793056
p191_PKB,0.001605681380489357,10.015795453886215,2.9597335283828884e-06,1.6510378905667785e-06,0.0,0.03814979570935714,0.009538601620194024
p192_H2,8.491262017527371e-11,43.19771547273578,0.0,7.751696242483534e-05,0.0,0.01841315452568786,0.004622667872028173
p192_P1,9.034676670722598e-05,15.472379871753466,0.0,3.8918020142471264e-08,0.0,0.03425751674923479,0.008564388916813732
p192_NCI,0.2279992562431096,1.4553390348556516,0.0,0.0,0.0,0.0,0.0
p192_MASS,0.2778866063790798,1.1788630620709506,0.0,0.0,0.0,0.0,0.0
p192_SASA,0.1286440771348423,2.3131625459782175,0.0,0.0,0.0,0.0,0.0
p192_PKB,3.509106098829922e-06,21.795174301536022,0.0,2.2566088135473187e-05,0.0,0.014783578222465971,0.003701536077650361
p193_H2,1.1042481984998068e-23,106.71783835558797,0.0,9.353274059885435e-05,2.739549e-06,0.23334074908659774,0.05835925534405362
p193_P1,6.942997386637741e-19,82.48411568280335,0.0,5.099011258250491e-05,0.0,0.06326424139804955,0.015828807877658013
p193_NCI,0.1053260702672845,2.628424805526033,0.0,0.0,0.0,0.0,0.0
p193_MASS,1.871468757612998e-12,51.07773107334811,0.0010008147125122864,0.00020064839426335004,0.00074184063,0.12643077574311937,0.0320935198702826
p193_SASA,3.96679278077509e-21,93.72923648781725,0.0014102914124407102,7.053962817147181e-05,0.0,0.1552624166386965,0.03918581191982717
p193_PKB,9.53502908715655e-06,19.8350404423077,0.0,4.9166306462986244e-05,0.00031128863,0.020623248707550865,0.005245925911849416
p194_H2,0.6431910694840061,0.21474195354557699,0.0,0.0,0.0,0.0,0.0
p194_P1,0.02178214692614309,5.281988711094235,0.0,2.8459543756972252e-05,1.1557474e-06,0.013105110424124539,0.003283681428830593
p194_NCI,6.53708288586556e-51,257.0381387850712,0.0,4.346206828183103e-05,1.3952854e-07,0.058730947832646915,0.014693637357366701
p194_MASS,9.707559662586437e-07,24.33109104401504,0.0,1.4751029985548708e-05,2.322788e-05,0.03613211328048752,0.009042523047584483
p194_SASA,1.747866292524388e-07,27.739821385446305,0.0,2.4747380481380762e-05,0.0006018527,0.0859636587807716,0.021647564720347665
p194_PKB,0.006011066455474686,7.583970708114556,0.0,1.3775869638364671e-05,5.616146e-05,0.05756628932003227,0.01440905666280354
p195_H2,0.6438849521291636,0.21384538150141064,0.0,0.0,0.0,0.0,0.0
p195_P1,0.00391968879076423,8.365135356330697,0.0,0.0007473369295830484,0.0029040873,0.09977548183810174,0.02585672651818844
p195_NCI,2.1151975443676983e-51,259.95034174403486,0.0016191379322228912,0.0001767523774090464,0.00011271276,0.15779319815007883,0.039925450305332705
p195_MASS,2.0998788458945234e-07,27.373732476479777,0.0,9.934273088408298e-06,1.8164043e-05,0.017152423508578426,0.004295130456056223
p195_SASA,1.2561601577517447e-08,33.0244130650014,0.0,0.00013175972396083327,1.2728609e-06,0.043007083368555785,0.010785028988357544
p195_PKB,6.958447780308436e-05,15.97522600051806,0.0,0.000490600518498172,8.6671014e-07,0.08590943934725871,0.0216002266439738
p196_H2,0.0001490690860857513,14.511153899114312,3.0610716862629125e-06,3.5368092238994536e-06,1.001046e-05,0.03617707872462705,0.009048421766345788
p196_P1,4.225147425209182e-05,16.938910072386285,0.0,1.8929005321703318e-05,2.5019526e-06,0.018879965016132247,0.00472534899351898
p196_NCI,0.00015887937969279897,14.389116675643434,0.0,0.0067359725398989665,3.8827415e-07,0.0027099701409943563,0.0023615827387596508
p196_MASS,0.0005974218930792142,11.870520078054618,0.0,9.46590544703468e-06,5.8356392e-05,0.0027177912869727583,0.0006964033962052077
p196_SASA,0.0007804971052239225,11.366688309194625,0.0,9.46590544703468e-06,5.8356392e-05,0.0027177912869727583,0.0006964033962052077
p196_PKB,2.3427741382821615e-07,27.1554875756139,0.0,6.677807386943415e-05,7.4966934e-05,0.07919466723074603,0.019834103059737603
p197_H2,0.0002116982637858551,13.840449954992811,0.0,4.346350971033851e-05,6.201732e-07,0.036313576334455526,0.009089415004337001
p197_P1,0.8808394728380486,0.02248467816474051,0.0,0.0,0.0,0.0,0.0
p197_NCI,0.0020086224719165916,9.599362306150631,0.0,5.1845817303739825e-05,0.0001892401,0.017170333750033264,0.004352854918109478
p197_MASS,0.001105123067177628,10.713735654226719,0.0,2.8637031645049405e-05,6.907508e-07,0.18853872350941067,0.04714201282296984
p197_SASA,1.10290544615073e-14,61.823621202264476,0.000151242104657644,4.8549448672142576e-05,3.4404222e-06,0.2128556170155389,0.0532647122477755
p197_PKB,2.400704229962887e-52,265.587946227129,0.0,4.940496206547299e-05,0.0,0.07601357162269612,0.019015744146190398
p198_H2,0.00012198656470075817,14.895516997765887,0.0,4.961612328734171e-05,1.2326679e-05,0.04509719744741903,0.011289785062451067
p198_P1,0.8693348991161682,0.0270772435662073,0.0,0.0,0.0,0.0,0.0
p198_NCI,2.0532532533136228e-41,202.0780440307812,0.0,3.1745873553013246e-05,1.1989769e-06,0.05175386005933622,0.012946701227437536
p198_MASS,2.7650884850225134e-20,89.4845620945984,0.0,2.4209592556958502e-05,1.2442395e-06,0.2774631858302995,0.0693721599155782
p198_SASA,6.166012036035343e-20,87.73742481226148,0.0,6.244908892309294e-05,1.0928145e-06,0.2160882388011564,0.05403794517614493
p198_PKB,2.6444502607180124e-52,265.33680559511316,0.0002244069337872932,0.00013469650196437972,7.82334e-07,0.36264860026922324,0.0907521215097398
p199_H2,2.0641569204583724e-62,327.427386623193,0.0002472966933620179,3.4359072242433804e-05,7.8982407e-07,0.20505805509142913,0.05133512517027616
p199_P1,2.084376716150423e-43,213.3838376787324,5.587577428817418e-05,5.46134932406799e-05,5.9080674e-07,0.0809315164327301,0.02026064912674851
p199_NCI,3.1260365229010825e-39,189.83793730533728,1.215845150309514e-05,0.00019349222664156063,6.1462038e-06,0.1599198076167521,0.040032901124664004
p199_MASS,1.5691153384195773e-51,260.72238240568674,0.0,0.00013181218342606376,0.0001684341,0.10634470224975062,0.02666123713250655
p199_SASA,5.769836488969107e-39,188.35502755215242,0.0,9.933126959769493e-05,1.1464319e-05,0.19227906128987407,0.0480974642196077
p199_PKB,0.0739528888051139,3.200692772944014,3.2567622539120182e-06,0.00010451784506699357,0.00076320756,0.12719057279468182,0.03201538873990347
p200_H2,0.8580693251403617,0.031999882741855494,0.0,0.0,0.0,0.0,0.0
p200_P1,0.20950618491414608,1.577155095190136,0.0,0.0,0.0,0.0,0.0
p200_NCI,7.85554352450072e-18,77.25292911683191,0.0003999302984901514,2.8328847195150825e-05,0.0,0.18913670759101534,0.04739124168417516
p200_MASS,3.97972541005617e-05,17.054747220219845,0.0001443788142084965,6.459721160386035e-05,0.0,0.14476572159247952,0.03624367440457297
p200_SASA,5.861506479260916e-20,87.84765326836418,0.0,0.0002090285727434205,3.083663e-07,0.18515860676710058,0.04634198592653856
p200_PKB,0.15025219122922404,2.073323955551867,0.0,0.0,0.0,0.0,0.0
p201_H2,6.32800530320046e-18,77.71785320434206,0.0016754932883263373,0.0002010186607446084,3.7837628e-05,0.19910782564172347,0.05025554380470919
p201_P1,8.116390872015134e-07,24.68570805755168,0.0,0.00020184971457876146,5.9139063e-07,0.09805470478992792,0.024564286473784343
p201_NCI,1.969785538637855e-23,105.43187325255367,0.0,3.067958585868239e-05,2.8423337e-06,0.1399957663703195,0.03500732207248019
p201_MASS,0.2918785408904095,1.1122774350089364,0.0,0.0,0.0,0.0,0.0
p201_SASA,0.875754348631568,0.02446074779655764,0.0,0.0,0.0,0.0,0.0
p201_PKB,0.08740027706687566,2.928174463649299,0.0,0.0,0.0,0.0,0.0
p202_H2,3.881048470354567e-115,711.0946362215528,0.0,5.618960153836816e-06,1.6602807e-07,0.07961951597359125,0.019906325240454537
p202_P1,5.498464143475887e-106,636.6203700561045,0.0,3.130666291366071e-05,8.793044e-08,0.06556878188631662,0.016400044119917082
p202_NCI,1.0757059512617373e-24,111.91066215639192,0.0,0.0009697538405416153,1.6958778e-07,0.10207623670632446,0.02576154003366114
p202_MASS,5.5702553614466234e-92,529.3798203825276,0.0,8.951919144769566e-05,0.0,0.03167932138373177,0.007942210143794867
p202_SASA,9.151136511028712e-111,675.0620435193525,0.0,3.023296359470779e-06,0.0,0.04107191710171089,0.01026873509951759
p202_PKB,3.814300641712256e-18,78.80730897683904,0.0,0.00011588469293134092,6.9086246e-07,0.13132359042401043,0.03286004149485147
p203_H2,0.10324165593039712,2.660292654942374,0.0,0.0,0.0,0.0,0.0
p203_P1,0.00019909117837457635,13.957696118325224,0.0,1.0458502926540424e-05,3.6271766e-07,0.10721898495856338,0.02680745154478668
p203_NCI,3.225475837620972e-06,21.960958723345197,0.0,0.0006882349372797078,0.0,0.10091048654118508,0.025399680369616196
p203_MASS,1.7523847295701972e-05,18.647534221687124,0.0,4.210474519212117e-06,0.0,0.026225580869665338,0.006557447836046138
p203_SASA,0.0005002888208814685,12.205854465896104,0.0,4.376439817291065e-05,0.0,0.04116906951107316,0.010303208477311518
p203_PKB,0.12040715917970474,2.4167264185977944,0.0,0.0,0.0,0.0,0.0
p204_H2,1.6285770407560868e-22,100.75383579808368,0.0,5.861806841805097e-07,2.063226e-08,0.004510062781052185,0.0011276673984991776
p204_P1,4.094309110289785e-47,234.7304166284443,0.0,1.126299880366771e-05,0.0,0.024321133366835224,0.0060830990914097225
p204_NCI,0.21452378889924859,1.5428709342557247,0.0,0.0,0.0,0.0,0.0
p204_MASS,6.227453971689179e-40,193.75183308523324,0.0,2.4959505295148977e-05,9.887255e-06,0.019136194346964966,0.00479276027685157
p204_SASA,5.649524907795482e-56,287.4986937916495,0.0,4.015487426918428e-05,0.0,0.006511218074564936,0.00163784323720853
p204_PKB,0.025527407630058,5.0048569096189865,0.0,0.0003858620514226643,9.24209e-08,0.30524434511457166,0.07640757489672298
p205_H2,0.03337654985569531,4.540686502026863,0.0,0.0001676888446284727,0.00038674191,0.017955444320317922,0.004627468769874991
p205_P1,1.0980634227467257e-48,243.90912808526605,0.0,5.444354570586925e-05,2.0346769e-07,0.09162796224385991,0.022920652314314564
p205_NCI,1.2171804279772907e-05,19.358087660295332,0.0016850844548457812,0.0004635227581588137,1.2906681e-06,0.226367823436217,0.05712943032933982
p205_MASS,1.1846180019811477e-07,28.51688925499073,0.0,0.00013351407103351907,3.8408942e-07,0.13482187682836244,0.0337389437472035
p205_SASA,0.010235071272386289,6.622218115373714,5.774811240874059e-05,0.0004751392922865429,8.6586164e-07,0.07326003315387818,0.01844844660505252
p205_PKB,4.030275724297561e-12,49.485794493250324,3.496162314925235e-08,0.00011734527249694016,5.2322815e-07,0.11638015031063843,0.02912451344322772
p206_H2,0.06917065055654757,3.3107268651638853,0.0,9.745875385183716e-05,2.4513502e-05,0.2764939803621463,0.06915398815438892
p206_P1,0.00012569347331449973,14.838086457888052,4.921620934664e-05,0.0004095867623237295,4.4951666e-05,0.0064397322687509365,0.0017358717267292672
p206_NCI,7.860649916231182e-16,67.41233773256592,0.0,0.0001443414785351474,4.096709e-06,0.1408226733619949,0.03524277788734133
p206_MASS,0.029495013931523744,4.754061767075656,0.0,0.00015499572004247378,0.0,0.022708519473441286,0.00571587879837094
p206_SASA,0.2423132088857416,1.3689368849859005,0.0,0.0,0.0,0.0,0.0
p206_PKB,0.24161796386585746,1.3729889112428104,0.0,0.0,0.0,0.0,0.0
p207_H2,0.08893567013792084,2.8999820960902145,0.0,0.0,0.0,0.0,0.0
p207_P1,3.775089480836604e-29,135.1353606699117,0.02716885312001009,0.004490877232365657,1.0288615e-05,0.04227455609999441,0.018486143766882054
p207_NCI,2.8500171024346383e-10,40.71635539213328,0.0,1.6839443634875203e-05,0.009285849,0.266872116989989,0.06904370125534381
p207_MASS,2.096284923931855e-36,174.19911447331938,0.0,7.534911196066979e-05,4.7485824e-09,0.08764169871606853,0.021929263144152902
p207_SASA,7.433700820113222e-39,187.74257406705914,0.0,0.00011186535144020678,0.0,0.02648208326137534,0.006648487153203887
p207_PKB,8.134008393045819e-37,176.45918158837588,0.0,2.594930586339192e-06,0.0,0.04490887642839282,0.01122786783974479
p208_H2,4.73387867488847e-43,211.35456066064654,0.052017911162980233,0.02759852119761212,0.060296573,0.32085755161864055,0.11519263918101981
p208_P1,5.326262107781838e-28,129.087522300473,0.0,1.4780205087080062e-05,1.6902621e-07,0.09847460553122031,0.024622388690628882
p208_NCI,1.8605817064883884e-24,110.68623972963266,0.0,9.941243523118538e-05,0.0007323626,0.20060459143937306,0.05035909162355136
p208_MASS,5.137865549435215e-27,123.93895008218202,0.0,2.0041004935480396e-05,4.282794e-05,0.14992304346253327,0.037496478102316544
p208_SASA,8.969711422462584e-28,127.90111143065658,0.0,2.0041004935480396e-05,4.282794e-05,0.14992304346253327,0.037496478102316544
p208_PKB,0.0223254314930529,5.238846164955344,0.0,4.348285535947962e-05,0.0,0.1765482416223066,0.04414793111941652
p209_H2,0.0037260648800800647,8.458134914255117,0.0,4.545199704244769e-05,2.8521333e-06,0.1988666375896126,0.04972873542999392
p209_P1,0.01374178671912437,6.095618698454894,9.573401633283763e-05,9.142329574714412e-05,2.5528801e-05,0.10718146406963201,0.02684853754578198
p209_NCI,4.1541204570383424e-08,30.61674970910135,0.0,0.00012281498559716297,4.7551734e-06,0.04497880162489695,0.011276592945985946
p209_MASS,0.3230345774429967,0.9777245218740362,0.0,0.0,0.0,0.0,0.0
p209_SASA,0.08257174312820585,3.0204640269905907,0.0,0.0,0.0,0.0,0.0
p209_PKB,0.972641461333754,0.001176858874454617,0.0,0.0,0.0,0.0,0.0
p210_H2,4.34488251641367e-22,98.58895353692078,1.4456843911918153e-06,1.4693499497786162e-05,6.232681e-07,0.07043454107038265,0.017612825880587636
p210_P1,1.0732160767999072e-25,117.07935654443321,0.0004224399680023718,0.00015339702162849204,6.877126e-08,0.1756114267543741,0.04404683312881553
p210_NCI,0.785959638393989,0.0737906059722632,0.0,0.0,0.0,0.0,0.0
p210_MASS,7.390696921736267e-21,92.36667835735939,0.0,0.00017164212182897755,4.4279304e-07,0.06812045379779139,0.01707313467816454
p210_SASA,1.0080295370262317e-19,86.6683595436808,2.482163897136398e-08,5.764075268809153e-05,0.0,0.020469630174157503,0.005131823937121142
p210_PKB,0.19856591269772406,1.6553995276030653,0.0,0.0,0.0,0.0,0.0
p211_H2,2.5364544172059253e-16,69.81790143752377,0.0,0.0003410989045908664,0.0,0.13248749419601163,0.03320714827515062
p211_P1,0.5427811084083252,0.3706997764180635,0.0,0.0,0.0,0.0,0.0
p211_NCI,0.08270661260456767,3.017807675848552,0.0,0.0,0.0,0.0,0.0
p211_MASS,1.6604329345727265e-20,90.5974382136474,0.002410187702400767,0.0005635601451394826,0.012331405,0.009556889280010632,0.006215510462694477
p211_SASA,9.605652645120007e-25,112.16385825600452,0.0,0.001074500206736102,0.006287262,0.004852570522117036,0.003053583143133618
p211_PKB,0.9429461619225225,0.005124839453820525,0.0,0.0,0.0,0.0,0.0
p212_H2,7.751353535960444e-38,182.09297781887238,0.0,2.936063172804957e-05,0.0,0.05723347491687344,0.014315708887150372
p212_P1,0.7164427593224341,0.13201198294043973,0.0,0.0,0.0,0.0,0.0
p212_NCI,3.284611645789738e-40,195.30781467016223,0.0,2.131541616480148e-05,0.0,0.06410722762082027,0.01603213575924627
p212_MASS,2.4247448441279764e-39,190.45323121396183,0.0,4.861997918246035e-05,0.0,0.08831661835079103,0.022091309582493373
p212_SASA,1.1468488880472226e-43,214.8643140038043,0.0,1.761544028491657e-05,0.0,0.060605188732514734,0.015155701043199913
p212_PKB,1.6771443580214776e-43,213.92225702499167,0.0,2.4099085145675437e-07,0.0,0.022528373340793283,0.0056321535829111855
p213_H2,8.107676580981781e-13,52.81779774388987,0.0,0.0014554882878577433,3.9762443e-05,0.15992966455272026,0.04035622882079735
p213_P1,0.038839781721818636,4.280737206236226,0.0,7.674851730663728e-05,2.291545e-06,0.027664163381379565,0.006935800860893567
p213_NCI,0.4310228249227456,0.6206402385448605,0.0,0.0,0.0,0.0,0.0
p213_MASS,2.2271238016116417e-30,141.64492681291674,0.001728912598397114,0.0005791569394576148,0.0001347237,0.08736850446202114,0.022452824424358014
p213_SASA,1.1806822064217852e-26,122.05599066165621,0.0017021988763835274,0.0010661420631359123,5.4889995e-05,0.08840964584842753,0.022808219195793344
p213_PKB,3.930009024890299e-28,129.78021814911727,0.0012937049935776428,0.0003234600177238303,9.958197e-06,0.10866423504021962,0.027572839562040874
p214_H2,0.36445747030930886,0.8233323906137352,0.0,0.0,0.0,0.0,0.0
p214_P1,0.5531085325695602,0.3520495797358399,0.0,0.0,0.0,0.0,0.0
p214_NCI,0.13542691050211797,2.2332853287038823,0.0,0.0,0.0,0.0,0.0
p214_MASS,0.5478046617672208,0.3615459158216739,0.0,0.0,0.0,0.0,0.0
p214_SASA,0.7510264705944053,0.10073385340521021,0.0,0.0,0.0,0.0,0.0
p214_PKB,0.8344320948536944,0.04371570920998346,0.0,0.0,0.0,0.0,0.0
p215_H2,0.35600227024836595,0.8528487666484231,0.0,0.0,0.0,0.0,0.0
p215_P1,0.5700397110380874,0.32286001413581283,0.0,0.0,0.0,0.0,0.0
p215_NCI,0.08737710513551754,2.928604045681557,0.0,0.0,0.0,0.0,0.0
p215_MASS,0.2665643107907475,1.2359193384395066,0.0,0.0,0.0,0.0,0.0
p215_SASA,0.2699080681761843,1.2187578232119989,0.0,0.0,0.0,0.0,0.0
p215_PKB,0.2144659254823071,1.5432608496011628,0.0,0.0,0.0,0.0,0.0
p216_H2,2.290940660449927e-05,18.126138830122017,0.0,6.165264900105674e-06,4.197187e-08,0.0661497009398136,0.01653897704414581
p216_P1,1.1332445632093065e-07,28.60554326129234,0.0,7.1045942009784915e-06,2.49394e-06,0.054097587601154885,0.013526796533832378
p216_NCI,1.168177908479713e-28,132.54957409709436,0.00011668070398766778,0.00012627652121024376,0.000121000376,0.12167316371182217,0.03050928032816924
p216_MASS,6.752225424021592e-18,77.57831257059861,0.0,4.3610803083281026e-05,3.6979532e-06,0.0014891608816810027,0.0003841174094814368
p216_SASA,4.2279479793162566e-08,30.58137395877419,0.0,1.0398289779559087e-05,0.0,0.014735898135318537,0.003686574106274524
p216_PKB,1.8763301323439013e-33,158.11971843725516,0.0,2.0793881094018827e-06,0.0,0.031025695339727006,0.007756943681959102
p217_H2,4.001344268532824e-15,63.96421883735262,2.8136708751227845e-05,0.00012360803306022235,2.1974124e-06,0.046993956986803406,0.011786974785257165
p217_P1,5.021051699579763e-12,49.03032344982106,0.0,0.000167817375607571,4.3938494e-06,0.04774839847669018,0.011980152425423074
p217_NCI,2.857516689462555e-10,40.710980852814885,0.00029712380438299814,0.0003763442294154125,3.8905255e-05,0.058489031326995795,0.014800351153890778
p217_MASS,0.006664109955502023,7.396632860740996,0.0,0.000388711226877148,2.1907532e-05,0.2195611742601422,0.05499294825471621
p217_SASA,6.585454905977075e-05,16.081459259632748,2.347228753596439e-05,0.00017949963231157675,1.788857e-05,0.17056970081570869,0.04269764032622551
p217_PKB,4.303481808765786e-07,25.945001037092247,0.0014316395902749669,0.0013778672815224612,0.00035699512,0.252052758782333,0.06380481519410121
p218_H2,0.45517667837164233,0.5582258523175992,0.0,0.0,0.0,0.0,0.0
p218_P1,0.6779047137128238,0.17260966579826176,0.0,0.0,0.0,0.0,0.0
p218_NCI,0.03223141167677705,4.60081972740663,0.0,0.00010575691370826501,7.692365e-06,0.03422308668608858,0.008584133991253191
p218_MASS,1.592912420785115e-11,46.642989228422024,0.0,4.588966982657403e-05,9.993884e-06,0.03908785349079015,0.009785934261230433
p218_SASA,8.122488071681426e-10,38.578229282803484,0.0,0.0004660341178448486,0.0,0.03206049528362764,0.008131632350368121
p218_PKB,0.00019231798109903893,14.023822206904503,0.0,0.000144445057387112,2.0402595e-07,0.04319812154851746,0.010835692657964064
p219_H2,0.0038295025540255297,8.407856018472078,0.0,2.2528539012219955e-06,1.3172366e-06,0.01025321338295628,0.0025641958683738724
p219_P1,0.0012787521661274481,10.440669852838159,0.0,1.4904882188325891e-06,1.1778961e-06,0.017947612945605228,0.004487570332490505
p219_NCI,0.01766933267403823,5.650019183542234,0.0,0.00016000234405108896,1.1123834e-06,0.1616542454952977,0.040453840055691095
p219_MASS,0.006500612296764617,7.441713068021406,8.334532770537444e-07,2.6920499400788134e-07,0.0,0.04259835402657467,0.010649864171211432
p219_SASA,0.005199153590147916,7.848279159996637,0.0,7.15586116412202e-05,0.0,0.01938293880981458,0.00486362435536395
p219_PKB,0.6752302428920489,0.17566278948799727,0.0,0.0,0.0,0.0,0.0
p220_H2,9.898791313726496e-08,28.876110131585275,0.0,6.944827725367789e-05,1.8631337e-05,0.09253687887770289,0.023156239623063603
p220_P1,0.8797724771848496,0.022892252742593,0.0,0.0,0.0,0.0,0.0
p220_NCI,3.1103399643367194e-14,59.64090484242947,5.870873024314836e-06,1.6660304800775043e-05,1.5477918e-06,0.038324430695513,0.009587127416294418
p220_MASS,1.032418917465869e-07,28.791923120460336,0.0,7.057835603238561e-05,2.2081262e-05,0.14823471576200534,0.03708184384493554
p220_SASA,5.041207473844769e-10,39.55108241168904,0.0,0.0001787197182585653,7.8774127e-07,0.13515918653835224,0.03383467349947053
p220_PKB,4.053923870654707e-18,78.67611005943007,0.0,2.9820566228095934e-05,4.5462585e-08,0.13975424284391785,0.03494602721818269
p221_H2,8.047249845733876e-09,33.92370501861173,0.0,1.3512769433741936e-05,1.8058728e-06,0.01920273123983579,0.004804512470513544
p221_P1,7.561893652930062e-06,20.288637514055466,0.0,8.896039886053608e-06,2.840046e-09,0.04703707370575625,0.01176149314642207
p221_NCI,1.2231241515344656e-09,37.74459380095451,0.0,0.00033900847772758375,0.0021582341,0.14100286341529017,0.035875026505436565
p221_MASS,2.462996544254329e-20,89.73689656115745,0.0,8.981161441971553e-05,0.0,0.10878330256314067,0.027218278544390098
p221_SASA,3.751563435494622e-14,59.24696299082486,0.0,1.269139033460107e-05,0.0,0.056447281838544944,0.014114993307219886
p221_PKB,8.623940027833267e-30,138.52568936366757,0.0,4.758229167375807e-05,0.0,0.008901368369505482,0.00223723766529481
p222_H2,1.4179749586911702e-05,19.060175495435097,0.0,4.9813111388277066e-05,0.0,0.11256866125359621,0.028154618591246124
p222_P1,0.00014325611527042377,14.587350454768591,0.0,2.2849908039071337e-06,0.0,0.020655499032561732,0.0051644460058414094
p222_NCI,1.5311572830375155e-43,214.1479050726541,0.0,5.263905400322046e-06,0.00021596445,0.059209608837947875,0.01485770929834586
p222_MASS,2.155914614476184e-26,120.69570407466327,0.0,0.00013460360314235866,1.5658657e-06,0.15879246443549774,0.039732158476074864
p222_SASA,5.356227251254396e-31,144.9391006802415,0.0,0.00013710086751453642,0.0,0.12479257477450245,0.031232418910504246
p222_PKB,2.6204764926736412e-31,146.59591071539765,0.0,0.000288505267123845,0.0,0.14715833949726845,0.03686171119109807
p223_H2,0.3972861813194365,0.7172282074760051,0.0,0.0,0.0,0.0,0.0
p223_P1,0.39728618132122895,0.7172282074705446,0.0,0.0,0.0,0.0,0.0
p223_NCI,0.3972861813162679,0.7172282074855969,0.0,0.0,0.0,0.0,0.0
p223_MASS,0.3972861813211329,0.717228207470831,0.0,0.0,0.0,0.0,0.0
p223_SASA,0.39728618132020466,0.7172282074736388,0.0,0.0,0.0,0.0,0.0
p223_PKB,0.39728618171272423,0.7172282062803499,0.0,0.0,0.0,0.0,0.0
p224_H2,1.1682430293146457e-62,328.9881354440931,0.044337457885346286,0.019570932210227113,0.00032383163,0.24313630786917612,0.07684213239809015
p224_P1,1.307426661681765e-63,335.01209331116513,0.0,3.853621754453309e-05,3.1486697e-06,0.08625553426648215,0.02157430478844368
p224_NCI,2.6822447367669237e-26,120.2027060078228,0.0,0.010592487585844192,0.0012610899,0.1873765572594543,0.04980753369343667
p224_MASS,2.6822095910898666e-08,31.49604551826559,0.0,0.00023732736259801762,0.00048377019,0.011550302991146334,0.003067850134781847
p224_SASA,1.002799619947218e-12,52.37520822806626,0.0,5.378295797232379e-05,0.0,0.03015486040359282,0.0075521608403912865
p224_PKB,4.2043468037628034e-57,294.3990063828828,0.00011218797899620302,4.682892368787299e-05,0.0002426049,0.40305879109763804,0.1008651032258751
p225_H2,0.009173111183481748,6.819120859663263,0.0,8.326781879413334e-06,0.0,0.09834014686973208,0.024587118412902873
p225_P1,6.810832801166545e-22,97.59900855373108,0.0,4.443571425573057e-05,4.3886072e-07,0.0445397750115975,0.011146162396644248
p225_NCI,1.6457528698993843e-27,126.52143452632723,0.0,3.2241918665285967e-06,4.015884e-07,0.047111909744182806,0.01177888388111452
p225_MASS,0.12297527305250255,2.3836126137993876,0.0,0.0,0.0,0.0,0.0
p225_SASA,0.7135409610753998,0.1348532425310552,0.0,0.0,0.0,0.0,0.0
p225_PKB,0.4516262328929619,0.5670747557572526,0.0,0.0,0.0,0.0,0.0
p226_H2,1.2976093262929425e-09,37.62430668543708,0.0,7.432046325716298e-06,0.0,0.02481023753194735,0.006204417394568266
p226_P1,5.90499281916104e-25,113.25283374211709,0.0,6.542697869086112e-07,0.0,0.0026861488219024716,0.0006717007729223451
p226_NCI,3.4946478237614482e-06,21.8032938848621,0.0,5.90077115789709e-06,0.0,0.00012460021516596455,3.262524658096541e-05
p226_MASS,3.8659847677404025e-34,161.83383200607008,0.0,2.048890219023673e-08,0.0,0.01737662692955417,0.00434416185461409
p226_SASA,1.7776044513591523e-33,158.24657322980025,0.0,2.0945057659839584e-06,0.0,0.02006215315897063,0.005016061916184153
p226_PKB,0.03230136960666514,4.597082471224514,0.0,0.0,0.0,0.06340882166643622,0.015852205416609054
p227_H2,3.688295709876391e-29,135.18867775624454,0.0,3.838070999608203e-05,0.0001907199,0.09663797182297808,0.02421676810922164
p227_P1,8.376315085365525e-09,33.84270777532117,0.0,1.4802926207251987e-05,0.0,0.0648825184727978,0.016224330349751265
p227_NCI,8.827562012902495e-13,52.64064606030841,0.0,7.051394741153758e-05,0.0002932822,0.07072212559458117,0.017771480437972064
p227_MASS,2.51149553360349e-28,130.80138725149655,4.643187802652441e-05,2.037356197926728e-05,9.52812e-09,0.10008608030415338,0.025038223818069697
p227_SASA,1.0949126696689615e-20,91.50714580067508,4.643187802652441e-05,2.037356197926728e-05,9.52812e-09,0.10008608030415338,0.025038223818069697
p227_PKB,7.797810740832153e-11,43.372668015283445,0.0,1.0866529799751015e-05,0.0,0.17970962180649827,0.04493012208407451
p228_H2,6.530733239483585e-36,171.49291124227318,0.0,7.167932542034759e-05,7.956732e-06,0.03422330991256066,0.008575736492414967
p228_P1,3.409822403909189e-38,184.06839101849383,2.6453683471259756e-06,0.00013095141567118928,3.1571253e-06,0.15455367631177763,0.03867260755527906
p228_NCI,4.95595326231514e-20,88.21300220597412,4.690710783400706e-06,0.00012848076043650637,4.2972555e-05,0.07450155085972145,0.01866942372150859
p228_MASS,3.7342668471469874e-23,104.0127902167819,0.0,5.1189413759547126e-05,5.7052252e-06,0.057144117330452014,0.01430025299236506
p228_SASA,1.3827427003668391e-27,126.91705997630726,0.0,3.669466158027469e-05,0.0,0.11577149398650681,0.028952047162021773
p228_PKB,3.5146305191943113e-10,40.28782397338671,0.0,0.0002912653833391742,0.0,0.1063659982412761,0.02666431590615382
p229_H2,0.22641148312156378,1.4653259552608493,0.0,0.0,0.0,0.0,0.0
p229_P1,2.71269254399369e-19,84.51929718973497,0.0,2.711114606429909e-06,2.2656327e-08,0.005894547749179476,0.0014743203800281247
p229_NCI,0.004363214730789135,8.168649960392667,0.0,8.284685280454179e-05,3.5317115e-08,0.035644089038991265,0.008931742802227593
p229_MASS,3.7314007000705233e-32,151.1274479605969,0.0,3.263417610122986e-06,2.0967276e-05,0.09025138865328872,0.02256890483677819
p229_SASA,1.2577368270290353e-27,127.13241546589272,0.0,2.587213642170533e-05,0.0,0.07082992932366382,0.01771395036502138
p229_PKB,1.8109697225111958e-09,36.94649946982495,0.0,5.7896822776796966e-05,0.0,0.13052146770164205,0.03264484113110471
p230_H2,0.16282374755661702,1.9510886389673021,0.0,0.0,0.0,0.0,0.0
p230_P1,3.718674929695563e-08,30.83917746054965,0.0,2.4180157104514116e-05,6.228653e-06,0.007565836436629441,0.0018990613117064804
p230_NCI,9.882338036904936e-14,57.21462082981364,0.0,4.814643829076919e-07,2.0704286e-08,0.06598148722497267,0.016495497348410465
p230_MASS,0.001636331392713973,9.980571883525915,0.0,1.1808705400027138e-07,0.0,0.00120196289733581,0.00030052024609745256
p230_SASA,2.270833403513332e-13,55.473340850455756,0.0,1.0689991126399707e-06,0.0,0.002587553612506855,0.0006471556529048738
p230_PKB,0.21463644509999327,1.5421121542738523,0.0,0.0,0.0,0.0,0.0
p231_H2,2.979370485139905e-09,35.935671844803615,0.0,2.780572430252015e-05,0.00016860622,0.11497933934495441,0.028793937821539946
p231_P1,2.0176405524838096e-19,85.16134299731449,0.0,5.9701943952843926e-05,6.1763416e-08,0.0461609193828227,0.011555170772547814
p231_NCI,1.098457524359313e-17,76.53257772048448,0.00020329238999968843,0.0001502580264134718,1.279258e-05,0.08951950179675973,0.0224714611981888
p231_MASS,1.2194925477411556e-08,33.08419151781709,0.0,0.00020965658623044425,0.0,0.10330870137769006,0.025879589490980126
p231_SASA,0.0002503871467833078,13.520292487389153,0.0,0.00011129783987221794,0.0,0.08466900688103654,0.02119507618022719
p231_PKB,0.7388217164902074,0.11123557644354293,0.0,0.0,0.0,0.0,0.0
p232_H2,0.009573812864024613,6.742201180265456,0.0,1.6399596523950282e-05,1.1429245e-06,0.04607404258664073,0.011522896276909935
p232_P1,0.01507238271154807,5.931375553322096,0.0,5.717662620020509e-05,0.0,0.030104091214271603,0.007540316960117952
p232_NCI,0.6296793985624238,0.23265958251519697,0.0,0.0,0.0,0.0,0.0
p232_MASS,0.6445525145005413,0.21298496628749097,0.0,0.0,0.0,0.0,0.0
p232_SASA,0.527786636790454,0.3989700261172353,0.0,0.0,0.0,0.0,0.0
p232_PKB,3.5211904359291567e-16,69.11951279149412,0.0,0.00027801962807600663,4.0259715e-06,0.3246353901041369,0.08122935892593337
p233_H2,0.7786886015550658,0.07902568370131846,0.0,0.0,0.0,0.0,0.0
p233_P1,0.04055255660706882,4.2070935795040425,0.0,8.990820183495517e-07,9.513821e-06,0.011521024551194563,0.0028828593635955016
p233_NCI,0.7712298333006858,0.08459762858027017,0.0,0.0,0.0,0.0,0.0
p233_MASS,4.309003692493205e-06,21.391579263141324,0.0,3.546409991961986e-07,5.302039e-07,0.020539327768658324,0.00513505315339435
p233_SASA,4.674619034013636e-06,21.231642263852862,0.0,4.107949970817361e-07,0.0,0.0161427275728342,0.00403578459195782
p233_PKB,7.709778236274997e-06,20.250721382004205,0.0017746889435856766,1.9670856482677007e-06,0.0,0.02402509589149479,0.0064504379801821835
p234_H2,1.8367617186270507e-05,18.555970375224824,0.0,3.77566116668532e-08,0.0,0.0957686548534025,0.02394217315250354
p234_P1,4.069253909939844e-05,17.011677121373747,0.0,3.77566116668532e-08,0.0,0.0957686548534025,0.02394217315250354
p234_NCI,0.0991027812893821,2.7257141630930595,0.0,0.0,0.0,0.0,0.0
p234_MASS,4.933927224660807e-06,21.125660613369586,0.0,0.0,0.0,0.002370323437129192,0.000592580859282298
p234_SASA,3.21430243804308e-06,21.967786289463483,0.0,0.0,0.0,0.002370323437129192,0.000592580859282298
p234_PKB,0.04083957550631349,4.1950732917724345,0.0,3.918885960442561e-07,0.0,0.018095898396927653,0.004524072571380924
p235_H2,0.5524498363593469,0.35321963711573784,0.0,0.0,0.0,0.0,0.0
p235_P1,0.24751874906299065,1.3390421685211984,0.0,0.0,0.0,0.0,0.0
p235_NCI,0.42978240704270876,0.6239901011637285,0.0,0.0,0.0,0.0,0.0
p235_MASS,0.0021305188051389218,9.49002788172484,0.0,3.119978229381194e-05,1.6500955e-05,0.0951280495015276,0.02379393755972993
p235_SASA,0.00557557584383483,7.720853476857543,0.0,1.2270459817660664e-06,0.0,0.2016287995289846,0.05040750664374159
p235_PKB,0.04095482432553729,4.190271682722487,6.323451940847976e-07,7.178001936631532e-05,0.0,0.037600116129265615,0.009418132123456505
p236_H2,2.1415046902565508e-08,31.949161477425466,0.0,2.7627604519742392e-05,0.0,0.3152484013113579,0.07881900722896941
p236_P1,7.843724724295255e-11,43.36061042802086,0.0,0.000796803950219405,0.0,0.14285023714714823,0.03591176027434191
p236_NCI,1.5038861630609695e-07,28.04000972500583,0.05996529998450421,0.040749312960681065,0.17542644,0.001578000007371723,0.06942976285084257
p236_MASS,4.4349541988076007e-05,16.845136138361912,0.0,9.042492018086906e-06,4.9004116e-06,0.1140155452369173,0.02850737203512587
p236_SASA,0.0002200715687826882,13.766411807050243,0.0,9.042492018086906e-06,4.9004116e-06,0.1140155452369173,0.02850737203512587
p236_PKB,1.1315594806691286e-06,24.02771918167867,2.3633962783043295e-05,6.033312738745184e-05,0.0,0.04482636741475328,0.011227583626230943
p237_H2,5.028751186545203e-10,39.55613232058866,0.0,1.5949780306482944e-06,0.0,0.07587802186579268,0.018969904210955832
p237_P1,2.8960385265000233e-07,26.733071283497697,0.0,1.3206895778306803e-05,0.0,0.06704875349409462,0.01676549009746823
p237_NCI,3.610034113048117e-13,54.504921137646356,0.0,6.746638451447041e-07,0.0,0.011062664302650455,0.0027658347416239
p237_MASS,2.2422221379566405e-25,115.42393321213491,0.0,1.4866538953073972e-05,0.0,0.04179116801019652,0.010451508637287398
p237_SASA,0.0008551205418860919,11.19496529711507,0.0,1.5464881496377382e-08,0.0,0.0449650609823338,0.011241269111803823
p237_PKB,9.672519186525364e-30,138.26177446751882,0.0,0.0,2.167631e-05,0.05189032093626327,0.012977999311362938
p238_H2,2.285947785535637e-12,50.66221358205916,0.0,3.460578560622349e-05,0.0,0.07826570520426034,0.01957507774746664
p238_P1,1.080830356225985e-25,117.06345846100234,0.0,6.028192070312628e-08,0.0,0.033760286499541346,0.008440086695365513
p238_NCI,0.8488699667795798,0.036334801559332525,0.0,0.0,0.0,0.0,0.0
p238_MASS,3.054448500438421e-10,40.57469629954744,0.0,1.3898735442423447e-05,0.0,0.10126632526039611,0.025320055998959635
p238_SASA,3.9506309407594615e-40,194.85851004301443,0.013071373787074295,0.020909932337606837,0.07753741,0.05336804333853985,0.041221689856111146
p238_PKB,8.968641094503116e-27,122.67778719504052,0.0,0.0009821137826414347,0.0,0.13767358488983228,0.03466392466811843
p239_H2,0.28595575962523356,1.1399576286625488,0.0,0.0,0.0,0.0,0.0
p239_P1,0.10491166709574323,2.6347050321285415,0.0,0.0,0.0,0.0,0.0
p239_NCI,0.00703839481540914,7.297556061370046,0.0,6.515272293670115e-06,0.0,0.07395000576695837,0.01848913025981301
p239_MASS,0.08706154883926104,2.9344664424775755,0.0,0.0,0.0,0.0,0.0
p239_SASA,0.021913632148710106,5.27144578490231,0.0,0.00014215862696540847,0.0,0.06939277354587894,0.01738373304321109
p239_PKB,0.0014235704630794674,10.240277172123895,0.0,0.0001221695450567175,2.9271945e-05,0.18034161706465673,0.04512326463870221
p240_H2,9.522035370718436e-17,71.9074299799592,0.0,5.379585219038628e-05,0.0005171904,0.07705929334995285,0.01940756989449355
p240_P1,1.3255658913531719e-18,81.08650179855273,0.0,5.379585219038628e-05,0.0005171904,0.07705929334995285,0.01940756989449355
p240_NCI,0.19152564942818417,1.708483364019234,0.0,0.0,0.0,0.0,0.0
p240_MASS,1.2479921834301723e-17,76.25852469595404,5.167710730128119e-06,4.056498145038887e-07,0.0,0.09122152393852435,0.022806774324767246
p240_SASA,1.6838917451568322e-16,70.69093419119525,0.0,3.97817860308826e-07,0.0,0.098414829677867,0.024603806873931825
p240_PKB,3.735310882519861e-30,140.45229025121958,0.0,3.5408027822407473e-06,0.0,0.14738079333055965,0.036846083533335475
p241_H2,1.6193991520353681e-68,366.57853566373143,0.0,1.479660669914959e-06,0.0,0.050437464717889305,0.012609736094639805
p241_P1,4.504256469563057e-56,288.0987544050946,0.0,0.00012348057012728618,7.457632e-06,0.0801145589043168,0.02006137427658836
p241_NCI,6.531581656265307e-32,149.82368871788935,0.0,4.657980115772997e-06,4.351369e-06,0.10204692068722132,0.025513982509126964
p241_MASS,5.426159004134066e-28,129.04519917450153,0.0,6.21061681751005e-06,2.8330744e-06,0.09950527673173742,0.024878580105739834
p241_SASA,2.3687415792075084e-19,84.81331356791665,0.0,5.7766464082047885e-05,0.0,0.058061217223794155,0.014529745921969052
p241_PKB,4.1555537997652115e-22,98.68713044445018,0.0,5.836121764014743e-05,0.0,0.2708478584584008,0.06772655491901024
p242_H2,0.23124596291466198,1.4351760037811874,0.0,0.0,0.0,0.0,0.0
p242_P1,0.11734153729049358,2.4572962064245147,0.0,0.0,0.0,0.0,0.0
p242_NCI,0.003801766353030284,8.421200908008748,6.673983960171691e-05,8.028732019106963e-05,4.6658306e-06,0.3747639884200054,0.09372892035260003
p242_MASS,1.4528313048307166e-07,28.1089998288707,0.0,2.3263758253060462e-05,5.1200673e-06,0.1076560404381251,0.026921106065912415
p242_SASA,2.8314562300693975e-10,40.72971820018481,0.0,0.00010615037259207772,0.00017995526,0.10031170448553706,0.025149452528429646
p242_PKB,0.5460423562363168,0.3647393771863352,0.0,0.0,0.0,0.0,0.0
p243_H2,4.742596555336658e-09,34.993439408114675,0.0,2.360863108728023e-05,0.0,0.20247916758536527,0.050625694054113136
p243_P1,4.1421316262984405e-07,26.020970723811054,0.0,6.914088899361461e-05,3.2416477e-08,0.09852158030860485,0.024647688403518768
p243_NCI,0.8794380719409542,0.023020760735601,0.0,0.0,0.0,0.0,0.0
p243_MASS,0.3370029892017802,0.9228123803863345,0.0,0.0,0.0,0.0,0.0
p243_SASA,0.8148303521979168,0.054882327870845404,0.0,0.0,0.0,0.0,0.0
p243_PKB,0.01590169978967051,5.836411516975341,0.0,1.0970697310369152e-05,0.0,0.13891628768896808,0.03473181459656961
p244_H2,0.0005419578916095756,12.05457390269227,0.0,4.147012963751409e-05,5.0091334e-05,0.16372230001548743,0.04095346536973944
p244_P1,4.109654752849902e-16,68.7907050126266,0.0,1.7492096019573533e-05,0.0,0.010287116437391823,0.002576152133352849
p244_NCI,0.089745858850866,2.885317914614918,0.0,0.0,0.0,0.0,0.0
p244_MASS,5.469541063746702e-14,58.45520678431555,0.0001679259537952289,4.645925302717572e-06,2.1180032e-05,0.1868108338716416,0.046751146445807516
p244_SASA,3.1974555825098566e-11,45.20625496622986,0.0,1.4215914421509408e-05,0.0,0.15819487701323948,0.03955227323191525
p244_PKB,9.336345902710825e-15,62.17498348114523,0.0,0.000277265404648739,0.0,0.10945755072281256,0.027433704031865326
p245_H2,0.0001053244008808219,15.177495438070823,0.0,3.316282769529025e-07,0.0,0.3152884649200144,0.07882219913707283
p245_P1,0.005722114006643338,7.67360970255768,0.0,1.2459778119900986e-06,0.0,0.06208766591299142,0.015522227972700852
p245_NCI,1.5892820289672287e-05,18.837845149653198,0.0,3.4784571383356554e-06,0.0,0.12164790905287669,0.030412846877503757
p245_MASS,8.34038976244055e-06,20.09685258553205,0.0,3.9565587987137635e-06,0.0,0.13907160390861492,0.034768890116853406
p245_SASA,0.008393113041655983,6.979269241607696,0.0,8.687050954115279e-05,0.0,0.04730799398880942,0.011848716124587644
p245_PKB,0.032880499004417835,4.566465818821619,0.0,2.4133269901814604e-06,0.0,0.20505561426758004,0.05126450689864256
p246_H2,0.003048620541362884,8.827382434219937,0.0,1.883758664139778e-05,0.0,0.15412027243400517,0.03853477750516164
p246_P1,0.002435699499813009,9.241992443622395,0.0,4.835826468446883e-05,0.0,0.10508363158957221,0.02628299746356417
p246_NCI,0.0027553981300487305,9.013981962827422,0.0,2.612262355635232e-07,0.0,0.02311335708399691,0.0057784045775581185
p246_MASS,0.16285172103499784,1.9508287775137862,0.0,0.0,0.0,0.0,0.0
p246_SASA,0.05398013067782169,3.7233347015652187,0.0,9.237927582558628e-06,0.0,0.1467980316756403,0.03670181740080571
p246_PKB,0.7790979484285318,0.07872582027491619,0.0,0.0,0.0,0.0,0.0
p247_H2,0.750002533695959,0.10159284505061893,0.0,0.0,0.0,0.0,0.0
p247_P1,0.871339780210302,0.026245429783284747,0.0,0.0,0.0,0.0,0.0
p247_NCI,0.5726539772894426,0.318501895132389,0.0,0.0,0.0,0.0,0.0
p247_MASS,0.32913230252413705,0.9533721074822715,0.0,0.0,0.0,0.0,0.0
p247_SASA,0.6031406622345636,0.2704812765049095,0.0,0.0,0.0,0.0,0.0
p247_PKB,0.6767755596284859,0.1738948529002587,0.0,0.0,0.0,0.0,0.0
p248_H2,6.983477742497943e-08,29.574696163402482,0.0,2.099367023956099e-06,0.0,0.24642129237310667,0.061605847935032654
p248_P1,2.1895061367849236e-07,27.290381899099618,0.0,0.00014364476042876085,2.915132e-06,0.20915478039116742,0.05232533507089211
p248_NCI,9.3895905136135e-16,67.03500926746524,5.460915251956493e-05,0.00020737277411734688,1.2996824e-06,0.22150555340994088,0.05544220875473621
p248_MASS,0.11492269227125457,2.490143738181831,0.0,0.0,0.0,0.0,0.0
p248_SASA,0.06589176293707129,3.3909934589809194,0.0,1.529301391764934e-05,0.0,0.0043242158763669505,0.00108487722257115
p248_PKB,0.4770734556341574,0.5059809287802323,0.0,0.0,0.0,0.0,0.0
p249_H2,0.2504852770359902,1.3223480416565647,0.0,0.0,0.0,0.0,0.0
p249_P1,1.0923915265672321e-10,42.68066991333855,0.0,1.8694315637643336e-06,1.3712934e-08,0.049638571266138395,0.012410113602659015
p249_NCI,1.3516328926282516e-19,86.03103900565371,0.0,1.0631377990376547e-06,0.0,0.12059813200198574,0.030149798784946193
p249_MASS,1.1373585569795662e-26,122.14051176801534,0.0,3.360575382887098e-05,0.0,0.07646324487087999,0.019124212656177215
p249_SASA,4.409272692849872e-05,16.856371648980268,0.0,2.8311117573060094e-07,0.0,0.010272961725856488,0.0025683112092580547
p249_PKB,0.0005694164898572822,11.96118658863731,0.0,8.276937927980691e-05,0.0,0.010289195139708222,0.002592991129747007
p250_H2,0.015864778232901684,5.840529497666975,0.0,4.7491615880630883e-07,0.0,0.1489921103501002,0.037248146316564756
p250_P1,0.4078741142301817,0.6856488330289779,0.0,0.0,0.0,0.0,0.0
p250_NCI,2.3840109154738647e-35,168.4180492137991,0.0,3.891293322645498e-07,0.0,0.0820584848782314,0.02051471850189092
p250_MASS,0.0003638322880709177,12.809459743604432,0.0,1.7537998869924355e-07,0.0,0.05645108103030114,0.014112814102572459
p250_SASA,0.8197281747921359,0.05196718140817398,0.0,0.0,0.0,0.0,0.0
p250_PKB,0.3450129805780834,0.8926797076865127,0.0,0.0,0.0,0.0,0.0
p251_H2,0.048773025640647054,3.8940058918595044,0.0,1.4715282646122981e-06,0.0,0.024570461105512736,0.006142983158444337
p251_P1,0.5081947305133094,0.4381423079280055,0.0,0.0,0.0,0.0,0.0
p251_NCI,0.2137236541236828,1.5482738140645969,0.0,0.0,0.0,0.0,0.0
p251_MASS,2.0202374204915413e-08,32.066552810359525,0.0,5.986043732131361e-05,0.0,0.02915505680859311,0.007303729311478606
p251_SASA,6.8943345298029025e-09,34.23632827357139,0.0,1.744216298912059e-06,0.0,0.03371204665389957,0.00842844771754962
p251_PKB,3.205800735726875e-06,21.972997307670994,0.0,6.024162666128223e-07,0.0,0.06485259775738607,0.01621330004341317
p252_H2,7.04407985836575e-05,15.951647727725133,0.0,0.00014477376830694858,3.5240603e-06,0.07939560584028298,0.01988597591721638
p252_P1,0.5512215670131305,0.3554084660190045,0.0,0.0,0.0,0.0,0.0
p252_NCI,1.6601232324232545e-09,37.12326763942436,0.0,1.1255342410047524e-06,0.0,0.07741064315842339,0.019352942173166097
p252_MASS,2.421199724152937e-08,31.7020476746509,0.0,7.19785163464919e-05,0.0,0.033116420076677734,0.008297099648256057
p252_SASA,1.148565337522212e-06,23.998207632170743,0.0,8.839661517498345e-08,0.0,0.002431830821194153,0.0006079798044523319
p252_PKB,0.11826594167929552,2.4449403328435286,0.0,0.0,0.0,0.0,0.0
p253_H2,1.1159240549368105e-33,159.33994090254228,0.0,1.1966327731710218e-06,0.0,0.02203404035652185,0.005508809247323756
p253_P1,6.729501210263503e-36,171.42160794074204,0.0,7.801999257685044e-06,0.0,0.02518515791002273,0.006298239977320104
p253_NCI,0.013132208421194242,6.176422728915762,0.0,3.374867607366049e-06,0.0,0.08530819085014377,0.021327891429437782
p253_MASS,3.3255749463406307e-19,84.0777551968545,0.0,2.124667433735713e-06,0.0,0.022513222735545697,0.005628836850744858
p253_SASA,3.801232727246301e-23,103.97338868255251,0.0,2.124667433735713e-06,0.0,0.022513222735545697,0.005628836850744858
p253_PKB,1.6865518272725033e-07,27.811104392834554,0.0,8.271306652804703e-07,0.0,0.02086650191609343,0.005216832261689677
p254_H2,0.05104232841909551,3.8173618830516487,0.0,1.9183825677847422e-05,6.3331136e-05,0.11365837664559844,0.028435222901720788
p254_P1,0.0007992755283684615,11.321957652255588,0.0,4.6608780564466893e-07,0.0,0.05539436696809443,0.013848708263975018
p254_NCI,0.5989657087159459,0.2767605049616581,0.0,0.0,0.0,0.0,0.0
p254_MASS,0.004952774983844828,7.9368928395015566,0.0,2.9430578065516097e-05,0.0,0.010209976307229298,0.0025598517213237036
p254_SASA,0.0269938078779608,4.907713473419906,0.0,0.0002309153421099735,0.0,0.024284093239472487,0.006128752145395615
p254_PKB,0.005720484786080831,7.674128134800053,0.0,1.4536129981594595e-06,0.007340556,0.0641210354755817,0.017865761274795944
p255_H2,0.00012345474705363396,14.872562831449482,0.0,0.00019701839225518455,1.7506595e-06,0.0943313798378972,0.023632537222418433
p255_P1,0.17418157098208248,1.849588376731449,0.0,0.0,0.0,0.0,0.0
p255_NCI,0.030884625900280897,4.6744680675776955,0.0,2.0760889915427737e-05,4.9546986e-07,0.1366245642247086,0.03416145514612162
p255_MASS,0.09700771303130958,2.7599792095224007,0.0,0.0,0.0,0.0,0.0
p255_SASA,0.43977540193675,0.5974133243700801,0.0,0.0,0.0,0.0,0.0
p255_PKB,0.8866789201207269,0.020320316644460414,0.0,0.0,0.0,0.0,0.0
p256_H2,7.009227559552788e-23,102.61796329928755,0.0,1.5201098944335568e-05,6.136467e-07,0.16920503802001358,0.04230521319141573
p256_P1,3.354352672261278e-31,146.02338858098585,0.0,5.877092670195183e-05,8.9325895e-06,0.05455453368208892,0.013655559299567853
p256_NCI,0.4906801421296697,0.4754351160851754,0.0,0.0,0.0,0.0,0.0
p256_MASS,3.8794418996016044e-16,68.9133436704052,4.85161054467298e-05,4.0900219835613416e-05,0.0,0.2183792979688587,0.054617178573535256
p256_SASA,3.9893232911477644e-25,114.13151929620211,5.94639861410222e-05,1.1142369156176357e-05,3.7104942e-06,0.2098823404931339,0.05248916433565375
p256_PKB,3.89591997509894e-07,26.142825981857374,0.0,1.5150025840525627e-05,0.0,0.3407097138672868,0.08518121597328183
p257_H2,7.002909593383393e-17,72.56389808409656,2.23960461356801e-07,6.166883083578208e-06,0.0,0.08495191518738121,0.021239576507731537
p257_P1,3.451718187083015e-16,69.1619204583028,0.0,1.931053320291367e-06,4.9169273e-08,0.07404603934678002,0.01851200489234335
p257_NCI,1.929571869983869e-40,196.60344335030828,0.0,7.065012864029999e-06,1.2288471e-05,0.12407733774447895,0.031024172807142113
p257_MASS,0.05337477690115213,3.7422583295709586,0.0,4.624084055778173e-09,0.0,0.09250271416773115,0.023125679697953802
p257_SASA,0.3821266278803921,0.764619586576023,0.0,0.0,0.0,0.0,0.0
p257_PKB,4.831581881061939e-51,257.8176600245596,0.0,6.532157862058479e-05,0.0,0.03367474827317434,0.008435017462948731
p258_H2,1.3097882627190286e-29,137.56485665846367,0.0,0.00011332082350300978,1.1275344e-07,0.012745204803647282,0.0032146595951476633
p258_P1,6.892524479395294e-13,53.15606111464554,0.0,7.517957926611786e-07,0.0,0.04403906555368226,0.01100995433736873
p258_NCI,7.954325791355166e-09,33.9471802604179,0.0,3.7634166528427903e-06,0.0,0.14228670852121572,0.03557261798446714
p258_MASS,0.00011348742032806892,15.034130419563333,0.0,2.4227236359739147e-06,0.0,0.0835629464355099,0.02089134228978647
p258_SASA,4.0088377502279795e-18,78.70019133105865,0.0,0.00106308157825208,0.0,0.07957973419802794,0.020160703944070005
p258_PKB,4.051402794799331e-28,129.71087871563688,0.0,0.004223033948352024,0.0,0.48874347830777853,0.12324162806403265
p259_H2,0.4141668100977747,0.6674432394789174,0.0,0.0,0.0,0.0,0.0
p259_P1,2.3142947713875902e-05,18.106424153382655,0.0001033704354045144,0.00012877430399104478,2.1992814e-06,0.12470359900228663,0.031234485755776902
p259_NCI,1.994793262620993e-52,266.0691390713147,0.0,0.00020272079832567755,2.8357656e-05,0.0351053441722944,0.008834105656539406
p259_MASS,0.0007066492059360072,11.553841836080338,0.0,2.113294008485044e-05,3.756999e-07,0.005580593648986547,0.001400525572242314
p259_SASA,4.791831780656746e-06,21.183022459815184,0.0,0.0006693404613141684,1.172048e-06,0.06963277441226565,0.01757582173038829
p259_PKB,0.6146985442887594,0.2535709658102932,0.0,0.0,0.0,0.0,0.0
p260_H2,0.1893161564610285,1.7256153091672737,0.0,0.0,0.0,0.0,0.0
p260_P1,0.6558507337867254,0.19873920898932557,0.0,0.0,0.0,0.0,0.0
p260_NCI,0.9788465434270602,0.0007034490994572381,0.0,0.0,0.0,0.0,0.0
p260_MASS,9.068690398725701e-11,43.06264395767336,0.0,7.347908644406452e-06,4.9090536e-06,0.01921474942476109,0.00480675159674806
p260_SASA,1.2399618066154274e-06,23.846762822154126,0.0,6.5366045496516755e-06,0.0,0.04012917544516392,0.010033928012428394
p260_PKB,5.824116996137694e-33,155.46508937736988,0.0,1.2385019788094375e-05,8.1902535e-06,0.033359847054262703,0.00834510558189732
p261_H2,9.227600228447811e-06,19.899119411387694,0.00030465803603109583,0.00017748300375937007,0.00023161485,0.22600893163180663,0.05668067187932139
p261_P1,1.1405805493524114e-27,127.35468950971762,0.004876897535393808,0.000289855979107071,0.0016141438,0.2914660010596617,0.07456172460331713
p261_NCI,3.305973651470418e-23,104.28289048967358,5.622911199792242e-05,0.000175813379928727,0.0,0.37202481119107456,0.0930642134207503
p261_MASS,2.1357031375712907e-33,157.81590706180526,0.0,0.000406927802975744,0.0,0.3318428774042802,0.08306245130181399
p261_SASA,2.4487104283917278e-27,125.61923443956609,0.0,0.000406927802975744,0.0,0.3318428774042802,0.08306245130181399
p261_PKB,2.179817568761112e-11,45.99582239028807,0.0,0.00018637416258979094,1.6239575e-05,0.10661015188202556,0.02670319140500783
p262_H2,3.2604204436012946e-06,21.939758120668174,0.0,3.365524195810632e-05,7.761709e-06,0.13759861314154043,0.034410007523057125
p262_P1,5.685899255695308e-16,68.10040328054038,0.0001864836021712284,3.640336361901212e-05,0.0,0.04291635938121228,0.010784811586750629
p262_NCI,0.00013293992281677996,14.730593846402902,0.0,3.0324427568825187e-05,3.10093e-05,0.06928558717328262,0.017336730224776487
p262_MASS,2.223714595072654e-23,105.16268566262006,8.132886428431108e-05,1.705633560527698e-05,0.0,0.09372249156076373,0.02345521919016333
p262_SASA,1.2741595719551848e-11,47.104030064334324,0.0,3.3929792131947824e-05,0.0,0.0795802226282857,0.01990353810510441
p262_PKB,0.05522897832118605,3.6849970068521523,0.0,1.5519553008626445e-05,0.0,0.08054883626301278,0.020141088954005352
p263_H2,8.660674083888263e-38,181.82643897123813,7.317960116472425e-07,7.210111762514062e-05,4.9405e-06,0.09852941637610156,0.024651797447389788
p263_P1,1.6296354616829073e-29,137.06289559295604,0.0,0.00012485824698308155,4.5234597e-06,0.006812553777525219,0.001735483871043452
p263_NCI,0.003452597517784115,8.598238094581747,2.9831961978640507e-05,7.275856975723576e-05,2.731138e-06,0.1367716246587018,0.03421923658211213
p263_MASS,1.468214865775553e-36,175.04869452596898,0.0,3.656300640656852e-05,4.9595922e-08,0.032290826451903655,0.008081859763558064
p263_SASA,1.4249699456128436e-37,180.63079821357775,0.0,3.381449144604889e-05,4.3566877e-07,0.010465967630707002,0.002625054447729973
p263_PKB,4.228614416044386e-12,49.386222830964726,0.0,2.1095005067886615e-05,0.000100039855,0.018242681359584935,0.004590954054955605
p264_H2,1.0418540656015119e-14,61.943690319613246,0.0,4.678682620976924e-05,0.002364924,0.08035801895364166,0.020692432431137053
p264_P1,0.0002675091962675399,13.394269792127965,0.0,0.00018109404142704083,0.0,0.03204786906423304,0.008057240776415021
p264_NCI,0.7841706737412051,0.07506074754195576,0.0,0.0,0.0,0.0,0.0
p264_MASS,0.0019647876078651328,9.640336188850306,0.0,7.653285461716578e-05,0.0,0.01696789794787467,0.004261107700622959
p264_SASA,0.018956454456125666,5.5260501437388205,0.0,7.653285461716578e-05,0.0,0.01696789794787467,0.004261107700622959
p264_PKB,3.615915543867386e-08,30.895481149060696,0.0,2.990078357530126e-05,0.0,0.17129869875044887,0.042832149883506046
p265_H2,1.19223553408043e-69,373.98427028466693,0.0,1.8044967053238786e-05,0.0,0.1666811461299422,0.04167479777424886
p265_P1,1.0051678906337374e-81,455.7264353030017,0.0,1.4228841042000043e-05,0.0,0.04608735810282437,0.011525396735966592
p265_NCI,3.1944757709641443e-71,384.3331740581537,0.0007383240735321391,2.7863940815445682e-06,0.0,0.06626369768929406,0.016751202039226937
p265_MASS,3.8558107354311556e-41,200.53535157879415,0.0,1.0699892393864683e-05,0.0,0.04984177529588915,0.012463118797070754
p265_SASA,3.486290945379862e-47,235.13655172881872,0.0,1.0699892393864683e-05,0.0,0.04984177529588915,0.012463118797070754
p265_PKB,1.622944799093927e-72,392.9176300251123,0.0,4.921686746373134e-05,0.0,0.1659555756684045,0.041501198133967056
p266_H2,1.960373079150271e-08,32.127138670165806,0.0001295231363213204,2.3268942353197074e-05,0.00011184007,0.08912116354676713,0.02234644892353839
p266_P1,3.0496008584906167e-06,22.071293709197995,0.0,0.00017319402315727332,1.5184732e-05,0.08970092170952,0.022472325116078672
p266_NCI,6.617725918758898e-19,82.5879051206488,0.0,3.614127020339935e-05,7.821472e-05,0.2754672046816563,0.0688953901674867
p266_MASS,4.907259067995113e-18,78.26488977235418,0.0,2.7950389623998553e-05,0.00079650886,0.044044382353683825,0.01121721040055488
p266_SASA,1.0792611623945592e-17,76.57044163265452,0.0,9.913457029178147e-05,0.0,0.0523017296555535,0.01310021605646132
p266_PKB,0.0011268060115508661,10.677344835778005,0.0,9.486928703786649e-05,1.9096747e-06,0.02504710742609396,0.006285971596949335
p267_H2,0.7500025336956122,0.10159284505086302,0.0,0.0,0.0,0.0,0.0
p267_P1,0.7500025336673012,0.10159284507473854,0.0,0.0,0.0,0.0,0.0
p267_NCI,0.7500025336954967,0.10159284505091645,0.0,0.0,0.0,0.0,0.0
p267_MASS,0.750002533241712,0.10159284543259883,0.0,0.0,0.0,0.0,0.0
p267_SASA,0.7500025332228766,0.10159284544837428,0.0,0.0,0.0,0.0,0.0
p267_PKB,0.7500025337233457,0.10159284502756945,0.0,0.0,0.0,0.0,0.0
p268_H2,0.7500025336944568,0.1015928450518674,0.0,0.0,0.0,0.0,0.0
p268_P1,0.7500025336965367,0.10159284505017906,0.0,0.0,0.0,0.0,0.0
p268_NCI,0.7500025336902969,0.10159284505536531,0.0,0.0,0.0,0.0,0.0
p268_MASS,0.7500025337440299,0.10159284501010356,0.0,0.0,0.0,0.0,0.0
p268_SASA,0.7500025337216122,0.10159284502899067,0.0,0.0,0.0,0.0,0.0
p268_PKB,0.7500025338877803,0.10159284488934679,0.0,0.0,0.0,0.0,0.0
p269_H2,8.444584729462052e-21,92.07506289282634,8.96635862649666e-06,0.00042938783892022744,0.0013034398,0.10692939752286473,0.027167797890969958
p269_P1,5.818764428091026e-14,58.32530954212982,0.0,0.0004195845129707056,0.0,0.06662615897704259,0.016761435872503325
p269_NCI,3.3328988469506304e-21,94.11087299516807,3.2822136962056286e-07,0.00017040692908296313,0.00045542387,0.08505901363076604,0.021421293162661014
p269_MASS,2.840836372721731e-61,320.264592700157,0.0,0.0002677213057700733,0.0004623029,0.16424104740230402,0.041242767904268486
p269_SASA,3.622556065652273e-58,300.94823891272216,0.002793788112101946,0.0004288191481328905,0.0045300866,0.102929174367335,0.027670467068822244
p269_PKB,1.1164127974639896e-31,148.57699376873478,0.004929832207156385,0.0008950743090337652,0.00015046881,0.5835635217388261,0.14738472426666047
p270_H2,0.0006522820295516342,11.70474882071929,0.00023530180028875306,4.5141436789589456e-05,2.439534e-06,0.04414866964681771,0.01110788810447416
p270_P1,0.0632549966733286,3.4587048080942653,0.0,5.621661308460505e-05,0.00024194448,0.07510957370038869,0.018851933698132716
p270_NCI,0.014099656930021836,6.049883858386737,0.0,0.00018174041880661063,0.0004735498,0.14004249136919897,0.03517444539531178
p270_MASS,4.56959444663274e-19,83.3893889074045,0.0008489671537356942,0.00018271779816460477,0.00015563233,0.20199334830085766,0.050795166394667926
p270_SASA,2.0610832365046313e-11,46.111332759785526,0.0005087376134814129,9.51823276844646e-05,9.089652e-07,0.14264898847391863,0.03581345434507246
p270_PKB,1.2316609667242952e-22,101.37107086785905,0.0,3.059599577795442e-05,1.5352706e-06,0.3262866536227303,0.08157969622227672
p271_H2,6.894693318389696e-23,102.65443139524041,0.0,0.00022222550187493955,2.4839028e-07,0.40924548085912366,0.1023669886878194
p271_P1,7.496506272619876e-05,15.831683430485759,0.0,0.0001264445447576878,0.0,0.08946446518243345,0.022397727431797784
p271_NCI,1.2688581588735807e-05,19.27693300427294,0.0,9.403198623182343e-05,0.0014250472,0.3786789336608179,0.09504950320482079
p271_MASS,9.19542842946114e-06,19.905948917673207,0.0,0.00013151263243282144,3.2212796e-07,0.015718888170361985,0.003962680732688667
p271_SASA,0.0002656829478085689,13.40731724657864,0.0,2.9840970776528983e-05,0.0,0.0050185187892008345,0.001262089939994341
p271_PKB,0.014275787049269375,6.027812453326738,0.0005441966751253897,0.0001807049219082164,0.0030670743,0.2528289365515501,0.06415522812303645
p272_H2,6.990898248228717e-10,38.88404852891429,0.0,4.796784602941583e-07,0.0,0.03651683223038212,0.009129327977210604
p272_P1,2.289177052284732e-08,31.81490744345529,0.0,4.889563193214794e-05,0.0,0.035016218394382514,0.008766278506578665
p272_NCI,1.3367985045814444e-05,19.175159782248834,0.0,1.0298456852193171e-05,1.6645434e-05,0.2767931549369913,0.06920502470690804
p272_MASS,3.4396684840672275e-11,45.05587494271391,0.0,8.324521651686325e-06,0.0,0.07461410639176412,0.01865560772835395
p272_SASA,4.961518270526068e-14,58.65984309705962,0.0,6.299665539137075e-05,0.0,0.09337455498394254,0.023359387909833478
p272_PKB,2.3642048524804146e-06,22.572666558260767,0.0,9.847385061452607e-06,0.0,0.1931449101816302,0.04828868939167292
p273_H2,0.0644428637548668,3.42783446015069,0.0,7.313962091743945e-05,3.1375262e-07,0.22222463211334367,0.0555745213717208
p273_P1,4.0194281416767754e-06,21.528256904541195,0.0,8.847071882535215e-05,1.092444e-08,0.05458652955182412,0.013668752798772374
p273_NCI,0.0031497921429454352,8.767213973787785,0.0,1.776953114663575e-05,1.0759372e-05,0.22900170792117042,0.05725755920616531
p273_MASS,0.2360356443519534,1.4060468865579365,0.0,0.0,0.0,0.0,0.0
p273_SASA,0.0074168426124183754,7.202716033589885,0.0,3.494421777108241e-05,1.3153613e-06,0.015606702055871982,0.0039107404087257444
p273_PKB,2.152962885487326e-22,100.13747840763844,0.0,0.00023785536315442358,2.007539e-05,0.07031052187415218,0.017642113156659044
p274_H2,0.04275835272061597,4.1169307086072395,0.0,1.159687723799824e-05,1.6768843e-06,0.07270029828772213,0.01817839301230678
p274_P1,0.0003746421560285323,12.753883462706714,0.0,1.2994216482165737e-05,7.2798384e-06,0.1585060720647123,0.03963158652990563
p274_NCI,0.0026964198973280402,9.053949702036919,0.0,2.6384277222496115e-05,0.00013060258,0.15706312049598617,0.03930502683845506
p274_MASS,0.020101302851992745,5.422897349212691,0.0,0.0002691071724834658,0.0,0.18951783504082492,0.047446735553327096
p274_SASA,0.019942875306658687,5.436803740566768,0.0,0.0002691071724834658,0.0,0.18951783504082492,0.047446735553327096
p274_PKB,2.0383156129236787e-09,36.706220284470284,0.0,0.00024183724643369467,0.0,0.20790827193564618,0.05203752729551997
p275_H2,0.020027863107678696,5.429329541092524,1.1435490497895148e-05,0.00012823535832712533,0.0,0.02125609708517055,0.005348941983498893
p275_P1,0.019274686847298998,5.496742681856086,0.0,0.00022953081564000387,1.4028797e-07,0.04249131307712651,0.010680246045183162
p275_NCI,1.4872844952745546e-06,23.48727021765862,0.00024380416928471661,0.0003787490944646019,3.7630804e-07,0.03734546279213001,0.009492098090979126
p275_MASS,2.1513109921468015e-13,55.586378596396514,0.0,4.752821612899063e-06,0.0,0.06608172594783107,0.016521619692360993
p275_SASA,1.8414446625572957e-09,36.91258737451342,0.0,4.752821612899063e-06,0.0,0.06608172594783107,0.016521619692360993
p275_PKB,5.627663770677302e-78,429.7908611355794,7.299257865587282e-05,7.018474318078864e-05,1.29171145e-08,0.13299364003118497,0.03328420756753403
p276_H2,1.5635235847796745e-08,32.582951232748876,0.0,3.813328238730604e-05,0.0,0.10208537501779094,0.02553087707504456
p276_P1,1.9794923267576656e-05,18.410318601243194,0.0,1.311916857929157e-05,0.0,0.022603439607510628,0.00565413969402248
p276_NCI,2.066881591728142e-07,27.405322111563738,0.0,0.00043134694558060865,9.1243135e-05,0.30835748665874874,0.07722001918485798
p276_MASS,2.5791336959988393e-14,60.03471203712829,0.0,0.0007579403036998918,0.00014898181,0.07568154172982418,0.01914711596078504
p276_SASA,3.0565037535299152e-12,50.05930682405871,0.0,0.0007579403036998918,0.00014898181,0.07568154172982418,0.01914711596078504
p276_PKB,3.435731967837428e-14,59.43176538072646,0.0002083437709100683,0.0010934968063657225,0.0,0.5017760912903864,0.12576948296691554
p277_H2,8.37284846003813e-10,38.51636685763335,0.0,0.00019926681398359767,6.923497e-07,0.2970623910396925,0.07431558755084786
p277_P1,1.550704589658377e-11,46.69842402881526,0.0,2.2888701682563746e-05,2.7885783e-06,0.10529368758206471,0.026329841215508222
p277_NCI,0.03848903379748276,4.296238925482392,1.0145733420357668e-05,0.00010808240266154412,3.762137e-08,0.0488755860675542,0.012248462956251307
p277_MASS,5.198900357806266e-36,172.03548126995562,0.0,0.0007495047767349633,8.930892e-08,0.002701303423937325,0.0008627243773979148
p277_SASA,4.1093671208610704e-24,108.9183969061672,0.0,0.00039326069968411505,1.3578256e-06,0.026779713847767846,0.006793583093254875
p277_PKB,1.9909564775008747e-63,333.8529436099296,0.0,5.5946845446654216e-05,4.1919993e-06,0.0581300219183593,0.014547540190782405
p278_H2,0.1469537155895713,2.1073260374222733,0.0,0.0,0.0,0.0,0.0
p278_P1,2.170516893745519e-06,22.741167618029145,0.0,5.0268495010978e-05,2.236333e-05,0.09895657573500535,0.02475730189014715
p278_NCI,2.325283046216317e-18,79.87379823264607,0.0,0.00010544187419873694,8.3865245e-08,0.1416220090904837,0.03543188370748196
p278_MASS,0.33257480572336384,0.939886989188576,0.0,0.0,0.0,0.0,0.0
p278_SASA,0.5279949492140883,0.3985673457749994,0.0,0.0,0.0,0.0,0.0
p278_PKB,5.2859829267502435e-21,93.10031485542936,0.00026097619920279,1.0701284311658492e-05,0.00014334124,0.01015715135913912,0.0026430425206361457
p279_H2,6.279075892297216e-31,144.57108172785783,0.0,7.532489633591749e-05,0.0,0.2532046186631206,0.06331998588986414
p279_P1,2.8960045730478706e-24,109.6987036489771,0.0,2.2467469500394847e-05,0.0,0.059851637441296075,0.014968526227699118
p279_NCI,4.2161841124955464e-39,189.11381768330023,5.583102382781133e-05,5.451418034520023e-05,2.3412824e-05,0.27942865479184437,0.06989060320495272
p279_MASS,3.1131436830508695e-32,151.54966417890358,0.015815206024567006,0.011165699838106677,0.011493305,0.03009259729286397,0.01714170197497512
p279_SASA,0.20703931524116984,1.594369821834074,0.0,0.0,0.0,0.0,0.0
p279_PKB,5.917907465435307e-32,150.0533272518318,0.001135402159887767,0.0006822089281553114,0.00017120151,0.08008821289549996,0.02051925637271778
p280_H2,8.354114486883942e-72,388.18993836856936,0.0,0.0001280526315475524,5.1288625e-05,0.1720589227805476,0.0430595660093738
p280_P1,3.2471314691695077e-103,614.7674624983691,0.0006260670689838422,0.0001847026205748186,4.0036273e-05,0.01415242029658294,0.0037508065648544503
p280_NCI,1.8242290247806192e-63,334.09390582604794,0.0,8.141209851999651e-05,0.00012293165,0.13375790947323432,0.03349056330666715
p280_MASS,1.0395998238580221e-63,335.64436580691665,0.0,1.3444951454294471e-05,0.0,0.12491849170705012,0.031232984164626103
p280_SASA,4.478526903229004e-69,370.2217462702646,0.0,0.00017350026105070014,2.2966367e-06,0.04358728244057314,0.010940769834579499
p280_PKB,6.398420977917973e-38,182.55405137789148,0.0,2.5223408395983073e-05,1.3991061e-07,0.003935393309186406,0.0009901891570483715
p281_H2,2.100650555246664e-34,163.2716835617444,0.0,7.10377197148934e-05,9.071897e-07,0.010757946097285007,0.0027074727516752596
p281_P1,8.41723521003916e-69,368.43191752314334,0.0,0.00013584594588447586,4.639715e-07,0.058733477865259474,0.014717446945661737
p281_NCI,0.6578914319942843,0.19622915098971577,0.0,0.0,0.0,0.0,0.0
p281_MASS,0.044801882842192164,4.037669332155963,0.00010066311511527439,0.00013946710787277262,2.409096e-05,0.1175630210325612,0.029456810553740817
p281_SASA,0.009754905127037378,6.7085161736537,0.00010066311511527439,0.00013946710787277262,2.409096e-05,0.1175630210325612,0.029456810553740817
p281_PKB,0.14607610094133264,2.116518351256517,0.0,0.0,0.0,0.0,0.0
p282_H2,6.451828775997334e-09,34.37049896564363,0.0,0.0003553515673889476,0.00014866848,0.05400289316530076,0.013626728302616775
p282_P1,1.8237218375286108e-11,46.36373434479919,0.0,0.00022262102024911106,6.561861e-06,0.12043430313710941,0.0301658715045966
p282_NCI,6.365975422220929e-33,155.2568989515352,0.0,0.0001606575541820214,0.00011984288,0.05103317890434193,0.012828419834615945
p282_MASS,0.959609947194058,0.0025661896067704034,0.0,0.0,0.0,0.0,0.0
p282_SASA,0.2835224558139999,1.1515419340797135,0.0,0.0,0.0,0.0,0.0
p282_PKB,0.2588629058562976,1.276486756152366,0.0,0.0,0.0,0.0,0.0
p283_H2,9.699606382730688e-44,215.27979042602377,0.0,3.189352925044289e-07,0.0,0.097708530549775,0.02442721237126688
p283_P1,3.2485814248359924e-14,59.54949160167077,0.0,2.950873857687093e-05,0.0,0.018068726299480236,0.004524558759514277
p283_NCI,4.87209634240575e-09,34.93888584796883,0.000299273653538701,3.75595300618093e-05,0.0,0.23272752434466448,0.05826608938206625
p283_MASS,2.090948399034654e-35,168.72910241938513,7.715332569323722e-05,1.3163479691131781e-05,0.0,0.10142568771896274,0.025379001131086775
p283_SASA,6.453311665717823e-16,67.83136841096812,0.0,1.8525336764443302e-06,0.0,0.15162377135959185,0.03790640597331707
p283_PKB,2.321109845258509e-23,105.0675403746385,6.0095260447147024e-05,4.0157036736028745e-07,0.0,0.2588554354034948,0.06472898305857733
p284_H2,1.7822917936849496e-65,346.9155726016291,0.0,6.944450162233539e-05,0.00039761796,0.1070454274800894,0.02687812248487483
p284_P1,1.7651390361216402e-28,131.60641038665602,0.0,0.00011297476518780981,7.214486e-07,0.07386227196520743,0.018493992044748914
p284_NCI,5.243978118211987e-09,34.78995955456318,0.0,5.635397415502843e-05,1.125447e-05,0.04719622250397745,0.011815957737117373
p284_MASS,0.14134378402752124,2.167183821047993,0.0,0.0,0.0,0.0,0.0
p284_SASA,0.9655846070256435,0.0018627022507060958,0.0,0.0,0.0,0.0,0.0
p284_PKB,9.27751359543626e-14,57.34696933631338,0.0,1.80878239049268e-05,0.0022410615,0.009094532576759417,0.002838420483849231
p285_H2,2.9267311824914046e-77,424.89419596486306,0.0,2.6426348245148136e-05,0.0,0.11889039236182207,0.029729204677516805
p285_P1,7.787584787024111e-73,395.04212219656023,0.0,2.0706730881889568e-05,0.0,0.0645687002837756,0.016147351753664375
p285_NCI,7.287156694686749e-22,97.4502342066033,0.0,1.3913697027157053e-06,0.0,0.02287814879877843,0.0057198850421202865
p285_MASS,6.701336098770018e-47,233.48660455683793,0.0,3.018517359552474e-07,3.0417908e-08,0.07206711112515651,0.018016860848700165
p285_SASA,1.9358778009914754e-69,372.6048824045995,0.0,5.442247692077562e-06,0.0,0.08259557007382602,0.020650253080379526
p285_PKB,1.2057219881828372e-38,186.57455988476914,0.0,4.810205709527299e-06,0.0,0.11689328705247268,0.02922452431454555
p286_H2,2.345409749104585e-132,861.3457773189851,0.027642504313855003,0.0279065346404411,0.0075607966,0.5433636705705914,0.1516183765237301
p286_P1,1.1493545886562582e-146,997.014232480827,0.0,0.010287182325599208,1.8572957e-08,0.1390699580792002,0.03733928974443898
p286_NCI,7.738325460910466e-43,210.14064268257934,0.0,0.0002199704264933293,5.811156e-06,0.41796601285387935,0.10454794860907207
p286_MASS,0.003643877984636042,8.499109086668762,0.0,0.00015672421116087897,7.4326206e-05,0.020037002405360334,0.005067013205688175
p286_SASA,1.4021612183108336e-37,180.66952130828741,0.0,4.6012846339050884e-05,5.3601734e-06,0.09490537235848118,0.02373918634455956
p286_PKB,2.8670118025686977e-52,265.12698601284444,0.0,1.4183497775640829e-05,1.0357769e-05,0.09451955041429393,0.02363602292016432
p287_H2,8.44958729806998e-06,20.071402346950237,0.0,5.3294191933878514e-05,4.890148e-06,0.33652382714168955,0.08414550287038595
p287_P1,1.1129734343400153e-23,106.70033847735448,0.0,6.855560139198326e-05,9.5142167e-07,0.14939188487555233,0.03736534797465322
p287_NCI,2.972826586719842e-36,173.36638252773002,0.0,4.265458066332672e-05,4.877099e-07,0.3329663926201884,0.08325238372768372
p287_MASS,0.1454417472477428,2.1232016216847307,0.0,0.0,0.0,0.0,0.0
p287_SASA,3.834938638205914e-05,17.126510336800244,0.0,2.6887633434191596e-05,1.8038883e-05,0.04009897696945546,0.010035975871560954
p287_PKB,4.598524461856816e-12,49.21243846876034,0.0,7.388813402679298e-05,1.8461593e-05,0.14442120024402225,0.03612838749272343
p288_H2,2.7506908395244455e-07,26.835628640903597,0.0,9.299488938352337e-06,1.704292e-08,0.21922431734919284,0.05480840847026279
p288_P1,0.006092221971826857,7.5595860824243655,0.0,1.6433030209551518e-05,0.0,0.08984307702512845,0.0224648775138345
p288_NCI,4.609129687032684e-56,288.03777688796123,0.0,2.0821497166079467e-06,0.0,0.16302666119822645,0.04075718583698577
p288_MASS,0.24663504991759466,1.3440626548387022,0.0,0.0,0.0,0.0,0.0
p288_SASA,0.06658565498701097,3.3736556037896155,0.0,4.8571007238043796e-06,0.0,0.06168186635288671,0.015421680863402627
p288_PKB,0.7387654595258859,0.11128532112859475,0.0,0.0,0.0,0.0,0.0
p289_H2,0.7123642732380573,0.13601516959296853,0.0,0.0,0.0,0.0,0.0
p289_P1,0.14761875640628758,2.100401481862497,0.0,0.0,0.0,0.0,0.0
p289_NCI,1.35685287553438e-11,46.97415581852512,0.001181287488419983,1.2290189207997515e-05,0.00045849918,0.26067361204681055,0.0655814222270792
p289_MASS,6.678959482600626e-49,245.17623745340433,0.0,1.4134329805657472e-05,7.82241e-07,0.0846082462432915,0.021155790703521395
p289_SASA,3.945317032184407e-39,189.2744961271778,0.0,7.034819037628716e-05,0.0,0.06415138697643828,0.01605543379170364
p289_PKB,8.302996888901034e-56,286.47954269152535,2.3981988848272088e-05,9.527035114177511e-05,6.9238666e-07,0.3531869306912838,0.08832671885448436
p290_H2,1.6114670526536385e-09,37.18374073999343,0.0,5.6970635106300774e-05,9.658888e-05,0.17029103848485622,0.0426111495007469
p290_P1,0.4520861758513909,0.5659222804581523,0.0,0.0,0.0,0.0,0.0
p290_NCI,3.47087155074434e-19,83.98509088979846,9.235460429943046e-05,9.983736453500365e-05,6.8918807e-06,0.23667790866312707,0.059219248128172905
p290_MASS,1.9610219204090263e-18,80.2412550329756,0.0,4.130961820766025e-06,2.5404258e-08,0.07264031500761872,0.018161117843424435
p290_SASA,4.805224736966355e-26,118.88808674809628,0.0,0.00010175719409128011,2.1757927e-07,0.08038468675298725,0.020121665381587172
p290_PKB,1.962475124976017e-21,95.27278035244971,0.0,5.8741689689424365e-06,6.3544144e-07,0.013480585512201857,0.0033717737806522336
p291_H2,0.40175772367926366,0.703743709004854,0.0,0.0,0.0,0.0,0.0
p291_P1,2.122327107873872e-07,27.352525541378597,0.0,1.4587617511278139e-06,0.0,0.07265146319901887,0.0181632304901925
p291_NCI,1.819324690772448e-10,41.63502287811942,0.0,3.4588866228044356e-07,0.0,0.18741015017111523,0.046852624014944375
p291_MASS,1.4791873307942583e-15,66.07097115316888,0.0,2.105796569513511e-06,0.0,0.07039174933972414,0.017598463784073412
p291_SASA,4.474382805392497e-16,68.60984958943648,0.0,2.105796569513511e-06,0.0,0.07039174933972414,0.017598463784073412
p291_PKB,1.0215488969053306e-17,76.68848149508575,0.0,0.00012134996966286321,0.0,0.47667731949728853,0.11919966736673784
p292_H2,0.3027584561768414,1.063256929723764,0.0,0.0,0.0,0.0,0.0
p292_P1,0.22407328823289718,1.4801872915663603,0.0,0.0,0.0,0.0,0.0
p292_NCI,0.30771224610623404,1.0416839815927779,0.0,0.0,0.0,0.0,0.0
p292_MASS,0.015787903270658436,5.849135455813301,0.00010844797985757943,0.0007433737872147483,2.9777564e-06,0.07952934472072065,0.02009603606103995
p292_SASA,0.033451644266844716,4.536818884559278,0.0,0.0009204214604804146,0.0,0.012709422809207211,0.0034074610674219067
p292_PKB,0.016004151611967256,5.825036238633688,0.0038542565251779887,0.004663908517359938,0.005698695,0.8255481249353291,0.2099412462063478
p293_H2,1.9855016832652485e-18,80.21449330651343,0.0,7.097039532416217e-05,1.21034365e-08,0.08858923925814927,0.022165055439227477
p293_P1,8.234218273176034e-14,57.59702839607024,0.0011065763201955185,0.000985994164264578,0.0015549511,0.023288213513070106,0.0067339337673173495
p293_NCI,3.4437863270187344e-13,54.603351517748145,0.0,1.6570453098808648e-06,9.794859e-06,0.1437410964734234,0.0359381370943508
p293_MASS,7.756895977024096e-29,133.48603615519093,0.0,7.741524531690858e-06,0.0,0.03432814808114122,0.008583972401418227
p293_SASA,3.710252071542476e-33,156.5210079196123,0.0,4.492837118833781e-05,0.005330152,0.05624734436300718,0.01540560615312321
p293_PKB,1.0838344512424971e-32,154.01250324510116,0.0,1.8617655515220177e-05,0.0,0.12748997035593004,0.03187714700286132
p294_H2,3.9293094340870277e-51,258.35097416011456,0.0,3.36880328598848e-05,1.8599165e-07,0.2191057645659728,0.05478490964762125
p294_P1,1.325539426348431e-50,255.2174982364396,0.0,3.1754804376028147e-06,0.0,0.07399553451242631,0.018499677498215978
p294_NCI,3.1074988808236533e-19,84.22474589533907,0.0,9.069954191502823e-06,2.5184062e-07,0.057297528557034225,0.014326712587960855
p294_MASS,5.414530916021469e-48,239.85252880925268,0.0,4.435727417992958e-05,0.0,0.1264461573829651,0.03162262866428626
p294_SASA,4.9304936810675223e-48,240.09020890800136,0.0,4.435727417992958e-05,0.0,0.1264461573829651,0.03162262866428626
p294_PKB,1.0303938567864372e-13,57.12708598143042,0.0,4.561369699930696e-05,0.0002697354,0.012317356739874358,0.0031581764608730576
p295_H2,3.759684678126805e-10,40.150092064435675,0.0,6.795984932548306e-06,0.0,0.09497976275038081,0.023746639683828338
p295_P1,0.0002279079603637318,13.699653920656628,1.907211165187123e-06,1.1234056895220742e-06,0.0,0.10910138908286705,0.02727610492493044
p295_NCI,2.3652404879417364e-68,365.50684141947283,0.0474170518391521,1.2512504401066458e-05,0.00443663,0.2643105020369351,0.07904417405120716
p295_MASS,6.583897209810218e-131,848.1764372154669,0.0,1.2508377781943712e-06,0.0,0.10186240524972497,0.02546591402187579
p295_SASA,9.499584791146813e-103,611.122467817241,0.0,5.251108246822118e-05,0.0,0.04900957113874212,0.012265520555302584
p295_PKB,0.00962873058506854,6.731917294961938,0.0,1.1044262856761817e-06,0.0,0.17684745624442635,0.04421214016767801
p296_H2,0.7187533163269211,0.12977409640253437,0.0,0.0,0.0,0.0,0.0
p296_P1,0.7726312146310719,0.0835350675066132,0.0,0.0,0.0,0.0,0.0
p296_NCI,0.7224845065349726,0.12620580570056109,0.0,0.0,0.0,0.0,0.0
p296_MASS,0.783595048718372,0.07547191191578409,0.0,0.0,0.0,0.0,0.0
p296_SASA,0.8173819418613073,0.05335318489639825,0.0,0.0,0.0,0.0,0.0
p296_PKB,0.9321285427079413,0.007257611709855723,0.0,0.0,0.0,0.0,0.0
p297_H2,2.492624598428408e-15,64.9654940455975,0.0,1.3755851895697112e-05,0.0004645511,0.15878777804071573,0.03981652124630064
p297_P1,1.7550662956762098e-15,65.70852193634539,0.0,1.1350914445966504e-05,0.0,0.005860091729860012,0.0014678606610764946
p297_NCI,3.261729313915117e-05,17.440240500615033,0.0,0.00015207805515752757,5.2544688e-06,0.1507574655051743,0.03772869950727309
p297_MASS,2.0943119362833264e-07,27.379026790308025,0.0,8.20012778672473e-05,0.0,0.0010508198967459155,0.0002832052936532907
p297_SASA,1.7960098805006757e-11,46.39532816776761,0.0,6.629047852209313e-05,0.0,0.03834828788084068,0.009603644589840693
p297_PKB,0.023158469031019792,5.17476683323022,0.0,0.00014281991483050898,1.2228606e-06,0.1970214351961058,0.049291369492895705
p298_H2,7.571666332090405e-28,128.28664386778016,0.0,0.00016488765237027324,0.00033684963,0.1616065740095754,0.04052707782185022
p298_P1,1.9623941822400898e-33,158.0144765329593,0.0,0.00032135916829344776,0.0,0.041167719489600844,0.010372269664473573
p298_NCI,2.289687947981244e-38,185.0277374342785,0.0,2.7855383473347813e-05,0.0,0.04519644398952198,0.011306074843248833
p298_MASS,0.00010160455440425213,15.246586012082231,6.103138359807077e-05,1.3812321697966625e-05,0.00016049742,0.021913369856578067,0.005537177746487604
p298_SASA,1.7728225748625373e-11,46.42214158812096,2.676086856055355e-06,7.160875981261527e-05,0.0,0.007671193223470442,0.0019363695175347783
p298_PKB,0.0040719497548871554,8.295234908510448,0.0,8.073556997366106e-05,5.0344843e-05,0.06767656192889049,0.016951910585403043
p299_H2,2.1524296281698418e-21,95.06998435116938,3.457966777018482e-06,0.0020373189330116642,2.5142686e-05,0.04987190517028715,0.012984456189107514
p299_P1,1.5084122948320764e-62,328.28717047065743,0.0,0.002274124595066453,0.0,0.03677695906276774,0.009762770914458548
p299_NCI,4.985716637806416e-57,293.94500460257547,0.0,4.97927457880678e-05,7.356401e-08,0.052198668812712394,0.013062133780627615
p299_MASS,0.002589979056435814,9.128385629039908,0.0,6.207765050536765e-06,2.2597993e-07,0.006411207259566603,0.001604410251137199
p299_SASA,0.25580977909030683,1.2929855172743816,0.0,0.0,0.0,0.0,0.0
p299_PKB,1.190932409301927e-55,285.52563726120803,0.0,9.884024732820364e-06,0.00010334763,0.1641913940969184,0.04107615643771088
p300_H2,4.258770056112049e-58,300.51484686896964,0.0,1.9823893142375117e-06,1.4565482e-07,0.012952087083296964,0.003238553781858629
p300_P1,4.6410737190847603e-20,88.35595520634276,0.0,6.166505251858292e-05,3.272974e-05,0.020508114660611095,0.005150627362894955
p300_NCI,7.81073878695344e-08,29.350404562793543,0.0,7.519704410017327e-06,1.6820368e-06,0.10376802550231672,0.025944306810877147
p300_MASS,1.9859378690623562e-54,278.1112345848793,0.0,4.621940904425864e-05,0.0,0.033515864305350855,0.008390520928598778
p300_SASA,4.180590824331342e-64,338.16039649103277,0.0,2.2300713328002793e-05,0.0,0.05359577850260851,0.013404519803984128
p300_PKB,6.176535106020285e-45,222.13328670518484,0.0,1.07018426894287e-05,0.0,0.3168874484674188,0.07922453757752705
p301_H2,3.2082928494321918e-18,79.1799899115926,0.0,6.029701532930798e-05,2.0669402e-08,0.07063124445268454,0.01767289053435401
p301_P1,8.056790707963423e-18,77.1985577479376,0.0,6.7066437429309374e-06,0.0,0.0013217026755629677,0.00033210232982647464
p301_NCI,1.7832705822889483e-07,27.699796289737623,0.0,1.4919451289954075e-05,0.0,0.005773170369985045,0.0014470224553187498
p301_MASS,1.856545816522144e-45,225.13851739804866,0.0,4.584455009179185e-06,4.21727e-05,0.04959056584134944,0.012409330749538783
p301_SASA,1.0373227284193408e-40,198.11715932440458,0.0,1.2437783556128675e-05,0.0,0.04676320415396204,0.011693910484379542
p301_PKB,4.80830504698225e-39,188.79589349048464,0.0,7.603972701548286e-05,0.0,0.12358166860469202,0.03091442708292688
p302_H2,3.0691343160817496e-31,146.22940760077702,0.0,3.3081038429107555e-08,7.37602e-08,0.03433905541743416,0.008584790564667634
p302_P1,2.234127250700223e-32,152.32343478789082,0.0,3.3081038429107555e-08,7.37602e-08,0.03433905541743416,0.008584790564667634
p302_NCI,8.381530079296134e-53,268.32453399583375,0.0,1.7726711318197007e-06,0.0,0.037863501821313296,0.00946631862311128
p302_MASS,0.06835834532493976,3.33022622763964,0.0,7.163449694465421e-07,2.6413997e-07,0.01609398604381577,0.00402374163218889
p302_SASA,5.485715448334644e-13,53.6319143232807,0.0,2.1769383227868823e-05,0.0,0.010166355445898525,0.0025470312072815985
p302_PKB,1.0850408985100794e-52,267.65253087079145,0.0,6.335961043604598e-07,0.0,0.12066485565844923,0.030166372313638397
p303_H2,0.3001640415449189,1.074738249459824,0.0,0.0,0.0,0.0,0.0
p303_P1,0.928095753211847,0.008148119537729237,0.0,0.0,0.0,0.0,0.0
p303_NCI,0.1732848351718007,1.8573218618289067,0.0,0.0,0.0,0.0,0.0
p303_MASS,0.18569657816575094,1.7541908392592098,0.0,0.0,0.0,0.0,0.0
p303_SASA,0.22806152893473314,1.4549490537811898,0.0,0.0,0.0,0.0,0.0
p303_PKB,0.17882152237685162,1.810293987787275,0.0,0.0,0.0,0.0,0.0
p304_H2,2.8068529797268684e-34,162.5882543058979,0.0,3.586756827988643e-05,2.5732525e-06,0.2040844725973381,0.05103072835451928
p304_P1,0.29302769568546083,1.106989840705628,0.0,0.0,0.0,0.0,0.0
p304_NCI,0.9556174705866195,0.003099140105618876,0.0,0.0,0.0,0.0,0.0
p304_MASS,1.932701975451205e-43,213.57093784006008,0.0,3.1592864370598716e-05,1.5957967e-06,0.0017858033526368384,0.00045474800342067096
p304_SASA,1.87618515473089e-45,225.11217263058336,0.0,3.1592864370598716e-05,1.5957967e-06,0.0017858033526368384,0.00045474800342067096
p304_PKB,4.5184021632916036e-30,140.01370702127517,0.0,4.613171470674826e-05,0.0,0.03841334200068751,0.009614868428848565
p305_H2,0.009161952726454241,6.8213119101349,0.0,1.216862330398079e-05,0.0,0.05334395388595821,0.013339030627315547
p305_P1,0.0010101335015651378,10.882184858460343,0.0,3.5623708430395876e-05,3.978622e-05,0.031291828933065056,0.007841809715484082
p305_NCI,0.0006196078341934331,11.801696215209402,6.746630184566243e-06,2.6890156286791358e-05,0.0,0.19070323464218716,0.04768421785716463
p305_MASS,6.0747131857026416e-05,16.237208798735573,0.00010051096266862263,4.965764160865867e-06,0.0,0.02012214731489971,0.0050569060104323
p305_SASA,0.0003694932989509231,12.78015002409434,0.00010051096266862263,4.965764160865867e-06,0.0,0.02012214731489971,0.0050569060104323
p305_PKB,0.7662138020945475,0.08846073774719225,0.0,0.0,0.0,0.0,0.0
p306_H2,0.9348846260015048,0.006678864920853906,0.0,0.0,0.0,0.0,0.0
p306_P1,0.934884626009065,0.006678864919447526,0.0,0.0,0.0,0.0,0.0
p306_NCI,0.9348846260071749,0.006678864919770696,0.0,0.0,0.0,0.0,0.0
p306_MASS,0.9348846260114275,0.006678864918826133,0.0,0.0,0.0,0.0,0.0
p306_SASA,0.9348846260142625,0.006678864918286632,0.0,0.0,0.0,0.0,0.0
p306_PKB,0.9348846259136186,0.006678864938970181,0.0,0.0,0.0,0.0,0.0
p307_H2,1.948482936183604e-16,70.37980252991406,0.0,0.00013676943037628975,4.47006e-06,0.09510295472146162,0.02381104855297156
p307_P1,4.736879760067423e-07,25.754303093230575,0.0,3.284675331847028e-06,0.0,0.043181122635730144,0.010796101827765497
p307_NCI,1.1714658248838736e-56,291.67243060884834,0.0,4.00772342624311e-05,4.151062e-07,0.32600787797475317,0.08151209257880392
p307_MASS,3.403284370184939e-05,17.357878075154577,0.0,1.9781709169342437e-05,0.0,0.050077600816380706,0.012524345631387513
p307_SASA,2.0054616575136372e-10,41.435543019942955,0.0,6.017614695152816e-05,0.0,0.034289831619518325,0.008587501941617464
p307_PKB,2.156188368278964e-35,168.65623314362625,0.00015050618082770517,1.6577056111563574e-05,0.0,0.12447052301644372,0.03115940156334575
p308_H2,0.0376692623712484,4.333055980197739,0.0,3.197892828494446e-05,8.019534e-05,0.032098559993890205,0.008052683566266051
p308_P1,0.5890682090655424,0.2920172921413298,0.0,0.0,0.0,0.0,0.0
p308_NCI,0.05870474337672431,3.5829625714793636,0.0,5.545427613016004e-06,7.900832e-06,0.06915551051271987,0.017292239193162095
p308_MASS,0.3350798445076514,0.9301907097095663,0.0,0.0,0.0,0.0,0.0
p308_SASA,0.1776357272220993,1.8202231290771076,0.0,0.0,0.0,0.0,0.0
p308_PKB,0.016812019077636117,5.737889050446601,0.0,1.8403788953926417e-06,7.347364e-08,0.04498097442245553,0.011245722068748522
p309_H2,4.233817171932003e-06,21.426158010913138,0.0,7.778031666103837e-06,1.5510328e-05,0.10138396428862775,0.025351813162076506
p309_P1,3.7861126513619663e-06,21.645788144958857,0.0,6.483014032156138e-06,0.0,0.052503135733895125,0.013127404686981821
p309_NCI,0.7412357588160876,0.1091126104111012,0.0,0.0,0.0,0.0,0.0
p309_MASS,0.0003672265310742141,12.791831299649447,3.8129651677701284e-05,1.1320056012000825e-05,6.2825548e-06,0.022238229762302816,0.005573490506185683
p309_SASA,0.00014291874015461703,14.591868086730424,0.0,3.1905689514529938e-06,0.0,0.03384390101993891,0.00846177289722259
p309_PKB,0.09123042302345095,2.8588173193023794,0.0,0.0,0.0,0.0,0.0
p310_H2,1.6718587917010061e-06,23.256214699498994,0.0,4.7645426792859367e-07,0.0,0.2037100336170159,0.050927627517820956
p310_P1,0.0002196711272869721,13.769887320398633,0.0,7.222186349097546e-07,0.0,0.08424795572706123,0.021062169486424035
p310_NCI,5.586459548684077e-07,25.426653029107,0.0,0.0,0.0,0.0424592091875649,0.010614802296891225
p310_MASS,2.6715335619528467e-07,26.89379661224347,0.0,1.925078217135342e-06,0.0,0.004227351175349017,0.0010573190633915383
p310_SASA,3.161564883600862e-07,26.558406075061637,0.0,1.925078217135342e-06,0.0,0.004227351175349017,0.0010573190633915383
p310_PKB,2.1023189696217568e-06,22.80412042106392,0.0,4.7645426792859367e-07,0.0,0.2037100336170159,0.050927627517820956
p311_H2,2.649211242936252e-07,26.91051314906739,0.0,9.355313890527249e-07,0.0,0.10503912187314488,0.02626001435113348
p311_P1,0.008256678149200095,7.008844605006105,0.0,4.852472688853613e-06,0.0,0.03964714808777874,0.009913000140116899
p311_NCI,0.00043806738697614784,12.457301097777624,0.0,1.2239609420885469e-05,0.0,0.06701422329658871,0.0167566157265024
p311_MASS,7.221971853706614e-28,128.39426109848682,0.0,4.84778147617481e-07,0.0,0.014792593442508955,0.003698269555164143
p311_SASA,0.8992536711994985,0.01603793269111517,0.0,0.0,0.0,0.0,0.0
p311_PKB,9.186760709270992e-06,19.907793033515254,0.0,1.2239609420885469e-05,0.0,0.06701422329658871,0.0167566157265024
p312_H2,7.157999554593901e-06,20.396121467602228,0.0,1.7823587028945275e-05,0.0,0.1486858528691576,0.037175919114046635
p312_P1,0.0904279454940039,2.8730834323669487,0.0,0.0,0.0,0.0,0.0
p312_NCI,0.6933865328035435,0.15554635396651056,0.0,0.0,0.0,0.0,0.0
p312_MASS,7.650584138309263e-13,52.93866816267365,0.0,2.086864923447638e-05,0.0,0.0853100884244775,0.021332739268427995
p312_SASA,0.7464943759830568,0.1045663942995238,0.0,0.0,0.0,0.0,0.0
p312_PKB,0.08293885480844591,3.0132444601813395,0.0,0.0,0.0,0.0,0.0
p313_H2,0.0017554630863100852,9.849748195962308,0.0,2.9843526328545236e-06,8.693597e-08,0.01001225664859625,0.0025038319842996598
p313_P1,8.215355350854148e-06,20.126408845428497,0.0,2.54281784421177e-06,0.0,0.02592269145298696,0.006481308567707793
p313_NCI,0.001606151041924281,10.01525057805116,0.0,1.097266089467552e-06,0.0,0.09997496683175873,0.024994016024462048
p313_MASS,9.737556996270234e-05,15.32830171358569,0.0,3.857231345954006e-06,0.0,0.06966075176810142,0.017416152249861844
p313_SASA,0.0017663518920889392,9.838243628791593,0.0,1.097266089467552e-06,0.0,0.09997496683175873,0.024994016024462048
p313_PKB,0.20244436970895288,1.6270912990647906,0.0,0.0,0.0,0.0,0.0
p314_H2,1.469973437836716e-07,28.085567895981757,0.0,7.334253697335113e-07,2.5434476e-06,0.25458801279021803,0.06364782241580584
p314_P1,1.4364125358075718e-07,28.131704807582274,0.0,1.1276130512000396e-06,0.0,0.007555679690034061,0.0018892018257713153
p314_NCI,7.660523540982643e-13,52.93596363019615,0.0,2.2425089101437246e-06,0.0,0.009244907243927044,0.002311787438209297
p314_MASS,5.355829004424941e-10,39.427519708716794,0.0,2.104851859551055e-06,0.0,0.015228958128526449,0.0038077657450965
p314_SASA,9.841695940426722e-12,47.63766868921714,0.0,7.409880821340858e-07,0.0,0.009492855184952562,0.002373399043258674
p314_PKB,6.425328759843972e-09,34.37882464669121,0.0,3.7835078992930086e-07,1.201544e-06,0.0434894222724322,0.01087275054181138
p315_H2,5.498670471892895e-25,113.41250344058415,0.0,5.8454355488912715e-06,1.9860138e-06,0.20604534864184007,0.051513295022793594
p315_P1,7.512454410379573e-14,57.789377543666745,0.0,1.0327106301306524e-05,0.0,0.12397784581971293,0.030997043231503558
p315_NCI,2.2311721604597586e-10,41.21720654456536,0.0,2.0799513767197512e-05,4.2975816e-07,0.007799044512956572,0.001955068446220874
p315_MASS,5.566292853313924e-21,92.98717318193461,0.0,1.727558771092287e-05,0.0,0.11172144085940172,0.02793467911177816
p315_SASA,8.933648791484932e-18,76.97653912294813,0.0,1.727558771092287e-05,0.0,0.11172144085940172,0.02793467911177816
p315_PKB,0.0013126812503095543,10.391726991130758,0.0,1.9686521980928318e-06,0.0,0.015885487307090378,0.0039718639898221175
p316_H2,2.0867350560937557e-05,18.307677172911227,0.0,2.398830109427659e-08,0.0,0.020631720827928957,0.005157936204057513
p316_P1,2.3969000981488335e-05,18.038264398072346,0.0,1.9686521980928318e-06,0.0,0.015885487307090378,0.0039718639898221175
p316_NCI,1.815426400997056e-05,18.578716670598407,0.0,1.9686521980928318e-06,0.0,0.015885487307090378,0.0039718639898221175
p316_MASS,1.8310985991048332e-05,18.56198198141209,0.0,1.9686521980928318e-06,0.0,0.015885487307090378,0.0039718639898221175
p316_SASA,1.862384444416654e-05,18.529002091111895,0.0,1.9686521980928318e-06,0.0,0.015885487307090378,0.0039718639898221175
p316_PKB,1.9017196566126197e-05,18.488319608155287,0.0,1.9686521980928318e-06,0.0,0.015885487307090378,0.0039718639898221175
p317_H2,2.570543225630712e-38,184.74892704935763,0.0,7.437159331627893e-06,5.755009e-07,0.12003066182435071,0.030009668621146984
p317_P1,3.314527314133433e-31,146.0510763083719,3.3050908817707875e-05,1.0358728256117614e-06,0.0,0.05727880821088643,0.014328223748132437
p317_NCI,0.7642211274725703,0.09002146883448366,0.0,0.0,0.0,0.0,0.0
p317_MASS,6.812287212232544e-11,43.65023376322831,0.0,8.91166389605092e-06,0.0,0.012085183286082504,0.003023523737494639
p317_SASA,1.1979286733874815e-05,19.38921041187379,0.0,2.4572978366090055e-05,0.0,0.01582028736005283,0.00396121508460473
p317_PKB,1.0608823152879685e-06,24.15534335074257,0.0,3.3963435485024154e-05,0.0,0.00953090238422754,0.002391216454928141
p318_H2,2.0635252616219387e-08,32.02385574792297,0.0,4.0395150576692095e-05,1.1150962e-05,0.19013510158619498,0.04754666192460654
p318_P1,2.995466121635806e-07,26.665851522170108,0.0,1.1255360883185036e-05,8.364775e-08,0.017903955055884397,0.004478823516128967
p318_NCI,0.0745015634370583,3.188559722472057,0.0,3.2991665167902925e-05,9.535699e-08,0.22037653505946592,0.055102405520405476
p318_MASS,4.6926127144037275e-09,35.0148967217101,0.0,1.4612122600198e-06,5.9463015e-05,0.07408985850338891,0.018537695682567846
p318_SASA,4.964410885796681e-06,21.113571421460158,0.0,3.107771455965463e-06,3.042771e-07,0.03607571512370251,0.009019781793066717
p318_PKB,1.4554809767348243e-10,42.09220083894179,0.0,6.498013524763679e-06,0.0,0.3372529591997012,0.0843148643033065
p319_H2,4.853911433434686e-67,356.9923989694467,0.0014717947233703484,1.4142112239235451e-05,0.00030005112,0.08882651862564471,0.022653126645457454
p319_P1,6.202907778644209e-57,293.3634655074258,0.0006744115017962969,0.0006707783761012062,0.0,0.07186266004526091,0.018301962480789604
p319_NCI,0.1507484185106565,2.0682818155452436,0.0,0.0,0.0,0.0,0.0
p319_MASS,0.0013482791963999026,10.341737309026307,0.0002026457763519685,2.052322188315187e-05,9.786237e-06,0.09432879918665626,0.023640438605387882
p319_SASA,0.0006165958266374027,11.810892218403378,0.0,6.265953569571745e-05,0.0,0.020458381398200085,0.0051302602334739504
p319_PKB,2.750149446229326e-31,146.48388754102626,0.0006611143898405073,5.141197070621839e-05,3.1197185e-05,0.18343984096086172,0.0460458911266791
p320_H2,3.712234811896025e-21,93.87458940209844,1.556782104679786e-05,4.850534045562406e-05,7.1264745e-05,0.04720809137587066,0.01183585732064375
p320_P1,6.575977270797053e-05,16.084236983975767,0.0,0.00011200563284712558,8.0769706e-07,0.12099240437788461,0.030276304426948685
p320_NCI,0.0005124046254919836,12.160591419005383,0.0,1.4272911316250424e-05,3.7152482e-08,0.08339707680425153,0.02085284671701244
p320_MASS,1.7091271547170565e-53,272.47216532780226,0.0,9.770180765829554e-05,0.0,0.09899717338296068,0.024773718797654744
p320_SASA,3.931099566467193e-40,194.8705686439027,0.0,8.842812496020782e-05,0.0,0.10505231597172306,0.026285186024170817
p320_PKB,1.1847967715553017e-10,42.51409739229645,1.911127222123731e-05,6.949356381088358e-05,2.1200838e-05,0.08868705257965209,0.022199214563443884
p321_H2,1.9435857211652544e-63,333.91928524848214,0.0,8.056474116468012e-05,6.369604e-07,0.09855769977501257,0.024659725369146304
p321_P1,3.192162887312554e-30,140.81452999575,0.0,0.00016588758247419516,3.7445102e-07,0.05177165192727062,0.012984478490191086
p321_NCI,3.242581112522742e-07,26.508039511560213,0.0,3.204784075724218e-05,2.7807454e-07,0.14086450991278598,0.03522420895702021
p321_MASS,3.4590041261216414e-55,282.71053539019675,0.0,2.6995201828307615e-05,0.0,0.019157546431975935,0.00479613540845106
p321_SASA,6.855722050426867e-56,286.98638551847534,0.0,3.080001500188126e-05,0.0,0.007669335573870144,0.0019250338972180063
p321_PKB,2.8300641078146968e-24,109.75008648066637,0.0,2.673480487605162e-06,0.0,0.22906692113250762,0.057267398653248806
p322_H2,5.1616388821411694e-11,44.220622515969936,0.0,0.00011758073220149979,1.2300276e-07,0.09732295708243578,0.024360165204350203
p322_P1,4.036840403221229e-05,17.027159266285114,0.0,0.00029446204908364,3.7087673e-06,0.1589293340454661,0.03980687621545765
p322_NCI,0.006069497615470574,7.566380384585439,0.0,1.8914707796469525e-05,2.6734364e-07,0.05209597298839915,0.013028788759958157
p322_MASS,0.2335164766432831,1.4212774327481574,0.0,0.0,0.0,0.0,0.0
p322_SASA,0.22217099718335906,1.492416068044842,0.0,0.0,0.0,0.0,0.0
p322_PKB,0.8136235857461376,0.055613471882273176,0.0,0.0,0.0,0.0,0.0
p323_H2,2.939083525941853e-39,189.98726627927383,0.0037461566158714502,0.0005977196915930169,0.0060164398,0.043597794367201764,0.013489527608226852
p323_P1,7.824828665861259e-31,144.0618010202757,0.0051568436983649105,0.0007687490804391331,1.9299312e-06,0.17764429413452607,0.04589295421112225
p323_NCI,7.050384121392837e-07,24.964844257679946,0.0,3.7048693438579305e-05,5.4275965e-08,0.27564990479369145,0.06892175194077377
p323_MASS,6.029738937961183e-41,199.44212059351034,0.0004594003216032512,0.000876487040594545,0.0028255,0.34459657374845576,0.08718949027214251
p323_SASA,8.375273892038202e-45,221.37326994598544,0.0004594003216032512,0.000876487040594545,0.0028255,0.34459657374845576,0.08718949027214251
p323_PKB,9.174387012237983e-30,138.38337268571064,0.0,1.0526368040515509e-05,1.5761033e-06,0.1966781859406893,0.049172572103000654
p324_H2,1.0986582441728575e-26,122.21878822204766,0.00030107795826793215,7.33373023959475e-05,0.00025897485,0.13358274558864788,0.03355403392417389
p324_P1,0.00035043333115555354,12.880710802400916,0.0002163968603065951,5.689476016313562e-05,7.729204e-07,0.23443393992914066,0.05867700111749586
p324_NCI,1.669020799083359e-16,70.70984882835972,0.000753304434577916,0.0014678397215725284,1.2487841e-08,0.18123708494609517,0.045864560397521646
p324_MASS,1.8654250843924427e-15,65.57931567151084,0.0,7.026631200664904e-06,0.0,0.06971666257395255,0.017430922301288305
p324_SASA,5.953240866935952e-13,53.46139647660319,0.0,3.004837170749592e-06,0.0,0.11582616990002989,0.02895729368430016
p324_PKB,0.6695431560661007,0.18226005795849964,0.0,0.0,0.0,0.0,0.0
p325_H2,0.0005090747866822111,12.172922481460402,0.0,5.564128007194731e-05,1.3027299e-06,0.1863885249647023,0.04661136724365767
p325_P1,2.586306175380092e-05,17.890512500413774,0.0,2.426406935273534e-05,3.8277598e-05,0.12797490450526164,0.03200936154313442
p325_NCI,0.0068332524692657146,7.351171886265306,0.00024000010709577732,0.0001802635931435664,1.5500345e-05,0.026754356481980903,0.006797530131904642
p325_MASS,0.0033797835291044715,8.637451407908868,0.0,0.00012510618130713154,3.0445512e-06,0.01063675959369414,0.002691227581562651
p325_SASA,0.24381650624604229,1.3602236492640252,0.0,0.0,0.0,0.0,0.0
p325_PKB,0.0007339174940055715,11.482523811984482,0.0,9.191604617394389e-05,2.8504917e-05,0.10920463767120826,0.02733126465866597
p326_H2,2.385200569123691e-12,50.57396804802803,0.0006522203690054542,0.00032336406242648616,0.00017494881,0.19975105493217207,0.050225397044569575
p326_P1,0.045881921316653675,3.997304567707107,0.0,1.1142257978331662e-05,0.0007052753,0.015258001031617714,0.003993604641684381
p326_NCI,8.794009919046329e-47,232.8011625681369,0.0,2.8804038377779857e-05,7.6054503e-06,0.02087910789741004,0.005228879346513014
p326_MASS,0.49385453502597254,0.46851033370241485,0.0,0.0,0.0,0.0,0.0
p326_SASA,0.4158157433518922,0.6627400798851416,0.0,0.0,0.0,0.0,0.0
p326_PKB,0.0007186831527201625,11.522030518018818,0.0006935032417114954,0.00018967856410879503,1.5770404e-06,0.12293732507156037,0.030955520979443513
p327_H2,2.1721225712899677e-22,100.11792218195438,0.0,0.0002400287303474481,0.0,0.23553179933184587,0.05894295701554833
p327_P1,0.0012394936888306292,10.498971386969215,0.00014114687249341783,4.763475422736983e-05,0.0,0.06186294958942118,0.015512932804035491
p327_NCI,4.7547502275644125e-06,21.198273316080353,0.0,7.763487020861969e-05,0.00023897039,0.19182774522709883,0.04803608762125862
p327_MASS,0.10274281280963855,2.668023968401061,0.0,0.0,0.0,0.0,0.0
p327_SASA,0.0003854896619524967,12.699719743402342,0.0,2.2571711757148104e-05,7.989391e-06,0.14571086406375267,0.03643535629155848
p327_PKB,0.0002763619027467673,13.332271494699764,0.0,4.088862878468298e-05,2.5275622e-08,0.0014770230664965407,0.00037948424272570485
p328_H2,3.74828005287513e-23,104.00448681181598,0.0,3.937314019736122e-06,0.0,0.012131597552012907,0.0030338837165081608
p328_P1,3.102426661437027e-06,22.03749502405071,0.0,3.734854912972707e-05,0.0004876899,0.02130332551062884,0.005457090987256879
p328_NCI,2.3644390356193065e-07,27.137138511877087,0.0,7.878064811334838e-05,0.0005635638,0.37013086088228686,0.09269330132734917
p328_MASS,0.00010847818437195195,15.12081977130096,0.00012660850089711532,7.647022311908266e-05,0.00083108473,0.062344376627162794,0.015844635021135558
p328_SASA,0.002848821312870992,8.952419937065008,0.00012660850089711532,7.647022311908266e-05,0.00083108473,0.062344376627162794,0.015844635021135558
p328_PKB,0.8128853055641092,0.05606329249058165,0.0,0.0,0.0,0.0,0.0
p329_H2,1.2773386732079006e-23,106.39412205826319,0.0,1.9556218369708875e-05,4.5540926e-08,0.026758795365078077,0.006694599281093371
p329_P1,1.3456501347058913e-05,19.16228512654505,0.0,2.905151847347292e-05,3.980233e-07,0.03846467808213121,0.009623531905976972
p329_NCI,0.00401940375832311,8.319052198226876,0.0,0.0002049448654936334,2.1956544e-06,0.22038354027814538,0.05514767019949989
p329_MASS,0.0003244581358236704,13.027040625375399,5.8336786869162315e-05,2.876612784258222e-05,3.8149224e-07,0.17482281229125748,0.04372757417455287
p329_SASA,0.007313621022671267,7.22808329358839,5.8336786869162315e-05,2.876612784258222e-05,3.8149224e-07,0.17482281229125748,0.04372757417455287
p329_PKB,0.643331983468842,0.2145596929592174,0.0,0.0,0.0,0.0,0.0
p330_H2,5.963158249790905e-24,108.0888870791027,0.00029575262675978083,6.60721428857756e-05,0.0006626158,0.18531207775066327,0.04658412958352235
p330_P1,2.4389481983305146e-07,27.075297651290377,0.0,0.0002527513264478079,4.367336e-08,0.08718268989029061,0.021858871222524615
p330_NCI,2.4817354091869375e-35,168.32279893121637,0.001112907515413247,0.0021836458584041855,2.0600824e-05,0.0949819883069402,0.024574785626296326
p330_MASS,1.1475336552378721e-17,76.43871484881589,0.00015189834988364018,0.0003456554674935448,3.5854603e-07,0.01184259530766843,0.0030851269177693975
p330_SASA,5.356597549978066e-15,63.34776115904145,0.00015189834988364018,0.0003456554674935448,3.5854603e-07,0.01184259530766843,0.0030851269177693975
p330_PKB,0.7013176967254344,0.14720117562763232,0.0,0.0,0.0,0.0,0.0
p331_H2,1.926477439058979e-20,90.27299329474347,0.0,4.926573408208549e-05,2.7077345e-05,0.1698145742657641,0.042472729336285035
p331_P1,1.4981337305739648e-07,28.04766438063252,0.0,9.230737864903163e-05,5.7363022e-06,0.05531519241686735,0.013853309024436067
p331_NCI,0.0018776618346735474,9.724607259015869,0.0,0.0002987595815856194,4.424217e-06,0.14691848077245975,0.03680541614275332
p331_MASS,2.770747013938453e-05,17.75675410666773,0.0,8.972871127481966e-05,1.077271e-05,0.013750636373237354,0.0034627844486490394
p331_SASA,6.163984653579574e-09,34.462829234288044,0.000697844440258676,0.00018619778153022566,6.704858e-05,0.06022383788040858,0.015293732171155124
p331_PKB,0.7163165103531253,0.1321348851168223,0.0,0.0,0.0,0.0,0.0
p332_H2,5.140660116706803e-34,161.16280618069905,0.0,8.417502171905781e-05,5.261163e-06,0.07644542389721373,0.019133715020507272
p332_P1,2.2145784001287707e-07,27.267678499838386,3.8162721369273714e-05,8.962082453637746e-05,7.2135954e-05,0.22524840473152022,0.05636208105781015
p332_NCI,0.39238171414902145,0.732272876846975,0.0,0.0,0.0,0.0,0.0
p332_MASS,1.9935681394864194e-09,36.75131312451024,0.0,1.7732717803162275e-05,3.2192256e-07,0.014012062623221952,0.0035075293158953204
p332_SASA,2.1653916586445276e-08,31.926826452708188,0.0,1.7732717803162275e-05,3.2192256e-07,0.014012062623221952,0.0035075293158953204
p332_PKB,0.22055070117873382,1.5029314299360095,0.0,0.0,0.0,0.0,0.0
p333_H2,2.9693698902365106e-07,26.683274893210456,0.0,0.00010693598081030368,2.3178041e-05,0.0397024299781431,0.0099581360000819
p333_P1,0.000224959992275733,13.724491596926699,0.0,5.60524600009134e-05,1.2246425e-05,0.11104358057988882,0.027777969866293786
p333_NCI,0.030536962968161586,4.694025292043297,0.0002045679461860414,1.2926886466370403e-05,1.6888105e-05,0.051416190945970656,0.012912643470947012
p333_MASS,0.03324133594301214,4.547673495177929,0.0005241259897030195,9.688013219882992e-06,5.3204525e-07,0.140702559655131,0.035309226425825666
p333_SASA,0.09745965349774065,2.7525197355604574,0.0,0.0,0.0,0.0,0.0
p333_PKB,0.02193622751854787,5.269640623640241,0.00018503345181193934,3.51440182694092e-05,4.662104e-06,0.053711535655936025,0.013484093807491179
p334_H2,0.5110236282881233,0.43232418082385415,0.0,0.0,0.0,0.0,0.0
p334_P1,0.010557179735701722,6.566626725384446,0.0,8.28528078469053e-05,3.0773375e-05,0.11088381580298717,0.027749360496540736
p334_NCI,0.10948595620552572,2.5668470047144436,0.0,0.0,0.0,0.0,0.0
p334_MASS,0.018368356357736662,5.58157623946834,0.00032290785052323836,7.49044050000198e-05,1.18925e-05,0.07148918101280638,0.01797472144207483
p334_SASA,0.009974549051178335,6.668511458217268,0.00032290785052323836,7.49044050000198e-05,1.18925e-05,0.07148918101280638,0.01797472144207483
p334_PKB,0.0008476850031489283,11.211380793508228,4.8056045806714204e-06,0.0001143469401571328,2.7822256e-05,0.03309117766903168,0.008309538117446244
p335_H2,0.002792160574785198,8.989507191929574,0.0,3.472830136822244e-05,1.0357107e-06,0.08597608733207318,0.021502962836044977
p335_P1,9.178879117633356e-06,19.90947141557564,0.0002675834154323421,0.00013972318618215155,0.00013163645,0.016289531658243893,0.004207118677597803
p335_NCI,1.5969749593728373e-13,56.20962149872393,0.0,0.00010126589964105887,3.5085803e-05,0.06824058067193473,0.01709423309356019
p335_MASS,1.0159332839854937e-07,28.824127661503027,0.0,0.00010379688151545782,8.709878e-06,0.0761605112850947,0.019068254511121274
p335_SASA,3.2352457993241185e-08,31.11905270901363,0.0,0.00010379688151545782,8.709878e-06,0.0761605112850947,0.019068254511121274
p335_PKB,4.1846146575400594e-07,26.00068354098524,0.0001702271491954327,7.653980654635768e-05,8.658422e-05,0.03968952680789109,0.01000571949666494
p336_H2,0.001332860778867214,10.363222809401336,0.00035993652773993584,8.055926356526697e-05,0.0002676305,0.19727943380909163,0.04949689002539536
p336_P1,0.4188129434979936,0.6542618409602545,0.0,0.0,0.0,0.0,0.0
p336_NCI,3.0114095819517893e-06,22.096097722597754,0.0,0.00022383590766360796,4.8441433e-07,0.3832680124515045,0.0958730831933743
p336_MASS,0.0010222193035191334,10.85988128534756,0.0003432211294645392,0.00010005866199027465,0.00027212367,0.1031300232778048,0.025961356684051362
p336_SASA,0.001237486441081254,10.50200240651852,0.0003432211294645392,0.00010005866199027465,0.00027212367,0.1031300232778048,0.025961356684051362
p336_PKB,0.03952691964921043,4.250790160259801,0.0,6.742970701584404e-05,0.00050924066,0.022427022185844702,0.0057509231393505665
p337_H2,4.2889597740681915e-08,30.55260405866273,1.9439282987080033e-05,0.00012636401349070135,1.618857e-05,0.005713033255602383,0.0014687562803035665
p337_P1,0.041775115189522635,4.1565013012059575,0.00012170318600421193,0.0002272442310759337,0.00016367213,0.12811355705194247,0.0321565441492832
p337_NCI,0.37194091074400215,0.7979890493508736,0.0,0.0,0.0,0.0,0.0
p337_MASS,0.0855871886743421,2.9621658573196767,0.0,0.0,0.0,0.0,0.0
p337_SASA,0.01453845007271594,5.995413583407427,0.0002681129258811193,5.411733999779302e-05,0.001986727,0.2400129702236261,0.060580481843791625
p337_PKB,0.5517987580967398,0.354378745962401,0.0,0.0,0.0,0.0,0.0
p338_H2,0.15754647118525406,2.001045702900306,0.0,0.0,0.0,0.0,0.0
p338_P1,0.8568954198187759,0.03253722115443693,0.0,0.0,0.0,0.0,0.0
p338_NCI,0.07490593146301161,3.179679142473817,0.00041085656304567267,9.752359475339867e-05,5.6193803e-05,0.0996287007516429,0.025048318678154272
p338_MASS,0.7300336338233484,0.11915692994940909,0.0,0.0,0.0,0.0,0.0
p338_SASA,0.4302028078069223,0.62285313088271,0.0,0.0,0.0,0.0,0.0
p338_PKB,0.31451525207045045,1.0127830106801663,0.0,0.0,0.0,0.0,0.0
p339_H2,3.1393705628942234e-06,22.014199924706084,0.0,1.525235727682046e-08,0.0,0.03769359679730384,0.00942340301241528
p339_P1,0.00013408659495619293,14.714127894095528,0.0,1.4319549309287977e-06,0.0,0.19622185542945741,0.04905582184609709
p339_NCI,2.595114446683949e-05,17.8839092091913,0.0,2.487758585191011e-06,0.0,0.0010638828039119747,0.0002665926406242914
p339_MASS,0.00019337537906754512,14.013345507980432,0.0,1.4319549309287977e-06,0.0,0.19622185542945741,0.04905582184609709
p339_SASA,0.00025346482577673834,13.497010459325132,0.0,1.4319549309287977e-06,0.0,0.19622185542945741,0.04905582184609709
p339_PKB,0.00028507497132099967,13.273179871570324,0.0,1.4319549309287977e-06,0.0,0.19622185542945741,0.04905582184609709
p340_H2,0.5686078848259906,0.32526356772629617,0.0,0.0,0.0,0.0,0.0
p340_P1,0.00021548087700486366,13.80664392345325,0.0,3.2010368713587637e-06,1.5799915e-06,0.11978668828866051,0.02994786732925205
p340_NCI,6.082603141904783e-05,16.2347038278987,0.0,1.0002495823444663e-05,2.1535818e-06,0.0032007085945350055,0.0008032161680440539
p340_MASS,0.08147503107893968,3.0422403087845287,0.0,0.0,0.0,0.0,0.0
p340_SASA,0.08714419092038687,2.9329288949547396,0.0,0.0,0.0,0.0,0.0
p340_PKB,0.005195591643123556,7.849529459993928,0.0,7.468415684966958e-06,1.6370075e-07,0.006677054571110397,0.0016711716718856358
p341_H2,1.2059519904940776e-06,23.901765047498653,0.0,0.00014898742704784972,1.7937751e-05,0.17190198231522202,0.0430172268733628
p341_P1,6.125166079601702e-12,48.61870758087323,0.0,5.367154255018679e-05,8.496658e-05,0.04206516064339884,0.010550949691786852
p341_NCI,2.370377847633213e-10,41.09334136230262,0.0,5.259393443077358e-05,2.0319205e-05,0.012596788495231456,0.003167425408628117
p341_MASS,4.917753121511204e-14,58.67844491837734,0.0,1.7047735247436564e-05,1.0008972e-05,0.10025229478311166,0.02506983787256793
p341_SASA,6.587283054551689e-14,58.06502377799846,0.0,1.7047735247436564e-05,1.0008972e-05,0.10025229478311166,0.02506983787256793
p341_PKB,1.7640814794792924e-10,41.69818248701329,0.0,0.00014895122719539437,0.0,0.010879351645935644,0.0027570757182827596
p342_H2,0.00025134597407824546,13.513008294874272,0.0,1.699501262622367e-05,1.2990447e-05,0.4556847397202413,0.11392868129507454
p342_P1,0.13696416043955315,2.215804269571918,0.0,0.0,0.0,0.0,0.0
p342_NCI,0.09767736453210404,2.7489397907599376,0.0,0.0,0.0,0.0,0.0
p342_MASS,0.25495797217858845,1.2976320325136839,0.0,0.0,0.0,0.0,0.0
p342_SASA,0.44695575496799467,0.5788822580778981,0.0,0.0,0.0,0.0,0.0
p342_PKB,0.005480281989636449,7.752261979709928,0.0,8.062557276938243e-05,0.0,0.0037521534048517275,0.0009581947444052774
p343_H2,0.02659098451028266,4.93384100767888,0.00027871413790588474,8.88437302225042e-05,1.2792751e-05,0.06979066099340317,0.01754275290302472
p343_P1,0.21170164874112626,1.5620352403442004,0.0,0.0,0.0,0.0,0.0
p343_NCI,0.03798163290676702,4.3189286787962535,0.0,3.4019048078410116e-05,0.0001849964,0.2337879611179092,0.05850174414220251
p343_MASS,0.5068870535381578,0.44085070318271136,0.0,0.0,0.0,0.0,0.0
p343_SASA,0.7218488271235679,0.12680976918373135,0.0,0.0,0.0,0.0,0.0
p343_PKB,0.7960997686434148,0.06681023576308434,0.0,0.0,0.0,0.0,0.0
p344_H2,4.0851595558560154e-11,44.701817019407606,0.0,3.551341229762029e-05,3.8086162e-07,0.07427354452224579,0.018577359699041188
p344_P1,1.2215688449203078e-09,37.747183130799755,4.7247735536666144e-05,0.0002627995671764283,6.4819236e-05,0.21370058717314755,0.053518863428036655
p344_NCI,6.098202549939917e-11,43.87780307111442,0.0,0.0003368029468349416,4.8413527e-05,0.08612381002352539,0.021627256624367788
p344_MASS,2.020991969704298e-08,32.06580072327339,0.0,0.00018342688786010368,4.9192078e-08,0.07112988562445201,0.01782834042609752
p344_SASA,4.9011637210175605e-08,30.284757329452663,0.0,0.00018342688786010368,4.9192078e-08,0.07112988562445201,0.01782834042609752
p344_PKB,1.9398593683905912e-07,27.531844453616255,4.946419154646397e-05,4.4243790728850544e-05,4.8481543e-05,0.07689492281018667,0.019259278083806147
p345_H2,0.0003306052528770022,12.991368596868039,0.0,6.161273471251297e-06,7.908375e-06,0.1532608582976524,0.03831873198646968
p345_P1,0.002636556415023269,9.095437388707163,0.0,5.7158040213714876e-05,0.0018392036,0.05277098903176201,0.013666837678897072
p345_NCI,2.7130074375829242e-18,79.54133346726746,0.0,0.00011371431810238977,3.8776363e-07,0.01883538629645245,0.004737372094547343
p345_MASS,0.2542429480911468,1.301547221465305,0.0,0.0,0.0,0.0,0.0
p345_SASA,0.16492763185793016,1.931685666137743,0.0,0.0,0.0,0.0,0.0
p345_PKB,0.001705511062946826,9.903470826476255,0.0,7.977157549992036e-05,2.1034512e-06,0.06656205555545372,0.01666098264552639
p346_H2,5.110553189335945e-17,73.23744333458237,0.0,4.223572182759183e-06,1.8626704e-07,0.19848154943877144,0.04962148981949967
p346_P1,2.7950733748850723e-13,55.039262189072446,0.0,1.3500018329851478e-05,0.0,0.05971014094847932,0.014930910241702292
p346_NCI,1.915557923181254e-08,32.173722321797236,0.0,5.281966645175007e-06,0.0,0.020659592979625444,0.005166218736567655
p346_MASS,9.9575098354938e-16,66.91037418524847,0.0001363195692568963,0.00023974012188790784,0.0,0.05988340573168779,0.015064866355708148
p346_SASA,2.7982795997841147e-16,69.6086869462379,0.0001363195692568963,0.00023974012188790784,0.0,0.05988340573168779,0.015064866355708148
p346_PKB,2.4001727617010377e-16,69.93554013411037,0.0001363195692568963,0.00023974012188790784,0.0,0.05988340573168779,0.015064866355708148
p347_H2,0.05944505931038818,3.562060906229455,0.0006220368981349546,0.00020990377201034882,0.00072126643,0.017935748160863,0.004872238816500475
p347_P1,8.578937848576504e-06,20.04167986804031,1.6456253237646903e-05,3.445536659060695e-05,4.6737255e-06,0.07877837419783287,0.019708489885782943
p347_NCI,6.32888807126675e-22,97.76055577833347,0.0006090912084336299,0.00013393304332739677,1.0870393e-05,0.2717250529957807,0.06811973691024867
p347_MASS,2.4273956726006373e-09,36.35146606415351,8.852986531280308e-06,8.719216978401188e-05,0.0,0.020971712839908535,0.005266939499055957
p347_SASA,1.0041074768518988e-09,38.146256676183235,8.852986531280308e-06,8.719216978401188e-05,0.0,0.020971712839908535,0.005266939499055957
p347_PKB,1.2077262459646222e-05,19.373309076457126,0.00043813810261128364,2.7169668097142672e-05,1.35579285e-05,0.023521666472340077,0.0060001330428793255
p348_H2,0.43790776652412533,0.602309903305428,0.0,0.0,0.0,0.0,0.0
p348_P1,0.05432578554270535,3.712630127677741,0.0,2.023509696365283e-05,1.4007721e-06,0.09539909441561993,0.02385518257117958
p348_NCI,1.560033608098806e-06,23.392931422179082,0.0,0.0001001530168992268,0.00024926357,0.0063509161079997,0.001675083173361853
p348_MASS,0.01681137073619124,5.737957240514645,0.0,1.5321406222881696e-05,0.0,0.001941548622235904,0.0004892175071146964
p348_SASA,0.018260309270645318,5.591977494780557,0.0,1.5321406222881696e-05,0.0,0.001941548622235904,0.0004892175071146964
p348_PKB,0.006514525805633125,7.437831871784687,0.0,3.498407276484361e-05,3.0711003e-06,0.018085454269903354,0.004530877360744342
p349_H2,1.1440758282771735e-13,56.90784739490549,0.0,2.0959194035902143e-05,4.4370017e-06,0.13578125192888754,0.03395166203116459
p349_P1,0.02104703327988129,5.342176420521324,5.65555321101726e-07,3.194127995599873e-05,9.698371e-07,0.16506089177485875,0.041273592111799075
p349_NCI,0.48393778772797,0.49039392215845384,0.0,0.0,0.0,0.0,0.0
p349_MASS,1.7387995654408907e-05,18.662690236656772,0.0,9.68750753346475e-05,1.9772087e-06,0.049567285800505095,0.012416534521144896
p349_SASA,0.001976641479596305,9.629165071653873,0.0,9.68750753346475e-05,1.9772087e-06,0.049567285800505095,0.012416534521144896
p349_PKB,0.6527208190066638,0.20262624160749848,0.0,0.0,0.0,0.0,0.0
