,feature,gbr,rf,xgb,BayesianRidge,mean,true_position,TMD,amino_acid
0,1_H2,0.0,1.6987509228367102e-06,3.0221856377465883e-06,0.1381273254236751,0.0345330115900589,1,CT/EC,M
1,1_P1,8.293976732635922e-05,2.456226506583004e-05,7.493003067793325e-05,0.0292383776472521,0.0073552024275805,1,CT/EC,M
2,1_NCI,0.0,1.0486065954895795e-05,2.090894440698321e-06,0.0977227885999065,0.0244338413900755,1,CT/EC,M
3,1_SASA,0.0,2.5079652891698907e-05,1.7864216772522925e-07,9.062957606089024e-05,2.89719677800786e-05,1,CT/EC,M
4,1_MASS,0.0,2.5079652891698907e-05,1.7864216772522925e-07,9.062957606089024e-05,2.89719677800786e-05,1,CT/EC,M
5,1_PKB,0.0,3.101083779881574e-05,6.161019882711116e-06,0.011377672437515,0.0028537110737991,1,CT/EC,M
6,2_NCI,5.360607209557915e-05,4.05550452850768e-05,2.522080649214331e-06,0.0457039144412097,0.0114501494098099,2,CT/EC,N
7,2_MASS,0.0,6.607219622052194e-05,0.000264000846073,0.1039196081347445,0.0260624202942595,2,CT/EC,N
8,2_PKB,0.0004608563463606,6.426125637682771e-05,1.82070452865446e-05,0.0294300574643164,0.0074933455280851,2,CT/EC,N
9,2_P1,0.0015859738554828,1.5762455640583216e-05,4.629024988389574e-05,0.0040939099708694,0.0014354841329691,2,CT/EC,N
10,2_SASA,0.0,6.607219622052194e-05,0.000264000846073,0.1039196081347445,0.0260624202942595,2,CT/EC,N
11,3_MASS,0.0,2.863556982810323e-05,0.000118162977742,0.0698411462826684,0.0174969862075596,3,N-Termina,G
12,3_H2,0.0,4.28938943596861e-05,1.8077022332363413e-06,0.0424508290266968,0.0106238826558224,3,N-Termina,G
13,3_P1,0.0,6.943428964705356e-05,3.6155420275463257e-06,0.0399268527982258,0.0099999756574751,3,N-Termina,G
14,3_PKB,0.0,1.2377768098234818e-05,1.9932824216084555e-05,0.0043499677230148,0.0010955695788323,3,N-Termina,G
15,3_SASA,0.0,2.863556982810323e-05,0.000118162977742,0.0698411462826684,0.0174969862075596,3,N-Termina,G
16,4_NCI,0.0,2.869994114987632e-05,3.612395448726602e-05,0.0490740540330119,0.0122847194821622,4,N-Termina,T
17,4_P1,0.0,8.857058344132782e-05,3.079790621995926e-05,0.1022310104000516,0.0255875947224282,4,N-Termina,T
18,4_MASS,0.0,7.002327468380212e-05,1.7313052012468688e-05,0.0073280918879767,0.0018538570536682,4,N-Termina,T
19,4_SASA,0.0,7.002327468380212e-05,1.7313052012468688e-05,0.0073280918879767,0.0018538570536682,4,N-Termina,T
20,5_PKB,0.0,1.3334596628002014e-05,6.9959714892320335e-06,0.056513352138099,0.014133420676554,5,N-Termina,E
21,5_P1,0.0,9.280790659023228e-05,6.0855063566123135e-06,0.0297363561446226,0.0074588123893923,5,N-Termina,E
22,5_MASS,0.0,7.588904865089018e-06,8.034153324842919e-07,0.076685022859532,0.0191733537949324,5,N-Termina,E
23,5_H2,0.0,0.0003728200342891,8.445396088063717e-05,0.1418696160166671,0.0355817225029592,5,N-Termina,E
24,5_NCI,0.0,1.597761728770529e-05,4.466618065634975e-06,0.0747478376639986,0.0186920704748379,5,N-Termina,E
25,5_SASA,0.0,7.588904865089018e-06,8.034153324842919e-07,0.076685022859532,0.0191733537949324,5,N-Termina,E
26,6_SASA,2.273732819388384e-05,0.00012848158477,5.202979536989005e-06,0.2252270971639788,0.0563458797641199,6,N-Termina,G
27,6_MASS,2.273732819388384e-05,0.00012848158477,5.202979536989005e-06,0.2252270971639788,0.0563458797641199,6,N-Termina,G
28,6_PKB,0.0,3.4882612040766486e-05,6.509411832666956e-06,0.0008725414678456,0.0002284833729297,6,N-Termina,G
29,6_H2,0.0002648610279728,5.255148227524976e-05,2.781118155326112e-06,0.1108733326060368,0.02779838155861,6,N-Termina,G
30,6_P1,1.1663677381652626e-05,6.350489235369879e-06,8.372679440071806e-05,0.0805471838665569,0.0201622312068936,6,N-Termina,G
31,6_NCI,7.89054143362267e-05,8.272794705237262e-05,5.2898441936122254e-05,0.1979064680760616,0.0495302499698465,6,N-Termina,G
32,7_P1,0.0,0.0002154736904564,1.4756940345250769e-06,0.0664149003811651,0.016657962441414,7,N-Termina,P
33,7_SASA,0.0,0.0001575005499001,5.485673568728089e-07,0.1599534072758467,0.0400278640982759,7,N-Termina,P
34,7_PKB,0.0,4.749899069169834e-05,3.251236194046214e-05,0.0510469144344949,0.0127817314467817,7,N-Termina,P
35,7_NCI,0.0,5.761435857400844e-05,2.4253022274933755e-06,0.0500343902191329,0.0125236074699836,7,N-Termina,P
36,7_H2,0.0,3.2218294897068627e-05,8.154032002494205e-06,0.107416712066015,0.0268642710982286,7,N-Termina,P
37,7_MASS,0.0,0.0001575005499001,5.485673568728089e-07,0.1599534072758467,0.0400278640982759,7,N-Termina,P
38,8_P1,2.3522605350268094e-05,0.0001067184498627,3.8892089833098e-06,0.1738877231172811,0.0435054633453693,8,N-Termina,N
39,8_PKB,0.0,8.30452928352759e-05,3.067062425543554e-05,0.0521244090496382,0.0130595312416822,8,N-Termina,N
40,9_PKB,0.0,2.37137240338123e-05,1.4999964150774758e-06,0.0084145793067094,0.0021099482567895,9,N-Termina,F
41,9_P1,0.0,1.987848143344826e-05,7.133408416848397e-06,0.0774118431928541,0.0193597137706761,9,N-Termina,F
42,9_NCI,0.0,6.25317902738808e-05,3.1125207897275686e-05,0.2844221986460508,0.0711289639110555,9,N-Termina,F
43,10_MASS,0.0,2.37137240338123e-05,1.4999964150774758e-06,0.0084145793067094,0.0021099482567895,10,N-Termina,Y
44,10_SASA,0.0,2.37137240338123e-05,1.4999964150774758e-06,0.0084145793067094,0.0021099482567895,10,N-Termina,Y
45,10_H2,0.0,3.485758541252124e-05,3.0582657473132717e-06,0.0214557067427357,0.0053734056484738,10,N-Termina,Y
46,10_PKB,0.0,2.37137240338123e-05,1.4999964150774758e-06,0.0084145793067094,0.0021099482567895,10,N-Termina,Y
47,11_H2,1.4330412971216777e-07,6.821162023334275e-05,6.342935193970334e-06,0.0986940633281255,0.0246921902969206,11,N-Termina,V
48,11_PKB,0.0,2.37137240338123e-05,1.4999964150774758e-06,0.0084145793067094,0.0021099482567895,11,N-Termina,V
49,11_P1,0.0,4.444125855719779e-05,4.0041510374067e-07,0.0504328172442114,0.012619414729468,11,N-Termina,V
50,11_NCI,0.0,3.098435118071165e-05,1.3600226793641923e-06,0.3168646726054143,0.0792242542448185,11,N-Termina,V
51,12_MASS,0.0,0.0001949516831817,3.4104414226021618e-06,0.0382751424171399,0.009618376135436,12,N-Termina,P
52,12_PKB,0.0,0.0003396794622146,0.0,0.0111421334098754,0.0028704532180225,12,N-Termina,P
53,12_SASA,0.0,0.0001949516831817,3.4104414226021618e-06,0.0382751424171399,0.009618376135436,12,N-Termina,P
54,12_P1,0.000523671203755,3.859491536906304e-05,0.0019716017413884,0.1113124970889825,0.0284615912373737,12,N-Termina,P
55,13_SASA,0.0,0.0001311476069154,4.258330591255799e-06,0.0384948458418811,0.0096575629448469,13,N-Termina,F
56,13_NCI,0.0,1.8741057070926837e-05,2.0124452930758707e-05,0.3610311024662838,0.0902674919940713,13,N-Termina,F
57,13_H2,1.001026760961449e-05,0.0002906655008802,0.0001007697210297,0.1028313003940265,0.0258081864708865,13,N-Termina,F
58,13_MASS,0.0,0.0001311476069154,4.258330591255799e-06,0.0384948458418811,0.0096575629448469,13,N-Termina,F
59,13_P1,0.0008850857495358,0.0005302929896453,0.0020866570994257,0.460002384855891,0.1158761051736245,13,N-Termina,F
60,14_P1,0.0,1.9285364077335668e-05,3.0851854262436973e-06,0.1366028258586817,0.0341562991020463,14,N-Termina,S
61,14_SASA,9.10220619578694e-05,0.0001022404946359,7.441906291205669e-07,0.0081778232843495,0.0020929575078931,14,N-Termina,S
62,14_NCI,0.0001955949820963,1.4072104085566722e-05,4.5184374357631896e-06,0.0296741809044297,0.0074720916070118,14,N-Termina,S
63,14_MASS,9.10220619578694e-05,0.0001022404946359,7.441906291205669e-07,0.0081778232843495,0.0020929575078931,14,N-Termina,S
64,14_PKB,0.0,8.167829704584228e-05,0.000334557815222,0.1004479443655047,0.0252160451194431,14,N-Termina,S
65,15_P1,0.0,1.225286098303555e-05,9.794290463105426e-07,0.0156720425278536,0.0039213187044707,15,N-Termina,N
66,15_H2,0.0,4.856464473234297e-05,1.2119811799493618e-05,0.219470501411854,0.0548827964670964,15,N-Termina,N
67,15_MASS,0.0,0.0001110280328423,7.220866393709002e-08,0.0335834003195492,0.0084236251402638,15,N-Termina,N
68,15_PKB,0.0,0.0001069189107227,1.5960458767949603e-06,0.0071134622432936,0.0018054942999732,15,N-Termina,N
69,15_SASA,0.0,0.0001110280328423,7.220866393709002e-08,0.0335834003195492,0.0084236251402638,15,N-Termina,N
70,15_NCI,0.0001008785702609,0.0003360166375677,0.0004669740155804,0.1418203962667154,0.0356810663725311,15,N-Termina,N
71,16_MASS,0.0,0.0001836937989006,7.607433872180991e-06,0.0191238456787944,0.0048287867278918,16,N-Termina,K
72,16_P1,0.0,0.0001017663416714,0.0001464526285417,0.028966290889347,0.00730362746489,16,N-Termina,K
73,16_PKB,0.0,0.0001542437678043,8.102673746179789e-05,0.081435698912261,0.0204177423543817,16,N-Termina,K
74,16_SASA,0.0,0.0003845023860815,2.0247897225544878e-07,0.0690625520399476,0.0173618142262503,16,N-Termina,K
75,16_H2,0.0,0.0001268937166331,2.1484875105670653e-05,0.0376855525833911,0.0094584827937824,16,N-Termina,K
76,16_NCI,0.0,5.4908243101537846e-05,2.5863479095278308e-05,0.2451756460718634,0.061314104448515,16,N-Termina,K
77,17_P1,0.0,1.6514016376359248e-05,8.308921906063915e-08,0.0732958643569691,0.0183281153656411,17,N-Termina,T
78,17_PKB,0.0,7.436813254250325e-05,2.3847974262025677e-06,0.0218682026388316,0.0054862388922,17,N-Termina,T
79,17_NCI,0.0,9.298990282089954e-05,0.0,0.0628722725330496,0.0157413156089676,17,N-Termina,T
80,17_MASS,0.0002889989593023,1.6445206365396067e-05,7.145086419768631e-05,0.1579665943832812,0.0395858723532866,17,N-Termina,T
81,17_SASA,0.0002889989593023,1.6445206365396067e-05,7.145086419768631e-05,0.1579665943832812,0.0395858723532866,17,N-Termina,T
82,17_H2,0.0,4.395275898347004e-05,3.6398607335286215e-05,0.0255974739465572,0.0064194563282189,17,N-Termina,T
83,18_MASS,0.0,4.102653244408988e-06,6.126428075958756e-08,0.0956367424072613,0.0239102265811966,18,N-Termina,G
84,18_NCI,0.000298489224084,5.016128358033332e-05,4.088190053153085e-07,0.1714030230757004,0.0429380206005925,18,N-Termina,G
85,18_H2,0.0,2.243329070724529e-05,1.391983914800221e-06,0.0304532398029916,0.0076192662694034,18,N-Termina,G
86,19_PKB,0.0,0.0001316191793484,2.9778541374980705e-06,0.0034071702150227,0.0008854418121271,19,N-Termina,V
87,19_H2,6.16917656325799e-05,9.693114453633072e-05,1.0809832929226104e-05,0.2486655546462157,0.0622087468473284,19,N-Termina,V
88,19_NCI,0.0,6.724471249941629e-05,2.6446419724379663e-05,0.2113647433077761,0.0528646086099999,19,N-Termina,V
89,19_P1,0.0,0.0002777814049601,0.0003348048194311,0.0676776697231091,0.0170725639868751,19,N-Termina,V
90,19_SASA,0.0,1.2142620815865565e-05,0.0,0.1307715951567541,0.0326959344443925,19,N-Termina,V
91,19_MASS,0.0,1.2142620815865565e-05,0.0,0.1307715951567541,0.0326959344443925,19,N-Termina,V
92,20_P1,0.0,0.0019389520425878,0.0,0.0393209881535443,0.010314985049033,20,N-Termina,V
93,20_H2,0.00014911497425,2.637221984979209e-07,0.0001098547800211,0.0758833486678449,0.0190356455360786,20,N-Termina,V
94,20_PKB,0.0001717224665031,4.593424190710487e-05,0.0,0.0526012721422265,0.0132047322126591,20,N-Termina,V
95,20_MASS,0.0001717224665031,4.593424190710487e-05,0.0,0.0526012721422265,0.0132047322126591,20,N-Termina,V
96,20_SASA,0.0001717224665031,4.593424190710487e-05,0.0,0.0526012721422265,0.0132047322126591,20,N-Termina,V
97,21_H2,0.0,2.1991922637396474e-06,9.320896765530053e-08,0.0074737712310153,0.0018690159080616,21,N-Termina,R
98,21_MASS,0.0,7.274426399726356e-05,6.264801777433604e-05,0.1029929171002008,0.0257820773454931,21,N-Termina,R
99,21_NCI,0.0,0.0001868981603322,9.55001951297163e-07,0.073567287640934,0.0184387852008043,21,N-Termina,R
100,21_PKB,0.0,0.0001073640111982,3.020576332346536e-05,0.3851197291073176,0.0963143247204598,21,N-Termina,R
101,21_SASA,0.0,7.993384905714861e-05,0.0010310905054211,0.1473828298352328,0.0371234635474277,21,N-Termina,R
102,21_P1,0.0,2.2325558491569605e-05,3.4852264434448443e-06,0.0271132421469367,0.0067847632329679,21,N-Termina,R
103,22_H2,8.657160191445797e-05,1.1026419010579338e-05,3.5153567523593665e-07,0.1244254868778784,0.0311308591086196,22,N-Termina,S
104,22_P1,0.0,4.052965660028047e-05,4.464820813154802e-05,0.0445408832121415,0.0111565152692183,22,N-Termina,S
105,22_SASA,0.0,0.0001123833403879,4.74729915822536e-07,0.0501370780773698,0.0125624840369184,22,N-Termina,S
106,22_NCI,0.0,4.526914110115605e-05,0.0001026298123179,0.2261635907886139,0.0565778724355082,22,N-Termina,S
107,23_H2,0.0,3.480158323003265e-07,0.0005733171710744,0.1394098459410335,0.034995877781985,23,N-Termina,P
108,23_PKB,0.0,5.9412951674042176e-08,0.0,0.0078933901491012,0.0019733623905132,23,N-Termina,P
109,23_SASA,0.0,2.294334434108785e-05,1.7361688151140697e-05,0.0230144928146908,0.0057636994617957,23,N-Termina,P
110,23_NCI,0.0,3.2036722121322106e-05,1.1856069193072473e-07,0.2223418923822567,0.0555935119162675,23,N-Termina,P
111,23_P1,0.0,5.581643496844787e-05,2.645790800670511e-06,0.0493992370158409,0.0123644248104025,23,N-Termina,P
112,24_PKB,7.102927014561486e-07,2.3169932211054296e-05,0.0015418719267472,0.1525750163843516,0.0385351921340028,24,N-Termina,F
113,24_SASA,0.0,1.540502846597663e-05,0.0001196568191517,0.159000284318725,0.0397838365415856,24,N-Termina,F
114,24_MASS,5.005378907272206e-05,1.3584882715082216e-05,5.068988320999779e-05,0.1253266835267451,0.0313602530204357,24,N-Termina,F
115,24_P1,0.0020875559212656,6.941550184130774e-05,0.0001606094883754,0.194908036892929,0.0493064044511028,24,N-Termina,F
116,25_SASA,0.0,2.984420403583176e-05,9.329802423962974e-07,0.1154581764707249,0.0288722384137507,25,N-Termina,E
117,25_NCI,0.0,1.0671020348216911e-05,0.0001557392824906,0.212251980284901,0.0531045976469349,25,N-Termina,E
118,25_P1,0.0,1.4569447602330369e-05,1.1647837709460871e-05,0.0633889809629382,0.0158537995620625,25,N-Termina,E
119,25_H2,0.0,1.6449772899174472e-05,0.0,0.2750702070787635,0.0687716642129156,25,N-Termina,E
120,25_MASS,0.0,2.984420403583176e-05,9.329802423962974e-07,0.1154581764707249,0.0288722384137507,25,N-Termina,E
121,25_PKB,0.0,2.984420403583176e-05,9.329802423962974e-07,0.1154581764707249,0.0288722384137507,25,N-Termina,E
122,26_MASS,0.0,1.094077758684772e-05,5.3892716067593944e-08,0.1493867958827725,0.0373494476382688,26,N-Termina,A
123,26_PKB,0.0,2.984420403583176e-05,9.329802423962974e-07,0.1154581764707249,0.0288722384137507,26,N-Termina,A
124,26_SASA,0.0,1.094077758684772e-05,5.3892716067593944e-08,0.1493867958827725,0.0373494476382688,26,N-Termina,A
125,26_NCI,0.0,3.4601912882527102e-06,1.4107539755059406e-05,0.0010089243079011,0.0002566230097361,26,N-Termina,A
126,26_P1,0.0,6.64925704906002e-06,3.46705928677693e-05,0.0300780449151711,0.0075298411912719,26,N-Termina,A
127,26_H2,0.0,5.974266907510514e-06,3.5555010526877595e-06,0.072244579862207,0.0180635274075418,26,N-Termina,A
128,27_MASS,0.0,2.984420403583176e-05,9.329802423962974e-07,0.1154581764707249,0.0288722384137507,27,N-Termina,P
129,27_P1,0.0,2.984420403583176e-05,9.329802423962974e-07,0.1154581764707249,0.0288722384137507,27,N-Termina,P
130,27_PKB,0.0,2.984420403583176e-05,9.329802423962974e-07,0.1154581764707249,0.0288722384137507,27,N-Termina,P
131,27_SASA,0.0,2.984420403583176e-05,9.329802423962974e-07,0.1154581764707249,0.0288722384137507,27,N-Termina,P
132,27_NCI,0.0,3.633247298772791e-05,3.1284439501177985e-06,0.0916509251287714,0.0229225965114273,27,N-Termina,P
133,28_H2,0.0,4.790659016865932e-06,0.0013398099690675,0.1008074571858651,0.0255380144534873,28,N-Termina,Q
134,28_MASS,0.0,0.000244565977887,1.081451657114485e-07,0.0119486668365418,0.0030483352398986,28,N-Termina,Q
135,28_NCI,0.0,0.0001013645782034,3.728394801782997e-07,0.031064979440248,0.0077916792144829,28,N-Termina,Q
136,28_P1,0.0,5.985418806415515e-05,1.7563430446898565e-05,0.0013104262478727,0.0003469609665959,28,N-Termina,Q
137,28_SASA,0.0,0.000133406834542,7.933404958748724e-06,0.0083146406772664,0.0021139952291918,28,N-Termina,Q
138,28_PKB,1.23603441621278e-05,6.085766158984344e-05,3.3976107260969e-07,0.0270640967174382,0.0067844136210656,28,N-Termina,Q
139,29_NCI,0.0,2.795427997759232e-05,1.415626002199133e-06,0.0461565276476704,0.0115464743884125,29,N-Termina,Y
140,29_P1,0.0,1.1173449285005258e-06,5.403475711318606e-07,0.163027357575153,0.0407572538169131,29,N-Termina,Y
141,29_H2,0.0,1.1261139705555915e-06,1.4572858617611928e-06,0.507017442470201,0.1267550064675083,29,N-Termina,Y
142,29_PKB,2.3357717233307688e-05,5.6140345361768654e-06,0.0004004046204499,0.0333112672996258,0.0084351609179613,29,N-Termina,Y
143,29_SASA,2.4294007922666213e-06,1.0611118557345252e-06,0.0,0.0660604882262004,0.0165159946847121,29,N-Termina,Y
144,29_MASS,0.0018087431033524,8.514622894939909e-07,0.0003026539925485,0.0418957224197986,0.0110019927444973,29,N-Termina,Y
145,30_H2,0.0,8.765609409644777e-06,1.0856802873604464e-05,0.0578200312313626,0.0144599134109114,30,N-Termina,Y
146,30_PKB,0.0,2.301883441838706e-05,2.228094126621727e-05,0.0491185396619663,0.0122909598594127,30,N-Termina,Y
147,30_SASA,8.070924214389099e-06,8.519048323513446e-05,1.5076891941134818e-05,0.0696425582922197,0.0174377241479025,30,N-Termina,Y
148,30_MASS,0.0,2.4731700087750088e-05,0.0,0.0409793950671872,0.0102510316918187,30,N-Termina,Y
149,31_NCI,0.0090581340321922,0.0008616156605547,0.0004711475921794,0.0011062395303795,0.0028742842038264,31,N-Termina,L
150,31_PKB,4.543466646897879e-05,8.99732069550554e-07,0.0,0.1378788661614522,0.0344813001399977,31,N-Termina,L
151,31_SASA,0.0,2.846978707313741e-05,2.330717325094156e-05,0.0517714946372449,0.0129558178993922,31,N-Termina,L
152,31_MASS,0.0,2.2221187764873245e-06,4.775396882905625e-05,0.0496500413187551,0.0124250043515901,31,N-Termina,L
153,32_PKB,0.0,6.38988990124474e-05,0.0,0.1479450750553286,0.0370022434885852,32,N-Termina,A
154,32_SASA,0.0,7.733435433153671e-06,0.0,0.1198175638712437,0.0299563243266692,32,N-Termina,A
155,32_P1,0.0,1.6079216946690704e-05,3.644959724624641e-05,0.0558314731733685,0.0139710004968903,32,N-Termina,A
156,32_NCI,0.0004719245717845,4.957485600069097e-06,8.41455474187569e-08,0.1301105704283551,0.0326468841578218,32,N-Termina,A
157,32_MASS,0.0,7.408846574978649e-05,6.238143396330997e-05,0.1226488004640986,0.0306963175909529,32,N-Termina,A
158,33_MASS,0.0,2.8588471257984616e-05,1.0111180927196983e-05,0.0493205950259437,0.0123398236695322,33,N-Termina,E
159,33_P1,0.0,7.35568866766159e-05,7.658957201783778e-07,0.0101563885702006,0.0025576778381493,33,N-Termina,E
160,33_H2,0.0,4.4660231378018256e-05,3.0236516977311112e-05,0.036109417312084,0.0090460785151098,33,N-Termina,E
161,33_SASA,4.5672371102719015e-05,4.534871318080047e-05,1.8489149766764967e-08,0.0368627634509772,0.0092384507561026,33,N-Termina,E
162,34_H2,1.2272808137428852e-05,1.3321584568412168e-05,1.5054348295961972e-05,0.169545054296982,0.0423964257594959,34,N-Termina,P
163,34_P1,0.0,0.0002361485341269,2.9590613848995417e-05,0.0890479292677237,0.0223284171039249,34,N-Termina,P
164,34_PKB,0.0,3.046657115771243e-05,4.612369593814947e-05,0.0988695749578555,0.0247365413062378,34,N-Termina,P
165,34_MASS,0.0,4.063889958730584e-05,8.173289097612724e-05,0.1497737486295658,0.0374740301050323,34,N-Termina,P
166,34_NCI,4.873751360755853e-06,8.499798268339872e-05,4.098968702237471e-07,0.1870178457386876,0.0467770318424005,34,N-Termina,P
167,35_P1,0.0,1.8211265326851663e-06,3.53461473423522e-06,0.0013615976708387,0.0003417383530264,35,N-Termina,W
168,35_NCI,0.0,3.692092747127999e-06,3.932404524675803e-06,0.0092058528998582,0.0023033693492825,35,N-Termina,W
169,36_SASA,0.0,3.5645369315148194e-05,1.234226260748983e-06,0.1347421223788308,0.0336947504936016,36,N-Termina,Q
170,36_NCI,2.2251204774797065e-05,0.0002651829135094,6.224819117051084e-06,0.2382790089533316,0.0596431669726832,36,N-Termina,Q
171,36_MASS,0.0012997900343072,7.281542539885124e-05,9.086292266147213e-05,0.1586558489402783,0.0400298293306614,36,N-Termina,Q
172,36_PKB,0.002361543371679,0.0001751821602698,5.0661026762099937e-05,0.0072117392559846,0.0024497814536738,36,N-Termina,Q
173,37_H2,0.0,5.37928587901464e-05,8.720522600924596e-06,0.1653570253998762,0.0413548846953168,37,1,F
174,37_SASA,0.0,8.08248004650535e-05,0.0,0.0282771204714301,0.0070894863179738,37,1,F
175,37_MASS,0.0,0.0001294025593787,0.0006056723650544,0.0549672883357844,0.0139255908150544,37,1,F
176,37_P1,0.0,4.877965991130707e-06,0.0,0.106563721773378,0.0266421499348422,37,1,F
177,38_SASA,0.0001442066973897,8.637011592881858e-05,0.0,0.1789406873460021,0.0447928160398301,38,1,S
178,38_MASS,0.0,3.76965621106396e-05,2.281561137351673e-05,0.2130422494180801,0.053275690397891,38,1,S
179,38_H2,0.0,5.490541624525838e-05,3.127565378235886e-06,0.0237146042730397,0.0059431593136658,38,1,S
180,38_P1,0.0,6.767983212077828e-05,3.252145688747987e-06,0.0142774738934967,0.0035871014678265,38,1,S
181,38_NCI,1.4828997045496522e-06,1.8226632677718864e-05,5.203733053349424e-06,0.1393967261401925,0.034855409851407,38,1,S
182,39_NCI,0.0,0.0001362952766979,1.4812521840212869e-06,0.0349015341458382,0.00875982766868,39,1,M
183,39_P1,0.0,7.118700685013722e-05,2.049643990176264e-05,0.1035426922099493,0.0259085939141753,39,1,M
184,39_H2,4.4729599748923625e-05,0.0001135863241593,4.873444777331315e-05,0.2439188370406623,0.0610314718530859,39,1,M
185,39_PKB,9.8318923499026e-05,3.0302299779017977e-05,1.609221362741664e-05,0.168793672287949,0.0422345964312136,39,1,M
186,40_H2,0.0,3.5127602538578307e-06,3.3775006158975884e-05,0.0178048740004715,0.004460540441721,40,1,L
187,40_MASS,0.0,1.627253296026422e-05,0.0,0.0094225349667025,0.0023597018749157,40,1,L
188,40_SASA,0.0,9.09553028309764e-05,1.7402530261279028e-07,0.0074033824180198,0.0018736279365383,40,1,L
189,40_P1,0.0,8.408923076063602e-05,0.0,0.0502041564721855,0.0125720614257365,40,1,L
190,40_NCI,0.0,0.0024742088405033,0.0,0.0406710305924553,0.0107863098582396,40,1,L
191,40_PKB,0.0,6.186903263086806e-05,2.714801212277962e-06,0.079493684235163,0.0198895670172515,40,1,L
192,41_H2,0.0,0.0001107397429879,9.219152730111092e-07,0.1162040427568482,0.0290789261037772,41,1,A
193,41_P1,1.5861403282834725e-05,0.0001119777148147,0.0,0.0305549526848641,0.0076706979507404,41,1,A
194,41_NCI,0.0,5.5641371064930245e-05,1.6508111002622172e-05,0.0998334197489521,0.0249763923077549,41,1,A
195,41_PKB,0.0010099688376758,0.0001149691821255,7.103988991730148e-06,0.0904796986952813,0.0229029351760186,41,1,A
196,42_H2,0.0,0.000151156912095,0.0030414345674216,0.0041046250158635,0.001824304123845,42,1,A
197,42_P1,3.718552541127778e-05,0.0008000272765317,9.495461563346907e-05,0.0143885649007263,0.0038301830795757,42,1,A
198,42_PKB,6.212505961460778e-05,8.235123156899704e-05,3.8570638025703374e-06,0.0332658882847098,0.008353555409924,42,1,A
199,42_SASA,0.0,0.000138441185652,7.810732495272532e-05,0.0408056285721944,0.0102555442706997,42,1,A
200,42_MASS,0.0,0.0004394103775237,1.4940251276129857e-06,0.1580851624409011,0.0396315167108881,42,1,A
201,43_NCI,0.0,0.000163520218477,0.0034444492775946,0.3230383871153121,0.0816615891528459,43,1,Y
202,43_H2,0.0,0.0002311697831742,0.0016747656045481,0.1661055458170126,0.0420028703011837,43,1,Y
203,43_SASA,0.0,0.0003835980684321,0.0,0.1126660579987846,0.0282624140168042,43,1,Y
204,43_MASS,0.0,8.826056322660248e-06,0.0,0.0624273939290751,0.0156090549963494,43,1,Y
205,43_P1,0.0035682063272632,0.000271987588204,0.000122598838061,0.0862472719771109,0.0225525161826598,43,1,Y
206,44_NCI,0.0,0.0001272549834386,0.000301017134916,0.2524677119076752,0.0632239960065074,44,1,M
207,44_P1,0.0001310539583287,8.660776549963745e-05,0.001301436452195,0.1159091124167899,0.0293570526482033,44,1,M
208,44_H2,0.0,1.747512474818468e-05,9.776594197319357e-06,0.2555123477188848,0.0638848998594575,44,1,M
209,44_MASS,0.0,4.297747097288829e-05,6.093566753406776e-07,0.0280352651862759,0.007019713003481,44,1,M
210,44_SASA,0.0,3.697067304484839e-05,3.315086132715805e-06,0.0218302775707809,0.0054676408324896,44,1,M
211,44_PKB,0.0,2.010750476657906e-05,9.124740074639705e-08,0.1661766383347142,0.0415492092717203,44,1,M
212,45_H2,0.0,1.2131234643280366e-05,0.0005123961018398,0.135264573039489,0.033947275093993,45,1,F
213,45_P1,9.53951812154868e-05,8.870730224428406e-06,7.528209380325279e-07,0.0260794483686254,0.0065461167752508,45,1,F
214,45_PKB,3.3008895945869538e-06,8.567056550370505e-05,1.7868714508040284e-08,0.3493232887452225,0.0873530695172588,45,1,F
215,45_MASS,0.0,1.7557611186540805e-05,0.0,0.0440667903897295,0.011021087000229,45,1,F
216,45_NCI,0.0,3.863574292988138e-05,9.263814604310028e-07,0.2330441461250296,0.0582709270623549,45,1,F
217,45_SASA,0.0,1.7557611186540805e-05,0.0,0.0440667903897295,0.011021087000229,45,1,F
218,46_H2,0.0,0.000319222938706,3.2674575777491555e-05,0.0484138507633978,0.0121914370694703,46,1,L
219,46_PKB,0.0,0.0001514403817572,8.922449445947223e-09,0.1278246780051983,0.0319940318273512,46,1,L
220,46_SASA,0.0,0.0003227852588738,0.0001848317915573,0.0418950374096415,0.0106006636150181,46,1,L
221,46_MASS,0.0001387311661569,0.0001895417499544,7.7340575899143e-07,0.0138676450844494,0.0035491728515799,46,1,L
222,46_NCI,0.0,0.0009252142415295,3.0266204703366384e-05,0.3292470496501536,0.0825506325240966,46,1,L
223,47_MASS,0.0,3.84147247868892e-06,0.0,0.1189854562236326,0.0297473244240278,47,1,L
224,47_H2,0.0,3.869448965535947e-05,1.178285288006009e-06,0.0079001872834772,0.0019850150146051,47,1,L
225,47_NCI,0.0,9.25151576350684e-05,1.4755953543499345e-06,0.2573680946121647,0.0643655213412885,47,1,L
226,47_SASA,0.0,8.899013174619432e-05,0.0,0.0793255954973373,0.0198536464072708,47,1,L
227,47_PKB,0.0,1.8845470657548136e-06,0.0,0.1929947093495331,0.0482491484741497,47,1,L
228,48_P1,0.0,4.807827612537452e-05,1.2743076695187485e-05,0.0424682434453497,0.0106322661995425,48,1,I
229,48_H2,0.0,3.17796712986044e-05,0.0002717958122957,0.1933944094276298,0.048424496227806,48,1,I
230,48_NCI,0.0,0.0001853068431553,4.523161624092609e-05,0.1249355484489186,0.0312915217270787,48,1,I
231,48_MASS,0.0,9.495313971219056e-05,2.0248051441740245e-05,0.0602492965463845,0.0150911244343846,48,1,I
232,48_SASA,0.0,0.0001259559217434,2.345171924389433e-05,0.0282075650879653,0.0070892431822381,48,1,I
233,48_PKB,0.0471654282376032,6.907023699473959e-05,0.0051204180344939,0.1238094962192721,0.044041103182091,48,1,I
234,49_SASA,0.0,0.0001598916974884,2.2004262064001523e-05,0.0550076869247485,0.0137973957210752,49,1,M
235,49_PKB,2.1806776588211754e-05,5.87202362331398e-05,7.678179514414296e-08,0.1756246835430605,0.0439263218344192,49,1,M
236,49_NCI,0.0,0.0002693538168482,1.6028512618504465e-05,0.020804084946968,0.0052723668191087,49,1,M
237,49_MASS,5.345404561292635e-05,0.000109415684205,2.822102018740225e-08,0.0971329820897475,0.0243239700101464,49,1,M
238,49_H2,0.0,5.436010125707353e-05,2.830447556334548e-05,0.2422989535500213,0.0605954045317104,49,1,M
239,49_P1,0.0001254544826007,5.447197402002128e-05,3.8884871173650026e-05,0.0301734795041536,0.007598072707987,49,1,M
240,50_SASA,0.0,0.0003349774344994,1.6164423868758604e-05,0.1849144820160332,0.0463164059686003,50,1,L
241,50_MASS,0.0,7.482054864006619e-05,4.673896910389885e-05,0.1309079496005527,0.0327573772795741,50,1,L
242,51_PKB,0.0,2.8293575991370886e-05,0.0,0.0561832173096224,0.0140528777214034,51,1,G
243,51_P1,0.0,4.10509889380454e-05,0.0,0.0158868809483504,0.0039819829843221,51,1,G
244,51_SASA,0.0,0.0001312241266613,0.0,0.0106730643632982,0.0027010721224898,51,1,G
245,51_H2,0.0,8.701924285842276e-05,0.0039423122070729,0.0104924791368093,0.0036304526466851,51,1,G
246,51_NCI,0.0,1.0248150359343207e-05,0.0,0.0583474327745935,0.0145894202312382,51,1,G
247,51_MASS,0.0,0.0001312241266613,0.0,0.0106730643632982,0.0027010721224898,51,1,G
248,52_MASS,0.0,0.0002193403079952,2.3330590011028107e-06,0.0129100289194237,0.003282925571605,52,1,F
249,52_NCI,0.0,3.693522404103966e-05,2.7486716135172173e-05,0.2400215022317277,0.060021481042976,52,1,F
250,52_SASA,0.0,0.0001674754463967,0.0,0.0033920656244065,0.0008898852677008,52,1,F
251,52_PKB,2.605043252771164e-05,2.9142734062962383e-05,1.3706669221846826e-07,0.0624863918198311,0.0156354305132785,52,1,F
252,52_H2,0.0001532434906552,9.053537621313568e-05,1.2667389626130898e-07,0.0120982944794321,0.0030855500050492,52,1,F
253,52_P1,0.0,0.0001363426863502,2.578367457317654e-06,0.0084025387553399,0.0021353649522868,52,1,F
254,53_PKB,0.0,0.0002166786588495,0.0011259550228714,0.0811518659224586,0.0206236249010449,53,1,P
255,53_H2,0.0,0.0001751711656963,0.0003809207410085,0.1394592094286731,0.0350038253338445,53,1,P
256,53_SASA,0.0,3.5001141766943e-05,0.0,0.1818969047147,0.0454829764641167,53,1,P
257,53_MASS,0.0,0.0003568538037071,8.220380323109566e-07,0.2153151571813507,0.0539182082557725,53,1,P
258,53_NCI,1.0525126201223788e-05,1.4927333571612706e-05,3.351394843775779e-05,0.1372126649504977,0.034317907839677,53,1,P
259,53_P1,0.0,8.949300660080129e-06,1.6819158190628514e-05,0.0841115303617107,0.0210343247051403,53,1,P
260,54_P1,0.0,1.6685071845099155e-05,8.947142305260058e-06,0.0926131794592749,0.0231597029183563,54,1,I
261,54_PKB,0.0,4.374401679661048e-06,4.2297480717934377e-07,0.0682160957146306,0.0170552232727793,54,1,I
262,54_NCI,0.0,1.1517935565333044e-05,4.310285461883723e-09,0.0736271461121577,0.0184096670895021,54,1,I
263,54_H2,0.0,1.6685071845099155e-05,8.947142305260058e-06,0.0926131794592749,0.0231597029183563,54,1,I
264,56_PKB,0.0,3.6640577856918974e-05,1.2896811313112266e-05,0.121120729081152,0.0302925666175805,56,1,F
265,56_NCI,2.0605198239388064e-05,0.0003543583656068,0.000162011332577,0.0485069617097581,0.0122609841515453,56,1,F
266,57_P1,0.0,5.821612185416332e-05,6.703878625557991e-07,0.0026678038414401,0.0006816725877892,57,1,L
267,57_MASS,0.0,4.508932848704315e-05,0.0,0.0478153883524975,0.0119651194202461,57,1,L
268,57_SASA,0.0002681953065331,5.482308742090354e-05,0.0,0.0140022099793882,0.0035813070933355,57,1,L
269,57_PKB,0.0,5.078307610867367e-05,0.0,0.1550666152895877,0.038779349591424,57,1,L
270,57_NCI,0.0,2.907118337585792e-05,1.0859715985134244e-05,0.1238534324335744,0.0309733408332338,57,1,L
271,58_H2,0.0,3.662692419999505e-07,6.967656645429088e-06,0.0286493778199423,0.0071641779364574,58,1,T
272,58_PKB,0.0,3.662692419999505e-07,6.967656645429088e-06,0.0286493778199423,0.0071641779364574,58,1,T
273,58_MASS,0.0,9.095411003927154e-10,0.0,0.0528686537506884,0.0132171636650573,58,1,T
274,58_NCI,0.0,7.8669093908942e-07,0.0,0.038072402007648,0.0095182971746467,58,1,T
275,58_SASA,0.0,6.88923411433107e-07,0.0,0.0472021945409362,0.0118007208660869,58,1,T
276,58_P1,0.0,3.662692419999505e-07,6.967656645429088e-06,0.0286493778199423,0.0071641779364574,58,1,T
277,59_NCI,0.0,2.04449992585697e-05,0.0,0.2144677137708664,0.0536220396925312,59,1,L
278,59_H2,0.0,5.770013526644239e-06,0.0,0.0767597941205792,0.0191913910335264,59,1,L
279,59_SASA,2.027772528641097e-05,8.449235870083219e-06,0.0,0.0542700149376171,0.0135746854746934,59,1,L
280,60_SASA,1.6862267006871425e-05,1.583244167368579e-05,5.334900379239116e-06,0.0442273917416776,0.0110663553376843,60,1,Y
281,60_PKB,0.0,5.420677444464339e-05,2.6520347091718577e-06,0.1661841275971075,0.0415602466015653,60,1,Y
282,60_P1,0.0,6.854408816480956e-05,3.1173160550679317e-06,0.1772527215400548,0.0443310957360686,60,1,Y
283,60_H2,0.0,4.439137526124779e-05,2.1201176423346624e-06,0.0192475645657303,0.0048235190146584,60,1,Y
284,61_MASS,0.0,6.474899255797807e-06,0.0,0.0652631205912894,0.0163173988726363,61,1,V
285,61_NCI,0.0,0.0072694034111992,4.2010128709080163e-07,0.0412289742905144,0.0121246994507502,61,1,V
286,61_SASA,0.0,6.261564529115935e-06,0.0,0.0646088875159756,0.0161537872701261,61,1,V
287,61_PKB,0.0,6.838096173405504e-05,0.0035102057736366,0.1842506660622425,0.0469573131994033,61,1,V
288,61_H2,0.0,1.731246161889992e-06,2.103382212226279e-05,0.1219808023123676,0.0305008918451629,61,1,V
289,61_P1,0.0,5.482482012762642e-06,0.001191318500787,0.0359186652695778,0.0092788665630943,61,1,V
290,62_SASA,0.0,2.013672650994712e-08,0.0,0.0111960849696349,0.0027990262765903,62,CT/EC,T
291,62_P1,0.0,2.1231671726437162e-07,0.0,0.0780947889055763,0.0195237503055734,62,CT/EC,T
292,62_H2,0.0,2.1231671726437162e-07,0.0,0.0780947889055763,0.0195237503055734,62,CT/EC,T
293,62_NCI,0.0,1.1544149014637851e-06,0.0,0.0554966430245316,0.0138744493598582,62,CT/EC,T
294,62_MASS,0.0,2.013672650994712e-08,0.0,0.0111960849696349,0.0027990262765903,62,CT/EC,T
295,62_PKB,0.0,1.4025883832759098e-07,0.0,0.0028946878996928,0.0007237070396327,62,CT/EC,T
296,63_SASA,0.0,5.587174419544952e-05,1.826437937779701e-06,0.0293479490581921,0.0073514118100813,63,CT/EC,V
297,63_MASS,3.000329012130945e-05,6.498422841078291e-05,7.459767221007496e-05,0.0479970350659318,0.0120416550641685,63,CT/EC,V
298,63_NCI,0.0,0.0005156474244125,7.025277682259912e-06,0.3077208877817478,0.0770608901209606,63,CT/EC,V
299,63_PKB,0.0,0.0001136423115141,0.0001110682424041,0.332648186602879,0.0832182242891993,63,CT/EC,V
300,64_SASA,1.8808540649586695e-05,0.000275245924913,3.6184912843850725e-09,0.052890501940514,0.0132961400061419,64,CT/EC,Q
301,64_MASS,0.0,0.0002716798828666,0.0005639930604957,0.2162425868393876,0.0542695649456874,64,CT/EC,Q
302,64_P1,0.0,0.0001806803121778,3.310673264422803e-06,0.2181286607555067,0.0545781629352372,64,CT/EC,Q
303,64_H2,0.0,5.7162078651375375e-06,1.2261057236173656e-05,0.1555603629722992,0.0388945850593501,64,CT/EC,Q
304,65_H2,0.0,0.0007295456150307,1.5397201423184015e-05,0.1399715655314333,0.0351791270869718,65,CT/EC,H
305,65_P1,0.0,2.4010649201693877e-05,0.0,0.0177248358160901,0.0044372116163229,65,CT/EC,H
306,65_PKB,0.0,7.17151305276008e-05,0.0,0.1915190483001819,0.0478976908576773,65,CT/EC,H
307,66_MASS,0.0,5.191879284051108e-06,0.0,0.0908176564097863,0.0227057120722675,66,CT/EC,K
308,67_NCI,0.0,3.970294909015404e-05,0.0001494211173849,0.3617267575904216,0.0904789704142241,67,CT/EC,K
309,67_SASA,0.0,1.861681155802056e-05,0.0,0.1974259679355252,0.0493611461867708,67,CT/EC,K
310,67_PKB,0.0,0.0001025297005099,1.125562903325772e-06,0.0122808195740459,0.0030961187093647,67,CT/EC,K
311,67_MASS,0.0,5.415997913437258e-05,0.000153589353431,0.2349200725327543,0.0587819554663299,67,CT/EC,K
312,67_P1,0.0001280639278485,1.0416988737664488e-05,1.8795217329170555e-05,0.0245462469741356,0.0061758807770127,67,CT/EC,K
313,67_H2,0.0,4.25176711344722e-05,1.805895635698107e-06,0.0199447911830666,0.0049972786874592,67,CT/EC,K
314,69_SASA,0.0,7.830132316874594e-06,0.0,0.0473217131168071,0.011832385812281,69,CT/EC,R
315,69_H2,0.0,3.1952889792794028e-06,0.0,0.060099504420504,0.0150256749273708,69,CT/EC,R
316,69_MASS,0.0,1.295180192727179e-05,0.0,0.1039875844040581,0.0260001340514963,69,CT/EC,R
317,69_NCI,0.0,3.438847618302858e-06,0.0,0.1576404864854234,0.0394109813332604,69,CT/EC,R
318,69_P1,0.0,6.620168272216541e-08,0.0,0.0222994771957787,0.0055748858493653,69,CT/EC,R
319,70_SASA,0.0,1.6100703014992142e-05,0.0,0.0117871540712629,0.0029508136935694,70,CT/EC,T
320,70_MASS,0.0,1.6100703014992142e-05,0.0,0.0117871540712629,0.0029508136935694,70,CT/EC,T
321,70_NCI,0.0,3.839657729198046e-07,0.0,0.2201805741902194,0.055045239538998,70,CT/EC,T
322,70_P1,0.0,3.008025669631874e-06,0.0,0.0114049357736261,0.0028519859498239,70,CT/EC,T
323,70_H2,0.0,9.61571202785488e-06,2.21496890162598e-07,0.0443817494821809,0.0110978966727747,70,CT/EC,T
324,70_PKB,0.0,9.875865821198225e-06,0.0,0.0691148090633966,0.0172811712323044,70,CT/EC,T
325,71_PKB,0.0,1.0239665966872192e-06,0.0,0.0487460102219801,0.0121867585471441,71,CT/EC,P
326,71_NCI,0.0,5.699310958502359e-07,0.0,0.1349798642724682,0.033745108550891,71,CT/EC,P
327,71_MASS,0.0,1.031742004751638e-07,0.0,0.0023977006004901,0.0005994509436726,71,CT/EC,P
328,71_P1,0.0,2.945578947724105e-06,0.0,0.000263516872457,6.661561285119708e-05,71,CT/EC,P
329,71_H2,0.0,4.678446678008461e-05,1.1617951400921812e-07,0.0430664754091299,0.010778344013856,71,CT/EC,P
330,71_SASA,0.0,1.031742004751638e-07,0.0,0.0023977006004901,0.0005994509436726,71,CT/EC,P
331,72_PKB,0.0,2.684780399681905e-06,3.973363163822796e-06,0.0414194965398407,0.010356538670851,72,CT/EC,L
332,72_H2,0.0,2.6089264786958734e-07,0.0,0.0916734570141954,0.0229184294767108,72,CT/EC,L
333,72_MASS,0.0,3.653187503882862e-06,8.818908936447655e-10,0.0159199720260901,0.0039809065238712,72,CT/EC,L
334,72_P1,0.0,2.6089264786958734e-07,0.0,0.0916734570141954,0.0229184294767108,72,CT/EC,L
335,72_NCI,0.0,7.678144990409099e-05,0.0,0.0915046973614092,0.0228953697028283,72,CT/EC,L
336,72_SASA,5.5479838545398935e-11,7.32873010726001e-08,0.0,0.0199398642157281,0.0049849843896272,72,CT/EC,L
337,74_NCI,0.0,1.1197886021773264e-06,0.0002672787231858,0.0686838552788488,0.0172380634476592,74,2,Y
338,74_PKB,0.0,3.718872674441604e-06,0.0,0.1115076107908766,0.0278778324158877,74,2,Y
339,74_SASA,0.0,1.489275887441035e-05,2.501872131688288e-07,0.0314049634041714,0.0078550265875647,74,2,Y
340,74_P1,0.0,3.33715686574513e-05,1.940279071277473e-05,0.0721399434672084,0.0180481794566446,74,2,Y
341,74_MASS,0.0,4.723180302231111e-05,2.5248700907809507e-08,0.027619956411769,0.006916803365873,74,2,Y
342,74_H2,0.0,9.619138903256456e-06,6.36440199741628e-06,0.0680844418533467,0.0170251063485618,74,2,Y
343,75_PKB,0.0006679914118318,1.4541881306719982e-05,0.0,0.0251041068045766,0.0064466600244288,75,2,I
344,75_H2,0.0,3.2132804733556344e-06,2.168325227103196e-05,0.0156846795899535,0.0039273940306744,75,2,I
345,75_MASS,0.0006679914118318,1.4541881306719982e-05,0.0,0.0251041068045766,0.0064466600244288,75,2,I
346,75_NCI,0.0,2.9759189536686897e-05,1.9315450572321427e-07,0.0467429356561643,0.0116932220000516,75,2,I
347,75_SASA,0.0,2.304314894401771e-07,0.0,0.0127185813589038,0.0031797029475983,75,2,I
348,76_SASA,0.0,4.110018972957422e-06,0.0,0.0084809662431739,0.0021212690655367,76,2,L
349,76_NCI,0.0,3.933515127115086e-05,1.2786803381459322e-05,0.0538433306594016,0.0134738631535135,76,2,L
350,78_H2,0.0,1.6616307397077796e-08,0.0,0.0014932982231669,0.0003733287098685,78,2,N
351,78_MASS,0.0,2.9032931062438012e-08,0.0,0.0425247633426688,0.0106311980938999,78,2,N
352,78_P1,0.0,5.4245991968213076e-08,0.0,0.0219783149916879,0.0054945923094199,78,2,N
353,78_SASA,0.0,2.9032931062438012e-08,0.0,0.0425247633426688,0.0106311980938999,78,2,N
354,78_PKB,0.0,0.0,0.0,0.0105440732587424,0.0026360183146856,78,2,N
355,78_NCI,0.0,0.0,0.0,0.0292529112502712,0.0073132278125678,78,2,N
356,79_P1,2.4140779416569053e-08,2.061674058075796e-06,4.6595948788308316e-07,0.0412661637588756,0.0103171788833002,79,2,L
357,79_MASS,0.0,1.1608769840090694e-05,0.0,0.0628864524323414,0.0157245153005453,79,2,L
358,79_SASA,0.0,2.346601678026608e-05,0.0,0.0478620763085692,0.0119713855813373,79,2,L
359,79_NCI,0.0,1.2182398665343675e-05,7.798877987852393e-09,0.2020219406162395,0.0505085327034457,79,2,L
360,79_H2,0.0,2.0645619429104607e-05,7.890118922659894e-07,0.0748597481543069,0.018720295696407,79,2,L
361,80_P1,0.0,2.427472120098064e-06,0.0,0.0045704850400146,0.0011432281280336,80,2,A
362,80_H2,0.0,1.726654089406504e-06,4.974887701791886e-07,0.0157190801417405,0.00393032607115,80,2,A
363,80_SASA,0.0,9.657203983391576e-05,1.974717633856926e-07,0.0032646276395452,0.0008403492877856,80,2,A
364,80_NCI,0.0,4.388628233717937e-06,0.0,0.0119977318296195,0.0030005301144633,80,2,A
365,80_MASS,0.0,7.680834243287241e-05,6.173759459215944e-08,0.0037390575210164,0.0009539819002609,80,2,A
366,80_PKB,0.0,8.175594452891605e-07,0.0,0.0067450166796291,0.0016864585597686,80,2,A
367,81_PKB,0.0005019133016247,9.935746763477508e-05,1.082896005755174e-06,0.1630337027283542,0.0409090140984048,81,2,V
368,81_P1,0.0,3.302839390740366e-05,1.750384740262234e-06,0.0024961101669524,0.0006327222364,81,2,V
369,81_SASA,0.0,0.0001419669518351,0.0001992894394788,0.065272985556533,0.0164035604869617,81,2,V
370,81_MASS,0.0,0.0001489747269104,0.0,0.0543290546609142,0.0136195073469561,81,2,V
371,81_H2,7.575758456851277e-06,3.778781320951468e-05,1.6898462490644306e-05,0.1202605189492699,0.0300806952458567,81,2,V
372,81_NCI,0.0003050953202804,0.0003546044971365,1.2547783398986212e-06,0.2729574782098397,0.0684046082013991,81,2,V
373,82_P1,0.0,1.8986024286883096e-06,6.976257083124437e-08,0.0422423277836586,0.0105610740371645,82,2,A
374,82_SASA,0.0,3.181741648288708e-05,0.0,0.0411204514292429,0.0102880672114314,82,2,A
375,82_H2,0.0,0.0001195957986947,5.269518442219123e-05,0.2841168202114742,0.0710722777986477,82,2,A
376,82_MASS,0.0,1.919655439247051e-06,0.0,0.0048729440052702,0.0012187159151773,82,2,A
377,82_NCI,0.0,1.54721076770604e-05,2.12469490179501e-06,0.0652104262878875,0.0163070057726166,82,2,A
378,82_PKB,0.0,3.595054691813516e-05,0.0,0.0762076658459501,0.019060904098217,82,2,A
379,83_H2,0.0,6.945922811534068e-06,3.262709697082755e-06,0.1139341031780225,0.0284860779526328,83,2,D
380,83_PKB,0.0,4.493578199328253e-05,0.001875314163044,0.3009723592793478,0.0757231523060963,83,2,D
381,83_P1,0.0,6.945922811534068e-06,3.262709697082755e-06,0.1139341031780225,0.0284860779526328,83,2,D
382,83_SASA,0.0,5.431896427762062e-05,7.137268198675883e-08,0.0552822206519379,0.0138341527472243,83,2,D
383,83_MASS,0.0,5.431896427762062e-05,7.137268198675883e-08,0.0552822206519379,0.0138341527472243,83,2,D
384,83_NCI,0.0,5.431896427762062e-05,7.137268198675883e-08,0.0552822206519379,0.0138341527472243,83,2,D
385,84_H2,0.0,7.528216962295255e-05,0.0002007839648285,0.1964262085716998,0.0491755686765378,84,2,L
386,84_MASS,0.0,4.152437311026936e-05,3.224352667530184e-06,0.0968031213010671,0.0242119675067112,84,2,L
387,84_PKB,0.0,0.000146558853243,0.0003056857967749,0.0822104665622806,0.0206656778030746,84,2,L
388,84_SASA,0.0,0.0002150361241582,0.0,0.0916754195377487,0.0229726139154767,84,2,L
389,84_NCI,0.0001035546471909,0.0001989117116765,0.0003115927975159,0.1905246562351063,0.0477846788478724,84,2,L
390,85_NCI,6.674205773691524e-05,6.689132166008483e-05,5.9689118643291295e-06,0.0667240033554846,0.0167159014116865,85,2,F
391,85_P1,0.0,0.0001270258320433,0.0004383281047921,0.0832223630178643,0.0209469292386749,85,2,F
392,85_MASS,0.0,0.0001181723175538,0.0002764882519841,0.0537800514071257,0.0135436779941659,85,2,F
393,85_H2,0.0,0.0001257290118668,9.574471278028795e-07,0.024191757992914,0.0060796111129771,85,2,F
394,85_SASA,3.4058550111956327e-06,2.571499723204744e-05,1.740168227115646e-05,0.1789291615628023,0.0447439210243291,85,2,F
395,86_NCI,0.0,5.442482909699448e-07,3.576222661649808e-05,0.1711088879117378,0.0427862985966613,86,2,M
396,86_H2,0.0043096328043129,0.0001192246532888,4.2150950321229175e-05,0.8718001152710696,0.2190677809197481,86,2,M
397,86_P1,0.020432873917036,0.0211572053048518,0.0260039698332548,0.3698177201848627,0.1093529423100013,86,2,M
398,86_SASA,0.0022491235834595,4.705884493738441e-05,0.0002190180675825,0.1663150218051287,0.042207555575277,86,2,M
399,86_PKB,0.0004088506417808,0.0002144647428401,0.0002175974077545,0.1926324046626898,0.0483683293637663,86,2,M
400,87_NCI,0.0439451185764216,0.0037956463002502,0.0024625910446047,0.2347401054025547,0.0712358653309578,87,2,V
401,87_MASS,0.0,3.957062950276416e-05,0.0,0.1736947447368134,0.043433578841579,87,2,V
402,87_P1,0.0,0.0001034553945797,3.712188481586054e-05,0.1386852267489779,0.0347064510070933,87,2,V
403,87_PKB,0.0,1.2518225189044957e-05,1.1698116395564284e-05,0.1216938708870094,0.0304295218071485,87,2,V
404,88_SASA,0.0,6.986757602814177e-05,1.0440866162753082e-06,0.0244758158550556,0.006136681879425,88,2,F
405,88_P1,0.0,0.0001114205182454,2.3357317331829108e-05,0.0569216164352597,0.0142640985677092,88,2,F
406,88_NCI,0.0,0.0001698541313217,3.908532744389959e-05,0.0888651912813404,0.0222685326850265,88,2,F
407,88_H2,7.288283927001584e-05,5.839642799925138e-05,8.812010491965339e-06,0.0130381412033262,0.0032945581202718,88,2,F
408,88_MASS,0.0,9.598140078129198e-05,0.0002148731582565,0.0955300689745207,0.0239602308833896,88,2,F
409,89_PKB,6.824923135358493e-05,0.0002318064783271,3.0415551464102464e-06,0.0885806900585403,0.0222209468308418,89,2,G
410,89_MASS,0.0,4.703045228572344e-05,0.0,0.1318475699783456,0.0329736501076578,89,2,G
411,89_NCI,0.0003487901236036,1.787007027758946e-05,0.0002514156512916,0.1487886955471936,0.0373516928480916,89,2,G
412,89_H2,0.0,0.0002310835517608,6.828125606261892e-06,0.0648088168552544,0.0162616821331553,89,2,G
413,89_SASA,0.0060246178045661,0.0037680928833793,0.0012245663674548,0.1741448277720008,0.0462905262068502,89,2,G
414,89_P1,0.0,5.242854409413396e-06,6.052193384675775e-06,0.0311576292672051,0.0077922310787498,89,2,G
415,90_MASS,0.0007973131848253,4.801736219406287e-05,0.0,0.0469201264132672,0.0119413642400716,90,2,G
416,90_P1,0.0,5.711259284814709e-05,0.0,0.141374610209945,0.0353579307006982,90,2,G
417,90_NCI,0.0005110174991738,1.0908233526718416e-05,0.000650639005471,0.1374304937798941,0.0346507646295164,90,2,G
418,90_H2,0.0,8.255094478182695e-05,0.0004129780863877,0.3052158799804539,0.0764278522529058,90,2,G
419,90_PKB,0.0018805722469523,0.0002965763418523,0.0003352162311784,1.0,0.2506280912049958,90,2,G
420,91_SASA,0.0,0.0062870483751104,0.0095953475683927,0.0282046933345104,0.0110217723195034,91,2,F
421,91_PKB,0.000378775747733,0.0003367833784092,4.44229444838129e-05,0.3502217317469038,0.0877454284543824,91,2,F
422,91_MASS,0.0,0.0062870483751104,0.0095953475683927,0.0282046933345104,0.0110217723195034,91,2,F
423,91_P1,0.0,0.0001448072430572,1.5955748722262797e-08,0.0516777040248597,0.0129556318059164,91,2,F
424,91_NCI,0.0,7.087551656955707e-06,0.0,0.1963402858854815,0.0490868433592846,91,2,F
425,92_P1,0.0,2.00037116973128e-05,1.920916656672489e-05,0.0555308455222732,0.0138925146001343,92,2,T
426,92_MASS,4.647614886894747e-06,3.4138293027291544e-06,1.3945921182312304e-06,0.0879776745384964,0.021996782643701,92,2,T
427,92_NCI,0.0,4.69972954724777e-05,3.648580559456605e-06,0.0246352578774257,0.0061714759383644,92,2,T
428,92_SASA,4.647614886894747e-06,3.4138293027291544e-06,1.3945921182312304e-06,0.0879776745384964,0.021996782643701,92,2,T
429,92_H2,0.0,1.31936199915025e-05,0.0,0.1826041883772101,0.0456543454993004,92,2,T
430,92_PKB,0.0,4.69972954724777e-05,3.648580559456605e-06,0.0246352578774257,0.0061714759383644,92,2,T
431,93_P1,0.0,3.258298168213978e-05,1.3207443316787248e-06,0.1827695029080954,0.0457008516585273,93,2,T
432,93_H2,0.0,9.756515505024469e-06,6.127164851932321e-06,0.3668929575502448,0.0917272103076504,93,2,T
433,93_PKB,0.0015380015422386,0.000468727300365,0.0,0.4820397569504895,0.1210116214482733,93,2,T
434,93_NCI,0.0,0.0003125315192779,0.00370275368914,0.0691713921172998,0.0182966693314294,93,2,T
435,93_MASS,8.601824673198565e-05,0.0001002733524333,0.0,0.0828136243636344,0.0207499789906999,93,2,T
436,93_SASA,2.980343137848181e-08,6.994893613437666e-05,0.0,0.1553719523706754,0.0388604827775602,93,2,T
437,94_PKB,0.0159849073288302,4.265220430072005e-05,0.0114018190652132,0.1632322700314268,0.0476654121574427,94,2,T
438,94_MASS,0.0,2.173202174494384e-05,9.974009117286188e-06,0.0343209608903221,0.0085881667302961,94,2,T
439,94_P1,0.0009507073481742,0.0022569289926369,0.0,0.0279010948640145,0.0077771828012064,94,2,T
440,94_SASA,0.0,0.0071224400837873,0.0,0.0389386516143858,0.0115152729245433,94,2,T
441,94_NCI,0.0008299734929738,9.037163308922158e-05,3.539795670803869e-06,0.1688358383194519,0.0424399308102964,94,2,T
442,94_H2,0.0014136205464202,3.370955416005689e-05,0.0008214676636271,0.0630253227735209,0.016323530134432,94,2,T
443,95_PKB,0.0,2.209998735279076e-05,1.3626103623209929e-07,0.2450890192414495,0.0612778138724596,95,2,L
444,95_SASA,0.0,2.25832648000809e-05,1.720978252706118e-05,0.0965560041823684,0.0241489493074238,95,2,L
445,95_H2,0.0,8.880595778127146e-06,3.065536702706595e-06,0.0508367364894887,0.0127121706554923,95,2,L
446,95_P1,0.0,1.2379025403230715e-05,3.238030103602796e-06,0.0272738105470106,0.0068223569006293,95,2,L
447,95_MASS,0.0,0.0001083741523896,5.039553070673719e-05,0.1124889348818268,0.0281619261412308,95,2,L
448,95_NCI,0.0,4.603475781786093e-05,3.83760743716266e-06,0.0471820278194467,0.0118079750461754,95,2,L
449,96_PKB,0.0,5.837566985881526e-05,5.110012466502667e-07,0.0249563003051994,0.0062537967440762,96,CT/EC,Y
450,96_SASA,0.0008018142185668,0.0039058605892969,0.0025717678945511,0.1276441689239864,0.0337309029066003,96,CT/EC,Y
451,96_P1,0.0004240122721025,6.742210726681145e-05,1.9524970412021503e-05,0.0773875830490182,0.0194746355996998,96,CT/EC,Y
452,96_H2,0.000517599579557,0.0002099520293294,2.2550595701886778e-07,0.1596377657620397,0.0400913857192208,96,CT/EC,Y
453,96_MASS,3.632936793176245e-05,0.000287066115268,4.834923856833484e-07,0.1917618604421753,0.0480214348544402,96,CT/EC,Y
454,96_NCI,0.0002674785623261,0.0012545601151981,0.0001232646027347,0.1124012781863983,0.0285116453666643,96,CT/EC,Y
455,97_MASS,0.0,0.0013032478141012,0.0020420190412551,0.2902111718921372,0.0733891096868734,97,CT/EC,T
456,97_NCI,0.0,0.0001513436609853,1.8092676157266402e-07,0.1802309561308557,0.0450956201796506,97,CT/EC,T
457,97_P1,0.0,3.1380365155038e-06,0.0,0.1244694621886011,0.0311181500562791,97,CT/EC,T
458,97_PKB,0.0,3.46812081365639e-05,1.281668886576881e-07,0.4135541698311825,0.1033972448015519,97,CT/EC,T
459,97_SASA,0.0,3.3714055876119896e-05,0.0,0.2438488108051509,0.0609706312152567,97,CT/EC,T
460,97_H2,0.0,6.818838696899577e-05,1.607820934168558e-07,0.5247840335983415,0.1312130956918509,97,CT/EC,T
461,98_SASA,0.0012511582584123,0.0088672796800146,0.0,0.093963996829354,0.0260206086919452,98,CT/EC,S
462,98_PKB,0.0223412850979446,0.0176612154023766,0.2338442355394363,0.0408009621330996,0.0786619245432143,98,CT/EC,S
463,98_MASS,0.0181384389983126,0.0012219761224581,0.0796041339635849,0.1231906741706406,0.055538805813749,98,CT/EC,S
464,98_NCI,0.0,4.208294888828989e-06,1.5084414371813182e-05,0.0520925829119317,0.013027968905298,98,CT/EC,S
465,99_SASA,0.0,3.3053315987072225e-05,3.397865611987072e-06,0.0006250711122396,0.0001653805734596,99,CT/EC,L
466,99_PKB,0.0,0.0001003550308463,1.79559374373639e-05,0.1795861039856528,0.0449261037384841,99,CT/EC,L
467,99_MASS,0.0,3.0068156269253045e-05,6.651277362834662e-05,0.0180130055992508,0.0045273966322871,99,CT/EC,L
468,99_NCI,0.0,4.7299587707320095e-05,1.5646874089725316e-05,0.0705837767429131,0.0176616808011775,99,CT/EC,L
469,99_P1,0.0,3.627886296506153e-05,1.857466486399062e-06,0.0551577611644834,0.0137989743734837,99,CT/EC,L
470,99_H2,0.0,0.0001164114755923,2.597524144221097e-05,0.0818222481115485,0.0204911587071457,99,CT/EC,L
471,100_SASA,0.0,0.0001510503271933,7.447321695508435e-05,0.0188885476918721,0.0047785178090051,100,CT/EC,H
472,100_H2,0.0,0.0001457370483899,0.0001375670253764,0.0734893078935535,0.0184431529918299,100,CT/EC,H
473,100_P1,0.0,0.0005364458706716,0.0001614475622773,0.1655554543567422,0.0415633369474228,100,CT/EC,H
474,100_NCI,0.0002068342077211,7.688350254800099e-05,1.4142561667540576e-05,0.1604923616814,0.0401975554883341,100,CT/EC,H
475,100_MASS,2.122786238195613e-06,0.0002204251721787,4.334317054599524e-06,0.0344759743166303,0.0086757141480254,100,CT/EC,H
476,101_SASA,0.0,1.9329127012803907e-05,1.7865031054498107e-07,0.1414616710268375,0.0353702947010402,101,CT/EC,G
477,101_MASS,0.0,1.0735284140432926e-05,0.0004700988647527,0.1183725850092025,0.0297133547895239,101,CT/EC,G
478,101_NCI,0.0002701333361354,4.645507738098749e-05,1.0640894288371784e-05,0.0446429208218119,0.0112425375324041,101,CT/EC,G
479,101_H2,3.056165627698906e-07,2.277868914576153e-06,0.0,0.1786761457471833,0.0446696823081651,101,CT/EC,G
480,101_PKB,4.419131033542261e-05,2.742735640113592e-06,1.0291818597352177e-07,0.3166068310727551,0.0791634670092291,101,CT/EC,G
481,102_NCI,2.9130635968303597e-06,4.642541602721062e-07,7.38082526368089e-05,0.1918746094489089,0.0479879487548257,102,CT/EC,Y
482,102_P1,0.0,2.1549866571184063e-05,0.0014404830290004,0.0257144777761226,0.0067941276679235,102,CT/EC,Y
483,102_MASS,0.0,4.268274107756238e-07,0.0,0.1234007283884938,0.0308502888039761,102,CT/EC,Y
484,102_H2,0.0,7.629266011128785e-06,0.0003340194525662,0.0491803474451493,0.0123804990409316,102,CT/EC,Y
485,102_PKB,0.0,4.084768181552206e-06,4.3608054056676344e-08,0.0726120462625166,0.018154043659688,102,CT/EC,Y
486,102_SASA,0.0,2.248924206823971e-05,0.0,0.0210420429674657,0.0052661330523835,102,CT/EC,Y
487,103_MASS,0.0,0.001415394441335,0.0,0.0584427166656511,0.0149645277767465,103,CT/EC,F
488,103_SASA,0.0,0.0005458109515898,0.0,0.0655033642038455,0.0165122937888588,103,CT/EC,F
489,103_P1,0.0008038548783182,0.0025088812180824,2.368858709189681e-08,0.053525891543127,0.0142096628320287,103,CT/EC,F
490,103_H2,0.0,0.0018637677130992,0.0267009772360324,0.1508079239592514,0.0448431672270958,103,CT/EC,F
491,104_SASA,0.0014089215756788,6.853655200252554e-05,3.0744669743398845e-07,0.0887481921607554,0.0225564894337835,104,CT/EC,V
492,104_MASS,0.0,0.0004183241184723,7.650160682715068e-08,0.1393812238014526,0.0349499061053829,104,CT/EC,V
493,104_H2,0.0,0.0001617638857111,1.0120199931407114e-06,0.1731115603683616,0.0433185840685164,104,CT/EC,V
494,104_PKB,0.0,7.918146062028844e-05,1.1523495686560636e-06,0.2796181002666234,0.0699246085192031,104,CT/EC,V
495,104_P1,0.0,0.000233336723895,2.4263244995381683e-06,0.077251259130954,0.0193717555448371,104,CT/EC,V
496,104_NCI,0.0,4.867701414426769e-05,4.037394683109597e-05,0.1095912753897821,0.0274200815876893,104,CT/EC,V
497,105_P1,0.0,4.67458421017636e-05,5.855467293258698e-07,0.162841874750066,0.0407223015347242,105,CT/EC,F
498,105_MASS,0.0,7.132326400138685e-05,7.12751386799937e-08,0.0258583888441834,0.0064824458458308,105,CT/EC,F
499,105_PKB,0.0,0.000180111667933,8.062893357418943e-06,0.245994473394698,0.0615456619889971,105,CT/EC,F
500,105_H2,0.0,0.0015042885040214,1.0627107940308631e-06,0.1826194928410305,0.0460312110139615,105,CT/EC,F
501,105_SASA,0.0,8.8090875186999e-06,0.0,0.0950312939151673,0.0237600257506715,105,CT/EC,F
502,106_H2,0.0,4.166737606033324e-06,1.6705729422028528e-07,0.091309562277697,0.0228284740181493,106,CT/EC,G
503,106_SASA,0.0,0.0024690370422808,0.0,0.0052636155117035,0.001933163138496,106,CT/EC,G
504,106_P1,0.0,4.166737606033324e-06,1.6705729422028528e-07,0.091309562277697,0.0228284740181493,106,CT/EC,G
505,106_NCI,0.0,2.5868994799173846e-06,0.0,0.1292969452686402,0.03232488304203,106,CT/EC,G
506,106_PKB,0.0,0.0009744066408103,0.0,0.0254523067045538,0.006606678336341,106,CT/EC,G
507,106_MASS,0.0,0.0024690370422808,0.0,0.0052636155117035,0.001933163138496,106,CT/EC,G
508,107_PKB,3.8330820637190735e-08,4.573456016337361e-05,1.814447614378878e-06,0.0169336072749351,0.0042452986533833,107,CT/EC,P
509,107_NCI,4.057200082240414e-06,2.7240378723452745e-05,4.537209406407783e-06,0.0407168227904544,0.0101881643946666,107,CT/EC,P
510,107_SASA,0.0,9.63032692453506e-05,0.0001078298009815,0.0207187052931374,0.005230709590841,107,CT/EC,P
511,107_MASS,0.0,1.2702989739456007e-05,4.37581689993749e-07,0.1506180241064308,0.037657791169465,107,CT/EC,P
512,107_P1,0.0,0.0001082400238268,0.0002220758324256,0.0832160199858443,0.0208865839605242,107,CT/EC,P
513,107_H2,0.0,1.634474661270767e-05,2.0404642782523297e-05,0.0708066707095769,0.017710855024743,107,CT/EC,P
514,108_H2,8.860130611583239e-05,0.0003217292198069,1.956842197614605e-06,0.1626838867140776,0.0407740435205494,108,CT/EC,T
515,108_PKB,0.0,9.115291810476498e-05,1.3539630344894247e-05,0.0494580401006009,0.0123906831622626,108,CT/EC,T
516,108_SASA,0.0,2.903756750346835e-05,4.3130484073117266e-08,0.0038145713510173,0.0009609130122512,108,CT/EC,T
517,108_MASS,0.0,2.6158211189693577e-05,2.0447712358873105e-06,0.0013411491897901,0.0003423380430539,108,CT/EC,T
518,108_NCI,0.0,8.519502318622592e-05,3.1728545764053706e-06,0.0264288094814038,0.0066292943397916,108,CT/EC,T
519,109_P1,0.0,0.0004528684193766,1.1031354461010778e-06,0.0148946729090003,0.0038371611159557,109,CT/EC,G
520,109_H2,0.0,0.0004278235248666,0.0005075178924016,0.0171363437667044,0.0045179212959931,109,CT/EC,G
521,109_NCI,0.0027821970748435,0.001209871875374,0.0032739546149969,0.105067472939122,0.0280833741260841,109,CT/EC,G
522,109_SASA,0.0013964736349138,0.00112429931428,0.0013686784077435,0.0162284269330412,0.0050294695724946,109,CT/EC,G
523,109_PKB,0.0,0.0001456813576802,4.707277639681706e-06,0.083309313390632,0.0208649255064879,109,CT/EC,G
524,109_MASS,0.0013964736349138,0.00112429931428,0.0013686784077435,0.0162284269330412,0.0050294695724946,109,CT/EC,G
525,111_NCI,0.0,0.0002417454058808,0.0008119441918097,0.1879015762211095,0.0472388164547,111,3,N
526,111_H2,0.0028185892086349,0.0005394972712339,0.0009595807641744,0.0626442220529444,0.0167404723242469,111,3,N
527,111_P1,6.112195974623381e-11,0.0001589752805542,1.5463713509689114e-07,0.0280521172696436,0.0070528118121137,111,3,N
528,112_NCI,0.0,7.978027186389221e-05,1.6014793800422922e-05,0.1567548154420274,0.0392126526269229,112,3,L
529,112_SASA,0.0,0.0001246416706726,9.438949746254366e-07,0.0953820991212026,0.0238769211717124,112,3,L
530,112_PKB,0.0,5.755597218013396e-05,0.0,0.1392224519751937,0.0348200019868434,112,3,L
531,112_H2,0.0,8.310135299840643e-05,9.450005563849118e-06,0.1115862902674508,0.0279197104065032,112,3,L
532,113_PKB,0.0,2.830654199329929e-06,0.0,0.0155970492773397,0.0038999699828847,113,3,E
533,113_SASA,0.0,0.0,0.0,0.0166709124550417,0.0041677281137604,113,3,E
534,113_H2,0.0,9.068792781847797e-08,0.0,0.1121422309638486,0.0280355804129441,113,3,E
535,113_P1,0.0,9.068792781847797e-08,0.0,0.1121422309638486,0.0280355804129441,113,3,E
536,113_NCI,6.553016568537624e-07,3.0509155479147464e-07,0.001243797247298,0.0355447218338021,0.0091973698685779,113,3,E
537,114_SASA,0.0,2.135164034499265e-05,0.0,0.0167590123553198,0.0041950909989162,114,3,G
538,114_NCI,0.0,1.2066503094646017e-05,4.16849616158288e-07,0.1982993988165678,0.0495779705423196,114,3,G
539,114_P1,0.0,3.307203854714348e-05,0.0,0.0174794110773464,0.0043781207789733,114,3,G
540,114_H2,0.0,5.891431611243456e-05,1.0353135166951688e-06,0.0347354193241005,0.0086988422384324,114,3,G
541,114_MASS,0.0,2.9789115441944065e-05,0.0,0.0086392149297044,0.0021672510112865,114,3,G
542,115_H2,0.0,3.2586795697674387e-06,0.0003238733916077,0.3057348060434161,0.0765154845286484,115,3,F
543,115_NCI,5.304905634117945e-05,2.8739607721068063e-05,0.0,0.3772205284140524,0.0943255792695286,115,3,F
544,115_MASS,0.0,2.570924010815913e-05,1.6094993782189706e-07,0.1104968685743875,0.0276306846911083,115,3,F
545,115_SASA,0.0,2.218191483768736e-05,0.0,0.0342883399238518,0.0085776304596723,115,3,F
546,115_P1,0.0,8.872930811712891e-05,4.466294740268495e-06,0.1944080080918742,0.0486253009236829,115,3,F
547,115_PKB,0.0003148934168621,0.0001065837143442,1.750243791320827e-05,0.0865636201585654,0.0217506499319212,115,3,F
548,116_NCI,0.000308578224763,0.0002619816515215,2.039731270997436e-06,0.0237333258883018,0.0060764813739643,116,3,F
549,116_PKB,0.000173036801644,0.0011410853556624,9.46215950534679e-05,0.1124228513769862,0.0284578987823365,116,3,F
550,116_P1,0.001062604638358,0.0010079172489056,0.0005697280284948,0.2208463851562946,0.0558716587680133,116,3,F
551,116_SASA,3.754864672737617e-05,0.000337913383232,4.984808583685663e-06,0.232793066100843,0.0582933782348465,116,3,F
552,116_H2,0.0,0.0006450180125747,0.0006771688931621,0.2885134429757113,0.072458907470362,116,3,F
553,117_PKB,0.0,1.301742910551899e-06,0.0,0.1328965869525916,0.0332244721738755,117,3,A
554,117_SASA,0.0,1.5929062046402608e-07,0.0,0.0575682179420938,0.0143920943081785,117,3,A
555,117_P1,0.0,2.372755805915819e-05,0.0,0.0526087942180061,0.0131581304440163,117,3,A
556,117_MASS,0.0,1.7043842731538077e-07,0.0,0.0371042283016112,0.0092760996850096,117,3,A
557,117_NCI,0.0,1.0749105201665405e-07,0.0,0.2850567558382301,0.0712642158323205,117,3,A
558,117_H2,0.0,4.621707051776147e-06,0.0,0.1485937765864003,0.037149599573363,117,3,A
559,118_H2,5.427710897669802e-05,0.0001787363234287,2.0716697690659203e-06,0.0340104010092199,0.0085613715278486,118,3,T
560,118_P1,0.0,8.156060121918242e-05,0.0,0.0197166160094969,0.004949544152679,118,3,T
561,118_NCI,0.0,0.0003750918074987,0.0,0.1934464694070761,0.0484553903036437,118,3,T
562,118_SASA,0.0089854392855125,0.0006249285857751,0.0022676570806652,0.0973830542085295,0.0273152697901206,118,3,T
563,118_PKB,0.0,0.0004084228837538,0.0017718638991937,0.1929985398692457,0.0487947066630483,118,3,T
564,118_MASS,0.0078936841288931,0.0004412421902321,0.0057299560867249,0.1335126453788904,0.0368943819461851,118,3,T
565,119_H2,0.0,8.628758669750243e-05,4.025410362373805e-06,0.4482916224140298,0.1120954838527724,119,3,L
566,119_PKB,0.0002093443204847,0.0001732209930797,1.091874946723692e-05,0.0826293733746177,0.0207557143594123,119,3,L
567,119_SASA,6.185394288039097e-05,0.0004495096800952,0.000396441493649,0.2344452012599034,0.058838251594132,119,3,L
568,119_MASS,0.000102247188742,6.848312772507923e-05,0.0004762879980262,0.3101522646613756,0.0776998207439672,119,3,L
569,119_NCI,9.461706780698196e-05,8.724847171645506e-05,6.318256055237725e-06,0.1257738474038236,0.0314905077998505,119,3,L
570,120_SASA,0.0,7.118141002790353e-05,1.2007028999505565e-05,0.0948430130204457,0.0237315503648682,120,3,G
571,120_MASS,0.0,7.118141002790353e-05,1.2007028999505565e-05,0.0948430130204457,0.0237315503648682,120,3,G
572,120_PKB,0.0001440784748934,0.0001368613225197,7.284196908585727e-05,0.2834720766474197,0.0709564646034797,120,3,G
573,120_H2,0.0,1.2378999754934493e-05,1.1090353524423337e-07,0.3341246487693436,0.0835342846681584,120,3,G
574,120_P1,0.0,0.0001015121037111,0.0,0.1766819153089551,0.0441958568531665,120,3,G
575,122_H2,0.0026819262943696,0.0003693967870959,0.0019351826049387,0.7318466313227905,0.1842082842522987,122,3,E
576,122_SASA,0.0040365012941243,9.826033356558073e-05,7.016751624178141e-09,0.0450347001166112,0.0122923671902632,122,3,E
577,122_NCI,0.0003015176074743,0.0041341386856051,0.0310465414077043,0.4637588570511801,0.1248102636879909,122,3,E
578,122_PKB,0.0001081391126028,0.0003895032912679,7.891221321187913e-05,0.0329084627651025,0.0083712543455463,122,3,E
579,122_P1,3.153500809408153e-08,0.0002558770631073,0.0,0.1449746060251552,0.0363076286558176,122,3,E
580,123_SASA,0.0,0.0001387365619693,0.0,0.0779657743117259,0.0195261277184238,123,3,I
581,123_MASS,0.0,0.000131437428824,9.335075446870178e-06,0.1031122486980305,0.0258132553005753,123,3,I
582,123_NCI,0.0,7.550240511018091e-05,3.973591901740292e-06,0.0743868255467242,0.018616575385934,123,3,I
583,123_PKB,5.831599821917144e-06,0.0001360467268399,0.0002478176902513,0.3399656491247986,0.0850888362854279,123,3,I
584,124_H2,0.0,8.885294572644991e-05,0.0002064852014882,0.0355032554890867,0.0089496484090753,124,3,A
585,124_NCI,0.0,5.068462051312667e-05,1.955096649908228e-06,0.1689818728347527,0.0422586281379789,124,3,A
586,124_SASA,0.0010076401587542,3.2047215554341934e-05,0.0,0.0673793987174207,0.0171047715229323,124,3,A
587,124_MASS,0.0,2.787803554873077e-05,5.805556035909376e-09,0.0755317520548533,0.0188899089739895,124,3,A
588,124_PKB,0.0,3.9140995141456e-05,0.0,0.1138223160607597,0.0284653642639753,124,3,A
589,125_H2,0.0,0.0104181004825089,8.088812286644043e-09,0.1681677208537591,0.0446464573562701,125,3,L
590,125_P1,0.0,0.0104181004825089,8.088812286644043e-09,0.1681677208537591,0.0446464573562701,125,3,L
591,125_MASS,1.0,1.0,1.0,0.0288292635011826,0.7572073158752957,125,3,L
592,125_SASA,1.0,1.0,1.0,0.0288292635011826,0.7572073158752957,125,3,L
593,125_PKB,0.0,3.386915013102343e-05,1.3600971726646094e-07,0.1536947294907693,0.0384321836626544,125,3,L
594,125_NCI,4.580998100923994e-07,5.498465791219002e-06,9.444104216527194e-05,0.1020012159776517,0.0255254033963545,125,3,L
595,126_MASS,0.0002249260584116,0.000120144057088,2.4064087611463947e-08,0.1534054186347752,0.0384376282035906,126,3,W
596,126_P1,0.0,5.489607585731208e-05,0.0001990617020055,0.0738231381454515,0.0185192739808285,126,3,W
597,126_NCI,0.0,3.506898171831136e-07,3.4758190992079114e-08,0.3389588111596451,0.0847397991519133,126,3,W
598,126_SASA,0.0002249260584116,0.000120144057088,2.4064087611463947e-08,0.1534054186347752,0.0384376282035906,126,3,W
599,126_H2,0.0,5.134592525734512e-05,0.0,0.3212053352458115,0.0803141702927672,126,3,W
600,127_SASA,0.0,4.393100526846744e-06,0.0,0.0298321779673717,0.0074591427669746,127,3,S
601,127_MASS,0.0,2.467052975888076e-06,0.0,0.0093918301568727,0.0023485743024621,127,3,S
602,127_H2,0.0,6.829705227587349e-06,0.0,0.1299386144705878,0.0324863610439538,127,3,S
603,128_SASA,0.0,3.7605913410539063e-08,0.0,0.0166999071607351,0.0041749861916621,128,3,L
604,128_H2,0.0,9.796949940055696e-08,0.0,0.0353661351046721,0.0088415582685428,128,3,L
605,128_P1,0.0,9.796949940055696e-08,0.0,0.0353661351046721,0.0088415582685428,128,3,L
606,128_PKB,0.0,3.703770102748489e-09,0.0,0.0656277044383926,0.0164069270355406,128,3,L
607,128_NCI,0.0,1.8989140788454725e-07,0.0,0.0948579158881764,0.023714526444896,128,3,L
608,128_MASS,0.0,7.398106594775298e-07,0.0,0.0020486518404935,0.0005123479127882,128,3,L
609,129_PKB,0.0008047859831877,0.0001993807848646,0.0,0.1978892754675859,0.0497233605589095,129,3,V
610,129_P1,0.0,8.119845438986798e-05,0.0,0.0182209030828464,0.004575525384309,129,3,V
611,129_NCI,0.0,8.42150330563886e-05,0.0,0.0010213442996968,0.0002763898331883,129,3,V
612,129_H2,8.087307306473537e-07,3.1523447517454744e-05,3.44772961398121e-05,0.0563557808837244,0.014105647589528,129,3,V
613,129_SASA,0.0,5.369339794607791e-06,0.0017908227164298,0.0397483150749017,0.0103861267827815,129,3,V
614,129_MASS,0.0,1.5454243759476203e-06,0.0,0.0495169983763378,0.0123796359501784,129,3,V
615,130_NCI,0.0,3.391283577082384e-05,3.004311838594731e-05,0.103997667017855,0.0260154057430029,130,3,V
616,130_P1,0.0,5.964172392797144e-05,8.656325917399954e-06,0.1147768098322957,0.0287112769705352,130,3,V
617,131_NCI,0.0,4.915611461846114e-06,0.0,0.0039496937790609,0.0009886523476306,131,3,L
618,131_H2,0.0,1.874986054054796e-06,0.0,0.0115857422529841,0.0028969043097595,131,3,L
619,131_MASS,0.0,3.866195173485176e-05,0.0,0.0016456938103232,0.0004210889405145,131,3,L
620,132_MASS,0.0,2.883475955873805e-07,0.0,0.0019037250208528,0.0004760033421121,132,3,A
621,132_H2,0.0,1.492563847778154e-06,0.0,0.0453423529684598,0.0113359613830769,132,3,A
622,132_SASA,0.0,4.829663666246008e-07,1.0565949537522101e-07,0.0160849918060572,0.0040213951079798,132,3,A
623,132_PKB,0.0,3.414938644857784e-07,0.0,0.0908234466251055,0.0227059470297425,132,3,A
624,132_P1,0.0,2.073570528631595e-06,0.0,0.0240645666452108,0.0060166600539348,132,3,A
625,133_P1,0.0,3.426680916776654e-05,4.117374885481695e-07,0.1089422857064176,0.0272442410632685,133,CT/EC,I
626,133_NCI,0.0001080375337899,9.749980639759892e-05,3.469926241450594e-06,0.2250919570053718,0.0563252410679502,133,CT/EC,I
627,133_H2,7.832304014769497e-05,4.668767652495746e-05,3.991823177784681e-06,0.097239236967739,0.0243420598768973,133,CT/EC,I
628,133_PKB,0.0,3.9650450327870366e-05,1.5190666147191226e-07,0.1423127286183169,0.0355881327438265,133,CT/EC,I
629,134_MASS,0.0,1.675356523952712e-06,0.0,0.0121345862475104,0.0030340654010085,134,CT/EC,E
630,134_P1,0.0,5.380753558083142e-05,0.0,0.0039742469224719,0.0010070136145131,134,CT/EC,E
631,134_NCI,0.0,1.1607926335153745e-06,0.0,0.0113092290616583,0.0028275974635729,134,CT/EC,E
632,134_PKB,0.0,3.905945377386913e-07,0.0,0.0014536702659873,0.0003635152151312,134,CT/EC,E
633,134_SASA,0.0,1.675356523952712e-06,0.0,0.0121345862475104,0.0030340654010085,134,CT/EC,E
634,136_SASA,6.960508374339364e-06,1.0729631664590613e-06,0.0,0.0464209514657184,0.0116072462343148,136,CT/EC,Y
635,136_MASS,6.960508374339364e-06,1.0729631664590613e-06,0.0,0.0464209514657184,0.0116072462343148,136,CT/EC,Y
636,136_PKB,0.0,1.8290799592311096e-06,0.0,0.0847137573994648,0.021178896619856,136,CT/EC,Y
637,136_NCI,0.0,1.375531976167032e-06,0.0,0.0141955657114299,0.0035492353108515,136,CT/EC,Y
638,136_P1,0.0,4.027167318063521e-07,2.9267292234180786e-07,0.0286572208845715,0.0071644790685564,136,CT/EC,Y
639,136_H2,1.532242947087402e-06,8.898592941951169e-07,1.164085716709451e-07,0.0596623275078066,0.0149162165046548,136,CT/EC,Y
640,137_MASS,0.0,9.56201010787838e-06,4.385603460832499e-06,0.1530505536640459,0.0382661253194036,137,CT/EC,V
641,137_NCI,1.115937441164148e-05,3.1381187277811263e-05,7.399642981908983e-06,0.0093992538490923,0.0023622985134409,137,CT/EC,V
642,137_SASA,0.0,0.0001516202404695,6.9705611167592e-06,0.1850388878293754,0.0462993696577404,137,CT/EC,V
643,138_SASA,0.0,1.9605029820037207e-06,0.0,0.0378395483023269,0.0094603772013272,138,CT/EC,V
644,138_PKB,0.0,4.128246716533463e-05,0.0,0.2873879570352102,0.0718573098755938,138,CT/EC,V
645,138_NCI,0.0,5.001030997996802e-05,0.0,0.114053533316128,0.0285258859065269,138,CT/EC,V
646,138_P1,0.0,1.1358063797078074e-05,0.0,0.0222174480131287,0.0055572015192314,138,CT/EC,V
647,138_H2,0.0,4.1632399105128575e-05,5.472986958920956e-05,0.0833760619948472,0.0208681060658854,138,CT/EC,V
648,139_MASS,0.0,7.45192881813698e-09,0.0,0.0338352797470923,0.0084588217997552,139,CT/EC,V
649,139_NCI,0.0002157985745422,2.4756640152147143e-06,0.0,0.1091560724339931,0.0273435866681376,139,CT/EC,V
650,139_SASA,0.0,4.971982874793793e-07,0.0,0.0254904129445263,0.0063727275357034,139,CT/EC,V
651,139_PKB,0.0,8.199462148281952e-07,0.0,0.0076384051891417,0.0019098062838391,139,CT/EC,V
652,139_P1,0.0,2.1173470926523229e-07,0.0,0.0389147070570967,0.0097287296979515,139,CT/EC,V
653,139_H2,0.0,2.1173470926523229e-07,0.0,0.0389147070570967,0.0097287296979515,139,CT/EC,V
654,140_P1,0.0,1.640697572486761e-05,0.0,0.0559749856855296,0.0139978481653136,140,CT/EC,C
655,140_H2,0.0,3.921422414952039e-07,0.0,0.078242148794438,0.0195606352341698,140,CT/EC,C
656,140_MASS,0.0,1.5180178298743125e-08,0.0,0.0302668413120777,0.007566714123064,140,CT/EC,C
657,140_SASA,0.0,7.768197490375795e-07,0.0,0.0188609083638448,0.0047154212958984,140,CT/EC,C
658,140_PKB,0.0,8.840190455321749e-08,0.0,0.3789946519370504,0.0947486850847387,140,CT/EC,C
659,141_H2,0.0001371310603446,2.9811334213861557e-06,0.0,0.0871217911880747,0.0218154758454601,141,CT/EC,K
660,141_PKB,0.0,1.1101040234563396e-05,3.939555881515844e-07,0.1106831099741247,0.0276736512424868,141,CT/EC,K
661,141_MASS,0.0,1.2522306666498752e-07,0.0,0.0443367259082725,0.0110842127828348,141,CT/EC,K
662,141_NCI,0.0,2.1412112575192354e-06,1.9649932880838605e-07,0.1452555725094549,0.0363144775550103,141,CT/EC,K
663,141_SASA,0.0,1.5816375159008828e-05,0.0,0.0298135176654092,0.007457333510142,141,CT/EC,K
664,141_P1,0.0,3.389503526999495e-05,2.0160027816018555e-06,0.0172637160912213,0.0043249067823182,141,CT/EC,K
665,142_SASA,0.0,2.766307977205747e-07,0.0,0.0155265719981096,0.0038817121572268,142,CT/EC,P
666,142_P1,0.0,0.0,0.0,0.0119656513704152,0.0029914128426038,142,CT/EC,P
667,142_MASS,0.0,2.766307977205747e-07,0.0,0.0155265719981096,0.0038817121572268,142,CT/EC,P
668,142_PKB,0.0,6.082769882647029e-05,0.0,0.1921661304580397,0.0480567395392165,142,CT/EC,P
669,142_NCI,0.0,8.071296712729685e-08,0.0,0.0568698170664087,0.0142174744448439,142,CT/EC,P
670,143_NCI,0.0,1.260596339478384e-05,2.9078539682814157e-06,0.1032048433133684,0.0258050892826828,143,CT/EC,M
671,143_H2,0.0,4.270711924617793e-05,1.6683143257978372e-05,0.0695904871565288,0.0174124693547582,143,CT/EC,M
672,143_PKB,0.0,4.999455128647328e-05,0.0,0.0597584919464377,0.014952121624431,143,CT/EC,M
673,143_P1,0.0,3.5486200704810483e-05,3.296109935035929e-05,0.0394276574364698,0.0098740261841312,143,CT/EC,M
674,143_MASS,0.0,2.311270506612865e-05,1.1981805982941296e-06,0.0019729964608208,0.0004993268366213,143,CT/EC,M
675,144_H2,0.0,3.109704065951125e-05,0.0,0.0975416935259317,0.0243931976416478,144,CT/EC,S
676,144_MASS,0.0,0.0001614246825647,0.0,0.1277324727123667,0.0319734743487328,144,CT/EC,S
677,144_P1,0.0,3.109704065951125e-05,0.0,0.0975416935259317,0.0243931976416478,144,CT/EC,S
678,144_PKB,0.0,2.254005910494677e-05,0.0,0.1777408843361065,0.0444408560988028,144,CT/EC,S
679,144_SASA,0.0,9.65641621329248e-05,0.0,0.1320116635541101,0.0330270569290607,144,CT/EC,S
680,145_PKB,0.0,6.770542338057458e-06,0.0,0.168298805147855,0.0420763939225482,145,CT/EC,N
681,145_H2,0.0,1.2721728377837873e-05,7.628370894963155e-07,0.0575595052873772,0.0143932474632111,145,CT/EC,N
682,145_P1,0.0,1.4242464332717751e-05,0.0,0.0864331079865636,0.021611837612724,145,CT/EC,N
683,145_MASS,0.0,0.0001509628385091,0.0,0.0832139018285503,0.0208412161667648,145,CT/EC,N
684,145_SASA,0.0,0.0001509628385091,0.0,0.0832139018285503,0.0208412161667648,145,CT/EC,N
685,145_NCI,0.000157429266268,6.442554379798714e-07,0.0,0.1657865519950467,0.0414861563791881,145,CT/EC,N
686,146_NCI,0.0,8.618564435988404e-06,1.9467454421828734e-06,0.0293493712832643,0.0073399841482856,146,CT/EC,F
687,146_P1,0.0,1.790770820682112e-06,1.2487981848607888e-06,0.0440207041817589,0.0110059359376911,146,CT/EC,F
688,146_PKB,0.0,3.7164359563218265e-06,1.4742347502760822e-06,0.0495438629756924,0.0123872634115997,146,CT/EC,F
689,147_SASA,0.0,4.8368299159571305e-06,6.664355623797746e-06,0.0117225775353511,0.0029335196802227,147,CT/EC,R
690,147_H2,0.0,9.990663998455892e-05,6.230476401469787e-07,0.1244114345695879,0.0311279910643031,147,CT/EC,R
691,147_P1,0.0011264858007374,0.0004544002308104,2.2412014004657976e-06,0.0420647745003162,0.0109119754333161,147,CT/EC,R
692,147_PKB,0.0,8.56879279808608e-05,4.481969881453552e-05,0.0392245081303765,0.0098387539392929,147,CT/EC,R
693,148_H2,0.0,4.447633366537348e-07,0.0,0.0234353676618955,0.005858953106308,148,CT/EC,F
694,148_PKB,0.0,1.9721031985272828e-06,0.0,0.0318082943910559,0.0079525666235636,148,CT/EC,F
695,148_NCI,0.0,0.0001493474349283,0.0,0.0832260969903478,0.020843861106319,148,CT/EC,F
696,148_SASA,0.0,3.662075718658343e-05,0.0,0.0122915625567362,0.0030820458284806,148,CT/EC,F
697,148_MASS,0.0,5.523093089512365e-06,0.0,0.0023763391692773,0.0005954655655917,148,CT/EC,F
698,149_PKB,0.0,0.00013198160379,1.4726822428201558e-06,0.0631413686474019,0.0158187057333587,149,CT/EC,G
699,149_H2,0.0,0.0001826671446777,1.1212470099053462e-06,0.0991369196943408,0.0248301770215071,149,CT/EC,G
700,149_SASA,0.0,0.007188962687174,3.4100539778592065e-06,0.1412815740344475,0.0371184866938998,149,CT/EC,G
701,149_P1,0.0,9.020502107008464e-05,7.489909876312595e-06,0.0007491901029336,0.00021172125847,149,CT/EC,G
702,150_P1,0.0,0.000128777361322,2.5314116101071704e-06,0.0602547837637891,0.0150965231341803,150,CT/EC,E
703,150_PKB,9.81661173660069e-07,9.919439385565156e-05,1.1162615919602104e-05,0.0088006423008047,0.0022279952429384,150,CT/EC,E
704,150_SASA,0.0,0.0001674116819127,0.0001602418051334,0.0743695566527659,0.018674302534953,150,CT/EC,E
705,150_MASS,0.0,4.512452475374116e-05,5.054058419773355e-05,0.0251129504527815,0.0063021538904332,150,CT/EC,E
706,150_H2,0.0,6.934803826314054e-05,0.0003513786650728,0.0968629881395378,0.0243209287107184,150,CT/EC,E
707,151_H2,0.0,1.9866743875410853e-05,2.7255426175543107e-05,0.1989092331687901,0.0497390888347102,151,CT/EC,N
708,151_SASA,0.0,4.915800448111217e-05,1.7488541459442788e-07,0.0445656691042732,0.0111537504985422,151,CT/EC,N
709,151_PKB,0.0,3.435280585084483e-05,2.648787642556272e-07,0.058877962383205,0.014728145016955,151,CT/EC,N
710,151_NCI,0.0004011392432219,0.0001029116020433,3.403939990676008e-05,0.4762772812337921,0.119203842869741,151,CT/EC,N
711,151_MASS,0.0,1.1939237324888298e-05,1.715473899821518e-06,0.1947519966303297,0.0486914128353886,151,CT/EC,N
712,151_P1,0.0005708352704054,2.0696935332279733e-05,9.08806669031037e-06,0.1519229199533765,0.0381308850564511,151,CT/EC,N
713,152_MASS,0.0,5.896788827517207e-05,0.0,0.0251617987786863,0.0063051916667403,152,CT/EC,H
714,152_NCI,0.0,6.722422815984561e-05,0.0,0.0097801724385011,0.0024618491666652,152,CT/EC,H
715,152_PKB,8.169077191917037e-06,8.86209946001213e-06,0.0,0.0817300447409812,0.0204367689794082,152,CT/EC,H
716,152_P1,0.0,6.753231835638873e-05,1.347156057818211e-07,0.1395990154554388,0.0349166706223502,152,CT/EC,H
717,152_H2,0.0,5.660534359295856e-06,9.237784842630603e-11,0.3779937542122715,0.0944998537097521,152,CT/EC,H
718,152_SASA,0.0,4.937352329592554e-05,0.0,0.1228271214219625,0.0307191237363146,152,CT/EC,H
719,153_SASA,0.0,5.580638643777754e-05,0.0,0.0314489316623152,0.0078761845121882,153,4,A
720,153_PKB,0.0,0.000210383343054,1.861970844174721e-07,0.0982304157819116,0.0246102463305125,153,4,A
721,153_MASS,0.0003094755071671,1.9081267177986965e-05,2.6405764241843603e-09,0.0158906844924682,0.0040548109768474,153,4,A
722,153_NCI,0.0,0.0002696032977342,0.0,0.0485989153126911,0.0122171296526063,153,4,A
723,153_P1,0.0,3.894055598619482e-05,0.0,0.0335475991752179,0.008396634932801,153,4,A
724,153_H2,0.0,0.0002004850457271,0.0002241523179691,0.1581180649902006,0.0396356755884742,153,4,A
725,154_SASA,1.6285477329118162e-08,0.0003499866014741,0.0,0.0004763292142544,0.0002065830253014,154,4,I
726,154_PKB,2.540365066620231e-06,9.133427845587562e-05,0.0001110950179281,0.145943839362987,0.0365372022561094,154,4,I
727,154_MASS,4.189700760558921e-06,4.057623906038255e-05,1.4216452655091416e-06,0.0012886414155124,0.0003337072501497,154,4,I
728,154_P1,0.0001114829584046,0.0001499462722945,4.418007392814616e-06,0.0687647082232882,0.017257638865345,154,4,I
729,154_H2,0.0,7.034579713787125e-05,5.644335760734975e-05,0.0992109680621186,0.0248344393042159,154,4,I
730,155_P1,4.470189696952045e-05,3.930069890939879e-05,1.9866370166710112e-06,0.0016499703098108,0.0004339898856766,155,4,M
731,155_MASS,4.7024062540906735e-05,0.000138050658395,6.8108934101474006e-06,0.1246689241810157,0.0312152024488404,155,4,M
732,155_H2,0.0,0.0001646230848351,3.1473159651795868e-06,0.16298924381239,0.0407892535532975,155,4,M
733,155_SASA,0.0,7.515546727266126e-05,0.0,0.0596233221761957,0.0149246194108671,155,4,M
734,156_PKB,0.0,3.7210213074321e-05,0.0,0.3061672933167545,0.0765511258824572,156,4,G
735,156_NCI,8.131873973323866e-06,0.0001003933852998,0.0,0.5385127613231747,0.1346553216456119,156,4,G
736,156_MASS,0.0,2.7555975454607967e-05,0.0,0.1012512020538743,0.0253196895073322,156,4,G
737,156_SASA,0.0002355884348359,4.780499107714241e-05,0.0,0.0740964075993577,0.0185949502563177,156,4,G
738,156_P1,0.0,0.0007726875599298,0.0,0.0152378516218592,0.0040026347954472,156,4,G
739,156_H2,7.316400664464881e-06,5.891197947609851e-05,7.184971195783875e-08,0.0987357015371599,0.0247005004417531,156,4,G
740,157_PKB,6.720849008457288e-05,0.0021916792834965,8.379761311516631e-06,0.1432509838745767,0.0363795628523673,157,4,V
741,157_MASS,0.0,1.1202114115034712e-05,0.0,0.0530400069002048,0.0132628022535799,157,4,V
742,157_P1,0.0,2.356440661661769e-05,2.0322652005688727e-07,0.0098335097603531,0.0024643193483724,157,4,V
743,157_H2,0.0,0.0002052778000165,5.07883851241786e-06,0.1450561351608698,0.0363166229498496,157,4,V
744,157_SASA,0.0,2.0928226741990808e-05,4.292060964417033e-07,0.0191341737805084,0.0047888828033367,157,4,V
745,158_SASA,0.0001160886935859,8.193933959077419e-05,2.299175093867234e-06,0.0588034781954913,0.0147509513509404,158,4,A
746,158_PKB,0.0,0.0002882386486838,3.09972238028422e-05,0.2913624906589609,0.0729204316328619,158,4,A
747,158_H2,7.791721440961507e-05,0.0002041836100824,7.490202551707625e-05,0.03531594040987,0.0089182358149698,158,4,A
748,158_MASS,0.0002113367768141,3.2684208178749786e-05,3.30211732944008e-05,0.0906991965267449,0.022744059671258,158,4,A
749,159_MASS,1.5019202290161828e-06,2.411503885900005e-05,5.163378204997571e-07,0.0849688455411185,0.0212487447095067,159,4,F
750,159_NCI,0.0,2.075401545824954e-05,2.410780689388048e-05,0.0373413982642604,0.0093465650216531,159,4,F
751,159_H2,0.0,1.9799098486506085e-05,4.789651575265452e-05,0.1199907741329774,0.0300146174368041,159,4,F
752,159_P1,0.0010437829325659,0.0004492819688824,0.001272456953302,0.1460795063183174,0.0372112570432669,159,4,F
753,159_PKB,0.0,1.3933443871227683e-05,9.420110131941328e-07,0.2139670991933756,0.053495493662065,159,4,F
754,159_SASA,0.0,5.8172496037005245e-05,0.0,0.0901724386792782,0.0225576527938288,159,4,F
755,160_H2,0.0,1.70142768811282e-05,9.816350029723251e-06,0.0580809288182208,0.0145269398612829,160,4,T
756,160_NCI,0.0,1.5656179063496256e-05,1.523528908364824e-06,0.4564504013255979,0.1141168952583924,160,4,T
757,160_SASA,0.0,1.28994287909792e-05,0.0,0.004184182682123,0.0010492705277285,160,4,T
758,160_P1,0.0,3.2156608785927135e-05,0.0,0.0023263509626606,0.0005896268928616,160,4,T
759,160_MASS,0.0,5.739351046623256e-06,1.2117246228626757e-07,0.0110924507964309,0.0027745778299849,160,4,T
760,161_PKB,0.0,8.582428653799015e-06,0.0,0.0315635585223861,0.0078930352377599,161,4,W
761,161_SASA,0.0,8.582428653799015e-06,0.0,0.0315635585223861,0.0078930352377599,161,4,W
762,161_NCI,0.0,8.582428653799015e-06,0.0,0.0315635585223861,0.0078930352377599,161,4,W
763,161_MASS,0.0,8.582428653799015e-06,0.0,0.0315635585223861,0.0078930352377599,161,4,W
764,161_P1,0.0,8.582428653799015e-06,0.0,0.0315635585223861,0.0078930352377599,161,4,W
765,161_H2,0.0,8.582428653799015e-06,0.0,0.0315635585223861,0.0078930352377599,161,4,W
766,162_PKB,0.0010868336522287,0.000166381166882,0.0009796540252864,0.135189395607122,0.0343555661128798,162,4,V
767,162_NCI,0.0,0.0002239308103771,4.024536247015931e-05,0.1441945645340583,0.0361146851767264,162,4,V
768,162_P1,2.818930122342462e-05,0.0002346218007288,3.6311121220933273e-05,0.0015097449224631,0.000452216786409,162,4,V
769,162_MASS,6.536944194757254e-06,0.000169690117111,0.0001413087156834,0.0691511002403071,0.017367159004324,162,4,V
770,162_SASA,0.0002060372289694,0.0001915038090139,6.329706957330927e-05,0.0713746677791908,0.0179588764716868,162,4,V
771,163_NCI,0.0,3.903980492306349e-05,1.651910906730336e-06,0.0510718294278698,0.0127781302859249,163,4,M
772,163_SASA,0.0,1.8372346579715013e-05,1.685790266492404e-06,0.0232303666627052,0.0058126061998878,163,4,M
773,163_MASS,0.0,1.8372346579715013e-05,1.685790266492404e-06,0.0232303666627052,0.0058126061998878,163,4,M
774,163_PKB,0.0,0.0001590151595721,2.8739175832015466e-05,0.2077777800849074,0.0519913836050779,163,4,M
775,163_H2,0.0,5.5593219991564375e-05,0.0008715022122487,0.2283071169605598,0.0573085530982,163,4,M
776,164_SASA,0.0,2.7484791733268823e-05,0.0,0.0141560503355858,0.0035458837818297,164,4,A
777,164_H2,0.0008015780047829,8.291102562534627e-05,0.0001315185218118,0.0923664235391742,0.0233456077728485,164,4,A
778,164_PKB,5.229626319399674e-05,0.0002236978467684,0.0,0.2013677242832625,0.0504109295983062,164,4,A
779,164_NCI,8.303663434368116e-05,0.0001173983938799,0.0,0.1457378410210756,0.0364845690123248,164,4,A
780,164_MASS,0.0,4.654770722005952e-06,6.936303265092647e-08,0.0177786757541341,0.0044458499719722,164,4,A
781,165_MASS,0.0001728156996518,3.1487735256217786e-05,5.217357283981983e-06,0.0600359126441542,0.0150613583590865,165,4,L
782,165_NCI,0.0,0.0001253095467239,2.5066836315090768e-05,0.1433099541955577,0.0358650826446492,165,4,L
783,165_P1,0.0,0.000107452019204,7.454893875546986e-06,0.0631035239869074,0.0158046077249967,165,4,L
784,165_H2,0.0,4.587567009011297e-05,2.8066115191904828e-05,0.0043151235528414,0.0010972663345308,165,4,L
785,165_SASA,0.0,9.49116174852304e-05,0.0,0.06343721938636,0.0158830327509613,165,4,L
786,165_PKB,0.0,0.0001106078356159,1.5499184883083217e-05,0.1810574198808454,0.0452958817253361,165,4,L
787,166_PKB,0.0002345936913243,5.057407970252043e-05,8.946757589001209e-06,0.1079886467391149,0.0270706903169326,166,4,A
788,166_MASS,4.37208159662931e-06,9.010444211253922e-05,5.644332122756168e-05,0.0856856987073905,0.0214591546380818,166,4,A
789,166_H2,0.0,9.98976791885242e-05,3.1655085876991507e-06,0.3481739302011472,0.0870692483472308,166,4,A
790,166_SASA,0.0001457164317776,0.000172245269496,0.0003249256405979,0.1638470040990186,0.0411224728602225,166,4,A
791,166_NCI,0.0,0.0001315818515849,0.0001427919632988,0.1157099440204285,0.028996079458828,166,4,A
792,166_P1,0.0002144169776969,4.835571476514516e-05,1.7234651750186458e-05,0.168804836488922,0.0422712109582835,166,4,A
793,167_H2,0.0,0.0072106461247565,0.0,0.1959909944399764,0.0508004101411832,167,4,C
794,167_P1,0.0,0.004291594826644,1.4360838740401505e-08,0.0386945638826487,0.0107465432675328,167,4,C
795,167_NCI,0.0,2.311200190956141e-06,2.328364189452259e-06,0.1423071789034945,0.0355779546169687,167,4,C
796,167_SASA,0.0,0.0072106461247565,0.0,0.1959909944399764,0.0508004101411832,167,4,C
797,167_MASS,0.0,0.0072106461247565,0.0,0.1959909944399764,0.0508004101411832,167,4,C
798,167_PKB,0.0,2.204139037879357e-06,0.0,0.4308514384502582,0.107713410647324,167,4,C
799,168_NCI,0.0,4.350617392416818e-06,0.0,0.0798662168096805,0.0199676418567682,168,4,A
800,168_MASS,0.0002708421826648,0.0001071233299835,1.504925677409119e-07,0.2047975182681984,0.0512939085683536,168,4,A
801,168_SASA,0.0,5.60156043438486e-06,1.6640478861518204e-07,0.1890358842177404,0.0472604130457408,168,4,A
802,168_PKB,0.0,0.0001581168987055,5.7847501011565334e-08,0.2322754517539506,0.0581084066250392,168,4,A
803,168_P1,0.0,0.0003111797619809,0.0,0.1113484591104533,0.0279149097181085,168,4,A
804,168_H2,0.0,0.000260437941124,1.6652842532494105e-05,0.1849439350935561,0.0463052564693031,168,4,A
805,169_H2,3.100230496579553e-05,9.060253842648868e-05,2.506542659830302e-05,0.065584054570672,0.0164326812101656,169,4,A
806,169_P1,0.0,6.195462139608453e-05,1.3271534953673836e-05,0.1490261846348267,0.0372753526977941,169,4,A
807,169_PKB,0.0,0.0001281872715778,2.106077317876043e-06,0.1831909501173268,0.0458303108665556,169,4,A
808,169_NCI,0.0,0.0001179037897284,3.138992178719491e-05,0.1881140015365851,0.0470658238120252,169,4,A
809,169_MASS,0.0,9.793443333093766e-05,0.0017538588726893,0.0932969542323585,0.0237871868845946,169,4,A
810,169_SASA,0.0007393452162943,0.0001987751804181,3.224259126000106e-05,0.1112347871136383,0.0280512875254027,169,4,A
811,170_P1,0.0003257356583558,2.2960535227481286e-05,2.617236714286264e-05,0.0445397944112167,0.0112286657429857,170,4,P
812,170_PKB,3.669837814752e-06,1.514814557789645e-05,1.4175312799125097e-06,0.3622717017606484,0.0905729843188302,170,4,P
813,170_MASS,0.0,6.705666204779605e-05,1.8740587393040189e-06,0.2073843746348536,0.0518633263389101,170,4,P
814,170_SASA,0.0,5.944134275084492e-06,0.0,0.1516682900230414,0.0379185585393291,170,4,P
815,170_NCI,0.0002295138379185,2.061424185587458e-05,0.0,0.1770808106596933,0.0443327346848669,170,4,P
816,170_H2,0.0,9.370577065435332e-06,1.009147538866273e-07,0.0334080170838527,0.008354372143918,170,4,P
817,171_H2,0.0,1.0115183872505405e-07,0.0,0.0011277956182343,0.0002819741925182,171,4,P
818,171_NCI,0.0,0.0,0.0,0.0289581740833642,0.007239543520841,171,4,P
819,171_P1,0.0,0.0,0.0,0.0148187051799365,0.0037046762949841,171,4,P
820,172_P1,0.0,5.317322149832911e-05,0.0001936896733241,0.0269637182408214,0.0068026452839109,172,4,L
821,172_NCI,0.0,9.986353603680484e-06,2.9628778065671213e-05,0.0661671304454207,0.0165516863942725,172,4,L
822,172_H2,0.0,3.731765626960628e-05,4.608756626112154e-06,0.1084233159195096,0.0271163105831013,172,4,L
823,172_MASS,0.0,5.266342155155114e-05,2.8030970042891568e-06,0.0860598221973391,0.0215288221789737,172,4,L
824,172_PKB,0.0,0.0002496760513872,0.0,0.1606928253821825,0.0402356253583924,172,4,L
825,172_SASA,0.0,0.0001077934173124,0.0006926775095053,0.1087907225119693,0.0273977983596967,172,4,L
826,173_NCI,0.0,7.888380295303258e-05,5.039602797296538e-07,0.0508775615870085,0.0127392373375603,173,4,V
827,173_P1,1.4835395172517558e-05,7.558473037152053e-05,0.0017449485603719,0.0474379011238972,0.0123183174524533,173,4,V
828,173_H2,0.0,9.965980123711777e-05,0.0001909139100462,0.3380367421806499,0.0845818289729833,173,4,V
829,174_NCI,0.0,1.3575496070383695e-06,0.0,0.1136891133553218,0.0284226177262322,174,CT/EC,G
830,174_P1,0.0,6.149430255407458e-07,0.0,0.0513003559865006,0.0128252427323815,174,CT/EC,G
831,174_SASA,0.0,3.620749796505455e-05,3.025612841156544e-06,0.0261118519754136,0.0065377712715549,174,CT/EC,G
832,174_H2,0.0,0.0,0.0,0.2764174700502806,0.0691043675125701,174,CT/EC,G
833,174_MASS,0.0,9.665550934754833e-08,3.740380805083987e-08,0.0577246312628777,0.0144311913305487,174,CT/EC,G
834,174_PKB,0.0,5.318152718765984e-07,0.0,0.0722825848324748,0.0180707791619366,174,CT/EC,G
835,176_H2,0.0,1.5175797690664566e-05,0.0,0.1793187978518122,0.0448334934123757,176,CT/EC,S
836,176_P1,0.0,3.488089014564533e-05,0.0,0.0681842925200096,0.0170547933525388,176,CT/EC,S
837,176_NCI,0.0,1.116647244531536e-05,0.0,0.0230491136150822,0.0057650700218818,176,CT/EC,S
838,176_MASS,0.0,2.914773100188861e-05,0.0,0.065680951662768,0.0164275248484424,176,CT/EC,S
839,176_PKB,0.0,4.716661588068811e-05,0.0,0.1105400411954507,0.0276468019528328,176,CT/EC,S
840,176_SASA,0.0,2.914773100188861e-05,0.0,0.065680951662768,0.0164275248484424,176,CT/EC,S
841,178_PKB,0.0,8.851860057391531e-05,0.0,0.0926211869413015,0.0231774263854688,178,CT/EC,Y
842,178_H2,0.0001250422564134,3.269517615927249e-05,4.925585017190315e-05,0.0261520335703864,0.0065897567132827,178,CT/EC,Y
843,178_SASA,0.000142718120255,2.7618944605669172e-05,0.0,0.1303470958163976,0.0326293582203145,178,CT/EC,Y
844,178_MASS,0.0,3.561791039347401e-05,0.0,0.2123920033361681,0.0531069053116404,178,CT/EC,Y
845,178_NCI,0.0,2.993227524157444e-05,0.0,0.2012377617618713,0.0503169235092782,178,CT/EC,Y
846,178_P1,7.965431053801875e-05,3.939153914893941e-05,0.0,0.1214844167308,0.0304008656451217,178,CT/EC,Y
847,179_H2,0.0005089521423376,5.537614827412955e-05,8.666262374390499e-07,0.1097229545371854,0.0275720373635086,179,CT/EC,I
848,179_PKB,0.001337642658281,0.000101587540734,0.0004696805262938,0.0357874483154055,0.0094240897601786,179,CT/EC,I
849,179_MASS,0.0002281577609026,8.531119624427575e-05,0.0001425821101292,0.0364723921273015,0.0092321107986444,179,CT/EC,I
850,179_SASA,0.0002281577609026,8.531119624427575e-05,0.0001425821101292,0.0364723921273015,0.0092321107986444,179,CT/EC,I
851,181_PKB,0.0012541601961027,0.0001897510301598,0.0,0.3018043484640587,0.0758120649225803,181,CT/EC,E
852,181_MASS,0.0010174106442126,0.000182624232352,0.0,0.2851076759719702,0.0715769277121337,181,CT/EC,E
853,181_NCI,0.0045740083282634,0.0026289669186429,0.002708179410547,0.4516233727184453,0.1153836318439746,181,CT/EC,E
854,181_P1,0.0,6.464558388767833e-05,3.808531801041681e-06,0.4193279536842717,0.1048491019499901,181,CT/EC,E
855,181_SASA,0.0,6.98296687743668e-05,0.0,0.2259019503242554,0.0564929449982574,181,CT/EC,E
856,181_H2,0.0,0.0002140100829824,0.0033139218576252,0.5221373318694469,0.1314163159525136,181,CT/EC,E
857,183_PKB,0.0,0.0003123983907421,0.0032463050447404,0.4521932691672577,0.113937993150685,183,CT/EC,M
858,183_SASA,0.0,0.0002384523325266,1.4023302128407522e-06,0.0149845338644169,0.003806097131789,183,CT/EC,M
859,183_NCI,0.0,2.5655181476396177e-05,2.3759394451872143e-08,0.2712694739501197,0.0678237882227476,183,CT/EC,M
860,183_H2,0.0,0.0001157673472208,0.0008186565246433,0.1015120944823353,0.0256116295885498,183,CT/EC,M
861,183_P1,0.0,0.0001129772985254,0.0,0.0276069396450766,0.0069299792359005,183,CT/EC,M
862,183_MASS,0.0,0.0003011072549013,6.355725190587691e-07,0.0129021506083417,0.0033009733589405,183,CT/EC,M
863,184_SASA,0.1233515693052066,0.1901795092218221,0.560200035572052,0.0032591290742318,0.2192475607933281,184,CT/EC,Q
864,184_MASS,0.0,5.409317920581142e-05,0.0,0.0070683021605025,0.001780598834927,184,CT/EC,Q
865,184_NCI,0.0,0.0018698349581666,0.0,0.140723328912757,0.0356482909677309,184,CT/EC,Q
866,184_H2,0.0,1.558571275356183e-05,0.0,0.0532673792057938,0.0133207412296368,184,CT/EC,Q
867,184_PKB,0.0,2.212517155071401e-08,0.0,0.0172495788058362,0.0043124002327519,184,CT/EC,Q
868,184_P1,0.0,2.9732619482846072e-05,0.0,0.0369402126236726,0.0092424863107888,184,CT/EC,Q
869,185_H2,0.0,5.9053385444656775e-05,0.0065850159153342,0.0807266966806802,0.0218426914953647,185,CT/EC,C
870,185_P1,0.0,2.372238030540799e-05,0.0,0.0212813496570781,0.0053262680093458,185,CT/EC,C
871,185_MASS,0.0,2.547971576314372e-06,5.321063326846343e-06,0.004345446690197,0.001088328931275,185,CT/EC,C
872,185_PKB,0.0,2.353422164701729e-05,0.0,0.0892266499999788,0.0223125460554064,185,CT/EC,C
873,185_NCI,0.0,0.0002760379236104,2.8937082063862366e-08,0.0445967239202216,0.0112181976952285,185,CT/EC,C
874,186_NCI,0.0,0.002851671213042,0.0,0.072976106323809,0.0189569443842127,186,CT/EC,S
875,186_PKB,6.148629023424188e-06,4.414301259985823e-05,0.0,0.201076553819707,0.0502817113653325,186,CT/EC,S
876,186_SASA,0.0,2.4118884031913823e-05,0.0,0.0309205783644207,0.0077361743121131,186,CT/EC,S
877,186_P1,0.0,2.5351190280112965e-07,0.0,0.0623743984656703,0.0155936629943932,186,CT/EC,S
878,186_MASS,1.8596936443083689e-06,0.0009601742987853,0.0,0.0558518501554754,0.0142034710369762,186,CT/EC,S
879,186_H2,0.0,0.0001234403930756,2.3228888039739104e-06,0.0807248777520966,0.020212660258494,186,CT/EC,S
880,188_NCI,0.0,2.713490171975307e-05,1.0432663799520014e-07,0.1691923159828499,0.0423048888028019,188,CT/EC,G
881,188_SASA,0.0,2.2817455828999737e-07,0.0,0.0500213486457227,0.0125053942050702,188,CT/EC,G
882,188_MASS,0.0,2.2817455828999737e-07,0.0,0.0500213486457227,0.0125053942050702,188,CT/EC,G
883,188_PKB,0.0,2.713490171975307e-05,1.0432663799520014e-07,0.1691923159828499,0.0423048888028019,188,CT/EC,G
884,189_MASS,0.0,1.239135163647559e-06,2.398803871983546e-06,0.0281687903237374,0.0070431070656932,189,CT/EC,I
885,189_H2,0.0036071747141336,1.0795849478296935e-05,4.888240141553979e-07,0.0374886908590048,0.0102767875616577,189,CT/EC,I
886,189_P1,0.0,1.437878174065161e-06,0.0,0.0031198410364113,0.0007803197286463,189,CT/EC,I
887,189_SASA,0.0046663615571666,3.1796240533276895e-05,0.0,0.0098821357454547,0.0036450733857886,189,CT/EC,I
888,191_NCI,0.0,2.6211708654817797e-06,0.0,0.0290160762859671,0.0072546743642081,191,CT/EC,Y
889,191_MASS,0.0,0.0,0.0,0.0392850127511722,0.009821253187793,191,CT/EC,Y
890,191_P1,0.0,1.0347575250848848e-08,0.0,0.0317930655857062,0.0079482689833203,191,CT/EC,Y
891,191_H2,0.0,1.3857346457920946e-07,0.0,0.1155425592358228,0.0288856744523218,191,CT/EC,Y
892,191_SASA,0.0,0.0,0.0,0.0392850127511722,0.009821253187793,191,CT/EC,Y
893,191_PKB,2.9597335283828884e-06,1.6510378905667783e-06,0.0,0.0381497957093571,0.009538601620194,191,CT/EC,Y
894,192_PKB,0.0,2.2566088135473187e-05,0.0,0.0147835782224659,0.0037015360776503,192,CT/EC,Y
895,192_P1,0.0,3.8918020142471264e-08,0.0,0.0342575167492347,0.0085643889168137,192,CT/EC,Y
896,192_H2,0.0,7.751696242483534e-05,0.0,0.0184131545256878,0.0046226678720281,192,CT/EC,Y
897,193_SASA,0.0014102914124407,7.053962817147181e-05,0.0,0.1552624166386965,0.0391858119198271,193,CT/EC,T
898,193_P1,0.0,5.099011258250491e-05,0.0,0.0632642413980495,0.015828807877658,193,CT/EC,T
899,193_H2,0.0,9.353274059885436e-05,2.739549017860554e-06,0.2333407490865977,0.0583592553440536,193,CT/EC,T
900,193_MASS,0.0010008147125122,0.0002006483942633,0.0007418406312353,0.1264307757431193,0.0320935198702826,193,CT/EC,T
901,193_PKB,0.0,4.916630646298624e-05,0.0003112886333838,0.0206232487075508,0.0052459259118494,193,CT/EC,T
902,194_P1,0.0,2.845954375697225e-05,1.1557474408618873e-06,0.0131051104241245,0.0032836814288305,194,CT/EC,P
903,194_PKB,0.0,1.3775869638364671e-05,5.616146154352464e-05,0.0575662893200322,0.0144090566628035,194,CT/EC,P
904,194_SASA,0.0,2.474738048138076e-05,0.0006018527201376,0.0859636587807716,0.0216475647203476,194,CT/EC,P
905,194_MASS,0.0,1.4751029985548708e-05,2.322787986486219e-05,0.0361321132804875,0.0090425230475844,194,CT/EC,P
906,194_NCI,0.0,4.346206828183103e-05,1.3952853805676568e-07,0.0587309478326469,0.0146936373573667,194,CT/EC,P
907,195_PKB,0.0,0.0004906005184981,8.667101383252884e-07,0.0859094393472587,0.0216002266439738,195,CT/EC,H
908,195_SASA,0.0,0.0001317597239608,1.2728609135592706e-06,0.0430070833685557,0.0107850289883575,195,CT/EC,H
909,195_MASS,0.0,9.934273088408298e-06,1.816404255805537e-05,0.0171524235085784,0.0042951304560562,195,CT/EC,H
910,195_P1,0.0,0.000747336929583,0.0029040873050689,0.0997754818381017,0.0258567265181884,195,CT/EC,H
911,195_NCI,0.0016191379322228,0.000176752377409,0.00011271276162,0.1577931981500788,0.0399254503053327,195,CT/EC,H
912,196_P1,0.0,1.892900532170332e-05,2.5019526219693944e-06,0.0188799650161322,0.0047253489935189,196,CT/EC,E
913,196_SASA,0.0,9.46590544703468e-06,5.835639240103774e-05,0.0027177912869727,0.0006964033962052,196,CT/EC,E
914,196_NCI,0.0,0.0067359725398989,3.882741452798655e-07,0.0027099701409943,0.0023615827387596,196,CT/EC,E
915,196_PKB,0.0,6.677807386943415e-05,7.496693433495238e-05,0.079194667230746,0.0198341030597376,196,CT/EC,E
916,196_MASS,0.0,9.46590544703468e-06,5.835639240103774e-05,0.0027177912869727,0.0006964033962052,196,CT/EC,E
917,196_H2,3.0610716862629125e-06,3.5368092238994536e-06,1.0010459845943842e-05,0.036177078724627,0.0090484217663457,196,CT/EC,E
918,197_MASS,0.0,2.8637031645049405e-05,6.907508236508875e-07,0.1885387235094106,0.0471420128229698,197,CT/EC,E
919,197_PKB,0.0,4.940496206547299e-05,0.0,0.0760135716226961,0.0190157441461903,197,CT/EC,E
920,197_SASA,0.0001512421046576,4.8549448672142576e-05,3.44042223332508e-06,0.2128556170155389,0.0532647122477755,197,CT/EC,E
921,197_NCI,0.0,5.184581730373983e-05,0.0001892401051009,0.0171703337500332,0.0043528549181094,197,CT/EC,E
922,197_H2,0.0,4.346350971033851e-05,6.201731821420253e-07,0.0363135763344555,0.009089415004337,197,CT/EC,E
923,198_NCI,0.0,3.1745873553013246e-05,1.1989768609055318e-06,0.0517538600593362,0.0129467012274375,198,CT/EC,T
924,198_PKB,0.0002244069337872,0.0001346965019643,7.823339842616406e-07,0.3626486002692232,0.0907521215097398,198,CT/EC,T
925,198_SASA,0.0,6.244908892309294e-05,1.0928145002253586e-06,0.2160882388011564,0.0540379451761449,198,CT/EC,T
926,198_H2,0.0,4.961612328734171e-05,1.2326679097895976e-05,0.045097197447419,0.011289785062451,198,CT/EC,T
927,198_MASS,0.0,2.4209592556958502e-05,1.2442394563549897e-06,0.2774631858302995,0.0693721599155782,198,CT/EC,T
928,199_PKB,3.2567622539120182e-06,0.0001045178450669,0.0007632075576111,0.1271905727946818,0.0320153887399034,199,CT/EC,N
929,199_MASS,0.0,0.000131812183426,0.0001684340968495,0.1063447022497506,0.0266612371325065,199,CT/EC,N
930,199_NCI,1.215845150309514e-05,0.0001934922266415,6.146203759271884e-06,0.1599198076167521,0.040032901124664,199,CT/EC,N
931,199_P1,5.587577428817418e-05,5.46134932406799e-05,5.908067350901547e-07,0.0809315164327301,0.0202606491267485,199,CT/EC,N
932,199_SASA,0.0,9.933126959769492e-05,1.146431895904243e-05,0.192279061289874,0.0480974642196077,199,CT/EC,N
933,199_H2,0.000247296693362,3.4359072242433804e-05,7.898240710346727e-07,0.2050580550914291,0.0513351251702761,199,CT/EC,N
934,200_MASS,0.0001443788142084,6.459721160386035e-05,0.0,0.1447657215924795,0.0362436744045729,200,CT/EC,N
935,200_NCI,0.0003999302984901,2.8328847195150825e-05,0.0,0.1891367075910153,0.0473912416841751,200,CT/EC,N
936,200_SASA,0.0,0.0002090285727434,3.083663102643186e-07,0.1851586067671005,0.0463419859265385,200,CT/EC,N
937,201_P1,0.0,0.0002018497145787,5.913906306886929e-07,0.0980547047899279,0.0245642864737843,201,CT/EC,E
938,201_H2,0.0016754932883263,0.0002010186607446,3.783762804232538e-05,0.1991078256417234,0.0502555438047091,201,CT/EC,E
939,201_NCI,0.0,3.067958585868239e-05,2.842333742592018e-06,0.1399957663703195,0.0350073220724801,201,CT/EC,E
940,202_P1,0.0,3.130666291366071e-05,8.793043804189439e-08,0.0655687818863166,0.016400044119917,202,CT/EC,S
941,202_H2,0.0,5.618960153836816e-06,1.6602807306753678e-07,0.0796195159735912,0.0199063252404545,202,CT/EC,S
942,202_MASS,0.0,8.951919144769566e-05,0.0,0.0316793213837317,0.0079422101437948,202,CT/EC,S
943,202_SASA,0.0,3.023296359470779e-06,0.0,0.0410719171017108,0.0102687350995175,202,CT/EC,S
944,202_PKB,0.0,0.0001158846929313,6.908624641255301e-07,0.1313235904240104,0.0328600414948514,202,CT/EC,S
945,202_NCI,0.0,0.0009697538405416,1.6958777848685713e-07,0.1020762367063244,0.0257615400336611,202,CT/EC,S
946,203_P1,0.0,1.0458502926540424e-05,3.6271765679884993e-07,0.1072189849585633,0.0268074515447866,203,5,F
947,203_MASS,0.0,4.210474519212117e-06,0.0,0.0262255808696653,0.0065574478360461,203,5,F
948,203_SASA,0.0,4.376439817291065e-05,0.0,0.0411690695110731,0.0103032084773115,203,5,F
949,203_NCI,0.0,0.0006882349372797,0.0,0.100910486541185,0.0253996803696161,203,5,F
950,204_MASS,0.0,2.4959505295148977e-05,9.887255146168172e-06,0.0191361943469649,0.0047927602768515,204,5,V
951,204_H2,0.0,5.861806841805097e-07,2.063226034465515e-08,0.0045100627810521,0.0011276673984991,204,5,V
952,204_SASA,0.0,4.015487426918428e-05,0.0,0.0065112180745649,0.0016378432372085,204,5,V
953,204_PKB,0.0,0.0003858620514226,9.242089760164165e-08,0.3052443451145716,0.0764075748967229,204,5,V
954,204_P1,0.0,1.126299880366771e-05,0.0,0.0243211333668352,0.0060830990914097,204,5,V
955,205_PKB,3.4961623149252355e-08,0.0001173452724969,5.232281523603888e-07,0.1163801503106384,0.0291245134432277,205,5,I
956,205_MASS,0.0,0.0001335140710335,3.840894180484611e-07,0.1348218768283624,0.0337389437472035,205,5,I
957,205_NCI,0.0016850844548457,0.0004635227581588,1.2906681376989582e-06,0.226367823436217,0.0571294303293398,205,5,I
958,205_H2,0.0,0.0001676888446284,0.0003867419145535,0.0179554443203179,0.0046274687698749,205,5,I
959,205_P1,0.0,5.444354570586925e-05,2.0346769247225893e-07,0.0916279622438599,0.0229206523143145,205,5,I
960,205_SASA,5.774811240874059e-05,0.0004751392922865,8.658616366119531e-07,0.0732600331538781,0.0184484466050525,205,5,I
961,206_P1,4.921620934664e-05,0.0004095867623237,4.4951666495762765e-05,0.0064397322687509,0.0017358717267292,206,5,Y
962,206_H2,0.0,9.745875385183716e-05,2.451350155752152e-05,0.2764939803621463,0.0691539881543889,206,5,Y
963,206_MASS,0.0,0.0001549957200424,0.0,0.0227085194734412,0.0057158787983709,206,5,Y
964,206_NCI,0.0,0.0001443414785351,4.096708835277241e-06,0.1408226733619949,0.0352427778873413,206,5,Y
965,207_PKB,0.0,2.594930586339192e-06,0.0,0.0449088764283928,0.0112278678397447,207,5,M
966,207_MASS,0.0,7.534911196066979e-05,4.748582416169711e-09,0.0876416987160685,0.0219292631441529,207,5,M
967,207_NCI,0.0,1.6839443634875203e-05,0.0092858485877513,0.266872116989989,0.0690437012553438,207,5,M
968,207_P1,0.02716885312001,0.0044908772323656,1.0288615158060566e-05,0.0422745560999944,0.018486143766882,207,5,M
969,207_SASA,0.0,0.0001118653514402,0.0,0.0264820832613753,0.0066484871532038,207,5,M
970,208_NCI,0.0,9.941243523118538e-05,0.0007323626196011,0.200604591439373,0.0503590916235513,208,5,F
971,208_P1,0.0,1.4780205087080062e-05,1.690262081410765e-07,0.0984746055312203,0.0246223886906288,208,5,F
972,208_PKB,0.0,4.348285535947962e-05,0.0,0.1765482416223066,0.0441479311194165,208,5,F
973,208_SASA,0.0,2.00410049354804e-05,4.282794179744087e-05,0.1499230434625332,0.0374964781023165,208,5,F
974,208_MASS,0.0,2.00410049354804e-05,4.282794179744087e-05,0.1499230434625332,0.0374964781023165,208,5,F
975,208_H2,0.0520179111629802,0.0275985211976121,0.0602965727448463,0.3208575516186405,0.1151926391810198,208,5,F
976,209_P1,9.573401633283765e-05,9.142329574714412e-05,2.5528801415930506e-05,0.107181464069632,0.0268485375457819,209,5,V
977,209_NCI,0.0,0.0001228149855971,4.755173449666472e-06,0.0449788016248969,0.0112765929459859,209,5,V
978,209_H2,0.0,4.545199704244769e-05,2.852133320629946e-06,0.1988666375896126,0.0497287354299939,209,5,V
979,210_SASA,2.4821638971363983e-08,5.764075268809153e-05,0.0,0.0204696301741575,0.0051318239371211,210,5,V
980,210_MASS,0.0,0.0001716421218289,4.42793037791489e-07,0.0681204537977913,0.0170731346781645,210,5,V
981,210_P1,0.0004224399680023,0.0001533970216284,6.877125713344867e-08,0.1756114267543741,0.0440468331288155,210,5,V
982,210_H2,1.4456843911918153e-06,1.4693499497786162e-05,6.232680789253209e-07,0.0704345410703826,0.0176128258805876,210,5,V
983,211_H2,0.0,0.0003410989045908,0.0,0.1324874941960116,0.0332071482751506,211,5,H
984,211_SASA,0.0,0.0010745002067361,0.0062872618436813,0.004852570522117,0.0030535831431336,211,5,H
985,211_MASS,0.0024101877024007,0.0005635601451394,0.012331404723227,0.0095568892800106,0.0062155104626944,211,5,H
986,212_MASS,0.0,4.861997918246035e-05,0.0,0.088316618350791,0.0220913095824933,212,5,F
987,212_NCI,0.0,2.131541616480148e-05,0.0,0.0641072276208202,0.0160321357592462,212,5,F
988,212_H2,0.0,2.936063172804957e-05,0.0,0.0572334749168734,0.0143157088871503,212,5,F
989,212_SASA,0.0,1.761544028491657e-05,0.0,0.0606051887325147,0.0151557010431999,212,5,F
990,212_PKB,0.0,2.409908514567544e-07,0.0,0.0225283733407932,0.0056321535829111,212,5,F
991,213_PKB,0.0012937049935776,0.0003234600177238,9.958196642401164e-06,0.1086642350402196,0.0275728395620408,213,5,I
992,213_MASS,0.0017289125983971,0.0005791569394576,0.0001347236975561,0.0873685044620211,0.022452824424358,213,5,I
993,213_H2,0.0,0.0014554882878577,3.9762442611390725e-05,0.1599296645527202,0.0403562288207973,213,5,I
994,213_P1,0.0,7.674851730663728e-05,2.29154488806671e-06,0.0276641633813795,0.0069358008608935,213,5,I
995,213_SASA,0.0017021988763835,0.0010661420631359,5.48899952264037e-05,0.0884096458484275,0.0228082191957933,213,5,I
996,216_SASA,0.0,1.0398289779559089e-05,0.0,0.0147358981353185,0.0036865741062745,216,5,L
997,216_P1,0.0,7.104594200978492e-06,2.493939973646775e-06,0.0540975876011548,0.0135267965338323,216,5,L
998,216_PKB,0.0,2.0793881094018827e-06,0.0,0.031025695339727,0.0077569436819591,216,5,L
999,216_MASS,0.0,4.361080308328103e-05,3.6979531614633743e-06,0.001489160881681,0.0003841174094814,216,5,L
1000,216_H2,0.0,6.165264900105674e-06,4.197186953547316e-08,0.0661497009398136,0.0165389770441458,216,5,L
1001,216_NCI,0.0001166807039876,0.0001262765212102,0.0001210003756568,0.1216731637118221,0.0305092803281692,216,5,L
1002,217_H2,2.8136708751227845e-05,0.0001236080330602,2.1974124138068878e-06,0.0469939569868034,0.0117869747852571,217,5,I
1003,217_MASS,0.0,0.0003887112268771,2.190753184549976e-05,0.2195611742601422,0.0549929482547162,217,5,I
1004,217_PKB,0.0014316395902749,0.0013778672815224,0.0003569951222743,0.252052758782333,0.0638048151941012,217,5,I
1005,217_NCI,0.0002971238043829,0.0003763442294154,3.890525476890616e-05,0.0584890313269957,0.0148003511538907,217,5,I
1006,217_P1,0.0,0.0001678173756075,4.393849394546123e-06,0.0477483984766901,0.011980152425423,217,5,I
1007,217_SASA,2.347228753596439e-05,0.0001794996323115,1.7888569345814176e-05,0.1705697008157086,0.0426976403262255,217,5,I
1008,218_PKB,0.0,0.0001444450573871,2.0402595168889093e-07,0.0431981215485174,0.010835692657964,218,5,V
1009,218_NCI,0.0,0.0001057569137082,7.692365215916652e-06,0.0342230866860885,0.0085841339912531,218,5,V
1010,218_MASS,0.0,4.588966982657403e-05,9.99388430500403e-06,0.0390878534907901,0.0097859342612304,218,5,V
1011,218_SASA,0.0,0.0004660341178448,0.0,0.0320604952836276,0.0081316323503681,218,5,V
1012,219_MASS,8.334532770537444e-07,2.6920499400788134e-07,0.0,0.0425983540265746,0.0106498641712114,219,5,I
1013,219_H2,0.0,2.2528539012219955e-06,1.317236637987662e-06,0.0102532133829562,0.0025641958683738,219,5,I
1014,219_P1,0.0,1.4904882188325891e-06,1.177896137960488e-06,0.0179476129456052,0.0044875703324905,219,5,I
1015,219_SASA,0.0,7.15586116412202e-05,0.0,0.0193829388098145,0.0048636243553639,219,5,I
1016,219_NCI,0.0,0.000160002344051,1.1123834156023804e-06,0.1616542454952977,0.040453840055691,219,5,I
1017,220_NCI,5.870873024314836e-06,1.6660304800775043e-05,1.5477918395845336e-06,0.038324430695513,0.0095871274162944,220,5,F
1018,220_MASS,0.0,7.057835603238561e-05,2.2081261704443023e-05,0.1482347157620053,0.0370818438449355,220,5,F
1019,220_H2,0.0,6.944827725367789e-05,1.863133729784749e-05,0.0925368788777028,0.0231562396230636,220,5,F
1020,220_PKB,0.0,2.982056622809593e-05,4.5462584807864914e-08,0.1397542428439178,0.0349460272181826,220,5,F
1021,220_SASA,0.0,0.0001787197182585,7.877412713241938e-07,0.1351591865383522,0.0338346734994705,220,5,F
1022,221_NCI,0.0,0.0003390084777275,0.0021582341287285,0.1410028634152901,0.0358750265054365,221,5,F
1023,221_P1,0.0,8.896039886053608e-06,2.840045976171268e-09,0.0470370737057562,0.011761493146422,221,5,F
1024,221_PKB,0.0,4.758229167375807e-05,0.0,0.0089013683695054,0.0022372376652948,221,5,F
1025,221_SASA,0.0,1.269139033460107e-05,0.0,0.0564472818385449,0.0141149933072198,221,5,F
1026,221_MASS,0.0,8.981161441971553e-05,0.0,0.1087833025631406,0.02721827854439,221,5,F
1027,221_H2,0.0,1.3512769433741936e-05,1.805872784643725e-06,0.0192027312398357,0.0048045124705135,221,5,F
1028,222_SASA,0.0,0.0001371008675145,0.0,0.1247925747745024,0.0312324189105042,222,5,C
1029,222_PKB,0.0,0.0002885052671238,0.0,0.1471583394972684,0.036861711191098,222,5,C
1030,222_H2,0.0,4.9813111388277066e-05,0.0,0.1125686612535962,0.0281546185912461,222,5,C
1031,222_P1,0.0,2.2849908039071337e-06,0.0,0.0206554990325617,0.0051644460058414,222,5,C
1032,222_MASS,0.0,0.0001346036031423,1.5658656593586784e-06,0.1587924644354977,0.0397321584760748,222,5,C
1033,222_NCI,0.0,5.263905400322046e-06,0.0002159644500352,0.0592096088379478,0.0148577092983458,222,5,C
1034,224_PKB,0.0001121879789962,4.682892368787299e-05,0.0002426049031782,0.403058791097638,0.1008651032258751,224,5,G
1035,224_P1,0.0,3.853621754453309e-05,3.148669748043176e-06,0.0862555342664821,0.0215743047884436,224,5,G
1036,224_NCI,0.0,0.0105924875858441,0.0012610899284482,0.1873765572594543,0.0498075336934366,224,5,G
1037,224_H2,0.0443374578853462,0.0195709322102271,0.000323831627611,0.2431363078691761,0.0768421323980901,224,5,G
1038,224_MASS,0.0,0.000237327362598,0.000483770185383,0.0115503029911463,0.0030678501347818,224,5,G
1039,224_SASA,0.0,5.378295797232379e-05,0.0,0.0301548604035928,0.0075521608403912,224,5,G
1040,225_P1,0.0,4.443571425573057e-05,4.388607237615361e-07,0.0445397750115975,0.0111461623966442,225,CT/EC,Q
1041,225_H2,0.0,8.326781879413334e-06,0.0,0.098340146869732,0.0245871184129028,225,CT/EC,Q
1042,225_NCI,0.0,3.2241918665285967e-06,4.01588408749376e-07,0.0471119097441828,0.0117788838811145,225,CT/EC,Q
1043,226_SASA,0.0,2.0945057659839584e-06,0.0,0.0200621531589706,0.0050160619161841,226,CT/EC,L
1044,226_MASS,0.0,2.0488902190236732e-08,0.0,0.0173766269295541,0.004344161854614,226,CT/EC,L
1045,226_PKB,0.0,0.0,0.0,0.0634088216664362,0.015852205416609,226,CT/EC,L
1046,226_NCI,0.0,5.90077115789709e-06,0.0,0.0001246002151659,3.262524658096541e-05,226,CT/EC,L
1047,226_P1,0.0,6.542697869086112e-07,0.0,0.0026861488219024,0.0006717007729223,226,CT/EC,L
1048,226_H2,0.0,7.432046325716298e-06,0.0,0.0248102375319473,0.0062044173945682,226,CT/EC,L
1049,227_SASA,4.643187802652441e-05,2.037356197926728e-05,9.52811962662281e-09,0.1000860803041533,0.0250382238180696,227,CT/EC,V
1050,227_P1,0.0,1.4802926207251987e-05,0.0,0.0648825184727978,0.0162243303497512,227,CT/EC,V
1051,227_PKB,0.0,1.0866529799751015e-05,0.0,0.1797096218064982,0.0449301220840745,227,CT/EC,V
1052,227_MASS,4.643187802652441e-05,2.037356197926728e-05,9.52811962662281e-09,0.1000860803041533,0.0250382238180696,227,CT/EC,V
1053,227_NCI,0.0,7.051394741153758e-05,0.0002932822098955,0.0707221255945811,0.017771480437972,227,CT/EC,V
1054,227_H2,0.0,3.838070999608203e-05,0.0001907199039123,0.096637971822978,0.0242167681092216,227,CT/EC,V
1055,228_MASS,0.0,5.1189413759547126e-05,5.705225248675561e-06,0.057144117330452,0.014300252992365,228,CT/EC,F
1056,228_SASA,0.0,3.669466158027469e-05,0.0,0.1157714939865068,0.0289520471620217,228,CT/EC,F
1057,228_PKB,0.0,0.0002912653833391,0.0,0.1063659982412761,0.0266643159061538,228,CT/EC,F
1058,228_P1,2.645368347125976e-06,0.0001309514156711,3.1571253202855587e-06,0.1545536763117776,0.038672607555279,228,CT/EC,F
1059,228_NCI,4.690710783400706e-06,0.0001284807604365,4.297255509300157e-05,0.0745015508597214,0.0186694237215085,228,CT/EC,F
1060,228_H2,0.0,7.167932542034759e-05,7.956731678859796e-06,0.0342233099125606,0.0085757364924149,228,CT/EC,F
1061,229_SASA,0.0,2.587213642170533e-05,0.0,0.0708299293236638,0.0177139503650213,229,CT/EC,T
1062,229_NCI,0.0,8.284685280454179e-05,3.5317114566169045e-08,0.0356440890389912,0.0089317428022275,229,CT/EC,T
1063,229_P1,0.0,2.711114606429909e-06,2.2656326592596088e-08,0.0058945477491794,0.0014743203800281,229,CT/EC,T
1064,229_MASS,0.0,3.263417610122986e-06,2.096727621392347e-05,0.0902513886532887,0.0225689048367781,229,CT/EC,T
1065,229_PKB,0.0,5.7896822776796966e-05,0.0,0.130521467701642,0.0326448411311047,229,CT/EC,T
1066,230_NCI,0.0,4.814643829076919e-07,2.0704286285422316e-08,0.0659814872249726,0.0164954973484104,230,CT/EC,V
1067,230_P1,0.0,2.418015710451412e-05,6.228653091966407e-06,0.0075658364366294,0.0018990613117064,230,CT/EC,V
1068,230_MASS,0.0,1.180870540002714e-07,0.0,0.0012019628973358,0.0003005202460974,230,CT/EC,V
1069,230_SASA,0.0,1.0689991126399709e-06,0.0,0.0025875536125068,0.0006471556529048,230,CT/EC,V
1070,231_NCI,0.0002032923899996,0.0001502580264134,1.2792579582310282e-05,0.0895195017967597,0.0224714611981888,231,CT/EC,K
1071,231_SASA,0.0,0.0001112978398722,0.0,0.0846690068810365,0.0211950761802271,231,CT/EC,K
1072,231_P1,0.0,5.9701943952843926e-05,6.176341571517696e-08,0.0461609193828227,0.0115551707725478,231,CT/EC,K
1073,231_MASS,0.0,0.0002096565862304,0.0,0.10330870137769,0.0258795894909801,231,CT/EC,K
1074,231_H2,0.0,2.780572430252015e-05,0.0001686062169028,0.1149793393449544,0.0287939378215399,231,CT/EC,K
1075,232_P1,0.0,5.717662620020509e-05,0.0,0.0301040912142716,0.0075403169601179,232,CT/EC,E
1076,232_PKB,0.0,0.000278019628076,4.025971520604799e-06,0.3246353901041369,0.0812293589259333,232,CT/EC,E
1077,232_H2,0.0,1.6399596523950282e-05,1.1429244750615908e-06,0.0460740425866407,0.0115228962769099,232,CT/EC,E
1078,233_SASA,0.0,4.107949970817361e-07,0.0,0.0161427275728342,0.0040357845919578,233,CT/EC,A
1079,233_P1,0.0,8.990820183495517e-07,9.513821169093715e-06,0.0115210245511945,0.0028828593635955,233,CT/EC,A
1080,233_PKB,0.0017746889435856,1.9670856482677007e-06,0.0,0.0240250958914947,0.0064504379801821,233,CT/EC,A
1081,233_MASS,0.0,3.546409991961986e-07,5.302039198795683e-07,0.0205393277686583,0.0051350531533943,233,CT/EC,A
1082,234_SASA,0.0,0.0,0.0,0.0023703234371291,0.0005925808592822,234,CT/EC,A
1083,234_PKB,0.0,3.918885960442561e-07,0.0,0.0180958983969276,0.0045240725713809,234,CT/EC,A
1084,234_P1,0.0,3.77566116668532e-08,0.0,0.0957686548534025,0.0239421731525035,234,CT/EC,A
1085,234_H2,0.0,3.77566116668532e-08,0.0,0.0957686548534025,0.0239421731525035,234,CT/EC,A
1086,234_MASS,0.0,0.0,0.0,0.0023703234371291,0.0005925808592822,234,CT/EC,A
1087,235_PKB,6.323451940847976e-07,7.178001936631532e-05,0.0,0.0376001161292656,0.0094181321234565,235,CT/EC,A
1088,235_MASS,0.0,3.119978229381194e-05,1.6500955098308623e-05,0.0951280495015276,0.0237939375597299,235,CT/EC,A
1089,235_SASA,0.0,1.2270459817660664e-06,0.0,0.2016287995289846,0.0504075066437415,235,CT/EC,A
1090,236_NCI,0.0599652999845042,0.040749312960681,0.1754264384508133,0.0015780000073717,0.0694297628508425,236,CT/EC,Q
1091,236_MASS,0.0,9.042492018086906e-06,4.900411568087293e-06,0.1140155452369173,0.0285073720351258,236,CT/EC,Q
1092,236_PKB,2.363396278304329e-05,6.033312738745184e-05,0.0,0.0448263674147532,0.0112275836262309,236,CT/EC,Q
1093,236_SASA,0.0,9.042492018086906e-06,4.900411568087293e-06,0.1140155452369173,0.0285073720351258,236,CT/EC,Q
1094,236_P1,0.0,0.0007968039502194,0.0,0.1428502371471482,0.0359117602743419,236,CT/EC,Q
1095,236_H2,0.0,2.7627604519742392e-05,0.0,0.3152484013113579,0.0788190072289694,236,CT/EC,Q
1096,237_PKB,0.0,0.0,2.1676309188478623e-05,0.0518903209362632,0.0129779993113629,237,CT/EC,Q
1097,237_H2,0.0,1.5949780306482944e-06,0.0,0.0758780218657926,0.0189699042109558,237,CT/EC,Q
1098,237_SASA,0.0,1.5464881496377382e-08,0.0,0.0449650609823338,0.0112412691118038,237,CT/EC,Q
1099,237_MASS,0.0,1.4866538953073972e-05,0.0,0.0417911680101965,0.0104515086372873,237,CT/EC,Q
1100,237_NCI,0.0,6.746638451447041e-07,0.0,0.0110626643026504,0.0027658347416239,237,CT/EC,Q
1101,237_P1,0.0,1.3206895778306803e-05,0.0,0.0670487534940946,0.0167654900974682,237,CT/EC,Q
1102,238_MASS,0.0,1.3898735442423449e-05,0.0,0.1012663252603961,0.0253200559989596,238,CT/EC,Q
1103,238_P1,0.0,6.028192070312628e-08,0.0,0.0337602864995413,0.0084400866953655,238,CT/EC,Q
1104,238_SASA,0.0130713737870742,0.0209099323376068,0.0775374099612236,0.0533680433385398,0.0412216898561111,238,CT/EC,Q
1105,238_H2,0.0,3.460578560622349e-05,0.0,0.0782657052042603,0.0195750777474666,238,CT/EC,Q
1106,238_PKB,0.0,0.0009821137826414,0.0,0.1376735848898322,0.0346639246681184,238,CT/EC,Q
1107,239_PKB,0.0,0.0001221695450567,2.927194509538822e-05,0.1803416170646567,0.0451232646387022,239,CT/EC,E
1108,239_NCI,0.0,6.515272293670115e-06,0.0,0.0739500057669583,0.018489130259813,239,CT/EC,E
1109,239_SASA,0.0,0.0001421586269654,0.0,0.0693927735458789,0.017383733043211,239,CT/EC,E
1110,240_H2,0.0,5.379585219038628e-05,0.0005171903758309,0.0770592933499528,0.0194075698944935,240,CT/EC,S
1111,240_SASA,0.0,3.97817860308826e-07,0.0,0.098414829677867,0.0246038068739318,240,CT/EC,S
1112,240_P1,0.0,5.379585219038628e-05,0.0005171903758309,0.0770592933499528,0.0194075698944935,240,CT/EC,S
1113,240_MASS,5.167710730128119e-06,4.056498145038887e-07,0.0,0.0912215239385243,0.0228067743247672,240,CT/EC,S
1114,240_PKB,0.0,3.5408027822407477e-06,0.0,0.1473807933305596,0.0368460835333354,240,CT/EC,S
1115,241_H2,0.0,1.479660669914959e-06,0.0,0.0504374647178893,0.0126097360946398,241,CT/EC,A
1116,241_P1,0.0,0.0001234805701272,7.457631909346674e-06,0.0801145589043168,0.0200613742765883,241,CT/EC,A
1117,241_NCI,0.0,4.657980115772997e-06,4.351369170763064e-06,0.1020469206872213,0.0255139825091269,241,CT/EC,A
1118,241_SASA,0.0,5.7766464082047885e-05,0.0,0.0580612172237941,0.014529745921969,241,CT/EC,A
1119,241_PKB,0.0,5.836121764014743e-05,0.0,0.2708478584584008,0.0677265549190102,241,CT/EC,A
1120,241_MASS,0.0,6.21061681751005e-06,2.8330744044069438e-06,0.0995052767317374,0.0248785801057398,241,CT/EC,A
1121,242_NCI,6.673983960171691e-05,8.028732019106963e-05,4.665830601879861e-06,0.3747639884200054,0.0937289203526,242,CT/EC,T
1122,242_MASS,0.0,2.3263758253060465e-05,5.12006727149128e-06,0.1076560404381251,0.0269211060659124,242,CT/EC,T
1123,242_SASA,0.0,0.000106150372592,0.0001799552555894,0.100311704485537,0.0251494525284296,242,CT/EC,T
1124,243_H2,0.0,2.360863108728023e-05,0.0,0.2024791675853652,0.0506256940541131,243,CT/EC,T
1125,243_P1,0.0,6.914088899361461e-05,3.2416476614116625e-08,0.0985215803086048,0.0246476884035187,243,CT/EC,T
1126,243_PKB,0.0,1.0970697310369152e-05,0.0,0.138916287688968,0.0347318145965696,243,CT/EC,T
1127,244_MASS,0.0001679259537952,4.645925302717572e-06,2.1180032490519807e-05,0.1868108338716416,0.0467511464458075,244,CT/EC,Q
1128,244_H2,0.0,4.147012963751409e-05,5.00913338328246e-05,0.1637223000154874,0.0409534653697394,244,CT/EC,Q
1129,244_P1,0.0,1.7492096019573533e-05,0.0,0.0102871164373918,0.0025761521333528,244,CT/EC,Q
1130,244_SASA,0.0,1.4215914421509408e-05,0.0,0.1581948770132394,0.0395522732319152,244,CT/EC,Q
1131,244_PKB,0.0,0.0002772654046487,0.0,0.1094575507228125,0.0274337040318653,244,CT/EC,Q
1132,245_PKB,0.0,2.4133269901814604e-06,0.0,0.20505561426758,0.0512645068986425,245,CT/EC,K
1133,245_MASS,0.0,3.956558798713764e-06,0.0,0.1390716039086149,0.0347688901168534,245,CT/EC,K
1134,245_NCI,0.0,3.4784571383356554e-06,0.0,0.1216479090528766,0.0304128468775037,245,CT/EC,K
1135,245_P1,0.0,1.2459778119900986e-06,0.0,0.0620876659129914,0.0155222279727008,245,CT/EC,K
1136,245_SASA,0.0,8.687050954115279e-05,0.0,0.0473079939888094,0.0118487161245876,245,CT/EC,K
1137,245_H2,0.0,3.316282769529025e-07,0.0,0.3152884649200144,0.0788221991370728,245,CT/EC,K
1138,246_P1,0.0,4.835826468446883e-05,0.0,0.1050836315895722,0.0262829974635641,246,CT/EC,A
1139,246_H2,0.0,1.883758664139778e-05,0.0,0.1541202724340051,0.0385347775051616,246,CT/EC,A
1140,246_SASA,0.0,9.237927582558628e-06,0.0,0.1467980316756403,0.0367018174008057,246,CT/EC,A
1141,246_NCI,0.0,2.612262355635232e-07,0.0,0.0231133570839969,0.0057784045775581,246,CT/EC,A
1142,248_H2,0.0,2.099367023956099e-06,0.0,0.2464212923731066,0.0616058479350326,248,CT/EC,K
1143,248_P1,0.0,0.0001436447604287,2.9151319722586777e-06,0.2091547803911674,0.0523253350708921,248,CT/EC,K
1144,248_SASA,0.0,1.529301391764934e-05,0.0,0.0043242158763669,0.0010848772225711,248,CT/EC,K
1145,248_NCI,5.460915251956493e-05,0.0002073727741173,1.299682367061905e-06,0.2215055534099408,0.0554422087547362,248,CT/EC,K
1146,249_SASA,0.0,2.8311117573060094e-07,0.0,0.0102729617258564,0.002568311209258,249,CT/EC,E
1147,249_PKB,0.0,8.276937927980691e-05,0.0,0.0102891951397082,0.002592991129747,249,CT/EC,E
1148,249_P1,0.0,1.8694315637643336e-06,1.3712933899512336e-08,0.0496385712661383,0.012410113602659,249,CT/EC,E
1149,249_MASS,0.0,3.360575382887098e-05,0.0,0.0764632448708799,0.0191242126561772,249,CT/EC,E
1150,249_NCI,0.0,1.0631377990376549e-06,0.0,0.1205981320019857,0.0301497987849461,249,CT/EC,E
1151,250_H2,0.0,4.7491615880630883e-07,0.0,0.1489921103501002,0.0372481463165647,250,CT/EC,V
1152,250_MASS,0.0,1.7537998869924357e-07,0.0,0.0564510810303011,0.0141128141025724,250,CT/EC,V
1153,250_NCI,0.0,3.891293322645498e-07,0.0,0.0820584848782314,0.0205147185018909,250,CT/EC,V
1154,251_MASS,0.0,5.986043732131361e-05,0.0,0.0291550568085931,0.0073037293114786,251,CT/EC,T
1155,251_SASA,0.0,1.744216298912059e-06,0.0,0.0337120466538995,0.0084284477175496,251,CT/EC,T
1156,251_PKB,0.0,6.024162666128223e-07,0.0,0.064852597757386,0.0162133000434131,251,CT/EC,T
1157,251_H2,0.0,1.471528264612298e-06,0.0,0.0245704611055127,0.0061429831584443,251,CT/EC,T
1158,252_H2,0.0,0.0001447737683069,3.5240602755948203e-06,0.0793956058402829,0.0198859759172163,252,CT/EC,R
1159,252_NCI,0.0,1.1255342410047524e-06,0.0,0.0774106431584233,0.019352942173166,252,CT/EC,R
1160,252_SASA,0.0,8.839661517498345e-08,0.0,0.0024318308211941,0.0006079798044523,252,CT/EC,R
1161,252_MASS,0.0,7.19785163464919e-05,0.0,0.0331164200766777,0.008297099648256,252,CT/EC,R
1162,253_H2,0.0,1.1966327731710218e-06,0.0,0.0220340403565218,0.0055088092473237,253,6,M
1163,253_P1,0.0,7.801999257685044e-06,0.0,0.0251851579100227,0.0062982399773201,253,6,M
1164,253_SASA,0.0,2.124667433735713e-06,0.0,0.0225132227355456,0.0056288368507448,253,6,M
1165,253_PKB,0.0,8.271306652804703e-07,0.0,0.0208665019160934,0.0052168322616896,253,6,M
1166,253_NCI,0.0,3.374867607366049e-06,0.0,0.0853081908501437,0.0213278914294377,253,6,M
1167,253_MASS,0.0,2.124667433735713e-06,0.0,0.0225132227355456,0.0056288368507448,253,6,M
1168,254_PKB,0.0,1.4536129981594595e-06,0.0073405560106039,0.0641210354755817,0.0178657612747959,254,6,V
1169,254_SASA,0.0,0.0002309153421099,0.0,0.0242840932394724,0.0061287521453956,254,6,V
1170,254_P1,0.0,4.6608780564466893e-07,0.0,0.0553943669680944,0.013848708263975,254,6,V
1171,254_H2,0.0,1.9183825677847422e-05,6.333113560685888e-05,0.1136583766455984,0.0284352229017207,254,6,V
1172,254_MASS,0.0,2.9430578065516097e-05,0.0,0.0102099763072292,0.0025598517213237,254,6,V
1173,255_NCI,0.0,2.0760889915427737e-05,4.954698624715093e-07,0.1366245642247086,0.0341614551461216,255,6,I
1174,255_H2,0.0,0.0001970183922551,1.7506595213490073e-06,0.0943313798378972,0.0236325372224184,255,6,I
1175,256_MASS,4.85161054467298e-05,4.0900219835613416e-05,0.0,0.2183792979688587,0.0546171785735352,256,6,I
1176,256_PKB,0.0,1.5150025840525627e-05,0.0,0.3407097138672868,0.0851812159732818,256,6,I
1177,256_H2,0.0,1.5201098944335568e-05,6.136467050055217e-07,0.1692050380200135,0.0423052131914157,256,6,I
1178,256_SASA,5.94639861410222e-05,1.1142369156176355e-05,3.710494183906121e-06,0.2098823404931339,0.0524891643356537,256,6,I
1179,256_P1,0.0,5.877092670195183e-05,8.93258948053699e-06,0.0545545336820889,0.0136555592995678,256,6,I
1180,257_NCI,0.0,7.065012864029999e-06,1.2288471225474495e-05,0.1240773377444789,0.0310241728071421,257,6,M
1181,257_PKB,0.0,6.532157862058479e-05,0.0,0.0336747482731743,0.0084350174629487,257,6,M
1182,257_P1,0.0,1.931053320291367e-06,4.9169273097504635e-08,0.07404603934678,0.0185120048923433,257,6,M
1183,257_H2,2.23960461356801e-07,6.166883083578208e-06,0.0,0.0849519151873812,0.0212395765077315,257,6,M
1184,257_MASS,0.0,4.6240840557781735e-09,0.0,0.0925027141677311,0.0231256796979538,257,6,M
1185,258_SASA,0.0,0.001063081578252,0.0,0.0795797341980279,0.02016070394407,258,6,V
1186,258_NCI,0.0,3.7634166528427903e-06,0.0,0.1422867085212157,0.0355726179844671,258,6,V
1187,258_H2,0.0,0.000113320823503,1.1275344036221213e-07,0.0127452048036472,0.0032146595951476,258,6,V
1188,258_PKB,0.0,0.004223033948352,0.0,0.4887434783077785,0.1232416280640326,258,6,V
1189,258_P1,0.0,7.517957926611786e-07,0.0,0.0440390655536822,0.0110099543373687,258,6,V
1190,258_MASS,0.0,2.4227236359739147e-06,0.0,0.0835629464355099,0.0208913422897864,258,6,V
1191,259_NCI,0.0,0.0002027207983256,2.8357655537547544e-05,0.0351053441722944,0.0088341056565394,259,6,I
1192,259_MASS,0.0,2.113294008485044e-05,3.7569989785879443e-07,0.0055805936489865,0.0014005255722423,259,6,I
1193,259_P1,0.0001033704354045,0.000128774303991,2.1992814254190307e-06,0.1247035990022866,0.0312344857557769,259,6,I
1194,259_SASA,0.0,0.0006693404613141,1.1720479733412503e-06,0.0696327744122656,0.0175758217303882,259,6,I
1195,260_SASA,0.0,6.536604549651676e-06,0.0,0.0401291754451639,0.0100339280124283,260,6,A
1196,260_PKB,0.0,1.2385019788094377e-05,8.190253538487013e-06,0.0333598470542627,0.0083451055818973,260,6,A
1197,260_MASS,0.0,7.347908644406452e-06,4.909053586743539e-06,0.019214749424761,0.004806751596748,260,6,A
1198,261_P1,0.0048768975353938,0.000289855979107,0.0016141438391059,0.2914660010596617,0.0745617246033171,261,6,F
1199,261_SASA,0.0,0.0004069278029757,0.0,0.3318428774042802,0.0830624513018139,261,6,F
1200,261_H2,0.000304658036031,0.0001774830037593,0.0002316148456884,0.2260089316318066,0.0566806718793213,261,6,F
1201,261_NCI,5.622911199792242e-05,0.0001758133799287,0.0,0.3720248111910745,0.0930642134207503,261,6,F
1202,261_PKB,0.0,0.0001863741625897,1.62395754159661e-05,0.1066101518820255,0.0267031914050078,261,6,F
1203,261_MASS,0.0,0.0004069278029757,0.0,0.3318428774042802,0.0830624513018139,261,6,F
1204,262_SASA,0.0,3.3929792131947824e-05,0.0,0.0795802226282857,0.0199035381051044,262,6,L
1205,262_PKB,0.0,1.5519553008626445e-05,0.0,0.0805488362630127,0.0201410889540053,262,6,L
1206,262_MASS,8.132886428431108e-05,1.705633560527698e-05,0.0,0.0937224915607637,0.0234552191901633,262,6,L
1207,262_P1,0.0001864836021712,3.640336361901212e-05,0.0,0.0429163593812122,0.0107848115867506,262,6,L
1208,262_H2,0.0,3.365524195810632e-05,7.761708729958627e-06,0.1375986131415404,0.0344100075230571,262,6,L
1209,262_NCI,0.0,3.0324427568825187e-05,3.100929825450294e-05,0.0692855871732826,0.0173367302247764,262,6,L
1210,263_P1,0.0,0.000124858246983,4.52345966550638e-06,0.0068125537775252,0.0017354838710434,263,6,I
1211,263_NCI,2.9831961978640507e-05,7.275856975723576e-05,2.731138010858558e-06,0.1367716246587018,0.0342192365821121,263,6,I
1212,263_MASS,0.0,3.656300640656852e-05,4.9595922035905466e-08,0.0322908264519036,0.008081859763558,263,6,I
1213,263_PKB,0.0,2.1095005067886612e-05,0.0001000398551695,0.0182426813595849,0.0045909540549556,263,6,I
1214,263_H2,7.317960116472425e-07,7.210111762514062e-05,4.940499820804689e-06,0.0985294163761015,0.0246517974473897,263,6,I
1215,263_SASA,0.0,3.381449144604889e-05,4.356687668405357e-07,0.010465967630707,0.0026250544477299,263,6,I
1216,264_P1,0.0,0.000181094041427,0.0,0.032047869064233,0.008057240776415,264,6,C
1217,264_H2,0.0,4.678682620976924e-05,0.0023649239446967,0.0803580189536416,0.020692432431137,264,6,C
1218,264_SASA,0.0,7.653285461716578e-05,0.0,0.0169678979478746,0.0042611077006229,264,6,C
1219,264_PKB,0.0,2.990078357530126e-05,0.0,0.1712986987504488,0.042832149883506,264,6,C
1220,264_MASS,0.0,7.653285461716578e-05,0.0,0.0169678979478746,0.0042611077006229,264,6,C
1221,265_H2,0.0,1.8044967053238783e-05,0.0,0.1666811461299422,0.0416747977742488,265,6,W
1222,265_NCI,0.0007383240735321,2.786394081544568e-06,0.0,0.066263697689294,0.0167512020392269,265,6,W
1223,265_SASA,0.0,1.0699892393864685e-05,0.0,0.0498417752958891,0.0124631187970707,265,6,W
1224,265_PKB,0.0,4.921686746373134e-05,0.0,0.1659555756684045,0.041501198133967,265,6,W
1225,265_P1,0.0,1.4228841042000045e-05,0.0,0.0460873581028243,0.0115253967359665,265,6,W
1226,265_MASS,0.0,1.0699892393864685e-05,0.0,0.0498417752958891,0.0124631187970707,265,6,W
1227,266_H2,0.0001295231363213,2.3268942353197077e-05,0.0001118400687118,0.0891211635467671,0.0223464489235383,266,6,L
1228,266_PKB,0.0,9.486928703786647e-05,1.9096746655122843e-06,0.0250471074260939,0.0062859715969493,266,6,L
1229,266_NCI,0.0,3.614127020339935e-05,7.821471808711067e-05,0.2754672046816563,0.0688953901674867,266,6,L
1230,266_MASS,0.0,2.7950389623998556e-05,0.0007965088589116,0.0440443823536838,0.0112172104005548,266,6,L
1231,266_SASA,0.0,9.913457029178148e-05,0.0,0.0523017296555535,0.0131002160564613,266,6,L
1232,266_P1,0.0,0.0001731940231572,1.5184731637418736e-05,0.08970092170952,0.0224723251160786,266,6,L
1233,269_H2,8.96635862649666e-06,0.0004293878389202,0.0013034398434683,0.1069293975228647,0.0271677978909699,269,6,A
1234,269_NCI,3.282213696205629e-07,0.0001704069290829,0.0004554238694254,0.085059013630766,0.021421293162661,269,6,A
1235,269_SASA,0.0027937881121019,0.0004288191481328,0.0045300866477191,0.102929174367335,0.0276704670688222,269,6,A
1236,269_P1,0.0,0.0004195845129707,0.0,0.0666261589770425,0.0167614358725033,269,6,A
1237,269_PKB,0.0049298322071563,0.0008950743090337,0.0001504688116256,0.5835635217388261,0.1473847242666604,269,6,A
1238,269_MASS,0.0,0.00026772130577,0.0004623029089998,0.164241047402304,0.0412427679042684,269,6,A
1239,270_PKB,0.0,3.059599577795442e-05,1.5352705986515502e-06,0.3262866536227303,0.0815796962222767,270,6,G
1240,270_SASA,0.0005087376134814,9.51823276844646e-05,9.089652053262398e-07,0.1426489884739186,0.0358134543450724,270,6,G
1241,270_MASS,0.0008489671537356,0.0001827177981646,0.0001556323259137,0.2019933483008576,0.0507951663946679,270,6,G
1242,270_H2,0.0002353018002887,4.5141436789589456e-05,2.4395340005867183e-06,0.0441486696468177,0.0111078881044741,270,6,G
1243,270_NCI,0.0,0.0001817404188066,0.0004735497932415,0.1400424913691989,0.0351744453953117,270,6,G
1244,270_P1,0.0,5.621661308460505e-05,0.0002419444790575,0.0751095737003886,0.0188519336981327,270,6,G
1245,271_H2,0.0,0.0002222255018749,2.483902790118009e-07,0.4092454808591236,0.1023669886878194,271,6,V
1246,271_NCI,0.0,9.403198623182344e-05,0.0014250471722334,0.3786789336608179,0.0950495032048207,271,6,V
1247,271_PKB,0.0005441966751253,0.0001807049219082,0.0030670743435621,0.2528289365515501,0.0641552281230364,271,6,V
1248,271_SASA,0.0,2.9840970776528983e-05,0.0,0.0050185187892008,0.0012620899399943,271,6,V
1249,271_P1,0.0,0.0001264445447576,0.0,0.0894644651824334,0.0223977274317977,271,6,V
1250,271_MASS,0.0,0.0001315126324328,3.221279598619731e-07,0.0157188881703619,0.0039626807326886,271,6,V
1251,272_H2,0.0,4.796784602941583e-07,0.0,0.0365168322303821,0.0091293279772106,272,6,A
1252,272_PKB,0.0,9.847385061452609e-06,0.0,0.1931449101816302,0.0482886893916729,272,6,A
1253,272_MASS,0.0,8.324521651686325e-06,0.0,0.0746141063917641,0.0186556077283539,272,6,A
1254,272_P1,0.0,4.889563193214794e-05,0.0,0.0350162183943825,0.0087662785065786,272,6,A
1255,272_NCI,0.0,1.0298456852193171e-05,1.6645433788653463e-05,0.2767931549369913,0.069205024706908,272,6,A
1256,272_SASA,0.0,6.299665539137075e-05,0.0,0.0933745549839425,0.0233593879098334,272,6,A
1257,273_NCI,0.0,1.776953114663575e-05,1.075937234418234e-05,0.2290017079211704,0.0572575592061653,273,6,F
1258,273_H2,0.0,7.313962091743945e-05,3.137526221053122e-07,0.2222246321133436,0.0555745213717208,273,6,F
1259,273_P1,0.0,8.847071882535215e-05,1.0924440019266513e-08,0.0545865295518241,0.0136687527987723,273,6,F
1260,273_PKB,0.0,0.0002378553631544,2.0075389329576865e-05,0.0703105218741521,0.017642113156659,273,6,F
1261,273_SASA,0.0,3.494421777108241e-05,1.3153612599126063e-06,0.0156067020558719,0.0039107404087257,273,6,F
1262,274_H2,0.0,1.159687723799824e-05,1.676884266998968e-06,0.0727002982877221,0.0181783930123067,274,6,Y
1263,274_P1,0.0,1.2994216482165737e-05,7.279838428075891e-06,0.1585060720647123,0.0396315865299056,274,6,Y
1264,274_NCI,0.0,2.6384277222496115e-05,0.0001306025806115,0.1570631204959861,0.039305026838455,274,6,Y
1265,274_MASS,0.0,0.0002691071724834,0.0,0.1895178350408249,0.047446735553327,274,6,Y
1266,274_PKB,0.0,0.0002418372464336,0.0,0.2079082719356461,0.0520375272955199,274,6,Y
1267,274_SASA,0.0,0.0002691071724834,0.0,0.1895178350408249,0.047446735553327,274,6,Y
1268,275_SASA,0.0,4.752821612899063e-06,0.0,0.066081725947831,0.0165216196923609,275,CT/EC,I
1269,275_MASS,0.0,4.752821612899063e-06,0.0,0.066081725947831,0.0165216196923609,275,CT/EC,I
1270,275_P1,0.0,0.00022953081564,1.402879661327461e-07,0.0424913130771265,0.0106802460451831,275,CT/EC,I
1271,275_NCI,0.0002438041692847,0.0003787490944646,3.763080371754768e-07,0.03734546279213,0.0094920980909791,275,CT/EC,I
1272,275_H2,1.1435490497895148e-05,0.0001282353583271,0.0,0.0212560970851705,0.0053489419834988,275,CT/EC,I
1273,275_PKB,7.299257865587282e-05,7.018474318078864e-05,1.2917114489141568e-08,0.1329936400311849,0.033284207567534,275,CT/EC,I
1274,276_H2,0.0,3.813328238730604e-05,0.0,0.1020853750177909,0.0255308770750445,276,CT/EC,F
1275,276_P1,0.0,1.311916857929157e-05,0.0,0.0226034396075106,0.0056541396940224,276,CT/EC,F
1276,276_NCI,0.0,0.0004313469455806,9.124313510255888e-05,0.3083574866587487,0.0772200191848579,276,CT/EC,F
1277,276_SASA,0.0,0.0007579403036998,0.000148981809616,0.0756815417298241,0.019147115960785,276,CT/EC,F
1278,276_PKB,0.00020834377091,0.0010934968063657,0.0,0.5017760912903864,0.1257694829669155,276,CT/EC,F
1279,276_MASS,0.0,0.0007579403036998,0.000148981809616,0.0756815417298241,0.019147115960785,276,CT/EC,F
1280,277_P1,0.0,2.2888701682563743e-05,2.7885782856174046e-06,0.1052936875820647,0.0263298412155082,277,CT/EC,T
1281,277_SASA,0.0,0.0003932606996841,1.3578255675383843e-06,0.0267797138477678,0.0067935830932548,277,CT/EC,T
1282,277_PKB,0.0,5.5946845446654216e-05,4.191999323666096e-06,0.0581300219183593,0.0145475401907824,277,CT/EC,T
1283,277_NCI,1.0145733420357668e-05,0.0001080824026615,3.7621369131102256e-08,0.0488755860675542,0.0122484629562513,277,CT/EC,T
1284,277_MASS,0.0,0.0007495047767349,8.93089193709784e-08,0.0027013034239373,0.0008627243773979,277,CT/EC,T
1285,277_H2,0.0,0.0001992668139835,6.923497153366043e-07,0.2970623910396925,0.0743155875508478,277,CT/EC,T
1286,278_NCI,0.0,0.0001054418741987,8.38652454149269e-08,0.1416220090904837,0.0354318837074819,278,CT/EC,H
1287,278_P1,0.0,5.0268495010978e-05,2.2363330572261475e-05,0.0989565757350053,0.0247573018901471,278,CT/EC,H
1288,278_PKB,0.0002609761992027,1.0701284311658492e-05,0.000143341239891,0.0101571513591391,0.0026430425206361,278,CT/EC,H
1289,279_H2,0.0,7.532489633591749e-05,0.0,0.2532046186631206,0.0633199858898641,279,CT/EC,Q
1290,279_PKB,0.0011354021598877,0.0006822089281553,0.000171201507328,0.0800882128954999,0.0205192563727177,279,CT/EC,Q
1291,279_P1,0.0,2.2467469500394847e-05,0.0,0.059851637441296,0.0149685262276991,279,CT/EC,Q
1292,279_NCI,5.583102382781133e-05,5.451418034520023e-05,2.341282379347831e-05,0.2794286547918443,0.0698906032049527,279,CT/EC,Q
1293,279_MASS,0.015815206024567,0.0111656998381066,0.0114933047443628,0.0300925972928639,0.0171417019749751,279,CT/EC,Q
1294,280_H2,0.0,0.0001280526315475,5.128862540004775e-05,0.1720589227805476,0.0430595660093738,280,CT/EC,G
1295,280_P1,0.0006260670689838,0.0001847026205748,4.003627327620052e-05,0.0141524202965829,0.0037508065648544,280,CT/EC,G
1296,280_NCI,0.0,8.141209851999651e-05,0.0001229316549142,0.1337579094732343,0.0334905633066671,280,CT/EC,G
1297,280_PKB,0.0,2.5223408395983076e-05,1.399106110966386e-07,0.0039353933091864,0.0009901891570483,280,CT/EC,G
1298,280_SASA,0.0,0.0001735002610507,2.2966366941545857e-06,0.0435872824405731,0.0109407698345794,280,CT/EC,G
1299,280_MASS,0.0,1.3444951454294471e-05,0.0,0.1249184917070501,0.0312329841646261,280,CT/EC,G
1300,281_SASA,0.0001006631151152,0.0001394671078727,2.409095941402484e-05,0.1175630210325612,0.0294568105537408,281,CT/EC,S
1301,281_MASS,0.0001006631151152,0.0001394671078727,2.409095941402484e-05,0.1175630210325612,0.0294568105537408,281,CT/EC,S
1302,281_H2,0.0,7.10377197148934e-05,9.071897011381224e-07,0.010757946097285,0.0027074727516752,281,CT/EC,S
1303,281_P1,0.0,0.0001358459458844,4.63971502995264e-07,0.0587334778652594,0.0147174469456617,281,CT/EC,S
1304,282_P1,0.0,0.0002226210202491,6.561861027876148e-06,0.1204343031371094,0.0301658715045966,282,CT/EC,D
1305,282_NCI,0.0,0.000160657554182,0.0001198428799398,0.0510331789043419,0.0128284198346159,282,CT/EC,D
1306,282_H2,0.0,0.0003553515673889,0.0001486684777773,0.0540028931653007,0.0136267283026167,282,CT/EC,D
1307,283_SASA,0.0,1.8525336764443304e-06,0.0,0.1516237713595918,0.037906405973317,283,CT/EC,F
1308,283_NCI,0.0002992736535387,3.75595300618093e-05,0.0,0.2327275243446644,0.0582660893820662,283,CT/EC,F
1309,283_P1,0.0,2.950873857687093e-05,0.0,0.0180687262994802,0.0045245587595142,283,CT/EC,F
1310,283_PKB,6.0095260447147024e-05,4.015703673602875e-07,0.0,0.2588554354034948,0.0647289830585773,283,CT/EC,F
1311,283_MASS,7.715332569323722e-05,1.316347969113178e-05,0.0,0.1014256877189627,0.0253790011310867,283,CT/EC,F
1312,283_H2,0.0,3.189352925044289e-07,0.0,0.097708530549775,0.0244272123712668,283,CT/EC,F
1313,284_H2,0.0,6.944450162233539e-05,0.0003976179577875,0.1070454274800894,0.0268781224848748,284,CT/EC,G
1314,284_P1,0.0,0.0001129747651878,7.214486004158971e-07,0.0738622719652074,0.0184939920447489,284,CT/EC,G
1315,284_NCI,0.0,5.635397415502843e-05,1.125447033700766e-05,0.0471962225039774,0.0118159577371173,284,CT/EC,G
1316,284_PKB,0.0,1.80878239049268e-05,0.0022410615347325,0.0090945325767594,0.0028384204838492,284,CT/EC,G
1317,285_PKB,0.0,4.810205709527299e-06,0.0,0.1168932870524726,0.0292245243145455,285,CT/EC,P
1318,285_MASS,0.0,3.018517359552474e-07,3.041790819224843e-08,0.0720671111251565,0.0180168608487001,285,CT/EC,P
1319,285_NCI,0.0,1.3913697027157053e-06,0.0,0.0228781487987784,0.0057198850421202,285,CT/EC,P
1320,285_P1,0.0,2.0706730881889568e-05,0.0,0.0645687002837756,0.0161473517536643,285,CT/EC,P
1321,285_SASA,0.0,5.442247692077562e-06,0.0,0.082595570073826,0.0206502530803795,285,CT/EC,P
1322,285_H2,0.0,2.6426348245148136e-05,0.0,0.118890392361822,0.0297292046775168,285,CT/EC,P
1323,286_NCI,0.0,0.0002199704264933,5.811155915580457e-06,0.4179660128538793,0.104547948609072,286,CT/EC,I
1324,286_P1,0.0,0.0102871823255992,1.8572956506091032e-08,0.1390699580792002,0.0373392897444389,286,CT/EC,I
1325,286_MASS,0.0,0.0001567242111608,7.432620623148978e-05,0.0200370024053603,0.0050670132056881,286,CT/EC,I
1326,286_H2,0.027642504313855,0.0279065346404411,0.0075607965700328,0.5433636705705914,0.1516183765237301,286,CT/EC,I
1327,286_SASA,0.0,4.601284633905088e-05,5.360173418011982e-06,0.0949053723584811,0.0237391863445595,286,CT/EC,I
1328,286_PKB,0.0,1.4183497775640829e-05,1.035776858770987e-05,0.0945195504142939,0.0236360229201643,286,CT/EC,I
1329,287_NCI,0.0,4.265458066332672e-05,4.877098831457261e-07,0.3329663926201884,0.0832523837276837,287,7,F
1330,287_PKB,0.0,7.388813402679298e-05,1.84615928446874e-05,0.1444212002440222,0.0361283874927234,287,7,F
1331,287_H2,0.0,5.3294191933878514e-05,4.890147920377785e-06,0.3365238271416895,0.0841455028703859,287,7,F
1332,287_P1,0.0,6.855560139198326e-05,9.51421668560215e-07,0.1493918848755523,0.0373653479746532,287,7,F
1333,287_SASA,0.0,2.68876334341916e-05,1.803888335416559e-05,0.0400989769694554,0.0100359758715609,287,7,F
1334,288_NCI,0.0,2.0821497166079467e-06,0.0,0.1630266611982264,0.0407571858369857,288,7,M
1335,288_SASA,0.0,4.85710072380438e-06,0.0,0.0616818663528867,0.0154216808634026,288,7,M
1336,288_H2,0.0,9.299488938352335e-06,1.7042919964183056e-08,0.2192243173491928,0.0548084084702627,288,7,M
1337,288_P1,0.0,1.6433030209551518e-05,0.0,0.0898430770251284,0.0224648775138345,288,7,M
1338,289_SASA,0.0,7.034819037628716e-05,0.0,0.0641513869764382,0.0160554337917036,289,7,T
1339,289_MASS,0.0,1.4134329805657472e-05,7.822409884283843e-07,0.0846082462432915,0.0211557907035213,289,7,T
1340,289_NCI,0.0011812874884199,1.2290189207997517e-05,0.0004584991838783,0.2606736120468105,0.0655814222270792,289,7,T
1341,289_PKB,2.3981988848272088e-05,9.527035114177512e-05,6.923866635588638e-07,0.3531869306912838,0.0883267188544843,289,7,T
1342,290_PKB,0.0,5.8741689689424365e-06,6.354414381348761e-07,0.0134805855122018,0.0033717737806522,290,7,I
1343,290_SASA,0.0,0.0001017571940912,2.1757927015642053e-07,0.0803846867529872,0.0201216653815871,290,7,I
1344,290_MASS,0.0,4.130961820766025e-06,2.5404258252592623e-08,0.0726403150076187,0.0181611178434244,290,7,I
1345,290_NCI,9.235460429943046e-05,9.983736453500364e-05,6.891880730108824e-06,0.236677908663127,0.0592192481281729,290,7,I
1346,290_H2,0.0,5.697063510630077e-05,9.658888302510604e-05,0.1702910384848562,0.0426111495007469,290,7,I
1347,291_NCI,0.0,3.458886622804436e-07,0.0,0.1874101501711152,0.0468526240149443,291,7,P
1348,291_P1,0.0,1.458761751127814e-06,0.0,0.0726514631990188,0.0181632304901925,291,7,P
1349,291_SASA,0.0,2.105796569513511e-06,0.0,0.0703917493397241,0.0175984637840734,291,7,P
1350,291_PKB,0.0,0.0001213499696628,0.0,0.4766773194972885,0.1191996673667378,291,7,P
1351,291_MASS,0.0,2.105796569513511e-06,0.0,0.0703917493397241,0.0175984637840734,291,7,P
1352,292_MASS,0.0001084479798575,0.0007433737872147,2.97775636681763e-06,0.0795293447207206,0.0200960360610399,292,7,A
1353,292_SASA,0.0,0.0009204214604804,0.0,0.0127094228092072,0.0034074610674219,292,7,A
1354,292_PKB,0.0038542565251779,0.0046639085173599,0.0056986948475241,0.8255481249353291,0.2099412462063478,292,7,A
1355,293_SASA,0.0,4.492837118833781e-05,0.0053301518782973,0.0562473443630071,0.0154056061531232,293,7,F
1356,293_H2,0.0,7.097039532416217e-05,1.2103436475285891e-08,0.0885892392581492,0.0221650554392274,293,7,F
1357,293_MASS,0.0,7.741524531690858e-06,0.0,0.0343281480811412,0.0085839724014182,293,7,F
1358,293_P1,0.0011065763201955,0.0009859941642645,0.0015549510717391,0.0232882135130701,0.0067339337673173,293,7,F
1359,293_NCI,0.0,1.6570453098808648e-06,9.79485866992036e-06,0.1437410964734234,0.0359381370943508,293,7,F
1360,293_PKB,0.0,1.8617655515220177e-05,0.0,0.12748997035593,0.0318771470028613,293,7,F
1361,294_SASA,0.0,4.435727417992958e-05,0.0,0.1264461573829651,0.0316226286642862,294,7,F
1362,294_P1,0.0,3.1754804376028147e-06,0.0,0.0739955345124263,0.0184996774982159,294,7,F
1363,294_MASS,0.0,4.435727417992958e-05,0.0,0.1264461573829651,0.0316226286642862,294,7,F
1364,294_NCI,0.0,9.069954191502823e-06,2.518406176932331e-07,0.0572975285570342,0.0143267125879608,294,7,F
1365,294_H2,0.0,3.36880328598848e-05,1.859916523017091e-07,0.2191057645659728,0.0547849096476212,294,7,F
1366,294_PKB,0.0,4.561369699930696e-05,0.0002697354066185,0.0123173567398743,0.003158176460873,294,7,F
1367,295_P1,1.907211165187123e-06,1.1234056895220742e-06,0.0,0.109101389082867,0.0272761049249304,295,7,A
1368,295_H2,0.0,6.795984932548306e-06,0.0,0.0949797627503808,0.0237466396838283,295,7,A
1369,295_MASS,0.0,1.2508377781943712e-06,0.0,0.1018624052497249,0.0254659140218757,295,7,A
1370,295_SASA,0.0,5.251108246822118e-05,0.0,0.0490095711387421,0.0122655205553025,295,7,A
1371,295_PKB,0.0,1.1044262856761817e-06,0.0,0.1768474562444263,0.044212140167678,295,7,A
1372,295_NCI,0.0474170518391521,1.2512504401066458e-05,0.0044366298243403,0.2643105020369351,0.0790441740512071,295,7,A
1373,297_H2,0.0,1.3755851895697112e-05,0.0004645510925911,0.1587877780407157,0.0398165212463006,297,7,T
1374,297_NCI,0.0,0.0001520780551575,5.254468760540476e-06,0.1507574655051743,0.037728699507273,297,7,T
1375,297_MASS,0.0,8.20012778672473e-05,0.0,0.0010508198967459,0.0002832052936532,297,7,T
1376,297_P1,0.0,1.1350914445966504e-05,0.0,0.00586009172986,0.0014678606610764,297,7,T
1377,297_SASA,0.0,6.629047852209313e-05,0.0,0.0383482878808406,0.0096036445898406,297,7,T
1378,297_PKB,0.0,0.0001428199148305,1.2228606465214398e-06,0.1970214351961058,0.0492913694928957,297,7,T
1379,298_PKB,0.0,8.073556997366106e-05,5.034484274801798e-05,0.0676765619288904,0.016951910585403,298,7,S
1380,298_NCI,0.0,2.7855383473347813e-05,0.0,0.0451964439895219,0.0113060748432488,298,7,S
1381,298_H2,0.0,0.0001648876523702,0.0003368496254552,0.1616065740095754,0.0405270778218502,298,7,S
1382,298_P1,0.0,0.0003213591682934,0.0,0.0411677194896008,0.0103722696644735,298,7,S
1383,298_SASA,2.676086856055355e-06,7.160875981261527e-05,0.0,0.0076711932234704,0.0019363695175347,298,7,S
1384,298_MASS,6.103138359807077e-05,1.3812321697966625e-05,0.0001604974240763,0.021913369856578,0.0055371777464876,298,7,S
1385,299_PKB,0.0,9.884024732820364e-06,0.0001033476291922,0.1641913940969184,0.0410761564377108,299,7,A
1386,299_MASS,0.0,6.207765050536765e-06,2.259799316561839e-07,0.0064112072595666,0.0016044102511371,299,7,A
1387,299_H2,3.457966777018482e-06,0.0020373189330116,2.5142686354229227e-05,0.0498719051702871,0.0129844561891075,299,7,A
1388,299_NCI,0.0,4.97927457880678e-05,7.35640099946977e-08,0.0521986688127123,0.0130621337806276,299,7,A
1389,299_P1,0.0,0.0022741245950664,0.0,0.0367769590627677,0.0097627709144585,299,7,A
1390,300_PKB,0.0,1.07018426894287e-05,0.0,0.3168874484674188,0.079224537577527,300,7,V
1391,300_MASS,0.0,4.621940904425864e-05,0.0,0.0335158643053508,0.0083905209285987,300,7,V
1392,300_SASA,0.0,2.2300713328002796e-05,0.0,0.0535957785026085,0.0134045198039841,300,7,V
1393,300_P1,0.0,6.166505251858292e-05,3.2729738450143486e-05,0.020508114660611,0.0051506273628949,300,7,V
1394,300_NCI,0.0,7.519704410017327e-06,1.6820367818581872e-06,0.1037680255023167,0.0259443068108771,300,7,V
1395,300_H2,0.0,1.982389314237512e-06,1.4565482331363458e-07,0.0129520870832969,0.0032385537818586,300,7,V
1396,301_MASS,0.0,4.584455009179185e-06,4.2172701796516776e-05,0.0495905658413494,0.0124093307495387,301,7,Y
1397,301_PKB,0.0,7.603972701548286e-05,0.0,0.123581668604692,0.0309144270829268,301,7,Y
1398,301_H2,0.0,6.029701532930798e-05,2.066940218981017e-08,0.0706312444526845,0.017672890534354,301,7,Y
1399,301_NCI,0.0,1.4919451289954077e-05,0.0,0.005773170369985,0.0014470224553187,301,7,Y
1400,301_SASA,0.0,1.2437783556128677e-05,0.0,0.046763204153962,0.0116939104843795,301,7,Y
1401,301_P1,0.0,6.7066437429309374e-06,0.0,0.0013217026755629,0.0003321023298264,301,7,Y
1402,302_H2,0.0,3.3081038429107555e-08,7.376019794946842e-08,0.0343390554174341,0.0085847905646676,302,7,N
1403,302_MASS,0.0,7.163449694465421e-07,2.6413997034069325e-07,0.0160939860438157,0.0040237416321888,302,7,N
1404,302_NCI,0.0,1.7726711318197009e-06,0.0,0.0378635018213132,0.0094663186231112,302,7,N
1405,302_P1,0.0,3.3081038429107555e-08,7.376019794946842e-08,0.0343390554174341,0.0085847905646676,302,7,N
1406,302_SASA,0.0,2.1769383227868823e-05,0.0,0.0101663554458985,0.0025470312072815,302,7,N
1407,302_PKB,0.0,6.335961043604598e-07,0.0,0.1206648556584492,0.0301663723136383,302,7,N
1408,304_PKB,0.0,4.613171470674826e-05,0.0,0.0384133420006875,0.0096148684288485,304,7,V
1409,304_H2,0.0,3.586756827988643e-05,2.573252459114883e-06,0.2040844725973381,0.0510307283545192,304,7,V
1410,304_SASA,0.0,3.159286437059872e-05,1.5957966752466746e-06,0.0017858033526368,0.0004547480034206,304,7,V
1411,304_MASS,0.0,3.159286437059872e-05,1.5957966752466746e-06,0.0017858033526368,0.0004547480034206,304,7,V
1412,305_MASS,0.0001005109626686,4.965764160865867e-06,0.0,0.0201221473148997,0.0050569060104323,305,7,I
1413,305_H2,0.0,1.216862330398079e-05,0.0,0.0533439538859582,0.0133390306273155,305,7,I
1414,305_NCI,6.746630184566243e-06,2.689015628679136e-05,0.0,0.1907032346421871,0.0476842178571646,305,7,I
1415,305_SASA,0.0001005109626686,4.965764160865867e-06,0.0,0.0201221473148997,0.0050569060104323,305,7,I
1416,305_P1,0.0,3.562370843039588e-05,3.978622044087388e-05,0.031291828933065,0.007841809715484,305,7,I
1417,307_P1,0.0,3.284675331847028e-06,0.0,0.0431811226357301,0.0107961018277654,307,7,I
1418,307_H2,0.0,0.0001367694303762,4.470060048333835e-06,0.0951029547214616,0.0238110485529715,307,7,I
1419,307_NCI,0.0,4.00772342624311e-05,4.151062000801176e-07,0.3260078779747531,0.0815120925788039,307,7,I
1420,307_SASA,0.0,6.017614695152816e-05,0.0,0.0342898316195183,0.0085875019416174,307,7,I
1421,307_MASS,0.0,1.978170916934244e-05,0.0,0.0500776008163807,0.0125243456313875,307,7,I
1422,307_PKB,0.0001505061808277,1.6577056111563574e-05,0.0,0.1244705230164437,0.0311594015633457,307,7,I
1423,308_NCI,0.0,5.545427613016004e-06,7.900832315499429e-06,0.0691555105127198,0.017292239193162,308,7,M
1424,308_H2,0.0,3.197892828494446e-05,8.019534288905561e-05,0.0320985599938902,0.008052683566266,308,7,M
1425,308_PKB,0.0,1.8403788953926417e-06,7.347364316956374e-08,0.0449809744224555,0.0112457220687485,308,7,M
1426,309_MASS,3.812965167770128e-05,1.1320056012000824e-05,6.282554750214331e-06,0.0222382297623028,0.0055734905061856,309,CT/EC,M
1427,309_H2,0.0,7.778031666103837e-06,1.551032801216934e-05,0.1013839642886277,0.0253518131620765,309,CT/EC,M
1428,309_SASA,0.0,3.1905689514529938e-06,0.0,0.0338439010199389,0.0084617728972225,309,CT/EC,M
1429,309_P1,0.0,6.483014032156138e-06,0.0,0.0525031357338951,0.0131274046869818,309,CT/EC,M
1430,310_H2,0.0,4.764542679285937e-07,0.0,0.2037100336170159,0.0509276275178209,310,CT/EC,N
1431,310_P1,0.0,7.222186349097546e-07,0.0,0.0842479557270612,0.021062169486424,310,CT/EC,N
1432,310_MASS,0.0,1.925078217135342e-06,0.0,0.004227351175349,0.0010573190633915,310,CT/EC,N
1433,310_PKB,0.0,4.764542679285937e-07,0.0,0.2037100336170159,0.0509276275178209,310,CT/EC,N
1434,310_SASA,0.0,1.925078217135342e-06,0.0,0.004227351175349,0.0010573190633915,310,CT/EC,N
1435,310_NCI,0.0,0.0,0.0,0.0424592091875649,0.0106148022968912,310,CT/EC,N
1436,311_MASS,0.0,4.84778147617481e-07,0.0,0.0147925934425089,0.0036982695551641,311,CT/EC,K
1437,311_P1,0.0,4.852472688853613e-06,0.0,0.0396471480877787,0.0099130001401168,311,CT/EC,K
1438,311_PKB,0.0,1.2239609420885467e-05,0.0,0.0670142232965887,0.0167566157265024,311,CT/EC,K
1439,311_NCI,0.0,1.2239609420885467e-05,0.0,0.0670142232965887,0.0167566157265024,311,CT/EC,K
1440,311_H2,0.0,9.355313890527248e-07,0.0,0.1050391218731448,0.0262600143511334,311,CT/EC,K
1441,312_H2,0.0,1.7823587028945275e-05,0.0,0.1486858528691576,0.0371759191140466,312,CT/EC,Q
1442,312_MASS,0.0,2.086864923447638e-05,0.0,0.0853100884244775,0.0213327392684279,312,CT/EC,Q
1443,313_H2,0.0,2.984352632854524e-06,8.69359695343519e-08,0.0100122566485962,0.0025038319842996,313,CT/EC,F
1444,313_SASA,0.0,1.097266089467552e-06,0.0,0.0999749668317587,0.024994016024462,313,CT/EC,F
1445,313_NCI,0.0,1.097266089467552e-06,0.0,0.0999749668317587,0.024994016024462,313,CT/EC,F
1446,313_MASS,0.0,3.857231345954006e-06,0.0,0.0696607517681014,0.0174161522498618,313,CT/EC,F
1447,313_P1,0.0,2.54281784421177e-06,0.0,0.0259226914529869,0.0064813085677077,313,CT/EC,F
1448,314_PKB,0.0,3.783507899293009e-07,1.2015440233881236e-06,0.0434894222724322,0.0108727505418113,314,CT/EC,R
1449,314_NCI,0.0,2.2425089101437246e-06,0.0,0.009244907243927,0.0023117874382092,314,CT/EC,R
1450,314_H2,0.0,7.334253697335113e-07,2.543447635616758e-06,0.254588012790218,0.0636478224158058,314,CT/EC,R
1451,314_SASA,0.0,7.409880821340858e-07,0.0,0.0094928551849525,0.0023733990432586,314,CT/EC,R
1452,314_P1,0.0,1.1276130512000396e-06,0.0,0.007555679690034,0.0018892018257713,314,CT/EC,R
1453,314_MASS,0.0,2.104851859551055e-06,0.0,0.0152289581285264,0.0038077657450965,314,CT/EC,R
1454,315_MASS,0.0,1.727558771092287e-05,0.0,0.1117214408594017,0.0279346791117781,315,CT/EC,N
1455,315_H2,0.0,5.845435548891272e-06,1.9860137854266213e-06,0.20604534864184,0.0515132950227935,315,CT/EC,N
1456,315_SASA,0.0,1.727558771092287e-05,0.0,0.1117214408594017,0.0279346791117781,315,CT/EC,N
1457,315_NCI,0.0,2.0799513767197512e-05,4.297581597256794e-07,0.0077990445129565,0.0019550684462208,315,CT/EC,N
1458,315_PKB,0.0,1.968652198092832e-06,0.0,0.0158854873070903,0.0039718639898221,315,CT/EC,N
1459,315_P1,0.0,1.0327106301306524e-05,0.0,0.1239778458197129,0.0309970432315035,315,CT/EC,N
1460,316_H2,0.0,2.3988301094276593e-08,0.0,0.0206317208279289,0.0051579362040575,316,CT/EC,C
1461,316_P1,0.0,1.968652198092832e-06,0.0,0.0158854873070903,0.0039718639898221,316,CT/EC,C
1462,316_PKB,0.0,1.968652198092832e-06,0.0,0.0158854873070903,0.0039718639898221,316,CT/EC,C
1463,316_MASS,0.0,1.968652198092832e-06,0.0,0.0158854873070903,0.0039718639898221,316,CT/EC,C
1464,316_SASA,0.0,1.968652198092832e-06,0.0,0.0158854873070903,0.0039718639898221,316,CT/EC,C
1465,316_NCI,0.0,1.968652198092832e-06,0.0,0.0158854873070903,0.0039718639898221,316,CT/EC,C
1466,317_PKB,0.0,3.3963435485024154e-05,0.0,0.0095309023842275,0.0023912164549281,317,CT/EC,M
1467,317_SASA,0.0,2.4572978366090052e-05,0.0,0.0158202873600528,0.0039612150846047,317,CT/EC,M
1468,317_H2,0.0,7.437159331627893e-06,5.755009055974369e-07,0.1200306618243507,0.0300096686211469,317,CT/EC,M
1469,317_P1,3.3050908817707875e-05,1.0358728256117614e-06,0.0,0.0572788082108864,0.0143282237481324,317,CT/EC,M
1470,317_MASS,0.0,8.91166389605092e-06,0.0,0.0120851832860825,0.0030235237374946,317,CT/EC,M
1471,318_MASS,0.0,1.4612122600198e-06,5.946301462245174e-05,0.0740898585033889,0.0185376956825678,318,CT/EC,V
1472,318_NCI,0.0,3.2991665167902925e-05,9.53569880834948e-08,0.2203765350594659,0.0551024055204054,318,CT/EC,V
1473,318_PKB,0.0,6.498013524763679e-06,0.0,0.3372529591997012,0.0843148643033065,318,CT/EC,V
1474,318_H2,0.0,4.0395150576692095e-05,1.1150961654493584e-05,0.1901351015861949,0.0475466619246065,318,CT/EC,V
1475,318_P1,0.0,1.1255360883185036e-05,8.364774828351075e-08,0.0179039550558843,0.0044788235161289,318,CT/EC,V
1476,318_SASA,0.0,3.107771455965463e-06,3.042771083983098e-07,0.0360757151237025,0.0090197817930667,318,CT/EC,V
1477,319_MASS,0.0002026457763519,2.052322188315187e-05,9.786236660147551e-06,0.0943287991866562,0.0236404386053878,319,CT/EC,T
1478,319_SASA,0.0,6.265953569571745e-05,0.0,0.0204583813982,0.0051302602334739,319,CT/EC,T
1479,319_P1,0.0006744115017962,0.0006707783761012,0.0,0.0718626600452609,0.0183019624807896,319,CT/EC,T
1480,319_PKB,0.0006611143898405,5.141197070621839e-05,3.1197185307974e-05,0.1834398409608617,0.0460458911266791,319,CT/EC,T
1481,319_H2,0.0014717947233703,1.4142112239235453e-05,0.0003000511205755,0.0888265186256447,0.0226531266454574,319,CT/EC,T
1482,320_P1,0.0,0.0001120056328471,8.076970630099822e-07,0.1209924043778846,0.0302763044269486,320,CT/EC,T
1483,320_SASA,0.0,8.842812496020782e-05,0.0,0.105052315971723,0.0262851860241708,320,CT/EC,T
1484,320_MASS,0.0,9.770180765829554e-05,0.0,0.0989971733829606,0.0247737187976547,320,CT/EC,T
1485,320_PKB,1.911127222123731e-05,6.949356381088358e-05,2.1200838091317564e-05,0.088687052579652,0.0221992145634438,320,CT/EC,T
1486,320_NCI,0.0,1.4272911316250424e-05,3.7152481979774166e-08,0.0833970768042515,0.0208528467170124,320,CT/EC,T
1487,320_H2,1.556782104679786e-05,4.850534045562406e-05,7.12647452019155e-05,0.0472080913758706,0.0118358573206437,320,CT/EC,T
1488,321_PKB,0.0,2.673480487605162e-06,0.0,0.2290669211325076,0.0572673986532488,321,CT/EC,L
1489,321_SASA,0.0,3.080001500188126e-05,0.0,0.0076693355738701,0.001925033897218,321,CT/EC,L
1490,321_NCI,0.0,3.204784075724218e-05,2.780745376185223e-07,0.1408645099127859,0.0352242089570202,321,CT/EC,L
1491,321_P1,0.0,0.0001658875824741,3.7445101952471305e-07,0.0517716519272706,0.012984478490191,321,CT/EC,L
1492,321_H2,0.0,8.056474116468012e-05,6.369604079736746e-07,0.0985576997750125,0.0246597253691463,321,CT/EC,L
1493,321_MASS,0.0,2.699520182830761e-05,0.0,0.0191575464319759,0.004796135408451,321,CT/EC,L
1494,322_NCI,0.0,1.8914707796469525e-05,2.6734363700597896e-07,0.0520959729883991,0.0130287887599581,322,CT/EC,C
1495,322_P1,0.0,0.0002944620490836,3.70876728084113e-06,0.1589293340454661,0.0398068762154576,322,CT/EC,C
1496,322_H2,0.0,0.0001175807322014,1.230027635301667e-07,0.0973229570824357,0.0243601652043502,322,CT/EC,C
1497,323_H2,0.0037461566158714,0.000597719691593,0.0060164397582411,0.0435977943672017,0.0134895276082268,323,CT/EC,C
1498,323_PKB,0.0,1.0526368040515507e-05,1.5761032727823476e-06,0.1966781859406893,0.0491725721030006,323,CT/EC,C
1499,323_P1,0.0051568436983649,0.0007687490804391,1.9299311588838464e-06,0.177644294134526,0.0458929542111222,323,CT/EC,C
1500,323_SASA,0.0004594003216032,0.0008764870405945,0.0028254999779164,0.3445965737484557,0.0871894902721425,323,CT/EC,C
1501,323_MASS,0.0004594003216032,0.0008764870405945,0.0028254999779164,0.3445965737484557,0.0871894902721425,323,CT/EC,C
1502,323_NCI,0.0,3.7048693438579305e-05,5.427596505569454e-08,0.2756499047936914,0.0689217519407737,323,CT/EC,C
1503,324_H2,0.0003010779582679,7.33373023959475e-05,0.0002589748473837,0.1335827455886478,0.0335540339241738,324,CT/EC,G
1504,324_MASS,0.0,7.026631200664904e-06,0.0,0.0697166625739525,0.0174309223012883,324,CT/EC,G
1505,324_P1,0.0002163968603065,5.689476016313562e-05,7.729203730377776e-07,0.2344339399291406,0.0586770011174958,324,CT/EC,G
1506,324_NCI,0.0007533044345779,0.0014678397215725,1.2487840983510525e-08,0.1812370849460951,0.0458645603975216,324,CT/EC,G
1507,324_SASA,0.0,3.004837170749592e-06,0.0,0.1158261699000298,0.0289572936843001,324,CT/EC,G
1508,325_NCI,0.0002400001070957,0.0001802635931435,1.550034539832268e-05,0.0267543564819809,0.0067975301319046,325,CT/EC,K
1509,325_H2,0.0,5.564128007194731e-05,1.3027298564338707e-06,0.1863885249647023,0.0466113672436576,325,CT/EC,K
1510,325_PKB,0.0,9.191604617394388e-05,2.850491728167981e-05,0.1092046376712082,0.0273312646586659,325,CT/EC,K
1511,325_P1,0.0,2.426406935273534e-05,3.827759792329744e-05,0.1279749045052616,0.0320093615431344,325,CT/EC,K
1512,325_MASS,0.0,0.0001251061813071,3.044551249331562e-06,0.0106367595936941,0.0026912275815626,325,CT/EC,K
1513,326_H2,0.0006522203690054,0.0003233640624264,0.0001749488146742,0.199751054932172,0.0502253970445695,326,CT/EC,N
1514,326_P1,0.0,1.1142257978331662e-05,0.0007052752771414,0.0152580010316177,0.0039936046416843,326,CT/EC,N
1515,326_NCI,0.0,2.8804038377779857e-05,7.605450264236424e-06,0.02087910789741,0.005228879346513,326,CT/EC,N
1516,326_PKB,0.0006935032417114,0.0001896785641087,1.577040393385687e-06,0.1229373250715603,0.0309555209794435,326,CT/EC,N
1517,327_NCI,0.0,7.763487020861969e-05,0.000238970387727,0.1918277452270988,0.0480360876212586,328,CT/EC,D
1518,327_SASA,0.0,2.2571711757148104e-05,7.98939072410576e-06,0.1457108640637526,0.0364353562915584,328,CT/EC,D
1519,327_P1,0.0001411468724934,4.763475422736983e-05,0.0,0.0618629495894211,0.0155129328040354,328,CT/EC,D
1520,327_PKB,0.0,4.088862878468298e-05,2.5275621595710618e-08,0.0014770230664965,0.0003794842427257,328,CT/EC,D
1521,327_H2,0.0,0.0002400287303474,0.0,0.2355317993318458,0.0589429570155483,328,CT/EC,D
1522,328_SASA,0.0001266085008971,7.647022311908266e-05,0.0008310847333632,0.0623443766271627,0.0158446350211355,330,CT/EC,D
1523,328_NCI,0.0,7.878064811334838e-05,0.0005635637789964,0.3701308608822868,0.0926933013273491,330,CT/EC,D
1524,328_P1,0.0,3.734854912972707e-05,0.0004876898892689,0.0213033255106288,0.0054570909872568,330,CT/EC,D
1525,328_H2,0.0,3.937314019736122e-06,0.0,0.0121315975520129,0.0030338837165081,330,CT/EC,D
1526,328_MASS,0.0001266085008971,7.647022311908266e-05,0.0008310847333632,0.0623443766271627,0.0158446350211355,330,CT/EC,D
1527,329_MASS,5.833678686916232e-05,2.876612784258222e-05,3.814922422407108e-07,0.1748228122912574,0.0437275741745528,331,CT/EC,E
1528,329_H2,0.0,1.9556218369708875e-05,4.5540925697196144e-08,0.026758795365078,0.0066945992810933,331,CT/EC,E
1529,329_SASA,5.833678686916232e-05,2.876612784258222e-05,3.814922422407108e-07,0.1748228122912574,0.0437275741745528,331,CT/EC,E
1530,329_NCI,0.0,0.0002049448654936,2.1956543605483603e-06,0.2203835402781453,0.0551476701994998,331,CT/EC,E
1531,329_P1,0.0,2.905151847347292e-05,3.980233032052638e-07,0.0384646780821312,0.0096235319059769,331,CT/EC,E
1532,330_SASA,0.0001518983498836,0.0003456554674935,3.5854603197549295e-07,0.0118425953076684,0.0030851269177693,332,CT/EC,A
1533,330_NCI,0.0011129075154132,0.0021836458584041,2.0600824427674524e-05,0.0949819883069402,0.0245747856262963,332,CT/EC,A
1534,330_H2,0.0002957526267597,6.60721428857756e-05,0.0006626158137805,0.1853120777506632,0.0465841295835223,332,CT/EC,A
1535,330_MASS,0.0001518983498836,0.0003456554674935,3.5854603197549295e-07,0.0118425953076684,0.0030851269177693,332,CT/EC,A
1536,330_P1,0.0,0.0002527513264478,4.3673360039520055e-08,0.0871826898902906,0.0218588712225246,332,CT/EC,A
1537,331_H2,0.0,4.926573408208549e-05,2.7077345293946564e-05,0.1698145742657641,0.042472729336285,333,CT/EC,S
1538,331_SASA,0.0006978444402586,0.0001861977815302,6.70485824230127e-05,0.0602238378804085,0.0152937321711551,333,CT/EC,S
1539,331_MASS,0.0,8.972871127481966e-05,1.077271008398384e-05,0.0137506363732373,0.003462784448649,333,CT/EC,S
1540,331_NCI,0.0,0.0002987595815856,4.42421696789097e-06,0.1469184807724597,0.0368054161427533,333,CT/EC,S
1541,331_P1,0.0,9.230737864903164e-05,5.736302227887791e-06,0.0553151924168673,0.013853309024436,333,CT/EC,S
1542,332_SASA,0.0,1.7732717803162275e-05,3.219225561679196e-07,0.0140120626232219,0.0035075293158953,334,CT/EC,T
1543,332_P1,3.8162721369273714e-05,8.962082453637746e-05,7.21359538147226e-05,0.2252484047315202,0.0563620810578101,334,CT/EC,T
1544,332_MASS,0.0,1.7732717803162275e-05,3.219225561679196e-07,0.0140120626232219,0.0035075293158953,334,CT/EC,T
1545,332_H2,0.0,8.417502171905781e-05,5.261163096292876e-06,0.0764454238972137,0.0191337150205072,334,CT/EC,T
1546,333_P1,0.0,5.60524600009134e-05,1.2246425285411531e-05,0.1110435805798888,0.0277779698662937,NA,NA,-
1547,333_PKB,0.0001850334518119,3.51440182694092e-05,4.662103947339347e-06,0.053711535655936,0.0134840938074911,NA,NA,-
1548,333_NCI,0.000204567946186,1.2926886466370405e-05,1.6888105164980516e-05,0.0514161909459706,0.012912643470947,NA,NA,-
1549,333_H2,0.0,0.0001069359808103,2.317804137419444e-05,0.0397024299781431,0.0099581360000819,NA,NA,-
1550,333_MASS,0.000524125989703,9.688013219882992e-06,5.320452487467264e-07,0.140702559655131,0.0353092264258256,NA,NA,-
1551,334_SASA,0.0003229078505232,7.49044050000198e-05,1.1892499969690109e-05,0.0714891810128063,0.0179747214420748,335,CT/EC,T
1552,334_PKB,4.8056045806714204e-06,0.0001143469401571,2.782225601549726e-05,0.0330911776690316,0.0083095381174462,335,CT/EC,T
1553,334_P1,0.0,8.28528078469053e-05,3.077337532886304e-05,0.1108838158029871,0.0277493604965407,335,CT/EC,T
1554,334_MASS,0.0003229078505232,7.49044050000198e-05,1.1892499969690109e-05,0.0714891810128063,0.0179747214420748,335,CT/EC,T
1555,335_P1,0.0002675834154323,0.0001397231861821,0.0001316364505328,0.0162895316582438,0.0042071186775978,336,CT/EC,V
1556,335_PKB,0.0001702271491954,7.653980654635768e-05,8.65842230268754e-05,0.039689526807891,0.0100057194966649,336,CT/EC,V
1557,335_MASS,0.0,0.0001037968815154,8.709877874935046e-06,0.0761605112850947,0.0190682545111212,336,CT/EC,V
1558,335_SASA,0.0,0.0001037968815154,8.709877874935046e-06,0.0761605112850947,0.0190682545111212,336,CT/EC,V
1559,335_NCI,0.0,0.000101265899641,3.508580266498029e-05,0.0682405806719347,0.0170942330935601,336,CT/EC,V
1560,335_H2,0.0,3.472830136822244e-05,1.035710738506168e-06,0.0859760873320731,0.0215029628360449,336,CT/EC,V
1561,336_PKB,0.0,6.742970701584404e-05,0.0005092406645417,0.0224270221858447,0.0057509231393505,337,CT/EC,S
1562,336_NCI,0.0,0.0002238359076636,4.844143290938518e-07,0.3832680124515045,0.0958730831933743,337,CT/EC,S
1563,336_MASS,0.0003432211294645,0.0001000586619902,0.0002721236669458,0.1031300232778048,0.0259613566840513,337,CT/EC,S
1564,336_SASA,0.0003432211294645,0.0001000586619902,0.0002721236669458,0.1031300232778048,0.0259613566840513,337,CT/EC,S
1565,336_H2,0.0003599365277399,8.055926356526697e-05,0.0002676305011846,0.1972794338090916,0.0494968900253953,337,CT/EC,S
1566,337_SASA,0.0002681129258811,5.411733999779302e-05,0.0019867268856614,0.2400129702236261,0.0605804818437916,338,CT/EC,K
1567,337_P1,0.0001217031860042,0.0002272442310759,0.0001636721281101,0.1281135570519424,0.0321565441492832,338,CT/EC,K
1568,337_H2,1.9439282987080036e-05,0.0001263640134907,1.618856913410127e-05,0.0057130332556023,0.0014687562803035,338,CT/EC,K
1569,338_NCI,0.0004108565630456,9.752359475339868e-05,5.619380317511968e-05,0.0996287007516429,0.0250483186781542,339,CT/EC,T
1570,339_PKB,0.0,1.4319549309287977e-06,0.0,0.1962218554294574,0.049055821846097,340,CT/EC,E
1571,339_NCI,0.0,2.487758585191011e-06,0.0,0.0010638828039119,0.0002665926406242,340,CT/EC,E
1572,339_SASA,0.0,1.4319549309287977e-06,0.0,0.1962218554294574,0.049055821846097,340,CT/EC,E
1573,339_MASS,0.0,1.4319549309287977e-06,0.0,0.1962218554294574,0.049055821846097,340,CT/EC,E
1574,339_P1,0.0,1.4319549309287977e-06,0.0,0.1962218554294574,0.049055821846097,340,CT/EC,E
1575,339_H2,0.0,1.525235727682046e-08,0.0,0.0376935967973038,0.0094234030124152,340,CT/EC,E
1576,340_P1,0.0,3.201036871358764e-06,1.5799914763192646e-06,0.1197866882886605,0.029947867329252,NA,NA,-
1577,340_NCI,0.0,1.0002495823444664e-05,2.153581817765371e-06,0.003200708594535,0.000803216168044,NA,NA,-
1578,340_PKB,0.0,7.468415684966958e-06,1.637007471799734e-07,0.0066770545711103,0.0016711716718856,NA,NA,-
1579,341_NCI,0.0,5.259393443077358e-05,2.0319204850238748e-05,0.0125967884952314,0.0031674254086281,NA,NA,-
1580,341_MASS,0.0,1.7047735247436564e-05,1.0008971912611742e-05,0.1002522947831116,0.0250698378725679,NA,NA,-
1581,341_PKB,0.0,0.0001489512271953,0.0,0.0108793516459356,0.0027570757182827,NA,NA,-
1582,341_SASA,0.0,1.7047735247436564e-05,1.0008971912611742e-05,0.1002522947831116,0.0250698378725679,NA,NA,-
1583,341_H2,0.0,0.0001489874270478,1.793775118130725e-05,0.171901982315222,0.0430172268733628,NA,NA,-
1584,341_P1,0.0,5.367154255018679e-05,8.496658119838685e-05,0.0420651606433988,0.0105509496917868,NA,NA,-
1585,342_H2,0.0,1.699501262622367e-05,1.2990447430638596e-05,0.4556847397202413,0.1139286812950745,NA,NA,-
1586,342_PKB,0.0,8.062557276938243e-05,0.0,0.0037521534048517,0.0009581947444052,NA,NA,-
1587,343_NCI,0.0,3.401904807841012e-05,0.0001849964028224,0.2337879611179092,0.0585017441422025,NA,NA,-
1588,343_H2,0.0002787141379058,8.88437302225042e-05,1.2792750567314217e-05,0.0697906609934031,0.0175427529030247,NA,NA,-
1589,344_H2,0.0,3.551341229762029e-05,3.80861621351869e-07,0.0742735445222457,0.0185773596990411,341,CT/EC,S
1590,344_P1,4.7247735536666144e-05,0.0002627995671764,6.481923628598452e-05,0.2137005871731475,0.0535188634280366,341,CT/EC,S
1591,344_SASA,0.0,0.0001834268878601,4.9192077966608856e-08,0.071129885624452,0.0178283404260975,341,CT/EC,S
1592,344_NCI,0.0,0.0003368029468349,4.841352711082436e-05,0.0861238100235253,0.0216272566243677,341,CT/EC,S
1593,344_PKB,4.946419154646397e-05,4.4243790728850544e-05,4.848154276260175e-05,0.0768949228101866,0.0192592780838061,341,CT/EC,S
1594,344_MASS,0.0,0.0001834268878601,4.9192077966608856e-08,0.071129885624452,0.0178283404260975,341,CT/EC,S
1595,345_NCI,0.0,0.0001137143181023,3.877636345350766e-07,0.0188353862964524,0.0047373720945473,343,CT/EC,Q
1596,345_H2,0.0,6.161273471251297e-06,7.908374755061232e-06,0.1532608582976524,0.0383187319864696,343,CT/EC,Q
1597,345_PKB,0.0,7.977157549992036e-05,2.103451151924673e-06,0.0665620555554537,0.0166609826455263,343,CT/EC,Q
1598,345_P1,0.0,5.715804021371488e-05,0.0018392036436125,0.052770989031762,0.013666837678897,343,CT/EC,Q
1599,346_SASA,0.0001363195692568,0.0002397401218879,0.0,0.0598834057316877,0.0150648663557081,344,CT/EC,V
1600,346_H2,0.0,4.223572182759183e-06,1.86267044455235e-07,0.1984815494387714,0.0496214898194996,344,CT/EC,V
1601,346_PKB,0.0001363195692568,0.0002397401218879,0.0,0.0598834057316877,0.0150648663557081,344,CT/EC,V
1602,346_MASS,0.0001363195692568,0.0002397401218879,0.0,0.0598834057316877,0.0150648663557081,344,CT/EC,V
1603,346_P1,0.0,1.3500018329851478e-05,0.0,0.0597101409484793,0.0149309102417022,344,CT/EC,V
1604,346_NCI,0.0,5.281966645175007e-06,0.0,0.0206595929796254,0.0051662187365676,344,CT/EC,V
1605,347_H2,0.0006220368981349,0.0002099037720103,0.0007212664349935,0.017935748160863,0.0048722388165004,345,CT/EC,A
1606,347_SASA,8.852986531280308e-06,8.719216978401188e-05,0.0,0.0209717128399085,0.0052669394990559,345,CT/EC,A
1607,347_NCI,0.0006090912084336,0.0001339330433273,1.0870393452933058e-05,0.2717250529957807,0.0681197369102486,345,CT/EC,A
1608,347_P1,1.6456253237646903e-05,3.445536659060695e-05,4.673725470638601e-06,0.0787783741978328,0.0197084898857829,345,CT/EC,A
1609,347_MASS,8.852986531280308e-06,8.719216978401188e-05,0.0,0.0209717128399085,0.0052669394990559,345,CT/EC,A
1610,347_PKB,0.0004381381026112,2.7169668097142672e-05,1.355792846879922e-05,0.02352166647234,0.0060001330428793,345,CT/EC,A
1611,348_PKB,0.0,3.498407276484361e-05,3.0711003091710154e-06,0.0180854542699033,0.0045308773607443,346,CT/EC,P
1612,348_SASA,0.0,1.5321406222881696e-05,0.0,0.0019415486222359,0.0004892175071146,346,CT/EC,P
1613,348_P1,0.0,2.023509696365283e-05,1.4007721347297777e-06,0.0953990944156199,0.0238551825711795,346,CT/EC,P
1614,348_MASS,0.0,1.5321406222881696e-05,0.0,0.0019415486222359,0.0004892175071146,346,CT/EC,P
1615,348_NCI,0.0,0.0001001530168992,0.0002492635685484,0.0063509161079997,0.0016750831733618,346,CT/EC,P
1616,349_H2,0.0,2.0959194035902143e-05,4.4370017349137925e-06,0.1357812519288875,0.0339516620311645,347,CT/EC,A
1617,349_SASA,0.0,9.68750753346475e-05,1.977208739845082e-06,0.049567285800505,0.0124165345211448,347,CT/EC,A
1618,349_P1,5.65555321101726e-07,3.194127995599873e-05,9.698370604382944e-07,0.1650608917748587,0.041273592111799,347,CT/EC,A
1619,349_MASS,0.0,9.68750753346475e-05,1.977208739845082e-06,0.049567285800505,0.0124165345211448,347,CT/EC,A
