,R2,MAE,MSE,RMSE,MAPE
rf,0.982544845975409,4.604939299824411,46.10484742970875,6.723730069759924,0.009636259264029579
xgb,0.9819636894764567,4.5200283453106564,46.86165573741378,6.715267120875536,0.009450352535437807
gbr,0.9814932866950006,4.988247653911326,48.58231741001614,6.911962674227107,0.010431939193601837
